unix_timestamp,acc_x,acc_y,acc_z,gyro_x,gyro_y,gyro_z
1790822867.382964,0.0,0.0,0.0,0.0,0.0,0.0
1790822867.4017851,-0.00702,0.00683,-1.00504,0.00389,0.00159,0.00347
1790822867.42492,-0.00733,0.00767,-1.00269,0.00226,0.00833,0.00224
1790822867.4364328,-0.0076,0.00707,-1.00426,0.00115,0.00566,0.00433
1790822867.465909,-0.00635,0.0074,-1.00583,0.00186,0.00383,0.00248
1790822867.470463,-0.00733,0.00758,-1.00553,0.00321,0.00773,0.0022
1790822867.503329,-0.00803,0.0077,-1.00559,0.00051,0.00491,0.00278
1790822867.524262,-0.00754,0.00838,-1.00532,9e-05,0.00514,0.00212
1790822867.5432692,-0.01005,0.00661,-1.00477,0.00057,0.00644,0.00302
1790822867.566893,-0.0083,0.00913,-1.00531,0.00337,0.00529,0.0034
1790822867.5818481,-0.00796,0.00538,-1.00666,0.00261,0.00515,0.00164
1790822867.60219,-0.00935,0.00604,-1.00602,0.00273,0.00344,0.00229
1790822867.62427,-0.00736,0.00936,-1.0043,0.00381,0.00386,0.00206
1790822867.6433752,-0.006,0.0071,-1.00553,-0.00063,0.00255,0.00347
1790822867.662736,-0.00654,0.0076,-1.00733,0.0008,0.00265,0.00254
1790822867.683549,-0.00634,0.00876,-1.00679,0.00472,0.00742,0.00237
1790822867.7015328,-0.00646,0.00621,-1.00543,-0.0022,0.00496,0.0032
1790822867.7260318,-0.00708,0.00733,-1.00422,0.00166,0.00482,-0.00058
1790822867.748959,-0.00796,0.00581,-1.00485,0.00432,0.00511,0.00529
1790822867.762966,-0.00807,0.00731,-1.00467,0.00074,0.00496,0.0025
1790822867.784527,-0.00902,0.0075,-1.00553,0.00124,0.00515,0.00211
1790822867.800169,-0.00902,0.0075,-1.00553,0.00124,0.00515,0.00211
1790822867.8247411,-0.00667,0.00769,-1.00649,0.00323,0.00315,0.0004
1790822867.84312,-0.00613,0.00717,-1.00662,0.00156,0.00469,0.00209
1790822867.869932,-0.00681,0.00673,-1.00652,-0.00097,0.00481,0.00535
1790822867.8835359,-0.0062,0.00649,-1.00724,0.00403,0.00628,0.00921
1790822867.903509,-0.00423,0.01605,-1.00715,-0.00471,-0.00011,-0.0198
1790822867.9233248,-0.00731,-0.00355,-1.00348,0.00484,0.00752,0.01842
1790822867.946877,-0.00762,0.01025,-1.00575,0.00119,0.00632,0.00251
1790822867.983409,-0.00598,0.00933,-1.0059,0.00296,0.00486,-0.00832
1790822867.9959931,-0.0088,0.00706,-1.00672,0.0025,0.00454,0.01531
1790822868.023865,-0.00828,-0.00086,-1.00623,0.00396,0.00428,0.00324
1790822868.043432,-0.00483,0.01848,-1.00566,0.00103,0.00144,-0.00693
1790822868.062742,-0.009,-0.0023,-1.00533,0.0026,0.00281,0.01123
1790822868.0856729,-0.00521,0.01209,-1.00368,0.0037,0.00492,-0.00024
1790822868.097954,-0.00521,0.01209,-1.00368,0.0037,0.00492,-0.00024
1790822868.125082,-0.00683,0.00848,-1.00524,-0.00046,0.00209,0.00093
1790822868.143143,-0.00543,0.01046,-1.00426,0.00207,0.00462,-0.00065
1790822868.156068,-0.00764,0.0052,-1.00559,0.00036,0.00679,0.00314
1790822868.1837041,-0.00719,0.00873,-1.00694,0.00297,0.00869,0.00364
1790822868.2047842,-0.00678,0.00871,-1.0072,0.00078,0.00271,0.00064
1790822868.2239842,-0.00729,0.00405,-1.00506,0.00378,0.005,0.00858
1790822868.256075,-0.00679,0.00917,-1.00412,0.00251,0.00442,0.00102
1790822868.285642,-0.00701,0.00774,-1.00588,0.00067,0.00432,0.00194
1790822868.2998898,-0.00721,0.00674,-1.00776,0.00079,0.00311,0.00376
1790822868.32201,-0.00568,0.00682,-1.00615,0.00184,0.0035,0.00226
1790822868.341831,-0.00603,0.00795,-1.00627,0.00421,0.00285,0.00374
1790822868.351251,-0.00617,0.00619,-1.00349,0.00084,0.00469,0.0031
1790822868.3832068,-0.00746,0.00908,-1.00383,0.00324,0.00456,-0.00052
1790822868.402612,-0.00769,0.00723,-1.00633,-0.00011,0.00508,0.00542
1790822868.420278,-0.01016,0.00649,-1.00663,0.00398,-0.00418,0.00593
1790822868.441793,-0.0004,0.00974,-1.00553,0.00232,0.01236,-0.00112
1790822868.451859,-0.01278,0.00371,-1.00692,0.00297,0.00083,0.00585
1790822868.482667,-0.01345,0.00569,-1.00618,0.00656,-0.00076,0.0039
1790822868.5027509,-0.00082,0.01836,-1.00404,0.00208,0.00612,-0.00122
1790822868.521266,-0.00814,-0.00743,-1.00663,0.0005,0.00512,0.01085
1790822868.5411992,-0.00686,0.01491,-1.00491,0.0016,0.00647,-0.00173
1790822868.5671282,-0.00669,0.01197,-1.00446,0.00257,0.00369,0.0034
1790822868.5731452,-0.00784,-0.00163,-1.00662,0.00101,0.00282,0.0067
1790822868.6012192,-0.00467,0.00866,-1.00624,0.00023,0.00511,-0.00498
1790822868.621772,-0.00884,0.01341,-1.00418,0.00256,0.00483,0.00554
1790822868.641532,-0.00718,0.00941,-1.00764,0.00101,0.0043,-0.00317
1790822868.668243,-0.009,0.00895,-1.00655,-0.00039,0.00295,0.00813
1790822868.684099,-0.00745,0.00393,-1.0084,0.00206,0.00487,0.0038
1790822868.702026,-0.00745,0.00393,-1.0084,0.00206,0.00487,0.0038
1790822868.718775,-0.00826,0.00683,-1.00563,0.00181,0.00557,0.00871
1790822868.7659981,-0.00826,0.00683,-1.00563,0.00181,0.00557,0.00871
1790822868.784128,-0.00338,0.00953,-1.00644,0.00036,0.00398,-0.00152
1790822868.804343,-0.00719,0.00607,-1.00592,0.00251,0.00707,0.0035
1790822868.828008,-0.00634,0.00748,-1.00624,0.00042,0.00582,-0.00075
1790822868.84361,-0.00839,0.00599,-1.00495,0.00446,0.0057,0.00567
1790822868.858033,-0.00848,0.00985,-1.00535,0.00455,0.00454,0.0006
1790822868.885681,-0.00658,0.0079,-1.00558,0.00186,0.00423,0.00271
1790822868.9042718,-0.00675,0.00568,-1.00386,0.00214,0.0036,0.00272
1790822868.927181,-0.00842,0.00859,-1.00378,0.00188,0.00458,0.00311
1790822868.945515,-0.00783,0.00858,-1.00523,0.00052,0.00613,0.00446
1790822868.9647129,-0.00694,0.00494,-1.0065,0.00071,0.00222,0.00229
1790822868.98635,-0.00684,0.00702,-1.00599,0.00336,0.00441,0.0051
1790822869.019943,-0.00668,0.00934,-1.00575,0.00226,0.00116,0.00319
1790822869.0424662,-0.00786,0.00492,-1.0061,-0.00044,0.00599,0.00336
1790822869.0566049,-0.00783,0.00871,-1.0067,0.00277,0.00723,0.00195
1790822869.0833,-0.00667,0.00878,-1.00605,0.00389,0.00396,0.00327
1790822869.102409,-0.00809,0.00527,-1.00672,0.00202,0.00425,0.00515
1790822869.122335,-0.00867,0.00897,-1.00647,0.00436,0.00566,0.00208
1790822869.14133,-0.00886,0.00851,-1.00648,0.00112,0.00359,0.00277
1790822869.161364,-0.00841,0.00649,-1.00666,0.00243,0.00412,0.00163
1790822869.190009,-0.00758,0.007,-1.00471,0.00208,0.00423,0.00407
1790822869.2023401,-0.00689,0.00801,-1.00472,-0.0003,0.00531,0.00136
1790822869.2152698,-0.00781,0.00784,-1.00404,0.00128,0.00494,0.00175
1790822869.260596,-0.00969,0.00704,-1.00649,0.00357,-0.00475,0.00528
1790822869.266516,0.01285,0.0076,-1.00434,0.00246,0.01201,-0.00354
1790822869.282767,-0.00992,0.0055,-1.00778,0.00517,0.00777,0.00813
1790822869.302133,-0.01298,0.01363,-1.0056,-0.00239,0.01017,-0.00047
1790822869.3293319,-0.00134,0.00048,-1.00438,0.00188,0.01796,2e-05
1790822869.358207,-0.02556,0.01067,-1.00749,-0.00574,-0.00552,0.00878
1790822869.383789,-0.02795,-0.0019,-1.00677,0.00067,0.01106,0.00277
1790822869.401172,-0.01265,0.02946,-1.00732,0.00335,0.001,0.00267
1790822869.42728,0.00788,-0.00148,-1.00552,-0.00461,-0.00421,0.00047
1790822869.445326,-0.0284,-0.00614,-1.00847,0.00111,0.00148,0.00279
1790822869.467399,-0.00139,0.03349,-1.00305,-0.00066,0.00085,0.00304
1790822869.481929,0.00326,0.0063,-1.00442,0.0145,0.00425,0.00951
1790822869.503617,-0.01133,0.0056,-1.00731,-0.00831,0.00157,-0.00639
1790822869.522719,0.00133,-0.00986,-1.00339,0.00219,0.00623,-0.0031
1790822869.5440729,-0.00056,0.02636,-1.00473,0.00379,0.00811,0.00541
1790822869.565027,-0.01944,0.00429,-1.00793,0.00113,0.00248,0.01256
1790822869.583306,-0.01297,-0.00099,-1.00709,-0.00273,0.00411,-0.01164
1790822869.61406,-0.0033,0.01533,-1.00412,0.00266,0.00917,0.00416
1790822869.6225102,-0.01455,0.00298,-1.00735,0.00382,0.00603,0.01291
1790822869.654224,-0.01402,0.00704,-1.00809,0.00028,0.00268,-0.00891
1790822869.687979,0.00615,0.01538,-1.00204,0.00975,0.01503,0.00254
1790822869.7011359,-0.03397,-0.00559,-1.00884,0.00047,-0.02714,0.01532
1790822869.724072,-0.01489,-0.00169,-1.00562,0.00193,0.005,-0.00049
1790822869.7430668,0.00796,0.03539,-1.00265,0.00855,0.01455,0.00386
1790822869.7541142,-0.01233,0.00367,-1.00991,0.00224,-0.01425,0.01027
1790822869.791599,0.00291,0.01003,-1.00604,-0.00116,-0.01332,0.01219
1790822869.8238301,0.00291,0.01003,-1.00604,-0.00116,-0.01332,0.01219
1790822869.8469918,-0.02246,-0.01559,-1.01189,0.0055,-0.01163,-0.00885
1790822869.8541272,0.02212,0.03523,-1.00105,0.01126,0.02681,0.00341
1790822869.883404,-0.02495,0.01649,-1.00972,-0.00348,0.00514,0.0095
1790822869.902157,-0.02301,-0.02156,-1.00627,0.00762,0.00132,-0.01023
1790822869.92343,0.00331,0.02683,-1.0025,-0.00201,0.00433,-0.00034
1790822869.9471638,-0.0094,-0.0007,-1.0032,0.00419,0.00433,0.02054
1790822869.966763,-0.01337,0.00648,-1.00709,0.00156,0.00377,-0.00966
1790822869.9843771,-0.0047,0.01026,-1.0048,0.00492,0.00261,0.0005
1790822870.112105,-0.00401,0.00904,-1.00466,0.00469,0.00947,0.01251
1790822870.1150458,-0.00743,-0.00279,-1.0053,0.00137,0.00294,0.00301
1790822870.117982,-0.00344,0.01904,-1.00436,0.00048,0.0028,-0.00961
1790822870.120477,-0.0076,0.00333,-1.00529,0.00429,0.00448,0.01494
1790822870.1220758,-0.00642,0.00396,-1.00854,-0.00045,0.00516,0.00237
1790822870.1432881,-0.01044,0.00527,-1.00486,0.00527,0.00711,0.01351
1790822870.269275,-0.0089,0.00428,-1.00462,0.00256,0.00898,0.00423
1790822870.2761128,-0.00507,0.01312,-1.00741,0.00359,0.00407,-0.00725
1790822870.4067042,-0.01026,0.00789,-1.00458,0.00181,0.00305,0.0026
1790822870.411742,-0.00613,0.00646,-1.00782,0.00407,0.006,0.00606
1790822870.416973,-0.00768,0.00698,-1.00596,0.00353,0.00309,0.00172
1790822870.447384,-0.00793,0.0068,-1.00615,0.00227,0.00293,0.0011
1790822870.511319,-0.00839,0.00888,-1.00732,0.00637,0.00708,0.0046
1790822870.513794,-0.00818,0.00494,-1.00604,0.00116,0.00354,0.00602
1790822870.5188658,-0.00867,0.0088,-1.00544,0.00057,0.00166,0.00526
1790822870.571928,-0.0072,0.00662,-1.00493,0.00238,0.00406,0.00293
1790822870.5758421,-0.00674,0.00701,-1.00673,0.00167,0.00254,0.00211
1790822870.604581,-0.00641,0.00656,-1.00818,0.00115,0.00344,0.00566
1790822870.618059,-0.00633,0.00746,-1.00719,0.00298,0.00773,0.00291
1790822870.751152,-0.00673,0.00668,-1.00613,0.0041,0.00469,0.00501
1790822870.757878,-0.01014,0.00561,-1.00676,0.00316,0.00402,0.00219
1790822870.765495,-0.00848,0.00734,-1.00673,0.00147,0.00381,0.00319
1790822870.781376,-0.00697,0.00807,-1.00749,0.00206,0.00645,0.0023
1790822870.845145,-0.00708,0.00681,-1.00701,0.00266,0.00592,0.00094
1790822870.8648,-0.007,0.0067,-1.0049,0.00239,0.00405,0.00368
1790822870.885002,-0.00731,0.00765,-1.00445,0.00367,0.00448,0.00245
1790822871.024601,-0.00684,0.00758,-1.00664,0.00106,0.00588,0.00239
1790822871.030574,-0.00789,0.00701,-1.00733,-0.00117,0.00761,0.00494
1790822871.034396,-0.00691,0.00882,-1.0062,0.00396,0.0091,0.00078
1790822871.1935139,-0.00762,0.00765,-1.00637,0.00216,0.00529,2e-05
1790822871.2026088,-0.00725,0.00676,-1.00477,0.00077,0.00279,0.00379
1790822871.208201,-0.00595,0.00834,-1.00512,0.00114,0.00288,0.00392
1790822871.2261262,-0.00686,0.00671,-1.00823,0.00304,0.00541,0.00286
1790822871.377923,-0.0091,0.00747,-1.00727,0.00323,0.00421,0.00235
1790822871.381943,-0.00714,0.00823,-1.00452,0.00483,0.00481,0.00292
1790822871.384649,-0.00729,0.00548,-1.00823,0.00087,0.00576,0.00657
1790822871.40512,-0.00683,0.00671,-1.00721,0.00408,0.00552,0.00575
1790822871.542009,-0.00708,0.0086,-1.00649,0.0039,0.00642,-0.00036
1790822871.548726,-0.0061,0.00762,-1.00608,0.00054,0.00547,0.00353
1790822871.5528371,-0.00713,0.00819,-1.00613,0.00128,0.00509,0.00226
1790822871.5779681,-0.00621,0.00745,-1.00791,0.00216,0.00595,0.00267
1790822871.713582,-0.00712,0.0053,-1.00762,0.00044,0.00649,0.005
1790822871.718983,-0.0074,0.00637,-1.00528,0.00259,0.00589,0.00333
1790822871.720154,-0.00836,0.00508,-1.00709,0.00012,0.00508,0.00505
1790822871.7221792,-0.00646,0.00731,-1.00635,0.00477,0.0055,0.00373
1790822871.8396401,-0.00725,0.00759,-1.00649,0.00297,0.00397,0.00084
1790822871.8416908,-0.00769,0.00838,-1.00624,0.00233,0.00505,-0.00089
1790822871.846345,-0.00746,0.00649,-1.00938,0.0043,0.00579,0.00303
1790822871.848243,-0.00787,0.00845,-1.00655,0.00113,0.0053,0.00134
1790822871.854265,-0.00831,0.01035,-1.00755,-0.00026,0.00623,0.00147
1790822871.860928,-0.00831,0.01035,-1.00755,-0.00026,0.00623,0.00147
1790822871.875505,-0.00763,0.00704,-1.00608,0.00051,0.00582,0.00306
1790822872.02213,-0.00582,0.00729,-1.00555,0.00227,0.00351,0.00405
1790822872.026002,-0.00772,0.00731,-1.00833,0.0023,0.00628,0.00224
1790822872.02836,-0.00772,0.00731,-1.00833,0.0023,0.00628,0.00224
1790822872.032439,-0.00687,0.00787,-1.00725,0.00253,0.00257,0.0011
1790822872.041376,-0.00808,0.00693,-1.00558,0.00233,0.00365,0.00432
1790822872.193929,-0.00739,0.00741,-1.00569,0.00206,0.00658,-0.00087
1790822872.1970172,-0.00739,0.00741,-1.00569,0.00206,0.00658,-0.00087
1790822872.1987672,-0.00717,0.00685,-1.00787,0.00282,0.00429,0.00177
1790822872.202762,-0.00746,0.00659,-1.00725,0.00385,0.00594,0.00358
1790822872.205864,-0.0078,0.00924,-1.00818,-0.00039,0.00641,-0.00039
1790822872.225709,-0.00717,0.00632,-1.00723,0.0016,0.00722,0.00396
1790822872.3409832,-0.00723,0.00782,-1.00706,0.00205,0.00251,0.00227
1790822872.3440452,-0.00847,0.00678,-1.00662,0.00468,0.00509,0.00267
1790822872.347431,-0.00662,0.00711,-1.00878,0.00531,0.00324,0.00259
1790822872.362981,-0.00533,0.00844,-1.00748,0.002,0.00253,0.0023
1790822872.383241,-0.0064,0.0076,-1.00776,0.00217,0.00519,0.00379
1790822872.5177379,-0.00786,0.00785,-1.00615,0.00068,0.00202,0.00429
1790822872.520499,-0.00844,0.00837,-1.00671,0.0017,0.00691,0.00138
1790822872.529024,-0.00861,0.00713,-1.00908,0.0022,0.00312,0.00353
1790822872.5324469,-0.00767,0.00733,-1.0074,-0.0007,0.00622,0.00115
1790822872.544524,-0.00763,0.00855,-1.00742,0.00167,0.00651,-0.0012
1790822872.699883,-0.00642,0.00827,-1.00739,0.0046,0.0057,0.00354
1790822872.7066371,-0.00747,0.00776,-1.00713,0.00242,0.00577,0.00447
1790822872.727934,-0.008,0.00785,-1.00575,0.00073,0.00564,0.00234
1790822872.7463832,-0.0086,0.00737,-1.0057,0.00568,0.00689,0.00188
1790822872.765107,-0.00737,0.00811,-1.00564,-0.00025,0.00457,0.00355
1790822872.781677,-0.00743,0.00875,-1.00619,0.00048,0.00449,0.00196
1790822872.8006542,-0.00758,0.0077,-1.00744,-0.00077,0.00323,0.00221
1790822872.8278542,-0.00642,0.00663,-1.00799,0.00211,0.00315,0.00305
1790822872.843868,-0.00547,0.00712,-1.00721,0.00218,0.00365,0.00115
1790822872.862209,-0.0059,0.00698,-1.00618,0.00292,0.00658,0.00304
1790822872.882896,-0.00687,0.00768,-1.00699,0.00173,0.00341,0.00356
1790822872.901035,-0.00709,0.0067,-1.00711,-4e-05,0.00478,-6e-05
1790822872.927881,-0.00743,0.0074,-1.00714,0.00194,0.00609,0.00301
1790822872.944891,-0.00675,0.00766,-1.00515,0.00406,0.00505,0.00404
1790822872.9616241,-0.00736,0.00753,-1.0075,0.00297,0.00758,0.00155
1790822872.9822452,-0.00736,0.00753,-1.0075,0.00297,0.00758,0.00155
1790822873.003772,-0.00857,0.00739,-1.00677,-1e-05,0.00313,0.00115
1790822873.027763,-0.00856,0.00692,-1.00679,0.00373,0.00442,0.0029
1790822873.0427022,-0.00853,0.00734,-1.00761,0.00292,0.00577,0.00263
1790822873.066026,-0.00766,0.00673,-1.00763,0.00354,0.00417,0.0013
1790822873.08213,-0.00778,0.00601,-1.0088,0.00299,0.00511,0.00416
1790822873.100893,-0.00712,0.00711,-1.00854,0.00291,0.00514,0.00287
1790822873.11641,-0.00578,0.007,-1.00856,6e-05,0.00115,0.00441
1790822873.1441789,-0.00524,0.00731,-1.00936,0.00118,0.00659,0.0034
1790822873.1614091,-0.00566,0.00812,-1.00644,0.00153,0.00487,0.00028
1790822873.178185,-0.0057,0.00781,-1.00693,0.00073,0.00637,0.00291
1790822873.203317,-0.00631,0.00659,-1.00829,0.00146,0.00496,0.00247
1790822873.27301,-0.00593,0.00887,-1.00811,0.00202,0.0034,0.00126
1790822873.276358,-0.00924,0.00749,-1.00873,0.00175,0.00593,0.00371
1790822873.3017018,-0.00833,0.00918,-1.00733,0.0003,0.00479,0.0038
1790822873.327811,-0.00854,0.00607,-1.00673,0.00076,0.00375,0.00398
1790822873.336158,-0.00813,0.00729,-1.00915,0.00232,0.00544,0.00122
1790822873.361303,-0.00809,0.00917,-1.00867,-0.00021,0.00567,0.00217
1790822873.37825,-0.0083,0.00686,-1.00748,0.00029,0.00557,0.00258
1790822873.4005508,-0.00646,0.00758,-1.00585,0.00207,0.00448,0.00487
1790822873.4268732,-0.00679,0.0087,-1.00799,-0.00119,0.0033,0.00198
1790822873.435283,-0.00763,0.0061,-1.00777,0.00202,0.00357,0.00449
1790822873.461741,-0.00554,0.00752,-1.00861,0.00292,0.00548,0.00387
1790822873.482283,-0.00608,0.0066,-1.00825,0.00103,0.00445,0.00244
1790822873.502742,-0.00688,0.0062,-1.00816,0.00159,0.00604,0.00281
1790822873.5213702,-0.00801,0.00833,-1.00703,0.00447,0.00528,0.00236
1790822873.5353332,-0.00746,0.00832,-1.00698,0.00161,0.00644,0.00245
1790822873.562145,-0.00761,0.00682,-1.00805,0.00397,0.0062,0.00472
1790822873.585401,-0.00797,0.00811,-1.00842,0.00281,0.00887,0.00449
1790822873.6067882,-0.00794,0.00913,-1.00791,0.00149,0.00442,0.00376
1790822873.6265368,-0.00829,0.00813,-1.00735,0.00198,0.00355,0.00136
1790822873.6387498,-0.00764,0.00707,-1.00763,0.00406,0.00535,0.00416
1790822873.6639822,-0.00733,0.00687,-1.00647,0.00173,0.00763,0.00145
1790822873.6864362,-0.00749,0.00709,-1.00679,0.0038,0.00283,0.00592
1790822873.70337,-0.00699,0.0083,-1.00787,0.0033,0.00499,0.00299
1790822873.728006,-0.0073,0.00818,-1.00899,0.00215,0.00434,0.00455
1790822873.744889,-0.00561,0.00771,-1.00628,0.00169,0.00448,0.00318
1790822873.7623649,-0.00649,0.00583,-1.00567,0.00438,0.00283,0.00783
1790822873.7845151,-0.00706,0.00694,-1.00567,0.00192,0.00511,0.00213
1790822873.803105,-0.00734,0.00886,-1.00587,0.00298,0.00711,0.00155
1790822873.8220448,-0.00822,0.00779,-1.0094,0.00253,0.00635,0.00355
1790822873.845576,-0.00773,0.00775,-1.00998,0.00208,0.00403,0.00447
1790822873.869354,-0.00778,0.00786,-1.00766,0.00095,0.0042,0.00417
1790822873.887616,-0.00738,0.00825,-1.00719,0.00085,0.00688,0.00084
1790822873.9242098,-0.00707,0.00747,-1.00668,0.00109,0.00323,0.00459
1790822873.943199,-0.00707,0.00746,-1.00752,0.00228,0.00734,0.0041
1790822873.962624,-0.00758,0.00817,-1.00759,0.00127,0.007,0.00177
1790822873.981598,-0.00648,0.00722,-1.00791,0.00164,0.00526,0.00495
1790822874.003005,-0.00534,0.00796,-1.00768,0.00031,0.0074,0.00207
1790822874.0208871,-0.0065,0.00754,-1.00759,0.00296,0.00437,0.00156
1790822874.042988,-0.00688,0.00855,-1.00807,0.00041,0.00479,0.00149
1790822874.061812,-0.00603,0.00683,-1.00929,0.0029,0.00668,0.00267
1790822874.0819561,-0.00515,0.00607,-1.00758,0.00176,0.00706,0.00045
1790822874.103654,-0.00619,0.00783,-1.00664,-2e-05,0.006,0.00325
1790822874.121739,-0.00785,0.00837,-1.00627,0.00032,0.00435,0.00059
1790822874.1424708,-0.00784,0.00578,-1.00719,-0.00034,0.00648,0.00437
1790822874.161928,-0.00835,0.00686,-1.00928,0.00323,0.00748,0.00369
1790822874.186816,-0.00844,0.00839,-1.00816,0.00189,0.00445,0.00215
1790822874.204108,-0.00677,0.00854,-1.00692,0.00301,0.00415,0.00317
1790822874.223844,-0.00603,0.00645,-1.00786,0.00066,0.00622,0.00296
1790822874.261513,-0.007,0.00578,-1.00812,0.00237,0.00629,0.00474
1790822874.281636,-0.00694,0.00859,-1.00651,0.00498,0.00764,0.00167
1790822874.3030279,-0.00679,0.00706,-1.007,0.00231,0.00384,0.0032
1790822874.324961,-0.00587,0.00603,-1.00764,0.0002,0.00163,0.00486
1790822874.341103,-0.00648,0.00811,-1.00836,0.00255,0.00454,0.00059
1790822874.364161,-0.00813,0.00764,-1.00799,0.00245,0.00645,0.00283
1790822874.3860328,-0.0084,0.00805,-1.00718,0.00024,0.00497,0.00225
1790822874.397108,-0.00799,0.00895,-1.00601,0.00305,0.00247,-0.00093
1790822874.42855,-0.00936,0.00661,-1.00769,0.00419,0.00471,0.00467
1790822874.441243,-0.00786,0.00895,-1.00877,0.00386,0.00345,0.00437
1790822874.465454,-0.00713,0.0083,-1.00863,0.00411,0.00298,0.00192
1790822874.4861078,-0.00718,0.00697,-1.00879,0.00413,0.00582,0.00292
1790822874.500915,-0.00663,0.00807,-1.0089,0.00135,0.00432,0.00213
1790822874.524317,-0.0067,0.00746,-1.00933,0.00062,0.0048,0.00344
1790822874.54462,-0.00671,0.00692,-1.0089,0.00052,0.00439,0.00408
1790822874.561627,-0.00709,0.00757,-1.00671,0.00286,0.00563,0.00584
1790822874.585252,-0.00803,0.00724,-1.00718,0.00154,0.00611,0.0047
1790822874.6220539,-0.00684,0.00668,-1.00816,0.00318,0.00687,0.00347
1790822874.6366808,-0.00746,0.00791,-1.00809,0.00234,0.00251,0.00382
1790822874.664583,-0.00769,0.00828,-1.00836,0.002,0.00588,0.00277
1790822874.684201,-0.00768,0.00769,-1.00713,0.00087,0.0052,0.00177
1790822874.696563,-0.00744,0.00828,-1.00729,0.00151,0.00837,0.00482
1790822874.721448,-0.00668,0.00641,-1.00807,0.0026,0.00617,0.00399
1790822874.7363882,-0.00678,0.00694,-1.00918,0.00109,0.00503,0.00279
1790822874.766038,-0.00607,0.00737,-1.00851,0.00261,0.00549,0.00307
1790822874.7846348,-0.0062,0.0071,-1.00725,0.00171,0.00371,0.00045
1790822874.797351,-0.00721,0.00677,-1.00662,0.00124,0.003,0.00373
1790822874.822422,-0.00623,0.00785,-1.00787,0.00215,0.00567,0.00104
1790822874.839134,-0.00649,0.00688,-1.00904,0.00344,0.00494,0.00407
1790822874.86114,-0.00768,0.00742,-1.00736,0.00199,0.00604,0.00098
1790822874.8843641,-0.00789,0.00794,-1.00699,0.00216,0.00659,0.00245
1790822874.895566,-0.00808,0.00638,-1.0075,0.0048,0.00473,0.00237
1790822874.924536,-0.00678,0.0088,-1.00802,0.0024,0.00686,0.00249
1790822874.938165,-0.00633,0.00888,-1.0093,0.00577,0.00704,0.00308
1790822874.965163,-0.00807,0.0072,-1.0093,0.00103,0.00575,0.00687
1790822874.986361,-0.00659,0.00803,-1.00789,0.00145,0.00176,0.00176
1790822874.997771,-0.00631,0.00686,-1.00791,0.00163,0.0048,0.00282
1790822875.021847,-0.00831,0.00592,-1.008,0.00207,0.00596,0.00459
1790822875.0442848,-0.00744,0.00918,-1.00813,0.00364,0.00392,0.00236
1790822875.0625112,-0.00749,0.00677,-1.0084,0.001,0.00835,0.00393
1790822875.085291,-0.00615,0.008,-1.00916,0.00155,0.00449,0.00197
1790822875.1005518,-0.00615,0.008,-1.00916,0.00155,0.00449,0.00197
1790822875.1153579,-0.00756,0.00633,-1.00832,0.00213,0.00588,0.00448
1790822875.1460962,-0.00735,0.00798,-1.01027,0.00332,0.00771,0.00324
1790822875.161747,-0.0063,0.00675,-1.00713,0.00469,0.00417,0.00189
1790822875.1892118,-0.00694,0.00719,-1.00663,4e-05,0.00366,0.00263
1790822875.19958,-0.00559,0.00852,-1.00835,0.00391,0.00134,0.0025
1790822875.223186,-0.00526,0.00653,-1.00862,0.00163,0.00231,0.00471
1790822875.242537,-0.00526,0.00653,-1.00862,0.00163,0.00231,0.00471
1790822875.2595682,-0.00746,0.00788,-1.00784,0.00343,0.00679,0.00196
1790822875.286741,-0.00736,0.007,-1.0073,0.00419,0.00466,0.00609
1790822875.30279,-0.00619,0.00836,-1.00767,0.0004,0.0063,0.00323
1790822875.324745,-0.00761,0.00793,-1.00803,0.00128,0.00716,0.00396
1790822875.3615518,-0.00891,0.0065,-1.00871,0.00155,0.00675,0.00525
1790822875.390953,-0.00764,0.00826,-1.00915,0.00187,0.00631,0.00285
1790822875.402278,-0.0078,0.00771,-1.00896,0.00312,0.00682,0.00339
1790822875.42266,-0.0086,0.00703,-1.00854,0.00348,0.00282,0.00278
1790822875.4421172,-0.00743,0.0082,-1.0095,0.00137,0.00428,0.0036
1790822875.4655092,-0.00775,0.0072,-1.00905,0.00029,0.00353,0.00083
1790822875.486068,-0.00781,0.00747,-1.00824,0.001,0.00627,0.00198
1790822875.526847,-0.00768,0.00628,-1.00737,-0.0005,0.00224,0.00275
1790822875.542901,-0.00594,0.00822,-1.00948,-0.00115,0.00443,0.00513
1790822875.557547,-0.00615,0.00725,-1.008,0.00102,0.00443,0.00156
1790822875.584872,-0.0068,0.0092,-1.00832,0.00367,0.00806,0.0008
1790822875.602667,-0.00747,0.00674,-1.00851,0.00153,0.00293,0.0037
1790822875.625228,-0.00631,0.00656,-1.00922,0.00196,0.00482,0.00397
1790822875.641717,-0.0068,0.00792,-1.00879,0.00201,0.00392,0.00306
1790822875.6666508,-0.00718,0.00756,-1.00759,0.00291,0.00434,0.00318
1790822875.701508,-0.00775,0.00715,-1.00723,-0.00086,0.00397,0.00531
1790822875.7238011,-0.00741,0.00762,-1.00847,0.00144,0.00567,0.0026
1790822875.7424,-0.00887,0.00716,-1.00995,0.00284,0.00536,0.0028
1790822875.75925,-0.00713,0.00759,-1.00872,0.00243,0.0044,0.0016
1790822875.784888,-0.00842,0.0062,-1.00706,0.0014,0.00703,0.00346
1790822875.803993,-0.00786,0.00692,-1.0075,0.00245,0.00437,0.00125
1790822875.824245,-0.00576,0.00738,-1.00848,0.00032,0.00574,0.00263
1790822875.843392,-0.00645,0.0081,-1.00896,0.00104,0.00592,0.0037
1790822875.86621,-0.00661,0.0079,-1.00852,-0.0003,0.00439,0.00321
1790822875.900769,-0.00794,0.00659,-1.0077,0.00631,0.00734,0.00297
1790822875.924433,-0.00731,0.00671,-1.00783,0.00327,0.00455,0.00152
1790822875.941895,-0.00606,0.00716,-1.00951,0.00088,0.00405,0.00229
1790822875.962015,-0.00697,0.00656,-1.01006,-0.00135,0.00485,0.0024
1790822875.9846091,-0.00788,0.0067,-1.00685,9e-05,0.00178,0.00109
1790822876.003135,-0.00815,0.00799,-1.00665,0.00028,0.00514,0.00047
1790822876.0244439,-0.00849,0.00692,-1.00984,0.00516,0.00413,0.00219
1790822876.044249,-0.00769,0.00761,-1.00856,0.00129,0.00599,0.00211
1790822876.06307,-0.00693,0.00752,-1.0086,0.00036,0.00255,0.00265
1790822876.085144,-0.00647,0.00718,-1.0079,0.00243,0.00387,0.00358
1790822876.103935,-0.00714,0.00737,-1.00763,0.00221,0.00358,-0.00083
1790822876.125928,-0.0073,0.00723,-1.00818,0.00363,0.00485,0.00439
1790822876.143389,-0.00727,0.00754,-1.00844,0.0004,0.00438,0.00326
1790822876.161039,-0.00734,0.00941,-1.00829,0.00378,0.00581,0.00584
1790822876.1863182,-0.00808,0.00781,-1.00793,0.00125,0.00461,0.00321
1790822876.203959,-0.00706,0.00754,-1.00781,0.00075,0.00397,0.00447
1790822876.2240388,-0.0074,0.00644,-1.00759,0.00295,0.00492,0.00318
1790822876.244763,-0.00785,0.00709,-1.00837,0.00222,0.00576,0.00067
1790822876.265682,-0.00837,0.00729,-1.00875,0.00143,0.00566,0.0051
1790822876.285841,-0.00721,0.00763,-1.00791,0.00398,0.006,0.00341
1790822876.3008482,-0.0071,0.00787,-1.00847,0.0014,0.00467,0.00246
1790822876.343195,-0.00788,0.00755,-1.00835,0.00306,0.004,0.00455
1790822876.357234,-0.00707,0.0077,-1.00764,0.00311,0.00227,0.00392
1790822876.386762,-0.00575,0.00836,-1.00806,0.00116,0.00468,0.00215
1790822876.401393,-0.00681,0.00789,-1.00892,0.00047,0.00417,0.00291
1790822876.4212952,-0.00709,0.00809,-1.00884,0.00124,0.00727,0.0018
1790822876.4413528,-0.00637,0.00719,-1.00829,0.00398,0.00348,-0.00021
1790822876.4575858,-0.00717,0.00618,-1.00698,0.00313,0.00605,0.00329
1790822876.4872162,-0.0084,0.00682,-1.0077,0.00368,0.00518,0.00193
1790822876.5026681,-0.00852,0.00707,-1.00707,0.00246,0.00494,0.00554
1790822876.525268,-0.00825,0.00735,-1.0071,0.00028,0.00713,0.00407
1790822876.5418618,-0.00636,0.00815,-1.00785,0.0024,0.00475,0.00523
1790822876.55518,-0.006,0.00832,-1.00929,0.00081,0.00581,0.00186
1790822876.586278,-0.00679,0.00709,-1.009,-0.00072,0.00674,0.00212
1790822876.6003819,-0.00659,0.00806,-1.0083,0.00115,0.00578,0.00482
1790822876.627693,-0.00486,0.00894,-1.00829,0.00119,0.00611,0.0015
1790822876.6419342,-0.00517,0.00714,-1.0061,0.00165,0.00555,0.00103
1790822876.660821,-0.00734,0.00649,-1.00653,0.00223,0.00693,0.00307
1790822876.687052,-0.00704,0.00886,-1.00847,0.00046,0.00519,0.00277
1790822876.7052858,-0.0078,0.00702,-1.00788,0.00258,0.0067,0.00204
1790822876.7412622,-0.00868,0.00627,-1.0072,0.00176,0.00313,0.00291
1790822876.7609432,-0.01044,0.0075,-1.0064,0.00122,0.00466,0.0029
1790822876.787143,-0.00792,0.00576,-1.00964,0.00166,0.00728,0.00641
1790822876.804149,-0.00564,0.00727,-1.00861,-0.00076,0.00411,0.00224
1790822876.822718,-0.00556,0.00757,-1.0074,-0.00084,0.00373,0.00168
1790822876.84631,-0.00701,0.00705,-1.0076,0.00482,0.00716,0.00338
1790822876.86245,-0.00705,0.00801,-1.00718,0.00122,0.00394,0.00261
1790822876.8854241,-0.00652,0.00861,-1.00878,9e-05,0.00506,0.0024
1790822876.903543,-0.00698,0.00727,-1.00765,0.0017,0.00542,0.00419
1790822876.922001,-0.00773,0.00823,-1.00661,0.00348,0.00521,0.00383
1790822876.940937,-0.00758,0.00882,-1.00781,0.00059,0.00514,0.00259
1790822876.9619358,-0.00775,0.00792,-1.00899,0.00177,0.00402,0.00544
1790822877.0010471,-0.00856,0.00811,-1.00771,0.00194,0.00521,0.00276
1790822877.0222132,-0.00817,0.00759,-1.00647,0.00094,0.00464,0.00426
1790822877.0426471,-0.00672,0.00914,-1.00727,0.00328,0.00704,0.00168
1790822877.062398,-0.00626,0.00562,-1.00567,0.0016,0.00536,0.00238
1790822877.085074,-0.00633,0.00647,-1.00866,0.00157,0.0057,0.00236
1790822877.104851,-0.00576,0.0092,-1.00981,0.00097,0.00387,0.00311
1790822877.1221278,-0.00576,0.0092,-1.00981,0.00097,0.00387,0.00311
1790822877.143232,-0.00827,0.00738,-1.00674,0.0023,0.00369,0.00176
1790822877.1544142,-0.00841,0.00719,-1.00837,0.00395,0.00274,0.00387
1790822877.18434,-0.00891,0.00632,-1.00775,0.00377,0.00247,0.00469
1790822877.205846,-0.00907,0.00766,-1.0074,0.0026,0.00382,0.00369
1790822877.2264051,-0.00774,0.00702,-1.00741,0.00027,0.00651,0.00383
1790822877.245068,-0.00701,0.00592,-1.00808,-0.00085,0.00445,0.00414
1790822877.259007,-0.00718,0.00799,-1.00815,0.00183,0.00467,0.00289
1790822877.290517,-0.00708,0.00644,-1.00781,0.0029,0.00423,0.00395
1790822877.306251,-0.0071,0.00623,-1.00767,-0.00115,0.00617,0.00305
1790822877.343146,-0.00509,0.00751,-1.00921,0.0019,0.00629,0.00085
1790822877.356838,-0.00657,0.00721,-1.00989,0.00304,0.00293,0.00401
1790822877.384532,-0.00772,0.00733,-1.00772,0.00187,0.00509,0.00208
1790822877.402462,-0.00741,0.00736,-1.00703,-0.00044,0.00348,0.00338
1790822877.4202619,-0.00756,0.00748,-1.00723,0.00128,0.00634,0.00298
1790822877.434417,-0.00856,0.00764,-1.00742,0.00335,0.00624,0.00124
1790822877.461359,-0.00835,0.00811,-1.00765,0.00212,0.00654,0.00313
1790822877.4897301,-0.00839,0.00805,-1.00586,0.0024,0.00566,0.00438
1790822877.506264,-0.00732,0.00848,-1.00528,0.00366,0.00467,0.00016
1790822877.519609,-0.00621,0.00862,-1.00696,0.00442,0.0049,0.00168
1790822877.5441,-0.00676,0.00627,-1.00815,0.00311,0.00616,0.00481
1790822877.561996,-0.00738,0.00702,-1.00813,0.0012,0.00418,0.00407
1790822877.584348,-0.00727,0.0071,-1.00881,0.00303,0.00467,0.00344
1790822877.60365,-0.00731,0.00844,-1.00761,0.00123,0.00356,0.00194
1790822877.615951,-0.00731,0.00844,-1.00761,0.00123,0.00356,0.00194
1790822877.649785,-0.00835,0.00743,-1.00809,0.00288,0.00547,0.00092
1790822877.6635258,-0.00837,0.00835,-1.00748,0.00165,0.00499,0.00107
1790822877.688449,-0.0076,0.00618,-1.00663,0.00388,0.0062,0.00324
1790822877.703431,-0.00638,0.00808,-1.00856,0.00039,0.00368,0.00067
1790822877.7192478,-0.00591,0.00813,-1.00876,0.00186,0.00468,0.00265
1790822877.764694,-0.00598,0.00724,-1.00781,0.00339,0.00735,0.00153
1790822877.7836149,-0.00619,0.00754,-1.00834,-0.00035,0.00649,0.00201
1790822877.802989,-0.00789,0.0085,-1.0079,0.00023,0.00502,0.00066
1790822877.823248,-0.00872,0.00797,-1.01042,0.00227,0.0036,0.00414
1790822877.847264,-0.00687,0.00804,-1.00822,0.00134,0.00807,0.00376
1790822877.864119,-0.00761,0.0082,-1.00594,0.00188,0.00909,0.00102
1790822877.8844721,-0.00788,0.00825,-1.00777,0.00437,0.00318,0.00396
1790822877.9033458,-0.00626,0.0079,-1.00624,0.00236,0.0061,0.00303
1790822877.923466,-0.00784,0.00763,-1.00723,0.00312,0.00473,0.00394
1790822877.946593,-0.00779,0.00747,-1.00775,0.00118,0.00481,0.00481
1790822877.9639401,-0.00779,0.00875,-1.00786,0.00231,0.00715,0.00127
1790822877.984014,-0.00909,0.00673,-1.00902,0.0006,0.00548,0.00427
1790822878.025053,-0.00783,0.00726,-1.00752,0.00379,0.00569,0.00394
1790822878.0440052,-0.00581,0.00702,-1.0065,0.0015,0.00546,0.00479
1790822878.059644,-0.00776,0.00681,-1.00671,0.00531,0.00716,0.0044
1790822878.084607,-0.00748,0.00853,-1.00889,0.00347,0.00352,0.0009
1790822878.1025732,-0.00567,0.00723,-1.01029,1e-05,0.00577,0.00241
1790822878.1194031,-0.00693,0.00759,-1.00954,0.0015,0.00452,0.00247
1790822878.1461859,-0.00656,0.00774,-1.0083,0.00194,0.00538,0.00271
1790822878.162097,-0.00758,0.0063,-1.00812,-6e-05,0.00418,-0.00025
1790822878.1829052,-0.0072,0.00705,-1.00676,0.0013,0.00503,0.00225
1790822878.2029922,-0.0072,0.00705,-1.00676,0.0013,0.00503,0.00225
1790822878.223156,-0.00822,0.00648,-1.00535,0.00316,0.00648,0.00486
1790822878.242186,-0.00658,0.00937,-1.00785,0.00345,0.00534,0.00145
1790822878.2617228,-0.00636,0.00693,-1.00745,-0.00036,0.00571,0.00454
1790822878.284346,-0.00642,0.00758,-1.00633,0.00342,0.00522,0.0028
1790822878.321144,-0.00619,0.00752,-1.00812,0.00284,0.00345,0.00245
1790822878.3411899,-0.00705,0.00699,-1.00947,0.00123,0.0023,0.00323
1790822878.361985,-0.00651,0.00799,-1.00901,0.00356,0.00476,0.00161
1790822878.382859,-0.00663,0.00785,-1.00928,-0.00036,0.00366,0.0022
1790822878.401706,-0.00882,0.00627,-1.00768,0.00046,0.00397,0.00521
1790822878.423715,-0.00811,0.0072,-1.00914,-0.00268,0.00393,0.004
1790822878.445716,-0.00827,0.00803,-1.00814,0.00386,0.00298,0.00436
1790822878.4633,-0.00721,0.00886,-1.00734,0.00502,0.00413,0.00073
1790822878.4855921,-0.0067,0.00797,-1.0083,0.00063,0.0029,0.00456
1790822878.5025651,-0.00689,0.00718,-1.0077,0.00204,0.00689,0.00237
1790822878.528969,-0.00675,0.00754,-1.00874,0.00013,0.00606,0.00245
1790822878.5411258,-0.00688,0.00774,-1.00749,0.00304,0.00415,0.00128
1790822878.589303,-0.00661,0.00575,-1.00688,0.0037,0.00387,0.00103
1790822878.6042209,-0.00592,0.00798,-1.00708,0.00339,0.00673,0.00152
1790822878.623469,-0.00723,0.0057,-1.00654,0.00312,0.00674,0.00598
1790822878.641582,-0.00683,0.00898,-1.00779,0.00112,0.0033,0.00173
1790822878.6616662,-0.00732,0.00747,-1.00756,0.00194,0.00478,0.00479
1790822878.685555,-0.00867,0.00652,-1.00703,0.00142,0.00406,0.00284
1790822878.702184,-0.00775,0.00646,-1.00854,0.00052,0.00686,0.00178
1790822878.723113,-0.00834,0.00603,-1.00915,0.00413,0.00768,0.00546
1790822878.747715,-0.0076,0.01043,-1.0086,-0.00227,0.00516,0.00017
1790822878.7649431,-0.00893,0.00664,-1.00897,0.00107,0.00433,0.00472
1790822878.785404,-0.00886,0.00718,-1.00862,-5e-05,0.00737,0.00467
1790822878.805707,-0.00731,0.01108,-1.0073,0.00242,0.00535,9e-05
1790822878.8229692,-0.00615,0.00791,-1.00862,0.00193,0.00771,0.00463
1790822878.8461592,-0.00543,0.00714,-1.00876,0.00045,0.00778,0.00536
1790822878.8845818,-0.00717,0.00893,-1.00788,0.00293,0.0064,0.00085
1790822878.9057019,-0.00834,0.00663,-1.00668,0.00184,0.00487,0.00124
1790822878.915406,-0.0081,0.00782,-1.00812,2e-05,0.00573,0.00444
1790822878.945635,-0.00742,0.00946,-1.00895,0.00219,0.0035,0.00211
1790822878.961557,-0.00781,0.00731,-1.00863,0.0033,0.00706,0.00447
1790822878.9850838,-0.0076,0.00728,-1.00746,0.00274,0.00149,0.00382
1790822879.007296,-0.00828,0.00785,-1.00693,0.00296,0.00613,0.00307
1790822879.017792,-0.00703,0.0077,-1.00787,0.00538,0.00639,0.00358
1790822879.04451,-0.00703,0.0077,-1.00787,0.00538,0.00639,0.00358
1790822879.061353,-0.00704,0.0073,-1.0082,0.00137,0.00465,0.0011
1790822879.077721,-0.00665,0.00723,-1.00696,0.00096,0.0014,0.00482
1790822879.1046321,-0.00573,0.00821,-1.00666,0.00131,0.0058,0.00274
1790822879.1172638,-0.00718,0.00689,-1.01026,0.00211,0.00408,0.00399
1790822879.146695,-0.00684,0.0079,-1.00974,0.00179,0.00659,0.00126
1790822879.164171,-0.00704,0.00777,-1.00952,0.00193,0.00542,0.00337
1790822879.1877499,-0.00729,0.00762,-1.00749,-0.00021,0.00543,0.00491
1790822879.201731,-0.00701,0.00778,-1.00816,0.00315,0.0057,0.00069
1790822879.2221591,-0.00723,0.00776,-1.00763,0.00246,0.00442,0.00225
1790822879.245211,-0.00749,0.0065,-1.00792,0.00122,0.00584,0.00525
1790822879.2768059,-0.00697,0.00864,-1.00811,0.00276,0.00351,0.00041
1790822879.304134,-0.00758,0.00637,-1.00746,0.00229,0.00407,0.00495
1790822879.322953,-0.00817,0.00698,-1.00952,0.003,0.00271,0.00396
1790822879.345902,-0.00711,0.007,-1.00758,-0.00164,0.00559,0.00187
1790822879.363107,-0.00739,0.00786,-1.00766,0.00545,0.00467,0.00085
1790822879.380857,-0.00718,0.00761,-1.00833,0.0003,0.00505,0.00425
1790822879.4020321,-0.00718,0.00724,-1.00693,-0.00024,0.00528,0.00545
1790822879.4231381,-0.00704,0.00713,-1.00754,0.00217,0.0039,0.00464
1790822879.450791,-0.00622,0.00742,-1.00922,0.00213,0.00659,0.00178
1790822879.4632268,-0.00625,0.00732,-1.00885,-0.00076,0.00526,0.00221
1790822879.478831,-0.00826,0.00756,-1.00919,0.00259,0.00419,0.00279
1790822879.5031471,-0.00567,0.00953,-1.00735,0.00162,0.00402,0.00199
1790822879.5244741,-0.00734,0.00657,-1.00578,0.004,0.00136,0.00488
1790822879.546554,-0.00758,0.00656,-1.00821,0.00156,0.00287,0.00447
1790822879.563393,-0.00771,0.00811,-1.00948,-0.00206,0.00606,0.00294
1790822879.582535,-0.00849,0.00617,-1.00875,0.00023,0.00792,0.00492
1790822879.603519,-0.00814,0.00755,-1.00776,9e-05,0.00289,0.0032
1790822879.621687,-0.00766,0.00867,-1.00879,0.00233,0.00556,0.00316
1790822879.645077,-0.00715,0.00665,-1.00898,-0.00088,0.00426,0.00308
1790822879.66305,-0.00684,0.00737,-1.00709,0.00192,0.00357,0.00297
1790822879.683829,-0.00606,0.00803,-1.00586,0.00017,0.00395,0.00235
1790822879.7058308,-0.00584,0.00652,-1.0074,0.00112,0.0069,0.00568
1790822879.723976,-0.00615,0.00755,-1.00934,0.00011,0.0062,0.00095
1790822879.744958,-0.00767,0.00771,-1.00993,0.00091,0.00481,0.00293
1790822879.762305,-0.00757,0.00684,-1.00816,0.00156,0.00504,0.00143
1790822879.7838058,-0.00746,0.00889,-1.00817,0.00129,0.00762,0.00272
1790822879.804186,-0.00865,0.00672,-1.00711,0.00354,0.00566,0.00288
1790822879.823651,-0.00774,0.00817,-1.00799,0.00198,0.00508,0.00168
1790822879.8617952,-0.00701,0.00795,-1.00625,-0.00252,0.00649,0.00296
1790822879.880676,-0.00832,0.00796,-1.00732,0.00366,0.00486,0.00537
1790822879.90313,-0.00684,0.00796,-1.00915,0.00233,0.00536,-0.00027
1790822879.9240582,-0.0081,0.00654,-1.00873,-0.00064,0.00649,0.00271
1790822879.937362,-0.00882,0.00623,-1.0073,0.00161,0.00514,0.00198
1790822879.9635332,-0.00826,0.00755,-1.00914,0.00332,0.00618,0.00104
1790822879.995996,-0.00847,0.00611,-1.00879,0.00176,0.00374,0.00263
1790822880.009892,-0.00672,0.00823,-1.00812,0.00206,0.00655,0.00233
1790822880.046206,-0.00765,0.00769,-1.00663,0.00436,0.00667,0.00454
1790822880.062969,-0.00649,0.00699,-1.00892,0.00228,0.00488,0.00346
1790822880.075474,-0.00623,0.00774,-1.00841,0.00018,0.00617,0.00495
1790822880.103491,-0.00764,0.00849,-1.0071,0.00089,0.00711,-0.00086
1790822880.124112,-0.00854,0.00764,-1.00924,0.00407,0.00622,0.00462
1790822880.1364548,-0.00729,0.00806,-1.0085,0.00045,0.00566,0.00427
1790822880.163666,-0.0074,0.00851,-1.00679,0.00412,0.00444,0.00212
1790822880.179481,-0.01073,0.00606,-1.00796,0.00289,0.00326,0.00371
1790822880.201164,-0.00958,0.00746,-1.00792,-0.00118,0.00336,0.00021
1790822880.22497,-0.00759,0.0076,-1.00886,0.00196,0.00292,0.00371
1790822880.2410262,-0.00762,0.00676,-1.00911,-0.00121,0.00406,0.00578
1790822880.262101,-0.00583,0.00912,-1.00667,0.00166,0.0051,-0.00138
1790822880.280622,-0.0057,0.00726,-1.00692,-0.00191,0.00227,-0.00096
1790822880.30148,-0.00542,0.00628,-1.00805,0.00038,0.00738,0.00368
1790822880.3215392,-0.00542,0.00826,-1.0071,0.00159,0.00506,-0.00053
1790822880.341256,-0.00665,0.00699,-1.00671,-0.0002,0.00668,0.00469
1790822880.361987,-0.00786,0.00571,-1.00728,0.0021,0.00351,0.00212
1790822880.380466,-0.009,0.00793,-1.00905,0.00216,0.00587,0.00429
1790822880.4029608,-0.00827,0.00612,-1.008,0.0013,0.00373,0.00303
1790822880.423316,-0.00909,0.00588,-1.00673,0.00239,0.00866,0.00426
1790822880.4386911,-0.00856,0.00941,-1.00717,0.00383,0.00505,0.00311
1790822880.47963,-0.00695,0.00793,-1.00647,0.00382,0.00511,0.00466
1790822880.5011861,-0.00654,0.00627,-1.00725,0.00184,0.00553,0.00533
1790822880.525772,-0.00595,0.0099,-1.00796,0.00279,0.00593,0.00188
1790822880.540994,-0.00756,0.00718,-1.00761,0.00291,0.00253,0.00254
1790822880.561687,-0.00619,0.00602,-1.00892,0.00192,0.00447,0.00572
1790822880.5797179,-0.00505,0.00876,-1.00823,0.00062,0.00627,0.00104
1790822880.603564,-0.00623,0.00753,-1.00675,0.00351,0.00468,0.00418
1790822880.62195,-0.00726,0.00528,-1.00766,0.00134,0.00674,0.00116
1790822880.638806,-0.00697,0.00812,-1.00748,0.00276,0.00501,0.00116
1790822880.661752,-0.00976,0.00645,-1.00798,0.00042,0.00456,0.00222
1790822880.683736,-0.00888,0.00901,-1.00779,0.00031,0.0054,0.00034
1790822880.704167,-0.00932,0.00717,-1.00867,0.00111,0.00518,0.00514
1790822880.727605,-0.00908,0.00659,-1.00844,-0.00076,0.00441,0.00199
1790822880.7394361,-0.00714,0.00761,-1.00851,0.00586,0.00358,0.00152
1790822880.7628102,-0.00741,0.00763,-1.00739,0.00217,0.00496,0.00339
1790822880.7829041,-0.00644,0.0075,-1.00844,0.00143,0.00417,0.00462
1790822880.8015978,-0.00581,0.00744,-1.00761,-0.00058,0.00381,0.00162
1790822880.8262668,-0.00764,0.00688,-1.0073,0.00089,0.00491,0.00252
1790822880.8654919,-0.00684,0.00813,-1.00818,0.00226,0.00403,0.00394
1790822880.8843389,-0.00728,0.00536,-1.0077,-0.00049,0.0055,0.00729
1790822880.901828,-0.00652,0.00873,-1.00678,-0.00062,0.00524,0.00347
1790822880.9216,-0.00711,0.00725,-1.00753,0.00167,0.00337,0.00247
1790822880.9398441,-0.00823,0.00604,-1.00842,0.00269,0.00488,0.00134
1790822880.9613419,-0.0077,0.00833,-1.00676,0.00149,0.00518,-0.00203
1790822880.983,-0.00756,0.00594,-1.00865,0.00148,0.00562,0.00515
1790822881.001437,-0.00603,0.00892,-1.00886,0.00205,0.00448,0.00084
1790822881.022178,-0.00606,0.00752,-1.00758,-0.00026,0.00501,0.00063
1790822881.0467432,-0.00643,0.00716,-1.00932,0.00342,0.00386,0.00396
1790822881.065514,-0.00626,0.00844,-1.01004,0.00453,0.00234,0.00297
1790822881.078799,-0.00778,0.00785,-1.00815,0.00105,0.00805,0.00479
1790822881.103254,-0.00741,0.00906,-1.00753,0.00376,0.00518,-0.00086
1790822881.127311,-0.00777,0.00801,-1.0091,0.00227,0.00112,0.00425
1790822881.1361222,-0.00696,0.00695,-1.00812,0.00388,0.00481,0.00193
1790822881.16496,-0.00622,0.00815,-1.00682,-0.0001,0.00601,0.00279
1790822881.180949,-0.00703,0.00767,-1.00781,-0.00117,0.00471,0.00253
1790822881.226248,-0.00639,0.00767,-1.0074,0.00077,0.00521,0.0046
1790822881.247374,-0.0069,0.00811,-1.00761,0.00109,0.00411,0.00347
1790822881.2612228,-0.00571,0.00749,-1.00826,0.0036,0.00543,0.00271
1790822881.2820768,-0.00665,0.00702,-1.00875,0.00283,0.00478,0.00415
1790822881.301944,-0.00716,0.00921,-1.00769,0.00088,0.00802,0.00352
1790822881.3211021,-0.00825,0.00592,-1.00779,0.00184,0.00555,0.00397
1790822881.3396008,-0.00838,0.00762,-1.00748,0.00013,0.00482,0.00248
1790822881.3624861,-0.00807,0.00865,-1.00768,0.00547,0.00727,0.00197
1790822881.379949,-0.00858,0.00599,-1.00807,0.00308,0.0059,0.00747
1790822881.405486,-0.00743,0.00733,-1.0073,0.00187,0.00322,0.0025
1790822881.421676,-0.00761,0.00868,-1.00809,0.00339,0.0049,0.00296
1790822881.439775,-0.00715,0.00589,-1.00778,0.00374,0.0041,0.00334
1790822881.482612,-0.00666,0.00875,-1.00705,0.00225,0.00455,0.00299
1790822881.494924,-0.0075,0.00813,-1.00704,0.0027,0.00482,0.00227
1790822881.523356,-0.00686,0.00647,-1.00646,0.0027,0.00705,0.00382
1790822881.538469,-0.00602,0.00768,-1.00693,0.00125,0.00613,0.0016
1790822881.5659761,-0.00783,0.00763,-1.0082,0.00176,0.0056,0.00428
1790822881.580908,-0.00724,0.00789,-1.00831,0.00312,0.00662,0.00537
1790822881.603078,-0.00597,0.00739,-1.0083,0.0014,0.00352,0.0026
1790822881.6242409,-0.00749,0.00755,-1.0071,0.00182,0.00475,0.00466
1790822881.646433,-0.00818,0.00866,-1.00806,0.00123,0.00285,0.00357
1790822881.660512,-0.00798,0.00825,-1.00857,-0.00029,0.00273,0.00482
1790822881.683298,-0.00704,0.00756,-1.00708,0.00076,0.00471,0.00251
1790822881.699824,-0.00624,0.00923,-1.00798,0.00045,0.00467,0.00389
1790822881.7232618,-0.00793,0.0078,-1.00634,0.00269,0.0046,0.0028
1790822881.747231,-0.00793,0.0078,-1.00634,0.00269,0.0046,0.0028
1790822881.766861,-0.00737,0.00624,-1.0083,0.00347,0.00491,0.00371
1790822881.784147,-0.00685,0.00811,-1.00882,-0.0012,0.00597,0.0021
1790822881.7990148,-0.00585,0.00912,-1.00756,0.00088,0.00557,0.00193
1790822881.827243,-0.00656,0.00847,-1.00599,4e-05,0.00537,0.00397
1790822881.8479629,-0.00702,0.00847,-1.00674,0.00086,0.00361,0.00279
1790822881.864643,-0.00866,0.00721,-1.00659,0.00311,0.00487,0.00379
1790822881.884446,-0.00793,0.00703,-1.00714,0.00238,0.00526,0.00244
1790822881.900564,-0.007,0.00785,-1.0082,0.00081,0.00391,0.00171
1790822881.923041,-0.00774,0.00728,-1.00698,0.0037,0.00393,0.00122
1790822881.96642,-0.00775,0.00771,-1.00611,0.00225,0.00536,0.0058
1790822881.977611,-0.007,0.00831,-1.0052,0.00265,0.00326,0.0053
1790822882.001068,-0.00745,0.00688,-1.0066,0.00195,0.00407,0.00415
1790822882.023286,-0.00643,0.00826,-1.00748,-0.00105,0.00261,0.00279
1790822882.043819,-0.00686,0.00816,-1.00777,0.00404,0.00403,0.00277
1790822882.0712209,-0.00611,0.00798,-1.00678,0.00041,0.00433,0.00292
1790822882.0833359,-0.00673,0.00817,-1.00514,0.00243,0.00215,0.00099
1790822882.103552,-0.00741,0.00744,-1.00625,0.00116,0.00414,0.00198
1790822882.122348,-0.00697,0.00764,-1.00658,0.00201,0.00494,0.00269
1790822882.143327,-0.00781,0.00761,-1.0081,0.00257,0.00299,0.00373
1790822882.163829,-0.00757,0.00672,-1.00931,0.00119,0.00535,0.00296
1790822882.181001,-0.00659,0.00857,-1.00798,0.00171,0.00479,0.0041
1790822882.2063859,-0.00705,0.00756,-1.00861,0.00308,0.00395,0.00514
1790822882.25387,-0.008,0.00868,-1.00731,0.00077,0.00296,0.00162
1790822882.2699578,-0.00809,0.00722,-1.00705,0.00018,0.0068,0.00235
1790822882.2953112,-0.00806,0.00824,-1.00619,0.00026,0.00709,0.00292
1790822882.3227909,-0.00763,0.00762,-1.00852,0.00236,0.00604,0.00533
1790822882.347518,-0.00713,0.00762,-1.01039,0.00029,0.00471,0.00061
1790822882.361342,-0.00742,0.00884,-1.00904,-0.00019,0.0046,0.00349
1790822882.3819368,-0.00698,0.00748,-1.00702,0.00129,0.00573,0.00262
1790822882.3969338,-0.00638,0.00813,-1.00808,0.0051,0.0045,0.00093
1790822882.424912,-0.00757,0.00689,-1.00749,0.00074,0.00232,0.00331
1790822882.441615,-0.00733,0.0081,-1.00637,0.00306,0.00414,0.00273
1790822882.462197,-0.00725,0.00728,-1.00827,0.00319,0.00557,0.00412
1790822882.486356,-0.00832,0.00741,-1.00851,0.00355,0.00566,0.00223
1790822882.501332,-0.00714,0.00721,-1.00722,0.00194,0.00573,0.00251
1790822882.521201,-0.00648,0.0068,-1.00682,0.00145,0.00331,0.00395
1790822882.5455282,-0.00693,0.00822,-1.00848,0.00447,0.00421,0.00216
1790822882.563623,-0.00907,0.00611,-1.00672,0.00056,0.00439,0.00313
1790822882.583609,-0.00651,0.0086,-1.00775,0.00154,0.00409,0.00169
1790822882.6026309,-0.00644,0.00818,-1.00765,0.00128,0.00666,0.004
1790822882.629039,-0.00804,0.00728,-1.00735,0.00182,0.00744,0.00374
1790822882.643439,-0.00671,0.0077,-1.00631,0.00042,0.00258,-0.00054
1790822882.662327,-0.00618,0.00751,-1.00792,-0.00097,0.00471,0.00372
1790822882.682326,-0.00587,0.00702,-1.00941,0.00269,0.00389,0.00108
1790822882.708982,-0.00645,0.0087,-1.00903,-0.0004,0.0036,0.00107
1790822882.747042,-0.00683,0.00725,-1.00844,0.00124,0.00513,0.00265
1790822882.767849,-0.00711,0.00592,-1.00721,0.00123,0.00472,0.00407
1790822882.7839282,-0.00671,0.00771,-1.00787,0.00336,0.00633,0.00113
1790822882.797548,-0.0071,0.00747,-1.0092,0.00322,0.00549,-0.00016
1790822882.821525,-0.00711,0.00689,-1.00964,0.00244,0.00698,0.00345
1790822882.852405,-0.00637,0.00751,-1.00736,0.00249,0.00523,0.00214
1790822882.880629,-0.00563,0.00775,-1.00576,0.00194,0.00385,0.003
1790822882.896192,-0.00762,0.00705,-1.00749,0.00234,0.00733,0.00253
1790822882.9223301,-0.00863,0.00784,-1.00641,0.00014,0.00671,0.00073
1790822882.946651,-0.00738,0.00689,-1.00636,0.00262,0.005,0.00372
1790822882.963455,-0.00709,0.00757,-1.00818,0.0024,0.00468,-0.00016
1790822882.983168,-0.00709,0.00874,-1.00878,0.00501,0.00344,-0.00055
1790822882.997359,-0.00659,0.00723,-1.007,0.00255,0.00418,0.00267
1790822883.0239801,-0.0051,0.00751,-1.00834,-0.00079,0.00871,0.00341
1790822883.04458,-0.00681,0.00681,-1.00808,-0.0017,0.00582,0.00247
1790822883.0524569,-0.00809,0.00674,-1.0069,0.00222,0.00421,0.00528
1790822883.083675,-0.00652,0.0075,-1.00772,0.00292,0.00537,0.00294
1790822883.1053472,-0.00597,0.00696,-1.00818,0.00292,0.00738,0.00254
1790822883.1219368,-0.00719,0.00884,-1.00662,0.00223,0.00289,0.00171
1790822883.1453812,-0.00714,0.00802,-1.00689,0.0032,0.00556,0.00067
1790822883.15761,-0.00834,0.00759,-1.00768,0.00092,0.00515,-8e-05
1790822883.183829,-0.00761,0.00917,-1.00805,0.00433,0.00351,0.00146
1790822883.2055302,-0.0076,0.00772,-1.00825,-0.00017,0.0026,0.00788
1790822883.22392,-0.00773,0.00886,-1.0074,0.00144,0.00338,0.00536
1790822883.264083,-0.00837,0.0046,-1.00885,0.00293,0.00409,0.0065
1790822883.2867358,-0.00653,0.00778,-1.00834,-0.0016,0.00673,0.00142
1790822883.304988,-0.00523,0.00976,-1.00749,0.00193,0.00524,-0.00065
1790822883.3233411,-0.00761,0.00593,-1.00717,0.00413,0.00322,0.00938
1790822883.343456,-0.0061,0.01041,-1.0078,-0.00079,0.00574,0.00145
1790822883.38303,-0.00567,0.00845,-1.00785,0.00451,0.00212,0.00124
1790822883.4051158,-0.00796,0.00579,-1.00898,0.00206,0.00557,0.00595
1790822883.42329,-0.00663,0.0081,-1.00778,0.00381,0.00366,0.00215
1790822883.441919,-0.00699,0.00863,-1.00828,0.00333,0.00658,0.00119
1790822883.46353,-0.00849,0.0062,-1.00916,0.00323,0.00291,0.00237
1790822883.48224,-0.00838,0.0101,-1.00695,-0.00033,0.00574,0.00188
1790822883.505246,-0.00647,0.00672,-1.00842,-0.00067,0.00547,0.00376
1790822883.523741,-0.00582,0.00888,-1.00718,0.00302,0.00395,0.00339
1790822883.54272,-0.00629,0.0058,-1.0064,0.00209,0.00316,0.00419
1790822883.556164,-0.00567,0.0059,-1.00939,0.00018,0.00401,0.00184
1790822883.5841122,-0.00631,0.00711,-1.00866,-0.0002,0.00567,0.00419
1790822883.604979,-0.00745,0.00585,-1.00735,0.00038,0.00583,0.0063
1790822883.621971,-0.00779,0.00773,-1.00734,0.00294,0.005,0.00102
1790822883.6435142,-0.00883,0.0083,-1.00639,0.00042,0.00531,0.00092
1790822883.656496,-0.00917,0.00696,-1.00695,0.00402,0.00466,0.0017
1790822883.683159,-0.00852,0.00685,-1.00626,0.00105,0.00562,0.00102
1790822883.7027571,-0.00814,0.00597,-1.00634,0.00473,0.00375,0.00137
1790822883.724652,-0.00738,0.00695,-1.00797,0.00044,0.00297,0.0046
1790822883.757418,-0.00753,0.00884,-1.00895,7e-05,0.00388,0.00121
1790822883.781825,-0.00763,0.00766,-1.00809,-0.00139,0.00463,0.00386
1790822883.8010309,-0.0073,0.00739,-1.00732,-0.00134,0.0052,0.00352
1790822883.82324,-0.00719,0.00792,-1.00598,0.0006,0.00332,0.00133
1790822883.842666,-0.00744,0.00638,-1.00688,0.00283,0.00703,0.0012
1790822883.863939,-0.00673,0.00703,-1.00771,0.00176,0.00604,0.00334
1790822883.885029,-0.00666,0.00837,-1.00838,0.00136,0.00425,0.00302
1790822883.904044,-0.00818,0.00618,-1.00778,-8e-05,0.00252,0.00431
1790822883.921751,-0.00799,0.00721,-1.00722,0.00236,0.00354,0.00025
1790822883.944053,-0.00825,0.00678,-1.00724,-0.00048,0.00726,0.00705
1790822883.956668,-0.008,0.00777,-1.00659,0.00112,0.00536,0.00288
1790822883.981791,-0.00699,0.00846,-1.00842,0.00236,0.00302,-0.00082
1790822884.006721,-0.0081,0.0067,-1.00839,0.00399,0.00331,0.00473
1790822884.022517,-0.00611,0.00755,-1.00819,0.00273,0.00278,0.00252
1790822884.0412831,-0.00617,0.00733,-1.00813,0.00119,0.00713,0.0025
1790822884.0619159,-0.00669,0.00479,-1.00754,0.00435,0.00472,0.00386
1790822884.0817091,-0.0067,0.00754,-1.00767,0.00323,0.00357,0.00318
1790822884.104403,-0.00736,0.00686,-1.01033,0.00179,0.00582,0.00222
1790822884.1289809,-0.00705,0.00659,-1.00736,0.00384,0.00486,0.00581
1790822884.1454341,-0.0058,0.00797,-1.00611,0.00476,0.00633,0.00149
1790822884.1607838,-0.00629,0.00846,-1.00761,0.00046,0.00504,0.00264
1790822884.182726,-0.00838,0.00486,-1.0059,0.00264,0.00242,0.00448
1790822884.206532,-0.00647,0.00971,-1.00762,0.00203,0.00601,0.00265
1790822884.227645,-0.00575,0.00766,-1.00665,0.00137,0.00594,-0.00091
1790822884.262089,-0.00711,0.0054,-1.00825,-0.00187,0.00631,0.00503
1790822884.2864141,-0.00655,0.00935,-1.00888,0.00303,0.00363,0.00041
1790822884.310176,-0.00707,0.00828,-1.00725,0.0026,0.00425,0.00214
1790822884.32177,-0.00778,0.00546,-1.00699,0.00427,0.00552,0.00404
1790822884.342141,-0.00692,0.00871,-1.00656,0.0021,0.00504,0.00238
1790822884.36287,-0.00782,0.00773,-1.00721,0.00334,0.00669,0.00423
1790822884.400068,-0.00703,0.00631,-1.00834,0.00332,0.00097,0.00367
1790822884.403877,-0.00711,0.00799,-1.00775,0.00231,0.00528,0.00172
1790822884.425117,-0.00769,0.00776,-1.00639,-1e-05,0.00379,0.0027
1790822884.4443781,-0.00644,0.0078,-1.00845,0.00102,0.0039,-0.00062
1790822884.461098,-0.00817,0.00609,-1.00972,0.00111,0.00424,0.00519
1790822884.486379,-0.00746,0.00767,-1.00571,-0.00077,0.00262,0.00114
1790822884.51162,-0.00791,0.00859,-1.00618,0.00054,0.00487,0.00159
1790822884.542345,-0.00736,0.00556,-1.00829,-0.0027,0.00607,0.00381
1790822884.553128,-0.00436,0.00757,-1.00845,0.00092,0.0048,0.00135
1790822884.58237,-0.006,0.00848,-1.01055,-0.00063,0.00792,0.00327
1790822884.604013,-0.00768,0.00424,-1.00969,0.00033,0.00555,0.003
1790822884.6209018,-0.00586,0.00836,-1.00794,0.00282,0.00539,0.00152
1790822884.644438,-0.00875,0.00565,-1.0084,0.00261,0.00421,0.00101
1790822884.6534688,-0.00838,0.00692,-1.00793,0.00091,0.00648,0.00027
1790822884.72495,-0.00615,0.0086,-1.00817,0.00247,0.00572,-8e-05
1790822884.73047,-0.00775,0.0069,-1.00813,0.00199,-0.00033,0.00398
1790822884.741167,-0.00725,0.00843,-1.00857,0.00526,0.00341,0.00345
1790822884.815416,-0.00566,0.00765,-1.00901,0.00321,0.00679,0.00214
1790822884.8305228,-0.00639,0.00736,-1.00803,0.00278,0.0041,0.00228
1790822884.8433821,-0.00728,0.0078,-1.00873,0.00255,0.005,0.00179
1790822884.9471161,-0.00674,0.00787,-1.00764,0.00131,0.00477,0.00186
1790822884.94964,-0.0078,0.00652,-1.00797,0.00246,0.00442,0.00551
1790822884.959519,-0.00787,0.00808,-1.00666,0.00203,0.00542,0.00237
1790822885.007379,-0.00725,0.00763,-1.00729,0.00189,0.0045,0.00481
1790822885.143668,-0.00665,0.00815,-1.00897,0.00251,0.00513,0.00462
1790822885.152341,-0.0056,0.00655,-1.00833,0.00031,0.00605,0.00109
1790822885.163913,-0.00569,0.00732,-1.00752,0.00115,0.00583,0.00355
1790822885.183132,-0.0066,0.00817,-1.00686,0.00158,0.00127,0.00312
1790822885.316291,-0.00755,0.00716,-1.00742,0.0006,0.00555,0.00315
1790822885.327301,-0.00845,0.00681,-1.00843,0.00054,0.00173,0.00232
1790822885.332762,-0.00747,0.00781,-1.00802,-0.00092,0.00498,0.00164
1790822885.37794,-0.00709,0.0081,-1.00728,0.00327,0.00455,0.00069
1790822885.380748,-0.00763,0.00683,-1.00741,0.00244,0.00494,0.00029
1790822885.385219,-0.00928,0.00535,-1.00722,0.0007,0.00547,0.00334
1790822885.4082618,-0.00751,0.00891,-1.00739,0.00285,0.00405,3e-05
1790822885.419717,-0.0077,0.00706,-1.00677,-6e-05,0.00533,0.00449
1790822885.556381,-0.00775,0.00797,-1.00596,0.00082,0.00421,0.0004
1790822885.558676,-0.00676,0.00851,-1.0067,0.00054,0.00094,0.00326
1790822885.5626938,-0.00717,0.00691,-1.0086,0.00175,0.00628,0.00348
1790822885.5654101,-0.00789,0.00969,-1.0057,-0.00011,0.00531,-0.001
1790822885.586151,-0.00748,0.0063,-1.0052,0.00128,0.00554,0.00339
1790822885.689705,-0.00714,0.00588,-1.00757,0.0034,0.00392,0.00257
1790822885.6917279,-0.00767,0.0097,-1.00873,0.003,0.00537,0.00189
1790822885.693718,-0.00698,0.00709,-1.00632,0.00097,0.00372,0.00158
1790822885.6969311,-0.00716,0.00725,-1.00734,-0.00012,0.00543,0.0016
1790822885.8465412,-0.00697,0.00497,-1.00838,0.00152,0.0066,0.00534
1790822885.850244,-0.00613,0.00847,-1.00715,0.00188,0.00831,0.00203
1790822885.855884,-0.01417,-0.00914,-1.00749,3e-05,-0.00051,0.06052
1790822885.8844311,-0.00691,0.02489,-1.00194,0.01966,0.00561,0.40992
1790822885.948802,-0.00673,0.00608,-1.00916,0.02466,0.01339,0.44713
1790822885.961985,0.01503,0.01403,-1.01057,-0.00086,-0.00733,0.44385
1790822885.983572,0.01484,0.00349,-1.00821,0.00264,0.00148,0.46784
1790822886.121671,0.00776,0.01315,-1.00939,0.00688,-0.01377,0.47012
1790822886.12993,0.00542,-0.02069,-1.00648,-0.00164,0.00821,0.48722
1790822886.1465,-0.00735,-0.00263,-1.00792,-0.0071,-0.00649,0.52018
1790822886.279077,-0.01041,0.00952,-1.00203,0.02421,0.00877,0.49107
1790822886.282228,-0.03861,-0.02235,-1.00117,0.02237,0.01018,0.50767
1790822886.286299,-0.02506,-0.00929,-1.02486,-0.00785,0.00457,0.51742
1790822886.288811,-0.01046,0.01467,-1.00789,0.00083,-0.01182,0.49746
1790822886.2972019,-0.01942,0.00906,-1.00945,-0.00159,-0.02031,0.52801
1790822886.3175611,-0.0057,0.02233,-1.01049,0.00835,-0.00198,0.49993
1790822886.372183,0.01195,0.03894,-1.00926,-0.00153,-0.00813,0.47978
1790822886.374086,-0.02201,-0.03647,-1.00899,-0.00849,0.00213,0.13738
1790822886.4045,-0.03657,-0.02319,-1.00911,0.001,-0.00191,0.08242
1790822886.486754,-0.03657,-0.02319,-1.00911,0.001,-0.00191,0.08242
1790822886.4941509,-0.01613,0.00644,-1.00784,-0.00063,0.01298,0.04
1790822886.504081,-0.00594,-0.02808,-1.01077,-0.00434,0.00828,0.0451
1790822886.644924,-0.00209,-0.0108,-1.00849,0.00246,0.00829,0.05405
1790822886.649112,0.00515,0.03933,-1.00566,0.00342,0.00701,-0.03362
1790822886.6511848,-0.00536,0.00104,-1.00762,-0.00073,0.00501,-0.02102
1790822886.657962,-0.00438,0.02603,-1.00681,0.00575,0.00481,0.0019
1790822886.681191,-0.00099,0.02469,-1.00622,0.00236,0.00763,-0.03664
1790822886.823852,-0.01576,-0.00904,-1.00692,0.00342,0.00301,0.03729
1790822886.825022,-0.01657,-0.01798,-1.0092,0.00516,0.00435,0.02706
1790822886.8436322,-0.00656,0.0211,-1.0081,0.00264,0.00353,-0.00695
1790822886.863741,-0.01952,-0.02256,-1.00971,0.00442,0.00491,0.03768
1790822886.914277,0.03036,0.12125,-1.00994,0.00027,-0.02028,-0.30272
1790822886.917407,0.12058,0.32561,-0.97753,0.0189,0.03557,-0.93452
1790822887.068065,-0.03445,-0.08684,-1.01977,0.01519,0.03007,-0.94494
1790822887.0746949,0.0249,0.0258,-0.98917,0.00845,0.0151,-0.89789
1790822887.108076,0.01244,0.01643,-1.0165,-0.00867,0.0281,-0.97262
1790822887.238532,0.00232,0.02294,-1.0064,0.01147,0.02057,-1.0124
1790822887.245534,0.00345,-0.01674,-1.02441,-0.02273,-0.01102,-0.99876
1790822887.250456,-0.07608,-0.18141,-0.98826,-0.00033,0.01829,-0.51442
1790822887.25317,0.01492,0.06984,-1.01176,0.00584,-0.00732,-0.46545
1790822887.2614741,0.01512,0.04293,-1.00665,0.01248,0.00923,-0.66194
1790822887.285345,-0.0007,0.029,-1.007,0.01401,0.01342,-0.67863
1790822887.330334,-0.02417,-0.00079,-1.01084,-0.01575,0.00862,-0.64102
1790822887.342933,-0.06234,-0.12242,-1.00645,0.00011,0.00214,-0.34158
1790822887.475359,-0.01007,-0.0399,-1.00596,0.00164,0.00886,-0.28327
1790822887.508683,0.01202,0.01038,-1.00636,0.00444,0.00276,-0.31855
1790822887.626842,0.01255,0.02535,-1.00669,0.00173,0.00014,-0.33744
1790822887.630708,-0.00619,-0.0033,-1.00468,-0.00884,-0.00319,-0.27355
1790822887.6351218,-0.09232,-0.23921,-1.01532,-0.01215,0.0186,0.63127
1790822887.764595,0.00022,0.04259,-1.00104,0.01181,0.02383,0.3538
1790822887.768407,-0.00992,0.0359,-1.00495,0.01571,0.00171,0.3304
1790822887.774925,-0.02565,-0.03183,-1.00934,0.00036,0.0043,0.40112
1790822887.7858691,-0.00272,0.01065,-1.01268,-0.00506,0.00207,0.41751
1790822887.801253,0.00306,-0.0392,-1.00623,-0.0034,0.00678,0.43473
1790822887.940675,-0.00111,-0.01329,-1.01128,0.00142,0.00171,0.54991
1790822887.9504,-0.03415,-0.04381,-1.00904,0.00407,0.00228,0.24336
1790822887.964885,-0.01771,-0.00181,-1.00859,-0.0012,-0.0021,0.27121
1790822887.977034,-0.01617,0.01128,-1.00628,0.00416,0.00366,0.26989
1790822888.082232,-0.01832,0.01593,-1.00587,0.00553,0.00901,0.25
1790822888.08483,-0.02155,0.00894,-1.00724,0.00929,0.01246,0.25005
1790822888.088636,-0.01926,-0.01045,-1.00751,0.00508,0.00629,0.02044
1790822888.093604,-0.00895,0.02521,-1.00799,0.00168,0.00749,0.00269
1790822888.122787,-0.0116,0.00226,-1.0078,0.00447,0.00893,0.02669
1790822888.264927,-0.00292,-0.003,-1.00649,0.00955,0.0099,0.03855
1790822888.283199,0.00242,0.01586,-1.0071,-0.00197,0.00484,-0.02038
1790822888.3510149,0.00077,0.00332,-1.00841,0.00027,0.00861,0.0131
1790822888.354754,-0.00858,-0.0148,-1.00776,0.00614,0.00302,0.00027
1790822888.3842518,0.00186,0.02635,-1.00992,0.00189,0.00605,-0.02853
1790822888.530725,-0.00625,0.00508,-1.0067,0.00231,0.00208,-0.02396
1790822888.5424151,-0.00963,-0.00315,-1.00923,0.00077,0.00312,-0.02188
1790822888.5488808,-0.01041,0.00967,-1.00929,-0.00168,0.00249,-0.09543
1790822888.565493,-0.01343,0.00205,-1.00739,-0.00192,0.00583,-0.09534
1790822888.707884,-0.01626,0.00066,-1.00651,-0.00264,0.00312,-0.09414
1790822888.7110898,-0.01267,0.01534,-1.00881,0.00244,0.00514,-0.03354
1790822888.7140422,9e-05,0.01678,-1.00875,-0.00253,0.00768,-0.09987
1790822888.7175329,-0.00062,0.00895,-1.00902,0.0013,0.00289,-0.1195
1790822888.877385,-0.03774,-0.03414,-1.00539,0.00686,0.00809,-0.00024
1790822888.879678,-0.01042,0.026,-1.00946,0.00489,0.00685,-0.05885
1790822888.8855171,-0.02916,-0.03695,-1.00619,0.00497,0.00958,-0.00362
1790822888.888642,-0.0159,-0.00129,-1.0073,0.00954,0.00332,-0.01258
1790822888.905112,0.0002,0.01678,-1.00898,0.00418,0.00831,-0.05875
1790822889.0559769,-0.0242,-0.04912,-1.00394,0.00563,0.0085,0.01952
1790822889.059409,0.01661,0.04202,-1.01102,0.00304,-0.00081,-0.11519
1790822889.063245,-0.00992,0.0249,-1.01002,0.00407,0.00029,-0.08672
1790822889.066699,-0.01691,0.02251,-1.0067,0.00714,0.00283,-0.09055
1790822889.0828679,-0.00938,0.03341,-1.00964,0.00446,-0.00059,-0.12027
1790822889.2361028,-0.01899,-0.00257,-1.00648,0.00535,0.0068,-0.06613
1790822889.248022,0.00453,0.03117,-1.00972,-0.00622,0.00127,-0.10778
1790822889.2500532,0.00861,0.02207,-1.01039,-0.00766,0.00241,-0.13319
1790822889.254276,0.01171,0.01145,-1.01028,-0.0052,0.00941,-0.08464
1790822889.258639,0.02044,0.01066,-1.01024,-0.00201,0.00408,-0.10328
1790822889.349741,0.00961,-0.0111,-1.00941,0.00458,0.00455,-0.07135
1790822889.3545222,0.01381,-0.01137,-1.00841,0.00179,0.00446,-0.03651
1790822889.363749,-0.00082,0.02825,-1.00779,0.00506,0.00523,-0.03343
1790822889.3811,-0.00668,0.00551,-1.00817,0.0018,0.00597,0.01757
1790822889.526537,-0.00822,-0.01225,-1.00624,0.00141,0.00093,0.00192
1790822889.5303848,-0.01256,-0.01166,-1.00636,0.00535,0.00569,0.03328
1790822889.5332448,-0.0062,0.0017,-1.00917,0.00245,0.00597,0.01513
1790822889.53513,-0.0108,-0.00455,-1.007,0.00536,0.00347,0.00605
1790822889.566167,-0.00306,0.01746,-1.00951,0.00103,0.00545,-0.03063
1790822889.703634,-0.00076,0.0239,-1.00997,0.0014,0.00304,-0.01749
1790822889.707198,-0.01594,-0.01639,-1.00754,0.00545,0.00569,0.0372
1790822889.7189271,-0.00279,0.02114,-1.00864,0.00115,0.00697,-0.0084
1790822889.741146,-0.01555,-0.01613,-1.005,0.00468,0.00596,0.03191
1790822889.857245,-0.00842,0.00206,-1.00923,0.0041,0.00064,-0.01279
1790822889.880864,-0.01088,-0.00584,-1.00729,0.00317,0.00608,0.03071
1790822890.033736,-0.00293,0.01345,-1.01064,0.00203,0.00155,0.00611
1790822890.036514,-0.00599,0.00988,-1.00891,0.00256,0.00315,0.01325
1790822890.0405738,-0.01241,-0.00777,-1.00665,0.00189,0.00889,0.01043
1790822890.070488,0.00061,0.02509,-1.00988,0.00204,1e-05,-0.02628
1790822890.2069151,-0.01054,-0.01778,-1.00625,0.00734,0.0,0.05485
1790822890.2104461,0.00027,-0.00903,-1.00874,-0.00114,0.02003,0.00616
1790822890.214276,0.00599,0.02762,-1.01049,-0.00114,0.00636,-0.02498
1790822890.24703,-0.00874,-0.01001,-1.00799,0.00392,0.00124,0.03473
1790822890.2657862,-0.00148,0.01022,-1.00811,0.00012,0.00624,-0.02929
1790822890.2820559,0.00311,-0.01367,-1.00665,0.00178,0.01675,0.00735
1790822890.302517,0.00311,-0.01367,-1.00665,0.00178,0.01675,0.00735
1790822890.3235562,0.00037,0.02116,-1.01059,-0.00477,-0.00592,-0.03586
1790822890.3417091,-0.02562,-0.01172,-1.00768,0.01037,0.00675,0.05741
1790822890.366046,-0.02023,0.01069,-1.00847,0.00562,0.01137,-0.00494
1790822890.382014,-0.02161,-0.02973,-1.00543,0.00619,0.01004,0.0223
1790822890.401414,-0.00296,0.02822,-1.00723,0.007,0.00523,-0.02468
1790822890.421401,-0.00984,0.02223,-1.01006,-0.00136,0.00371,0.00833
1790822890.442347,-0.01806,-0.03112,-1.00791,0.00087,0.00111,-0.0011
1790822890.458542,0.01184,0.02595,-1.00622,-0.00241,0.00907,-0.02868
1790822890.500772,0.00726,0.02144,-1.00749,0.00028,0.00424,-0.015
1790822890.5209348,-0.0086,0.00144,-1.00921,0.00035,0.00379,-0.01541
1790822890.542377,0.00029,0.02278,-1.00946,-0.00546,-0.00032,-0.03895
1790822890.5689092,-0.0068,-0.03575,-1.00434,0.01177,0.01774,0.01701
1790822890.582876,-0.02447,0.05866,-1.01249,0.00264,-0.00743,-0.02046
1790822890.6024818,0.00195,-0.01039,-1.0091,-0.00875,0.01781,-0.01438
1790822890.623415,0.00449,-0.03951,-1.00455,0.00682,0.01554,-0.01767
1790822890.642099,-0.0321,0.02996,-1.00989,-0.00233,0.0029,-0.028
1790822890.657851,-0.02362,0.01162,-1.00786,0.00197,0.00745,0.02862
1790822890.683743,0.00882,-0.00758,-1.00526,-0.00251,0.01799,0.02342
1790822890.703403,0.00712,0.02914,-1.00944,-0.00052,-0.00554,-0.02992
1790822890.720329,-0.02536,-0.02878,-1.00745,0.00925,-0.00504,0.03881
1790822890.769485,0.01082,0.01887,-1.0073,0.00051,0.0126,-0.02782
1790822890.7826262,-0.00649,0.00745,-1.00818,0.00257,0.00833,0.01308
1790822890.802243,0.01059,0.01916,-1.00712,-0.0054,0.01435,-0.04976
1790822890.823547,-0.03792,-0.04143,-1.00444,0.00306,0.00602,0.05436
1790822890.8418298,-0.01151,0.0596,-1.01475,-0.00968,-0.00224,-0.02911
1790822890.862713,-0.01151,0.0596,-1.01475,-0.00968,-0.00224,-0.02911
1790822890.8830678,-0.01757,-0.05518,-1.00315,0.00923,0.00827,0.0159
1790822890.903476,-0.02563,0.02584,-1.00805,0.00451,0.00309,-0.00986
1790822890.921845,-0.01501,0.01202,-1.00949,0.00491,-0.00472,0.01707
1790822890.943517,0.00649,-0.01087,-1.00604,-0.00082,0.01906,0.01501
1790822890.963135,0.00205,0.02546,-1.00844,-0.00396,0.00569,-0.02681
1790822890.984558,-0.02685,-0.01588,-1.00967,0.00458,-0.00331,0.03704
1790822891.003902,0.0088,0.01696,-1.0074,-0.00045,0.01741,-0.02849
1790822891.021491,-0.00519,0.0072,-1.00685,0.00202,0.00238,0.01765
1790822891.063575,-0.0122,-0.00113,-1.00986,0.00099,0.00047,0.00072
1790822891.084224,-0.00168,0.01165,-1.00823,-0.00016,0.00019,-0.00867
1790822891.10806,-0.01552,-0.00613,-1.0066,0.00149,0.00904,0.02996
1790822891.1209521,-0.00179,0.02126,-1.00855,-0.00109,0.00364,-0.03092
1790822891.142281,-0.01326,-0.00686,-1.00901,0.00415,0.00889,0.02718
1790822891.1637309,-0.00676,0.00651,-1.00845,0.00166,0.00624,-0.01235
1790822891.1828768,-0.01309,-0.01121,-1.00586,0.00056,0.00814,0.02171
1790822891.199299,-0.00316,0.02121,-1.00753,0.00214,-0.00107,-0.02969
1790822891.262783,-0.00798,0.006,-1.0076,0.00312,0.00763,0.01371
1790822891.281374,-0.0093,-0.00406,-1.00728,4e-05,0.00722,0.00944
1790822891.2989938,-0.00148,0.02295,-1.00862,0.00134,0.00439,-0.01922
1790822891.321436,-0.01383,-0.01048,-1.00764,0.00282,0.00488,0.03213
1790822891.3419452,-0.00283,0.01615,-1.00989,0.0006,0.004,-0.02635
1790822891.3653362,-0.0104,0.00247,-1.00847,0.00085,0.00876,0.02362
1790822891.404099,-0.01052,-0.00214,-1.00843,0.00092,0.00747,0.00308
1790822891.422959,-0.00262,0.0222,-1.01041,-2e-05,0.00581,-0.01358
1790822891.44309,-0.01465,-0.01315,-1.00967,0.00367,0.00838,0.02956
1790822891.4556959,-0.00945,-0.00305,-1.00637,0.00281,0.00245,0.02761
1790822891.481031,-0.00877,-0.00017,-1.00817,0.00472,0.00403,-0.0019
1790822891.5020401,-0.00186,0.01986,-1.0098,0.00172,0.00706,-0.01185
1790822891.525137,-0.0145,-0.01636,-1.00776,0.00256,0.00696,0.03571
1790822891.542461,0.00037,0.02497,-1.01106,4e-05,-0.00335,-0.03821
1790822891.577538,-0.01172,-0.00469,-1.00749,0.00228,0.00805,0.03132
1790822891.602696,-0.00851,0.00459,-1.00789,0.00058,0.0074,-0.01164
1790822891.621772,-0.00565,0.01297,-1.00838,0.00177,0.00409,-0.00013
1790822891.640446,-0.01439,-0.01278,-1.00756,0.00224,0.01017,0.02845
1790822891.6649458,-0.00201,0.02566,-1.00893,-0.00269,0.00208,-0.03236
1790822891.6827588,-0.00337,0.01062,-1.00697,-0.00115,0.00359,-0.02163
1790822891.706238,-0.00631,0.00955,-1.0082,0.00236,0.00788,0.01178
1790822891.717088,-0.01243,-0.01079,-1.00651,0.00696,0.00633,0.01236
1790822891.76044,0.00074,0.02899,-1.00919,0.00154,0.00227,-0.02876
1790822891.781513,-0.015,-0.01492,-1.00621,0.00352,0.00416,0.04052
1790822891.799388,-0.00362,0.01671,-1.00764,0.00363,0.00297,-0.02775
1790822891.826196,-0.00945,0.00951,-1.00796,9e-05,0.0038,0.015
1790822891.8472168,0.00173,0.02792,-1.00984,0.00059,0.00434,-0.02784
1790822891.863826,0.00173,0.02792,-1.00984,0.00059,0.00434,-0.02784
1790822891.882656,-0.00297,0.0155,-1.00816,0.00145,0.00279,-0.02435
1790822891.903281,-0.00757,0.00837,-1.00868,0.00053,0.00259,0.01725
1790822891.923059,-0.01142,-0.0087,-1.00697,0.00333,0.0049,0.01177
1790822891.944417,0.00059,0.02577,-1.00825,0.00048,0.00709,-0.01953
1790822891.9633222,-0.01562,-0.01582,-1.00643,0.00733,0.00574,0.03618
1790822891.9846232,-0.00201,0.01986,-1.009,0.00295,-0.00103,-0.02927
1790822892.014574,-0.01004,0.00123,-1.00641,0.00065,0.00464,0.02173
1790822892.0416691,-0.0093,-0.00291,-1.00741,0.00437,0.00474,0.00214
1790822892.054673,-0.00219,0.02085,-1.00969,0.002,0.00591,-0.01145
1790822892.08274,-0.01489,-0.01392,-1.00654,0.00287,0.00831,0.03436
1790822892.102714,-0.00059,0.02294,-1.0084,-0.0008,-0.0011,-0.03842
1790822892.117457,-0.01259,-0.00773,-1.00576,0.00074,0.00818,0.03157
1790822892.1419818,-0.00676,0.00642,-1.00934,0.00035,0.00544,-0.01538
1790822892.159482,-0.00419,0.01213,-1.00994,0.00106,0.0014,0.00639
1790822892.182903,-0.01063,-0.01176,-1.00813,0.00445,0.00956,0.01987
1790822892.201477,-0.00135,0.02694,-1.00965,0.00137,-0.00253,-0.03377
1790822892.2183008,-0.01565,-0.01154,-1.00468,0.00283,0.00759,0.03646
1790822892.240638,-0.00487,0.01223,-1.00671,0.00097,0.0021,-0.02399
1790822892.266905,-0.0057,0.00997,-1.00931,0.00485,0.0042,0.00846
1790822892.283743,-0.01117,-0.01225,-1.00956,0.00347,0.01104,0.01693
1790822892.3034172,-0.00035,0.02646,-1.00979,0.00087,-0.0001,-0.03166
1790822892.318397,-0.0034,0.01371,-1.00707,0.00129,0.00387,-0.02881
1790822892.342261,-0.00709,0.00806,-1.00879,0.00439,0.00475,0.01591
1790822892.363137,-0.01553,-0.01138,-1.00814,0.00444,0.00836,0.01406
1790822892.388285,-0.00162,0.02747,-1.00893,0.00026,0.0048,-0.02162
1790822892.4031801,-0.01475,-0.01614,-1.00662,0.00402,0.00044,0.0375
1790822892.4197671,-0.00229,0.01942,-1.00836,0.00165,0.00292,-0.03438
1790822892.441216,-0.01064,-0.00056,-1.00671,0.00418,0.00785,0.02821
1790822892.4661398,-0.0083,-0.00181,-1.00571,0.00311,0.00344,-0.00211
1790822892.4882822,-0.00039,0.02233,-1.00738,0.00035,0.0031,-0.01267
1790822892.502081,-0.01489,-0.01961,-1.0055,0.00416,0.00564,0.03759
1790822892.526614,-0.00107,0.02564,-1.0087,0.0019,0.00108,-0.03782
1790822892.561585,-0.01369,-0.00427,-1.00715,0.00286,0.00802,0.03346
1790822892.571726,-0.00968,-0.00013,-1.00873,0.00041,0.00498,-0.01044
1790822892.60116,-0.00331,0.02261,-1.00989,0.00215,0.00766,-0.00643
1790822892.6267579,-0.01892,-0.0191,-1.00538,0.00347,0.00913,0.0339
1790822892.641829,-0.00117,0.02756,-1.00826,-0.00161,-0.00058,-0.04051
1790822892.662733,-0.0124,-0.00969,-1.00518,0.00262,0.00262,0.03894
1790822892.6817439,-0.0052,0.00577,-1.007,0.00081,0.00389,-0.02067
1790822892.7017221,-0.00359,0.01366,-1.0082,0.00353,0.00701,0.00727
1790822892.727054,-0.01278,-0.01558,-1.00584,0.00558,0.00618,0.02089
1790822892.742639,0.00028,0.02798,-1.00875,-0.00438,0.00035,-0.0336
1790822892.761712,-0.00247,0.01603,-1.01024,0.00081,0.00179,-0.02898
1790822892.782227,-0.00813,0.00762,-1.0083,0.00094,0.00352,0.01736
1790822892.8021948,-0.01312,-0.00991,-1.00762,0.00371,0.0036,0.01041
1790822892.82412,-0.00167,0.02767,-1.01039,-0.00145,0.00227,-0.02399
1790822892.8432279,-0.01602,-0.01709,-1.00837,0.00624,0.00578,0.04032
1790822892.8653061,-0.0023,0.02062,-1.00939,-0.00182,0.00048,-0.03277
1790822892.903567,-0.00896,0.00158,-1.00835,0.00197,0.00301,0.02859
1790822892.9251719,-0.00934,-0.00455,-1.00847,0.00195,0.00333,0.00238
1790822892.94221,0.00093,0.02756,-1.009,-0.00139,0.00441,-0.02492
1790822892.967697,-0.01492,-0.02319,-1.0059,0.0028,0.00281,0.04229
1790822892.9821508,-0.01117,0.00051,-1.00789,0.00105,0.00679,0.02438
1790822893.006219,-0.01308,-0.00664,-1.00764,0.00254,0.00352,0.00363
1790822893.026602,0.00102,0.02774,-1.00973,0.00051,0.00835,-0.01993
1790822893.042567,-0.01516,-0.0187,-1.00769,0.00491,0.00701,0.0364
1790822893.060927,0.00024,0.02132,-1.0107,0.00026,0.00184,-0.03474
1790822893.081961,-0.00823,-4e-05,-1.00781,7e-05,0.00565,0.03135
1790822893.1020758,-0.01097,-0.00668,-1.00884,0.00055,0.00113,0.00387
1790822893.124268,0.00313,0.03092,-1.01126,-0.00231,0.00645,-0.02301
1790822893.163706,-0.01593,-0.02234,-1.0055,0.00338,0.00163,0.04444
1790822893.183477,0.00193,0.01885,-1.00581,-0.00258,0.00654,-0.0217
1790822893.2017689,-0.00772,0.00821,-1.009,0.00635,-0.00481,0.01567
1790822893.222751,-0.01477,-0.01793,-1.00967,0.00219,0.00215,0.02558
1790822893.2417228,0.01381,0.03609,-1.00913,-0.00405,0.00623,-0.02932
1790822893.266955,-0.01054,0.02439,-1.00956,-0.0022,-0.00032,-0.04574
1790822893.282627,-0.01054,0.02439,-1.00956,-0.0022,-0.00032,-0.04574
1790822893.303454,-0.02207,0.00527,-1.00892,0.00418,0.00504,0.0236
1790822893.326221,-0.00835,0.02076,-1.01011,-0.00085,0.00367,-0.02655
1790822893.343405,-0.02088,-0.01833,-1.00415,0.00518,0.01088,0.03737
1790822893.3689249,-0.00285,0.0197,-1.00763,0.00561,-0.00509,-0.03923
1790822893.37869,0.00396,-0.00071,-1.00482,-0.00239,0.0163,0.02777
1790822893.409816,-0.02621,0.00239,-1.00959,0.00196,-0.01452,-0.01382
1790822893.4286249,0.00779,0.00849,-1.00758,0.00783,0.00541,-0.00399
1790822893.4437099,-0.01782,0.00399,-1.00828,0.00301,-0.00915,0.01863
1790822893.488106,-0.00107,0.01121,-1.01089,0.00418,0.00308,-0.04353
1790822893.50348,-0.02145,0.0277,-1.01187,-0.00741,-0.00209,-0.00749
1790822893.525316,-0.01103,-0.00013,-1.00739,0.00496,0.01327,-0.02879
1790822893.545778,0.00577,0.00025,-1.00672,-0.00108,0.00781,-0.0283
1790822893.563123,-0.0093,0.00805,-1.0078,0.00717,-0.0065,-0.039
1790822893.5830872,-0.01327,0.01563,-1.00791,-0.00042,-0.0,-0.05799
1790822893.6052322,-0.02527,-0.02417,-1.00573,0.00474,0.00699,0.04422
1790822893.62349,-0.01069,0.01881,-1.00749,0.00394,0.00353,-0.02429
1790822893.644907,-0.00494,0.01889,-1.01009,0.00401,0.00956,0.00896
1790822893.6646872,-0.01518,-0.02102,-1.00889,0.00463,0.00384,0.01895
1790822893.682986,0.0043,0.02586,-1.00928,-0.00204,0.00627,-0.03264
1790822893.702641,-0.01363,-0.00802,-1.00741,0.00756,-0.00089,0.03249
1790822893.724691,-0.00184,0.01262,-1.00801,0.00066,0.00587,-0.02232
1790822893.7614772,-0.00185,0.01026,-1.00853,0.00688,0.00667,-0.00091
1790822893.78434,-0.01217,-0.01485,-1.00741,0.00235,0.00799,0.02488
1790822893.803724,0.00527,0.02667,-1.01073,-0.00061,0.00383,-0.03588
1790822893.826611,-0.01025,-0.01021,-1.007,0.0027,0.00505,0.02861
1790822893.842124,-0.00573,0.00972,-1.00716,0.0009,0.00164,-0.01569
1790822893.862779,-0.00381,0.01265,-1.00809,0.00628,0.00304,-0.00086
1790822893.884725,-0.01217,-0.01228,-1.00692,0.00208,0.00911,0.02378
1790822893.902556,0.00155,0.02698,-1.0092,0.0014,0.00156,-0.03732
1790822893.9342122,-0.01262,-0.00873,-1.00773,0.00383,0.00695,0.02273
1790822893.942453,-0.00383,0.02098,-1.00856,0.0035,0.0071,-0.01069
1790822893.963776,-0.01843,-0.01627,-1.0077,0.00312,0.00925,0.03083
1790822893.9759219,0.00179,0.02421,-1.01049,0.0005,0.00246,-0.03833
1790822894.002487,-0.00983,-0.00467,-1.00783,0.00372,0.00663,0.02231
1790822894.021615,-0.01026,8e-05,-1.00749,9e-05,0.00803,-0.00355
1790822894.0434182,-0.00144,0.02543,-1.00937,0.00201,0.00786,-0.01236
1790822894.066059,-0.01506,-0.01718,-1.00783,0.00253,0.00807,0.02884
1790822894.074978,0.00279,0.02204,-1.00847,-0.00042,0.00285,-0.03593
1790822894.1038358,-0.00642,0.00053,-1.00697,0.00175,0.00201,0.01061
1790822894.1227572,-0.01055,-0.00589,-1.0075,0.00021,0.00734,0.00856
1790822894.1427178,0.0075,0.03713,-1.01168,0.00301,0.00433,-0.05158
1790822894.162696,-0.00796,-0.01589,-1.00633,0.00339,0.00674,0.00811
1790822894.18733,-0.00967,-0.00107,-1.00758,0.00041,0.00532,-0.01028
1790822894.202422,-0.01462,-0.00222,-1.00643,0.00511,0.00696,0.04506
1790822894.243862,-0.0263,0.00274,-1.00774,-0.00311,0.00674,0.0033
1790822894.261785,-0.01464,-0.01106,-1.00604,0.00103,0.01673,0.03568
1790822894.2853491,-0.0027,0.01674,-1.00831,-0.00115,0.00231,-0.02712
1790822894.302263,-0.01275,-0.00037,-1.00714,0.00413,-0.00168,0.01095
1790822894.324933,-0.01254,-0.00136,-1.00693,0.00248,0.00739,0.01448
1790822894.3442051,0.00395,0.02536,-1.0093,0.00142,0.00688,-0.03314
1790822894.362476,-0.01244,-0.0172,-1.00725,-0.00013,0.00673,0.03178
1790822894.38462,-0.00423,0.01108,-1.00825,0.00153,0.0023,-0.02237
1790822894.4033768,-0.00261,0.01406,-1.00829,0.00072,0.00173,-0.00205
1790822894.444183,-0.01274,-0.01658,-1.00623,0.00098,0.00598,0.02264
1790822894.462753,0.00137,0.02674,-1.00769,-0.00094,0.00361,-0.0383
1790822894.482167,-0.013,-0.00746,-1.00662,0.00349,0.00862,0.02435
1790822894.502403,-0.00637,0.00515,-1.00801,-0.00102,0.00392,-0.01293
1790822894.5239701,-0.00118,0.01674,-1.00694,0.00234,0.00399,-0.00459
1790822894.5424159,-0.00023,0.02384,-1.00852,-0.00191,0.00618,-0.03249
1790822894.567633,-0.01258,-0.009,-1.00652,0.00476,0.00091,0.029
1790822894.582902,-0.0065,0.00867,-1.00857,-0.00158,0.00434,-0.01786
1790822894.6033332,-0.00311,0.01624,-1.00805,0.00294,0.00442,-0.00459
1790822894.62496,-0.01517,-0.01693,-1.00616,0.00384,0.00604,0.02967
1790822894.644171,-0.00219,0.02732,-1.01034,0.00062,0.00493,-0.03827
1790822894.673414,-0.01321,-0.00904,-1.00843,0.00177,0.00747,0.03132
1790822894.6839921,-0.00638,0.00328,-1.00789,0.00143,0.00236,-0.01173
1790822894.703409,-0.00241,0.0237,-1.00986,0.00067,0.00736,-0.01383
1790822894.724633,-0.01725,-0.01813,-1.00744,0.00467,0.0097,0.03325
1790822894.744572,0.00093,0.02644,-1.00907,0.00076,0.0007,-0.04173
1790822894.7685492,-0.01042,-0.00633,-1.00754,0.00523,0.00724,0.0261
1790822894.77937,-0.00903,0.00253,-1.00935,-0.00216,0.00552,-0.0053
1790822894.802015,-0.0008,0.01287,-1.00875,0.00428,0.0098,0.00758
1790822894.8262851,0.02411,-0.003,-1.00713,0.00072,0.01353,0.01744
1790822894.866682,0.08652,0.01475,-1.01019,-0.00909,0.02079,-0.00717
1790822894.874173,0.12898,0.00293,-1.01332,-0.01432,0.01125,-0.02463
1790822894.901409,0.17154,-0.00586,-1.01683,-0.02696,-0.00231,-0.01693
1790822894.92315,0.18432,0.01144,-1.00582,-0.01407,0.02199,0.00522
1790822894.942399,0.18385,0.00515,-1.00429,0.01124,-0.01807,0.03584
1790822894.9689658,0.19024,0.00539,-1.00391,-0.02602,0.02554,0.034
1790822894.97615,0.19656,0.03863,-1.02803,-0.05125,-0.02328,0.00972
1790822895.001892,0.16877,-0.00646,-1.00023,-0.00813,0.01839,0.03091
1790822895.027136,0.13581,-0.01182,-1.0041,0.00468,-0.00154,0.00163
1790822895.044155,0.11292,0.02645,-1.00144,0.00175,0.01634,-0.02969
1790822895.06389,0.07586,0.00482,-1.03171,-0.05544,-0.00854,0.00584
1790822895.077318,0.04082,-0.01057,-1.01965,0.00405,-0.02995,0.0017
1790822895.1040719,0.0057,0.00855,-0.99699,0.02745,-0.01194,0.02519
1790822895.12186,-0.0384,0.02146,-1.00305,0.00985,-0.01353,-0.004
1790822895.146128,-0.03778,0.04099,-0.98977,0.02715,-0.04512,-0.01993
1790822895.169143,-0.08208,-0.01748,-1.02502,0.01798,-0.03729,0.00718
1790822895.178004,-0.10415,-0.00889,-1.00648,0.02217,-0.00502,0.01134
1790822895.20177,-0.12191,0.00089,-1.00675,-0.00105,0.00115,0.04506
1790822895.225579,-0.10517,0.01518,-1.00121,0.01112,-0.0204,-0.02022
1790822895.242434,-0.10949,0.01171,-1.01407,0.01052,0.00706,0.0145
1790822895.263671,-0.08286,0.01294,-0.99953,0.01421,0.00933,-0.00077
1790822895.278243,-0.06117,0.00829,-0.99448,-0.00515,0.01594,0.00685
1790822895.303243,-0.05651,-0.03168,-1.01153,-0.034,0.00866,0.0685
1790822895.324115,-0.01257,0.00106,-1.0061,0.00206,0.01758,0.01432
1790822895.362402,-0.00963,0.00543,-1.00999,0.02156,0.01805,0.06682
1790822895.3767722,0.02107,0.02843,-1.00685,0.01193,0.02478,0.04731
1790822895.402678,0.06315,0.03891,-0.99539,0.02759,0.02504,0.02145
1790822895.429842,0.06857,0.02143,-1.01963,0.02165,0.01838,-0.025
1790822895.4375849,0.04936,-0.01977,-1.00992,0.00258,0.03782,0.02273
1790822895.4633741,0.06293,-0.01091,-1.01156,0.00196,0.00378,0.04959
1790822895.4773319,0.05788,0.00241,-1.03758,-0.02875,-0.02035,0.05748
1790822895.50334,0.06015,0.01912,-0.99565,-0.00888,-0.00469,0.01278
1790822895.523951,0.05129,0.03015,-1.00197,0.03455,-0.03899,-0.01462
1790822895.541436,0.01652,-0.01475,-0.99517,-0.00524,0.05527,0.04472
1790822895.5614269,0.0101,-0.01597,-1.02088,-0.00748,-0.02306,0.06806
1790822895.582273,0.01073,0.02333,-1.00915,-0.01021,0.01267,-0.00016
1790822895.607609,0.01197,0.04798,-1.00364,0.03846,0.00691,-0.02765
1790822895.623809,-0.04732,-0.0067,-1.00993,0.00226,-0.02761,0.03214
1790822895.642251,-0.04898,-0.0028,-0.99985,-0.00579,-0.00782,0.05387
1790822895.662557,-0.03968,0.0181,-1.02266,-0.0002,-0.00491,-0.00144
1790822895.684931,-0.06843,2e-05,-1.00605,0.04353,-0.01073,0.0337
1790822895.70753,-0.05961,-0.00091,-1.01122,0.02396,-0.00085,0.02565
1790822895.7619898,-0.04345,0.00056,-1.02359,-0.00288,0.00327,0.00251
1790822895.777156,-0.04715,-0.0098,-1.00701,0.00817,0.0237,0.037
1790822895.803493,-0.0255,0.01687,-0.99778,0.02222,0.01686,-0.00529
1790822895.824484,-0.01851,0.03052,-1.01201,0.00519,0.01226,-0.00301
1790822895.833611,-0.0137,-0.02727,-1.0009,-0.01963,0.02126,0.03953
1790822895.861525,0.02068,-0.00181,-1.00756,0.00192,0.01405,0.00998
1790822895.879801,0.0122,-0.00176,-1.01664,0.01132,0.00761,0.04128
1790822895.903583,0.02175,0.01825,-0.9968,0.00458,0.02349,0.02179
1790822895.9255989,0.02712,0.03385,-1.01258,0.02431,-0.01115,0.00423
1790822895.93679,0.02805,0.00111,-1.00332,0.00899,0.03673,0.01322
1790822895.9639401,0.02702,-0.02532,-1.0261,-0.02793,-0.01837,0.05025
1790822895.980683,0.0101,-0.02433,-1.02179,-0.02135,-0.02351,0.05984
1790822896.0035698,0.03164,0.05034,-0.9818,-0.02043,-0.04494,-0.01177
1790822896.025364,0.00079,0.03331,-1.00392,0.01549,-0.00867,-0.01705
1790822896.0377579,-0.00555,-0.00898,-1.00675,0.00988,0.01421,0.02355
1790822896.0626812,-0.00738,0.00293,-1.02607,-0.01379,-0.04207,0.00897
1790822896.087632,-0.01019,-0.00022,-1.00699,0.00588,-0.00546,-0.01433
1790822896.102131,-0.01606,0.02156,-1.00145,0.02,-0.02729,-0.01637
1790822896.125511,-0.03368,-0.01185,-1.0083,-0.00774,-0.00678,0.03705
1790822896.13296,-0.03368,-0.01185,-1.0083,-0.00774,-0.00678,0.03705
1790822896.162219,-0.03486,0.02504,-1.0009,-0.01244,2e-05,-0.01858
1790822896.191282,-0.03623,0.01503,-0.9933,-0.01427,0.01857,0.00187
1790822896.203337,-0.03623,0.01503,-0.9933,-0.01427,0.01857,0.00187
1790822896.236945,-0.02897,-0.01316,-1.02093,-0.0136,0.00157,0.02756
1790822896.263318,-0.02283,0.01849,-1.00124,-0.00326,-0.01101,-0.01332
1790822896.291591,-0.00989,0.00462,-1.00277,-0.00673,-0.00211,0.01686
1790822896.303204,-0.00031,0.00991,-0.99541,-0.00412,0.00436,-0.01185
1790822896.324977,-0.00031,0.00991,-0.99541,-0.00412,0.00436,-0.01185
1790822896.3446999,0.00344,-0.00178,-1.00385,0.00021,0.0032,-0.0253
1790822896.362946,0.01293,0.02494,-0.99965,0.0364,0.01214,-0.02085
1790822896.38444,-0.00728,-0.01013,-1.02743,0.00772,-0.00683,0.02154
1790822896.4179368,0.00233,0.00804,-1.01335,0.01115,-0.02852,-0.00333
1790822896.4668689,0.01848,-0.0053,-1.00315,-0.01045,0.0002,-0.01164
1790822896.4863732,0.00137,0.01925,-1.01933,0.02696,-0.01175,-0.02242
1790822896.501642,-0.01678,-0.0132,-0.99981,-0.01157,0.01619,0.01808
1790822896.5270662,-0.01032,0.01272,-1.00124,0.01612,-0.01737,0.00864
1790822896.5493429,-0.00059,0.02069,-1.0171,-0.02519,-0.00456,-0.0289
1790822896.563461,-0.01863,-0.0225,-1.00594,0.00416,-0.00488,0.02099
1790822896.581198,-0.02041,0.0304,-1.00008,0.02538,-0.009,-0.01235
1790822896.602293,-0.01326,0.01683,-0.99672,0.01036,0.02254,-0.04902
1790822896.627885,-0.0226,-0.02782,-0.99963,-0.00887,0.01261,0.03285
1790822896.6407628,-0.04431,-0.03713,-1.04584,-0.02819,-0.03803,0.08132
1790822896.663852,-0.04431,-0.03713,-1.04584,-0.02819,-0.03803,0.08132
1790822896.688003,-0.02291,0.0415,-1.01238,-0.0082,-0.01652,-0.00169
1790822896.7028868,-0.02756,-0.00529,-0.99648,0.01125,0.0179,0.0123
1790822896.725713,-0.02557,0.00023,-0.98374,0.04096,0.06024,0.02237
1790822896.7374861,-0.00332,-0.00225,-0.99964,-0.02405,-0.00726,0.01343
1790822896.767745,-0.02264,0.01515,-1.04663,0.04167,-0.0321,-0.01788
1790822896.784887,-0.01286,0.02365,-1.02208,0.01665,-0.00114,-0.01482
1790822896.8223748,-0.0228,-0.03271,-0.99538,0.00053,0.01803,0.04935
1790822896.8368268,-0.01233,0.00995,-1.00431,-0.016,-0.01223,0.0305
1790822896.862255,-0.01889,0.00515,-1.01153,0.00035,0.01546,-0.00097
1790822896.8851159,-0.0079,0.01929,-1.01532,0.01137,0.00935,-0.00891
1790822896.903767,-0.01633,-0.00877,-0.99795,0.01152,0.035,0.01249
1790822896.92343,-0.00709,-0.00217,-1.00386,0.02072,-0.01753,0.02329
1790822896.9371881,0.00233,-0.00747,-1.0041,-0.01363,0.00517,-0.00069
1790822896.9627259,0.00233,-0.00747,-1.0041,-0.01363,0.00517,-0.00069
1790822896.984501,-0.01161,0.00098,-0.99696,0.02413,0.00531,0.00812
1790822896.998132,-0.00783,0.03817,-0.9941,0.01239,0.01288,-0.03454
1790822897.023479,-0.01247,-0.02018,-1.00116,-0.00974,0.00407,0.02767
1790822897.042817,0.00117,-0.00482,-1.00886,-0.01072,0.01362,-0.01051
1790822897.0645618,-0.0257,0.00483,-1.01829,0.01028,0.00385,0.00968
1790822897.083841,-0.04662,0.03075,-0.99493,0.0234,-0.02047,-0.01626
1790822897.107369,-0.08005,0.01476,-1.0014,-0.00088,-0.00376,0.00711
1790822897.143583,-0.10297,0.02617,-1.00246,-0.0333,0.01883,-0.01518
1790822897.164701,-0.13728,0.05522,-1.02964,-0.06524,-0.0144,0.02392
1790822897.1655512,-0.1409,0.03195,-1.02226,-0.03925,-0.02482,0.01931
1790822897.1992161,-0.08686,0.03092,-0.98315,0.03381,-0.0042,-0.04903
1790822897.2219489,-0.1279,-0.02002,-0.98341,0.03217,0.01519,-0.02771
1790822897.242461,-0.20611,-0.02955,-1.01351,0.01417,0.00517,-0.0197
1790822897.269365,-0.14709,-0.00811,-1.00424,0.00314,0.0169,-0.06195
1790822897.285075,-0.07777,0.0056,-1.01008,0.00352,-0.00356,-0.0321
1790822897.304234,-0.07042,-0.03821,-1.01028,0.00644,0.01341,0.04661
1790822897.323246,-0.03084,0.01156,-1.00713,0.00245,0.00835,-0.05173
1790822897.3465989,-0.04251,0.00533,-1.00782,0.00308,0.0093,0.0279
1790822897.364762,-0.03729,-0.02076,-1.00784,0.01051,-0.00142,0.00548
1790822897.4025621,-0.02268,0.02352,-1.0073,-0.0001,0.00506,-0.01816
1790822897.4246988,-0.03448,-0.01518,-1.00828,0.00544,0.00883,0.02345
1790822897.443292,-0.02805,0.00581,-1.0084,-0.00178,0.00501,-0.00757
1790822897.462341,-0.01814,0.01249,-1.00729,0.00216,0.00662,-0.00393
1790822897.48852,-0.02255,-0.00983,-1.0102,0.00324,0.00774,0.00719
1790822897.502763,-0.01721,0.00477,-1.00832,0.00054,0.00564,-0.00108
1790822897.52387,-0.0134,0.01167,-1.00681,0.00177,0.00731,-0.0052
1790822897.542482,-0.013,0.00514,-1.00646,-6e-05,0.0015,0.00129
1790822897.5632179,-0.01164,0.00681,-1.00527,0.00056,0.0055,-0.00072
1790822897.5865831,-0.01409,-0.00204,-1.00673,0.00082,0.00634,0.00387
1790822897.594816,-0.01068,0.00213,-1.0072,0.00109,0.00576,0.00189
1790822897.623241,-0.00992,0.00658,-1.00886,-0.00054,0.00552,-0.0009
1790822897.643284,-0.01137,8e-05,-1.00801,-0.00031,0.0061,0.00307
1790822897.663191,-0.01137,8e-05,-1.00801,-0.00031,0.0061,0.00307
1790822897.685256,-0.00832,0.00505,-1.00707,0.00301,0.00668,-0.00103
1790822897.691726,-0.00967,0.00189,-1.00856,0.00133,0.00527,0.00262
1790822897.723508,-0.00929,0.00201,-1.0076,0.00355,0.00531,0.00432
1790822897.7425861,-0.00929,0.00201,-1.0076,0.00355,0.00531,0.00432
1790822897.7625961,-0.00417,-0.00342,-1.00382,0.01008,0.01944,0.02948
1790822897.783363,-0.03687,0.00399,-1.01242,-0.00493,-0.0179,-5e-05
1790822897.799021,-0.02548,-0.00274,-1.00609,0.00994,0.01294,0.01497
1790822897.825126,-0.0112,0.03419,-1.00831,-0.00363,0.01553,-0.0247
1790822897.8420851,0.00235,-0.00321,-1.00771,-0.00129,0.00785,-0.00569
1790822897.865354,-0.00749,-0.01582,-1.01039,-0.00231,-0.01242,-0.00024
1790822897.885906,0.0034,0.00186,-1.00701,0.00354,0.02032,0.00551
1790822897.900584,0.00533,0.01395,-1.00457,0.00893,0.00198,-0.0073
1790822897.934942,-0.02939,0.01345,-1.00919,-0.00774,-0.00494,0.01022
1790822897.945048,-0.01151,-0.02102,-1.01339,0.0012,-0.01742,-0.01578
1790822897.9670138,0.01909,0.00805,-1.00506,0.00207,0.0157,-0.00813
1790822897.997202,-0.02747,0.02338,-1.0103,-0.00102,0.01537,0.00254
1790822898.002422,-0.02772,-0.02322,-1.00962,0.01042,0.00261,0.00809
1790822898.042465,-0.00217,0.02146,-1.0088,-0.00704,0.00427,-0.00351
1790822898.0644941,-0.00667,0.00509,-1.00549,0.00314,0.01796,0.00318
1790822898.095923,-0.01225,0.0271,-1.00909,0.00352,0.00984,-0.01347
1790822898.127896,-0.01537,-0.02185,-1.0113,-0.00541,-0.00428,0.01123
1790822898.145625,0.00294,-0.00819,-1.00456,0.00899,0.01329,0.00023
1790822898.1621099,-0.02095,0.02439,-1.0085,0.01022,0.00049,-0.00079
1790822898.18401,0.00333,-0.02667,-1.00738,-0.00148,0.02287,0.00152
1790822898.203648,-0.00766,0.00679,-1.00828,-0.00507,0.00123,-0.00533
1790822898.226891,-0.02073,0.01838,-1.00671,0.00792,0.00821,-0.01303
1790822898.242912,-0.02073,0.01838,-1.00671,0.00792,0.00821,-0.01303
1790822898.26344,-0.01948,-0.01652,-1.00652,0.00946,0.00398,-0.00112
1790822898.286363,-0.01805,0.04998,-1.00675,-0.00397,0.00657,-0.00305
1790822898.298362,-0.01058,-0.01216,-1.00789,0.00352,0.00688,0.03451
1790822898.3307462,-0.01218,-0.04174,-1.01003,-0.00341,0.0133,0.01247
1790822898.34256,-0.00702,0.04932,-1.00568,-0.00088,0.0024,-0.01757
1790822898.3639622,-0.00609,0.0091,-1.00578,-0.00038,0.00834,-0.01116
1790822898.387012,-0.01885,-0.03021,-1.00814,0.00177,0.00188,0.01062
1790822898.4002829,-0.00986,0.01865,-1.00633,0.00584,0.00648,-0.00105
1790822898.429497,-0.01313,0.01028,-1.00909,0.00555,-0.00096,-0.00724
1790822898.443058,-0.01069,-0.00265,-1.00866,-0.0001,0.00747,-0.00569
1790822898.464397,-0.01051,0.00201,-1.0077,0.00418,0.00206,-0.00747
1790822898.487046,-0.02283,-0.01019,-1.00933,0.00128,0.00265,0.01572
1790822898.5000489,-0.01655,0.01073,-1.00796,0.00253,0.00606,0.00983
1790822898.529588,-0.007,0.01037,-1.00717,5e-05,0.0018,-0.00624
1790822898.5627148,-0.00856,-0.0004,-1.00769,-0.0,0.00781,0.00403
1790822898.587283,-0.01885,-0.01747,-1.01011,0.00614,0.00309,0.03842
1790822898.60236,-0.00079,0.02565,-1.00689,-0.00242,0.00753,-0.0276
1790822898.630579,-0.00991,0.01533,-1.00838,0.00215,0.00834,-0.01754
1790822898.643472,-0.0,0.0442,-1.00457,-0.00124,0.01012,-0.04857
1790822898.664761,-0.01643,-0.00696,-1.00604,0.00864,0.00068,-0.00451
1790822898.684841,-0.03293,-0.02685,-1.00966,0.00344,-0.00623,0.04155
1790822898.704282,-0.00101,0.02912,-1.007,0.003,0.00519,-0.02557
1790822898.730887,-0.00573,0.00195,-1.00821,0.00262,0.00588,0.0146
1790822898.7447,-0.02202,-0.01625,-1.00968,-0.00161,0.00251,0.01366
1790822898.7668748,-0.0038,0.01961,-1.00736,0.00066,0.01211,-0.01685
1790822898.7886589,-0.01259,0.00232,-1.00726,0.00329,0.00358,0.00961
1790822898.8041532,-0.01387,-0.00591,-1.00715,0.00501,0.00409,0.0104
1790822898.824279,-0.00818,0.00747,-1.00676,0.00188,0.00431,-0.01128
1790822898.844921,-0.01442,0.00257,-1.00808,0.00299,0.00433,0.00962
1790822898.866113,-0.01397,-0.00076,-1.00949,0.00076,0.00512,0.0051
1790822898.9040499,-0.00991,0.00715,-1.00821,0.00054,0.00336,-0.00469
1790822898.922761,-0.01236,7e-05,-1.00938,0.0031,0.00483,0.00518
1790822898.943608,-0.01418,0.00064,-1.0087,0.00384,0.00277,0.00577
1790822898.9666612,-0.00977,0.00845,-1.00751,-0.00203,0.00656,-0.00301
1790822898.985203,-0.01432,-0.00244,-1.00767,0.00174,0.00391,0.00648
1790822899.0008051,-0.0151,0.0014,-1.00753,0.00346,0.00356,0.00175
1790822899.023008,-0.01464,-0.00139,-1.00916,0.00309,0.00541,0.00726
1790822899.045154,-0.01406,0.00291,-1.00962,0.00208,0.00339,0.00253
1790822899.057579,-0.01096,0.0058,-1.00702,0.00172,0.00262,-0.0001
1790822899.0875819,-0.01479,0.00052,-1.00739,0.00549,0.00283,0.00697
1790822899.103611,-0.01156,0.00332,-1.00913,0.00088,0.00526,0.00071
1790822899.125561,-0.01107,0.00384,-1.00911,0.00228,0.00386,0.00217
1790822899.14259,-0.01124,0.00209,-1.0078,0.00234,0.00578,0.00693
1790822899.183778,-0.01076,0.00327,-1.00737,0.00143,0.00626,0.00137
1790822899.205795,-0.01238,0.00244,-1.00733,0.00442,0.00462,0.00281
1790822899.2259672,-0.01482,0.00064,-1.00796,0.00152,0.00443,0.00507
1790822899.24286,-0.01314,0.00433,-1.00704,0.00278,0.00361,0.00356
1790822899.259701,-0.01382,0.00149,-1.00673,0.00104,0.0056,0.00647
1790822899.286495,-0.01279,0.00373,-1.00927,0.00081,0.00297,0.00022
1790822899.3249018,-0.01276,0.00302,-1.00881,0.00197,0.00549,0.00188
1790822899.342865,-0.01218,0.00424,-1.00853,0.0031,0.00654,-0.00035
1790822899.368451,-0.01424,0.00018,-1.00682,0.00374,0.00282,0.0047
1790822899.404045,-0.01289,0.00501,-1.00556,0.00074,0.0089,0.00221
1790822899.4271119,-0.01229,0.00092,-1.00831,0.00205,0.00523,0.00594
1790822899.466752,-0.01171,0.00464,-1.00626,0.00207,0.00457,0.00113
1790822899.482769,-0.01154,0.00203,-1.00811,0.0039,0.00464,0.00187
1790822899.506092,-0.0126,0.00087,-1.00826,-0.00132,0.00496,0.00366
1790822899.5247931,-0.01235,0.00436,-1.00851,0.00142,0.00635,0.00117
1790822899.543679,-0.01111,0.00313,-1.00575,0.00123,0.00323,0.00401
1790822899.568407,-0.01111,0.00313,-1.00575,0.00123,0.00323,0.00401
1790822899.582345,-0.01308,0.00356,-1.00613,0.00487,0.00493,-0.0009
1790822899.60514,-0.01407,0.00145,-1.00691,0.00222,0.00487,0.00437
1790822899.623415,-0.01133,0.00212,-1.00919,0.0009,0.00325,0.00039
1790822899.6450272,-0.01147,0.00302,-1.00795,0.00105,0.00947,0.00251
1790822899.6628768,-0.01416,0.00191,-1.00815,0.0015,0.0036,0.00429
1790822899.6829581,-0.01418,0.00147,-1.00846,0.00319,0.00459,0.00379
1790822899.7086809,-0.01298,0.00196,-1.00819,0.00327,0.00288,0.0036
1790822899.723197,-0.01382,0.00298,-1.00834,0.00272,0.00403,0.00168
1790822899.743144,-0.01199,0.00269,-1.00829,0.00056,0.00531,0.00331
1790822899.787019,-0.01116,0.00269,-1.00884,0.00323,0.00371,0.00181
1790822899.808297,-0.01136,0.00262,-1.00813,0.00278,0.00412,0.00302
1790822899.823044,-0.01079,0.00425,-1.00945,0.00166,0.00536,0.0015
1790822899.84387,-0.0107,0.00261,-1.00908,0.00305,0.00606,0.00368
1790822899.857996,-0.01135,0.00397,-1.00895,0.00144,0.0068,0.00354
1790822899.884046,-0.0119,0.00409,-1.00767,-0.0018,0.00548,-0.00118
1790822899.909963,-0.01085,0.00244,-1.00733,0.00112,0.00517,0.00407
1790822899.9198878,-0.01319,0.00288,-1.00811,0.00409,0.00574,0.00034
1790822899.9432929,-0.01318,0.00186,-1.00836,0.00214,0.005,0.00333
1790822899.958389,-0.01284,0.00201,-1.00746,0.00066,0.00784,0.00172
1790822899.983805,-0.01296,0.00358,-1.00787,0.0002,0.00841,0.00433
1790822900.004245,-0.01136,0.0021,-1.00877,0.00279,0.00565,0.00475
1790822900.017229,-0.01248,0.00207,-1.00608,0.00166,0.00225,0.00222
1790822900.04832,-0.01271,0.00313,-1.00633,0.00394,0.00616,0.00511
1790822900.057614,-0.0133,0.00388,-1.00804,0.00254,0.00581,0.00489
1790822900.0855942,-0.01315,0.00233,-1.00695,0.00331,0.00692,0.00557
1790822900.104254,-0.01325,0.00399,-1.00828,0.00096,0.00265,0.00128
1790822900.1197429,-0.01255,0.00296,-1.00945,0.00035,0.0048,0.00191
1790822900.151037,-0.01436,0.00019,-1.00936,-0.0003,0.00641,0.00814
1790822900.1583061,-0.01193,0.00432,-1.00817,0.00224,0.0052,0.00665
1790822900.1896489,-0.00999,0.00266,-1.0097,-0.00024,0.00395,-1e-05
1790822900.2249339,-0.01184,0.00304,-1.0086,0.00257,0.00618,0.01617
1790822900.250495,-0.00277,0.04099,-1.00588,0.00474,0.00268,-0.04497
1790822900.262959,-0.0166,0.06596,-1.0065,-0.00225,0.01121,-0.03649
1790822900.302658,-0.0182,0.10797,-1.00961,-0.00548,0.00682,-0.0099
1790822900.322613,-0.02461,0.13224,-1.01215,0.00412,0.01246,0.0069
1790822900.3458838,-0.02036,0.1353,-1.00884,-0.00604,0.00311,-0.03652
1790822900.36532,-0.02115,0.14137,-1.01258,-0.03392,-0.03329,-0.03107
1790822900.405345,-0.04157,0.08408,-0.98288,0.05586,-0.01854,0.03411
1790822900.42489,0.02534,0.12693,-0.98835,-0.02474,0.03388,-0.09851
1790822900.449169,0.00465,0.0966,-1.00982,-0.01983,0.05166,-0.08815
1790822900.4642382,-0.0362,-0.00405,-1.01404,0.03157,0.02752,-0.01193
1790822900.4854531,-0.0008,-0.00632,-0.99824,0.02736,0.01411,0.03516
1790822900.502901,-0.0098,-0.01081,-1.02051,-0.00285,-0.04709,0.0651
1790822900.524993,-0.00706,-0.0204,-1.02056,0.00139,-0.00519,0.03646
1790822900.559954,0.02797,-0.02445,-0.98214,0.00117,0.00889,-0.01955
1790822900.589325,0.01394,-0.0263,-0.99614,-0.00101,-0.01123,-0.06529
1790822900.604908,0.01853,-0.0516,-1.01465,0.01129,-0.00563,-0.05008
1790822900.623769,-0.00228,-0.08332,-1.01885,0.01271,-0.01638,-0.01417
1790822900.647927,-0.01839,-0.09873,-1.01358,0.00594,0.00209,0.05671
1790822900.664284,-0.00711,-0.06936,-1.0054,0.00519,-0.00014,0.07502
1790822900.6853929,-0.00493,-0.05922,-1.02025,0.00484,0.00077,0.05155
1790822900.705258,-0.01356,-0.11207,-0.9957,0.00753,0.00915,-0.06989
1790822900.723765,-0.01356,-0.11207,-0.9957,0.00753,0.00915,-0.06989
1790822900.748512,-0.0229,-0.16616,-1.01096,0.00277,0.00942,-0.02807
1790822900.765256,-0.0396,-0.10623,-1.01441,-0.00103,-0.01024,-0.0201
1790822900.784958,-0.02947,-0.01359,-1.00804,0.00632,0.01434,0.0403
1790822900.8056908,-0.01849,0.0311,-1.0077,-0.00076,0.00774,-0.01403
1790822900.825719,-0.02593,0.01508,-1.00902,0.00289,0.0097,0.01399
1790822900.848195,-0.02596,-0.01935,-1.00834,0.0005,0.00557,0.02702
1790822900.86423,-0.02708,-0.00616,-1.00881,-0.00044,0.00261,0.02092
1790822900.884789,-0.01241,0.01712,-1.00678,-0.00381,0.00347,0.00638
1790822900.90542,-0.01062,0.00194,-1.00458,0.00273,0.00315,0.00495
1790822900.926871,-0.02139,0.02246,-1.00956,0.00372,0.00496,-0.00145
1790822900.946742,-0.02108,0.00595,-1.00672,0.00548,0.00583,-0.00295
1790822900.964386,-0.01898,-0.01532,-1.00778,0.00237,0.00455,0.00503
1790822900.9873002,-0.00795,0.01372,-1.00661,0.00308,0.0063,0.00707
1790822901.007686,-0.0181,-0.0023,-1.00947,0.00616,-0.00792,-0.00932
1790822901.026628,-0.01612,0.00034,-1.00721,0.006,0.00607,0.01292
1790822901.063252,-0.00128,0.0326,-1.00648,0.00464,0.01336,-0.00035
1790822901.0835829,-0.01394,-0.02708,-1.00923,0.00352,-0.001,0.0015
1790822901.105212,-0.01025,0.00515,-1.00578,0.00147,0.00577,9e-05
1790822901.1177542,-0.01056,0.01708,-1.00507,0.00296,0.00308,0.00149
1790822901.144827,-0.01658,-0.00627,-1.00997,0.00046,0.00498,0.00509
1790822901.1649542,-0.00634,0.00386,-1.00899,0.00179,0.00695,0.00195
1790822901.1855302,-0.00797,0.00586,-1.00671,0.00149,0.00471,0.00275
1790822901.204839,-0.01508,-0.00014,-1.00742,-0.00139,0.0044,0.00304
1790822901.217945,-0.00725,0.00568,-1.00875,0.00136,0.00466,0.00451
1790822901.246191,-0.01089,-0.00346,-1.00737,-0.00093,0.00541,0.0025
1790822901.264009,-0.01492,0.00617,-1.00834,0.0014,0.00574,0.00186
1790822901.282777,-0.01347,0.00591,-1.00836,0.00112,0.00275,0.00231
1790822901.31107,-0.01525,-0.00055,-1.00842,0.00454,0.00552,-0.00526
1790822901.347371,-0.00867,0.00997,-1.00861,-0.00017,0.00169,-0.01878
1790822901.366067,-0.00653,0.00229,-1.00771,0.00091,0.00461,0.00291
1790822901.378183,-0.00975,-0.00773,-1.00586,0.00099,0.01217,0.00767
1790822901.408484,-0.02201,-0.01362,-1.00821,0.01144,0.00543,0.04649
1790822901.425396,-0.01319,0.04103,-1.00966,-0.0059,0.00384,-0.05312
1790822901.448237,-0.02229,-0.02201,-1.0069,0.00201,0.00887,0.04638
1790822901.465475,-0.02231,0.02262,-1.00785,0.00282,-0.00349,-0.01289
1790822901.4804962,-0.02019,0.01203,-1.00801,0.00524,-0.00168,-0.01334
1790822901.505398,-0.02039,-0.00512,-1.0078,0.00332,0.00348,0.01107
1790822901.525462,-0.00476,-0.00379,-1.00987,0.00323,0.0071,-0.0008
1790822901.5468538,-0.0042,0.01416,-1.00979,-0.00199,0.00617,-0.02625
1790822901.566391,-0.00729,0.00148,-1.00844,0.00338,0.0057,0.00571
1790822901.5829902,-0.01421,-0.02382,-1.00651,0.00861,0.00614,0.05463
1790822901.611705,-0.01302,0.03391,-1.00922,-0.00241,-0.00494,-0.04241
1790822901.6270452,-0.01621,-0.00808,-1.00721,0.00804,-0.00132,0.01697
1790822901.646179,-0.01542,-0.00079,-1.00665,3e-05,0.01072,0.01372
1790822901.6661382,-0.00787,0.01178,-1.00747,0.00047,0.00862,-0.00774
1790822901.685181,-0.01715,-0.00011,-1.00626,-0.00083,0.00561,0.00242
1790822901.704143,-0.0137,-0.00454,-1.00689,0.00029,0.0057,0.01441
1790822901.726431,-0.00922,0.01202,-1.00827,0.00106,0.00232,-0.01037
1790822901.766312,-0.0136,0.00292,-1.00858,0.00245,0.00408,0.01027
1790822901.7835252,-0.01518,-0.00312,-1.00847,0.00134,0.00636,0.00432
1790822901.811123,-0.01113,0.01098,-1.0093,0.00207,0.00741,-0.00456
1790822901.82533,-0.01424,0.00184,-1.00774,-0.00058,0.00802,0.00696
1790822901.8474822,-0.01508,-0.00135,-1.00713,0.00487,0.00279,0.00421
1790822901.8656662,-0.01111,0.00906,-1.00732,0.00358,0.00291,-0.00152
1790822901.88374,-0.01583,-0.00055,-1.00796,0.00361,0.00265,0.00816
1790822901.909933,-0.01206,0.00299,-1.0074,0.00035,0.00327,-0.00059
1790822901.925015,-0.0123,0.00493,-1.00929,0.00158,0.00154,0.00118
1790822901.946804,-0.01424,0.00067,-1.00742,0.00337,0.00687,0.00841
1790822901.9669042,-0.01189,0.00423,-1.0062,0.00086,0.00571,0.00301
1790822901.983752,-0.0127,0.00243,-1.00945,0.00339,0.00617,0.00245
1790822902.008325,-0.01466,0.00247,-1.00962,0.00415,0.00513,0.00272
1790822902.025224,-0.01451,0.00235,-1.00855,0.00252,0.00729,0.00518
1790822902.045314,-0.01497,0.00417,-1.00874,0.00158,0.00289,0.00066
1790822902.066431,-0.01397,0.00345,-1.00897,0.00598,0.00301,0.00437
1790822902.084836,-0.01369,0.00258,-1.00971,0.00453,0.00588,0.00327
1790822902.1084979,-0.01261,0.00482,-1.00921,0.00384,0.00853,-0.00059
1790822902.1259332,-0.01371,0.00164,-1.01026,0.00188,0.00404,0.00497
1790822902.165777,-0.01219,0.00364,-1.00964,0.00387,0.00492,-0.00068
1790822902.168628,-0.01284,0.00366,-1.00759,0.00256,0.00488,0.00473
1790822902.203517,-0.01312,0.00266,-1.00673,-0.00015,0.00489,0.00341
1790822902.225687,-0.01317,0.00363,-1.00842,0.00019,0.00612,0.00265
1790822902.247317,-0.01309,0.00142,-1.00694,0.00305,0.00858,0.0068
1790822902.2682838,-0.00036,-0.00447,-1.00583,0.00131,0.0079,0.01163
1790822902.28303,0.08326,-0.0143,-1.0077,-0.01226,0.0157,0.04447
1790822902.305254,0.11828,-0.00889,-1.00967,-0.00872,0.02471,0.05114
1790822902.330252,0.14592,-0.00693,-1.00856,0.00436,0.01488,0.08233
1790822902.347645,0.1842,0.01508,-1.01076,0.0196,0.01252,0.03793
1790822902.364258,0.19866,0.02575,-1.00545,0.00253,0.0253,0.02474
1790822902.3827798,0.19225,0.01185,-1.01199,-0.0261,0.01057,0.03573
1790822902.403771,0.16865,0.02899,-1.02163,0.00261,-0.00477,0.02979
1790822902.4627872,0.16696,0.01991,-0.99848,0.00461,0.00749,0.01344
1790822902.471585,0.13391,0.00057,-1.03536,0.05292,-0.04665,0.00669
1790822902.4825852,0.11045,-0.00328,-0.99369,0.00291,0.01702,-0.04669
1790822902.505127,0.07889,-0.04024,-1.00923,-0.01378,-0.03648,-0.01239
1790822902.5237372,-0.0105,-0.03564,-1.00198,0.02818,-0.00813,0.04214
1790822902.54427,-0.0277,-0.01803,-1.00928,-0.01134,-0.01316,-0.01935
1790822902.5638158,-0.0644,-0.05255,-1.00193,0.0174,-0.01823,0.02253
1790822902.585514,-0.0948,-0.07649,-1.01568,0.04644,-0.04584,0.04617
1790822902.606313,-0.09463,-0.04097,-1.00258,0.01612,-0.01918,0.05713
1790822902.624793,-0.09363,-0.02196,-0.99082,-0.00048,0.01723,0.03185
1790822902.6470091,-0.11041,-0.01327,-1.01579,0.02187,-0.02146,0.00129
1790822902.6662242,-0.11265,-0.00753,-1.00633,0.01079,0.01643,-0.02123
1790822902.684822,-0.11451,0.00034,-1.0161,-0.04028,0.0142,0.02488
1790822902.707988,-0.10842,0.03348,-1.02072,-0.0461,-0.01842,0.08506
1790822902.7238069,-0.0678,0.11607,-0.97605,-0.0085,0.02688,0.04479
1790822902.765811,-0.02207,0.15316,-1.00759,0.01039,0.00235,-0.06935
1790822902.784052,-0.02987,0.08979,-1.0119,-0.0086,-0.00411,-0.07025
1790822902.810306,-0.04054,0.01378,-0.99833,0.01041,0.04732,-0.01553
1790822902.8239439,-0.0149,-0.00338,-1.01161,0.01555,0.01349,0.02851
1790822902.846056,0.03456,0.02948,-1.01241,0.02127,0.01323,0.0171
1790822902.864182,0.03905,0.01784,-1.0002,0.01184,0.015,-0.00101
1790822902.8858812,0.05251,0.02919,-1.01148,0.01046,-0.0098,-0.03265
1790822902.9039192,0.04659,0.03058,-1.0171,0.00209,-0.00703,-0.01653
1790822902.925589,0.02332,0.00113,-1.00669,-0.01681,0.04254,0.05905
1790822902.9489238,0.04839,-0.00251,-1.00986,-0.01024,-0.01973,0.04275
1790822902.966815,0.02138,-0.06472,-0.99566,0.03792,0.01443,0.01357
1790822902.984739,0.01742,-0.05146,-1.0002,-0.02399,0.02639,0.03351
1790822903.0040069,0.02344,0.00161,-1.01785,0.01928,-0.01165,-0.01822
1790822903.0243552,-0.03118,-0.03386,-1.03581,0.0105,-0.01852,0.05063
1790822903.0461671,-0.03107,-0.02128,-0.99029,0.04798,-0.04142,-0.00024
1790822903.07638,-0.02709,-1e-05,-1.00034,0.01693,0.01942,-0.003
1790822903.103939,-0.03987,-0.03273,-0.99433,0.01636,0.01614,-0.01206
1790822903.125664,-0.05128,-0.05374,-1.00624,-0.00676,-0.00268,0.00351
1790822903.1449332,-0.05982,-0.02673,-1.00477,0.01899,0.00147,0.02075
1790822903.163508,-0.04402,-0.00363,-0.99613,-0.00141,-0.01068,0.01289
1790822903.187275,-0.04555,0.00615,-0.99353,-0.03303,0.03781,0.02494
1790822903.2055721,-0.04255,0.04212,-1.01096,-0.02616,0.00934,-0.00607
1790822903.225065,-0.04536,0.09524,-1.04176,0.02428,-0.02074,-0.05378
1790822903.261132,-0.0593,0.033,-1.02844,-0.05968,-0.03032,0.03018
1790822903.2863019,-0.03349,0.03142,-0.97472,-0.03432,0.01601,0.04634
1790822903.304975,-0.00908,0.06005,-0.98776,0.00847,0.03952,-0.00737
1790822903.3239439,0.00556,0.0721,-1.00543,-0.0067,0.01814,-0.04631
1790822903.3442502,-0.00592,0.04776,-1.01833,0.01473,0.00294,-0.03796
1790822903.365055,-0.01386,0.00389,-1.03255,0.00018,-0.03065,0.02929
1790822903.385526,-0.01817,-0.02747,-0.9981,0.00554,0.05005,0.0711
1790822903.403713,0.02649,0.04332,-0.9868,-0.02311,0.03405,0.04194
1790822903.423727,0.02648,0.05568,-1.00031,0.02361,0.06423,-0.04749
1790822903.444959,-0.01488,-0.10251,-1.0315,0.03327,-0.03442,0.06912
1790822903.463088,0.00566,-0.04324,-1.00343,-0.04473,0.03124,0.04558
1790822903.492616,0.0272,0.04282,-0.99535,0.00474,0.00329,-0.00566
1790822903.503746,0.00081,0.0804,-1.00617,0.00428,0.0086,-0.04944
1790822903.524432,-0.00612,0.03485,-1.02777,-0.00862,-0.01474,-0.0679
1790822903.5446389,-0.03785,-0.09234,-1.01958,0.07265,-0.05568,0.06839
1790822903.565223,-0.02088,-0.06134,-0.99953,-0.00109,-0.0081,0.06141
1790822903.586775,-0.02122,-0.03318,-0.98702,-0.03399,0.03597,0.07957
1790822903.606416,-0.01409,0.01261,-1.01013,0.00471,0.023,-0.01528
1790822903.625818,-0.02997,0.00607,-1.01162,-0.01513,-0.00158,0.01768
1790822903.646306,-0.04788,0.02361,-1.01289,0.01805,-0.00757,-0.01645
1790822903.665366,-0.04229,-0.0015,-1.00578,0.01064,0.01716,0.04063
1790822903.6866062,-0.04479,0.0033,-1.00546,-0.00619,-0.0013,0.01013
1790822903.704984,-0.03838,-0.00277,-1.00815,-0.00435,0.00428,0.0156
1790822903.725474,-0.02805,0.00812,-1.01379,-0.00487,0.0008,-0.02313
1790822903.76512,-0.03935,-0.0041,-1.00985,0.01279,0.00401,0.01478
1790822903.787411,-0.02169,0.00994,-0.99856,0.01056,0.00671,-0.00174
1790822903.8037708,-0.02127,0.00241,-1.0085,0.00591,0.02042,-0.00831
1790822903.823864,-0.02042,-0.00303,-1.00571,-0.00507,0.02288,-0.00368
1790822903.844239,-0.01949,-0.00802,-1.01266,0.00224,0.00662,0.01397
1790822903.8642292,-0.02075,-0.02597,-1.00829,0.01487,0.01031,0.03986
1790822903.88864,0.01264,-0.0001,-0.99391,0.00793,0.01666,-0.01769
1790822903.907247,-0.00029,-0.01535,-1.01778,0.02882,0.03916,-0.03765
1790822903.927225,-0.00904,-0.05159,-1.00358,0.01755,0.01899,0.01915
1790822903.945448,-0.01189,-0.07655,-1.02485,0.01726,-0.00254,0.08761
1790822903.9651,0.01063,-0.0241,-1.00567,0.00045,-0.00311,0.03114
1790822903.993851,0.00455,-0.00872,-0.99494,0.00126,0.02789,-0.00411
1790822904.01011,0.00755,-0.00531,-1.00327,0.01559,0.0178,-0.06221
1790822904.02389,-0.00759,-0.03289,-1.00629,0.02369,-0.02183,-0.06214
1790822904.04532,-0.0298,-0.051,-1.0143,0.01595,-0.00632,0.03876
1790822904.064395,-0.03304,-0.01171,-1.02063,-0.03419,0.02642,0.09251
1790822904.0942779,-0.0025,0.09132,-1.00577,-0.02258,0.00287,0.01384
1790822904.1062121,-0.00678,0.13894,-0.99642,0.00626,-0.00653,-0.07755
1790822904.127224,-0.0548,0.02333,-1.06688,-0.13691,-0.02401,0.02287
1790822904.1471858,-0.0429,0.04308,-0.99232,-0.03243,0.00952,-0.00439
1790822904.1651049,-0.01037,0.03845,-0.98309,-0.01637,-0.0178,-0.02358
1790822904.187695,-0.04404,-0.0088,-1.01106,0.03869,-0.00613,0.00222
1790822904.206389,-0.03671,0.01221,-1.00436,0.05369,-0.02557,-0.0041
1790822904.225822,-0.02064,-0.00791,-1.00581,0.00501,0.01375,0.03967
1790822904.247647,-0.00862,-0.00316,-1.0011,-0.01106,0.00871,-0.0101
1790822904.263768,-0.00627,-0.00524,-1.02902,-0.04395,-0.02878,0.02354
1790822904.2867541,-0.02166,-0.00562,-1.00598,-0.01895,-0.00996,0.03774
1790822904.307414,-0.00766,0.042,-0.98114,0.0263,0.02833,0.01652
1790822904.32556,-0.0018,0.06911,-1.02382,0.01425,0.00507,-0.06745
1790822904.344956,-0.0136,0.02181,-1.00705,0.01777,-0.00545,-0.05225
1790822904.364616,-0.02425,-0.04487,-1.01652,-0.00528,-0.00612,0.04891
1790822904.3873558,-0.01631,-0.04914,-1.00667,0.00043,0.02921,0.09268
1790822904.407308,0.00027,0.02041,-0.99614,-9e-05,0.00262,0.04145
1790822904.4243898,0.00859,0.04964,-1.00529,0.04741,-0.01521,-0.08389
1790822904.463242,-0.02049,-0.04069,-1.01478,0.01136,0.00661,0.01293
1790822904.479363,-0.05627,-0.09105,-1.03533,-0.02004,-0.0154,0.08463
1790822904.4977658,-0.04727,-0.01695,-0.98942,0.00394,-0.0001,0.04131
1790822904.524439,-0.04113,0.0265,-0.98086,0.02725,0.02818,-0.02641
1790822904.544035,-0.06234,0.03862,-1.02485,0.03739,-0.01748,-0.0809
1790822904.5636742,-0.10527,-0.03096,-1.00915,0.00796,-0.01788,0.03611
1790822904.591251,-0.12463,0.00705,-1.02307,-0.00883,-0.00504,0.06921
1790822904.603053,-0.12463,0.00705,-1.02307,-0.00883,-0.00504,0.06921
1790822904.623893,-0.15196,0.03611,-0.99017,0.00649,0.01166,-0.02924
1790822904.647498,-0.15889,0.00325,-1.00914,0.0023,-0.00066,-0.02464
1790822904.6695092,-0.17229,0.02386,-1.00637,0.00042,-0.00281,-0.03372
1790822904.6904268,-0.17229,0.02386,-1.00637,0.00042,-0.00281,-0.03372
1790822904.705589,-0.08731,-0.00381,-1.00896,0.01172,0.00549,0.01106
1790822904.7252412,-0.05493,-0.00929,-1.01411,0.00989,-0.00272,-0.00743
1790822904.748283,-0.03744,0.00971,-1.00701,-0.00216,0.01736,-0.01146
1790822904.7657018,-0.04825,-0.01964,-1.00456,-0.00115,0.00478,0.02805
1790822904.790184,-0.03801,0.01902,-1.00766,-0.00359,0.00561,-0.01666
1790822904.8033972,-0.03441,0.00045,-1.00923,0.00349,0.00279,0.00113
1790822904.82449,-0.0374,-0.01119,-1.00923,0.00324,0.00718,0.01629
1790822904.8443992,-0.03021,0.01172,-1.00877,0.00201,0.00585,-0.01105
1790822904.865757,-0.02853,0.00155,-1.00876,0.00211,0.00475,0.00394
1790822904.887439,-0.02773,-0.0066,-1.00875,0.00056,0.00137,0.00773
1790822904.906013,-0.01882,0.00663,-1.00839,0.00203,0.00414,-0.00787
1790822904.924035,-0.01878,-0.00329,-1.00943,0.00265,0.01202,0.00887
1790822904.943489,-0.01376,-0.00274,-1.00858,0.00355,0.00839,-0.01229
1790822904.963278,-0.01563,-0.01765,-1.00847,0.00442,0.00776,0.00228
1790822904.988965,-0.01163,-0.04041,-1.00845,0.00511,0.01301,0.0065
1790822905.005229,-0.00796,-0.04956,-1.00593,0.0046,0.01153,0.00761
1790822905.027213,-0.00689,-0.06389,-1.00817,0.00734,0.00737,-0.00458
1790822905.046842,-0.00561,-0.07945,-1.01063,0.00666,0.00876,-0.00688
1790822905.0834,-0.00876,-0.09183,-1.01357,-0.00121,0.00848,0.01424
1790822905.105085,-0.00613,-0.06373,-1.00914,0.01329,0.00795,0.0142
1790822905.126703,-0.01751,0.01818,-1.00651,0.00237,0.01401,0.03751
1790822905.143553,-0.02252,0.05281,-1.00353,0.01049,0.01265,0.01314
1790822905.1636338,-0.02857,0.07049,-1.00591,-0.00278,0.00396,-0.01646
1790822905.1866229,-0.02402,0.10446,-1.01171,-0.00505,0.01659,-0.04657
1790822905.2084858,-0.01865,0.10546,-1.00992,-0.00146,0.01294,-0.06478
1790822905.2254121,-0.02441,0.08609,-1.00833,-0.00145,0.00894,-0.02446
1790822905.2478762,-0.03246,0.04807,-1.00728,0.00794,0.00477,0.00491
1790822905.265389,-0.02186,0.00068,-1.00857,0.01117,0.00178,-0.01504
1790822905.283535,-0.01221,-0.00459,-1.01193,-0.01003,0.01622,-0.01058
1790822905.324067,-0.00995,-0.02327,-1.00718,0.00362,0.00079,0.0005
1790822905.344609,-0.02657,0.00149,-1.00799,-0.00039,-0.00095,0.00857
1790822905.363522,-0.01725,0.0145,-1.00852,0.00663,0.004,-0.00293
1790822905.387799,-0.01067,-0.00908,-1.01008,0.00148,0.01429,0.00064
1790822905.405108,-0.01671,-0.00288,-1.00802,0.00329,0.00606,0.01224
1790822905.423889,-0.01314,-0.00706,-1.00722,0.00697,0.01172,0.03221
1790822905.450867,-0.03006,0.00012,-1.01106,-0.00847,0.00314,0.00894
1790822905.464834,-0.04109,-0.00764,-1.0096,0.00543,0.0152,0.01571
1790822905.484983,-0.02179,0.01666,-1.0039,0.00122,0.00719,0.0056
1790822905.497887,-0.00283,0.0309,-1.00688,-0.00786,-0.00751,-0.02415
1790822905.529095,-0.00606,-0.02268,-1.01102,-0.00383,-0.00727,-0.00524
1790822905.5444102,-0.00288,-0.0216,-1.00838,0.00121,0.02331,0.0033
1790822905.565181,-0.00304,0.01223,-1.0036,0.01206,0.01245,0.01011
1790822905.5835268,-0.03597,0.02688,-1.00889,-0.0146,-0.01395,-0.00173
1790822905.607671,-0.01024,-0.02961,-1.00758,0.00357,0.00897,-0.00426
1790822905.6433878,0.00864,0.00862,-1.00467,0.00772,-0.0094,0.00847
1790822905.658516,-0.02933,0.0166,-1.01301,0.00636,0.00853,-0.00867
1790822905.683649,-0.02773,-0.02025,-1.00865,0.00325,0.00891,0.01671
1790822905.702545,0.00752,0.00546,-1.00341,0.01529,0.01795,-0.00657
1790822905.725697,-0.02107,0.01941,-1.00932,-0.01024,-0.00484,0.00923
1790822905.7441568,-0.03108,-0.02852,-1.01007,-0.00271,-0.00131,0.00665
1790822905.758645,-0.00216,0.01792,-1.00415,-0.00782,0.0182,0.01562
1790822905.783764,-0.01211,0.02615,-1.00922,0.00383,0.00888,-0.01544
1790822905.800831,-0.02855,-0.03188,-1.00908,0.00197,-0.00157,0.02474
1790822905.8255548,0.00277,0.01241,-1.00866,-0.00877,0.00503,-0.02441
1790822905.8436348,-0.01008,-0.01746,-1.00624,0.00033,0.0059,0.01922
1790822905.8531048,-0.03829,0.03653,-1.0085,0.00195,0.01331,-0.00309
1790822905.8851368,0.01182,-0.0423,-1.00395,0.00793,0.01615,0.00413
1790822905.907321,-0.03181,0.01294,-1.01138,0.00577,-0.00094,0.00476
1790822905.9242518,-0.03373,0.01757,-1.01094,0.00356,0.00407,-0.02006
1790822905.943799,-0.00535,-0.01174,-1.00606,0.00468,0.00991,0.01231
1790822905.959936,-0.00235,0.01841,-1.00773,-0.00406,0.01106,-0.02133
1790822905.985051,-0.04786,-0.04641,-1.01085,0.00929,-0.02114,0.05398
1790822906.0029771,-0.01944,0.02165,-1.00937,0.00838,0.00858,-0.00172
1790822906.025978,0.01789,0.04398,-1.00855,-0.00306,0.01207,-0.02839
1790822906.044553,-0.02399,-0.02282,-1.01094,-0.00332,0.00858,-0.01001
1790822906.066587,-0.03741,-0.0271,-1.00952,0.00351,-0.00679,0.01337
1790822906.084894,-0.01892,0.01805,-1.00663,0.00404,-0.00757,0.02117
1790822906.1256452,-0.00407,0.01329,-1.00719,0.00808,0.00422,0.0039
1790822906.14508,-0.01109,-0.01517,-1.01154,-0.00405,0.00814,0.00192
1790822906.15973,-0.02198,0.00369,-1.01297,-0.00364,-0.00231,0.00159
1790822906.184708,-0.00891,0.00806,-1.00642,0.00372,0.01765,0.00063
1790822906.210426,-0.01886,0.00233,-1.01023,0.00581,0.00151,0.00473
1790822906.224247,-0.01317,-0.00149,-1.00928,0.00071,0.01096,7e-05
1790822906.245159,-0.01495,-0.00373,-1.00826,0.00332,0.00042,0.00681
1790822906.25584,-0.01221,0.00067,-1.00664,-0.00204,0.00052,0.00553
1790822906.284371,-0.01789,-0.00169,-1.0082,0.00344,0.00482,0.00382
1790822906.308226,-0.01296,0.00167,-1.00551,0.00329,0.00572,0.00039
1790822906.324495,-0.01742,0.00622,-1.00661,0.0026,0.00722,0.00134
1790822906.344525,-0.01522,-0.00039,-1.00737,0.00293,0.00936,0.00457
1790822906.366622,-0.01668,-0.00077,-1.00882,0.00316,0.00329,-0.00074
1790822906.384166,-0.01752,0.00351,-1.00806,0.00544,0.00465,0.00294
1790822906.4088562,-0.01609,0.00418,-1.00634,0.00571,0.00413,0.00208
1790822906.4438772,-0.01629,-0.00182,-1.00679,0.00106,0.00502,0.00438
1790822906.467946,-0.01926,0.00084,-1.00719,0.00104,0.00525,0.00524
1790822906.484852,-0.01768,-0.0006,-1.00825,0.00066,0.00354,0.00342
1790822906.505962,-0.0168,-0.00018,-1.00911,0.00196,0.002,0.00556
1790822906.523826,-0.01456,0.00486,-1.00849,0.00201,0.00686,-0.00032
1790822906.545793,-0.01543,0.00062,-1.00778,0.00042,0.00559,0.0037
1790822906.5558028,-0.01552,0.00223,-1.00921,-0.00076,0.00617,0.00167
1790822906.5835772,-0.01628,0.00388,-1.00929,0.00345,0.00253,0.00358
1790822906.606535,-0.01491,-0.00051,-1.00786,0.00239,0.00627,0.00371
1790822906.617441,-0.01738,0.00265,-1.0079,0.00255,0.00458,0.00063
1790822906.6453938,-0.01612,0.00252,-1.00705,0.0032,0.0049,0.0037
1790822906.664275,-0.01572,0.0002,-1.0079,0.0046,0.00312,0.00312
1790822906.709152,-0.01461,0.00144,-1.00952,0.00361,0.0052,0.00555
1790822906.724586,-0.0166,0.0016,-1.00741,0.00225,0.00397,0.0053
1790822906.7429702,-0.01723,0.00102,-1.00641,0.00237,0.00276,0.002
1790822906.764724,-0.01786,0.00188,-1.0079,0.00285,0.0046,0.00395
1790822906.785035,-0.01722,0.00329,-1.00917,0.00277,0.00594,0.00175
1790822906.8206458,-0.01575,0.00071,-1.01013,0.00104,0.00498,0.00226
1790822906.846368,-0.01448,-5e-05,-1.00776,0.00229,0.00676,0.00077
1790822906.864874,-0.01575,0.00323,-1.00803,0.00286,0.00489,0.0041
1790822906.883345,-0.0157,0.00085,-1.00935,-0.0002,0.00319,0.00182
1790822906.9082959,-0.01654,0.0004,-1.00827,0.00193,0.00505,0.00103
1790822906.9507358,-0.01679,0.00172,-1.00962,0.00021,0.00456,0.00169
1790822906.9555578,-0.01684,0.00191,-1.00697,0.00313,0.00863,0.0042
1790822906.9835489,-0.01616,0.00279,-1.00572,0.00377,0.0032,0.00288
1790822907.007294,-0.0164,0.0017,-1.00777,0.00338,0.00713,0.00202
1790822907.0242329,-0.0155,-1e-05,-1.00831,0.00345,0.00849,0.0045
1790822907.0448651,-0.01474,0.00291,-1.00773,-0.00102,0.00323,0.00224
1790822907.055615,-0.01591,0.00094,-1.00848,0.00266,0.00366,0.00193
1790822907.083616,-0.01615,0.00256,-1.00892,0.00305,0.00621,0.00305
1790822907.1076229,-0.01455,0.00255,-1.00866,0.00085,0.00556,0.00027
1790822907.12179,-0.01733,-0.00072,-1.00895,0.0031,0.0048,0.00285
1790822907.147024,-0.01799,0.00218,-1.00922,0.001,0.003,0.00216
1790822907.1648362,-0.0162,0.00271,-1.00918,0.00194,0.00825,0.00311
1790822907.183648,-0.01839,0.00068,-1.00821,-0.00147,0.00355,0.00147
1790822907.218576,-0.01576,-0.00115,-1.007,0.00409,0.00534,0.00273
1790822907.247778,-0.01423,0.00438,-1.00602,0.00107,0.00664,-0.0001
1790822907.255787,-0.01893,-0.00323,-1.00865,0.00022,0.00342,0.00343
1790822907.283617,-0.01593,0.00247,-1.0073,0.00244,0.00442,0.00273
1790822907.306433,-0.01682,-0.00072,-1.00712,0.00041,0.00726,0.00678
1790822907.320241,-0.01429,0.00465,-1.00769,0.001,0.0076,-0.00172
1790822907.345122,-0.01828,0.00116,-1.00769,0.00311,0.00292,0.00482
1790822907.364944,-0.01552,0.00177,-1.00731,0.00153,0.00696,-0.00053
1790822907.3839629,-0.01586,0.00205,-1.0063,0.00128,0.00294,0.0034
1790822907.405918,-0.01668,-0.00026,-1.00777,0.00148,0.00772,0.00374
1790822907.423935,-0.01493,0.00239,-1.00831,0.00394,0.00573,-0.00172
1790822907.447317,-0.01645,0.00234,-1.00855,0.00345,0.0026,0.00538
1790822907.4651341,-0.01365,0.00183,-1.00925,0.00327,0.00549,0.00372
1790822907.483658,-0.01646,0.0004,-1.0093,0.00165,0.00332,0.00328
1790822907.523652,-0.01716,6e-05,-1.00776,0.00347,0.00603,0.00608
1790822907.542309,-0.01723,0.00378,-1.00758,0.00052,0.00379,0.00085
1790822907.5656168,-0.01642,-0.00273,-1.00776,-0.00078,0.00575,0.01228
1790822907.584052,-0.01433,0.00539,-1.00618,0.00235,0.0036,-0.00582
1790822907.607127,-0.01743,0.00194,-1.00622,0.0002,0.00338,0.00984
1790822907.6232488,-0.01832,-0.00751,-1.00727,-0.0005,-0.00121,0.01259
1790822907.64374,-0.01265,0.00517,-1.00633,0.00362,0.00928,-0.00706
1790822907.6637068,0.01011,0.0219,-1.00567,0.00375,0.01081,-0.03671
1790822907.6836731,0.0417,0.00307,-1.00626,0.00203,0.01991,0.00584
1790822907.708637,0.08619,-0.02832,-1.00917,-0.00213,0.01411,0.00211
1790822907.723424,0.13413,0.00212,-1.01755,-0.00173,0.00092,-0.02055
1790822907.744,0.13413,0.00212,-1.01755,-0.00173,0.00092,-0.02055
1790822907.766485,0.13502,0.01067,-1.00825,-0.01135,-0.00788,-0.00308
1790822907.7835672,0.14005,0.01503,-0.99066,0.01317,0.00248,-0.01594
1790822907.809422,0.11016,0.03428,-1.01482,0.03811,-0.02018,-0.03545
1790822907.828295,0.071,0.00161,-1.00883,0.01147,0.00044,-0.01147
1790822907.844811,0.04416,-0.03018,-1.00366,-0.01842,0.02362,-0.02261
1790822907.863689,0.0223,-0.00976,-1.00909,-0.03048,-0.02347,0.00098
1790822907.884643,-0.03623,-0.01328,-1.01676,-0.04273,-0.04115,-0.00047
1790822907.910122,-0.03623,-0.01328,-1.01676,-0.04273,-0.04115,-0.00047
1790822907.9243488,-0.08449,0.02727,-1.00862,-0.00137,0.00415,-0.03676
1790822907.945885,-0.10508,0.02001,-0.99777,0.01098,-0.00781,-0.01926
1790822907.963923,-0.11995,-0.00166,-1.01321,-0.00123,0.01196,-0.01268
1790822907.98403,-0.12862,-0.03135,-1.01653,-0.01216,-0.01896,-0.00901
1790822908.007327,-0.13059,-0.02988,-1.01823,-0.02418,-0.02512,0.02213
1790822908.025686,-0.12827,0.00054,-0.99586,-0.01489,-0.00923,0.01759
1790822908.063812,-0.15516,0.01275,-0.9989,0.00429,-0.0104,0.00824
1790822908.0848289,-0.18739,-0.02639,-1.00833,0.00555,-0.00392,0.05129
1790822908.108715,-0.17974,0.00659,-1.00561,-0.00076,0.0021,0.02601
1790822908.118745,-0.11292,0.02938,-1.00516,0.00499,0.00858,-0.00579
1790822908.14685,-0.02839,0.01747,-1.00947,-0.0037,0.02673,0.00463
1790822908.164143,-0.04153,-0.00847,-1.0084,0.00849,-0.0054,0.0047
1790822908.183672,-0.01981,0.00324,-1.00541,0.00775,0.00951,0.01156
1790822908.208404,-0.02941,-0.00208,-1.00811,-0.00039,0.00759,-0.00496
1790822908.21681,-0.0268,0.01556,-1.00921,0.00147,0.00656,-0.0055
1790822908.244172,-0.02123,0.04447,-1.00635,-0.0151,0.01981,-0.02803
1790822908.265366,-0.0227,0.06989,-1.00764,-0.00979,0.01715,-0.02874
1790822908.286077,-0.03107,0.09228,-1.00639,-0.01238,0.02018,-0.01897
1790822908.3100748,-0.01787,0.13318,-0.99966,-0.00814,0.0153,-0.02824
1790822908.319756,-0.01937,0.14863,-1.01139,-0.01111,0.01556,-0.04842
1790822908.3445492,-0.01298,0.14793,-1.01238,-0.00779,-0.00109,-0.04788
1790822908.366814,-0.0153,0.11876,-1.01085,-0.00524,0.00975,-0.03036
1790822908.3864572,-0.02568,0.10262,-0.99663,0.01857,-0.01464,-0.01313
1790822908.408892,-0.01307,0.10848,-0.99445,0.00751,0.05506,-0.03147
1790822908.423394,-0.02164,0.06554,-1.00938,0.00604,-0.05866,0.0478
1790822908.448144,-0.02563,0.03806,-1.01649,0.01098,-0.03013,0.03564
1790822908.465682,0.00237,0.05547,-1.0067,0.01506,-0.01007,-0.00449
1790822908.484231,0.00563,0.02862,-1.01297,0.01495,0.01134,-0.01722
1790822908.5044632,0.00883,-0.00726,-1.00363,0.01622,-0.04059,-0.04862
1790822908.523916,-0.01622,-0.06209,-1.00912,-0.01572,0.0043,0.0111
1790822908.5443342,-0.02377,-0.10513,-1.01214,0.01362,-0.02076,0.05857
1790822908.5637581,-0.00914,-0.09563,-0.98497,-0.00418,0.0305,0.01382
1790822908.586565,-0.00687,-0.10922,-1.00468,0.04931,0.03787,-0.01706
1790822908.604913,-0.02172,-0.17266,-1.01139,0.03381,0.0304,-0.02318
1790822908.624872,-0.04401,-0.20229,-1.03065,0.0124,0.00235,-0.00455
1790822908.6481469,-0.0313,-0.11087,-1.00869,-0.00113,0.01681,-0.09694
1790822908.6655428,-0.01029,-0.09819,-1.01057,0.00787,0.0055,0.00206
1790822908.688116,-0.02424,-0.09352,-1.00827,0.00416,-0.00893,-0.02014
1790822908.7172632,-0.01382,-0.03942,-1.00704,0.00201,0.00988,-0.00186
1790822908.744546,-0.01137,0.00885,-1.00718,0.00084,0.00813,-0.00241
1790822908.766016,-0.02197,-0.01957,-1.0089,0.00375,0.00265,0.03834
1790822908.7771032,-0.02321,-0.04408,-1.00853,0.00282,0.00178,0.04988
1790822908.806421,-0.01782,-0.0497,-1.01026,-0.00058,0.00355,0.0401
1790822908.823937,-0.02598,-0.08231,-1.01002,-0.00078,0.00362,0.11544
1790822908.84852,-0.02851,-0.08799,-1.00765,0.00414,-0.0073,0.11487
1790822908.864379,-0.0191,-0.06314,-1.01044,0.01076,0.00219,0.06171
1790822908.883143,-0.02129,-0.05359,-1.01182,0.0173,-0.00045,0.03489
1790822908.9052732,-0.02229,-0.07208,-1.00323,0.00259,0.00962,0.01321
1790822908.925864,-0.02352,-0.07926,-1.00509,-0.00249,-0.00706,0.03048
1790822908.947039,-0.03039,-0.08538,-0.99876,-0.02318,0.0069,0.05442
1790822908.985269,-0.02589,-0.0432,-1.00124,0.01466,0.03875,0.02408
1790822909.003411,-0.03177,-0.03587,-1.01987,0.01341,-0.00569,0.03649
1790822909.0260181,-0.01015,-0.0066,-0.99897,0.00266,0.02019,-0.00807
1790822909.043742,-0.01378,-0.01001,-1.00911,0.00125,0.00738,0.01982
1790822909.0670888,-0.01662,0.00912,-1.01032,0.03067,0.00466,0.04451
1790822909.0861812,-0.01726,0.045,-1.01493,0.01485,-0.02782,0.01731
1790822909.1046898,-0.02146,0.05687,-1.00701,-0.01244,0.00865,0.02944
1790822909.124372,-0.02299,0.05897,-1.00669,0.00373,-0.01295,0.01677
1790822909.144166,-0.01829,0.08344,-1.00179,0.00257,0.04043,0.01689
1790822909.183895,-0.01225,0.10429,-1.00794,-0.00331,0.0068,0.00531
1790822909.205327,-0.00862,0.08446,-1.00268,-0.00063,0.00585,-0.00346
1790822909.2248478,-0.00992,0.04244,-1.00567,-0.0027,0.01007,0.02921
1790822909.247641,-0.01788,0.02173,-1.00823,-0.00299,0.00556,0.04414
1790822909.2702441,-0.01385,0.05564,-1.00657,0.00137,0.003,0.01847
1790822909.278419,-0.02442,0.05487,-1.00835,0.00458,0.00064,0.05288
1790822909.304909,-0.02166,0.03753,-1.00835,0.00442,0.00191,0.03397
1790822909.3225448,-0.00983,0.02109,-1.01002,0.00107,0.00699,-0.00606
1790822909.3454819,-0.0212,-0.01259,-1.00957,0.00315,0.00301,0.02029
1790822909.367509,-0.01131,0.02473,-1.00776,-0.0003,0.00832,-0.0275
1790822909.378614,-0.02856,-0.00131,-1.00807,0.00881,0.00299,0.04839
1790822909.407367,-0.01406,0.00549,-1.00682,0.00255,0.0066,-0.01145
1790822909.426789,-0.01119,0.01162,-1.00884,0.00013,0.00686,-0.0035
1790822909.44443,-0.02336,-0.01931,-1.00701,0.00423,0.00301,0.02082
1790822909.467066,-0.01506,0.01616,-1.00748,-0.00035,0.00451,-0.00982
1790822909.486837,-0.01506,0.00509,-1.00867,0.00403,0.00916,0.00028
1790822909.504235,-0.02019,-0.00729,-1.00848,0.00106,0.00348,0.01486
1790822909.54356,-0.01479,0.00652,-1.00788,0.0023,0.00542,-0.00301
1790822909.5692658,-0.01441,0.00935,-1.0076,0.00379,0.00278,-0.00139
1790822909.580972,-0.06282,-0.10689,-1.00676,0.00812,0.00219,0.30367
1790822909.60428,-0.15073,-0.33289,-1.01682,0.01057,-0.01879,0.96831
1790822909.62716,-0.12563,-0.31282,-1.02195,0.03822,-0.02934,1.45276
1790822909.6439092,0.07958,0.1846,-0.99074,0.03722,0.01833,0.86019
1790822909.667598,0.01912,0.04424,-1.0162,-0.02052,-0.03357,0.85161
1790822909.685421,-0.04142,-0.07665,-1.01985,-0.00901,0.00296,0.95772
1790822909.70452,-0.00939,-0.06694,-1.01465,-0.00969,0.00253,0.98915
1790822909.726389,-0.00188,-0.02182,-1.00821,0.00805,-0.03092,1.04746
1790822909.769247,-0.01657,-0.03665,-0.9959,0.03031,0.02585,1.12591
1790822909.785297,-0.00965,0.01225,-1.01099,-0.00344,-0.03379,1.0985
1790822909.8036978,-0.02326,0.01825,-1.01469,-0.01453,0.01878,1.1101
1790822909.827363,0.00771,-0.00937,-1.01066,-0.03892,0.0008,1.12177
1790822909.844585,0.00771,-0.00937,-1.01066,-0.03892,0.0008,1.12177
1790822909.8653781,-0.00626,-0.00424,-1.00543,-0.01305,0.00012,1.1554
1790822909.876083,0.00032,0.00423,-0.99226,0.02492,0.01229,1.16416
1790822909.90769,-0.01336,0.01311,-0.99892,0.01223,0.04966,1.11312
1790822909.926728,-0.01389,-0.00621,-1.02605,-7e-05,-0.0194,1.18447
1790822909.947354,-0.01687,-0.01125,-1.01409,-0.00862,-0.01069,1.20275
1790822909.965368,0.0014,0.00617,-1.00957,0.01679,-0.01453,1.1528
1790822909.977014,-0.00472,0.01292,-1.00325,0.01889,-0.01763,1.17266
1790822910.007118,-0.02894,-0.03005,-0.98523,0.0497,0.01491,1.20771
1790822910.024519,-0.01089,-0.02268,-1.00132,-0.02722,0.02438,1.19208
1790822910.043946,0.00755,0.0047,-1.03494,0.00416,-0.02429,1.17496
1790822910.0771961,-0.00344,-0.00457,-1.0186,-0.01444,-0.01866,1.16251
1790822910.1053529,-0.01719,-0.0212,-0.99591,-0.02266,-0.00219,1.2054
1790822910.123551,-0.01231,-0.02513,-0.99872,-0.01022,-0.01065,1.23896
1790822910.14429,-0.01496,0.01809,-0.98538,0.04433,0.01133,1.1922
1790822910.165248,-0.01005,-0.00081,-1.02674,-0.00795,-0.03858,1.16432
1790822910.1790879,-0.01557,-0.00472,-1.00476,0.0191,-0.01823,1.18247
1790822910.203799,-0.02121,-0.02822,-0.99948,0.01078,-0.00969,1.24549
1790822910.227592,-0.01351,-0.02342,-0.97737,0.03667,0.02657,1.25957
1790822910.244708,0.00196,-0.00589,-1.00086,-0.01752,0.02215,1.20231
1790822910.2772539,0.00948,0.01585,-1.04546,-0.02134,-0.00345,1.19572
1790822910.313331,-0.01321,-0.00943,-1.01625,0.01092,-0.01256,1.20414
1790822910.323547,-0.01795,-0.00498,-1.00805,0.00662,-0.01827,1.2296
1790822910.3432078,-0.01123,0.02024,-1.00385,0.00952,0.01144,1.22313
1790822910.365055,0.0011,0.00554,-0.97923,-0.00708,0.0177,1.19344
1790822910.383595,-0.00379,-0.00687,-1.03083,0.00523,-0.00411,1.21126
1790822910.4088168,-0.01803,-0.01398,-1.00974,-0.00496,-0.00957,1.24956
1790822910.423866,-0.00764,0.0228,-1.02311,0.00941,-0.01491,1.19412
1790822910.441927,-0.00184,0.02285,-0.99961,0.00622,-0.02902,1.22174
1790822910.471929,-0.01244,-0.00727,-0.97322,0.04302,0.02406,1.23468
1790822910.48353,-0.01033,-0.00268,-1.01678,0.03728,-0.00683,1.22616
1790822910.504023,-0.02684,0.00018,-1.03536,-0.027,0.00171,1.25008
1790822910.5234702,0.00911,0.01868,-1.01048,0.0315,-0.0546,1.18776
1790822910.5446799,-0.01148,0.01904,-1.00622,0.02233,0.01801,1.17101
1790822910.5657642,-0.01799,-0.02038,-0.98316,0.03017,0.00279,1.23557
1790822910.5843542,-0.0073,0.00546,-1.0456,-0.01491,-0.01187,1.25488
1790822910.609086,0.01034,0.02704,-1.01623,-0.00456,-0.03149,1.21367
1790822910.6237051,0.01298,0.02504,-1.01555,0.02903,-0.03508,1.16607
1790822910.646546,-0.02411,-0.00899,-0.98068,0.0166,-0.00339,1.22802
1790822910.66555,-0.01451,-0.03736,-0.98816,0.01416,0.01074,1.24196
1790822910.67915,0.00072,0.00144,-1.02608,0.00439,-0.01734,1.23188
1790822910.703805,-0.02951,-0.00796,-1.0113,0.00711,0.01805,1.26457
1790822910.7253509,-0.00315,0.01519,-1.01136,0.03162,-0.00337,1.16598
1790822910.7665842,-0.01675,-0.03758,-1.0021,-0.00083,-0.00272,1.24427
1790822910.7839518,-0.01347,-0.0012,-1.00511,-0.02187,-0.01629,1.21764
1790822910.808206,-0.00983,0.00777,-1.01659,-0.00779,0.01823,1.21139
1790822910.823584,0.02087,0.06196,-1.00618,0.01374,0.003,1.04595
1790822910.84554,0.01661,0.09256,-1.01361,0.01897,-0.00374,0.89576
1790822910.865231,-0.00264,0.04259,-0.99904,0.0047,0.00571,0.87495
1790822910.882765,-0.02186,0.01639,-1.00961,0.01217,0.00344,0.88897
1790822910.904812,-0.04866,-0.02644,-1.00981,0.02046,-0.02259,0.97836
1790822910.923908,0.01468,0.07117,-1.00228,-0.06884,-0.03822,0.7704
1790822910.965454,0.08031,0.29881,-1.00977,0.00102,0.0029,0.19904
1790822910.9841201,-0.07869,-0.0962,-1.00922,0.00747,0.00611,0.40285
1790822911.004108,-0.02053,0.02962,-1.01154,0.00124,0.00136,0.28999
1790822911.023638,0.00512,0.0784,-1.005,0.00315,0.00195,0.18272
1790822911.044896,-0.02239,0.03204,-1.00498,-0.00159,0.00323,0.19009
1790822911.0665002,-0.03119,0.00696,-1.00788,0.00981,0.00655,0.20902
1790822911.08545,-0.02773,0.01899,-1.00949,0.01365,-0.00139,0.20041
1790822911.113784,-0.02402,0.0517,-1.00671,0.00882,0.00244,0.16381
1790822911.124337,-0.02988,0.05852,-1.00643,0.00562,0.00239,0.13385
1790822911.144185,-0.03425,0.03978,-1.0069,0.00471,0.00081,0.13547
1790822911.16711,-0.03661,0.00721,-1.00808,0.0084,0.00803,0.1525
1790822911.187417,-0.03065,0.01336,-1.00854,0.00105,0.00935,0.09612
1790822911.226176,-0.0198,0.00753,-1.00625,0.00548,0.00516,0.05285
1790822911.248576,-0.01661,0.00943,-1.00862,-0.00092,-0.00201,-0.00485
1790822911.265128,-0.01934,0.0096,-1.00898,0.00375,0.00799,0.01043
1790822911.281524,-0.01527,0.0246,-1.00673,0.00461,0.00783,-0.01378
1790822911.3083599,-0.01574,-0.00202,-1.00933,0.00061,0.00344,0.00642
1790822911.324078,-0.01869,0.0129,-1.00839,0.00339,0.00566,-0.00104
1790822911.34477,-0.01677,0.01847,-1.0066,0.00562,0.00496,-0.00128
1790822911.364672,-0.01849,0.00272,-1.00701,0.00265,0.00562,0.00663
1790822911.386595,-0.01899,0.0138,-1.00841,0.00362,0.00445,-0.0041
1790822911.423959,-0.02203,0.01424,-1.0075,0.00321,0.0053,0.00348
1790822911.464284,-0.026,0.01385,-1.00613,0.00366,0.00801,-0.00179
1790822911.484433,-0.02747,0.0115,-1.00822,-0.00104,0.00542,-0.00442
1790822911.49882,-0.02751,0.01121,-1.00849,0.00136,0.00244,-0.01378
1790822911.523666,-0.02645,0.01049,-1.00661,0.00437,0.00541,-0.02056
1790822911.548074,-0.03009,0.00775,-1.00821,0.00131,0.00443,-0.00658
1790822911.565485,-0.02877,0.01952,-1.00806,0.00163,0.00322,-0.01804
1790822911.585074,-0.02631,0.02437,-1.00727,-0.00043,0.0043,-0.04026
1790822911.597516,-0.02422,0.01519,-1.00677,-0.00148,0.00321,-0.0377
1790822911.625559,-0.02383,0.01055,-1.00736,-0.00101,0.0109,-0.04749
1790822911.645677,-0.02154,0.0152,-1.00727,0.0009,0.00548,-0.05617
1790822911.685686,-0.02063,0.01827,-1.00699,0.00097,0.00586,-0.07079
1790822911.705246,-0.02683,0.00076,-1.00734,0.0034,0.00621,-0.02248
1790822911.726253,-0.01166,0.02238,-1.00868,-0.00144,0.00537,-0.03871
1790822911.743614,-0.021,0.00541,-1.00806,0.00504,0.00685,0.01169
1790822911.766627,-0.02613,0.0118,-1.00763,8e-05,0.00272,-0.01328
1790822911.784286,-0.01452,0.04422,-1.00456,-0.00022,0.00826,-0.06323
1790822911.799839,-0.02024,0.03183,-1.00841,0.00261,0.00709,-0.08582
1790822911.8243148,-0.02532,0.02629,-1.01,0.00376,0.00797,-0.10056
1790822911.840842,-0.03018,0.01535,-1.00921,0.0026,0.01319,-0.07126
1790822911.867428,-0.03358,-0.02426,-1.0066,0.00917,1e-05,-0.00769
1790822911.8886468,-0.01928,0.00374,-1.00776,-0.00031,0.00779,-0.06283
1790822911.9236631,-0.01809,0.02807,-1.0076,-0.00048,0.00227,-0.07271
1790822911.9383209,-0.02655,0.02178,-1.00743,0.00428,0.00768,-0.08325
1790822911.968568,-0.02499,0.03124,-1.00716,0.00177,0.00696,-0.11942
1790822911.9839501,-0.02994,-0.01568,-1.0088,0.00546,0.00449,-0.04169
1790822912.0012941,-0.02994,-0.01568,-1.0088,0.00546,0.00449,-0.04169
1790822912.025888,-0.02955,0.00332,-1.0075,0.00568,0.00574,-0.01998
1790822912.0420532,-0.02955,0.00332,-1.0075,0.00568,0.00574,-0.01998
1790822912.066556,-0.03109,-0.00206,-1.00853,0.00334,0.0041,-0.05451
1790822912.085702,-0.03229,-0.00762,-1.00739,0.00708,-0.00135,-0.00897
1790822912.0995588,-0.03268,-0.017,-1.00792,0.00281,0.00178,-0.01656
1790822912.1249359,-0.02269,0.01259,-1.00746,-0.00285,0.00825,-0.04962
1790822912.142324,-0.03052,-0.00852,-1.00841,0.0036,0.00242,0.01246
1790822912.16608,-0.03288,0.00515,-1.00686,0.0012,0.0022,-0.01071
1790822912.1849,-0.02215,0.02938,-1.00668,-0.00056,0.00754,-0.02543
1790822912.201365,-0.0295,-0.00128,-1.00697,0.00515,0.00044,0.01398
1790822912.22596,-0.02804,0.00904,-1.00831,0.00287,0.00407,-0.02348
1790822912.245059,-0.02779,0.02046,-1.00732,0.00262,0.00914,-0.00373
1790822912.271646,-0.04085,-0.01947,-1.00618,0.0057,0.00325,0.03889
1790822912.284687,-0.01595,0.03361,-1.00412,0.00208,0.00362,-0.05281
1790822912.307231,-0.02566,0.03128,-1.00735,0.00294,0.00783,-0.03085
1790822912.325949,-0.03423,-0.014,-1.00959,0.00915,0.00038,0.00829
1790822912.342519,-0.00859,0.01539,-1.00833,0.00029,0.02055,-0.04503
1790822912.3713,-0.01603,0.03722,-1.0088,0.00067,0.003,-0.04582
1790822912.384789,-0.0345,-0.00897,-1.00813,0.00314,0.0006,-0.01314
1790822912.406305,-0.01604,-0.02389,-1.00206,0.0154,0.00212,0.04458
1790822912.42652,-0.04548,0.02935,-1.01005,-0.00657,-0.00316,-0.02857
1790822912.4440708,-0.03188,0.00541,-1.009,0.00393,0.00067,-0.0103
1790822912.469841,-0.02183,0.00272,-1.00855,0.00752,0.01465,0.0077
1790822912.4853,-0.02427,0.03472,-1.00882,0.00014,0.00423,-0.03993
1790822912.507007,-0.0195,0.01446,-1.00766,-0.00126,0.01169,-0.01209
1790822912.544856,-0.03386,-0.02362,-1.00545,0.01129,0.00355,0.02255
1790822912.564437,-0.02892,0.03033,-1.00891,-0.00322,-2e-05,-0.03439
1790822912.584725,-0.02761,0.00326,-1.00813,0.00246,0.00592,0.00156
1790822912.607832,-0.02358,0.02262,-1.00857,0.00356,0.00883,-0.01692
1790822912.628196,-0.03017,-0.00305,-1.00742,0.00444,0.00182,0.0242
1790822912.645949,-0.02477,0.01532,-1.00602,0.00165,0.00238,-0.02044
1790822912.669415,-0.02275,0.01897,-1.00699,0.00246,0.00867,-0.00142
1790822912.690377,-0.02769,-0.0048,-1.00882,0.00377,0.00278,0.01564
1790822912.706145,-0.02124,0.02132,-1.00847,-0.00129,0.00522,-0.02552
1790822912.730301,-0.02315,0.01163,-1.0068,0.00344,0.00632,0.00707
1790822912.7658281,-0.02255,0.02201,-1.00724,0.0006,0.00864,-0.01296
1790822912.7867079,-0.02667,0.00219,-1.00708,0.00227,0.0026,0.01804
1790822912.808726,-0.02734,0.01207,-1.00706,0.00063,0.00136,-0.01052
1790822912.826622,-0.02226,0.017,-1.00662,-0.00067,0.0068,-0.00211
1790822912.844458,-0.02865,-0.00087,-1.00678,0.00265,0.00329,0.01472
1790822912.868762,-0.02356,0.02053,-1.00718,-0.00171,0.00347,-0.01863
1790822912.886384,-0.02496,0.01029,-1.00715,0.00034,0.00099,0.01042
1790822912.907132,-0.02727,0.00465,-1.00809,0.00338,0.00434,0.0022
1790822912.931493,-0.02655,0.02004,-1.00844,0.00326,0.00414,-0.0101
1790822912.947938,-0.03062,-0.0003,-1.00829,0.00415,0.00634,0.01318
1790822912.975323,-0.02851,0.01403,-1.00623,0.00132,0.00513,-0.01085
1790822912.988116,-0.02206,0.01097,-1.00621,0.0012,0.01091,-0.00976
1790822913.026616,0.0111,-0.00528,-1.00876,0.00147,0.01385,-0.01815
1790822913.046219,0.06457,0.01909,-1.00856,-0.00027,0.01698,-0.05479
1790822913.0663412,0.09263,-0.01653,-0.99915,0.00047,0.02364,0.00964
1790822913.08587,0.17107,0.0073,-1.00407,0.0421,0.0112,0.03469
1790822913.1066198,0.18969,0.02228,-1.00499,0.01489,0.02578,0.03032
1790822913.1279051,0.18897,0.01345,-1.0217,0.00345,0.01293,0.02965
1790822913.145835,0.17851,0.0141,-1.02648,0.00738,-0.02408,-0.00757
1790822913.155941,0.16132,0.03068,-0.99157,0.0434,0.00701,-0.03509
1790822913.1853828,0.12496,0.01698,-1.00262,0.02863,0.03758,-0.04064
1790822913.2104828,0.09609,0.00106,-1.02054,0.03955,-0.04397,-0.04301
1790822913.234755,0.06194,-0.00948,-1.02265,0.01393,-0.04597,-0.07424
1790822913.24626,0.01757,-0.02326,-1.00504,0.00799,-0.02516,0.00559
1790822913.268696,-0.02914,-0.04752,-1.00113,0.02355,-0.06762,0.042
1790822913.2856362,-0.02532,0.02648,-0.99669,-0.00325,0.03356,-0.04305
1790822913.312562,-0.05943,0.01987,-1.01491,0.03012,-0.02544,-0.0514
1790822913.3461099,-0.12941,-0.06189,-1.02224,-0.04089,-0.01688,0.06901
1790822913.348108,-0.12476,-0.01436,-0.99796,-0.02796,-0.00799,0.04407
1790822913.365896,-0.11357,0.04575,-0.98717,0.01223,0.00562,-0.02165
1790822913.404122,-0.13908,0.0242,-1.00913,-0.03538,0.00317,0.00056
1790822913.444821,-0.12447,-0.00047,-1.01351,-0.03544,-0.00237,0.00349
1790822913.465518,-0.09234,0.00724,-1.00552,-0.00089,-0.00576,-0.04361
1790822913.484781,-0.05576,0.0123,-0.99635,0.02226,-0.03899,-0.0909
1790822913.5048451,-0.03533,-0.04189,-0.99379,0.0118,-0.00973,-0.01715
1790822913.526607,-0.03498,-0.06649,-1.00941,-0.01152,0.02779,0.01399
1790822913.5465112,-0.00653,-0.0306,-1.00553,-0.02249,0.05137,0.03898
1790822913.566551,0.00685,0.00258,-1.01616,-0.01056,0.00904,0.04103
1790822913.5861492,0.03725,0.06137,-1.0334,0.00248,-0.01608,-0.07203
1790822913.6073868,0.01323,0.00283,-0.99959,0.00165,0.021,0.00208
1790822913.628921,0.0345,0.04099,-0.98762,0.01826,0.02147,-0.03487
1790822913.646417,0.03373,0.0998,-0.99332,-0.00428,0.05227,0.02371
1790822913.686985,0.01455,0.12034,-1.04042,0.03104,-0.01252,-0.02448
1790822913.706133,0.00739,0.04051,-0.99787,0.0071,-0.00342,0.08851
1790822913.738817,-0.00058,0.07837,-1.00285,0.00438,0.0058,0.03101
1790822913.7526028,-0.00058,0.07837,-1.00285,0.00438,0.0058,0.03101
1790822913.767314,-0.01569,0.05214,-1.03479,0.04085,-0.01276,-0.08918
1790822913.785974,-0.08332,-0.0683,-1.0119,0.01355,0.01043,0.04721
1790822913.8021362,-0.04643,-0.04276,-0.96943,0.00463,-0.0277,0.06684
1790822913.82735,-0.03089,-0.00478,-0.99681,0.02009,0.02485,0.03304
1790822913.846376,-0.0526,-0.03688,-1.01506,0.04315,0.02411,-0.00267
1790822913.864929,-0.08473,-0.09728,-1.05586,0.01559,-0.01953,0.0428
1790822913.8872828,-0.07706,-0.05524,-0.9779,-0.01847,0.00945,0.07701
1790822913.9048388,-0.05843,-0.00782,-0.98047,0.01221,0.04358,0.0402
1790822913.945624,-0.04736,0.00072,-1.01953,0.01135,0.01325,-0.00437
1790822913.965266,-0.04884,-0.06757,-1.01553,0.0255,0.01561,0.01189
1790822913.987419,-0.05271,-0.07106,-1.01435,-0.0303,0.02053,0.06378
1790822914.008897,-0.02113,-0.02452,-1.00272,-0.02426,0.01442,0.0023
1790822914.02917,-0.00221,-0.0144,-0.9897,0.0018,0.03243,-0.02234
1790822914.047246,-0.0161,0.03218,-1.01657,0.00855,0.00869,-0.05965
1790822914.067586,-0.01593,0.06011,-1.00233,-0.02188,0.01999,-0.03259
1790822914.093112,-0.00593,0.08671,-1.01043,-0.0164,0.02988,0.01143
1790822914.106387,-0.01385,0.06468,-1.01273,-0.00709,0.00574,0.07859
1790822914.146515,-0.01597,0.08289,-1.02685,0.02364,-0.02561,0.05031
1790822914.160901,0.00497,0.07182,-0.99292,0.01211,0.03252,-0.03587
1790822914.186145,0.00497,0.07182,-0.99292,0.01211,0.03252,-0.03587
1790822914.205339,-0.00698,0.03733,-1.00074,0.00384,-0.01064,-0.01624
1790822914.239548,-0.02787,0.00956,-1.02366,0.01082,-0.02238,0.03737
1790822914.247272,-0.00716,0.02013,-0.98432,0.02604,0.01532,-0.0231
1790822914.2656262,-0.02098,-0.00791,-0.95421,0.07176,0.09514,-0.00825
1790822914.290675,-0.02995,-0.02777,-1.03376,0.0181,0.02301,0.00676
1790822914.3078039,-0.03812,0.00708,-1.05143,0.00222,-0.03448,-0.00731
1790822914.3458261,-0.05292,-0.02613,-0.98625,0.03742,-0.00755,-0.00604
1790822914.347542,-0.04736,-0.0192,-1.01237,0.00302,-0.00359,0.02494
1790822914.366178,-0.02945,0.01182,-1.01158,-0.01216,0.00344,0.01483
1790822914.387247,-0.05104,-0.02405,-1.00663,-0.01988,0.00278,0.03824
1790822914.430202,-0.03526,0.0237,-1.01825,-0.00786,-0.01298,-0.00294
1790822914.4449909,-0.0294,0.01945,-0.99436,-0.00052,0.01331,0.00536
1790822914.465677,-0.02712,0.01305,-1.02149,0.01076,0.01746,0.02133
1790822914.486975,-0.03453,0.01034,-1.02734,0.0041,-0.00023,0.01418
1790822914.504517,-0.03453,0.01034,-1.02734,0.0041,-0.00023,0.01418
1790822914.528885,-0.02597,0.00417,-1.00938,0.00947,0.00842,0.00438
1790822914.546088,-0.01385,0.01706,-0.99423,0.00497,0.02879,0.0214
1790822914.5646899,0.00087,0.03089,-1.00566,-0.00375,0.01949,-0.03152
1790822914.585479,-0.00124,0.02339,-1.01647,0.01936,-0.00085,-0.02926
1790822914.606302,-0.02439,-0.03394,-1.01896,-0.01304,0.00211,0.04455
1790822914.646873,-0.02685,0.00848,-1.02885,-0.00326,-0.00957,0.00335
1790822914.6663969,-0.03294,0.00617,-0.99682,0.00112,-0.00644,-0.00226
1790822914.684722,-0.04282,-0.00251,-1.00166,-0.01077,0.02724,0.01109
1790822914.7315252,-0.04881,-0.02261,-1.01894,-0.0446,0.00667,0.07092
1790822914.7458189,-0.04332,0.05963,-0.98966,0.01225,-0.00329,-0.033
1790822914.767638,-0.07412,0.00997,-1.00442,0.0072,-0.00362,0.01084
1790822914.7849631,-0.08081,-0.01351,-1.0117,-0.0056,0.02274,0.02123
1790822914.810237,-0.07083,0.01606,-0.99747,-0.00433,0.03279,0.00323
1790822914.8443468,-0.07199,0.01166,-1.0067,0.00791,0.01502,0.0006
1790822914.866684,-0.08333,0.00652,-1.02749,-0.00265,0.00049,0.01642
1790822914.8916311,-0.07897,0.02933,-1.00321,0.0259,0.00884,-0.00733
1790822914.906089,-0.06896,0.01304,-0.99213,0.01836,0.00643,-0.00793
1790822914.926315,-0.0613,-0.01278,-1.0033,0.00634,0.01409,0.02264
1790822914.944308,-0.04294,-0.00804,-1.00279,-0.01164,0.01057,0.02969
1790822914.9681878,-0.03434,0.0375,-1.0107,0.01799,0.0087,-0.03715
1790822914.9866529,-0.05446,0.02362,-1.02318,-0.00896,-0.01062,0.00033
1790822915.0073369,-0.07658,-0.01804,-1.01089,-0.01811,-0.00067,0.00671
1790822915.0256698,-0.06856,0.00442,-0.99621,0.00871,0.00858,-0.01297
1790822915.046816,-0.07767,0.03119,-1.00946,0.01819,-0.00167,-0.01067
1790822915.07298,-0.08205,0.01626,-1.01098,0.01735,0.00252,-0.00112
1790822915.0861921,-0.08163,-0.00086,-1.00454,0.00866,0.00637,0.01464
1790822915.106347,-0.07331,0.00575,-1.00549,-0.00037,0.01036,-0.01135
1790822915.145559,-0.07174,0.00437,-1.00669,0.00031,0.01024,0.00377
1790822915.167327,-0.06842,0.01768,-1.00835,0.00149,0.00666,0.0049
1790822915.186883,-0.05898,0.01508,-1.00853,0.00297,0.00801,-0.00153
1790822915.206341,-0.05207,-0.00107,-1.00802,0.0016,0.00982,0.00064
1790822915.233794,-0.0393,0.00738,-1.00726,-0.00093,0.00513,-0.00491
1790822915.247265,-0.01324,0.01438,-1.00867,0.00264,0.01056,-0.00153
1790822915.270661,0.00028,0.00954,-1.00895,0.004,0.01113,-0.0006
1790822915.286498,0.0005,0.00076,-1.01139,-0.00072,0.00211,0.00202
1790822915.305928,-0.03079,0.00641,-1.01199,-0.00146,-0.0028,0.00483
1790822915.347857,-0.05701,0.01781,-1.00827,-0.0017,-0.00011,0.00208
1790822915.367371,-0.07432,0.00671,-1.00513,0.00171,0.00013,0.00691
1790822915.3856761,-0.06797,0.00434,-1.00766,0.00502,0.00578,0.00368
1790822915.405597,-0.04806,0.00983,-1.00547,0.00642,0.00659,-0.00272
1790822915.426952,-0.04037,0.01162,-1.00787,0.00753,0.00663,-7e-05
1790822915.4462678,-0.03686,0.00447,-1.0087,0.00755,0.00772,0.00216
1790822915.466764,-0.03478,0.00995,-1.0097,0.01019,0.00382,0.00028
1790822915.4859,-0.03103,0.0108,-1.00843,0.00982,0.00707,-5e-05
1790822915.507769,-0.02888,0.00716,-1.00704,0.00713,0.00724,0.0009
1790822915.5282938,-0.02828,0.00927,-1.009,0.00547,0.00472,0.00305
1790822915.547164,-0.02658,0.00901,-1.00818,0.00362,0.00642,0.00195
1790822915.568278,-0.02548,0.00837,-1.00754,0.00513,0.00837,0.00233
1790822915.5880132,-0.02481,0.00884,-1.00493,0.00532,0.00583,0.00332
1790822915.606687,-0.02555,0.00949,-1.00835,0.00491,0.00485,0.00182
1790822915.637562,-0.02469,0.00764,-1.00739,0.0055,0.00719,0.00571
1790822915.6471958,-0.02374,0.0078,-1.00901,0.00225,0.00563,0.00212
1790822915.6693141,-0.02445,0.00967,-1.00787,0.00177,0.00508,0.00069
1790822915.686152,-0.02544,0.00601,-1.00698,0.00605,0.00736,0.00487
1790822915.709793,-0.02534,0.00839,-1.00899,0.00181,0.00831,0.00298
1790822915.746171,-0.0279,0.00849,-1.0082,0.00397,0.00414,0.00206
1790822915.767904,-0.02743,0.00825,-1.00682,0.00299,0.00571,0.00326
1790822915.7913961,-0.02668,0.00952,-1.00893,0.0032,0.00324,0.00402
1790822915.807851,-0.02574,0.01019,-1.00851,0.00188,0.00482,0.00541
1790822915.826316,-0.02604,0.00869,-1.00581,0.00482,0.00517,0.00208
1790822915.8489568,-0.02558,0.0089,-1.00792,0.00438,0.00288,0.00127
1790822915.868734,-0.02474,0.00769,-1.00843,0.00089,0.00538,0.00257
1790822915.891673,-0.02538,0.00807,-1.00844,0.0019,0.006,0.00082
1790822915.9352698,-0.02493,0.00918,-1.00826,0.00061,0.00601,0.00161
1790822915.946015,-0.01686,0.01115,-1.00803,0.00335,-0.00568,-0.00919
1790822915.967958,-0.01686,0.01115,-1.00803,0.00335,-0.00568,-0.00919
1790822915.985791,-0.04023,-0.00643,-1.00954,0.003,0.00658,-0.0029
1790822916.007318,-0.04023,-0.00643,-1.00954,0.003,0.00658,-0.0029
1790822916.0313091,-0.00999,0.01373,-1.0049,0.00346,0.00197,0.02153
1790822916.046792,-0.03504,-0.00087,-1.00985,0.00114,-0.00625,0.01277
1790822916.067601,-0.009,0.01042,-1.00529,-0.00062,0.01387,-0.01213
1790822916.079458,-0.01952,0.01185,-1.00495,0.00341,0.02335,0.00933
1790822916.1080801,-0.06046,-0.0074,-1.01034,-0.00276,-0.01321,0.01141
1790822916.125802,-0.02526,0.01767,-1.00811,0.01324,-0.03173,0.00286
1790822916.1492538,0.01415,0.02984,-1.00643,0.01438,0.00575,-0.00661
1790822916.177957,-0.0452,-0.0202,-1.01099,0.00016,0.0024,0.00929
1790822916.205706,-0.02628,0.01817,-1.00767,-0.00157,0.02249,-0.00986
1790822916.239862,-0.03497,0.01607,-1.00991,0.01072,0.00133,0.00276
1790822916.245504,0.00286,0.03927,-1.0077,-0.00787,0.01879,-0.00147
1790822916.267916,-0.00983,-0.02857,-1.0067,0.00389,0.02053,0.01091
1790822916.2747579,-0.03584,0.01299,-1.00855,-0.00062,0.00131,-0.00694
1790822916.3063722,-0.02245,0.01084,-1.00768,0.00017,0.00038,0.01051
1790822916.328964,-0.01658,0.0081,-1.00703,0.00228,0.00404,-0.00348
1790822916.346572,-0.02954,0.01265,-1.01163,-0.00037,-0.00041,0.00645
1790822916.3670971,-0.02327,-0.00191,-1.00898,0.00558,0.00686,0.00447
1790822916.383137,-0.01829,0.01951,-1.00736,0.00036,0.01194,-0.00073
1790822916.406306,-0.0329,-0.01032,-1.00829,0.00303,-0.0003,0.03092
1790822916.429858,-0.01659,0.02244,-1.00724,-0.00146,0.00433,-0.01007
1790822916.4448159,-0.01635,0.01297,-1.00742,0.00391,0.00325,0.00753
1790822916.479522,-0.02464,0.00616,-1.00823,0.00055,0.00343,0.00378
1790822916.50604,-0.01478,0.02613,-1.00712,0.00292,0.00698,-0.04301
1790822916.52494,-0.02843,0.00556,-1.00765,0.00582,0.00426,-0.00091
1790822916.5454268,-0.0315,-0.00855,-1.00759,0.00446,0.00436,0.0102
1790822916.565668,-0.01598,0.00909,-1.00736,-0.00091,0.00405,0.00652
1790822916.588375,-0.02986,0.01385,-1.00969,0.00343,-0.00026,-0.00772
1790822916.6077251,-0.02476,0.0133,-1.00742,0.00597,0.00665,0.01499
1790822916.625304,-0.0249,-0.0116,-1.00613,0.00141,0.00503,0.02142
1790822916.648913,-0.01824,0.02788,-1.0065,-0.00091,0.00725,-0.01411
1790822916.667029,-0.0199,0.01534,-1.00869,0.00663,0.00969,0.0065
1790822916.689158,-0.02938,-0.01493,-1.01015,-0.00465,-0.00307,0.01295
1790822916.706083,-0.01368,0.03522,-1.00708,0.00054,0.00999,-0.02506
1790822916.735873,-0.02649,-0.00596,-1.00801,0.00604,0.00376,0.0175
1790822916.766743,-0.02728,0.00754,-1.00875,0.00325,0.0021,0.00113
1790822916.788033,-0.01997,0.0134,-1.00826,0.00424,0.00575,-0.00768
1790822916.806195,-0.02702,-1e-05,-1.00828,0.0002,0.00883,0.02056
1790822916.8267279,-0.02488,0.00797,-1.00843,0.00137,0.00412,0.01127
1790822916.848462,-0.02362,0.00259,-1.0078,0.00259,0.00844,0.0036
1790822916.868027,-0.02039,0.01728,-1.00696,0.0025,0.00447,-0.00615
1790822916.887402,-0.02449,0.00116,-1.00733,0.00403,0.00403,0.0172
1790822916.90575,-0.01856,0.01352,-1.00922,0.00055,0.0045,-0.01096
1790822916.927166,-0.01856,0.01352,-1.00922,0.00055,0.0045,-0.01096
1790822916.946552,-0.02362,0.00608,-1.00803,0.0025,0.00646,0.00723
1790822916.9659572,-0.02124,0.01278,-1.00963,0.00095,0.00622,-0.00295
1790822916.977068,-0.02435,0.0027,-1.00902,0.0019,0.00222,0.01235
1790822917.006185,-0.02212,0.01154,-1.00747,0.00054,0.00518,-0.0091
1790822917.026613,-0.02206,0.00922,-1.00752,-0.00071,0.0015,0.0056
1790822917.0475929,-0.02419,0.00219,-1.00676,0.0033,0.00796,0.00789
1790822917.067298,-0.01819,0.01607,-1.00794,0.00203,0.00357,-0.00851
1790822917.0921469,-0.02365,0.0016,-1.00829,0.00272,0.0052,0.01416
1790822917.107991,-0.01932,0.0146,-1.00728,-0.00094,0.00833,-0.00781
1790822917.144442,-0.02125,0.00726,-1.0062,0.00289,0.00618,0.00568
1790822917.165946,-0.02655,0.00435,-1.00789,0.00321,0.0042,0.00822
1790822917.187061,-0.02697,3e-05,-1.00837,0.00306,0.0066,0.01349
1790822917.2059462,-0.02091,0.01444,-1.00773,0.00266,0.0043,-0.00776
1790822917.22592,-0.02091,0.01444,-1.00773,0.00266,0.0043,-0.00776
1790822917.2472901,-0.02511,0.00057,-1.00823,0.00565,0.00459,0.00729
1790822917.270981,-0.0182,0.01793,-1.00808,0.00498,0.00417,-0.00853
1790822917.289869,-0.02534,0.00066,-1.00886,-0.00088,0.00327,0.0174
1790822917.3059158,-0.02114,0.01212,-1.00953,-0.00031,0.00266,-0.0125
1790822917.329031,-0.02173,0.00873,-1.00905,0.00177,0.00729,0.00727
1790822917.347326,-0.02372,0.00323,-1.00857,0.00374,0.00677,0.00823
1790822917.369758,-0.01784,0.01743,-1.00784,0.00066,0.00742,-0.0105
1790822917.388652,-0.02596,-0.00237,-1.00758,0.00294,0.00798,0.02116
1790822917.4066849,-0.01948,0.01754,-1.00759,0.00021,0.00399,-0.01403
1790822917.4476411,-0.02141,0.0056,-1.00644,-0.00029,0.00415,0.01086
1790822917.4707599,-0.02409,0.00378,-1.00916,0.00329,0.00497,0.00407
1790822917.485814,-0.02003,0.01984,-1.00988,0.0023,0.00581,-0.00537
1790822917.5056572,-0.02769,-0.00268,-1.00725,0.00068,0.0065,0.01749
1790822917.526057,-0.01866,0.01751,-1.00721,0.001,0.00379,-0.01803
1790822917.547532,-0.02542,0.00283,-1.00783,0.00409,0.00289,0.01931
1790822917.569773,-0.02249,0.00775,-1.00881,0.00171,0.00433,-0.00913
1790822917.5884402,-0.02078,0.01224,-1.00866,0.00024,0.00391,0.00149
1790822917.606134,-0.02524,0.00209,-1.00769,0.0033,0.00324,0.01285
1790822917.625809,-0.02627,-0.00207,-1.00899,0.00329,0.00622,0.0228
1790822917.645359,-0.02022,0.01759,-1.00777,0.00158,0.00531,-0.01621
1790822917.671608,-0.02286,0.00728,-1.00763,0.00327,0.00099,0.01395
1790822917.688071,-0.02254,0.00305,-1.00795,0.00245,0.00504,0.0025
1790822917.707498,-0.0176,0.01716,-1.00851,0.00372,0.005,-0.00574
1790822917.730915,-0.02724,-0.00355,-1.00794,0.00064,0.00594,0.01984
1790822917.747026,-0.02087,0.01806,-1.00615,0.00011,0.00388,-0.01989
1790822917.772688,-0.02558,0.00273,-1.00687,0.00098,0.00163,0.01777
1790822917.787216,-0.02327,0.00898,-1.00872,0.00054,0.00349,-0.00087
1790822917.826571,-0.01802,0.01452,-1.00967,0.0021,0.00415,-7e-05
1790822917.846434,-0.02544,-0.00201,-1.00993,0.00433,0.00446,0.01742
1790822917.868078,-0.02513,-0.00152,-1.00846,0.00028,0.00583,0.01918
1790822917.888906,-0.02513,-0.00152,-1.00846,0.00028,0.00583,0.01918
1790822917.909622,-0.02288,0.01011,-1.00812,0.00209,0.00471,-0.00812
1790822917.927815,-0.01858,0.01379,-1.00926,0.00182,0.00347,0.00076
1790822917.949172,-0.0262,-0.0031,-1.00889,0.00351,0.00426,0.01712
1790822917.969804,-0.02676,-0.00388,-1.00748,0.00646,0.00257,0.02506
1790822917.9913611,-0.01883,0.01567,-1.0072,-0.00156,0.00435,-0.01401
1790822918.0125928,-0.01915,0.00893,-1.00556,0.0019,0.00354,0.00749
1790822918.027956,-0.02715,-8e-05,-1.00531,0.00582,0.00557,0.0135
1790822918.0487812,-0.01793,0.02083,-1.007,0.00437,0.00671,-0.01868
1790822918.06905,-0.02759,-0.00467,-1.00686,0.00166,0.00528,0.02934
1790822918.089984,-0.02019,0.01839,-1.00768,0.00227,0.00263,-0.02157
1790822918.111532,-0.02191,0.00309,-1.00929,0.00335,0.00293,0.01848
1790822918.12746,-0.02532,0.00545,-1.0081,0.00181,0.00339,0.00016
1790822918.172587,-0.01857,0.01738,-1.00841,-0.00025,0.00698,-0.00783
1790822918.20783,-0.02466,-0.00027,-1.00951,0.00121,0.00349,0.02285
1790822918.227776,-0.02182,0.01136,-1.00749,0.00165,0.00527,-0.00747
1790822918.245707,-0.01968,0.01187,-1.00675,0.00049,0.00383,0.00571
1790822918.2691982,-0.02521,0.00434,-1.00741,0.00278,0.0059,-0.00124
1790822918.2920902,-0.01872,0.01954,-1.00919,-0.00063,0.00865,-0.02715
1790822918.310045,-0.03249,-0.00629,-1.00861,0.00589,0.01137,0.00577
1790822918.343862,0.001,0.0439,-1.00806,0.00327,0.01016,-0.04048
1790822918.3676732,-0.02746,-0.01541,-1.00927,0.00269,-0.0069,0.02671
1790822918.387452,-0.01853,-0.00031,-1.00626,0.00114,0.00567,-0.01663
1790822918.409132,-0.01633,0.02512,-1.00809,0.00214,0.00297,-0.0005
1790822918.42842,-0.03154,-0.00984,-1.00875,0.00427,0.00584,0.0308
1790822918.449911,-0.01545,0.02564,-1.00898,-0.00029,0.00667,-0.03213
1790822918.4683058,-0.02734,-0.00304,-1.0079,0.00329,0.00458,0.02215
1790822918.48943,-0.02329,0.01155,-1.00829,0.00392,0.00586,-0.00066
1790822918.5096052,0.03185,0.12682,-0.99588,-0.0371,0.01159,-0.31337
1790822918.5281038,0.12115,0.35524,-1.00612,0.01374,0.02995,-1.01777
1790822918.546228,0.1043,0.32036,-1.02184,-0.04147,0.05116,-1.48591
1790822918.567643,-0.0362,-0.06186,-1.04414,-0.08629,-0.03105,-1.22796
1790822918.609159,-0.08846,-0.20066,-0.98532,-0.03969,0.03899,-0.93216
1790822918.6280801,-0.03363,-0.05212,-0.98132,-0.01908,0.03206,-0.86088
1790822918.644263,0.00027,0.05717,-1.01328,0.01071,0.01863,-0.96309
1790822918.6752052,0.00069,0.06284,-1.01904,0.01173,0.01096,-1.02102
1790822918.687577,-0.006,0.0062,-1.00968,-0.01231,-0.0053,-1.06563
1790822918.7082639,-0.00532,-0.0009,-1.02556,-0.0356,-0.009,-1.10543
1790822918.727328,0.00579,0.04098,-0.97836,-0.03444,0.01837,-1.15792
1790822918.753647,-0.00126,0.01413,-1.01299,0.02337,0.03771,-1.1643
1790822918.768749,-0.0201,-0.00594,-1.00312,0.02126,0.00342,-1.17487
1790822918.789692,-0.01072,-0.01161,-1.01444,0.01943,0.00203,-1.12747
1790822918.807882,-0.01032,-0.01382,-1.01228,-0.00908,0.01971,-1.06572
1790822918.830098,-0.01006,0.02594,-1.01123,-0.03245,0.00863,-1.17203
1790822918.854024,0.01398,0.06084,-0.97747,0.00203,0.02378,-1.22837
1790822918.8885791,-0.01056,-0.02345,-1.01538,0.0265,-0.00745,-1.1544
1790822918.9077818,0.00549,0.01754,-1.0045,0.00356,0.02735,-1.14612
1790822918.927583,-0.001,0.0163,-1.02464,-0.03343,-0.01497,-1.1549
1790822918.949282,-0.02117,0.01316,-1.00008,-0.06211,-0.00357,-1.23697
1790822918.9689212,0.00078,0.01008,-0.99121,0.01363,0.01156,-1.19261
1790822918.991931,-0.00857,-0.0222,-1.0073,0.01109,0.0209,-1.18768
1790822919.0075278,-0.01621,-0.00915,-1.01403,-0.00038,0.0246,-1.17501
1790822919.027887,0.00259,0.02315,-1.00764,-0.02452,0.02166,-1.18222
1790822919.050167,0.00831,0.00549,-1.00985,0.03285,-0.03228,-1.19888
1790822919.068969,-0.01194,-0.03328,-1.00941,0.02756,0.00501,-1.19809
1790822919.088385,0.00555,-0.00213,-0.99684,0.00946,0.00399,-1.20082
1790822919.108216,0.0066,0.02894,-1.01202,-0.02407,0.00847,-1.20671
1790822919.1309319,-0.02092,-0.00068,-1.01729,-0.01454,0.01537,-1.19795
1790822919.142304,-0.01422,-0.01786,-1.02168,-0.0256,0.00067,-1.1908
1790822919.167918,-0.01006,0.01666,-0.99626,-0.03244,0.01945,-1.24811
1790822919.1905239,-0.00441,0.00403,-1.00606,0.00622,0.02368,-1.19763
1790822919.2086442,-0.01816,-0.00243,-1.01039,-0.01877,0.00491,-1.20143
1790822919.231393,-0.01389,0.03346,-1.01509,-0.00199,0.01964,-1.20559
1790822919.248862,-0.00917,0.01239,-0.99695,0.01158,0.03284,-1.19232
1790822919.289681,-0.01442,-0.00654,-1.01742,0.00955,-0.00283,-1.2023
1790822919.3099258,0.00646,0.01909,-1.02143,-0.02087,0.02379,-1.25428
1790822919.331358,-0.00118,0.00118,-1.01582,0.00935,-0.00257,-1.26883
1790822919.344478,-0.01221,-0.03602,-1.00244,-0.00764,0.02306,-1.21876
1790822919.36769,-0.01291,-0.06001,-1.02569,-0.04727,0.02781,-1.16594
1790822919.389917,-0.00487,-0.02989,-1.00223,-0.01473,0.00496,-1.20468
1790822919.408041,0.00706,-0.00644,-1.00526,-0.00298,0.00977,-1.23989
1790822919.429844,0.01339,-0.00057,-0.99592,0.01465,0.03117,-1.22898
1790822919.447933,-0.00243,-0.03401,-1.01788,-0.00013,0.01684,-1.1982
1790822919.4685829,-0.006,-0.01535,-1.02494,-0.0366,-0.02381,-1.18913
1790822919.489273,-0.00652,0.01076,-1.0094,-0.0472,0.03817,-1.21261
1790822919.508351,0.01229,0.03523,-0.98778,0.0113,0.01317,-1.26341
1790822919.530878,-0.0045,0.00151,-1.01415,-0.00662,-0.0121,-1.26135
1790822919.546418,-0.02166,0.00085,-1.01772,-0.01081,0.03312,-1.2222
1790822919.56916,-0.01118,0.01884,-0.98706,-0.02426,0.0378,-1.18586
1790822919.5919302,-0.02304,0.01386,-1.02299,-0.0091,-0.00315,-1.2022
1790822919.6095848,-0.01267,0.01098,-1.00838,-0.00061,0.02235,-1.216
1790822919.650557,0.00068,0.02834,-1.00181,0.01862,0.02085,-1.23244
1790822919.6685572,-0.0039,0.00914,-1.0147,0.01083,0.01327,-1.2175
1790822919.689842,-0.01313,0.01991,-1.00027,0.01935,0.02686,-1.20069
1790822919.709745,-0.01818,-0.01256,-1.01855,-0.05419,0.01602,-1.24561
1790822919.729276,-0.0031,-0.01703,-1.00223,0.00496,0.0374,-1.21379
1790822919.753675,0.00302,-0.01484,-0.99391,-0.00945,0.03077,-1.18974
1790822919.769825,0.00375,0.01648,-1.01438,-0.0019,0.02551,-1.21602
1790822919.7903512,0.0165,0.01728,-0.9986,0.00638,0.02878,-1.26035
1790822919.828646,0.00142,-0.03689,-1.01203,-0.02101,0.02171,-1.2529
1790822919.845988,0.00792,-0.01064,-1.00313,0.01229,0.02931,-1.19906
1790822919.871059,0.00792,-0.01064,-1.00313,0.01229,0.02931,-1.19906
1790822919.8884249,0.01688,0.01646,-1.01276,-0.01156,0.00874,-1.23962
1790822919.913897,-0.00145,-0.00896,-1.00741,-0.00018,0.0283,-1.20258
1790822919.929185,-0.00659,0.00273,-0.99492,-0.01848,-0.01166,-1.25116
1790822919.9445949,0.00707,0.0097,-0.9882,0.01103,0.01038,-1.27128
1790822919.968962,-0.0048,-0.01653,-1.00846,0.02184,0.0043,-1.20984
1790822919.9890292,-0.02501,-0.01367,-1.03111,0.01118,0.02732,-1.14601
1790822920.0085871,0.00714,-0.00471,-1.00587,-0.01651,-0.00071,-1.17613
1790822920.029223,-0.00558,0.03336,-1.00905,-0.08009,0.02408,-1.23991
1790822920.0450912,0.00422,0.04239,-0.99458,0.01026,0.04292,-1.27316
1790822920.071019,0.0008,0.00082,-1.00525,0.00275,0.00479,-1.25816
1790822920.08862,-0.01745,-0.01208,-1.0097,0.01614,0.01753,-1.24327
1790822920.110368,-0.00633,-0.01176,-1.02772,-0.01114,-0.01785,-1.18702
1790822920.1303182,-0.00304,-0.0019,-0.99981,-0.06087,-0.00581,-1.21239
1790822920.144446,0.00279,0.01982,-0.99716,0.00043,0.05126,-1.23423
1790822920.168715,0.00447,0.00164,-1.00712,0.01889,0.01264,-1.215
1790822920.189544,0.00045,-0.0072,-1.01435,0.00116,0.01467,-1.20146
1790822920.215979,0.00141,0.00607,-1.01901,-0.01848,0.00178,-1.20344
1790822920.247361,-0.00374,0.01368,-1.00875,-0.02624,0.01189,-1.27688
1790822920.268959,0.00717,-0.03258,-1.00951,-0.00192,0.00914,-1.21103
1790822920.2893848,-0.00273,-0.04072,-1.01445,-0.00246,0.00011,-1.17504
1790822920.3088279,-0.01026,0.01144,-1.00263,-0.00238,0.05341,-1.1823
1790822920.332048,0.02697,0.01269,-1.00557,0.02851,0.02006,-1.23034
1790822920.353803,0.0237,-0.00278,-1.01122,0.04307,-0.03884,-1.23604
1790822920.370207,0.00076,-0.02036,-1.00578,-0.02583,0.03673,-1.23711
1790822920.388714,0.01302,0.00043,-1.00617,-0.00497,0.02263,-1.22368
1790822920.43009,0.002,0.01124,-1.01084,-0.01678,0.05891,-1.20969
1790822920.4518101,-0.00289,0.00995,-1.01673,-0.04291,0.00169,-1.23923
1790822920.468927,-0.00561,0.01303,-1.01405,0.0338,-0.03017,-1.24165
1790822920.4890711,-0.00733,-0.01179,-1.00962,-0.00343,-0.00532,-1.20722
1790822920.508487,-0.0303,0.01417,-0.99976,-0.00749,0.07739,-1.18871
1790822920.529641,-0.01123,0.03988,-1.01242,-0.0278,0.00466,-1.19838
1790822920.550826,0.0032,0.03615,-0.99359,0.00725,0.02704,-1.24205
1790822920.572077,-0.00832,-0.00811,-1.0139,0.01699,0.01292,-1.23072
1790822920.590069,-0.01269,0.00351,-1.00996,0.01144,0.00595,-1.21877
1790822920.6093,0.00962,0.02938,-0.99813,-0.00956,0.02405,-1.27083
1790822920.650259,-0.00521,-0.04773,-0.99594,-0.0146,0.03944,-1.20996
1790822920.672307,-0.00238,-0.0449,-1.0303,-0.00583,-0.0068,-1.17385
1790822920.690022,0.00492,-0.01142,-1.01059,-0.00407,0.01011,-1.2251
1790822920.710952,0.02205,-0.01494,-1.00427,-0.00097,0.01834,-1.20775
1790822920.730751,0.0249,-0.00706,-0.99899,-0.00957,0.03764,-1.23773
1790822920.750565,0.01765,-0.0083,-1.00663,-0.01326,0.00987,-1.22189
1790822920.7695858,0.00199,-0.00995,-1.02238,-0.06032,0.04999,-1.22667
1790822920.792539,0.00811,-0.00169,-1.01981,-0.01328,-0.01101,-1.21704
1790822920.8113122,0.02474,0.01965,-0.98754,0.02237,0.0245,-1.25259
1790822920.829943,0.01029,0.0221,-1.00667,0.00151,-0.024,-1.27606
1790822920.850826,-0.02362,-0.01824,-1.01989,0.00511,0.02772,-1.19444
1790822920.865973,0.0017,0.01155,-0.99813,-0.02121,0.02656,-1.18643
1790822920.890183,-0.00564,0.03371,-1.01538,-0.0279,0.00938,-1.23985
1790822920.9119732,-0.01436,0.00878,-1.01449,0.02337,0.00579,-1.23142
1790822920.930958,-0.01189,-0.00117,-1.00253,0.00253,0.03941,-1.17469
1790822920.952787,-0.00659,0.04153,-0.9981,-0.01877,0.03762,-1.19843
1790822920.9678211,-0.00475,0.04842,-1.01346,0.01276,0.01925,-1.21714
1790822920.991307,-0.04767,-0.05192,-1.00025,0.01806,-0.02798,-1.09734
1790822921.011845,-0.04767,-0.05192,-1.00025,0.01806,-0.02798,-1.09734
1790822921.054125,0.01491,0.01847,-1.00909,0.00354,0.01338,-1.08966
1790822921.0621629,0.01491,0.01847,-1.00909,0.00354,0.01338,-1.08966
1790822921.091254,-0.02953,-0.07188,-0.99926,-0.00759,0.02642,-0.86423
1790822921.109748,-0.01817,-0.07791,-1.01278,-0.02194,0.03644,-0.71794
1790822921.131458,-0.0176,-0.02218,-1.02462,-0.00585,-0.00424,-0.75848
1790822921.153694,0.02101,0.03661,-1.00807,0.00624,0.00921,-0.86103
1790822921.1697721,-0.00394,-0.02915,-0.99216,-0.01657,0.02292,-0.70042
1790822921.1910348,-0.03971,-0.11092,-1.01073,0.01572,0.02647,-0.52772
1790822921.229986,0.0254,0.05946,-1.00243,-0.0141,0.02638,-0.70678
1790822921.250619,-0.05122,-0.12299,-0.99734,-0.00789,0.02063,-0.3691
1790822921.269807,-0.08128,-0.17768,-1.01787,-0.00252,-0.00421,-0.05004
1790822921.2934,-0.04576,-0.05738,-1.01231,0.00221,0.00181,-0.00174
1790822921.314502,0.00769,0.07761,-1.00555,-0.00011,0.0064,-0.1294
1790822921.3308601,0.00433,0.07659,-1.01038,-0.00342,0.00549,-0.20917
1790822921.353287,-0.00677,0.0122,-1.00669,0.00027,0.01401,-0.17381
1790822921.370021,-0.00211,0.0229,-1.00854,0.00306,0.00495,-0.12604
1790822921.409895,0.0011,0.04126,-1.00832,-0.00264,0.00333,-0.15123
1790822921.430012,-0.01269,-0.00368,-1.00775,0.00067,0.00679,-0.09054
1790822921.4498088,-0.01864,-0.01975,-1.01075,-0.00167,0.00201,-0.0896
1790822921.470818,-0.02489,-0.02898,-1.00792,-0.00237,-0.00446,-0.02547
1790822921.490005,-0.04119,-0.05931,-1.00495,0.00208,0.00736,0.03783
1790822921.50949,-0.03144,0.00861,-1.00811,0.00022,0.00391,-0.00208
1790822921.5344262,-0.02642,0.03571,-1.00642,0.00336,0.0069,0.00843
1790822921.550161,-0.02956,0.00696,-1.00815,0.00567,0.0085,0.01094
1790822921.564085,-0.02211,0.01273,-1.00835,0.00446,0.00445,-0.00037
1790822921.5906072,-0.02085,-0.0001,-1.0078,0.00454,0.00592,0.01923
1790822921.6109881,-0.0224,-0.01081,-1.00714,0.00211,0.01101,0.04977
1790822921.6319702,-0.01576,0.00894,-1.00932,0.00334,0.00711,0.02787
1790822921.669111,-0.01454,-0.00114,-1.00798,0.00176,0.00814,0.05705
1790822921.691863,-0.01575,-0.01593,-1.01049,0.00234,0.00481,0.09149
1790822921.709332,-0.00587,0.00462,-1.00975,0.00382,0.00584,0.10841
1790822921.73488,-0.00627,0.00614,-1.0071,0.00107,-0.00224,0.12855
1790822921.751071,-0.01186,0.0195,-1.00799,0.00171,0.00419,0.09271
1790822921.769782,-0.00601,0.03855,-1.00654,0.00448,0.00613,0.03532
1790822921.800707,-0.01707,0.00144,-1.00643,-0.00184,0.00218,0.08064
1790822921.810625,-0.02582,-0.01928,-1.00744,0.00327,0.00284,0.09444
1790822921.831805,-0.01052,0.02598,-1.00721,-0.00011,0.00749,0.02859
1790822921.852604,-0.01423,0.01053,-1.00792,0.00194,0.00567,0.06283
1790822921.873805,-0.02513,-0.02458,-1.00839,0.00344,0.00222,0.10842
1790822921.891236,-0.00853,0.00684,-1.00891,0.00044,0.00362,0.13755
1790822921.909657,-0.0097,0.02594,-1.00784,0.00076,0.00049,0.08932
1790822921.931052,-0.0097,0.02594,-1.00784,0.00076,0.00049,0.08932
1790822921.950451,-0.01453,0.032,-1.00646,-0.00066,0.0057,0.06328
1790822921.9716852,-0.02216,0.00914,-1.00706,-0.00189,0.00319,0.08921
1790822922.010189,-0.01497,0.00066,-1.00638,6e-05,0.00111,0.13481
1790822922.0352561,-0.01193,0.01054,-1.00791,-0.00311,-0.00013,0.12634
1790822922.049682,0.00244,0.04019,-1.00677,0.00096,0.00648,0.03848
1790822922.070126,0.00182,0.03521,-1.00939,1e-05,0.00551,0.04538
1790822922.09283,-0.01359,-0.01497,-1.00679,0.0024,0.0061,0.08524
1790822922.111119,-0.00463,0.00943,-1.00716,-0.00045,0.0038,0.03811
1790822922.133278,-0.00016,0.03944,-1.00819,-0.00159,0.00676,0.03557
1790822922.1499698,-0.01831,-0.0086,-1.00878,0.00202,0.00095,0.07691
1790822922.1714299,-0.02067,-0.01505,-1.00981,0.00111,0.00222,0.10095
1790822922.191539,-0.01066,0.00713,-1.00947,0.0006,0.00884,0.10779
1790822922.213716,-0.01375,0.0055,-1.00791,-0.00182,0.00764,0.11701
1790822922.235181,-0.00342,0.02723,-1.00739,0.00087,0.00374,0.04234
1790822922.250474,-0.00756,0.03181,-1.00739,0.00301,0.00469,0.06212
1790822922.268626,-0.01884,-0.00168,-1.00732,0.00153,0.00173,0.07751
1790822922.3103201,-0.01584,0.00302,-1.00844,-2e-05,0.00551,0.10707
1790822922.325707,-0.00983,0.02113,-1.00913,0.00336,0.0069,0.05962
1790822922.35237,-0.00396,0.05043,-1.00862,0.00045,0.00462,0.02546
1790822922.369322,-0.01884,0.01914,-1.00783,0.00476,0.00565,0.05272
1790822922.389725,-0.02294,-0.00452,-1.00829,0.00597,0.00291,0.07719
1790822922.415238,-0.0202,0.00394,-1.00906,0.00282,0.00415,0.09551
1790822922.435691,-0.01909,0.006,-1.00786,0.00443,0.00762,0.11168
1790822922.450023,-0.00203,0.05258,-1.00709,-0.00152,0.003,-0.01031
1790822922.470449,-0.00585,0.03926,-1.00612,0.00406,0.00354,0.00132
1790822922.4920168,-0.02288,-0.01614,-1.00922,0.00211,0.00641,0.01773
1790822922.509957,-0.01016,0.02844,-1.00911,0.0011,0.00691,-0.01966
1790822922.5221398,-0.01595,0.00181,-1.00787,0.00365,0.00762,0.03053
1790822922.5589929,-0.01376,0.01063,-1.00889,0.00114,0.00044,-0.01278
1790822922.569848,-0.00854,0.02597,-1.00739,0.00127,0.00868,-0.00075
1790822922.592582,-0.01269,0.01358,-1.00811,0.0045,0.00146,0.00586
1790822922.609937,-0.01381,0.01685,-1.00797,-0.00129,0.00479,0.02028
1790822922.632876,-0.01381,0.01685,-1.00797,-0.00129,0.00479,0.02028
1790822922.671444,-0.01533,0.00501,-1.00831,-0.00125,0.0029,0.01331
1790822922.6909518,-0.01383,0.0094,-1.00909,0.00443,0.00662,-0.00216
1790822922.709762,-0.00875,0.01168,-1.00846,0.00528,-0.00015,0.00196
1790822922.735266,-0.01162,-0.00412,-1.00818,-0.00162,0.00372,-0.00647
1790822922.7512078,0.00084,0.04819,-1.00689,0.00231,0.00893,-0.0137
1790822922.7902348,-0.00493,-0.00265,-1.00858,0.00324,-0.00203,0.00891
1790822922.8096309,-0.02259,-0.00846,-1.00941,0.00042,0.00264,0.01096
1790822922.8307898,-0.0072,0.03723,-1.00483,0.00307,0.00362,-0.00924
1790822922.852437,-0.01529,0.00609,-1.0089,0.00075,0.01003,0.01894
1790822922.86718,-0.01456,-0.00112,-1.01149,-0.00032,0.00511,-0.01083
1790822922.889907,-0.00953,0.02103,-1.00989,0.00153,0.00787,0.0082
1790822922.910569,-0.01551,0.00631,-1.00872,0.00196,0.00542,0.00983
1790822922.930807,-0.01153,0.018,-1.01071,-0.00143,-0.00062,-0.02204
1790822922.9527628,-0.00626,0.00582,-1.00847,0.0052,0.00672,0.00655
1790822922.9654799,-0.00431,0.0132,-1.00704,0.00092,0.00691,-0.00967
1790822922.9898722,-0.0078,0.00542,-1.00671,-0.00044,0.00438,0.0071
1790822923.0113091,-0.01327,0.00403,-1.0082,0.00636,0.00633,0.00822
1790822923.023146,-0.02138,0.00752,-1.00807,0.00518,0.00626,0.03406
1790822923.054498,-0.02552,0.02265,-1.00945,-0.00096,-0.00117,-0.01561
1790822923.0651362,-0.02609,0.00766,-1.00891,0.0037,0.01261,0.02308
1790822923.090529,-0.02035,0.01754,-1.00782,0.00142,0.00323,-0.0165
1790822923.110226,-0.01587,0.00989,-1.00836,0.00315,0.00293,0.00789
1790822923.123471,-0.00813,0.00961,-1.00845,-0.00036,0.00461,-0.01749
1790822923.153558,-0.00525,0.01415,-1.00818,0.00201,0.00666,-0.00071
1790822923.166482,-0.01319,-0.01556,-1.00793,0.00921,0.00524,0.04952
1790822923.192058,-0.01784,0.02985,-1.00945,-0.00059,0.00471,-0.0157
1790822923.2110112,-0.01319,0.01643,-1.00738,0.00738,0.00165,-0.00488
1790822923.252306,-0.01265,-0.00431,-1.00594,-0.00136,0.01486,0.02217
1790822923.267616,-0.01854,-0.0015,-1.00724,0.00096,-0.00011,0.01659
1790822923.292098,-0.01292,0.01478,-1.00533,0.0003,0.00572,0.00116
1790822923.310474,-0.00983,0.0156,-1.00596,0.00165,0.00375,-0.00413
1790822923.331402,-0.01689,0.0037,-1.00829,0.00319,0.01156,0.01559
1790822923.3513012,-0.01005,0.0165,-1.00687,-0.00117,0.00644,-0.0109
1790822923.376658,-0.01253,0.01337,-1.00824,0.00191,0.00754,0.00852
1790822923.391392,-0.01114,0.01969,-1.00836,0.0003,0.00203,-0.00827
1790822923.430061,-0.01497,0.00371,-1.00843,0.00337,0.00625,0.01934
1790822923.4495502,-0.01328,0.01479,-1.00839,0.00277,0.00552,-0.00826
1790822923.4693499,-0.01271,0.01011,-1.00711,0.00267,0.00699,0.01255
1790822923.491401,0.00137,0.00348,-1.00687,0.00059,0.01162,0.02242
1790822923.5128372,0.0513,0.01743,-1.00942,0.00354,0.01834,0.00383
1790822923.53037,0.10184,0.00597,-1.00701,-0.011,0.03105,0.01713
1790822923.551235,0.14157,0.00238,-1.00457,-0.00568,0.02359,0.03412
1790822923.571158,0.18053,0.0096,-1.00562,0.02521,0.02643,0.04439
1790822923.591833,0.1971,0.01014,-1.01413,0.02968,0.01745,0.05227
1790822923.615072,0.19118,0.01415,-1.0193,-0.03609,0.01767,0.07381
1790822923.629749,0.19099,0.0058,-0.97812,0.0546,0.00649,0.05864
1790822923.667254,0.19099,0.0058,-0.97812,0.0546,0.00649,0.05864
1790822923.69082,0.16188,0.04562,-1.03682,-0.07231,-0.04783,-0.00848
1790822923.7145011,0.12497,-0.00629,-1.00915,-0.02087,-0.01124,0.02938
1790822923.725172,0.09635,-0.00011,-0.99312,0.02559,-0.01202,-0.04241
1790822923.7513149,0.06453,0.00577,-1.01614,0.00414,-0.03215,0.02451
1790822923.770758,0.02223,0.00926,-1.01244,0.01448,-0.04432,0.00657
1790822923.791538,0.01961,0.038,-0.99671,0.05276,-0.00542,-0.03229
1790822923.817129,-0.0253,0.00814,-1.01011,0.00607,-0.03186,-0.01035
1790822923.82482,-0.07677,-0.02045,-1.01827,-0.01923,0.00014,0.04422
1790822923.853345,-0.07513,0.0143,-0.99962,-0.00113,0.00251,-0.00987
1790822923.872471,-0.09493,0.04279,-1.00199,0.00316,-0.00259,-0.04834
1790822923.889992,-0.13159,-0.0015,-1.00591,0.00208,-0.01223,0.02252
1790822923.916644,-0.11863,0.00659,-1.00769,0.01328,-0.01393,-0.00831
1790822923.9257028,-0.10567,0.01349,-1.00165,0.00956,0.00965,-0.0165
1790822923.952856,-0.11427,0.01172,-1.00567,-0.00842,0.01206,0.01433
1790822923.9709241,-0.08767,-0.0079,-1.00076,-0.00789,0.01325,-0.02083
1790822923.990806,-0.06289,0.01304,-1.00086,0.00298,0.01882,0.01365
1790822924.025099,-0.0409,0.00521,-1.00032,0.0011,0.06237,0.01392
1790822924.0536509,-0.0097,0.01325,-1.01445,-0.01273,0.02696,-0.00313
1790822924.07105,0.00784,0.00889,-1.01436,-0.01004,0.02311,-0.00123
1790822924.086335,0.01623,-0.00124,-0.99906,0.03422,0.0544,0.04046
1790822924.117364,0.05173,0.0326,-0.99459,0.04398,0.02511,-0.00443
1790822924.129663,0.05335,0.03934,-1.01248,0.01526,0.0282,-0.04302
1790822924.1537092,0.05856,-0.00089,-1.01486,0.00413,-0.01724,0.01182
1790822924.1705978,0.04954,-0.0255,-1.05031,-0.04759,-0.01761,0.04414
1790822924.1927218,0.06103,0.01288,-0.99585,-0.01068,-0.01618,-0.02736
1790822924.232264,0.01306,0.00192,-1.00526,-0.00813,0.02164,0.04239
1790822924.259687,0.00404,-0.00417,-1.02476,-0.06162,0.04584,0.05674
1790822924.271335,0.03776,0.04158,-0.99035,0.00488,-0.00947,-0.01576
1790822924.293515,-0.02756,0.00323,-1.02447,0.01045,0.02092,-0.02912
1790822924.3138402,-0.04033,-0.00484,-1.0034,-0.0006,-0.00775,0.03687
1790822924.330131,-0.02885,0.02914,-1.00367,0.02156,0.03651,-0.00438
1790822924.370844,-0.06574,0.00487,-1.01955,0.02513,0.04184,0.02702
1790822924.390949,-0.04767,0.01215,-1.01974,-0.04666,-0.01284,-0.00065
1790822924.409908,-0.05798,0.00064,-0.99241,0.00152,0.01857,-0.00837
1790822924.42917,-0.05651,0.01361,-0.99416,0.02805,0.0159,-0.00176
1790822924.449879,-0.0593,0.0351,-1.02379,0.00978,0.01843,-0.02868
1790822924.4698188,-0.04115,0.01365,-0.99914,-0.00038,0.02632,0.00252
1790822924.5136042,-0.00879,0.02296,-0.99883,0.01458,0.02238,-0.02196
1790822924.530431,-0.00933,0.05095,-1.00416,-0.00849,0.02097,-0.02723
1790822924.550177,-0.00595,0.05859,-1.02737,-0.04825,-0.01234,0.04838
1790822924.5712,-0.02151,0.07122,-1.02111,-0.00099,0.00974,0.10215
1790822924.5912051,0.00036,0.14563,-0.95788,0.03172,0.02338,0.00327
1790822924.61071,0.00141,0.13926,-1.03177,-0.06345,-0.03137,-0.02629
1790822924.6313941,-0.0144,0.12656,-1.01899,0.04774,-0.02418,0.00488
1790822924.6516109,-0.06493,0.08746,-0.99328,0.03577,-0.02421,0.02983
1790822924.669924,-0.09458,0.01804,-1.01105,0.0046,-0.00872,0.01001
1790822924.6912692,-0.13519,-0.02309,-0.97104,0.0416,0.05642,0.03258
1790822924.711128,-0.1991,-0.07936,-1.03945,0.02473,0.02321,0.1052
1790822924.7322218,-0.24225,-0.152,-1.01046,0.05655,-0.00381,0.18246
1790822924.751462,-0.23364,-0.06516,-0.99372,0.02921,0.00115,0.13534
1790822924.773107,-0.23597,-0.03582,-1.01007,0.00487,0.00893,0.02189
1790822924.794403,-0.20289,-0.01866,-1.00124,-0.0051,0.04811,-0.10732
1790822924.8121889,-0.20289,-0.01866,-1.00124,-0.0051,0.04811,-0.10732
1790822924.8320808,-0.09651,-0.03481,-1.0092,0.00284,-0.00974,-0.16125
1790822924.870392,-0.07379,-0.05186,-1.00374,0.0003,0.00464,-0.0789
1790822924.891376,-0.02805,0.03649,-1.00552,-0.01102,0.02261,-0.10566
1790822924.931144,-0.00404,0.05838,-1.00674,-0.01212,0.01597,-0.06674
1790822924.955483,0.00478,0.10603,-0.99899,-0.01736,0.01907,-0.00558
1790822924.971692,0.02398,0.13352,-1.01548,0.00581,0.00715,-0.0095
1790822924.99125,0.04236,0.14038,-1.01627,-0.00541,-0.01603,-0.05482
1790822925.010591,0.04193,0.13186,-1.01425,0.00299,0.0302,-0.0386
1790822925.030674,0.03824,0.09924,-1.00563,-0.02454,-0.00546,-0.01446
1790822925.0559402,0.03168,0.06228,-1.00068,0.00693,-0.016,0.06376
1790822925.070773,0.04768,0.07415,-1.00549,0.00396,-0.01302,0.07364
1790822925.0925581,0.04597,0.07653,-1.00766,-0.02189,-0.04489,0.04376
1790822925.11587,0.04343,0.04183,-1.01053,0.00054,0.0044,-0.02078
1790822925.155623,0.01598,0.02192,-1.01129,0.0487,0.00345,-0.02927
1790822925.172605,-0.00283,-0.09191,-0.98576,0.06444,-0.04837,0.048
1790822925.191778,0.00517,-0.08505,-1.00986,0.03157,-0.00238,0.01096
1790822925.210492,0.00076,-0.12431,-1.02433,-0.00544,0.01932,-0.04644
1790822925.23574,-0.04015,-0.21203,-1.0009,0.01035,0.02493,0.02521
1790822925.252888,-0.06617,-0.2466,-1.0103,0.01823,-0.00013,0.10078
1790822925.269635,-0.07394,-0.21349,-1.012,0.00852,0.0002,0.163
1790822925.2931972,-0.042,-0.10066,-1.00906,-0.00332,0.00035,0.03911
1790822925.313109,-0.02411,0.01341,-1.00785,-0.00516,0.01444,-0.03045
1790822925.3292968,-0.02693,0.03372,-1.00951,0.00159,-0.00209,0.04872
1790822925.3559208,-0.01074,0.05806,-1.00479,0.00381,0.00811,-0.00051
1790822925.374339,0.03129,0.07376,-1.00937,-0.00103,0.00974,-0.03278
1790822925.397177,0.06871,0.06482,-1.0073,0.00197,0.02498,-0.04437
1790822925.412499,0.11799,0.07919,-0.99618,0.01401,0.03085,-0.08731
1790822925.431411,0.14162,0.07961,-1.00669,0.00542,0.01879,-0.14302
1790822925.451861,0.16487,0.09933,-1.01638,-0.00856,0.01389,-0.18203
1790822925.473304,0.15833,0.07117,-1.00296,0.01868,-0.03316,-0.15275
1790822925.497237,0.16599,0.02721,-1.00332,0.00418,0.06211,-0.07275
1790822925.5124102,0.14273,0.07224,-1.02599,-0.03755,-0.05012,-0.08737
1790822925.531283,0.11182,0.12777,-1.02885,-0.03609,0.0205,-0.10139
1790822925.552362,0.08819,0.08663,-0.98672,0.00368,0.01041,-0.13456
1790822925.5721111,0.06562,0.02364,-1.00448,-0.00732,0.01424,0.01168
1790822925.600893,0.0447,-0.04124,-1.00635,-0.01067,-0.01277,0.08746
1790822925.631671,0.0171,0.01233,-0.99399,-0.0124,-0.03133,0.10766
1790822925.652081,-0.00567,0.04923,-1.00349,0.06602,0.00668,0.00164
1790822925.6727161,-0.05573,-0.05588,-0.99306,0.06896,0.01142,0.09145
1790822925.6853728,-0.08592,-0.09534,-1.01322,0.0202,-0.00077,0.14429
1790822925.7109902,-0.06851,-0.08033,-0.99993,0.02819,0.00108,0.05559
1790822925.7308931,-0.08569,-0.09821,-0.99794,0.02044,0.01534,0.04256
1790822925.75195,-0.13845,-0.10541,-1.03528,0.06188,-0.01449,0.02251
1790822925.7708302,-0.16881,-0.06269,-0.99651,0.00051,-0.00326,0.02155
1790822925.782708,-0.20198,-0.02912,-0.99854,-0.0019,0.00498,0.02731
1790822925.812621,-0.18332,0.0064,-1.00972,-0.00469,-0.01626,-0.02875
1790822925.8337111,-0.16859,-0.00596,-1.01029,0.00491,0.00309,0.09873
1790822925.848576,-0.12423,-0.01643,-1.00849,0.00553,0.02484,0.03135
1790822925.872372,-0.07005,0.04135,-1.012,-0.01199,0.00372,-0.038
1790822925.889608,-0.10136,-0.03197,-1.00157,-0.00565,0.02833,0.08351
1790822925.9125152,-0.04238,0.01551,-1.00599,-0.00105,0.00195,0.0005
1790822925.9328241,-0.02512,0.05279,-1.01068,-0.00276,0.00222,-0.00938
1790822925.9520068,-0.04418,-0.02527,-1.00615,0.0035,0.00466,0.0322
1790822925.971756,-0.02017,0.02518,-1.01006,0.00193,0.00553,-0.00143
1790822925.993109,-0.01994,0.00257,-1.00984,0.00093,-0.00081,-0.0108
1790822926.014744,-0.00176,0.00696,-1.00708,0.0015,0.00759,-0.00791
1790822926.032953,-0.00176,0.00696,-1.00708,0.0015,0.00759,-0.00791
1790822926.071111,-0.0122,0.0101,-1.0078,0.00115,0.01075,0.00674
1790822926.087784,-0.01254,-0.00107,-1.00721,0.00289,0.00773,0.00869
1790822926.113086,-0.0112,0.01324,-1.00836,0.00254,0.00702,-0.00065
1790822926.1319208,-0.01433,0.00979,-1.00868,-0.00045,0.00495,-0.00111
1790822926.150699,-0.01297,0.0065,-1.00813,0.00682,0.00512,0.00328
1790822926.1750011,-0.00849,0.00621,-1.0079,0.00181,0.0068,-0.00101
1790822926.186692,-0.00768,0.009,-1.00878,0.00246,0.00514,-0.00053
1790822926.211319,-0.00927,0.00141,-1.00978,0.00097,0.00671,0.00522
1790822926.23122,-0.01033,0.0112,-1.00905,0.0039,0.00569,-0.00173
1790822926.253101,-0.00976,0.00729,-1.0067,0.0038,0.00453,0.00159
1790822926.273173,-0.01041,0.00731,-1.00689,0.00189,0.00725,0.00187
1790822926.293273,-0.01031,0.00631,-1.0083,0.00093,0.00493,0.00045
1790822926.312567,-0.01066,0.00752,-1.0083,0.00172,0.00408,0.00042
1790822926.333419,-0.01057,0.00667,-1.00631,0.00171,0.00367,0.00339
1790822926.349068,-0.0109,0.00984,-1.00681,-0.00011,0.00641,0.00208
1790822926.375726,-0.00948,0.00697,-1.0078,0.00124,0.00708,0.0006
1790822926.39218,-0.0101,0.00574,-1.00926,0.00351,0.00261,0.00454
1790822926.413491,-0.00698,0.00804,-1.00953,0.0009,0.00618,0.00398
1790822926.436237,-0.0065,0.00935,-1.01024,0.00096,0.00701,0.00058
1790822926.447239,-0.01135,0.00367,-1.00955,-3e-05,0.00775,0.00494
1790822926.476075,-0.00904,0.0077,-1.00739,0.00347,0.0081,0.0019
1790822926.487115,-0.01004,0.01033,-1.00753,0.00019,0.00304,-0.00019
1790822926.50716,-0.01049,0.00545,-1.00689,0.0035,0.00642,0.00605
1790822926.531629,-0.01229,0.00439,-1.0087,0.00278,0.00428,0.00516
1790822926.548385,-0.00881,0.01271,-1.00961,0.0008,0.00754,-0.00222
1790822926.5736508,-0.00992,0.00454,-1.00785,0.00122,0.00465,0.00506
1790822926.59296,-0.01083,0.00479,-1.00749,0.00358,0.00565,0.00531
1790822926.614787,-0.01051,0.00997,-1.00901,0.00279,0.00551,-0.00029
1790822926.633527,-0.00995,0.00555,-1.00864,0.00457,0.0036,0.00725
1790822926.650422,-0.01072,0.00474,-1.00868,0.0025,0.00516,0.00635
1790822926.672912,-0.00975,0.0114,-1.00825,0.00117,0.00504,0.00209
1790822926.6924238,-0.00984,0.00551,-1.00745,-0.00016,0.00626,0.00181
1790822926.713069,-0.00893,0.00491,-1.00727,0.00435,0.00199,0.00787
1790822926.733717,-0.00638,0.01016,-1.00898,0.00379,0.00415,3e-05
1790822926.774543,-0.00714,0.00906,-1.00778,0.00018,0.0045,0.00367
1790822926.792147,-0.00758,0.0089,-1.00546,0.00319,0.00352,0.00232
1790822926.812272,-0.00801,0.00182,-1.00868,0.00066,-0.00069,0.00346
1790822926.8316212,-0.01091,0.00946,-1.00776,0.00066,0.00242,0.00715
1790822926.849761,-0.00581,0.00929,-1.00716,0.00126,0.00786,0.00178
1790822926.875932,-0.00622,0.00564,-1.01031,0.00055,0.00802,0.00466
1790822926.891212,-0.00665,0.007,-1.00897,0.00045,0.00678,0.00649
1790822926.910938,-0.00726,-0.00202,-1.00831,0.00169,0.00032,0.02272
1790822926.93261,0.00133,-0.0024,-1.00888,0.00464,0.00338,0.0247
1790822926.952235,0.00231,0.00937,-1.00898,0.00016,0.00343,0.00847
1790822926.972814,0.0011,0.03287,-1.00867,0.00375,0.01306,-0.03789
1790822926.991339,-0.02658,0.0156,-1.00878,0.00613,-0.00025,0.00268
1790822927.013247,-0.02783,-0.02308,-1.00776,-0.00283,0.00171,0.0225
1790822927.032662,-0.00547,0.0228,-1.00769,-0.00147,0.00466,-0.01213
1790822927.050817,-0.01484,0.00697,-1.00872,0.00372,0.00875,0.01162
1790822927.072909,-0.01489,-0.01218,-1.00836,0.0021,0.00295,0.04873
1790822927.092203,0.00288,0.01559,-1.00768,0.00409,0.00716,-0.01097
1790822927.115378,-0.00275,0.03492,-1.00963,0.00429,-0.00064,-0.01399
1790822927.1323469,-0.02772,-0.02279,-1.00872,0.00239,0.00576,0.03198
1790822927.158271,-0.00656,0.02544,-1.00769,0.00257,0.00682,-0.01635
1790822927.190511,-0.00885,0.01531,-1.006,0.00245,0.0058,0.00249
1790822927.213669,-0.00726,0.01552,-1.00795,0.00352,0.00437,-0.00527
1790822927.233599,-0.00705,0.01912,-1.00716,0.00193,0.00374,-0.00353
1790822927.249503,-0.01241,-0.0066,-1.00712,0.00303,0.00641,0.01804
1790822927.270813,-0.00725,0.00988,-1.00818,9e-05,0.00376,-0.00378
1790822927.292383,-0.00567,0.01413,-1.00847,0.00248,0.00628,5e-05
1790822927.305187,-0.01259,0.00079,-1.00965,0.00056,0.00267,0.01258
1790822927.332289,-0.04706,0.00841,-1.01197,-0.0017,-0.00447,-0.00532
1790822927.351406,-0.09338,0.00601,-1.00753,0.00489,0.0032,0.01408
1790822927.376114,-0.12501,0.00777,-1.00719,0.00264,-0.00092,0.00942
1790822927.392425,-0.13831,0.01114,-1.00589,-0.0029,0.00648,-0.00112
1790822927.411432,-0.15363,0.00908,-1.00523,-0.01323,0.00791,-0.00205
1790822927.43254,-0.13258,0.01263,-1.01796,-0.00256,-0.00321,-0.01487
1790822927.4527202,-0.12187,-0.00462,-1.00836,-0.00095,0.00479,-0.01137
1790822927.4751842,-0.0987,0.00894,-0.97972,0.0528,0.04063,0.02363
1790822927.492936,-0.05761,0.02184,-1.01607,0.01804,0.01282,-0.01309
1790822927.5306199,-0.03455,0.01054,-1.03342,0.00205,-0.01675,3e-05
1790822927.554092,-0.00904,-0.00858,-1.01045,-0.01738,-0.00096,0.04046
1790822927.573439,0.04746,0.02134,-0.97827,-0.07066,0.02735,-0.04514
1790822927.5909069,0.05697,0.03178,-1.01458,0.00179,0.03949,-0.025
1790822927.616009,0.06544,-0.02915,-1.03219,0.03168,0.00119,-0.00192
1790822927.632979,0.1041,0.01998,-0.99461,0.01918,0.0291,0.00027
1790822927.654999,0.10332,0.0174,-1.01476,0.0084,-0.00216,0.01409
1790822927.674646,0.09691,0.00571,-1.01543,-0.00188,0.00352,-0.00215
1790822927.692211,0.0905,0.00072,-1.00558,-0.0011,0.00031,0.00703
1790822927.711134,0.07723,0.01302,-1.00824,-0.00148,0.00231,0.00188
1790822927.732912,0.05512,0.0087,-1.00828,0.0037,0.00217,0.00776
1790822927.75504,0.02852,0.00706,-1.00645,-0.00033,0.00546,0.00336
1790822927.774421,0.00494,0.01024,-1.00616,-0.00321,0.00433,-0.00096
1790822927.791093,-0.0177,0.01414,-1.00862,-0.00578,0.00013,-0.00753
1790822927.810576,-0.04894,0.01173,-1.01075,-0.00823,-0.00312,-0.00656
1790822927.832072,-0.06648,0.00859,-1.01131,-0.00163,-0.0101,-0.00993
1790822927.851265,-0.07639,0.00774,-1.01234,0.00452,-0.00107,-0.01047
1790822927.8740082,-0.09108,0.00262,-1.0103,0.00102,-0.00803,-0.00158
1790822927.892917,-0.08916,0.00998,-1.01155,0.00185,-0.01772,0.01124
1790822927.90974,-0.08693,-0.0001,-1.00485,0.01173,-0.00304,0.00513
1790822927.933749,-0.07769,-0.0007,-0.99866,0.02775,-0.00396,0.04013
1790822927.952676,-0.062,0.01493,-1.01338,0.00909,0.00243,0.01063
1790822927.972773,-0.04921,0.01922,-1.00275,-0.00322,0.02394,0.0146
1790822927.9937642,-0.03021,0.01579,-0.99702,-0.03562,0.03441,-0.00499
1790822928.013323,-0.01267,0.01448,-1.01399,-0.02392,-0.00086,-0.02764
1790822928.033322,-0.00713,0.00978,-1.02023,0.00283,-0.01797,-0.01417
1790822928.0645409,0.01384,-0.00119,-1.00807,0.0016,-0.00669,-0.00294
1790822928.0954611,0.04167,0.0028,-0.99378,0.00037,0.01255,5e-05
1790822928.111398,0.05304,0.00431,-1.02001,0.00028,0.00115,-0.00267
1790822928.1325178,0.0551,0.02698,-1.01489,0.00118,-0.00526,-0.00606
1790822928.15046,0.05173,0.00984,-1.00473,0.00337,-0.00729,0.01174
1790822928.1725178,0.04512,0.01159,-1.00812,0.00413,-0.00806,-0.00406
1790822928.1927092,0.03319,0.00926,-1.00635,-0.01223,0.00568,0.00161
1790822928.210743,0.02523,0.01435,-1.00673,-0.01212,0.00448,-0.01643
1790822928.232936,0.00709,0.01732,-1.00825,-0.007,0.00523,-0.01281
1790822928.250466,-0.00482,-0.00143,-1.01041,0.00633,-0.00029,0.01226
1790822928.2728472,-0.01271,0.00511,-1.00688,0.00551,-0.00235,0.01249
1790822928.294268,-0.02664,0.01735,-1.00712,0.00268,-0.00738,0.00085
1790822928.312945,-0.04514,0.00661,-1.01163,0.00196,-0.00052,-0.00736
1790822928.33142,-0.04728,0.00504,-1.00758,0.00763,0.0027,0.01777
1790822928.35071,-0.0616,0.00791,-1.01696,0.00141,-0.00756,0.00543
1790822928.3892422,-0.05507,0.00812,-1.00655,0.00942,0.00294,-0.00892
1790822928.392836,-0.05228,0.01284,-1.00583,-0.00118,0.00156,-0.0123
1790822928.430423,-0.04997,0.01064,-1.00982,-0.00094,0.00025,-0.00325
1790822928.451661,-0.04558,0.00356,-1.00822,-0.00994,-0.01903,-0.00537
1790822928.473095,-0.02904,0.0107,-1.00832,-0.00065,0.01388,-0.00579
1790822928.4923992,-0.01344,-0.00081,-1.00207,0.0259,0.01407,0.01468
1790822928.509706,-0.00804,0.02372,-1.01031,-0.00281,-0.00021,-0.02047
1790822928.531853,-0.00589,-3e-05,-1.00823,0.02348,0.01285,0.01532
1790822928.551019,0.00749,0.00588,-1.00185,-0.00611,0.01575,-0.00438
1790822928.574944,0.02675,0.02732,-1.01501,-0.00261,0.00539,-0.02172
1790822928.597773,0.03215,0.00036,-1.01651,-0.00212,-0.00172,0.0165
1790822928.633195,0.04514,0.02037,-1.00914,0.00525,-0.0062,0.00092
1790822928.650522,0.03897,0.01999,-1.00266,0.00972,-0.00289,0.00304
1790822928.663842,0.02349,0.00566,-1.0027,0.00754,0.00557,-0.00095
1790822928.69117,0.0079,0.00596,-1.00639,0.00715,0.00217,-0.00505
1790822928.709276,-0.00809,-0.00263,-1.00275,0.02474,0.01427,0.0309
1790822928.732279,-0.011,0.01711,-1.01043,0.00513,0.00712,-0.01302
1790822928.753697,-0.011,0.01711,-1.01043,0.00513,0.00712,-0.01302
1790822928.7661388,-0.03807,-0.00047,-1.00495,0.00883,0.00383,0.00594
1790822928.7915971,-0.03808,0.01277,-1.00442,0.00527,-0.00072,-0.00303
1790822928.812421,-0.04096,0.01199,-1.01799,-0.00437,0.00236,-0.00207
1790822928.833888,-0.04363,0.00412,-1.01066,0.00286,-0.00626,0.01885
1790822928.850857,-0.04367,0.00691,-1.01204,-0.01149,-0.01432,0.0209
1790822928.891551,-0.03722,0.0032,-1.00515,-0.02238,-0.01381,0.02405
1790822928.910836,-0.02206,0.01967,-1.00761,-0.00752,0.00606,-0.02166
1790822928.932927,-0.02158,0.02171,-1.00938,0.0028,0.00542,-0.03335
1790822928.950815,-0.02491,0.00367,-1.00299,-0.00584,0.01401,0.00383
1790822928.964808,-0.01643,0.00833,-1.00545,0.00763,0.00404,0.00271
1790822928.992286,-0.01696,0.00636,-0.99267,0.02931,0.01947,0.00386
1790822929.030455,0.01217,0.02481,-1.02734,-0.00319,-0.00324,-0.01268
1790822929.0508852,0.013,0.00159,-1.01032,-0.00096,-0.00705,0.00205
1790822929.06478,0.01718,-0.00022,-1.00512,-0.00848,-0.00968,0.01524
1790822929.091348,0.02486,0.02129,-1.00715,-0.00179,0.00246,-0.01376
1790822929.1084569,0.02602,0.01836,-1.01014,-0.00271,0.0075,-0.03296
1790822929.131229,0.01972,-0.00212,-1.01348,-0.00218,-0.00547,0.01225
1790822929.152817,0.00743,0.00197,-1.00958,-0.00036,-0.00158,-0.02215
1790822929.178035,0.00352,0.01157,-1.00544,-0.00727,-0.00231,0.00766
1790822929.191265,-0.01866,-0.00326,-0.99905,0.00842,-6e-05,0.01786
1790822929.215901,-0.03112,0.02475,-0.99651,0.01323,0.01072,-0.0079
1790822929.232555,-0.03947,0.0116,-1.00248,0.0106,0.00953,0.0117
1790822929.276819,-0.03388,0.00476,-1.01943,-0.01165,-0.02683,-0.02004
1790822929.291321,-0.04942,-0.00785,-1.00886,-0.00806,-0.01141,-0.00663
1790822929.311104,-0.03939,0.01302,-1.01192,-0.01433,-0.00553,0.02908
1790822929.331785,-0.01848,0.02683,-1.00907,-0.00725,0.00637,-0.02911
1790822929.351386,-0.02074,0.01154,-1.01027,-0.0012,0.00223,-0.02624
1790822929.36607,-0.03439,-0.01458,-1.00523,-3e-05,0.00189,0.02533
1790822929.41314,-0.00865,0.01562,-1.00882,0.0137,0.0034,0.0015
1790822929.433501,-0.00655,0.00399,-1.00251,-0.00341,0.01493,0.00259
1790822929.4512472,-0.00349,0.016,-1.00455,-0.01828,-0.00165,-0.00526
1790822929.4630458,0.00052,0.01002,-1.02243,-0.00333,0.0032,-0.00577
1790822929.490728,0.00175,0.00787,-1.01316,-0.00794,-0.00382,0.00721
1790822929.512516,0.00076,0.00162,-1.00621,-0.01307,-0.00713,0.02418
1790822929.5326269,0.00119,0.02713,-1.005,0.00619,0.01979,-0.01604
1790822929.5638962,-0.01012,0.00655,-1.01398,0.00326,0.00946,0.00256
1790822929.591597,-0.02423,-0.00254,-1.01073,0.00511,-0.00181,0.00409
1790822929.61048,-0.01574,0.01591,-1.00919,-4e-05,-0.00575,-0.018
1790822929.632146,-0.02238,-0.00273,-1.00423,0.01283,-0.00507,0.01742
1790822929.651288,-0.03064,-0.00435,-0.99258,0.02542,0.0142,0.02629
1790822929.6710668,-0.03293,-0.01761,-1.00059,0.02426,0.02157,0.05295
1790822929.691484,-0.01325,0.04419,-1.03094,-0.01985,0.0158,-0.02458
1790822929.7120159,-0.0127,0.04193,-1.01558,-0.00319,-0.00318,-0.04078
1790822929.736906,-0.02714,-0.00291,-1.00578,0.00056,0.00065,0.00566
1790822929.752574,-0.02357,0.0113,-1.00348,-0.00082,0.00064,0.02678
1790822929.772079,-0.01131,0.02626,-1.0082,-0.00422,0.00772,-0.00952
1790822929.792345,-0.01462,-0.00722,-1.00801,0.00622,0.00369,-0.00525
1790822929.833673,-0.01364,0.00507,-1.00664,0.01459,0.00063,0.00318
1790822929.8516538,-0.01044,0.0189,-1.00034,0.02409,0.00534,-0.00754
1790822929.870581,-0.01202,0.01967,-1.00278,0.02048,0.01532,-0.01256
1790822929.891349,-0.00671,0.01712,-1.01169,-0.01742,0.00194,-0.02685
1790822929.910416,-0.00722,0.0037,-1.01845,-0.00603,0.00435,-0.0147
1790822929.92759,-0.00661,-0.01931,-1.01175,0.00897,-0.00073,0.02453
1790822929.9516008,-0.01262,0.01453,-1.00336,-0.00637,0.0046,0.01351
1790822929.970494,-0.01989,0.0206,-1.00189,-0.01888,0.00232,0.00033
1790822929.9912808,-0.02272,0.01369,-1.01111,-0.00853,0.00868,-0.00725
1790822930.010973,-0.02103,0.00455,-1.02117,0.00648,-0.00331,-0.00101
1790822930.030974,-0.01785,0.0203,-1.00244,0.02259,-0.0019,-0.01569
1790822930.0510988,-0.00631,0.0123,-1.00483,0.00301,0.01535,-0.00511
1790822930.06918,-0.01545,0.00083,-1.00379,0.0218,0.01379,-0.00445
1790822930.09151,-0.02332,0.00251,-1.00253,0.01784,0.01662,0.01566
1790822930.111006,-0.01825,0.01238,-1.00865,0.00196,0.01474,-0.00089
1790822930.130852,-0.01532,0.00716,-1.01915,0.00732,0.01837,0.00612
1790822930.152904,-0.01848,0.00741,-1.01014,0.00568,0.00553,0.01117
1790822930.171968,-0.02213,0.02241,-1.00814,0.00064,-0.00501,0.00114
1790822930.192863,-0.03658,0.00439,-1.00227,-0.02127,-0.0014,0.00534
1790822930.210992,-0.0312,0.00799,-1.00867,-0.01168,0.012,-0.00842
1790822930.237869,-0.02079,0.01114,-1.01438,0.00572,0.01029,-0.0208
1790822930.265387,-0.0049,0.01489,-1.01111,0.01393,0.00092,-0.00355
1790822930.291861,-0.00062,0.01112,-1.00154,0.02183,0.00549,0.00304
1790822930.3107488,-0.00678,0.00677,-0.99505,0.01117,0.02308,0.01234
1790822930.334817,0.00515,0.02023,-1.00823,-0.01758,0.012,-0.02277
1790822930.3532941,-0.00382,-0.00094,-1.02834,-0.00623,0.00252,-0.01137
1790822930.3647308,0.00692,-0.0084,-1.00754,-0.03102,0.02515,0.01715
1790822930.391055,0.05133,0.01532,-0.99597,-0.03279,0.03198,-0.00834
1790822930.416955,0.07908,0.0251,-1.00871,-0.02213,0.02657,-0.01018
1790822930.431809,0.10239,0.00819,-1.006,0.01583,0.01925,0.0048
1790822930.450782,0.09268,0.01606,-1.0196,0.00807,-0.01175,0.00807
1790822930.4699469,0.02928,0.01142,-1.01762,0.00422,0.00312,-0.0117
1790822930.4927208,0.01882,0.01008,-1.00527,0.00551,0.00596,-0.03024
1790822930.514865,0.01087,0.02288,-1.00785,0.00428,0.0018,-0.02817
1790822930.532715,0.01087,0.02288,-1.00785,0.00428,0.0018,-0.02817
1790822930.551062,0.00708,0.01662,-1.00738,0.00326,0.00374,-0.01217
1790822930.5720901,-0.00135,0.00731,-1.00882,0.00268,-0.00181,-0.00711
1790822930.595089,-0.00415,0.00651,-1.00959,0.00289,0.00309,0.0007
1790822930.611893,-0.00497,0.00877,-1.00763,0.00491,0.00228,0.00406
1790822930.632595,-0.00497,0.00877,-1.00763,0.00491,0.00228,0.00406
1790822930.654429,-0.00434,0.00936,-1.00718,0.00125,0.00543,0.00145
1790822930.671442,-0.00402,0.00998,-1.00858,0.00238,0.00497,0.00311
1790822930.692106,-0.00481,0.00897,-1.01001,0.00437,0.0074,0.00386
1790822930.7119029,-0.00698,0.00857,-1.01012,0.00304,0.00432,0.00406
1790822930.754528,-0.0125,0.00066,-1.01006,0.00026,-0.00016,0.03393
1790822930.769587,0.00041,0.01329,-1.01001,0.00053,0.00534,0.00095
1790822930.792992,0.00292,0.02345,-1.00881,0.00236,0.00993,-0.00936
1790822930.811821,-0.01065,0.00056,-1.00928,0.00099,0.00564,-0.0027
1790822930.827283,-0.01895,0.01508,-1.00576,5e-05,0.0052,-0.00678
1790822930.852031,-0.02861,0.00762,-1.00753,0.0028,0.00164,0.00201
1790822930.870476,-0.02382,0.00409,-1.01009,-0.00111,0.00424,0.00662
1790822930.8929129,-0.0191,0.0096,-1.00909,0.00209,0.00591,0.00264
1790822930.9123971,-0.0208,0.01499,-1.00843,0.00378,0.00271,0.00245
1790822930.928787,-0.01801,0.0057,-1.00826,0.00026,0.00469,0.00545
1790822930.951683,-0.01846,0.00971,-1.00936,0.00152,0.00514,0.00079
1790822930.969706,-0.01666,0.01089,-1.0079,0.00534,0.00574,0.00185
1790822930.991678,-0.01561,0.01059,-1.00664,9e-05,0.00476,0.00542
1790822931.0104709,-0.01303,0.00764,-1.00684,0.00489,0.00367,0.00045
1790822931.029644,-0.01172,0.01224,-1.00864,0.00242,0.00331,0.00153
1790822931.052062,-0.01202,0.00894,-1.00819,0.00105,0.00609,0.00637
1790822931.073171,-0.01144,0.00934,-1.00857,0.00155,0.00486,0.00089
1790822931.094679,-0.01111,0.00966,-1.00939,-0.00068,0.00646,0.00604
1790822931.1112251,-0.01105,0.01251,-1.00748,0.00463,0.00471,0.00195
1790822931.133743,-0.012,0.01179,-1.00855,-0.00304,0.00507,0.0012
1790822931.152909,-0.012,0.01179,-1.00855,-0.00304,0.00507,0.0012
1790822931.1731892,-0.01383,0.01363,-1.0069,0.00286,0.00553,-0.00049
1790822931.1940749,-0.01319,0.00958,-1.00785,0.00085,0.00555,0.00138
1790822931.233152,-0.01409,0.00895,-1.00866,0.00508,0.00331,0.00525
1790822931.251785,-0.01305,0.0098,-1.00905,0.00377,0.00736,0.00253
1790822931.272578,-0.01269,0.0114,-1.00851,0.00359,0.00382,0.00203
1790822931.293699,-0.01398,0.00759,-1.00781,0.00109,0.00825,0.00415
1790822931.3110468,-0.01248,0.01021,-1.00669,0.00206,0.00589,0.00498
1790822931.334877,-0.01156,0.01069,-1.00512,0.00033,0.00365,0.00177
1790822931.3517818,-0.01254,0.0097,-1.00734,0.00187,0.00464,0.00451
1790822931.364588,-0.01283,0.0084,-1.00739,0.00081,0.00761,0.00552
1790822931.3951008,-0.0133,0.0111,-1.00838,0.00202,0.0061,-0.00019
1790822931.413114,-0.01498,0.00861,-1.00826,0.00409,0.00594,0.00481
1790822931.437215,-0.01444,0.00935,-1.00854,0.00346,0.00679,0.00506
1790822931.450691,-0.01342,0.01204,-1.00838,0.00213,0.00503,0.00113
1790822931.47617,-0.01401,0.01069,-1.00839,0.00425,0.00449,0.00392
1790822931.4927418,-0.01532,0.00997,-1.00835,0.00109,0.00567,0.00212
1790822931.5125709,-0.01074,0.01119,-1.00865,0.00521,0.00714,0.00298
1790822931.5503511,-0.01315,0.00785,-1.00801,0.00325,0.00505,0.00341
1790822931.573209,-0.01347,0.0119,-1.00905,0.00081,0.00386,-0.0039
1790822931.5938408,-0.01295,0.00751,-1.0103,0.00369,0.00691,0.01021
1790822931.611748,-0.01029,0.00901,-1.00736,0.00224,0.00623,0.00403
1790822931.626753,-0.01142,0.01071,-1.00646,-1e-05,0.00468,-0.00179
1790822931.65669,-0.01087,0.01421,-1.00742,0.00471,0.00638,-0.00061
1790822931.67387,-0.00332,0.02194,-1.00609,0.00114,0.00187,-0.0253
1790822931.691652,-0.01121,0.00922,-1.0076,0.00459,0.00426,-0.01984
1790822931.711772,-0.02726,-0.02144,-1.00652,0.00455,0.01062,0.0402
1790822931.750779,-0.02726,-0.02144,-1.00652,0.00455,0.01062,0.0402
1790822931.771687,-0.01266,0.03058,-1.00832,0.0038,0.0011,-0.02915
1790822931.7899861,-0.017,-0.0102,-1.0055,0.00486,0.00858,0.03978
1790822931.812719,-0.01643,0.0111,-1.00877,0.00116,0.00928,-0.02188
1790822931.831414,-0.01414,0.01982,-1.00933,0.00377,0.00229,-0.00608
1790822931.851091,-0.01866,-0.00484,-1.00639,0.00215,0.00765,0.02679
1790822931.872606,-0.01225,0.01843,-1.01019,0.00063,0.00669,-0.01649
1790822931.885814,-0.0117,0.01473,-1.00883,0.00205,0.00508,0.00163
1790822931.9154189,-0.01723,-0.00707,-1.0071,0.00217,0.00376,0.02024
1790822931.933003,-0.00731,0.02608,-1.00832,0.00152,0.00644,-0.01941
1790822931.951078,-0.01223,0.0028,-1.00665,0.0033,0.00439,0.01496
1790822931.976543,-0.0154,-0.00146,-1.00682,0.00382,0.00467,0.00883
1790822931.989193,-0.00319,0.01981,-1.0067,-0.00017,0.00852,-0.00667
1790822932.0115771,0.02164,-0.01065,-1.00644,-0.00134,0.01139,0.02404
1790822932.032032,0.0721,-0.00569,-1.00021,-0.01696,0.01765,-0.02002
1790822932.051009,0.12039,-0.00461,-1.00728,-0.01592,0.02862,-0.08678
1790822932.077107,0.11284,-0.05267,-1.02284,-0.01181,0.01944,0.00778
1790822932.0920708,0.11944,-0.0597,-1.00118,0.00441,0.03091,0.07352
1790822932.111431,0.1486,-0.01584,-1.02756,0.04073,0.0042,0.13395
1790822932.134866,0.17033,7e-05,-0.99349,0.0251,-0.04391,0.10909
1790822932.151913,0.16774,0.01366,-1.00093,0.01739,-0.02219,0.1248
1790822932.179193,0.19351,0.02727,-1.03123,0.04536,-0.00958,-0.00695
1790822932.191434,0.1556,0.04795,-1.01329,-0.02623,-0.02286,-0.06838
1790822932.2319481,0.07896,-0.04387,-1.00991,0.03908,0.0349,-0.06547
1790822932.255299,0.06092,-0.09046,-1.00239,-0.00314,-0.01328,0.03309
1790822932.271831,0.0454,-0.07675,-1.02739,0.01142,-0.04544,0.06192
1790822932.29205,0.0484,-0.04405,-1.00596,0.01062,-0.01516,-0.00993
1790822932.312713,0.0245,-0.02528,-0.99912,-0.0011,-0.00924,-0.06147
1790822932.334452,-0.02575,-0.09372,-1.00742,-0.01044,0.05368,0.01435
1790822932.355005,-0.03084,-0.09898,-0.99611,0.04645,-0.01904,0.03183
1790822932.373993,-0.03942,-0.08367,-1.00454,0.03635,-0.02405,0.05155
1790822932.392852,-0.06025,-0.05577,-1.01608,-0.01176,0.03017,0.06767
1790822932.414528,-0.04291,-0.02655,-1.00634,0.00633,0.00578,-0.01253
1790822932.433616,-0.06336,-0.00668,-1.00759,0.02837,-0.02603,-0.03809
1790822932.452034,-0.0582,-0.01001,-0.994,0.01398,-0.00337,0.00983
1790822932.485844,-0.05698,0.04131,-1.02093,-0.04814,0.00465,0.02475
1790822932.510698,-0.03678,0.08785,-1.01962,-0.02614,-0.02623,-0.01796
1790822932.533632,-0.02978,0.12708,-1.00524,0.01339,-0.01775,-0.04427
1790822932.551785,-0.03686,0.14928,-1.0029,-0.01743,0.01566,-0.01657
1790822932.572691,-0.03824,0.17903,-1.04126,-0.06819,0.02049,0.02244
1790822932.584348,-0.02399,0.20509,-0.97561,-0.00192,0.0349,0.01319
1790822932.610357,-0.00491,0.1762,-1.0072,0.03718,-0.01657,0.0005
1790822932.632168,0.01378,0.14366,-1.00778,0.02399,0.02589,0.00839
1790822932.653728,0.01205,0.03867,-1.00484,0.00801,0.01322,0.04272
1790822932.6721148,0.00519,0.00153,-1.00292,0.01304,0.0259,0.04007
1790822932.685517,0.03895,0.02321,-1.00102,0.03752,0.01041,-0.05225
1790822932.710516,0.03399,-0.03501,-1.02137,0.00842,0.02367,-0.00043
1790822932.731315,-0.00649,-0.11368,-1.02376,-0.0408,-0.01481,0.12478
1790822932.772114,0.04035,0.02382,-1.00084,0.01325,0.00305,-0.04914
1790822932.796057,0.00449,-0.01045,-1.02365,0.01296,0.02335,-0.00035
1790822932.811063,-0.02062,-0.07448,-1.02059,-0.02799,0.00097,0.06155
1790822932.833686,-0.00373,0.00101,-1.00237,-0.01898,0.04107,0.00047
1790822932.846451,0.01171,0.05701,-0.99741,0.02927,0.01079,-0.03312
1790822932.8726242,-0.02444,0.02331,-1.00401,0.00029,0.0205,0.01751
1790822932.8923929,-0.04095,-0.02091,-1.02288,0.0042,-0.00151,0.04339
1790822932.9157639,-0.02254,0.0301,-1.01676,-0.01581,-0.03132,0.00301
1790822932.938517,-0.05229,0.06877,-0.99889,-0.00746,0.00393,-0.0222
1790822932.9517179,-0.11575,0.03398,-0.98179,-0.03882,0.01177,0.02002
1790822932.992564,-0.16143,0.03119,-1.03721,-0.03867,-0.0196,0.0757
1790822933.010818,-0.14044,0.04708,-0.9972,0.00156,0.01341,0.02421
1790822933.035306,-0.10086,0.07502,-0.9991,-0.02313,0.00876,-0.07669
1790822933.052029,-0.11819,0.02462,-1.015,0.01222,0.00883,-0.01171
1790822933.070483,-0.08548,0.0412,-1.00229,0.00357,0.00958,-0.04688
1790822933.091866,-0.04773,0.09232,-1.0019,-0.00855,0.01883,-0.10586
1790822933.111131,-0.05209,0.01565,-1.00933,-0.00091,0.00568,0.02491
1790822933.137299,-0.00709,0.05366,-0.98633,0.03514,0.04144,-0.03566
1790822933.1525388,0.04761,0.09819,-0.98553,0.04046,0.05261,-0.01698
1790822933.17268,0.0672,0.05128,-1.00333,0.03616,0.00676,-0.03729
1790822933.1828392,0.10155,0.05593,-1.03845,0.00218,0.03053,-0.06002
1790822933.210936,0.0894,0.06606,-0.9902,-0.01582,0.02918,-0.02629
1790822933.2498822,0.07776,0.02083,-1.01227,0.0123,0.01348,0.05954
1790822933.272604,0.07643,-0.00611,-1.02496,0.01383,-0.03521,0.03617
1790822933.291852,0.03151,-0.03609,-1.02371,-0.00513,0.01039,0.04243
1790822933.310534,0.03939,-0.03999,-0.99199,0.04921,0.03951,-0.00256
1790822933.337096,0.00849,-0.08397,-0.97657,0.02009,0.00659,0.08214
1790822933.347722,-0.03796,-0.08543,-1.04526,-0.02297,-0.05141,0.02642
1790822933.3723478,-0.05315,-0.10499,-1.01646,0.00064,-0.02663,0.04214
1790822933.3883379,-0.06557,-0.11719,-0.98918,0.01176,-0.01037,0.05328
1790822933.4122,-0.12129,-0.02483,-1.0077,-0.01892,0.0178,0.0134
1790822933.450052,-0.12863,-0.02043,-1.01839,-0.00297,-0.01808,0.04389
1790822933.47242,-0.12592,-0.00923,-1.02169,-0.02559,-0.001,0.04437
1790822933.492137,-0.09357,0.05074,-0.99629,0.00385,-0.01051,-0.0332
1790822933.510821,-0.08984,0.04365,-0.99452,0.00933,-0.00357,-0.03888
1790822933.54057,-0.09921,0.0386,-1.00349,0.00547,0.0075,-0.00989
1790822933.5515678,-0.1007,0.02557,-1.01294,0.00094,0.00981,0.01978
1790822933.5756779,-0.0909,-0.00233,-1.00914,-0.00026,0.0118,0.02678
1790822933.591042,-0.04524,7e-05,-1.00623,-0.00484,0.01642,0.00037
1790822933.610811,-0.02815,0.02379,-1.00533,-0.00665,0.01146,-0.0087
1790822933.638099,-0.00076,0.03731,-1.0097,-0.00918,0.01172,-0.03852
1790822933.652394,0.01479,0.05549,-1.01704,-0.01033,0.00285,-0.06604
1790822933.6871521,0.01262,0.03296,-1.00484,0.00476,0.00451,-0.03323
1790822933.710825,0.02062,0.01427,-1.00087,0.01065,0.01919,0.01924
1790822933.74352,0.02758,0.03168,-1.00606,0.01951,0.01084,-0.00876
1790822933.751401,0.01877,0.03017,-1.01471,0.02416,-0.00358,-0.01535
1790822933.7749681,-0.00531,0.02575,-1.01339,0.01462,0.00043,-0.01317
1790822933.787751,-0.00959,0.04572,-1.00643,0.00417,0.01181,-0.01399
1790822933.811288,-0.0,-0.00661,-1.02119,-0.01053,-0.04011,0.0351
1790822933.844578,-0.04586,-0.07439,-1.02444,-0.01631,-0.01614,0.0716
1790822933.875644,-0.0312,-0.07752,-0.98759,0.0053,0.01651,0.05494
1790822933.8946261,-0.04366,-0.06435,-0.99687,0.01692,0.0082,0.03473
1790822933.932603,-0.04825,0.02294,-1.0072,0.00899,0.00478,0.01202
1790822933.952289,-0.04485,-0.00465,-1.00726,0.01738,0.01041,0.01553
1790822933.971168,-0.04317,0.01285,-1.00737,0.01405,0.00721,-0.00367
1790822933.990718,-0.04194,-0.01004,-1.00742,0.00681,0.0063,0.00597
1790822934.012751,-0.04465,-0.01485,-1.01076,0.00032,0.00952,0.04257
1790822934.033202,-0.03651,0.03146,-1.00962,-0.0029,0.00378,0.01123
1790822934.0522492,-0.03808,0.02801,-1.00761,0.00294,-0.00104,0.01327
1790822934.074152,-0.06155,-0.00056,-1.0071,0.00271,0.00512,-0.00765
1790822934.0895538,-0.0625,-0.0013,-1.00662,-0.00654,0.0029,0.00674
1790822934.111139,-0.04535,0.00439,-1.00965,0.00095,0.0051,0.00459
1790822934.132923,-0.03407,0.01112,-1.00744,-0.00098,0.00726,0.00988
1790822934.151575,-0.03056,0.00338,-1.00774,-0.00174,0.00897,0.00943
1790822934.173739,-0.02689,0.00664,-1.00949,-0.0028,0.00847,0.00518
1790822934.1898031,-0.02746,0.01029,-1.00643,-0.00015,0.00837,0.00594
1790822934.211432,-0.02577,0.00886,-1.00685,-0.00106,0.00717,0.00017
1790822934.246604,-0.02558,0.00406,-1.00699,-0.00019,0.00693,0.00415
1790822934.274653,-0.02425,0.00866,-1.00688,0.00207,0.0066,-0.0006
1790822934.290792,-0.02384,0.00608,-1.00905,0.00054,0.00685,0.00226
1790822934.31499,-0.02237,0.00547,-1.00916,-6e-05,0.00692,0.00682
1790822934.3332422,-0.02006,0.00871,-1.01142,0.002,0.00499,0.00407
1790822934.351827,-0.01823,0.00811,-1.01204,0.00156,0.00597,0.00111
1790822934.376161,-0.01405,0.0069,-1.01027,0.00294,0.00617,0.00267
1790822934.393229,-0.01095,0.00649,-1.00755,0.0001,0.00605,0.0024
1790822934.412396,-0.00989,0.00916,-1.00875,0.00383,0.00555,0.00145
1790822934.432574,-0.00884,0.00538,-1.00883,0.0029,0.00541,0.00143
1790822934.452516,-0.00783,0.00547,-1.00829,0.00125,0.00227,0.00316
1790822934.4758909,-0.00769,0.00705,-1.00971,0.00278,0.00721,0.00338
1790822934.4928918,-0.00751,0.00797,-1.00764,0.00075,0.00408,0.00221
1790822934.5099578,-0.00673,0.00621,-1.00655,0.00361,0.00624,0.00281
1790822934.531596,-0.00735,0.00605,-1.00744,0.00323,0.00787,0.00276
1790822934.552504,-0.00586,0.00661,-1.00787,0.00252,0.00391,0.0031
1790822934.577444,-0.0076,0.00772,-1.0082,0.00091,0.00606,0.00354
1790822934.591852,-0.00793,0.01805,-1.00803,-0.00099,-7e-05,-0.01033
1790822934.632139,-0.01241,0.02488,-1.00926,0.00194,0.00429,-0.00172
1790822934.6518788,-0.01588,0.03553,-1.00667,-0.00167,0.00807,0.0021
1790822934.6738932,-0.0142,0.043,-1.00751,0.00141,-0.00019,-0.00362
1790822934.6933498,-0.01371,-0.01928,-1.00445,0.01955,0.01494,-0.01895
1790822934.708902,-0.00776,-0.03971,-1.01189,-0.00024,0.004,-0.03682
1790822934.7321322,-0.02258,-0.0514,-1.01012,0.00115,0.00067,0.04876
1790822934.75075,-0.00765,0.02691,-1.00668,0.00477,0.00036,-0.00906
1790822934.7760699,-0.00621,0.03939,-1.00747,0.003,0.00494,-0.00325
1790822934.794791,-0.01261,-0.01267,-1.00653,0.00127,0.0059,0.0162
1790822934.812593,-0.00697,0.00434,-1.00684,-0.00049,0.00549,-0.00342
1790822934.831873,-0.00705,0.01891,-1.00675,0.00365,0.00613,0.00102
1790822934.8528519,-0.01073,0.00207,-1.0067,0.00374,0.00737,0.00724
1790822934.894735,-0.00424,0.0261,-1.00951,0.00308,0.007,-0.00852
1790822934.916395,-0.01426,0.03851,-1.00951,0.00212,0.00425,-0.01176
1790822934.9308531,-0.02173,0.07355,-1.01094,-0.01433,0.00181,0.01398
1790822934.9521549,-0.01932,0.13121,-1.00293,-0.01005,-0.00046,-0.03041
1790822934.97327,-0.01593,0.13888,-1.01122,-0.01788,-0.00444,-0.03535
1790822934.991502,-0.033,0.11442,-1.01306,-0.03223,0.00615,0.00223
1790822935.0116942,-0.02773,0.12471,-1.00263,-0.01054,0.01586,0.03783
1790822935.032959,-0.01488,0.13265,-0.9982,0.03519,-0.00105,0.03396
1790822935.0539362,-0.01825,0.13754,-0.99311,0.03137,-0.01917,0.0348
1790822935.074482,0.00116,0.12832,-1.01481,0.01919,0.00588,-0.0096
1790822935.098342,-0.0382,-0.00963,-1.0404,-0.02757,-0.04712,0.04326
1790822935.111029,-0.02732,0.00689,-1.00264,-0.00951,-0.01951,0.00354
1790822935.131797,-0.02732,0.00689,-1.00264,-0.00951,-0.01951,0.00354
1790822935.15071,0.019,-0.0146,-1.01429,0.01681,0.00485,0.00548
1790822935.173785,-0.00347,-0.03862,-1.01047,-0.00606,0.03737,-0.00261
1790822935.195648,0.02616,-0.03022,-1.00328,0.02993,0.00066,-0.02932
1790822935.212984,0.02155,-0.06049,-0.99999,0.04515,-0.00082,-0.01104
1790822935.2509398,-0.0197,-0.10576,-1.03064,-0.00351,0.00527,0.0444
1790822935.2713852,-0.01807,-0.07689,-1.01808,0.00146,-6e-05,0.03448
1790822935.292765,0.01832,-0.04069,-0.98653,0.01504,0.00558,-0.00683
1790822935.311429,0.02039,-0.02363,-1.00963,0.00608,0.01465,-0.05119
1790822935.3308501,-0.00387,-0.07234,-1.0136,-0.00638,0.00603,-0.05176
1790822935.353605,-0.0293,-0.14213,-0.99971,0.00773,-0.0079,0.01785
1790822935.3785331,-0.03598,-0.12008,-1.01056,-0.00207,0.00373,-0.00731
1790822935.39364,-0.06032,-0.11431,-1.01113,0.0017,0.03054,0.04241
1790822935.409287,-0.02742,-0.06188,-1.00816,-0.00517,0.01041,0.00924
1790822935.4360151,-0.02074,-0.04455,-1.01076,0.00046,0.00096,-0.0107
1790822935.45253,-0.02129,-0.04577,-1.00858,-0.00396,0.00597,-0.00075
1790822935.492477,-0.01198,0.02445,-1.00788,0.00166,0.00562,0.00471
1790822935.512966,-0.0118,0.00695,-1.00801,-0.00128,0.00335,-0.00141
1790822935.5323148,-0.0084,-0.00796,-1.00828,0.00092,0.00654,0.00537
1790822935.5512042,-0.00546,0.01415,-1.00917,0.00138,0.00498,-0.00164
1790822935.575456,-0.00665,0.00738,-1.00994,0.00539,0.00289,0.0087
1790822935.593121,-0.00457,0.0001,-1.00872,-0.00147,0.0051,0.00285
1790822935.613108,-0.00254,0.00599,-1.00775,-0.00071,0.00506,0.00018
1790822935.632061,-0.00367,0.00913,-1.00814,0.00279,0.00499,0.00358
1790822935.652802,-0.00497,0.0003,-1.0068,0.00155,0.00308,0.00449
1790822935.6695738,-0.00228,0.0078,-1.00648,0.00157,0.00774,0.00088
1790822935.6930299,-0.00509,0.00736,-1.00755,0.00117,0.00532,0.00494
1790822935.7115269,-0.00919,-0.00045,-1.00743,-0.00088,0.00166,0.00347
1790822935.733404,-0.00753,-0.01495,-1.00869,0.00333,0.00029,0.00195
1790822935.751271,-0.01702,-0.08903,-1.00757,0.00862,0.00338,0.02144
1790822935.79363,-0.02378,-0.12541,-1.00547,0.0143,0.01895,0.0525
1790822935.8113909,-0.01761,-0.11095,-1.01103,0.00422,0.02103,0.03261
1790822935.831103,-0.01332,-0.10519,-1.00766,-0.01751,0.01708,-0.00913
1790822935.851348,-0.02514,-0.10581,-1.01457,-0.01213,-0.00235,-0.03508
1790822935.871924,-0.03271,-0.11357,-1.01369,0.00181,0.00718,-0.02461
1790822935.891804,-0.02652,-0.11154,-0.96747,0.08183,0.06066,-0.02639
1790822935.9140108,-0.04472,-0.10938,-1.03022,-0.00986,0.04028,0.06836
1790822935.933186,-0.02197,-0.02488,-1.03872,-0.01218,-0.01149,0.03163
1790822935.952245,-0.01619,0.00648,-1.009,0.00693,-0.01095,-0.00812
1790822935.970506,-0.0003,0.02182,-0.99791,-0.0035,0.00018,-0.0554
1790822935.994685,0.00483,0.0373,-1.00942,-0.00218,-0.00809,-0.07248
1790822936.006345,-0.01499,-0.00204,-0.98013,0.03746,0.01176,-0.02029
1790822936.0318878,-0.01454,0.0129,-1.03659,0.03343,0.02333,-0.01669
1790822936.0521002,0.00666,0.07288,-1.01133,0.00935,-0.0081,0.01239
1790822936.072961,0.01337,0.07818,-1.01608,-0.03044,0.01858,0.02259
1790822936.093131,0.02008,0.09795,-0.99703,-0.01816,-0.00783,0.03515
1790822936.1498392,0.01989,0.18371,-1.00949,-0.00066,-0.00503,-0.06046
1790822936.155823,0.0077,0.20177,-1.00683,-0.01024,0.01304,-0.05683
1790822936.1639569,-0.0056,0.1461,-1.00122,0.01369,-0.00268,0.00236
1790822936.194238,-0.01782,0.0774,-1.00857,0.00483,-0.00114,0.00488
1790822936.2118661,-0.01247,0.07661,-1.00979,0.00744,0.00116,-0.00424
1790822936.231831,-0.00287,-0.01155,-1.0073,-0.0056,0.0117,-0.01338
1790822936.2542248,-0.01018,-0.00547,-1.00748,-0.00059,0.00024,0.00954
1790822936.292196,-0.01814,0.01321,-1.00706,0.00327,0.00458,0.0124
1790822936.312394,-0.01627,-0.00303,-1.00689,0.00245,0.00164,0.01382
1790822936.332107,-0.00066,-0.03696,-1.00915,0.0005,0.00912,-0.01869
1790822936.350986,-0.01262,-0.08234,-1.01126,0.00318,-0.00172,0.00523
1790822936.371304,-0.0236,-0.10941,-1.01016,0.01096,0.00032,-0.0019
1790822936.393898,-0.01963,-0.11072,-0.99625,0.0207,-0.00637,-0.02476
1790822936.406301,-0.02969,-0.13444,-1.00392,0.01309,0.03086,-0.02073
1790822936.431905,-0.03494,-0.12702,-1.0275,-0.04233,-0.00916,-0.00105
1790822936.4512918,-0.01939,-0.10481,-1.00792,-0.01149,0.01548,-0.03861
1790822936.473422,-0.02045,-0.08299,-1.01824,-0.02041,0.01599,-0.03699
1790822936.494438,-0.02524,-0.09136,-1.00687,-0.03095,-0.01378,-0.00058
1790822936.508875,-0.02283,-0.09285,-0.98995,0.02052,0.02674,0.0133
1790822936.5309289,-0.00557,-0.0032,-0.99479,0.01727,0.02815,-0.01912
1790822936.570699,-0.00568,0.03641,-1.03972,-0.01774,-0.02003,-0.00348
1790822936.593357,0.00702,0.00705,-0.99976,-0.00943,-0.00274,0.02108
1790822936.609361,0.00901,0.02696,-1.00399,-0.04478,-0.00213,0.05225
1790822936.632977,0.0132,0.06995,-1.00081,-0.00716,-0.00099,0.04482
1790822936.651961,0.01446,0.08316,-0.99462,-0.00398,-0.0162,-0.01863
1790822936.6706932,0.0009,0.10803,-1.01229,0.02051,0.02579,-0.04662
1790822936.694037,-0.00614,0.09824,-1.02727,-0.01583,-0.00201,-0.06367
1790822936.709996,-0.01502,0.09448,-1.01182,0.00556,0.00554,-0.05815
1790822936.7380102,-0.01633,0.01789,-0.99018,0.0107,-0.00644,0.06207
1790822936.754729,0.00644,0.0516,-1.00731,-0.01416,0.01301,0.08594
1790822936.7719,0.00453,0.07727,-1.01543,-0.01134,0.00469,0.01006
1790822936.8075268,0.00453,0.07727,-1.01543,-0.01134,0.00469,0.01006
1790822936.83165,-0.01065,0.01713,-0.9996,0.00605,0.01027,-0.08507
1790822936.8525052,-0.02942,-0.03861,-1.00666,0.00397,0.00288,-0.0217
1790822936.869013,-0.02635,-0.04965,-1.00615,0.02474,0.0118,0.00354
1790822936.893226,-0.02675,-0.04522,-1.00508,0.0269,0.00276,0.02164
1790822936.9141152,-0.02988,-0.01948,-1.0237,0.01814,-0.01216,-0.0061
1790822936.9317179,-0.02112,-0.03514,-1.00849,-0.01882,-0.01089,0.01478
1790822936.9526029,-0.01242,0.04028,-0.99796,-0.01527,0.02847,0.07802
1790822936.97429,-0.00846,0.1292,-1.01431,-0.01474,0.02174,0.03651
1790822937.011976,0.00074,0.18592,-1.00881,-0.01026,-0.00629,-0.06828
1790822937.03188,-0.00694,0.17678,-1.00344,-0.00193,-0.00904,-0.08688
1790822937.0534232,-0.01904,0.14075,-1.00212,-0.00826,0.00863,-0.02789
1790822937.071597,-0.01709,0.08514,-1.00666,-0.00198,0.00522,0.00246
1790822937.094445,-0.00298,0.09372,-1.00755,-0.00118,0.00787,-0.05608
1790822937.1132889,-0.02048,0.00873,-1.00519,0.01297,0.0066,0.04754
1790822937.131847,0.02784,0.0994,-1.00183,0.02217,0.01512,-0.28014
1790822937.153978,0.10677,0.28518,-1.00771,0.0138,0.0333,-0.77273
1790822937.173701,0.03168,0.09277,-1.00631,0.02125,0.00268,-0.75076
1790822937.194933,-0.04368,-0.08492,-1.01171,0.01068,0.0176,-0.60416
1790822937.211564,-0.02762,-0.0488,-1.00599,0.00287,0.01733,-0.51538
1790822937.2335029,-0.00493,0.00092,-1.00275,-0.00805,0.02867,-0.49789
1790822937.253124,-0.00858,0.02171,-1.02362,0.00551,-0.01493,-0.55712
1790822937.2932868,-0.00439,0.00051,-1.01248,0.00083,0.00759,-0.57853
1790822937.311452,0.01103,0.03176,-0.99763,0.00503,0.01702,-0.61812
1790822937.3319411,0.01708,0.03287,-0.99423,0.02442,-0.00224,-0.64017
1790822937.352753,0.00945,0.02367,-1.00841,0.01839,0.0168,-0.69632
1790822937.369626,0.01092,-0.0095,-1.01305,0.00727,0.01986,-0.63139
1790822937.3929422,0.00107,-0.04623,-1.0086,0.00728,0.00857,-0.558
1790822937.4146,0.00776,0.00383,-1.01028,0.00347,0.01019,-0.61451
1790822937.433648,0.00711,0.03581,-1.00463,-0.00426,0.0218,-0.64991
1790822937.4556868,-0.00243,0.04014,-0.99712,-0.00866,0.0215,-0.69274
1790822937.46804,-0.02115,0.02512,-1.01493,-0.02433,0.01646,-0.7004
1790822937.492595,-0.03512,-0.01818,-1.03037,-0.01412,0.00544,-0.63935
1790822937.514456,-0.03184,-0.01135,-0.99572,0.01153,0.01031,-0.62102
1790822937.53374,0.00091,0.03027,-1.01455,0.02571,0.00716,-0.68952
1790822937.5570502,0.00091,0.03027,-1.01455,0.02571,0.00716,-0.68952
1790822937.5710888,-0.00298,0.00176,-1.01029,0.02226,0.0134,-0.67694
1790822937.6117241,-0.00015,0.02584,-1.01434,-0.00574,0.00067,-0.70212
1790822937.6344829,-0.00611,0.01038,-1.0047,-0.01464,0.01116,-0.6701
1790822937.652632,-0.0122,0.02766,-0.9957,-0.03065,0.03252,-0.68439
1790822937.667093,-0.00296,0.03759,-1.01546,-0.02462,0.0118,-0.66947
1790822937.693689,-0.01867,-0.02248,-1.03438,-0.01767,-0.0092,-0.61177
1790822937.711746,3e-05,0.01267,-1.00183,-0.00887,0.00922,-0.65226
1790822937.74059,0.02018,0.03514,-0.99644,0.00413,0.01095,-0.68267
1790822937.752526,0.0288,0.03605,-1.00434,0.00472,0.01673,-0.78838
1790822937.772944,0.01024,0.00199,-1.01099,-0.00092,0.01242,-0.75417
1790822937.796742,-0.00793,-0.0441,-1.0088,0.00672,0.01616,-0.70587
1790822937.81486,-0.00276,-0.03982,-1.0139,0.01017,0.00476,-0.65808
1790822937.833704,0.00169,-0.01216,-1.00402,0.00082,0.01359,-0.65706
1790822937.856406,0.00155,0.01493,-1.00377,0.01078,0.0121,-0.69318
1790822937.874581,-0.00739,0.00794,-1.02221,-0.01264,0.00097,-0.69242
1790822937.896071,-0.0168,-0.00715,-1.0115,-0.01438,0.0178,-0.68275
1790822937.915953,-0.00683,0.00957,-0.99478,0.00497,-0.00282,-0.70119
1790822937.93411,-0.00308,0.03116,-1.00457,0.0002,-0.0082,-0.73787
1790822937.955988,-0.00829,0.02134,-1.01136,-0.00197,0.01627,-0.72022
1790822937.972908,-0.01083,-0.00259,-1.00873,0.00321,0.01252,-0.66847
1790822937.995475,-0.00447,0.03044,-1.00684,-0.0053,0.00904,-0.6872
1790822938.014956,-0.00492,0.0339,-1.00752,-0.00597,0.01224,-0.67545
1790822938.036225,-0.01165,0.02785,-1.01076,-0.01016,0.00761,-0.69212
1790822938.0553322,-0.02062,0.02253,-1.02158,-0.0392,-0.00876,-0.68046
1790822938.074142,-0.04111,-0.02054,-1.02366,-0.02688,-0.00176,-0.61469
1790822938.096113,0.01438,0.06197,-0.99547,-0.0012,0.0104,-0.7662
1790822938.116043,0.00148,0.03361,-1.00663,0.00828,0.0172,-0.76839
1790822938.13441,0.00106,0.00603,-1.0013,0.00539,0.02446,-0.74318
1790822938.1724548,-0.00195,0.00855,-1.01147,-0.00395,0.00109,-0.72712
1790822938.1942852,-0.00904,-0.00574,-1.01215,-0.00341,0.0009,-0.67397
1790822938.216346,-0.01112,-0.0151,-1.0033,-0.00114,0.01268,-0.62803
1790822938.237922,0.00027,0.0078,-1.00793,0.00962,0.00484,-0.63877
1790822938.258074,-0.0064,0.01887,-1.02833,-0.01376,0.00951,-0.64548
1790822938.269536,-0.01481,0.01261,-1.01184,-0.01343,0.01556,-0.65763
1790822938.293679,0.01675,0.05379,-0.99025,-0.00908,0.02903,-0.76473
1790822938.316743,-0.0021,-0.00301,-1.01213,0.00215,0.00134,-0.76192
1790822938.332629,-0.00484,-0.02385,-1.01023,0.01877,0.01281,-0.71168
1790822938.3567638,-0.00567,-0.01164,-1.00158,-0.01282,0.01791,-0.68715
1790822938.397731,-0.00457,0.00842,-1.00978,-0.01315,0.01167,-0.64111
1790822938.4152079,-0.01235,-0.00173,-1.0113,-0.01383,0.02453,-0.63041
1790822938.427562,-0.0077,0.0237,-1.02078,-0.0247,-0.02509,-0.66627
1790822938.452842,-0.02936,0.01502,-1.01506,-0.02123,0.00271,-0.66632
1790822938.470459,-0.01502,0.03309,-0.99496,-0.00429,0.01474,-0.71988
1790822938.494315,0.00859,0.0501,-0.99509,0.00638,0.00858,-0.79053
1790822938.513959,-0.01752,0.00725,-1.01132,0.01021,-0.00731,-0.77538
1790822938.530418,-0.02299,-0.0256,-1.01022,0.00878,0.00738,-0.70163
1790822938.5539541,-0.0161,-0.01541,-1.00371,-0.01717,0.0133,-0.64336
1790822938.569705,-0.0089,0.02261,-1.00912,-0.02179,0.01269,-0.64717
1790822938.596836,-0.00452,0.04901,-1.00944,-0.01181,0.00504,-0.6859
1790822938.615884,-0.0258,0.02229,-1.01391,-0.01217,0.03763,-0.66536
1790822938.632652,-0.01428,0.03583,-1.00992,-0.0,-0.00235,-0.72736
1790822938.656399,0.01028,0.03695,-1.00128,0.01135,0.00688,-0.77513
1790822938.6929998,-0.00388,0.0092,-1.00059,-0.01474,0.00507,-0.7418
1790822938.713238,-0.0098,-0.017,-1.00701,-0.0022,0.0194,-0.66713
1790822938.7339,-0.00717,0.00837,-1.0048,-0.00399,0.01573,-0.65898
1790822938.754109,-0.00056,0.0237,-1.01205,0.00215,0.01237,-0.66111
1790822938.772605,0.0025,0.02982,-1.01203,-0.02287,0.0148,-0.69967
1790822938.7976708,0.00637,0.0425,-1.00291,-0.00511,0.02324,-0.72744
1790822938.81266,0.0015,0.02117,-1.01088,0.01707,0.01198,-0.72305
1790822938.8336792,-0.01549,-0.00794,-1.00858,0.02079,0.02011,-0.69802
1790822938.856025,-0.0134,-0.01137,-1.01544,0.00873,-0.0006,-0.70211
1790822938.8741992,-0.0134,-0.01137,-1.01544,0.00873,-0.0006,-0.70211
1790822938.893853,-0.02227,-0.00945,-1.00703,0.00704,0.00716,-0.69172
1790822938.913111,-0.01519,0.01482,-1.01228,0.00086,0.00578,-0.67542
1790822938.9342752,-0.00512,0.03537,-1.00419,-0.01078,0.02406,-0.70375
1790822938.9723048,-0.0015,0.04816,-1.00029,-0.01983,0.02491,-0.74741
1790822938.994761,-0.03753,-0.02747,-1.02744,0.0,-0.00106,-0.65725
1790822939.013222,-0.02814,-0.02092,-0.99931,0.00449,0.01235,-0.63077
1790822939.0572522,-0.00286,0.03583,-1.00088,0.00413,-0.00208,-0.67844
1790822939.074622,-0.01708,0.03567,-1.01055,0.00573,0.02438,-0.68474
1790822939.098741,-0.01217,0.03672,-1.00488,0.00083,0.0163,-0.71645
1790822939.113222,-0.01238,0.02434,-1.01033,0.00911,0.00577,-0.73373
1790822939.132878,-0.01238,0.0091,-1.01036,0.0154,0.01003,-0.73126
1790822939.153968,-0.01009,0.01261,-0.99864,-0.01501,0.02278,-0.73475
1790822939.172199,-0.02569,0.00117,-1.01163,-0.02986,-0.00448,-0.71143
1790822939.196609,-0.03252,-0.02596,-1.01665,-0.01615,0.0111,-0.62655
1790822939.213871,-0.02809,-0.01017,-1.00762,0.00408,0.00231,-0.59747
1790822939.234742,-0.00143,0.05538,-1.00275,0.00659,0.00895,-0.69526
1790822939.256428,0.00532,0.06414,-1.0045,0.00967,0.01638,-0.7651
1790822939.275177,0.00067,0.02284,-1.00082,-5e-05,0.0274,-0.7545
1790822939.297484,-0.00027,0.00906,-1.00933,-0.00134,0.01369,-0.73853
1790822939.314174,-0.00048,0.00583,-1.01165,-0.00656,0.01879,-0.70646
1790822939.3335621,-0.01057,0.01395,-1.00751,-0.01396,0.02137,-0.66189
1790822939.359458,-0.01975,0.00129,-1.01142,-0.01642,-0.00778,-0.57855
1790822939.3757749,-0.04819,-0.05593,-1.03136,-0.01454,-0.01032,-0.45808
1790822939.394837,-0.02072,0.04486,-1.00594,-0.002,0.01657,-0.5782
1790822939.413784,0.00708,0.07306,-0.99939,-0.00137,0.00245,-0.66131
1790822939.454541,-0.06202,-0.09655,-1.00234,-0.00711,0.01453,-0.38633
1790822939.478179,-0.06686,-0.11786,-1.00975,0.00584,0.00915,-0.21187
1790822939.492854,-0.01932,-0.00665,-1.00749,0.00863,-0.00559,-0.24796
1790822939.5150158,0.01377,0.07254,-1.00709,0.01091,0.0074,-0.37459
1790822939.53343,-0.00394,0.02382,-1.00329,-0.0155,0.02615,-0.34738
1790822939.554446,-0.05454,-0.08688,-1.00985,0.00171,0.00357,-0.11228
1790822939.574463,-0.05378,-0.04169,-1.0097,0.0027,0.00409,-0.02184
1790822939.5839229,-0.01545,0.06693,-1.00598,0.00481,-0.00123,-0.08592
1790822939.6143959,-0.01933,0.05895,-1.00714,0.00857,0.00379,-0.09062
1790822939.634155,-0.02534,0.03992,-1.00569,0.00532,0.00675,-0.10914
1790822939.655603,-0.02783,-0.00533,-1.00693,0.00469,0.00443,-0.03315
1790822939.6747148,-0.02253,-0.04437,-1.00812,0.00736,0.00729,-0.00977
1790822939.692244,-0.00351,0.02381,-1.00665,-0.00061,0.00176,-0.04946
1790822939.7137768,-0.01289,0.01365,-1.00586,0.002,0.00491,-0.03586
1790822939.7540638,-0.02398,-0.00202,-1.00545,9e-05,0.00624,0.03588
1790822939.77268,-0.01886,0.02444,-1.00778,-0.0006,0.0016,0.00755
1790822939.789344,-0.01035,0.03223,-1.0067,0.00183,0.00513,0.00403
1790822939.813086,-0.02423,0.00437,-1.00685,-0.00082,0.00501,0.02271
1790822939.834849,-0.01879,0.02029,-1.00643,-0.00066,0.00711,0.00568
1790822939.85282,-0.01773,0.01793,-1.00847,0.00052,0.00399,0.01201
1790822939.874866,-0.02298,0.00818,-1.00732,0.00361,0.00569,0.0232
1790822939.89255,-0.0209,0.01851,-1.00653,-0.00018,0.00368,0.01263
1790822939.915573,-0.02111,0.02211,-1.00892,0.0026,0.00336,0.01306
1790822939.935335,-0.02608,0.00945,-1.00855,0.00056,0.00327,0.02981
1790822939.956994,-0.02301,0.01229,-1.00978,0.00098,0.00464,0.02304
1790822939.974883,-0.0196,0.0242,-1.00926,0.00186,0.00736,0.01549
1790822939.994451,-0.02386,0.00938,-1.00787,-0.00138,0.00517,0.03792
1790822940.01393,-0.0145,0.02238,-1.00773,-0.00112,0.00382,0.02981
1790822940.032809,-0.0112,0.03472,-1.00719,0.00111,0.00385,0.0216
1790822940.0729759,-0.02262,0.00787,-1.00718,0.0023,0.00297,0.05507
1790822940.093179,-0.02332,-0.00258,-1.00612,-0.00014,0.00683,0.07329
1790822940.114466,-0.02406,0.00341,-1.00814,-0.00268,0.0004,0.09147
1790822940.1363368,-0.01549,0.00793,-1.0061,0.00172,0.00176,0.07545
1790822940.1565719,-0.00777,0.035,-1.00681,-0.00141,0.00535,0.03695
1790822940.172582,-0.02512,0.02418,-1.00875,-0.0031,0.00797,0.0774
1790822940.1968708,-0.01839,0.00862,-1.00769,-0.00119,0.00227,0.05647
1790822940.2142248,-0.01469,0.03595,-1.00724,-0.00083,0.00433,0.03349
1790822940.2359848,-0.026,0.02055,-1.00653,-0.00048,0.00444,0.07079
1790822940.254972,-0.01972,-0.00293,-1.00628,-0.00314,0.01058,0.0685
1790822940.276221,-0.01089,0.03831,-1.0087,-0.0013,0.00082,0.02196
1790822940.290178,-0.0252,0.03187,-1.00797,-0.00147,0.00475,0.06336
1790822940.31293,-0.02226,-0.00469,-1.00682,0.00068,0.00498,0.07068
1790822940.3353128,-0.02787,0.01424,-1.00881,0.00117,0.00284,0.09375
1790822940.3563662,-0.02265,0.00991,-1.0073,0.00372,0.0049,0.10343
1790822940.3748171,-0.02252,0.01422,-1.00835,0.00498,0.00631,0.10058
1790822940.395207,-0.00549,0.05036,-1.00927,-0.00199,0.00226,0.01904
1790822940.416427,-0.01437,0.04894,-1.00792,0.00221,0.00336,0.0458
1790822940.4465652,-0.01912,0.00675,-1.00569,0.00593,0.00056,0.06347
1790822940.4731278,-0.01519,0.01033,-1.00636,0.00349,0.00504,0.06841
1790822940.490991,-0.01984,0.00851,-1.00832,0.00297,0.00443,0.09164
1790822940.514434,-0.01629,0.00717,-1.00661,0.00096,0.00904,0.07554
1790822940.536266,-0.00357,0.05121,-1.00639,0.0011,0.00154,-0.00698
1790822940.5471401,-0.02696,0.03177,-1.00657,0.00145,0.0067,0.05241
1790822940.57341,-0.02807,-0.01578,-1.00733,0.0026,0.00681,0.08116
1790822940.5899231,-0.0212,0.00246,-1.00824,0.00306,0.00344,0.08161
1790822940.612896,-0.02816,0.00587,-1.00904,0.00267,0.00648,0.11219
1790822940.657164,-0.01747,0.0568,-1.00556,0.0027,0.00561,0.02491
1790822940.670998,-0.0378,0.01699,-1.00666,0.00769,0.00674,0.07959
1790822940.69379,-0.0258,0.00228,-1.00692,0.0051,0.00777,0.0624
1790822940.7136252,-0.01611,0.04854,-1.00896,0.00237,0.00087,-0.00482
1790822940.734612,-0.02333,0.0487,-1.00733,0.003,0.00959,0.01572
1790822940.752898,-0.02512,0.01436,-1.0054,0.00739,0.01254,0.01205
1790822940.774152,-0.01836,0.02784,-1.00813,0.00729,0.00785,-0.01775
1790822940.795211,-0.03224,-0.00023,-1.00805,0.00803,0.01195,0.04028
1790822940.81373,-0.01807,0.01074,-1.00649,0.00697,0.00665,0.00279
1790822940.8341482,-0.01631,0.0316,-1.00703,0.00706,0.00869,0.01345
1790822940.8551521,-0.02561,-0.01302,-1.00476,0.02243,0.00372,0.07632
1790822940.8753312,-0.01766,0.01978,-1.00891,-0.00122,0.0173,0.04774
1790822940.895349,-0.01766,0.01978,-1.00891,-0.00122,0.0173,0.04774
1790822940.913326,-0.02283,0.00203,-1.00514,0.01764,0.00616,0.05075
1790822940.935633,-0.00209,0.06522,-1.01328,-0.00183,0.00491,-0.01142
1790822940.975661,-0.01095,-0.00786,-1.01096,0.00066,0.00431,0.00404
1790822940.9938629,-0.01095,-0.00786,-1.01096,0.00066,0.00431,0.00404
1790822941.0131478,-0.00879,0.01754,-1.00798,0.00427,0.00817,0.00597
1790822941.035899,-0.00372,0.01805,-1.0079,0.00101,0.00439,-0.00487
1790822941.054189,-0.00696,0.01151,-1.00719,0.00281,0.0019,0.01206
1790822941.073527,-0.00863,0.02351,-1.0077,-0.00075,0.00695,0.00128
1790822941.092608,-0.01138,0.01488,-1.0063,0.00444,0.00336,0.00306
1790822941.11391,-0.01279,0.01942,-1.00809,0.00318,0.00619,0.00587
1790822941.1354501,-0.01351,0.01655,-1.00831,0.00103,0.00699,0.00234
1790822941.1747892,-0.01607,0.01813,-1.00643,0.00349,0.00713,0.00346
1790822941.189814,-0.01817,0.01543,-1.00622,0.00304,0.00557,0.00564
1790822941.2143512,-0.01975,0.01823,-1.00946,0.00276,0.00388,-0.001
1790822941.233902,-0.02004,0.01849,-1.0095,0.00031,0.00626,0.00177
1790822941.253164,-0.0194,0.01661,-1.00872,0.00183,0.00529,0.00579
1790822941.274084,-0.01891,0.01609,-1.008,0.00154,0.00743,0.00251
1790822941.294067,-0.01904,0.01769,-1.00922,0.00178,0.0053,0.00262
1790822941.313519,-0.01965,0.01965,-1.00963,0.00288,0.00391,-0.00029
1790822941.335119,-0.01401,0.01992,-1.00934,0.00387,0.0055,-0.00792
1790822941.352937,-0.01615,0.00623,-1.00748,0.00293,0.00446,0.00768
1790822941.375489,-0.02652,0.00446,-1.00525,0.00711,0.00767,0.03737
1790822941.4183931,-0.02902,0.03881,-1.00903,-0.00218,-0.00275,-0.02189
1790822941.435301,-0.02262,0.01057,-1.00898,0.0044,-0.00282,-0.00351
1790822941.453089,-0.01566,0.01529,-1.00726,0.00459,0.0081,0.02072
1790822941.476071,-0.02059,0.017,-1.0082,0.00065,0.01208,-0.00235
1790822941.492714,-0.02088,0.02074,-1.00851,0.00367,0.00846,-0.00803
1790822941.517886,-0.01683,0.01116,-1.00694,0.00304,0.00839,0.01838
1790822941.534123,-0.01406,0.02156,-1.00772,0.00257,0.00399,-0.00831
1790822941.555329,-0.01691,0.01655,-1.00805,-0.00053,0.00261,0.00298
1790822941.573133,-0.01739,0.01392,-1.00799,0.00235,0.00453,0.00982
1790822941.592557,-0.01324,0.02315,-1.00806,0.00481,0.00301,-0.00488
1790822941.616231,-0.01515,0.01252,-1.00834,3e-05,0.00779,0.00587
1790822941.634887,-0.01553,0.02249,-1.00768,0.00328,0.00655,-0.00068
1790822941.653973,-0.01863,0.01244,-1.00628,0.00202,0.00665,0.00506
1790822941.676954,-0.0033,0.01613,-1.00592,0.00077,0.00926,0.00298
1790822941.69234,0.04752,0.02058,-1.00749,-0.00038,0.01643,0.00792
1790822941.7181299,0.09245,0.00651,-1.00166,-0.02364,0.02112,0.02583
1790822941.73513,0.12659,-0.00287,-1.00986,-0.03205,0.03051,0.06836
1790822941.772207,0.17525,0.02146,-1.02354,-0.00552,0.00663,0.05467
1790822941.795983,0.19795,0.02779,-1.01806,-0.00363,-0.02609,0.03181
1790822941.813256,0.21704,0.02494,-0.98863,-0.00669,0.02026,0.02954
1790822941.8343601,0.19974,0.0176,-1.01582,-0.00019,0.00907,0.04414
1790822941.8551831,0.19553,0.02125,-1.03817,0.02416,0.00845,0.01863
1790822941.8736022,0.17591,0.02113,-0.98973,-0.00968,-0.00382,-0.00465
1790822941.894563,0.14922,0.02482,-1.00117,0.00121,-0.02514,-0.01424
1790822941.905621,0.12676,0.02452,-1.0322,-0.05513,-0.03845,-0.0242
1790822941.9328609,0.08534,0.03171,-1.01035,0.05678,-0.03077,-0.0214
1790822941.956182,0.05968,0.00998,-0.98226,-0.03547,0.02726,-0.03201
1790822941.992234,-0.03212,0.0093,-1.01372,0.04445,-0.04752,-0.02019
1790822941.994525,-0.0267,0.03298,-0.99693,0.00286,-0.02254,-0.03838
1790822942.013257,-0.06172,0.01391,-1.0067,0.03539,-0.04738,0.00285
1790822942.052771,-0.11105,-0.00772,-1.00748,0.03297,-0.00131,0.02198
1790822942.0744908,-0.10154,0.03673,-0.99399,0.03349,0.00431,-0.04435
1790822942.094657,-0.12033,-0.00744,-1.00826,0.01033,0.00397,0.02892
1790822942.110453,-0.15822,-0.01375,-1.04652,-0.00221,-0.01522,0.05455
1790822942.1328378,-0.10864,0.0232,-0.98562,-0.00092,0.04392,-0.02507
1790822942.155251,-0.10864,0.0232,-0.98562,-0.00092,0.04392,-0.02507
1790822942.1756768,-0.08457,0.03591,-1.02899,-0.00896,-0.02353,-0.02323
1790822942.195122,-0.06531,0.00097,-1.01263,0.01942,0.00616,0.00074
1790822942.23313,-0.01964,0.0258,-0.97531,0.0018,0.02434,-0.01804
1790822942.254328,-0.00755,0.01526,-1.01455,0.01663,0.00231,0.00961
1790822942.273493,0.02849,0.02577,-1.01627,-0.0211,0.00181,-0.02801
1790822942.294724,0.03439,0.00777,-0.99979,0.01958,0.00681,0.00804
1790822942.3132641,0.05398,0.03438,-1.00162,0.00877,-0.01077,0.00411
1790822942.333498,0.05725,0.02048,-1.01141,0.03179,0.0277,-0.00892
1790822942.373486,0.06833,0.02167,-1.0204,-0.01983,-0.07106,-0.01411
1790822942.3935108,0.03356,0.00837,-1.01603,0.02288,0.01181,0.00656
1790822942.4091148,0.04706,0.01255,-0.99234,-0.0241,0.02633,0.01165
1790822942.433773,0.02566,0.01784,-1.00141,-0.01285,-0.02222,0.0084
1790822942.458267,0.0033,0.03166,-1.00816,-0.01691,0.01883,-0.02756
1790822942.473589,-0.0194,-0.00175,-1.00367,0.0193,-0.00641,0.01858
1790822942.494231,-0.02826,0.02801,-1.02926,0.00046,-0.02431,-0.01612
1790822942.5055912,-0.03966,0.04204,-0.98773,-0.00717,0.02655,0.01445
1790822942.532846,-0.05493,-0.00173,-1.01277,-0.02979,0.02486,0.01779
1790822942.5561988,-0.06106,0.01692,-1.00961,-0.00324,-0.01018,-0.0214
1790822942.5749109,-0.07484,-0.00472,-0.99853,-0.00999,0.02189,0.04202
1790822942.5933208,-0.08567,-0.01301,-1.0154,0.00376,0.02173,0.04106
1790822942.614086,-0.06287,0.05885,-1.00255,0.02458,0.03705,-0.06175
1790822942.634603,-0.07504,0.04711,-0.99828,-0.00282,0.0136,-0.0136
1790822942.655146,-0.11647,-0.00446,-0.99531,-0.02175,0.00993,0.08128
1790822942.675467,-0.13364,0.09456,-1.05107,-0.06151,-0.05816,-0.00668
1790822942.70847,-0.12377,0.09517,-0.99598,-0.00012,0.03579,-0.05544
1790822942.7371478,-0.0942,0.03787,-0.98899,0.00579,0.01491,-0.07216
1790822942.7582269,-0.10816,0.0319,-1.00982,0.00859,0.00185,-0.02763
1790822942.774348,-0.08807,0.06582,-1.01409,0.01726,0.02169,-0.0708
1790822942.792733,-0.08802,0.02594,-1.0209,0.01154,-0.01911,0.02454
1790822942.8125162,-0.06226,-0.02162,-1.00512,-0.00858,0.02117,0.08659
1790822942.836108,-0.01243,0.09519,-0.98299,0.00872,0.01687,-0.01371
1790822942.8532312,-0.03511,0.08644,-1.00827,0.00548,0.0104,0.04598
1790822942.874309,-0.0279,0.01457,-1.01985,-0.00045,0.00844,0.02288
1790822942.9078798,-0.0507,0.04264,-0.99977,0.02078,-0.00076,-0.05349
1790822942.936812,-0.15901,-0.0548,-1.01956,-0.00917,-0.02224,-0.00758
1790822942.949543,-0.17383,-0.06374,-0.99488,0.00941,0.02883,0.01213
1790822942.973963,-0.15857,-0.08283,-1.00922,0.01228,0.00369,0.04655
1790822942.998862,-0.14215,-0.04572,-1.01266,0.00987,0.00726,0.03762
1790822943.01453,-0.10303,-0.02384,-1.00252,0.01287,0.0069,0.00432
1790822943.033679,-0.03921,0.00489,-1.01136,0.00167,0.0005,0.01271
1790822943.056412,-0.02764,0.03078,-1.01086,0.00183,0.00826,-0.01909
1790822943.073239,-0.03235,0.02998,-1.0052,0.00802,0.00282,0.01143
1790822943.093534,-0.02944,0.00921,-1.00726,0.0056,0.01069,0.00254
1790822943.109507,-0.02773,0.00908,-1.00859,0.00037,0.00663,-0.0002
1790822943.1333919,-0.03207,0.02973,-1.00777,0.00348,0.00435,-0.00364
1790822943.1532538,-0.03519,0.08318,-1.00574,-0.00718,0.01817,-0.01484
1790822943.174498,-0.03344,0.11882,-1.00925,-0.0119,0.00701,-0.0137
1790822943.199918,-0.03308,0.12656,-1.00019,0.01952,0.01107,-0.01886
1790822943.233324,-0.02761,0.13769,-1.00714,0.01123,0.0168,-0.01822
1790822943.252643,-0.02878,0.14884,-1.01627,-0.00026,0.00472,-0.01324
1790822943.275761,-0.02684,0.12887,-1.01021,0.00293,-0.00861,0.02613
1790822943.29284,-0.02328,0.12464,-1.02122,-0.03189,0.01587,0.03381
1790822943.311908,-0.01618,0.12042,-0.99846,-0.00958,0.00428,-0.01667
1790822943.3328278,-0.0249,0.09731,-0.9896,-0.0175,0.02283,-0.04931
1790822943.353486,-0.02063,0.0549,-1.01654,0.064,0.03334,-0.02201
1790822943.370697,-0.02238,0.02092,-1.01094,0.02709,-0.0015,0.04117
1790822943.394954,-0.0155,0.02762,-1.00486,0.054,-0.04052,0.04341
1790822943.413708,0.00153,-0.02917,-1.01425,0.01481,-0.01789,0.05204
1790822943.434175,-0.00566,-0.04224,-1.00379,-0.03363,-0.0018,-0.00284
1790822943.453884,0.00842,-0.04423,-0.98603,-0.00324,0.02248,-0.09043
1790822943.470283,-0.02695,-0.16041,-0.9939,0.06774,0.02442,-0.01675
1790822943.493622,-0.06956,-0.20711,-1.03181,0.00062,0.02052,0.0623
1790822943.534338,-0.06431,-0.15215,-1.01876,0.0102,0.00112,0.03394
1790822943.553173,-0.02218,-0.09204,-1.00892,0.0042,0.01298,0.00684
1790822943.5736508,0.00196,-0.06996,-1.01072,0.00349,-0.00853,0.05262
1790822943.594568,-0.00339,-0.0495,-1.00741,0.00758,-0.00257,0.01769
1790822943.616313,0.00217,-0.01634,-1.00863,-0.00081,0.00118,-0.00509
1790822943.632908,-0.00557,0.00575,-1.00941,0.00098,0.00929,0.0114
1790822943.654859,0.00505,0.03071,-1.00543,-0.00258,0.01795,0.01577
1790822943.675889,0.04838,0.03095,-1.00455,-0.00781,0.01572,-0.00108
1790822943.694828,0.10697,0.00634,-1.00597,-0.00802,0.02124,0.01303
1790822943.7177448,0.15003,0.00075,-1.00657,-0.00976,0.12192,0.15318
1790822943.754053,0.15329,-0.00795,-1.04957,-0.01801,-0.00772,0.24522
1790822943.7755141,0.13437,0.02477,-0.99049,0.00792,-0.12233,0.25029
1790822943.7941382,0.24762,0.05518,-0.98018,-0.00711,0.01258,0.07344
1790822943.808953,0.21447,0.11647,-1.05768,-0.09406,-0.01215,-0.04166
1790822943.8327858,0.1578,0.02118,-0.99156,-0.00247,0.04109,-0.03179
1790822943.854295,0.14159,-0.0209,-1.01767,-0.01698,0.00857,-0.06122
1790822943.868622,0.11006,-0.01174,-0.98559,-0.13156,0.0467,-0.01442
1790822943.8954408,0.06561,0.01602,-1.01309,0.06446,-0.04526,-0.11282
1790822943.932958,0.02194,0.02128,-1.00534,-0.00583,0.00228,-0.11047
1790822943.9541461,-0.00027,0.0206,-1.01215,0.00671,-0.07587,-0.11408
1790822943.968394,-0.01563,-0.00789,-1.00102,-0.00234,-0.00171,-0.02341
1790822943.994037,-0.08091,0.00597,-1.02186,0.00501,-0.0274,-0.00929
1790822944.018118,-0.07358,0.06735,-0.97056,0.0141,-0.03265,-0.08724
1790822944.0328698,-0.0869,0.0377,-1.00344,0.01851,-0.01146,-0.05592
1790822944.0544739,-0.12574,-0.00033,-1.02659,0.00708,-0.02855,-0.025
1790822944.07156,-0.11631,0.0076,-1.00018,-0.00592,0.00174,-0.03479
1790822944.093956,-0.1175,0.01251,-0.99756,0.00869,-0.00306,-0.0078
1790822944.118013,-0.0941,0.02216,-1.00934,-0.00257,0.00541,0.00178
1790822944.134104,-0.08224,0.02884,-1.01006,0.01044,-0.00745,-0.00995
1790822944.1756392,-0.07987,0.0083,-1.0093,0.01783,0.00327,0.00659
1790822944.193902,-0.04835,0.03619,-0.99649,0.00266,0.01425,-0.02103
1790822944.2192278,-0.01917,0.01958,-0.99363,0.02482,0.01206,-0.00108
1790822944.232691,0.0046,0.03162,-1.00648,0.02442,0.01853,-0.01312
1790822944.2547982,-0.02457,0.00404,-1.03406,-0.01969,0.01966,-0.01151
1790822944.280697,0.00031,-0.00013,-1.00116,0.00622,-0.01375,0.01294
1790822944.294986,-0.00964,0.02249,-1.00151,0.01081,0.00038,0.00142
1790822944.3333719,-0.02564,0.02468,-1.00697,0.01157,-0.02475,0.00709
1790822944.35598,-0.05403,0.01138,-1.02526,0.00487,-0.05058,0.00864
1790822944.3652549,-0.06548,0.01762,-1.00213,-0.01555,-0.0073,0.00398
1790822944.39379,-0.08064,0.02999,-0.98578,0.0157,-0.01554,-0.02232
1790822944.4158862,-0.1305,0.00912,-1.01183,0.01384,-0.0159,0.00653
1790822944.433341,-0.16359,0.01711,-1.00978,0.01444,0.01217,0.05833
1790822944.4558988,-0.17854,0.02809,-1.00587,0.00866,-0.00909,-0.01526
1790822944.470038,-0.18463,0.01995,-1.00428,0.01484,-0.00368,-0.01075
1790822944.4939551,-0.20958,-0.0056,-1.00584,0.00571,0.0093,0.01368
1790822944.515733,-0.21004,0.01376,-1.01213,-0.00117,-0.00455,0.00765
1790822944.5284429,-0.18587,0.0183,-1.00018,-0.00223,0.00993,0.00616
1790822944.560189,-0.05632,0.01509,-1.00813,-0.00012,0.00511,0.0292
1790822944.571006,-0.03979,0.02187,-1.00667,0.00467,0.01604,-0.01514
1790822944.593407,-0.03618,0.01783,-1.0051,0.00379,0.00455,0.00996
1790822944.616218,-0.04179,0.01302,-1.00923,0.00304,0.00533,0.00569
1790822944.6605592,-0.03487,0.02473,-1.01003,0.00653,0.00861,-0.00455
1790822944.670998,-0.0308,0.01491,-1.00641,0.00351,0.01166,0.00426
1790822944.693621,-0.03202,0.01395,-1.00878,0.00353,0.01018,0.00255
1790822944.715842,-0.03196,0.02009,-1.00964,0.00629,0.00361,0.00147
1790822944.73144,-0.02937,0.01981,-1.00989,0.00616,0.01033,-0.00118
1790822944.752853,-0.03078,0.01372,-1.00789,0.00603,0.00777,0.00563
1790822944.7734342,-0.0297,0.01826,-1.00836,0.00437,0.00541,0.00281
1790822944.798603,-0.02726,0.01994,-1.007,0.00726,0.00846,0.00038
1790822944.815375,-0.02815,0.01634,-1.0058,0.00515,0.00497,0.00312
1790822944.830795,-0.028,0.01808,-1.00716,0.00353,0.00393,0.00234
1790822944.8560169,-0.02404,0.01837,-1.01,0.00355,0.00708,0.00225
1790822944.874323,-0.02358,0.0158,-1.00718,0.00513,0.00561,0.00357
1790822944.916376,-0.02297,0.01859,-1.00714,0.0012,0.00791,0.00231
1790822944.9349918,-0.02252,0.01631,-1.0081,0.00371,0.00609,0.00197
1790822944.937021,-0.02206,0.01598,-1.00879,0.0026,0.00558,0.00406
1790822944.973092,-0.02086,0.01813,-1.01003,0.00248,0.00588,0.00183
1790822944.994595,-0.02078,0.01813,-1.00786,0.00286,0.00424,0.00171
1790822945.017469,-0.0217,0.01659,-1.00675,-0.00146,0.00863,0.00413
1790822945.0337138,-0.02228,0.01817,-1.00882,0.00317,0.00618,0.0008
1790822945.058199,-0.02376,0.01755,-1.0106,0.00332,0.00617,0.00313
1790822945.073727,-0.02446,0.0162,-1.00888,0.00289,0.00646,0.00336
1790822945.095833,-0.02332,0.01918,-1.00837,0.00158,0.00446,0.0041
1790822945.116527,-0.02436,0.0167,-1.00878,0.00335,0.00318,0.00171
1790822945.132469,-0.02472,0.01651,-1.00765,0.00289,0.00435,0.00257
1790822945.170211,-0.02352,0.01837,-1.00864,0.00456,0.00454,0.00303
1790822945.1944242,-0.02288,0.01818,-1.00947,0.00203,0.00588,0.00216
1790822945.21591,-0.0237,0.01637,-1.00897,0.00203,0.00683,0.00297
1790822945.238399,-0.02457,0.01749,-1.00892,0.0009,0.00526,0.00062
1790822945.257853,0.01695,0.11608,-0.99804,-0.03448,0.05015,-0.28229
1790822945.2699258,0.10655,0.33564,-0.99571,0.01734,0.01087,-0.95532
1790822945.293406,-0.00787,0.01152,-1.02959,0.00361,0.0332,-1.27061
1790822945.315509,-0.05612,-0.156,-1.03348,-0.01536,-0.03952,-0.96513
1790822945.3342268,-0.06895,-0.10706,-1.01838,-0.01067,-0.01446,-0.79412
1790822945.359338,-0.01718,0.0392,-0.98882,-0.00431,0.01282,-0.86667
1790822945.373835,0.02731,0.10367,-0.99415,0.00184,0.01685,-1.053
1790822945.4146738,0.01057,0.05857,-1.00906,-0.00301,0.02912,-1.10245
1790822945.434996,-0.00696,0.02542,-1.01804,0.01974,0.05323,-1.12409
1790822945.4601212,0.00718,0.03349,-0.99879,0.02313,-0.00012,-1.14417
1790822945.473112,-0.02834,-0.0057,-1.02439,-0.03121,0.0113,-1.04973
1790822945.494875,-0.03153,-0.00385,-1.01631,-0.0253,0.02104,-1.04893
1790822945.5150552,0.00845,0.05763,-0.98331,0.00608,0.01398,-1.1773
1790822945.53456,0.00666,0.01342,-1.00084,-0.00487,0.0146,-1.12947
1790822945.560568,-0.00311,0.0317,-1.0226,-0.00129,0.00596,-1.15157
1790822945.5743659,-0.01159,0.00446,-1.02253,-0.03391,0.01638,-1.11648
1790822945.593951,-0.04695,-0.02929,-1.0268,-0.04529,-0.00641,-1.06011
1790822945.6147141,-0.00849,0.05131,-0.9784,-0.01177,0.01589,-1.18811
1790822945.633475,0.02473,0.06063,-0.99251,0.00391,0.03404,-1.24811
1790822945.662327,-0.00589,0.01313,-0.99854,-0.02332,0.06567,-1.20228
1790822945.6747289,-0.02577,0.0073,-1.01977,0.0032,-0.00632,-1.17069
1790822945.69426,-0.02225,-0.00608,-1.03721,-0.0291,-0.02569,-1.12382
1790822945.715392,-0.03579,0.00357,-1.01479,-0.00677,0.01748,-1.13231
1790822945.736288,0.01788,0.07472,-0.97497,-0.01787,0.02763,-1.22309
1790822945.762785,-0.00276,-0.01084,-1.01494,0.04621,0.03077,-1.23368
1790822945.7739289,-0.00276,-0.01084,-1.01494,0.04621,0.03077,-1.23368
1790822945.794471,-0.02108,-0.01474,-1.01809,-0.00252,-0.01492,-1.15598
1790822945.815388,-0.02108,-0.01474,-1.01809,-0.00252,-0.01492,-1.15598
1790822945.833197,0.01265,0.0205,-0.98797,-0.00165,0.00977,-1.23759
1790822945.8716521,-0.01502,0.01202,-1.00003,-0.00691,0.0212,-1.25967
1790822945.892925,-0.01013,-0.00683,-1.02803,0.00766,0.02224,-1.21863
1790822945.914828,-0.03157,-0.02673,-1.03187,-0.01206,-0.00238,-1.14801
1790822945.932947,-0.02223,0.0003,-1.01177,0.00913,-0.00018,-1.1823
1790822945.9621701,0.01195,0.03162,-0.9807,-0.00194,0.0418,-1.22284
1790822945.972783,-0.01237,0.01829,-0.99942,-0.02275,0.02529,-1.21713
1790822945.993796,-0.02165,0.00905,-1.0161,-0.02025,0.00948,-1.24132
1790822946.015149,-0.02034,0.02432,-1.00984,-0.00608,-0.02256,-1.23744
1790822946.0340989,-0.02194,-0.00582,-1.00719,0.01164,0.0086,-1.22274
1790822946.059159,-0.01265,-0.01996,-1.0159,-0.00134,0.0075,-1.17322
1790822946.074634,-0.02848,0.01338,-1.00061,-0.03204,0.02343,-1.21113
1790822946.093966,-0.01634,0.05291,-0.9979,-0.03637,0.02012,-1.24595
1790822946.1149461,-0.02839,-0.00508,-1.00733,-0.02298,0.04255,-1.17511
1790822946.157717,-0.01521,-0.01185,-1.01553,0.03642,0.01864,-1.15718
1790822946.173973,-0.00241,0.02516,-1.00474,0.00815,-0.02238,-1.24543
1790822946.186222,-0.01047,0.03852,-0.98513,-0.05532,0.03691,-1.29095
1790822946.215584,0.00663,0.01352,-1.01581,-0.00025,0.01257,-1.26053
1790822946.236591,-0.0233,-0.03353,-1.01663,-0.00328,0.04399,-1.14719
1790822946.273773,0.01238,0.03751,-1.00034,0.01846,0.00258,-1.26626
1790822946.292366,0.01401,0.05987,-0.97862,-0.04204,0.02868,-1.33327
1790822946.3147662,0.00483,0.00809,-1.01423,0.03662,0.01472,-1.24445
1790822946.332916,-0.02557,-0.06083,-1.01351,0.01782,-0.00576,-1.15906
1790822946.359031,-0.05034,-0.05779,-1.04492,-0.02124,0.0269,-1.10382
1790822946.374281,0.03238,0.04557,-0.99528,-0.04874,0.00293,-1.3152
1790822946.393875,-0.01126,-0.00611,-1.00077,0.00532,0.01101,-1.25766
1790822946.428118,-0.04333,-0.03624,-1.01572,-0.0192,0.00361,-1.20801
1790822946.459248,-0.03619,-0.01906,-1.0258,-0.02435,-0.01229,-1.1545
1790822946.475013,-0.0364,-0.03163,-1.01194,-0.01946,0.0385,-1.07833
1790822946.499855,-0.01039,-0.00195,-0.98375,0.00922,0.03504,-1.07255
1790822946.516192,-0.02799,-0.03112,-1.01388,0.0149,0.01255,-0.90489
1790822946.5342028,0.01188,0.08948,-0.99795,-0.01985,0.01345,-1.07904
1790822946.5575528,-0.01391,-0.00737,-1.00278,-0.00417,-0.02889,-0.92914
1790822946.573398,-0.06489,-0.12824,-1.01532,-0.02071,0.00828,-0.75613
1790822946.6143239,-0.02386,-0.02716,-1.02214,-0.01228,0.00855,-0.78697
1790822946.6307871,-0.03479,-0.05052,-0.99713,0.00129,-0.04466,-0.61373
1790822946.657403,-0.10833,-0.23239,-1.00195,-0.00679,0.01804,-0.14758
1790822946.6730082,-0.06857,-0.1211,-1.01306,-0.0033,0.02017,-0.0463
1790822946.693547,-0.02546,0.04148,-1.00943,-0.0032,0.00702,-0.12398
1790822946.714418,-0.01065,0.07619,-1.00678,-0.00237,0.00842,-0.22544
1790822946.73696,-0.01759,0.03732,-1.00589,0.00018,0.01178,-0.29392
1790822946.774571,-0.03962,-0.00225,-1.00919,0.00116,0.01113,-0.16009
1790822946.793499,-0.02888,0.01814,-1.00857,0.00181,0.01734,-0.13516
1790822946.814336,-0.02027,0.01891,-1.00937,0.00278,0.013,-0.15236
1790822946.835019,-0.01657,0.01267,-1.01105,0.00372,0.00286,-0.14843
1790822946.8601038,-0.02778,-0.03559,-1.01136,0.00974,0.00803,-0.09447
1790822946.8751822,-0.03012,-0.05914,-1.00658,0.00703,0.00605,-0.04831
1790822946.893578,-0.02754,-0.04645,-1.00921,0.00252,0.00747,-0.01072
1790822946.916074,-0.02063,-0.01869,-1.01059,0.00441,0.00559,-0.00037
1790822946.930752,-0.02489,-0.00402,-1.00578,0.00373,0.00526,0.02942
1790822946.957547,-0.02453,-0.00071,-1.00682,0.00183,0.00728,0.00726
1790822946.97615,-0.02149,0.02183,-1.00845,0.00235,0.00546,-0.00983
1790822947.014722,-0.02684,-0.00931,-1.00864,0.00304,0.00365,0.01826
1790822947.029768,-0.02907,-0.00028,-1.00799,0.00202,0.00389,0.00461
1790822947.054239,-0.02541,0.01709,-1.00929,0.00214,0.00169,-0.0071
1790822947.077043,-0.03333,-0.00674,-1.00914,0.00213,0.00936,0.01608
1790822947.095667,-0.02929,0.00298,-1.00738,0.00116,0.00727,0.00138
1790822947.1129978,-0.02685,0.01225,-1.00738,0.00276,0.00616,0.00044
1790822947.132889,-0.03233,-0.00805,-1.00827,0.00536,0.005,0.02675
1790822947.155072,-0.026,0.01264,-1.00878,-8e-05,0.00339,-0.00394
1790822947.1775901,-0.02752,0.00331,-1.00772,0.00311,0.00668,0.01519
1790822947.1870239,-0.03466,-0.01491,-1.00824,0.00364,0.00817,0.04796
1790822947.2139971,-0.02683,0.00341,-1.00851,0.00383,0.00158,0.02369
1790822947.2370229,-0.02028,0.02628,-1.00634,0.0009,0.00578,-0.00421
1790822947.274704,-0.03365,-0.02571,-1.00918,0.00469,0.00184,0.06726
1790822947.2940931,-0.03105,-0.01301,-1.00794,0.00593,0.00216,0.07858
1790822947.311232,-0.0301,-0.00782,-1.00809,0.00223,0.00047,0.09299
1790822947.3370261,-0.03006,-0.00306,-1.0073,0.00523,0.00457,0.10156
1790822947.353268,-0.01513,0.02583,-1.0063,0.00025,0.00481,0.05013
1790822947.373118,-0.00343,0.05212,-1.00797,-0.00069,0.00078,0.00433
1790822947.400413,-0.01936,0.00885,-1.0102,0.00286,0.00418,0.0457
1790822947.438447,-0.02088,0.0094,-1.00638,0.00516,0.00215,-0.00191
1790822947.474462,-0.04256,-0.03721,-1.01263,-0.00164,0.00331,0.05266
1790822947.486858,-0.03848,-0.00292,-1.00825,-0.004,0.01156,0.068
1790822947.514997,-0.03678,0.00366,-1.00704,-6e-05,0.00229,0.09917
1790822947.536166,-0.02869,0.01911,-1.00779,0.00183,0.0057,0.07513
1790822947.55305,-0.01756,0.04089,-1.00575,0.00396,0.00123,0.01831
1790822947.576961,-0.03174,-0.03077,-1.00927,0.00265,0.00432,0.06934
1790822947.5929852,-0.02597,0.01116,-1.00923,0.00403,-0.00043,0.08611
1790822947.6336908,-0.02313,0.00285,-1.00781,-0.00037,0.00416,0.10708
1790822947.661854,-0.01881,0.0261,-1.00782,0.00284,0.00605,0.08221
1790822947.6754692,-0.01469,0.00126,-1.00802,0.00622,0.0021,0.08014
1790822947.695752,-0.01567,-0.01565,-1.00822,0.00565,0.00308,0.06429
1790822947.714814,-0.01641,0.00779,-1.00811,0.00263,0.00823,0.06238
1790822947.733095,-0.01876,0.00694,-1.00698,0.00338,0.00172,0.06855
1790822947.754124,-0.02488,-0.00068,-1.0064,0.00329,0.00438,0.0954
1790822947.776507,-0.01954,0.01421,-1.00663,0.00074,0.00181,0.07325
1790822947.794395,-0.0262,-0.02155,-1.00748,0.00021,0.00295,0.05229
1790822947.817944,-0.03153,-0.00166,-1.00693,-0.00177,0.00688,0.06491
1790822947.8338292,-0.03372,-0.00507,-1.00911,0.00182,0.00141,0.08837
1790822947.875634,-0.02957,0.00178,-1.00945,0.00108,0.00488,0.07937
1790822947.89208,-0.01589,0.03829,-1.00852,0.00098,0.0069,0.00434
1790822947.914779,-0.01907,0.00449,-1.00763,0.00157,0.00264,9e-05
1790822947.9340239,-0.02892,-0.01258,-1.00747,-0.00132,0.01028,0.01225
1790822947.953326,-0.01707,0.02514,-1.00592,0.00253,0.00409,-0.02218
1790822947.978406,-0.02976,-0.01346,-1.00759,0.0026,0.00662,0.03241
1790822947.989154,-0.0189,0.00983,-1.00812,0.00058,0.00773,-0.01995
1790822948.013761,-0.02834,-0.00045,-1.0079,-0.00056,-0.00065,0.0189
1790822948.033081,-0.03313,-0.01587,-1.00619,-0.00391,0.01146,0.03388
1790822948.0521028,-0.02652,0.01119,-1.00808,-0.00017,0.00785,0.01596
1790822948.089845,-0.03192,0.00072,-1.00607,0.00385,0.00337,0.00195
1790822948.114382,-0.02809,0.02523,-1.00641,0.00203,0.00371,-0.01175
1790822948.1327329,-0.03715,-0.01159,-1.00771,0.0042,0.00545,0.02303
1790822948.1527271,-0.02676,0.00168,-1.00903,0.00432,0.00894,-0.01133
1790822948.1749718,-0.02765,0.01347,-1.00811,0.00182,0.00427,0.0036
1790822948.194735,-0.0233,0.02243,-1.00784,-0.00046,0.00359,-0.0193
1790822948.238781,-0.03253,-0.00871,-1.00792,0.0008,0.00379,0.02645
1790822948.2543502,-0.02028,0.00854,-1.00819,-0.00027,0.01617,-0.01104
1790822948.27663,-0.03486,-0.00209,-1.01006,0.00476,-0.0132,0.00352
1790822948.2908401,-0.03832,-0.00403,-1.00652,0.01056,0.01181,0.02057
1790822948.3167338,-0.01574,0.03206,-1.006,-0.00186,0.01629,-0.01828
1790822948.33429,-0.0243,-0.02344,-1.01161,-0.00069,0.00285,0.02858
1790822948.35408,-0.00685,0.0003,-1.00848,0.00083,0.0007,-0.01159
1790822948.375037,-0.03657,0.02296,-1.0088,0.00249,-0.01184,0.00345
1790822948.391707,-0.04421,-0.01098,-1.008,0.00499,0.0148,0.01331
1790822948.414659,-0.0106,0.02875,-1.00808,-0.00318,0.01595,-0.02635
1790822948.435906,-0.0121,-0.0101,-1.00751,0.00154,0.00277,-0.00159
1790822948.45245,-0.01128,0.03527,-1.00533,0.00277,0.00046,-0.01828
1790822948.479433,-0.03326,-0.02293,-1.00716,0.00245,0.01054,0.05799
1790822948.4949498,-0.03686,-0.01493,-1.00951,-0.00038,0.0044,0.05441
1790822948.536981,-0.03658,0.022,-1.00757,0.00252,0.00371,0.00928
1790822948.5588,-0.03649,0.02004,-1.00713,-0.00012,0.00366,0.00065
1790822948.5779881,-0.02609,0.01071,-1.00749,0.00233,0.00757,-0.01133
1790822948.59633,-0.01529,0.01286,-1.0076,-0.00045,0.00202,-0.0223
1790822948.618824,-0.01732,0.00229,-1.00794,6e-05,0.00171,0.00265
1790822948.6387572,-0.01841,-0.00636,-1.00898,0.00226,0.00906,0.00715
1790822948.682026,-0.02722,-0.00687,-1.00778,0.00304,0.00578,0.0388
1790822948.696193,-0.03627,0.01265,-1.00921,-0.00061,0.00152,-0.00342
1790822948.714748,-0.02878,0.01601,-1.01096,0.00823,0.00238,-0.01245
1790822948.7394078,-0.02428,-0.01004,-1.00711,0.00202,0.01289,0.02481
1790822948.757846,-0.02753,0.00337,-1.00859,0.00302,0.00553,-0.00679
1790822948.777319,-0.02994,0.0099,-1.00828,0.00345,0.00122,-0.00178
1790822948.798045,-0.02572,-0.00271,-1.00566,-0.00092,0.00629,0.01176
1790822948.820093,-0.02345,0.00715,-1.00753,0.00249,0.00389,-0.0109
1790822948.8347552,-0.02944,0.00228,-1.0075,0.00462,0.00466,0.01462
1790822948.860414,-0.02644,-0.00044,-1.00771,0.00527,0.0057,0.00182
1790822948.877324,-0.02162,0.01192,-1.00784,-0.00083,0.00417,-0.00859
1790822948.8951302,-0.03056,-0.00946,-1.00813,0.00089,0.00293,0.01735
1790822948.920116,-0.02383,0.01052,-1.00842,-9e-05,0.00632,-0.01038
1790822948.935133,-0.02611,0.00207,-1.0083,0.00492,0.00557,0.01106
1790822948.9578571,-0.02822,-0.00035,-1.00697,0.00186,0.00519,0.00456
1790822948.981479,-0.02333,0.01074,-1.0063,0.00485,0.00588,-0.00442
1790822949.001929,-0.02954,-0.00192,-1.00838,-6e-05,0.00305,0.01479
1790822949.01615,-0.02354,0.01007,-1.00932,0.00226,0.00449,-9e-05
1790822949.035669,-0.02727,-0.00241,-1.0082,0.00122,0.00324,0.01293
1790822949.055369,-0.02222,0.00982,-1.00899,0.00018,0.00637,-0.01138
1790822949.079316,-0.02727,-0.00058,-1.00856,0.00407,0.00365,0.01464
1790822949.0966988,-0.02561,0.00507,-1.00659,0.00408,0.00363,-0.00405
1790822949.117374,-0.02422,0.00744,-1.00607,0.00014,0.00613,0.00132
1790822949.1369998,-0.02593,-0.00342,-1.00669,0.00243,0.0075,0.00986
1790822949.177988,-0.02289,0.00825,-1.00683,-0.00032,0.00472,-0.00286
1790822949.194358,-0.02487,0.00333,-1.00712,0.00268,0.00393,0.00605
1790822949.21579,-0.02763,0.00033,-1.00636,0.00471,0.00484,0.00413
1790822949.235295,-0.024,0.00979,-1.00742,0.00088,0.00408,-0.00091
1790822949.257196,-0.02588,0.00212,-1.0076,0.00077,0.00721,0.00795
1790822949.2753558,-0.01048,-3e-05,-1.00714,0.00116,0.01003,0.00846
1790822949.295507,0.04434,0.01141,-1.00538,0.00109,0.01404,0.00276
1790822949.319672,0.09669,-0.0008,-1.00023,-0.01565,0.03137,0.03018
1790822949.3379898,0.14066,-0.01198,-1.00516,-0.00898,0.03248,0.05988
1790822949.3572779,0.17574,0.00107,-1.00833,0.00663,0.03146,0.0551
1790822949.377274,0.19032,0.02131,-1.01475,0.0139,-0.01323,0.05237
1790822949.3963552,0.18945,0.02907,-1.03969,-0.03017,-0.03121,0.04053
1790822949.416213,0.19134,0.0208,-0.98524,-0.02475,0.04905,0.02457
1790822949.436237,0.16954,0.02097,-1.0117,-0.01312,-0.01927,-0.04137
1790822949.451288,0.13358,0.0034,-1.01031,-0.01894,0.01711,-0.05212
1790822949.476786,0.08939,-0.00939,-1.02753,-0.0121,-0.02156,-0.01483
1790822949.4971,0.03975,0.00839,-0.98544,0.00464,0.01889,-0.00959
1790822949.511394,-0.01283,-0.01121,-1.037,-0.04089,-0.02803,0.04066
1790822949.535958,-0.04404,-0.008,-1.00585,0.00052,-0.02204,-0.01921
1790822949.5581,-0.06207,0.02824,-0.98521,-0.00068,-0.00378,0.0158
1790822949.5754611,-0.09403,0.01333,-0.99881,0.02685,0.0043,-0.01023
1790822949.599259,-0.12575,0.0068,-1.03288,-0.04743,-0.04634,0.01983
1790822949.615776,-0.14195,0.00569,-1.00795,0.02921,-0.03088,-0.03928
1790822949.6545558,-0.13675,0.00665,-0.99608,0.01774,0.00621,-0.02462
1790822949.6758752,-0.13283,-0.00746,-0.99412,0.00494,0.00406,0.01042
1790822949.696629,-0.12356,-0.00585,-1.02476,-0.01776,-0.0186,0.00381
1790822949.713639,-0.10548,-0.01269,-0.98899,-0.04439,0.01363,0.02835
1790822949.73745,-0.06474,0.04029,-1.00307,0.00456,-0.00702,-0.02797
1790822949.775487,-0.05045,0.02832,-1.0126,0.00307,0.02027,-0.00925
1790822949.795097,-0.01818,-0.02196,-1.00346,-0.0082,0.01906,0.02048
1790822949.817236,0.00838,0.00451,-1.01096,-0.01379,0.00104,0.01679
1790822949.837663,0.02456,0.00887,-1.01233,-0.02036,-0.00682,0.00369
1790822949.856714,0.02333,-0.00094,-1.01586,0.00806,0.0138,-0.02572
1790822949.877246,0.06191,0.01717,-0.99598,0.00533,-0.01335,0.01548
1790822949.8950138,0.04952,-0.00537,-1.01414,-0.01294,0.0217,0.00644
1790822949.9192371,0.04179,0.00839,-1.01786,-0.0126,0.01036,0.02539
1790822949.93752,0.04148,0.02999,-0.99668,0.00199,0.00905,-0.03839
1790822949.957739,0.00973,-0.00156,-1.01862,0.01787,-0.00563,-0.00859
1790822950.0025039,-0.00192,0.01771,-1.0166,-0.0225,-0.01522,-0.01744
1790822950.0146,-0.00484,0.0007,-0.98723,-0.02362,-0.00128,0.01272
1790822950.038667,-0.025,-0.0088,-1.02175,-0.00413,-0.02724,-0.00546
1790822950.05091,-0.04663,-0.00295,-1.00155,0.00462,0.00138,0.0054
1790822950.077478,-0.06098,0.01859,-1.00912,0.02373,-0.02923,-0.01311
1790822950.098866,-0.0746,0.00711,-1.01456,-0.00448,0.00424,0.00623
1790822950.1113448,-0.10331,-0.00543,-1.01805,0.00075,0.0449,0.00676
1790822950.137656,-0.08081,0.02133,-0.99085,0.03772,0.01642,-0.0184
1790822950.152222,-0.0779,0.01466,-1.005,0.01962,-0.00075,-0.00366
1790822950.177519,-0.05558,0.00204,-1.00936,0.02385,0.02631,0.02002
1790822950.1970718,-0.05312,0.01624,-1.0083,0.00348,0.01126,-0.01878
1790822950.2403688,-0.06038,-0.00142,-1.03256,0.00022,0.01828,-0.01992
1790822950.258559,-0.04619,-0.01056,-0.99274,0.00022,0.02701,0.02294
1790822950.277333,-0.01199,0.01919,-0.99619,-0.0116,0.01536,-0.02586
1790822950.297993,0.00013,0.02066,-1.01354,-0.01481,0.01846,-0.02176
1790822950.3156302,-0.00911,-0.02167,-1.01058,-0.00117,-0.00191,0.02351
1790822950.341314,0.00108,0.01543,-1.02083,-0.00044,-0.00974,-0.00073
1790822950.356419,0.0345,0.00489,-0.99284,0.01329,0.01977,-0.0024
1790822950.379731,0.02455,0.00219,-1.01052,0.0031,-0.0011,0.00577
1790822950.400074,-0.00085,-0.00801,-1.01229,-0.01257,0.0192,0.02105
1790822950.439971,0.00373,0.01419,-1.0094,0.01184,0.01339,0.01306
1790822950.4553611,0.00594,0.02813,-1.00885,0.01321,0.01356,-0.02584
1790822950.476,-0.00962,-0.00094,-0.99501,0.01569,0.01917,0.00394
1790822950.498697,-0.02566,0.03453,-1.00752,-0.00927,0.00948,-0.00663
1790822950.5179899,-0.01975,0.08955,-1.00087,-0.02801,0.02831,-0.0011
1790822950.54276,-0.02255,0.11708,-1.04112,-0.04754,-0.04625,-0.02655
1790822950.555834,-0.03898,0.13365,-0.98955,0.03164,0.01574,-0.05945
1790822950.576406,-0.01334,0.14209,-1.02912,-0.0568,-0.05723,-0.05506
1790822950.599187,-0.03913,0.09138,-0.9988,-0.01648,0.06038,-0.02198
1790822950.637888,0.03045,0.09816,-0.9972,0.01782,0.03871,-0.09328
1790822950.6548421,-0.04472,0.02385,-1.06329,-0.05436,0.01587,0.04816
1790822950.677115,-0.05936,0.04705,-0.97545,0.04528,-0.02758,0.02794
1790822950.696439,-0.01932,0.06036,-0.99824,-0.0164,0.05742,0.0378
1790822950.71167,-0.04633,0.04939,-0.98944,0.02418,-0.0278,0.02523
1790822950.7560818,-0.0316,-0.02326,-0.98765,0.07809,0.00948,0.04378
1790822950.778872,-0.06098,-0.10308,-0.98364,0.10983,0.00036,0.07725
1790822950.7964008,-0.02786,-0.07691,-1.03793,0.00496,0.0093,0.00873
1790822950.817514,-0.04159,-0.13218,-1.03367,0.02803,-0.02838,0.00352
1790822950.839057,-0.04332,-0.18396,-1.01982,-0.04019,0.02682,0.03269
1790822950.876311,-0.03515,-0.1971,-0.98745,-0.00557,0.00223,0.08149
1790822950.897316,-0.00557,-0.1071,-1.00509,-0.00928,-0.00939,0.00879
1790822950.916579,-0.01708,-0.06949,-1.01102,-0.00511,0.01719,0.02434
1790822950.9400609,-0.04017,-0.05151,-1.02217,0.01015,0.00986,0.05637
1790822950.9564211,-0.01137,-0.00282,-1.00229,-0.00822,0.00889,-0.01426
1790822950.976476,0.00548,0.01077,-1.0023,-0.02441,0.0097,-0.02252
1790822950.9972422,-0.01814,-0.01278,-1.00723,0.00195,0.00942,0.00441
1790822951.0205598,-0.02305,0.02386,-0.9972,-0.01763,-0.01419,0.02215
1790822951.039498,-0.01549,0.02522,-1.00308,-0.03995,0.02707,0.01824
1790822951.057892,-0.03099,0.04554,-1.00777,-0.02008,-0.00011,0.04109
1790822951.077823,-0.03099,0.04554,-1.00777,-0.02008,-0.00011,0.04109
1790822951.0981061,-0.06794,0.09168,-1.0058,0.01022,-0.00166,-0.00064
1790822951.111806,-0.06794,0.09168,-1.0058,0.01022,-0.00166,-0.00064
1790822951.138907,-0.07302,0.03116,-1.00204,0.00941,0.01435,-0.02004
1790822951.1566248,-0.07661,0.0093,-1.0129,-0.01235,-0.00604,-0.04059
1790822951.178299,-0.07661,0.0093,-1.0129,-0.01235,-0.00604,-0.04059
1790822951.197092,-0.10779,-0.01683,-1.00732,0.0064,0.00022,0.01465
1790822951.2103739,-0.10779,-0.01683,-1.00732,0.0064,0.00022,0.01465
1790822951.2445812,-0.10188,0.00815,-1.01251,0.00735,0.00757,-0.0083
1790822951.258008,-0.07717,0.02276,-0.99992,0.00433,0.01092,-0.02039
1790822951.278445,-0.07975,0.00488,-1.00815,-0.00323,0.01101,0.00707
1790822951.2974799,-0.08174,0.00389,-1.00728,0.00554,0.00982,0.00075
1790822951.320642,-0.08219,0.01532,-1.01078,0.00415,0.00921,-0.01245
1790822951.356417,-0.08882,0.00753,-1.00775,0.00894,0.01903,0.00889
1790822951.378624,-0.07976,0.00354,-1.0055,0.01699,0.01237,-0.01052
1790822951.396304,-0.06446,0.00111,-1.00828,0.00552,0.01531,0.01338
1790822951.414853,-0.04347,0.0116,-1.01484,-0.00117,0.01087,0.0088
1790822951.438474,-0.04667,0.00203,-1.0166,0.0004,-0.00163,0.00566
1790822951.463784,-0.04268,0.01549,-1.01052,-0.0032,-0.00132,-0.01332
1790822951.4759328,-0.0394,0.00926,-1.00273,-0.00403,0.0028,-0.00479
1790822951.498125,-0.02587,-0.00257,-1.0042,0.00207,0.00201,0.00117
1790822951.5375261,-0.00659,0.01563,-1.00512,0.00493,0.00656,-0.00475
1790822951.559736,0.00743,0.0056,-1.0031,0.00575,0.01271,-0.00131
1790822951.5726862,0.01764,0.00337,-1.00722,-0.00106,0.00843,0.00496
1790822951.598909,0.02351,0.00588,-1.01144,-0.00254,0.00834,-0.00193
1790822951.617852,0.01289,0.01009,-1.01101,-0.0066,0.00395,0.00537
1790822951.637423,-0.02282,0.00558,-1.00733,-0.0017,-0.00358,0.00736
1790822951.661203,-0.04641,0.01809,-1.00425,-0.00569,-0.00287,-0.01381
1790822951.673176,-0.07627,0.01374,-1.00355,-0.00127,0.00293,-0.01255
1790822951.6998148,-0.10031,-0.00666,-1.007,0.00374,-0.00595,0.03091
1790822951.716696,-0.09743,0.00908,-1.00845,0.00195,0.00342,-0.00364
1790822951.742081,-0.07983,0.02151,-1.00648,0.00158,0.00842,-0.0163
1790822951.756496,-0.06383,-0.00086,-1.00685,0.00055,0.01207,0.00724
1790822951.776662,-0.04561,0.00351,-1.0074,0.00404,0.00302,0.01477
1790822951.800016,-0.0367,0.01026,-1.00815,-3e-05,0.00173,-0.00324
1790822951.8167539,-0.04064,0.0017,-1.00815,0.00295,0.00619,0.01471
1790822951.83894,-0.03494,0.0086,-1.00735,-0.00163,0.00665,-0.00071
1790822951.859916,-0.03302,0.01104,-1.00722,0.00163,0.00914,-0.00394
1790822951.902254,-0.03533,0.00481,-1.0084,0.00351,0.00566,0.00806
1790822951.915252,-0.0325,0.00848,-1.00808,0.00013,0.003,0.00247
1790822951.939103,-0.03171,0.0092,-1.00828,0.00493,0.00596,0.00089
1790822951.959079,-0.0324,0.00684,-1.0072,0.00419,0.00525,0.00329
1790822951.97821,-0.0315,0.00877,-1.00758,0.00347,0.00505,0.00272
1790822951.996623,-0.02862,0.00955,-1.00697,0.00221,0.00617,-0.00108
1790822952.0135381,-0.0266,0.00717,-1.00601,0.00014,0.00472,0.00337
1790822952.038212,-0.0246,0.00903,-1.00854,0.00153,0.00597,0.0003
1790822952.060716,-0.02557,0.00692,-1.00844,-0.00077,0.00511,0.00371
1790822952.0726779,-0.02557,0.00692,-1.00844,-0.00077,0.00511,0.00371
1790822952.096996,-0.02071,0.01037,-1.00866,0.00057,0.00603,-0.00039
1790822952.1380851,-0.02185,0.0073,-1.00802,0.0028,0.00428,0.00166
1790822952.15625,-0.01373,0.0125,-1.00746,0.001,0.00025,-0.01504
1790822952.174965,-0.01102,0.02432,-1.00544,-0.00132,0.01399,-0.01289
1790822952.198121,-0.04008,-0.00441,-1.01257,0.00018,0.00907,-0.01664
1790822952.2177322,-0.0132,-0.00609,-1.0073,0.00131,0.01824,0.01445
1790822952.2418182,-0.0161,0.01039,-1.00788,0.00285,0.00181,0.0225
1790822952.275777,-0.00783,0.00905,-1.00744,0.00783,-0.00742,-0.00291
1790822952.296031,-0.03687,0.01726,-1.00857,-0.00275,0.02355,0.00817
1790822952.316397,-0.06582,-0.01598,-1.0126,0.00522,0.00139,0.00953
1790822952.3388412,0.01311,0.04003,-1.00473,-0.01675,0.03117,-0.00718
1790822952.3562508,-0.02226,0.00492,-1.00554,-0.00064,0.01155,-0.00246
1790822952.379751,-0.05519,-0.01927,-1.01218,0.00011,0.00726,0.00273
1790822952.3978171,-0.03132,-0.00444,-1.00663,0.01316,-0.03719,0.0025
1790822952.417695,-0.0256,0.01297,-1.0091,0.0082,-0.0002,0.00411
1790822952.442731,-0.01438,0.01142,-1.00826,0.00739,0.01184,0.0031
1790822952.456353,-0.02631,-0.00229,-1.00957,-0.00237,0.01717,0.00349
1790822952.49981,-0.02221,0.00939,-1.00501,0.00282,0.0054,0.00242
1790822952.514839,-0.02329,0.02913,-1.00761,-0.01162,0.00487,0.00087
1790822952.5383208,-0.0019,-0.00288,-1.00788,-0.00321,0.00198,-0.01358
1790822952.556565,-0.02706,-0.01961,-1.00804,-0.00159,0.01283,0.00991
1790822952.578207,-0.01601,0.0247,-1.00857,-0.00739,0.00253,-0.00192
1790822952.597995,-0.00605,-0.03057,-1.00741,0.00345,0.00416,0.01327
1790822952.631582,-0.03804,-0.01254,-1.00798,-0.00816,0.00566,0.02635
1790822952.6565492,-0.02976,0.0236,-1.0086,0.01138,-0.0074,0.00411
1790822952.678476,-0.00639,0.02626,-1.00718,0.00425,0.00101,0.02018
1790822952.698268,-0.02408,0.01215,-1.01021,-0.00233,0.00923,-0.05118
1790822952.716387,-0.03237,-0.02331,-1.00961,0.00087,0.0093,0.03707
1790822952.7567139,-0.02606,-0.00475,-1.00831,0.00648,0.00169,-0.00976
1790822952.7806132,-0.02008,0.04525,-1.00526,-0.00074,0.0097,-0.02115
1790822952.796593,-0.02908,-0.00854,-1.00872,0.00644,0.0081,0.02411
1790822952.8166988,-0.02092,0.02434,-1.00941,-0.00223,0.00483,-0.01091
1790822952.856988,-0.02655,0.00587,-1.0083,0.00297,0.00656,0.03022
1790822952.872771,-0.0215,-0.00903,-1.01018,0.00498,0.00013,0.01761
1790822952.895467,-0.00868,0.03136,-1.00932,-0.00036,0.00198,-0.03811
1790822952.916822,-0.02723,0.02513,-1.00732,0.00055,0.00358,0.02161
1790822952.93149,-0.01287,0.0194,-1.00886,-0.00286,0.00611,-0.0157
1790822952.956536,-0.01934,0.03581,-1.00562,0.00425,0.00148,-0.01502
1790822952.995877,-0.03309,0.00158,-1.00811,0.00531,0.00509,0.01256
1790822953.015746,-0.03458,-0.00446,-1.00913,0.00248,0.00104,-0.00266
1790822953.051245,-0.02429,0.01064,-1.0059,-0.0009,0.00984,0.00071
1790822953.0607529,-0.02393,0.00511,-1.00718,0.00292,0.0022,0.00958
1790822953.077651,-0.02135,0.01057,-1.00745,0.00391,0.00455,-0.00274
1790822953.097672,-0.0231,0.00038,-1.00819,0.0001,0.00517,0.00461
1790822953.116874,-0.02024,0.01078,-1.00641,0.00385,0.00515,0.00353
1790822953.156248,-0.01963,0.01167,-1.00711,0.00235,0.00144,0.00171
1790822953.1773188,-0.02049,0.00751,-1.00666,0.00371,0.00431,0.00478
1790822953.19831,-0.02088,0.00722,-1.00593,-0.00088,0.00614,0.00122
1790822953.218297,-0.02184,0.00728,-1.00836,0.00218,0.00382,0.00168
1790822953.2560692,-0.02602,0.00445,-1.00928,-0.00091,0.00408,0.00438
1790822953.278058,-0.02245,0.00702,-1.00589,0.00153,0.00582,0.00224
1790822953.297599,-0.02501,0.00677,-1.00744,0.00114,0.0073,0.00382
1790822953.31916,-0.02307,0.00806,-1.0083,0.00386,0.00578,0.00295
1790822953.336952,-0.02363,0.01002,-1.00727,0.00353,0.00701,0.00213
1790822953.357823,-0.02541,0.00638,-1.00682,0.00039,0.00312,0.00349
1790822953.37797,-0.02244,0.00984,-1.00766,0.00571,0.00391,0.00171
1790822953.398466,-0.02147,0.00759,-1.00915,0.00265,0.00573,0.00042
1790822953.421039,-0.02304,0.00534,-1.00679,0.0022,0.00497,0.00551
1790822953.441504,-0.01994,0.01125,-1.0057,0.00171,0.0054,0.00244
1790822953.458949,-0.02168,0.00736,-1.00807,0.0041,0.00461,0.00269
1790822953.478731,-0.02307,0.00626,-1.00795,0.00054,0.00487,0.00523
1790822953.4997618,-0.02131,0.0094,-1.0068,0.0006,0.00479,0.0021
1790822953.522143,-0.02375,0.00954,-1.00652,-4e-05,0.00683,0.00424
1790822953.537108,-0.02611,0.00372,-1.00759,-0.00011,0.00475,0.00605
1790822953.556611,-0.02298,0.01176,-1.00654,0.00443,0.00642,-0.0033
1790822953.579293,-0.02354,0.0079,-1.00517,0.00253,0.00274,0.0077
1790822953.599508,-0.02319,0.00642,-1.00708,0.00071,0.00445,0.00221
1790822953.6362839,-0.02157,0.01118,-1.00902,0.00267,0.00381,-0.00128
1790822953.657184,-0.02283,0.00391,-1.00814,0.00191,0.00484,0.00936
1790822953.675647,-0.0217,0.01011,-1.00706,0.00032,0.00561,-0.00788
1790822953.698161,-0.02211,0.00872,-1.00686,0.00163,0.00715,0.00785
1790822953.71742,-0.02392,0.00137,-1.00751,0.00261,0.00349,0.00796
1790822953.739249,-0.01797,0.01825,-1.00905,0.00138,0.00582,-0.00675
1790822953.756214,-0.02364,0.00105,-1.00778,0.00277,0.00363,0.01391
1790822953.773675,-0.02205,0.00977,-1.00643,0.00017,0.00597,-0.00303
1790822953.7969768,-0.02231,0.01492,-1.00624,0.00231,0.00614,-0.00087
1790822953.817448,-0.02007,0.01789,-1.00886,0.00183,0.00278,-0.01466
1790822953.8392751,-0.02447,0.00623,-1.00816,0.00281,0.00508,0.0103
1790822953.857514,-0.02734,-0.00057,-1.00721,0.00156,0.00495,0.00716
1790822953.87665,-0.02149,0.02149,-1.00681,0.00232,0.00666,-0.00957
1790822953.903875,-0.02714,-0.00051,-1.0061,0.0033,0.00456,0.02044
1790822953.919034,-0.02112,0.01105,-1.0069,0.00177,0.00533,-0.0095
1790822953.937858,-0.02117,0.01189,-1.0071,0.00295,0.00241,0.00261
1790822953.984283,-0.02549,-0.00106,-1.00825,0.0025,0.00704,0.0144
1790822954.002354,-0.01732,0.01981,-1.00858,0.00173,0.00397,-0.01617
1790822954.019219,-0.02347,0.00046,-1.0082,0.00033,0.0059,0.01554
1790822954.029498,-0.02236,0.0055,-1.00965,0.00321,0.00261,0.00256
1790822954.060427,-0.01724,0.01788,-1.00832,-0.00161,0.00484,-0.00552
1790822954.077408,-0.02771,-0.00614,-1.0087,0.00344,0.00313,0.02006
1790822954.1006908,-0.02079,0.01637,-1.00863,0.00099,0.00558,-0.02025
1790822954.1175601,-0.02379,0.00979,-1.00857,0.00241,0.00472,0.01257
1790822954.1381,-0.02875,-0.00362,-1.00731,0.00406,0.00353,0.008
1790822954.166223,-0.02875,-0.00362,-1.00731,0.00406,0.00353,0.008
1790822954.199717,-0.02341,0.00939,-1.00779,-0.00085,0.00478,-0.00963
1790822954.218622,-0.0204,0.01793,-1.0072,-0.00031,0.00459,-0.00247
1790822954.2445629,-0.02789,-0.0072,-1.00798,0.00358,0.00685,0.01981
1790822954.26454,-0.01838,0.01914,-1.00991,-0.00045,0.0003,-0.02308
1790822954.281833,-0.02423,0.00731,-1.00931,0.00149,0.00934,0.01366
1790822954.301692,-0.02574,-0.00207,-1.00748,0.00232,0.00438,0.00767
1790822954.318439,-0.02827,-0.00625,-1.00751,0.0033,0.00652,0.02636
1790822954.3385978,-0.02028,0.014,-1.00938,0.00117,0.00439,-0.01655
1790822954.3649302,-0.02208,0.01375,-1.00787,0.00087,0.00451,0.00449
1790822954.388223,-0.02706,-0.00533,-1.00762,0.00266,0.00497,0.01871
1790822954.402051,-0.01666,0.02458,-1.00846,0.00078,0.00177,-0.02552
1790822954.419055,-0.02654,-0.00054,-1.00699,0.00163,0.00301,0.02005
1790822954.464395,-0.02608,0.00319,-1.00867,0.00057,0.00506,-0.0062
1790822954.477646,-0.02125,0.02055,-1.00756,0.00188,0.00855,-0.00861
1790822954.511907,-0.03085,-0.00805,-1.00862,0.00172,0.00606,0.02799
1790822954.521447,-0.02034,0.01766,-1.00922,-0.00081,0.00175,-0.02131
1790822954.544389,-0.01536,0.02938,-1.00761,0.00039,0.00784,-0.03087
1790822954.561663,-0.03764,-0.01684,-1.00914,0.00623,0.00297,0.03432
1790822954.5830011,-0.02913,-0.00143,-1.0107,0.00464,0.0021,-0.00209
1790822954.598901,-0.00603,0.04955,-1.0106,-0.00222,0.00846,-0.03422
1790822954.622355,-0.03156,-0.02133,-1.00917,0.00137,0.00386,0.02263
1790822954.654613,-0.01885,0.03242,-1.00865,0.00195,0.00117,-0.00839
1790822954.661163,-0.02911,-0.01335,-1.007,0.00363,0.00668,0.0298
1790822954.69534,-0.01905,0.01932,-1.00799,7e-05,0.00267,-0.02781
1790822954.7256472,-0.02171,0.0058,-1.00763,0.00541,0.00704,0.01774
1790822954.7378528,-0.01856,0.01218,-1.00934,-0.00635,0.00285,-0.02392
1790822954.778826,-0.03445,0.02244,-1.00765,0.00861,0.00103,-0.01512
1790822954.807543,-0.02795,-0.00015,-1.00827,0.00877,-0.00497,0.02662
1790822954.826445,-0.00452,-0.002,-1.00521,0.01148,0.00558,0.00345
1790822954.83861,-0.01947,0.03646,-1.01117,0.00012,0.00614,-0.01318
1790822954.867706,-0.02004,0.01295,-1.00431,0.00516,0.00171,0.01034
1790822954.8795981,-0.02294,0.04157,-1.00656,0.00479,0.00122,-0.01191
1790822954.9187121,-0.02507,-0.01785,-1.0075,-0.0004,0.00976,0.00899
1790822954.9418712,-0.02565,-0.00079,-1.00924,-0.00119,0.004,0.00086
1790822954.958556,-0.02074,0.02266,-1.00796,0.00241,0.00875,-0.00095
1790822954.978444,-0.02828,0.00356,-1.00947,0.00379,0.00396,0.01504
1790822954.994952,-0.02913,0.00623,-1.0055,0.00108,0.00028,0.01177
1790822955.0210822,-0.02648,0.01177,-1.00663,0.00442,0.007,0.00264
1790822955.0437078,-0.02078,0.00967,-1.00837,0.00198,0.00237,-0.00756
1790822955.0782819,-0.0285,-0.00538,-1.00763,0.00256,0.00507,0.02048
1790822955.111426,-0.01953,0.018,-1.00617,0.00036,0.00247,-0.01579
1790822955.119724,-0.02914,-0.00965,-1.00916,0.00074,0.0065,0.01305
1790822955.142645,-0.01835,0.02545,-1.00861,0.00119,0.00152,-0.01752
1790822955.1588118,-0.02777,-0.00178,-1.00869,0.00497,0.00398,0.02585
1790822955.207665,-0.02341,0.00786,-1.00864,0.00128,0.00498,-0.00564
1790822955.222516,-0.02218,0.01078,-1.00769,0.00138,0.00714,0.01259
1790822955.244631,-0.02881,0.01517,-1.00794,0.00491,0.00149,-0.01428
1790822955.258625,-0.02465,0.01244,-1.00803,0.00223,0.00671,-0.00796
1790822955.2940469,-0.01057,0.01002,-1.00886,0.00483,0.00159,-0.01729
1790822955.3198552,-0.00413,0.00324,-1.00699,0.00167,0.01084,-0.00207
1790822955.3421981,-0.01236,0.00169,-1.00878,0.00205,0.00693,0.01317
1790822955.359214,-0.02617,0.00076,-1.00817,0.00564,0.00247,0.00631
1790822955.3835661,-0.02954,-0.00701,-1.00714,0.00095,0.00121,0.01529
1790822955.397353,-0.02954,-0.00701,-1.00714,0.00095,0.00121,0.01529
1790822955.418853,-0.0322,6e-05,-1.00738,0.00445,0.01151,0.03059
1790822955.4483972,-0.03019,0.01835,-1.00843,-0.00085,0.0043,-0.02327
1790822955.464546,-0.01928,0.0212,-1.00756,0.00477,-0.00325,-0.03544
1790822955.485149,-0.02339,-0.01568,-1.00572,0.00517,0.00496,0.04676
1790822955.504587,-0.01556,0.01325,-1.00728,0.00114,0.00387,-0.03054
1790822955.527762,-0.02116,0.01408,-1.00748,0.00341,0.00472,0.00202
1790822955.565355,-0.02685,-0.0102,-1.00637,0.0042,0.01163,0.02945
1790822955.5818188,-0.01562,0.03006,-1.00802,-0.00039,0.00274,-0.03444
1790822955.606826,-0.02471,-0.00278,-1.00662,0.0036,0.0058,0.02246
1790822955.620146,-0.02794,-0.00397,-1.00796,0.00362,0.00335,0.00792
1790822955.648554,-0.01671,0.03099,-1.00731,0.00173,0.00361,-0.02071
1790822955.659061,-0.02087,0.01029,-1.00763,0.00034,0.00524,-0.02115
1790822955.682496,-0.02051,0.01672,-1.00863,0.00328,0.00569,0.00663
1790822955.692557,-0.03189,-0.0112,-1.00772,0.00056,0.00565,0.03068
1790822955.723897,-0.01982,0.01532,-1.0076,0.00021,0.00901,-0.00658
1790822955.758517,-0.01908,0.01899,-1.00807,0.00362,0.00166,-0.0126
1790822955.787667,-0.02755,-0.00203,-1.00768,0.00287,0.00205,0.01267
1790822955.8000278,-0.02333,0.00094,-1.0083,0.00029,0.00634,0.00552
1790822955.832181,-0.02016,0.01747,-1.0096,0.00214,0.0067,-0.0074
1790822955.8434591,-0.02482,0.00648,-1.00626,0.00062,0.00659,0.00716
1790822955.867998,-0.02447,0.00125,-1.00732,0.00311,0.00702,0.00809
1790822955.8815901,-0.0196,0.00908,-1.0106,0.00416,0.00505,-0.00512
1790822955.9008782,-0.02112,0.01286,-1.00781,-2e-05,0.00694,0.00028
1790822955.92051,-0.02417,0.00182,-1.00782,0.00339,0.00596,0.01073
1790822955.9404259,-0.02157,0.00548,-1.00766,0.00054,0.00671,0.00218
1790822955.97232,-0.02214,0.01086,-1.00737,0.00219,0.00608,0.00096
1790822955.97956,-0.02413,0.00971,-1.00681,0.00143,0.00548,0.0063
1790822956.011693,-0.0229,0.00523,-1.00753,0.0027,0.00566,0.0037
1790822956.0198421,-0.02202,0.00947,-1.00956,-0.00163,0.0057,-0.00123
1790822956.046426,-0.02358,0.00798,-1.00695,0.00137,0.00695,0.00582
1790822956.0602381,-0.02351,0.00819,-1.00718,0.00239,0.00593,0.00283
1790822956.0833569,-0.022,0.00729,-1.00895,0.00231,0.00365,-0.00173
1790822956.102978,-0.02445,0.00752,-1.00832,0.00129,0.00634,0.00386
1790822956.124341,-0.02413,0.00855,-1.00775,0.00133,0.00389,0.00277
1790822956.161141,-0.0245,0.00911,-1.00932,0.00017,0.00489,0.00272
1790822956.200182,-0.02509,0.00731,-1.00918,0.00185,0.00481,0.00249
1790822956.231955,0.01313,0.00775,-1.00032,0.01706,0.05032,0.00657
1790822956.264957,-0.0289,0.00558,-1.00853,0.00278,-0.02158,0.01274
1790822956.28295,-0.00158,0.0128,-1.00368,0.00644,0.02513,0.01517
1790822956.3045099,-0.02385,0.01746,-1.00968,-0.00433,0.01192,-0.00159
1790822956.322504,-0.03943,-0.0255,-1.00952,0.00659,-0.00431,0.00299
1790822956.341318,-0.02081,0.02877,-1.00659,0.00289,0.00229,0.00284
1790822956.355458,-0.02071,0.0135,-1.00745,0.00524,0.00234,0.00822
1790822956.3826509,-0.02497,-0.00108,-1.01063,-0.00027,0.00807,-0.00236
1790822956.42116,-0.01378,0.01868,-1.0055,-0.0049,0.03281,0.00119
1790822956.4405792,-0.0141,0.00019,-1.00437,0.00789,-0.00157,0.0115
1790822956.4774988,-0.0425,0.00617,-1.01139,0.00055,-0.0134,-0.00563
1790822956.482336,-0.02462,0.01016,-1.00835,0.00209,0.00566,0.01169
1790822956.527366,-0.01367,0.01154,-1.00861,0.001,0.00444,-0.0043
1790822956.56262,-0.01529,0.01524,-1.00605,0.00122,0.02878,-0.00503
1790822956.582397,-0.02,0.00567,-1.0051,0.00556,0.00161,0.00754
1790822956.614317,-0.02611,0.01167,-1.00674,-0.00232,0.00429,0.00253
1790822956.624073,-0.02547,-0.00011,-1.00871,0.00136,-0.00403,0.00017
1790822956.649102,-0.01547,0.0141,-1.00813,0.00123,0.00155,0.00322
1790822956.664536,-0.02391,0.00966,-1.00919,0.00445,0.00461,0.00854
1790822956.7148259,-0.02211,0.01405,-1.00726,0.00067,0.00934,0.00013
1790822956.722005,-0.02469,0.00949,-1.00689,0.00284,0.00104,0.00559
1790822956.749962,-0.02284,0.00171,-1.00771,0.00343,0.00234,-3e-05
1790822956.780266,-0.02496,0.01034,-1.00688,0.0013,0.00297,0.00475
1790822956.814781,-0.02453,0.01277,-1.00625,0.00374,0.00767,0.00514
1790822956.822342,-0.02357,0.00348,-1.00616,0.00244,0.00821,4e-05
1790822956.849194,-0.02504,0.00601,-1.0074,0.00248,0.00597,0.00166
1790822956.882157,-0.02189,0.00707,-1.00836,0.00243,0.00569,0.00175
1790822956.917581,-0.02436,0.0085,-1.00705,0.00358,0.00047,0.0019
1790822956.9491289,-0.0224,0.01015,-1.0083,0.00277,0.0059,0.00266
1790822956.964345,-0.0237,0.00432,-1.00771,0.00109,0.00442,0.00375
1790822957.006457,-0.02158,0.01118,-1.00502,0.00166,0.00395,-0.00134
1790822957.02338,-0.02272,0.00504,-1.00793,0.00135,0.00704,0.0026
1790822957.051656,-0.02325,0.01137,-1.00764,0.00373,0.00463,0.00142
1790822957.064847,-0.02426,0.00742,-1.00741,-0.00061,0.00289,0.00368
1790822957.100694,-0.02414,0.00503,-1.00661,0.00163,0.00517,0.00732
1790822957.118656,-0.02367,0.00854,-1.00694,0.00323,0.00557,0.00317
1790822957.151598,-0.02113,0.01055,-1.00724,0.00269,0.00418,-0.00141
1790822957.16341,-0.02211,0.00454,-1.00699,0.00109,0.00511,0.00575
1790822957.186166,-0.02305,0.00762,-1.00726,0.00016,0.00457,0.00394
1790822957.197264,-0.02296,0.01089,-1.00781,0.00364,0.00376,0.00076
1790822957.222027,-0.02307,0.00561,-1.00819,0.00236,0.00632,0.00053
1790822957.2508988,-0.02324,0.0046,-1.00707,0.00013,0.00389,0.00379
1790822957.254882,-0.02284,0.00713,-1.00676,0.00314,0.00678,0.00106
1790822957.285206,-0.02421,0.00439,-1.00779,0.00013,0.00188,0.00217
1790822957.298084,-0.02387,0.00707,-1.00969,0.00331,0.00312,0.0007
1790822957.320048,-0.0249,0.00747,-1.00921,0.00367,0.00494,0.00257
1790822957.351167,-0.0246,0.00631,-1.00792,0.00302,0.00529,0.00185
1790822957.3579378,-0.02351,0.00808,-1.00784,0.00053,0.0064,0.00108
1790822957.38557,-0.02361,0.00887,-1.00787,0.00256,0.0051,0.00376
1790822957.4017322,-0.02254,0.00892,-1.0085,0.00199,0.00276,0.00079
1790822957.453102,-0.02478,0.0075,-1.00821,9e-05,0.00495,0.00474
1790822957.4662862,-0.0259,0.00695,-1.00795,0.00168,0.00377,0.00235
1790822957.487665,-0.02362,0.00666,-1.00812,0.00301,0.00389,0.00297
1790822957.520341,-0.02306,0.00765,-1.00748,0.00264,0.00368,0.0032
1790822957.53954,-0.024,0.00959,-1.00777,0.0018,0.00803,0.00056
1790822957.564467,-0.02368,0.00921,-1.00837,0.00064,0.00397,0.00251
1790822957.589804,-0.02364,0.00464,-1.00821,0.00218,0.00484,0.00573
1790822957.599742,-0.02247,0.00764,-1.00736,0.00253,0.00512,0.00262
1790822957.625783,-0.02115,0.00952,-1.0065,-0.00086,0.00257,0.00193
1790822957.646997,-0.02352,0.00478,-1.0078,0.00186,0.00312,0.00594
1790822957.666189,-0.0235,0.00773,-1.00891,0.00142,0.00759,0.00142
1790822957.6951602,-0.02317,0.01049,-1.00827,0.0018,0.00569,0.00034
1790822957.699946,-0.02423,0.00711,-1.009,0.00469,0.00613,0.00256
1790822957.721925,-0.02339,0.00619,-1.00895,0.00251,0.00329,0.00498
1790822957.742883,-0.02342,0.00903,-1.00789,0.00305,0.00421,0.00401
1790822957.764408,-0.02441,0.00862,-1.00663,0.00016,0.00655,0.00139
1790822957.795402,-0.02444,0.00816,-1.00798,0.00484,0.00419,0.00321
1790822957.800019,-0.02544,0.00775,-1.00744,0.00353,0.00472,0.00163
1790822957.828094,-0.02566,0.00721,-1.00871,0.00413,0.00399,0.00334
1790822957.839624,-0.02525,0.00685,-1.00982,0.00223,0.00372,0.00433
1790822957.8652291,-0.02343,0.00737,-1.00805,0.00272,0.00538,0.00182
1790822957.878538,-0.02332,0.00762,-1.00834,-0.00259,0.00413,0.00193
1790822957.899523,-0.02208,0.00873,-1.00634,0.00242,0.00398,0.00384
1790822957.929884,-0.02214,0.009,-1.00795,0.00248,0.00507,0.00199
1790822957.940522,-0.02243,0.00821,-1.00719,0.00226,0.0031,0.00304
1790822957.9969049,-0.02256,0.0072,-1.00796,0.00116,0.00518,-0.00041
1790822958.0001779,-0.02156,0.00899,-1.00911,0.00147,0.00323,0.00021
1790822958.035729,-0.02162,0.00803,-1.00953,-0.00019,0.00465,0.00334
1790822958.0403252,-0.02364,0.00732,-1.0085,0.00363,0.00216,0.00242
1790822958.0684109,-0.02343,0.00997,-1.0083,0.00096,0.00519,-2e-05
1790822958.081085,-0.0241,0.0092,-1.00723,0.00026,0.00508,0.00216
1790822958.102865,-0.02494,0.00795,-1.00497,0.00017,0.00534,0.00323
1790822958.133164,-0.0232,0.00837,-1.00679,0.00034,0.00543,0.00455
1790822958.138955,-0.02299,0.00958,-1.00792,-0.00018,0.00463,0.00181
1790822958.168774,-0.02449,0.00666,-1.00784,0.00278,0.00556,0.0058
1790822958.181163,-0.02416,0.00708,-1.0075,0.00196,0.00482,0.00097
1790822958.203746,-0.02264,0.00656,-1.0094,-0.00059,0.00698,0.00473
1790822958.2347362,-0.02346,0.00787,-1.007,0.00139,0.00424,0.00313
1790822958.240082,-0.02327,0.00805,-1.0079,0.00176,0.00421,0.00058
1790822958.26864,-0.02292,0.00823,-1.00822,0.00113,0.00636,0.0037
1790822958.303493,-0.02416,0.00617,-1.00793,-0.00101,0.0064,0.00362
1790822958.311102,-0.0234,0.00858,-1.00675,0.00139,0.00724,0.00297
1790822958.3415732,-0.0224,0.00749,-1.00577,0.00063,0.00767,0.00085
1790822958.3689668,-0.0211,0.00683,-1.00691,0.00473,0.00411,0.00237
1790822958.3834271,-0.02019,0.00918,-1.00901,0.00378,0.00575,0.00253
1790822958.403902,-0.02238,0.00878,-1.00763,0.00134,0.00513,0.00104
1790822958.416126,-0.02504,0.00513,-1.00697,0.00107,0.00648,0.00579
1790822958.439094,-0.0233,0.01047,-1.0075,0.0013,0.00549,-0.00018
1790822958.4701,-0.02322,0.00862,-1.00842,0.00222,0.00099,0.00368
1790822958.480481,-0.02389,0.00665,-1.00802,-4e-05,0.00618,0.00611
1790822958.507007,-0.02278,0.00872,-1.00884,0.00358,0.00484,0.00168
1790822958.512754,-0.02373,0.00702,-1.00961,-0.00041,0.00122,0.0034
1790822958.543123,-0.02254,0.00787,-1.00823,0.0044,0.0052,0.00239
1790822958.572047,-0.02295,0.00574,-1.00879,0.00359,0.00619,0.00334
1790822958.588212,-0.02224,0.00613,-1.00872,0.00122,0.00642,0.00433
1790822958.6096,-0.023,0.00728,-1.0078,0.00481,0.00663,0.00286
1790822958.643072,-0.02427,0.00717,-1.00725,0.00246,0.005,0.00048
1790822958.675242,-0.02339,0.00719,-1.00681,0.00173,0.00673,0.00209
1790822958.679879,-0.02309,0.00686,-1.00985,0.00198,0.00567,0.00154
1790822958.706114,-0.02282,0.00817,-1.00891,0.00213,0.00399,0.00331
1790822958.73916,-0.02202,0.00892,-1.00851,0.00108,0.00605,0.00186
1790822958.77318,-0.0228,0.00864,-1.00782,0.00367,0.00674,0.00302
1790822958.779142,-0.02299,0.00851,-1.00856,-0.00043,0.00595,0.00255
1790822958.8067331,-0.02343,0.00824,-1.00757,0.00254,0.00447,0.00137
1790822958.8209238,-0.02401,0.00791,-1.00752,0.00218,0.00458,0.00567
1790822958.842348,-0.02352,0.00847,-1.00946,0.00027,0.00799,3e-05
1790822958.871084,-0.02339,0.00877,-1.00935,0.00276,0.00595,0.00378
1790822958.880728,-0.02356,0.00584,-1.00805,0.00188,0.00436,0.00306
1790822958.91063,-0.02453,0.00828,-1.00644,0.00271,0.00389,0.00157
1790822958.921588,-0.02478,0.0077,-1.00798,0.00342,0.00327,0.00413
1790822958.943894,-0.02365,0.00783,-1.00827,0.00285,0.00672,0.00445
1790822958.977164,-0.02465,0.00715,-1.00926,0.00232,0.00638,0.00368
1790822958.9790452,-0.02478,0.00839,-1.0078,0.0023,0.0059,0.00457
1790822959.012634,-0.02362,0.00837,-1.00815,0.00028,0.00306,0.00012
1790822959.01942,-0.0216,0.00857,-1.00857,-0.00115,0.00697,-0.00272
1790822959.051279,-0.02221,0.00779,-1.00793,0.00469,0.00537,0.00311
1790822959.0613482,-0.02253,0.00776,-1.00821,0.00131,0.00853,0.00546
1790822959.0850172,-0.02238,0.0063,-1.0091,0.00366,0.00518,0.00165
1790822959.100141,-0.0209,0.00944,-1.00938,0.00113,0.0045,0.00116
1790822959.1197639,-0.02153,0.00757,-1.0073,0.00217,0.00501,0.0021
1790822959.152236,-0.0224,0.00925,-1.00481,0.00124,0.00665,0.00235
1790822959.161497,-0.0241,0.0067,-1.00743,0.00234,0.0072,0.0045
1790822959.199007,-0.02489,0.00723,-1.00885,0.00278,0.00628,0.00298
1790822959.220642,-0.0239,0.00968,-1.00686,0.00509,0.00446,0.00225
1790822959.2542222,-0.02345,0.00677,-1.00871,0.00288,0.00417,0.00472
1790822959.2885919,-0.02173,0.00897,-1.00773,0.0009,0.00466,0.00051
1790822959.300405,-0.02412,0.0074,-1.00674,0.00391,0.00416,0.00632
1790822959.3230221,-0.02495,0.00555,-1.00784,0.0014,0.0045,0.00241
1790822959.339755,-0.02305,0.00956,-1.00593,0.00198,0.00473,0.00375
1790822959.363065,-0.02323,0.00698,-1.00742,0.001,0.00631,0.00456
1790822959.3941262,-0.02221,0.00861,-1.00857,0.0012,0.00505,-0.00281
1790822959.3998349,-0.02313,0.00914,-1.00903,0.0039,0.00595,-2e-05
1790822959.429155,-0.0237,0.00746,-1.00655,0.00127,0.0057,0.00155
1790822959.4413161,-0.022,0.00679,-1.00735,-0.00039,0.00515,0.00177
1790822959.463886,-0.02112,0.00781,-1.00688,0.00179,0.00417,0.0012
1790822959.4954472,-0.02228,0.00719,-1.00737,0.00147,0.0052,0.00328
1790822959.529855,-0.02271,0.00733,-1.0092,0.00291,0.00537,0.00331
1790822959.5408,-0.02207,0.0071,-1.00964,0.00214,0.00516,0.00331
1790822959.5616,-0.02204,0.00981,-1.00945,-0.00049,0.00435,0.00179
1790822959.584234,-0.02378,0.00888,-1.00853,0.00514,0.00697,0.00371
1790822959.600949,-0.0254,0.00745,-1.00745,0.00065,0.00568,0.00575
1790822959.6303492,-0.0259,0.00769,-1.00816,0.00412,0.00449,0.00309
1790822959.643479,-0.02599,0.0076,-1.00772,0.00173,0.00464,0.00359
1790822959.667433,-0.02508,0.00643,-1.00816,0.00126,0.00497,0.00155
1790822959.686717,-0.02379,0.00719,-1.0076,0.00167,0.00598,0.00101
1790822959.699541,-0.02315,0.00795,-1.00876,0.00189,0.00491,0.00502
1790822959.732938,-0.02187,0.00745,-1.0095,0.00355,0.0055,0.00521
1790822959.7418969,-0.02128,0.00759,-1.00855,0.00234,0.00594,0.0042
1790822959.7658072,-0.02253,0.00771,-1.00821,0.00413,0.0034,0.00637
1790822959.781794,-0.02289,0.00726,-1.00873,0.00307,0.00277,0.00236
1790822959.802752,-0.02198,0.00888,-1.00712,0.00192,0.00564,0.0019
1790822959.817617,-0.02183,0.00814,-1.00698,0.00033,0.00602,0.00428
1790822959.839653,-0.02347,0.00558,-1.00749,0.00044,0.0037,0.00196
1790822959.872443,-0.02254,0.00907,-1.00865,0.00083,0.00424,0.00166
1790822959.901946,-0.02241,0.0094,-1.00892,0.00024,0.0066,0.00134
1790822959.91747,-0.02259,0.00639,-1.00743,0.00281,0.00493,0.00585
1790822959.942789,-0.02283,0.00781,-1.00634,0.00071,0.00483,0.00315
1790822959.96634,-0.02359,0.00787,-1.00769,0.00473,0.00438,0.00336
1790822959.972404,-0.02267,0.00852,-1.00782,0.00341,0.00528,0.00355
1790822960.002084,-0.02254,0.00742,-1.00746,-0.00044,0.00455,0.00057
1790822960.0191202,-0.02344,0.00683,-1.00786,-6e-05,0.00259,0.00281
1790822960.04249,-0.02334,0.00718,-1.00893,0.003,0.00467,0.00356
1790822960.0677178,-0.02291,0.00769,-1.00759,0.00135,0.0068,0.00239
1790822960.07498,-0.02511,0.00804,-1.00695,0.00539,0.00345,0.00431
1790822960.102608,-0.02499,0.0085,-1.00703,0.00283,0.00298,0.00163
1790822960.125383,-0.02397,0.00783,-1.00804,0.00324,0.00692,0.00474
1790822960.142334,-0.02345,0.00872,-1.00817,0.00176,0.00329,0.00134
1790822960.170599,-0.02369,0.00622,-1.00949,0.00306,0.00527,0.0043
1790822960.178166,-0.02292,0.00597,-1.00821,0.00271,0.0052,0.00402
1790822960.2112908,-0.0223,0.00919,-1.00635,-0.00084,0.00227,0.00212
1790822960.2273128,-0.02347,0.00725,-1.00823,0.0018,0.00542,0.0039
1790822960.278663,-0.02269,0.00868,-1.00941,0.00054,0.0053,0.00131
1790822960.3105018,-0.02407,0.00632,-1.00851,-0.00036,0.00292,0.00324
1790822960.319774,-0.02303,0.00767,-1.00897,0.00111,0.00412,0.0013
1790822960.3434398,-0.02307,0.00852,-1.00841,-0.00028,0.00676,0.00051
1790822960.360106,-0.02283,0.00763,-1.00931,0.00192,0.00591,0.0036
1790822960.3789198,-0.02305,0.00685,-1.00799,0.00095,0.00458,0.00346
1790822960.412432,-0.0241,0.00781,-1.00539,0.00392,0.00721,0.00144
1790822960.419842,-0.0239,0.00829,-1.00746,0.00161,0.00438,0.00229
1790822960.446957,-0.02275,0.00732,-1.00811,0.00337,0.00566,0.00354
1790822960.461504,-0.02311,0.00838,-1.00716,0.00203,0.00303,0.00206
1790822960.514592,-0.02249,0.00729,-1.00701,0.00337,0.00451,0.00391
1790822960.522393,-0.02292,0.00769,-1.00591,-0.00085,0.0047,0.00269
1790822960.5471659,-0.02317,0.00786,-1.00778,0.00235,0.00695,0.0011
1790822960.561923,-0.02288,0.00794,-1.00816,0.00232,0.00355,0.00184
1790822960.581646,-0.02339,0.00747,-1.00669,2e-05,0.00447,0.0031
1790822960.6141179,-0.024,0.00729,-1.00854,0.00165,0.0069,0.00563
1790822960.6234229,-0.02306,0.00874,-1.00938,0.00139,0.00572,0.00327
1790822960.6480699,-0.02319,0.00747,-1.0092,0.00093,0.00425,-0.00015
1790822960.663522,-0.02358,0.00677,-1.00809,-0.00071,0.00523,0.00394
1790822960.687833,-0.02423,0.00934,-1.00766,0.00024,0.00426,0.00213
1790822960.7231638,-0.02346,0.00725,-1.00745,0.00524,0.00443,0.00383
1790822960.750049,-0.02296,0.00738,-1.00882,0.00184,0.00688,0.00311
1790822960.7650402,-0.02196,0.00843,-1.00858,0.00139,0.00355,0.0018
1790822960.7844758,-0.02317,0.00658,-1.00859,0.00348,0.00688,0.00371
1790822960.811734,-0.02358,0.00755,-1.00844,0.00162,0.00458,0.00071
1790822960.8242822,-0.02199,0.00863,-1.00897,0.00326,0.00632,0.00344
1790822960.851331,-0.02305,0.00762,-1.00704,0.00049,0.00691,-0.00056
1790822960.8836842,-0.02377,0.0084,-1.00713,0.00282,0.0078,0.00082
1790822960.901487,-0.02492,0.00536,-1.00739,0.004,0.00603,0.00741
1790822960.922622,-0.02156,0.01025,-1.00987,0.00099,0.00429,-0.00142
1790822960.951963,-0.02359,0.00594,-1.00892,-0.00042,0.00501,0.00704
1790822960.961511,-0.02388,0.00818,-1.00806,0.0037,0.00251,0.0007
1790822960.985307,-0.02447,0.01038,-1.00827,0.0022,0.00777,0.00044
1790822961.0171368,-0.02539,0.00677,-1.00865,0.00275,0.00392,0.00475
1790822961.025366,-0.02506,0.00784,-1.00689,0.00047,0.00384,0.00478
1790822961.0514061,-0.02372,0.00993,-1.00777,0.00185,0.00394,0.00067
1790822961.063509,-0.02323,0.00593,-1.00774,0.00135,0.00154,0.00531
1790822961.083219,-0.02315,0.00626,-1.00628,0.00182,0.0038,0.00107
1790822961.115482,-0.02344,0.01047,-1.00708,0.00078,0.00501,0.00108
1790822961.123355,-0.02443,0.00716,-1.00785,0.00343,0.00472,0.00363
1790822961.162988,-0.02379,0.00583,-1.00749,0.00184,0.00427,0.00376
1790822961.1848269,-0.02261,0.00866,-1.0078,0.00036,0.00496,0.00231
1790822961.202742,-0.02257,0.00844,-1.00768,0.00165,0.00409,0.00228
1790822961.2238662,-0.02377,0.00593,-1.0069,0.001,0.00559,0.00548
1790822961.250709,-0.022,0.00705,-1.00592,0.00094,0.00615,0.0017
1790822961.2605429,-0.02247,0.00836,-1.00759,-0.00184,0.00483,7e-05
1790822961.283735,-0.02278,0.00702,-1.00813,0.00468,0.00552,0.00201
1790822961.316618,-0.0237,0.00588,-1.00944,0.00199,0.00758,0.00191
1790822961.322686,-0.02331,0.00874,-1.00928,0.004,0.00437,0.00363
1790822961.351219,-0.02205,0.00917,-1.00581,-0.00053,0.0054,0.00118
1790822961.363109,-0.02376,0.00656,-1.007,0.0037,0.00797,0.00293
1790822961.385816,-0.02363,0.00809,-1.00765,0.00243,0.00569,0.0033
1790822961.4037418,-0.0247,0.00814,-1.00811,0.00276,0.0047,0.00286
1790822961.424397,-0.02573,0.00681,-1.00839,-0.00272,0.007,0.00213
1790822961.4516869,-0.02407,0.0086,-1.00807,0.00165,0.00667,0.00045
1790822961.464531,-0.02343,0.00939,-1.00879,0.00169,0.00455,0.00109
1790822961.485335,-0.02369,0.00627,-1.00948,0.00223,0.00661,0.00418
1790822961.5026848,-0.02235,0.00787,-1.00943,0.001,0.00628,0.00285
1790822961.523537,-0.0217,0.00966,-1.00928,0.00142,0.00559,0.004
1790822961.538304,-0.02154,0.00767,-1.0075,0.00341,0.00424,0.00306
1790822961.5636969,-0.02169,0.00787,-1.00723,0.00212,0.004,0.00297
1790822961.591441,-0.02237,0.00805,-1.00803,0.0014,0.00635,0.00177
1790822961.6029592,-0.02409,0.00722,-1.00803,0.00399,0.00429,0.00353
1790822961.625091,-0.02454,0.00656,-1.00746,0.00133,0.00767,0.00513
1790822961.639024,-0.02423,0.00904,-1.0081,-0.00012,0.00696,-0.00086
1790822961.660985,-0.02404,0.00849,-1.00905,0.00191,0.00337,0.00275
1790822961.687907,-0.02458,0.00598,-1.00792,0.0028,0.0039,0.00417
1790822961.718285,-0.02564,0.00718,-1.00705,0.00428,0.00515,0.00281
1790822961.7255108,-0.02513,0.00951,-1.00777,0.00129,0.00457,0.00236
1790822961.760173,-0.02533,0.00504,-1.00839,0.0037,0.00447,0.00577
1790822961.790385,-0.02384,0.00862,-1.00872,0.00184,0.00553,0.00122
1790822961.802977,-0.02414,0.00812,-1.00997,0.00055,0.00461,0.00245
1790822961.825599,-0.02468,0.00494,-1.00773,0.00524,0.002,0.00534
1790822961.855111,-0.02235,0.00824,-1.00727,0.00471,0.00609,0.00333
1790822961.86193,-0.02073,0.01112,-1.0061,0.00158,0.00697,0.00074
1790822961.894002,-0.02148,0.00808,-1.00872,0.00193,0.00419,0.00088
1790822961.9016142,-0.02251,0.00854,-1.00878,0.00226,0.00439,0.00123
1790822961.928685,-0.02325,0.00724,-1.00892,0.00107,0.00451,0.00235
1790822961.941983,-0.0241,0.00805,-1.00941,0.00105,0.00628,-0.00077
1790822961.9946408,-0.02675,0.0077,-1.00871,0.00093,0.00433,0.00214
1790822962.00208,-0.02576,0.00887,-1.00835,0.002,0.00698,0.00238
1790822962.0285702,-0.0229,0.00863,-1.00726,0.00144,0.00212,0.00229
1790822962.042343,-0.02239,0.00895,-1.00703,0.00104,0.00537,0.00144
1790822962.062922,-0.02221,0.0082,-1.00764,0.0053,0.00273,0.00333
1790822962.086774,-0.02278,0.00789,-1.0077,0.0036,0.00348,0.00038
1790822962.1289752,-0.02335,0.00724,-1.00804,0.00136,0.00678,0.002
1790822962.136736,-0.02315,0.00724,-1.00854,0.00208,0.00398,0.00477
1790822962.162337,-0.02318,0.00758,-1.00724,0.00295,0.00529,0.00532
1790822962.1949282,-0.02309,0.00897,-1.00587,0.00219,0.00569,0.00316
1790822962.20073,-0.02254,0.00682,-1.00757,0.00138,0.00589,0.00337
1790822962.2318,-0.02358,0.0072,-1.00842,0.00217,0.00406,0.00242
1790822962.265722,-0.02328,0.00696,-1.00735,0.00055,0.00722,0.00348
1790822962.2822158,-0.02218,0.00901,-1.00729,0.00191,0.00474,-0.00096
1790822962.3305888,-0.02317,0.00664,-1.00897,0.00355,0.00651,0.00167
1790822962.34021,-0.02362,0.00742,-1.0085,-0.0005,0.0029,0.0028
1790822962.367414,-0.0238,0.00879,-1.00794,0.00277,0.00395,0.00195
1790822962.383372,-0.02254,0.00726,-1.00845,0.00223,0.0048,0.00432
1790822962.401338,-0.02389,0.00963,-1.00829,0.00232,0.00304,0.00139
1790822962.4320571,-0.02468,0.00828,-1.00858,0.0016,0.00532,0.00369
1790822962.441004,-0.02489,0.00708,-1.00799,0.00221,0.00356,0.00176
1790822962.46539,-0.02302,0.00917,-1.0084,0.00065,0.00251,0.00037
1790822962.497449,-0.02276,0.00915,-1.00966,0.00299,0.00563,0.00222
1790822962.532385,-0.02259,0.00802,-1.00838,0.00253,0.00516,0.00538
1790822962.5387719,-0.0222,0.00899,-1.00862,0.00083,0.00653,0.00548
1790822962.5688162,-0.02457,0.00698,-1.00708,0.00342,0.00455,0.00093
1790822962.58164,-0.02399,0.00801,-1.00694,0.00447,0.00556,0.00452
1790822962.602912,-0.0229,0.00856,-1.0096,0.00174,0.00561,0.00262
1790822962.642224,-0.02286,0.00864,-1.00876,0.00242,0.00528,0.00199
1790822962.667519,-0.02546,0.00819,-1.00792,0.00123,0.00618,0.00413
1790822962.68141,-0.0244,0.00783,-1.00752,0.00269,0.0052,0.00182
1790822962.702703,-0.02367,0.00807,-1.00717,0.00013,0.00535,0.0022
1790822962.7326899,-0.02348,0.00626,-1.00897,0.00348,0.00588,0.00427
1790822962.74338,-0.02327,0.00903,-1.00908,-0.00186,0.00576,0.00096
1790822962.7681851,-0.02454,0.00812,-1.00801,0.00348,0.0037,0.00357
1790822962.78237,-0.02527,0.00604,-1.0094,0.00095,0.00461,0.00198
1790822962.802646,-0.02303,0.00866,-1.00841,0.00149,0.00459,0.00013
1790822962.836108,-0.02252,0.00792,-1.00621,0.00275,0.00608,0.00449
1790822962.842294,-0.02453,0.00772,-1.00699,0.00048,0.00596,0.00287
1790822962.8684878,-0.02477,0.00761,-1.008,0.00155,0.00376,0.00336
1790822962.883029,-0.02473,0.0077,-1.00606,-0.00117,0.00378,0.002
1790822962.9379342,-0.02402,0.00843,-1.00839,0.00228,0.00501,0.00211
1790822962.970221,-0.02376,0.00745,-1.00622,0.00447,0.0049,0.0044
1790822962.9818912,-0.02224,0.00865,-1.00827,0.00338,0.00322,0.00135
1790822963.004008,-0.02327,0.00722,-1.00862,0.00403,0.00625,0.00307
1790822963.0387058,-0.02432,0.00751,-1.00836,-4e-05,0.0032,0.00328
1790822963.071624,-0.02477,0.00797,-1.00713,-0.00023,0.0064,0.00379
1790822963.0827048,-0.02325,0.00852,-1.00717,0.00461,0.00385,0.00249
1790822963.1041589,-0.02382,0.0078,-1.00756,0.00352,0.00467,0.002
1790822963.1365461,-0.02389,0.00666,-1.00853,-0.00058,0.00672,0.004
1790822963.17259,-0.02185,0.00751,-1.00924,0.00112,0.00486,0.00429
1790822963.1815622,-0.02268,0.00724,-1.00958,0.00257,0.00392,0.00332
1790822963.2061682,-0.02417,0.01033,-1.01043,0.00145,0.00291,0.00149
1790822963.224258,-0.02506,0.00756,-1.00908,0.00294,0.00509,0.0033
1790822963.243509,-0.02427,0.00746,-1.00888,0.00212,0.00787,0.0039
1790822963.265936,-0.02276,0.008,-1.00834,0.00065,0.00474,0.00323
1790822963.281614,-0.0239,0.00756,-1.00812,0.00506,0.00227,0.00441
1790822963.306188,-0.02401,0.0083,-1.00832,0.00087,0.00291,0.00084
1790822963.326103,-0.02429,0.00724,-1.00865,0.00087,0.00221,0.00317
1790822963.343372,-0.02434,0.00706,-1.00854,0.00389,0.00654,0.00565
1790822963.374683,-0.02244,0.00991,-1.00708,0.00116,0.00611,0.00257
1790822963.381421,-0.0223,0.00889,-1.00673,0.00519,0.00579,0.00412
1790822963.407403,-0.02338,0.00692,-1.00825,0.00243,0.00231,0.00257
1790822963.4411929,-0.02318,0.00973,-1.00843,0.00226,0.00377,-0.00108
1790822963.472689,-0.02366,0.00778,-1.00872,0.0005,0.00413,0.00247
1790822963.482709,-0.02366,0.00737,-1.00768,0.00344,0.00342,0.0
1790822963.507225,-0.02339,0.01011,-1.00804,0.00134,0.00458,0.00143
1790822963.5384178,-0.02502,0.00833,-1.00855,0.00329,0.00597,0.00433
1790822963.573257,-0.02476,0.00846,-1.00874,0.00071,0.00585,0.00025
1790822963.581586,-0.02345,0.00692,-1.00807,-0.00023,0.0042,0.00295
1790822963.640329,-0.02054,0.00875,-1.00854,-0.00024,0.00675,0.00136
1790822963.675447,-0.02085,0.00572,-1.00845,0.00321,0.00498,0.00528
1790822963.685118,-0.02525,0.0077,-1.00615,0.00119,0.00261,0.00357
1790822963.709588,-0.02511,0.0072,-1.00674,0.00237,0.00782,0.00559
1790822963.732447,-0.0232,0.0086,-1.00769,0.00295,0.0036,0.0019
1790822963.7771251,-0.02337,0.00947,-1.01026,0.00158,0.00209,0.00097
1790822963.7836878,-0.02554,0.00688,-1.00976,0.00288,0.00592,0.00502
1790822963.809515,-0.02504,0.00865,-1.0073,0.00076,0.00516,0.00115
1790822963.821023,-0.02382,0.00761,-1.00644,0.00246,0.00272,0.00381
1790822963.842845,-0.02373,0.00785,-1.00879,-0.00012,0.00424,0.00409
1790822963.8756921,-0.0232,0.00887,-1.00844,0.00138,0.0054,0.00222
1790822963.8881521,-0.02311,0.00796,-1.00741,0.004,0.00839,0.00233
1790822963.910309,-0.02376,0.00719,-1.00954,0.00183,0.00654,0.00622
1790822963.9211001,-0.02286,0.01033,-1.00914,0.00144,0.00879,-0.00051
1790822963.9753559,-0.02274,0.0085,-1.0081,0.00275,0.00509,0.00444
1790822963.9806662,-0.0236,0.00682,-1.00764,0.0016,0.00694,0.00496
1790822964.0096262,-0.02317,0.01029,-1.00759,7e-05,0.0054,0.00343
1790822964.025839,-0.02352,0.00688,-1.00752,0.00303,0.00513,0.00325
1790822964.0611799,-0.02236,0.00758,-1.00728,0.00227,0.00541,0.00185
1790822964.083076,-0.02363,0.00644,-1.00744,0.00131,0.00583,0.00336
1790822964.09984,-0.02361,0.00743,-1.0067,0.00102,0.00499,0.00186
1790822964.12604,-0.02295,0.00652,-1.00827,0.00422,0.0074,0.00744
1790822964.1435049,-0.02353,0.00839,-1.0103,0.00381,0.00499,0.00264
1790822964.176207,-0.02463,0.00861,-1.01042,0.00069,0.00369,0.00083
1790822964.187498,-0.02523,0.00671,-1.00811,0.00291,0.00113,0.00332
1790822964.2202518,-0.02297,0.00903,-1.00709,0.00232,0.00485,-0.00011
1790822964.2424011,-0.02281,0.00769,-1.00703,0.00295,0.00543,0.00428
1790822964.276148,-0.0235,0.00788,-1.00944,0.00238,0.00518,0.00515
1790822964.2809658,-0.02331,0.00786,-1.00815,0.0037,0.00446,0.00408
1790822964.310233,-0.02263,0.00678,-1.00827,0.00399,0.00432,0.00486
1790822964.3235478,-0.02278,0.00968,-1.00917,3e-05,0.00712,-0.0015
1790822964.3431292,-0.02485,0.00783,-1.00959,0.00264,0.0047,0.00177
1790822964.384013,-0.0245,0.00625,-1.0073,0.00225,0.00302,0.00601
1790822964.409079,-0.02334,0.00986,-1.00675,0.0028,0.0055,0.00085
1790822964.422543,-0.02362,0.00854,-1.00839,0.00189,0.00442,0.00052
1790822964.445073,-0.02305,0.00793,-1.01019,0.00038,0.00465,0.00167
1790822964.460011,-0.02236,0.00895,-1.00859,0.00164,0.00336,-0.00115
1790822964.480742,-0.02424,0.00555,-1.00764,0.00033,0.00509,0.00465
1790822964.521334,-0.02527,0.00693,-1.00657,0.00247,0.00364,0.00227
1790822964.5453088,-0.02417,0.00851,-1.00758,0.00201,0.00471,0.00236
1790822964.559973,-0.02391,0.0074,-1.0072,0.00209,0.00451,0.00258
1790822964.58052,-0.02443,0.0067,-1.00675,0.00225,0.00584,0.00313
1790822964.6101272,-0.02348,0.00772,-1.00775,0.00266,0.00598,0.0044
1790822964.622014,-0.02367,0.01011,-1.00718,0.00171,0.00417,0.00073
1790822964.647839,-0.02344,0.00761,-1.00984,0.00011,0.00333,0.00145
1790822964.6747708,-0.02344,0.00761,-1.00984,0.00011,0.00333,0.00145
1790822964.683611,-0.02365,0.00982,-1.00752,0.00354,0.00644,-0.00024
1790822964.709216,-0.02329,0.00706,-1.00924,0.00131,0.00313,0.00157
1790822964.72065,-0.02359,0.00892,-1.00821,0.00394,0.00193,0.0023
1790822964.747045,-0.02411,0.00831,-1.00916,0.00185,0.00504,0.00179
1790822964.777649,-0.02371,0.00789,-1.00925,-0.00123,0.00652,0.00078
1790822964.7837162,-0.02482,0.00737,-1.00821,0.00093,0.00691,0.00341
1790822964.811455,-0.02509,0.008,-1.00747,0.00218,0.00524,0.00228
1790822964.823529,-0.0236,0.00898,-1.00848,0.00135,0.00706,0.00311
1790822964.8476968,-0.02303,0.00767,-1.00822,0.0023,0.00607,0.00224
1790822964.873773,-0.0231,0.00729,-1.00857,0.00255,0.00536,0.00227
1790822964.9113972,-0.02385,0.00713,-1.00893,0.00368,0.0083,0.00253
1790822964.922951,-0.02488,0.00704,-1.0073,0.00365,0.00558,0.00466
1790822964.94608,-0.02414,0.00714,-1.0082,0.00304,0.00314,-0.00021
1790822964.956098,-0.02294,0.00763,-1.00803,0.00107,0.00596,0.00422
1790822964.984241,-0.02281,0.00612,-1.00936,0.00069,0.00408,0.00241
1790822965.012681,-0.02241,0.00893,-1.00909,0.00175,0.00685,0.00242
1790822965.0208871,-0.02314,0.00783,-1.007,0.00201,0.00641,0.00479
1790822965.047576,-0.02399,0.00833,-1.00662,0.00207,0.00473,0.00259
1790822965.058784,-0.02384,0.00965,-1.00833,0.00272,0.00393,0.00102
1790822965.083713,-0.024,0.00762,-1.00947,0.00204,0.00523,0.00245
1790822965.1097422,-0.02177,0.00765,-1.00802,0.00257,0.00772,0.00273
1790822965.121564,-0.02266,0.00874,-1.00859,0.00436,0.00439,0.00344
1790822965.147087,-0.02352,0.00829,-1.00973,0.00431,0.00539,0.00076
1790822965.157513,-0.02353,0.00818,-1.00856,0.00158,0.00626,0.0032
1790822965.1847858,-0.02285,0.00833,-1.00817,-0.00058,0.00381,0.00289
1790822965.2147572,-0.02256,0.00827,-1.00882,-0.00056,0.00564,0.00495
1790822965.245183,-0.02251,0.00718,-1.00913,0.00224,0.00244,0.00339
1790822965.2787352,-0.02397,0.00888,-1.00659,0.00311,0.00555,0.00414
1790822965.3144488,-0.02416,0.00564,-1.00744,0.00496,0.00495,0.00484
1790822965.3212311,-0.02402,0.0081,-1.00844,-0.00062,0.00527,0.00228
1790822965.347423,-0.02311,0.00753,-1.00626,0.00209,0.00503,0.00501
1790822965.358473,-0.02292,0.00817,-1.00662,-5e-05,0.00131,0.00258
1790822965.413665,-0.02304,0.00859,-1.0079,0.00017,0.00486,0.00231
1790822965.450041,-0.0224,0.00773,-1.00786,0.00189,0.00647,0.00199
1790822965.4621818,-0.02541,0.00445,-1.00749,0.00449,0.00439,0.00662
1790822965.48284,-0.02409,0.00707,-1.00736,0.00374,0.00949,0.00162
1790822965.5134358,-0.02193,0.01035,-1.00884,0.00436,0.00603,-0.00051
1790822965.523434,-0.02219,0.00452,-1.00825,0.0003,0.004,0.00592
1790822965.5500522,-0.02235,0.00689,-1.00764,0.00282,0.00509,0.00276
1790822965.5613382,-0.02258,0.01,-1.00733,0.00062,0.00553,-0.0009
1790822965.601544,-0.02312,0.00899,-1.00706,0.00176,0.00672,0.00217
1790822965.621967,-0.0233,0.00634,-1.00764,0.00158,0.00537,0.00399
1790822965.651814,-0.02253,0.00802,-1.00817,0.00503,0.00579,0.0024
1790822965.6601222,-0.02348,0.00709,-1.00903,0.00131,0.00426,0.00213
1790822965.6838531,-0.02434,0.0064,-1.00824,0.00258,0.00217,0.00325
1790822965.703116,-0.0241,0.00759,-1.00829,0.00188,0.00295,0.00295
1790822965.720544,-0.02317,0.00934,-1.00964,-1e-05,0.00749,0.00103
1790822965.7596889,-0.02317,0.00767,-1.00855,0.00358,0.00435,0.00217
1790822965.783929,-0.02308,0.00843,-1.00702,0.00411,0.00395,0.00457
1790822965.8014562,-0.02194,0.0085,-1.00818,0.00054,0.00617,0.00256
1790822965.8238258,-0.02242,0.00837,-1.01104,0.00341,0.00672,0.00248
1790822965.84302,-0.02405,0.00687,-1.00925,0.00271,0.00395,0.00361
1790822965.861104,-0.02354,0.00775,-1.00636,-0.0002,0.00456,0.0039
1790822965.885209,-0.02348,0.00696,-1.01006,0.00169,0.00587,0.00421
1790822965.9018948,-0.02268,0.00837,-1.00997,0.00421,0.00259,0.00209
1790822965.919116,-0.02272,0.0069,-1.00867,0.00464,0.00522,0.00031
1790822965.9548259,-0.02432,0.00644,-1.00726,0.00349,0.00344,0.0047
1790822965.98414,-0.02316,0.00876,-1.007,0.00175,0.00555,0.00133
1790822966.001606,-0.02314,0.00963,-1.00766,0.00279,0.00519,0.00289
1790822966.0200021,-0.02479,0.00653,-1.00754,0.00284,0.00306,0.00436
1790822966.046744,-0.02334,0.00819,-1.00745,0.00032,0.00425,0.00034
1790822966.0635011,-0.02303,0.00637,-1.00748,0.00152,0.00322,0.00226
1790822966.087106,-0.0232,0.00654,-1.00655,0.0033,0.00601,0.00386
1790822966.101957,-0.02419,0.00743,-1.00648,-0.00086,0.0039,0.00107
1790822966.1232362,-0.02372,0.00791,-1.00758,0.00199,0.00656,0.00344
1790822966.1544,-0.02356,0.00668,-1.00912,0.00169,0.00577,0.00593
1790822966.160691,-0.02383,0.00884,-1.0062,0.0027,0.00462,0.00211
1790822966.202712,-0.02338,0.0089,-1.00708,0.00254,0.00508,0.00425
1790822966.222469,-0.02251,0.00777,-1.00873,-0.00168,0.00356,0.00393
1790822966.2554612,-0.02369,0.0091,-1.00853,0.00191,0.00278,0.00207
1790822966.260339,-0.02458,0.00711,-1.00823,0.0023,0.00441,0.0062
1790822966.29031,-0.02402,0.00832,-1.00798,-0.00089,0.00545,0.00347
1790822966.3218062,-0.02449,0.00951,-1.00758,0.00422,0.00448,0.00035
1790822966.343481,-0.02531,0.00897,-1.0072,-0.0,0.00374,-0.00019
1790822966.3598049,-0.02431,0.00644,-1.00771,0.00383,0.00616,0.00373
1790822966.391443,-0.02223,0.00943,-1.00776,0.00351,0.00556,0.00203
1790822966.4007869,-0.02301,0.00746,-1.00857,0.00012,0.00253,0.00569
1790822966.426718,-0.02128,0.00756,-1.00782,-0.00035,0.00642,0.00067
1790822966.460306,-0.02135,0.00858,-1.00821,0.00476,0.00153,0.00226
1790822966.4657578,-0.02442,0.00718,-1.00864,0.00352,0.00632,0.00331
1790822966.500134,-0.02404,0.00736,-1.0075,0.00039,0.00453,0.00048
1790822966.525867,-0.02434,0.00851,-1.00584,0.00331,0.00548,2e-05
1790822966.541623,-0.02431,0.00799,-1.00552,-0.00085,0.00594,0.00228
1790822966.560912,-0.02504,0.00687,-1.00673,0.00117,0.00547,0.00297
1790822966.591609,-0.0251,0.00839,-1.00668,0.00029,0.00546,0.0047
1790822966.60061,-0.02282,0.0077,-1.00701,0.0008,0.00467,0.00396
1790822966.628385,-0.02248,0.00821,-1.00727,-0.00112,0.00304,0.0011
1790822966.6427991,-0.02195,0.00919,-1.00632,0.00196,0.00543,0.00099
1790822966.661796,-0.02225,0.00709,-1.00789,0.00134,0.00376,0.00525
1790822966.695188,-0.02334,0.0072,-1.00786,0.00075,0.00794,0.00401
1790822966.702137,-0.02171,0.00862,-1.00702,0.00017,0.00237,0.00117
1790822966.741656,-0.02327,0.00781,-1.00614,0.00403,0.0041,0.00352
1790822966.762939,-0.02383,0.00739,-1.00495,0.0005,0.00521,0.00409
1790822966.794284,-0.02292,0.00862,-1.00811,0.00441,0.00422,0.00273
1790822966.801458,-0.02194,0.00947,-1.0106,0.00109,0.0058,0.00243
1790822966.8286238,-0.02258,0.00697,-1.00889,0.00223,0.00295,0.00424
1790822966.840113,-0.02244,0.00808,-1.00802,0.00404,0.00744,0.00082
1790822966.8619158,-0.02447,0.0071,-1.00786,-0.00091,0.00288,0.00298
1790822966.8970602,-0.02425,0.00832,-1.00807,0.00274,0.00611,0.0011
1790822966.903421,-0.02541,0.00954,-1.00603,0.00423,0.00095,0.00353
1790822966.940284,-0.02531,0.00683,-1.00609,0.00168,0.00516,0.00392
1790822966.964372,-0.02252,0.00763,-1.00777,2e-05,0.00696,0.00165
1790822966.998153,-0.02335,0.00624,-1.00863,0.00368,0.00312,0.0042
1790822967.00309,-0.02273,0.00806,-1.00644,-0.00185,0.00511,0.00302
1790822967.028374,-0.02266,0.00837,-1.00795,0.00458,0.00342,0.00174
1790822967.0410502,-0.02338,0.00621,-1.00771,0.00353,0.00376,0.00638
1790822967.063838,-0.02248,0.00725,-1.00772,0.00041,0.00401,0.00306
1790822967.100544,-0.02222,0.0085,-1.0094,0.00361,0.00768,0.00247
1790822967.131199,-0.0225,0.00699,-1.00752,0.00362,0.00721,0.0032
1790822967.1407712,-0.02256,0.00744,-1.00628,0.00342,0.00568,0.00169
1790822967.1644,-0.02306,0.00855,-1.00702,0.00195,0.00473,0.00182
1790822967.200346,-0.0247,0.00699,-1.00931,0.00318,0.00285,0.00356
1790822967.230407,-0.02476,0.00831,-1.01031,0.00115,0.00455,0.00215
1790822967.2404249,-0.0239,0.00833,-1.00835,0.00208,0.00504,0.00092
1790822967.2661839,-0.0238,0.0065,-1.00752,0.002,0.00456,0.00246
1790822967.2770839,-0.02194,0.00831,-1.00858,0.00018,0.00605,-0.0001
1790822967.302022,-0.02151,0.00774,-1.00774,0.00111,0.0065,0.00428
1790822967.3328059,-0.0216,0.00722,-1.00717,0.00294,0.00613,0.00353
1790822967.342484,-0.02085,0.00883,-1.00892,0.00307,0.00489,0.00406
1790822967.3640409,-0.02196,0.00867,-1.00974,0.00349,0.00643,0.00137
1790822967.4004521,-0.02309,0.00747,-1.00825,0.00295,0.00791,0.0018
1790822967.417954,-0.02309,0.00876,-1.00803,0.00224,0.00345,0.00079
1790822967.440481,-0.0239,0.00784,-1.00803,0.00191,0.00565,0.00253
1790822967.467504,-0.02471,0.00727,-1.00715,0.0008,0.00801,0.00362
1790822967.482889,-0.02461,0.00699,-1.00641,0.00346,0.00291,-0.00059
1790822967.502333,-0.02376,0.00727,-1.00903,0.00204,0.00501,0.00384
1790822967.534266,-0.02477,0.00671,-1.00797,0.00224,0.00487,0.00553
1790822967.54526,-0.02338,0.00735,-1.00647,0.00192,0.00711,0.002
1790822967.5684328,-0.02338,0.00735,-1.00647,0.00192,0.00711,0.002
1790822967.5746088,-0.02288,0.00609,-1.00978,0.00059,0.00462,0.00516
1790822967.602653,-0.02312,0.00823,-1.00782,-0.00189,0.00637,0.00032
1790822967.6452239,-0.02242,0.00797,-1.00755,-0.00031,0.00275,0.001
1790822967.670648,-0.02173,0.0088,-1.00894,0.00204,0.00479,0.00327
1790822967.683819,-0.02456,0.00661,-1.00996,0.00049,0.00485,0.00498
1790822967.7032,-0.02431,0.00842,-1.00753,0.00274,0.00377,0.00283
1790822967.735083,-0.02407,0.00987,-1.00709,0.00266,0.00278,-0.00053
1790822967.7450418,-0.02608,0.00599,-1.00656,0.0043,0.00524,0.00639
1790822967.7703328,-0.02618,0.00565,-1.00887,0.00104,0.0059,0.00459
1790822967.783009,-0.02374,0.00987,-1.00872,0.00027,0.00816,-0.00114
1790822967.8015769,-0.02299,0.00811,-1.00802,0.001,0.00567,0.00255
1790822967.8369799,-0.02377,0.00611,-1.00821,0.00187,0.00325,0.00397
1790822967.869788,-0.02238,0.00972,-1.00837,-0.00024,0.00573,-0.00239
1790822967.8762538,-0.02316,0.00719,-1.00798,0.00076,0.00228,0.00469
1790822967.901599,-0.02311,0.00593,-1.00784,0.00165,0.00615,0.00477
1790822967.935023,-0.02094,0.01044,-1.00747,0.00057,0.00528,-0.00182
1790822967.9443982,-0.02177,0.0085,-1.00796,0.00365,0.00448,0.00493
1790822967.9668128,-0.02316,0.00685,-1.00819,0.00275,0.00561,0.00386
1790822967.9847271,-0.02148,0.00869,-1.00656,7e-05,0.00544,0.00193
1790822968.0038888,-0.0222,0.00772,-1.00638,0.00074,0.00545,0.00258
1790822968.021056,-0.02335,0.00727,-1.00709,-0.00098,0.00416,0.00277
1790822968.042072,-0.02373,0.00649,-1.00769,0.00196,0.00593,0.00524
1790822968.070135,-0.02471,0.00808,-1.00728,-0.00018,0.0047,0.0023
1790822968.0850291,-0.02483,0.00815,-1.00878,0.00185,0.00663,0.00313
1790822968.102622,-0.02423,0.00684,-1.00916,0.00077,0.00554,0.00534
1790822968.139967,-0.02378,0.00711,-1.00854,0.00039,0.00227,0.00433
1790822968.168915,-0.02278,0.00877,-1.00848,0.0023,0.00253,0.00087
1790822968.181129,-0.02218,0.00869,-1.00837,0.00491,0.0057,0.00308
1790822968.2038882,-0.02255,0.00807,-1.00882,0.00268,0.00349,0.00368
1790822968.221181,-0.02214,0.00811,-1.00916,0.00056,0.00483,0.00386
1790822968.245986,-0.02298,0.00774,-1.00913,0.00307,0.00459,0.00228
1790822968.2747781,-0.02184,0.00857,-1.01096,0.00172,0.00361,0.00518
1790822968.283735,-0.02235,0.00746,-1.00912,0.00097,0.00457,0.00438
1790822968.3064451,-0.02298,0.00839,-1.00873,0.00291,0.00438,0.00548
1790822968.322609,-0.02411,0.00788,-1.00809,-6e-05,0.00803,0.00366
1790822968.340692,-0.0237,0.00757,-1.00684,0.00313,0.00388,0.00338
1790822968.3691058,-0.02339,0.00893,-1.00909,0.00171,0.00632,0.00056
1790822968.384255,-0.02331,0.00817,-1.00817,0.00349,0.00269,0.00303
1790822968.4065979,-0.02409,0.00753,-1.00682,-0.00088,0.005,0.00385
1790822968.425195,-0.0244,0.00834,-1.00791,0.00032,0.00492,-0.00014
1790822968.442569,-0.02436,0.00849,-1.01008,-0.00019,0.00407,0.00227
1790822968.4753559,-0.02317,0.00639,-1.00854,0.0003,0.00566,0.0035
1790822968.4849331,-0.02259,0.0079,-1.00782,0.00043,0.00584,0.00243
1790822968.5201101,-0.02167,0.00889,-1.00756,0.0015,0.00561,0.00267
1790822968.543926,-0.02262,0.00655,-1.00867,0.00534,0.00433,0.00506
1790822968.5844638,-0.02201,0.0088,-1.00797,0.00065,0.00579,-0.00071
1790822968.6108859,-0.02279,0.00821,-1.00788,0.00305,0.00554,0.00098
1790822968.6415591,-0.02178,0.00781,-1.00777,0.00121,0.00358,0.00547
1790822968.6665258,-0.02346,0.00687,-1.00838,0.00454,0.00518,0.0052
1790822968.683298,-0.02317,0.00873,-1.00688,0.00094,0.00467,0.00262
1790822968.709525,-0.02272,0.00791,-1.00804,0.00413,0.00314,0.00179
1790822968.721453,-0.02357,0.00776,-1.00749,0.00424,0.00754,0.00315
1790822968.740649,-0.02357,0.00776,-1.00749,0.00424,0.00754,0.00315
1790822968.7624588,-0.02304,0.00694,-1.00967,0.00041,0.00496,0.00324
1790822968.78286,-0.02373,0.00838,-1.00922,0.00137,0.00502,0.00488
1790822968.8112352,-0.02369,0.00912,-1.00835,0.00372,0.00554,0.00154
1790822968.8211122,-0.0252,0.00706,-1.00937,0.00267,0.00679,0.00291
1790822968.8455338,-0.02304,0.00701,-1.00819,0.00128,0.00437,0.00355
1790822968.876686,-0.023,0.00859,-1.00702,0.00324,0.00549,0.00102
1790822968.907531,-0.02558,0.00693,-1.00795,0.00038,0.00501,0.00458
1790822968.920298,-0.02433,0.009,-1.00765,0.00171,0.00402,0.00235
1790822968.944365,-0.0222,0.00877,-1.00715,0.00249,0.00458,0.00302
1790822968.9628348,-0.02236,0.00638,-1.00658,0.00245,0.00449,0.00065
1790822968.98291,-0.02321,0.00788,-1.0081,0.0001,0.0073,0.00416
1790822969.010278,-0.02417,0.01046,-1.00886,0.00239,0.00607,0.00236
1790822969.022107,-0.02442,0.00701,-1.00842,0.00151,0.0055,0.00332
1790822969.046798,-0.02291,0.0067,-1.00656,0.00158,0.00437,0.00183
1790822969.0636868,-0.02265,0.00977,-1.00801,0.00227,0.0045,0.00171
1790822969.081045,-0.02278,0.00874,-1.00702,0.00035,0.00634,0.0052
1790822969.111582,-0.02268,0.0071,-1.007,0.00019,0.00483,0.00331
1790822969.12372,-0.02431,0.00607,-1.00763,0.00185,0.004,0.0067
1790822969.1308439,-0.02431,0.00607,-1.00763,0.00185,0.004,0.0067
1790822969.160086,-0.02226,0.00697,-1.0069,0.00028,0.00571,0.00282
1790822969.18307,-0.0237,0.00681,-1.0091,0.00201,0.00441,0.0043
1790822969.212953,-0.0237,0.00681,-1.0091,0.00201,0.00441,0.0043
1790822969.2219808,-0.02309,0.00948,-1.00711,0.00408,0.0059,0.0023
1790822969.249641,-0.02489,0.00618,-1.00672,0.00518,0.00591,0.0057
1790822969.262177,-0.02332,0.00846,-1.00984,0.00127,0.00508,0.00048
1790822969.2827342,-0.02163,0.00814,-1.00892,0.00195,0.00806,0.00127
1790822969.314496,-0.02266,0.00759,-1.00651,0.00441,0.00251,0.00439
1790822969.323369,-0.0229,0.00815,-1.00757,0.00044,0.00395,0.00371
1790822969.349426,-0.02138,0.00937,-1.0071,0.00157,0.00678,0.00247
1790822969.362615,-0.02407,0.00648,-1.0069,0.00387,0.00649,0.00269
1790822969.382515,-0.02404,0.00895,-1.00796,0.00274,0.00467,0.00257
1790822969.400885,-0.0246,0.00805,-1.0067,0.00358,0.00388,0.00464
1790822969.421664,-0.02506,0.00622,-1.00805,0.00222,0.00803,0.0044
1790822969.4497979,-0.0229,0.00936,-1.00883,0.00387,0.00406,0.00129
1790822969.464053,-0.02228,0.01042,-1.00858,0.00123,0.00473,0.00239
1790822969.4847429,-0.02431,0.00696,-1.00812,0.0024,0.00714,0.00237
1790822969.502104,-0.02312,0.0086,-1.00682,-0.00041,0.00215,-0.00045
1790822969.522696,-0.02352,0.00862,-1.00925,0.00104,0.00385,0.0012
1790822969.554158,-0.02462,0.0059,-1.00873,6e-05,0.00537,0.00522
1790822969.5605671,-0.02209,0.00859,-1.00686,0.00039,0.0055,0.0013
1790822969.5863428,-0.02252,0.0083,-1.00633,0.00241,0.00417,0.00092
1790822969.615225,-0.02311,0.00815,-1.00693,0.00349,0.00746,0.00311
1790822969.625505,-0.02275,0.00793,-1.00889,0.00222,0.00285,0.00304
1790822969.651753,-0.02411,0.00699,-1.00858,-0.00119,0.00335,0.00199
1790822969.662349,-0.0227,0.00703,-1.00705,0.00099,0.00156,0.00559
1790822969.69012,-0.02247,0.0077,-1.00688,0.00307,0.00469,0.00263
1790822969.720547,-0.02322,0.00858,-1.00753,0.00418,0.00394,0.0035
1790822969.750935,-0.02385,0.00861,-1.00912,-0.00189,0.00617,0.00457
1790822969.7620559,-0.02385,0.00763,-1.01042,0.00257,0.00563,0.00232
1790822969.7856798,-0.02299,0.0066,-1.00813,0.00308,0.00497,0.00118
1790822969.795071,-0.02259,0.00675,-1.00662,0.00207,0.0057,0.00233
1790822969.821596,-0.02408,0.0066,-1.00745,0.00548,0.0065,0.00213
1790822969.8501818,-0.0247,0.00774,-1.00798,0.00165,0.0051,0.00162
1790822969.8623612,-0.02368,0.00892,-1.00715,0.00117,0.00569,0.00269
1790822969.899072,-0.02363,0.01059,-1.00735,0.00232,0.0026,0.00636
1790822969.902101,-0.01742,0.00882,-1.0083,-4e-05,0.00579,-0.00227
1790822969.920165,-0.0109,0.00747,-1.0082,-0.00217,0.00973,-0.00307
1790822969.9545689,-0.00598,0.01297,-1.00723,0.00328,0.00859,-0.00219
1790822969.964024,-0.00983,0.00271,-1.00692,0.01357,0.00588,0.01138
1790822969.9877,-0.0153,0.00859,-1.00754,0.00141,-0.00751,-0.00517
1790822970.020606,-0.0425,-0.00422,-1.00675,-0.00217,-0.00488,0.00168
1790822970.0563562,-0.06935,-0.00284,-1.00506,0.00094,0.01004,0.04147
1790822970.060166,-0.07121,-0.01725,-1.00804,0.0065,0.00897,0.0775
1790822970.09215,-0.06282,-0.0339,-1.00827,-0.00039,0.00795,0.09628
1790822970.100993,-0.05717,-0.04159,-1.00906,-0.00013,0.00074,0.12764
1790822970.1247869,-0.05544,0.00182,-1.00762,-0.00144,0.00101,0.13981
1790822970.155343,-0.03044,0.04661,-1.00997,0.00346,0.01258,0.11612
1790822970.162291,-0.01386,0.03674,-1.01012,-0.00081,0.04805,0.12199
1790822970.1913311,-0.03279,0.01284,-1.01047,-0.00301,0.06207,0.14513
1790822970.200552,-0.06802,0.00174,-1.01682,-0.01301,0.09579,0.18961
1790822970.226138,-0.12212,0.00526,-1.12172,-0.1427,0.13141,0.2885
1790822970.2376761,-0.13147,0.08345,-1.34591,-0.20092,0.14935,0.27239
1790822970.262261,-0.07419,0.10341,-1.55491,-0.16728,0.20911,0.23612
1790822970.28999,-0.03696,0.07716,-1.44772,-0.1501,0.30195,0.26655
1790822970.296601,-0.008,0.05492,-1.345,-0.06622,0.44112,0.296
1790822970.3223171,0.01311,0.03179,-1.30298,0.0654,0.57714,0.30936
1790822970.339564,0.01221,0.00051,-1.34118,0.10964,0.65016,0.34233
1790822970.362012,-0.01297,9e-05,-1.43923,0.10941,0.63354,0.41476
1790822970.39032,-0.05143,-0.01801,-1.54761,0.01928,0.5407,0.54632
1790822970.403842,-0.06397,-0.0485,-1.61496,-0.06071,0.36396,0.72038
1790822970.4214568,-0.06277,-0.05012,-1.60168,-0.18548,0.19231,0.92019
1790822970.439349,-0.03116,-0.01344,-1.54193,-0.27427,-0.00481,1.07192
1790822970.486018,0.01663,0.04242,-1.46337,-0.33117,-0.18655,1.14864
1790822970.494057,0.04539,0.07713,-1.37558,-0.36354,-0.33143,1.18638
1790822970.527797,0.06161,0.09219,-1.2852,-0.32666,-0.46086,1.21831
1790822970.555403,0.06425,0.10314,-1.20804,-0.27784,-0.56519,1.23808
1790822970.560975,0.07267,0.11262,-1.13462,-0.22017,-0.66713,1.23054
1790822970.594111,0.07163,0.10858,-0.9771,-0.01052,-0.76494,1.1596
1790822970.624651,0.06268,0.08861,-0.89876,0.13867,-0.77965,1.13597
1790822970.643358,0.04635,0.07807,-0.84463,0.28242,-0.76863,1.13407
1790822970.662724,0.02339,0.07472,-0.8179,0.39171,-0.74131,1.13662
1790822970.698258,0.00752,0.07435,-0.8066,0.47589,-0.7016,1.15406
1790822970.7279491,-0.01372,0.06657,-0.78104,0.63773,-0.60703,1.19787
1790822970.743065,-0.00169,0.06607,-0.75075,0.7288,-0.55657,1.18873
1790822970.7624269,0.00809,0.06179,-0.70114,0.79498,-0.47702,1.16905
1790822970.7959008,0.01068,0.04442,-0.65935,0.84432,-0.38705,1.1543
1790822970.800081,0.01181,0.02685,-0.64029,0.84418,-0.28149,1.1554
1790822970.828324,0.00309,0.01255,-0.62448,0.86483,-0.15975,1.14383
1790822970.843922,-0.00887,0.02298,-0.60244,0.84898,-0.01597,1.14896
1790822970.8659918,-0.00616,0.05679,-0.60483,0.82204,0.1397,1.14176
1790822970.8808079,-0.00461,0.03662,-0.62253,0.79069,0.41828,1.12201
1790822970.9016252,-0.0029,0.01391,-0.66818,0.74438,0.52514,1.1122
1790822970.92809,-0.00174,0.00141,-0.71063,0.64314,0.60604,1.11079
1790822970.946531,-0.00808,-0.01485,-0.74267,0.58819,0.6668,1.12169
1790822970.963392,-0.01469,-0.02617,-0.79018,0.57446,0.69631,1.1363
1790822970.9930182,-0.01972,-0.03115,-0.83083,0.57698,0.70989,1.15175
1790822971.002166,-0.02225,-0.03631,-0.87173,0.56171,0.70064,1.15676
1790822971.029045,-0.02482,-0.04353,-0.91258,0.53239,0.67751,1.14616
1790822971.044681,-0.02893,-0.05279,-0.94603,0.48415,0.64028,1.11575
1790822971.06452,-0.02973,-0.05986,-0.98429,0.41035,0.58514,1.07117
1790822971.081656,-0.02017,-0.06875,-1.02436,0.32158,0.52142,1.02593
1790822971.102956,-0.00617,-0.08169,-1.03946,0.20616,0.44985,0.98134
1790822971.144423,0.00593,-0.09137,-1.02313,0.0764,0.38871,0.94262
1790822971.153465,0.01181,-0.10312,-1.00433,-0.02787,0.33659,0.89539
1790822971.180863,0.00745,-0.12097,-1.00435,-0.07242,0.2829,0.83094
1790822971.205716,0.00226,-0.13035,-1.01256,-0.08853,0.22109,0.75621
1790822971.220999,-0.00424,-0.14085,-1.0274,-0.09182,0.16646,0.68636
1790822971.245019,-0.00953,-0.16114,-1.05227,-0.1142,0.10702,0.63508
1790822971.2566311,-0.02742,-0.18217,-1.04255,-0.13324,0.00477,0.58961
1790822971.28185,-0.03018,-0.19009,-1.01146,-0.10629,-0.04007,0.58219
1790822971.315155,-0.03008,-0.19877,-0.99443,-0.0657,-0.07422,0.57982
1790822971.3222752,-0.03102,-0.21177,-0.98994,-0.02946,-0.11415,0.58335
1790822971.3618162,-0.03289,-0.22886,-0.99509,0.00481,-0.15088,0.59785
1790822971.3808079,-0.03828,-0.24314,-1.0048,0.01189,-0.18348,0.61568
1790822971.416806,-0.04808,-0.25477,-1.00772,-0.00924,-0.21571,0.63218
1790822971.42369,-0.05765,-0.25898,-1.00287,-0.03386,-0.24196,0.63215
1790822971.4520068,-0.05446,-0.2623,-0.98359,-0.04566,-0.26671,0.61479
1790822971.461188,-0.04776,-0.25558,-0.93674,-0.01871,-0.30204,0.55041
1790822971.484689,-0.05094,-0.25083,-0.91481,0.03615,-0.31967,0.50827
1790822971.5022101,-0.05747,-0.24802,-0.89108,0.09575,-0.32942,0.47565
1790822971.526944,-0.06037,-0.24178,-0.87651,0.13997,-0.33676,0.45654
1790822971.5537229,-0.06051,-0.2381,-0.86327,0.19425,-0.33145,0.45732
1790822971.585469,-0.06387,-0.23581,-0.85318,0.24123,-0.32047,0.47792
1790822971.6013398,-0.06618,-0.22773,-0.84406,0.27609,-0.2912,0.51509
1790822971.62063,-0.06441,-0.22531,-0.83402,0.32981,-0.25333,0.56066
1790822971.652307,-0.06021,-0.22733,-0.83881,0.40578,-0.20771,0.59122
1790822971.665201,-0.04851,-0.21449,-0.88564,0.47354,-0.11136,0.61326
1790822971.6900659,-0.05152,-0.21766,-0.88536,0.45167,-0.04916,0.61711
1790822971.698741,-0.05551,-0.23917,-0.88449,0.37455,0.02009,0.64001
1790822971.72359,-0.04838,-0.26086,-0.87603,0.25894,0.09901,0.67375
1790822971.761409,-0.03066,-0.27003,-0.87148,0.13458,0.17443,0.69057
1790822971.7873359,-0.01539,-0.26968,-0.88031,0.02191,0.24171,0.68093
1790822971.803427,-0.01173,-0.26352,-0.89582,-0.08582,0.30094,0.65252
1790822971.8245492,-0.02507,-0.25644,-0.91476,-0.18038,0.35014,0.6228
1790822971.852936,-0.04964,-0.25698,-0.93648,-0.26838,0.39438,0.59869
1790822971.858615,-0.08443,-0.26681,-0.95206,-0.34919,0.43908,0.57866
1790822971.8895261,-0.12256,-0.28025,-0.96912,-0.4032,0.4893,0.57211
1790822971.9013271,-0.14621,-0.27953,-0.98942,-0.45554,0.54207,0.55656
1790822971.9222379,-0.16337,-0.2638,-1.00876,-0.48972,0.59496,0.52341
1790822971.956288,-0.20346,-0.26596,-1.05223,-0.59255,0.6483,0.50818
1790822971.961698,-0.32358,-0.30633,-1.22949,-0.79154,0.67638,0.45942
1790822971.986749,-0.30163,-0.23677,-1.2345,-0.75937,0.65615,0.30135
1790822972.002027,-0.23955,-0.15663,-1.17684,-0.71025,0.62219,0.08427
1790822972.019526,-0.1697,-0.11822,-1.0849,-0.62283,0.59177,-0.14238
1790822972.037416,-0.11849,-0.11711,-0.99802,-0.47094,0.56734,-0.35052
1790822972.062495,-0.08762,-0.13324,-0.95132,-0.30145,0.5308,-0.52764
1790822972.092266,-0.0744,-0.16384,-0.94006,-0.17247,0.48331,-0.64738
1790822972.100323,-0.06568,-0.19802,-0.93922,-0.09416,0.43083,-0.72334
1790822972.14559,-0.05975,-0.22155,-0.93635,-0.03439,0.37219,-0.78496
1790822972.16595,-0.04985,-0.22719,-0.93286,0.08845,0.25429,-0.93468
1790822972.181046,-0.03855,-0.22576,-0.928,0.13181,0.18915,-1.01625
1790822972.2058198,-0.02621,-0.22659,-0.91838,0.16163,0.13065,-1.09117
1790822972.22103,-0.01007,-0.22713,-0.9053,0.16627,0.07864,-1.14989
1790822972.245364,0.00567,-0.22345,-0.90278,0.15995,0.02225,-1.19292
1790822972.2692559,0.00968,-0.21989,-0.90312,0.16888,-0.02234,-1.21567
1790822972.28034,0.00332,-0.21521,-0.90352,0.19252,-0.07302,-1.24171
1790822972.311588,-0.00827,-0.20974,-0.91163,0.22954,-0.12749,-1.27833
1790822972.31972,-0.01636,-0.20565,-0.91172,0.27563,-0.17735,-1.32782
1790822972.350383,-0.01585,-0.20528,-0.91088,0.34036,-0.22998,-1.39178
1790822972.3819818,-0.01315,-0.21468,-0.92089,0.42976,-0.28422,-1.464
1790822972.412609,-0.01513,-0.23535,-0.94833,0.5219,-0.35516,-1.52286
1790822972.4185832,-0.02075,-0.25324,-0.9781,0.59603,-0.42959,-1.56776
1790822972.452736,-0.0312,-0.27244,-0.99288,0.64401,-0.50481,-1.59408
1790822972.4585652,-0.04566,-0.28575,-0.99527,0.66934,-0.5718,-1.60087
1790822972.482933,-0.06115,-0.29182,-0.9871,0.68061,-0.63209,-1.58979
1790822972.50451,-0.07604,-0.28856,-0.98143,0.67511,-0.68605,-1.57655
1790822972.520871,-0.09443,-0.27613,-0.9923,0.65308,-0.73509,-1.5767
1790822972.545713,-0.11918,-0.25707,-1.00757,0.62887,-0.77847,-1.59453
1790822972.55919,-0.14955,-0.24618,-1.02212,0.58112,-0.81655,-1.6278
1790822972.5829551,-0.18393,-0.24096,-1.04765,0.49609,-0.85333,-1.66204
1790822972.616388,-0.24943,-0.22566,-1.0543,0.22966,-0.95819,-1.7872
1790822972.653095,-0.25207,-0.22725,-1.02776,0.20061,-0.98421,-1.83911
1790822972.6614091,-0.24266,-0.23035,-0.99119,0.15161,-1.00621,-1.88256
1790822972.6887329,-0.24266,-0.23035,-0.99119,0.15161,-1.00621,-1.88256
1790822972.701916,-0.2147,-0.26242,-0.90944,0.00923,-0.99807,-1.86735
1790822972.720437,-0.21819,-0.26742,-0.89114,-0.06164,-0.98548,-1.83702
1790822972.760793,-0.23095,-0.27321,-0.89204,-0.11222,-0.96274,-1.82283
1790822972.790991,-0.2412,-0.27387,-0.8943,-0.15008,-0.94309,-1.84939
1790822972.801148,-0.24105,-0.26577,-0.88097,-0.16786,-0.91012,-1.93061
1790822972.822576,-0.23393,-0.2653,-0.86593,-0.18466,-0.86941,-2.04529
1790822972.854164,-0.22425,-0.28826,-0.8627,-0.19883,-0.826,-2.16386
1790822972.860362,-0.21984,-0.33994,-0.87111,-0.24036,-0.77282,-2.24585
1790822972.888035,-0.22541,-0.39666,-0.88977,-0.30573,-0.71696,-2.28646
1790822972.901398,-0.23928,-0.43924,-0.91609,-0.39545,-0.65693,-2.28997
1790822972.9273238,-0.25064,-0.46546,-0.93615,-0.487,-0.60312,-2.26137
1790822972.955223,-0.25354,-0.46617,-0.94072,-0.57971,-0.54718,-2.23148
1790822972.961906,-0.23309,-0.42542,-0.91787,-0.66341,-0.45006,-2.24119
1790822972.9869041,-0.23309,-0.42542,-0.91787,-0.66341,-0.45006,-2.24119
1790822973.0000582,-0.18001,-0.35375,-0.87479,-0.68448,-0.39301,-2.34415
1790822973.02911,-0.14909,-0.32156,-0.85257,-0.68138,-0.3811,-2.4023
1790822973.05407,-0.12674,-0.30371,-0.8382,-0.66761,-0.37768,-2.45545
1790822973.060853,-0.12674,-0.30371,-0.8382,-0.66761,-0.37768,-2.45545
1790822973.0884979,-0.10973,-0.30379,-0.87061,-0.65188,-0.40425,-2.50366
1790822973.108237,-0.11397,-0.30099,-0.88544,-0.6661,-0.42761,-2.50761
1790822973.128035,-0.11741,-0.29338,-0.8965,-0.68783,-0.45749,-2.50008
1790822973.154557,-0.11783,-0.2825,-0.8966,-0.72152,-0.48732,-2.4793
1790822973.161696,-0.11428,-0.26654,-0.89037,-0.78985,-0.52198,-2.43273
1790822973.187166,-0.11516,-0.24852,-0.883,-0.86295,-0.55087,-2.37152
1790822973.2031438,-0.12534,-0.23035,-0.8795,-0.91678,-0.58163,-2.32435
1790822973.224691,-0.14145,-0.20286,-0.86435,-0.93647,-0.59633,-2.29435
1790822973.262233,-0.14653,-0.16734,-0.83197,-0.94762,-0.60848,-2.28891
1790822973.289448,-0.13342,-0.13829,-0.78951,-0.95837,-0.60555,-2.28161
1790822973.30047,-0.14021,-0.13164,-0.7447,-0.97256,-0.55535,-2.21379
1790822973.323175,-0.16237,-0.12105,-0.72505,-0.972,-0.50422,-2.1063
1790822973.3581839,-0.15658,-0.03223,-0.68048,-0.82212,-0.40074,-1.92165
1790822973.364253,-0.15173,0.00761,-0.65294,-0.66802,-0.34847,-1.86194
1790822973.390971,-0.15173,0.00761,-0.65294,-0.66802,-0.34847,-1.86194
1790822973.408556,-0.17275,0.01986,-0.6544,-0.28022,-0.25354,-1.77642
1790822973.42952,-0.17599,0.01311,-0.632,-0.09092,-0.21764,-1.71308
1790822973.442084,-0.1681,0.01468,-0.58383,0.052,-0.162,-1.64353
1790822973.465278,-0.15686,0.01361,-0.52991,0.1513,-0.10767,-1.55249
1790822973.478213,-0.15572,-0.00752,-0.49928,0.24634,-0.04481,-1.45518
1790822973.5056992,-0.16625,-0.03178,-0.52229,0.27705,0.00517,-1.35914
1790822973.5171242,-0.18036,-0.02819,-0.58003,0.29109,0.04074,-1.27034
1790822973.5424151,-0.20662,-0.02832,-0.65188,0.28728,0.06384,-1.18889
1790822973.568448,-0.23806,-0.04416,-0.7418,0.27613,0.06961,-1.10572
1790822973.6106482,-0.26186,-0.06984,-0.81861,0.25861,0.06704,-1.01837
1790822973.64188,-0.29666,-0.14912,-0.97703,0.28781,0.05123,-0.77331
1790822973.675605,-0.3025,-0.17438,-1.09457,0.25941,0.02031,-0.42469
1790822973.677739,-0.3005,-0.15609,-1.14116,0.12791,0.00301,-0.23171
1790822973.712289,-0.28472,-0.13887,-1.15782,0.03292,-0.01574,-0.06651
1790822973.7285151,-0.2419,-0.11019,-1.15668,-0.00509,-0.02886,0.04386
1790822973.761119,-0.1955,-0.07827,-1.18706,-0.02626,-0.05349,0.09908
1790822973.780159,-0.17747,-0.04182,-1.23536,-0.0856,-0.07756,0.09557
1790822973.819157,-0.18441,-0.01981,-1.25358,-0.15074,-0.07927,0.07131
1790822973.8218298,-0.18439,-0.01536,-1.26925,-0.21031,-0.06739,0.04474
1790822973.8524091,-0.1679,-0.02363,-1.30989,-0.24103,-0.05311,0.02646
1790822973.8610911,-0.15065,-0.03287,-1.33852,-0.24335,-0.01526,-0.0088
1790822973.885798,-0.14902,-0.02824,-1.35943,-0.2676,0.03707,-0.08553
1790822973.9054039,-0.1782,-0.04984,-1.40568,-0.40035,0.18353,-0.26809
1790822973.922739,-0.17139,-0.06219,-1.37828,-0.4449,0.26632,-0.35934
1790822973.953588,-0.14513,-0.05391,-1.33587,-0.51919,0.34822,-0.46643
1790822973.992022,-0.11782,-0.03949,-1.31662,-0.61524,0.4072,-0.56389
1790822974.0041542,-0.11001,-0.04817,-1.31101,-0.65701,0.44194,-0.62814
1790822974.026905,-0.09681,-0.0808,-1.28907,-0.71292,0.42493,-0.66066
1790822974.04639,-0.07869,-0.10906,-1.26699,-0.70852,0.38874,-0.60855
1790822974.065579,-0.07931,-0.13084,-1.25798,-0.67297,0.34001,-0.5351
1790822974.104325,-0.09473,-0.12986,-1.24425,-0.56826,0.2755,-0.46898
1790822974.130411,-0.10898,-0.1115,-1.22154,-0.41413,0.19438,-0.40548
1790822974.144043,-0.10429,-0.07825,-1.19691,-0.24385,0.09546,-0.35711
1790822974.1668842,-0.08511,-0.04202,-1.17048,-0.08855,-0.02211,-0.32506
1790822974.181422,-0.08937,-0.03211,-1.12107,-0.0116,0.12223,-0.24172
1790822974.202545,-0.04627,-0.02168,-1.10857,0.08568,0.35179,-0.09998
1790822974.2360032,-0.04196,-0.01177,-0.99681,0.07469,0.36406,-0.04979
1790822974.248258,-0.09582,-0.04907,-1.02669,0.13745,0.22206,0.10353
1790822974.266761,-0.05351,-0.02478,-0.99437,0.14763,0.25143,0.1524
1790822974.291692,-0.04929,-0.0235,-0.89556,0.16352,0.33137,0.16235
1790822974.30729,-0.04234,-0.03832,-0.84623,0.2718,0.4704,0.15523
1790822974.332,-0.06732,-0.07206,-1.30341,-0.0824,0.24021,0.25263
1790822974.346016,-0.08741,0.00016,-1.31114,-0.12662,0.05128,0.17676
1790822974.366026,-0.02885,-0.06554,-0.99025,0.13828,-0.03634,0.23306
1790822974.403272,0.01159,-0.01127,-0.99357,0.1768,-0.07872,0.16068
1790822974.4307148,0.02359,0.08,-1.01709,0.14039,-0.09816,0.04133
1790822974.466526,0.03695,0.05465,-0.95343,0.01929,0.01903,-0.03557
1790822974.472476,0.00971,0.01345,-0.98946,-0.01299,0.00838,-0.12215
1790822974.5058692,-0.02933,-0.03937,-0.99596,-0.11283,0.03235,-0.10102
1790822974.532107,-0.04427,-0.05583,-0.99929,-0.13996,0.06949,-0.07865
1790822974.541277,-0.03858,-0.03878,-0.98493,-0.20506,0.08738,-0.09144
1790822974.567005,-0.04661,-0.04066,-0.98358,-0.26589,0.1176,-0.07144
1790822974.5791192,-0.02079,-0.05295,-0.98813,-0.27716,0.18133,-0.06856
1790822974.605299,-0.03706,-0.02696,-1.0303,-0.16312,0.09281,-0.02244
1790822974.634283,-0.04517,-0.02434,-1.04513,0.06827,-0.02104,0.02721
1790822974.6425312,-0.03112,-0.00303,-1.05034,0.2007,-0.09234,0.03948
1790822974.670491,-0.03144,-0.01356,-1.04775,0.32702,-0.14957,0.07045
1790822974.677139,-0.03718,-0.04058,-1.02501,0.40424,-0.17193,0.10416
1790822974.7060091,-0.02481,-0.05624,-1.00629,0.44013,-0.17733,0.14627
1790822974.735287,0.01745,-0.03139,-0.99146,0.26468,-0.11121,0.11248
1790822974.770545,0.06297,0.04514,-0.95061,0.05026,-0.00918,-0.03301
1790822974.782749,0.07044,0.02292,-0.9502,-0.07518,0.02906,-0.13176
1790822974.806303,-0.01388,-0.04517,-1.02109,-0.07639,0.00972,-0.08737
1790822974.838986,-0.06699,-0.0678,-1.0195,-0.04393,0.01685,-0.02272
1790822974.843031,-0.07377,-0.08232,-1.0396,0.22441,-0.10025,0.10225
1790822974.87167,-0.05109,-0.03253,-1.03898,0.29987,-0.1342,0.07713
1790822974.88521,-0.05109,-0.03253,-1.03898,0.29987,-0.1342,0.07713
1790822974.906521,0.01367,0.04554,-1.02452,0.36427,-0.1961,-0.10486
1790822974.922836,-0.00508,-0.02222,-1.00239,0.40826,-0.19989,-0.12486
1790822974.9427001,0.0007,-0.08756,-0.94724,0.28408,-0.00443,-0.04698
1790822974.971491,-0.01464,-0.14108,-0.9585,-0.01456,-0.08655,0.02422
1790822974.9846568,-0.05132,-0.19138,-0.95472,-0.13031,0.04961,0.09196
1790822975.008273,-0.05023,-0.16696,-0.97563,-0.19146,0.10014,0.15629
1790822975.022914,-0.06501,-0.11611,-0.9738,-0.26013,0.15497,0.16984
1790822975.073462,-0.11879,-0.08656,-0.98248,-0.3083,0.17894,0.19322
1790822975.0837162,-0.11577,-0.08349,-0.98845,-0.31139,0.17845,0.20831
1790822975.1083698,-0.08164,-0.05058,-1.00829,-0.30081,0.16782,0.17206
1790822975.1221251,-0.07281,0.01023,-1.02681,-0.23884,0.12498,0.09137
1790822975.144275,-0.03005,0.01969,-1.04209,-0.14349,0.08158,0.01698
1790822975.161071,-0.00602,-0.02678,-1.01612,-0.12004,0.05322,0.01474
1790822975.1831412,-0.03056,-0.05026,-1.0159,-0.10299,0.05855,0.03342
1790822975.214299,-0.05611,-0.0605,-1.00158,-0.1055,0.06808,0.05072
1790822975.2234209,-0.0534,-0.05087,-1.00575,-0.13438,0.0812,0.0497
1790822975.246933,-0.0534,-0.05087,-1.00575,-0.13438,0.0812,0.0497
1790822975.291121,-0.01482,0.00549,-1.01194,-0.15555,0.08161,0.00597
1790822975.293983,0.0011,0.01585,-1.01389,-0.14661,0.06968,-0.01675
1790822975.3112829,0.00548,-0.02244,-1.01296,-0.1151,0.06362,0.01305
1790822975.3227048,-0.00813,-0.05853,-1.01948,-0.07751,0.0459,0.05642
1790822975.348759,-0.01799,-0.05751,-1.01302,-0.06446,0.03732,0.10585
1790822975.3649569,-0.01784,-0.04408,-1.00979,-0.04615,0.03769,0.13931
1790822975.383606,-0.02058,-0.02599,-1.0042,-0.06588,0.0402,0.15676
1790822975.4143739,-0.02004,-0.01116,-0.99766,-0.10342,0.05661,0.15092
1790822975.421748,-0.01372,0.01852,-1.00215,-0.12042,0.0684,0.11557
1790822975.448073,-0.00137,0.03456,-1.00418,-0.13496,0.07354,0.07602
1790822975.461678,0.00036,0.0141,-1.01043,-0.11961,0.06595,0.05741
1790822975.511198,-0.00331,0.00015,-1.01338,-0.10705,0.05848,0.04057
1790822975.522431,-0.00501,0.01139,-1.01798,-0.07902,0.04454,0.01791
1790822975.54768,-0.00331,0.03062,-1.02642,-0.01985,0.01393,-0.02155
1790822975.561352,-0.00442,0.03787,-1.02219,0.01284,-0.00285,-0.0397
1790822975.581038,-0.01234,0.02406,-1.01299,0.04072,-0.01459,-0.04655
1790822975.614645,-0.01438,0.00025,-1.00891,0.0441,-0.0066,-0.03343
1790822975.6208792,-0.00915,-0.0283,-0.99546,-0.00833,0.01384,0.00766
1790822975.648332,-0.00198,-0.04305,-0.99235,-0.05453,0.03601,0.0499
1790822975.660841,0.00028,-0.03335,-1.00638,-0.0494,0.02906,0.07191
1790822975.681159,0.00439,-0.00167,-1.02371,-0.00743,0.01107,0.06888
1790822975.718264,0.00359,0.01329,-1.00938,-0.00341,0.01164,0.05977
1790822975.723422,0.0098,0.02445,-1.01081,-0.00053,-0.00724,0.0222
1790822975.751242,-0.01839,-0.02202,-1.00389,0.00585,0.00237,0.03363
1790822975.767183,0.01082,0.00031,-1.00602,-0.00424,0.00547,0.0099
1790822975.78803,0.02564,0.01067,-1.008,-0.0015,0.00594,-0.00848
1790822975.821013,0.01395,0.00894,-1.00833,-0.00187,0.00248,-0.00983
1790822975.83552,-0.00461,-0.00392,-1.00815,-0.00087,0.00113,0.00816
1790822975.8613389,-0.02476,-0.01695,-1.00771,-0.00364,0.00572,0.02266
1790822975.887943,-0.02832,0.00971,-1.00687,-0.00298,0.00264,0.00165
1790822975.903935,-0.01765,0.02394,-1.00676,-0.00066,-0.00033,-0.01356
1790822975.922859,-0.01747,-0.00065,-1.008,-0.00024,-0.0004,-0.0069
1790822975.95567,-0.0233,-0.00369,-1.00641,-0.00284,-0.00131,-0.00314
1790822975.962187,-0.03481,0.00648,-1.00729,-0.00317,-0.00382,-0.0039
1790822975.987256,-0.03755,0.01032,-1.00797,0.0009,0.00535,-0.00427
1790822976.0167592,-0.02449,-0.00924,-1.00754,0.00306,0.00239,0.00401
1790822976.021599,0.00128,0.00859,-1.00712,0.00419,0.01049,-0.00045
1790822976.056106,-0.00654,0.00499,-1.0077,-0.00025,0.00661,0.00634
1790822976.06201,-0.00943,-0.01054,-1.00553,-0.00309,0.01385,0.01557
1790822976.087411,-0.00751,0.00639,-1.00583,-0.01495,0.00966,0.00277
1790822976.1042519,-0.0009,0.01488,-1.00958,-0.00216,0.00807,-0.00687
1790822976.1256452,0.00353,-0.00126,-1.01094,-0.00073,0.00729,0.00567
1790822976.157218,0.00794,-0.00032,-1.00858,-0.00288,0.00974,0.00649
1790822976.161856,0.01039,0.00413,-1.00615,-0.00122,0.00769,0.00562
1790822976.187878,-0.0054,0.00973,-1.00694,-0.00164,0.00699,0.00465
1790822976.203646,-0.0344,0.01195,-1.00697,0.00036,0.01088,-0.00635
1790822976.22317,-0.02876,0.00301,-1.00557,-0.00728,0.01027,-0.00919
1790822976.261844,-0.01088,0.00261,-1.00833,-0.00512,0.00431,-0.00626
1790822976.291913,-0.00999,0.002,-1.01038,0.00272,0.00299,0.00805
1790822976.3035579,-0.01877,0.00298,-1.00713,0.00247,0.00728,0.00347
1790822976.3255901,-0.01949,0.00362,-1.00564,0.00225,0.0058,0.00364
1790822976.347847,-0.00531,0.00336,-1.00978,-0.00036,0.00816,0.00455
1790822976.361991,0.00845,0.0078,-1.00754,-0.00063,0.0027,0.00786
1790822976.3936582,0.00272,0.0098,-1.00663,0.00027,0.00635,0.00403
1790822976.4054909,-0.00218,0.00352,-1.00905,0.00096,0.00624,0.00512
1790822976.42803,-0.00319,0.00281,-1.00835,0.00239,0.0052,0.00237
1790822976.44008,-0.00364,0.00838,-1.00752,0.00353,0.00605,-0.00155
1790822976.4624588,-0.0075,0.00543,-1.00839,0.00313,0.00498,0.00067
1790822976.491271,-0.01315,0.00264,-1.00784,-0.00112,0.00434,0.00555
1790822976.505837,-0.01565,0.00283,-1.00805,0.00169,0.00451,0.00567
1790822976.532041,-0.01366,0.00398,-1.00711,0.00183,0.00465,0.00726
1790822976.546358,-0.0088,0.00611,-1.0085,-0.00257,0.00459,-9e-05
1790822976.565763,-0.00273,0.01003,-1.0066,0.00214,0.00433,-0.00268
1790822976.6832378,-0.00862,0.01071,-1.00886,0.00423,0.00642,-0.00016
1790822976.721698,-0.02599,0.00182,-1.00686,0.00025,0.00607,0.00762
1790822976.738431,-0.02599,0.00182,-1.00686,0.00025,0.00607,0.00762
1790822976.765928,-0.01912,0.00517,-1.00674,-0.00043,0.00625,0.00605
1790822976.7813709,-0.00612,0.01295,-1.00899,0.00079,0.00573,-0.00383
1790822976.8067682,0.00038,0.00468,-1.00823,0.00359,0.00527,0.00176
1790822976.8238971,0.0022,8e-05,-1.0082,-0.0028,0.00833,0.00531
1790822976.841258,0.00062,0.006,-1.00811,0.00212,0.00751,0.00396
1790822976.882318,-0.00199,0.00635,-1.00611,0.00297,0.00437,0.00641
1790822976.904145,-0.00184,0.00762,-1.01025,0.002,0.00377,-0.0001
1790822976.9225621,-0.00264,0.00408,-1.00887,0.00266,0.00553,0.00229
1790822976.942535,-0.00821,0.00081,-1.00828,0.00268,0.00707,0.00462
1790822976.961618,-0.01049,0.00228,-1.00724,-0.00178,0.00534,0.00622
1790822976.98261,-0.01033,0.00668,-1.00815,0.00388,0.00608,0.00248
1790822977.022913,-0.0075,0.00551,-1.00861,0.00074,0.00553,-0.00189
1790822977.041823,-0.00407,0.00274,-1.00757,0.00132,0.00391,0.00372
1790822977.061513,-0.00421,0.001,-1.00749,0.00113,0.0054,0.00732
1790822977.081951,-0.0071,0.00365,-1.00871,-0.00024,0.00746,0.00818
1790822977.1028302,-0.01115,0.00856,-1.0055,-0.0025,0.00629,0.00583
1790822977.123384,-0.01115,0.00856,-1.0055,-0.0025,0.00629,0.00583
1790822977.148117,-0.00486,0.00866,-1.00766,-0.00141,0.00214,-0.00096
1790822977.165954,-0.00345,0.00084,-1.00771,0.00356,0.00347,0.00143
1790822977.182883,-0.01425,0.00085,-1.00926,-0.00032,0.00815,0.00509
1790822977.203799,-0.02469,0.0014,-1.00852,0.00608,0.00439,0.00909
1790822977.223209,-0.0244,0.00648,-1.00766,0.00349,0.00386,0.00326
1790822977.2652092,-0.01787,0.00676,-1.00648,0.00498,0.00306,0.00294
1790822977.282939,-0.01124,0.00679,-1.00921,0.00485,0.00442,-0.00339
1790822977.303226,-0.00832,0.00398,-1.01105,0.00228,0.00648,0.00178
1790822977.324064,-0.00694,0.00162,-1.00989,0.00103,0.006,0.00367
1790822977.335739,0.00059,0.0041,-1.00808,0.00304,0.00421,-0.00078
