unix_timestamp,tof1
1790616395.80529,2694,0,0,0
1790616395.862412,2707,0,0,0
1790616395.9072242,2715,0,0,0
1790616395.962333,2716,0,0,0
1790616396.019923,2711,0,0,0
1790616396.0801148,2718,0,0,0
1790616396.11982,2712,0,0,0
1790616396.236623,2722,0,0,0
1790616396.241803,2712,0,0,0
1790616396.372463,2716,0,0,0
1790616396.37599,2716,0,0,0
1790616396.377804,2724,0,0,0
1790616396.624174,2719,0,0,0
1790616396.62694,2721,0,0,0
1790616396.633893,2717,0,0,0
1790616396.724253,2719,0,0,0
1790616396.741984,2722,0,0,0
1790616396.852534,2713,0,0,0
1790616396.854434,2714,0,0,0
1790616397.0469508,2711,0,0,0
1790616397.135272,2709,0,0,0
1790616397.1970408,2710,0,0,0
1790616397.2013361,2722,0,0,0
1790616397.222798,2705,0,0,0
1790616397.3753831,2714,0,0,0
1790616397.377773,2712,0,0,0
1790616397.382028,2712,0,0,0
1790616397.530331,2713,0,0,0
1790616397.532811,2719,0,0,0
1790616397.540993,2715,0,0,0
1790616397.709471,2720,0,0,0
1790616397.710786,2714,0,0,0
1790616397.713078,2715,0,0,0
1790616397.882061,2707,0,0,0
1790616397.888833,2716,0,0,0
1790616397.900382,2718,0,0,0
1790616398.0185978,2718,0,0,0
1790616398.0297978,2718,0,0,0
1790616398.105334,2719,0,0,0
1790616398.122443,2710,0,0,0
1790616398.288089,2718,0,0,0
1790616398.288906,2718,0,0,0
1790616398.298178,2714,0,0,0
1790616398.4594188,2713,0,0,0
1790616398.4649332,2716,0,0,0
1790616398.465488,2720,0,0,0
1790616398.480889,2718,0,0,0
1790616398.5875452,2717,0,0,0
1790616398.601942,2725,0,0,0
1790616398.762284,2718,0,0,0
1790616398.7711701,2718,0,0,0
1790616398.7721632,2715,0,0,0
1790616398.801995,2716,0,0,0
1790616398.944905,2718,0,0,0
1790616398.950973,2711,0,0,0
1790616399.023754,2713,0,0,0
1790616399.062284,2724,0,0,0
1790616399.1251352,2715,0,0,0
1790616399.181655,2717,0,0,0
1790616399.241097,2713,0,0,0
1790616399.300996,2716,0,0,0
1790616399.360849,2719,0,0,0
1790616399.4008992,2725,0,0,0
1790616399.46085,2716,0,0,0
1790616399.522666,2713,0,0,0
1790616399.56126,2723,0,0,0
1790616399.622512,2719,0,0,0
1790616399.680778,2716,0,0,0
1790616399.721892,2722,0,0,0
1790616399.780882,2718,0,0,0
1790616399.841195,2711,0,0,0
1790616399.900838,2723,0,0,0
1790616399.9409091,2721,0,0,0
1790616400.000932,2716,0,0,0
1790616400.0609121,2719,0,0,0
1790616400.100877,2720,0,0,0
1790616400.161891,2711,0,0,0
1790616400.221011,2712,0,0,0
1790616400.261107,2714,0,0,0
1790616400.3214889,2722,0,0,0
1790616400.380995,2722,0,0,0
1790616400.4410188,2716,0,0,0
1790616400.481611,2720,0,0,0
1790616400.541517,2720,0,0,0
1790616400.6008792,2719,0,0,0
1790616400.6414819,2715,0,0,0
1790616400.700785,2714,0,0,0
1790616400.7617002,2711,0,0,0
1790616400.820747,2721,0,0,0
1790616400.880863,2725,0,0,0
1790616400.922702,2713,0,0,0
1790616400.981631,2717,0,0,0
1790616401.0409532,2720,0,0,0
1790616401.081162,2719,0,0,0
1790616401.1422348,2712,0,0,0
1790616401.200943,2720,0,0,0
1790616401.24125,2715,0,0,0
1790616401.300997,2713,0,0,0
1790616401.361205,2713,0,0,0
1790616401.40105,2714,0,0,0
1790616401.460823,2714,0,0,0
1790616401.5010188,2710,0,0,0
1790616401.561017,2713,0,0,0
1790616401.620901,2718,0,0,0
1790616401.681024,2713,0,0,0
1790616401.7212758,2707,0,0,0
1790616401.781373,2714,0,0,0
1790616401.821019,2719,0,0,0
1790616401.8837671,2715,0,0,0
1790616401.941239,2714,0,0,0
1790616401.983862,2713,0,0,0
1790616402.041019,2710,0,0,0
1790616402.100841,2723,0,0,0
1790616402.1411111,2723,0,0,0
1790616402.2008011,2711,0,0,0
1790616402.241366,2706,0,0,0
1790616402.301196,2716,0,0,0
1790616402.361569,2716,0,0,0
1790616402.4009778,2719,0,0,0
1790616402.46119,2717,0,0,0
1790616402.520937,2713,0,0,0
1790616402.5617971,2719,0,0,0
1790616402.621419,2709,0,0,0
1790616402.660987,2712,0,0,0
1790616402.7223198,2720,0,0,0
1790616402.7831612,2716,0,0,0
1790616402.820755,2721,0,0,0
1790616402.884164,2717,0,0,0
1790616402.920893,2719,0,0,0
1790616402.9821281,2722,0,0,0
1790616403.024101,2721,0,0,0
1790616403.082096,2717,0,0,0
1790616403.141196,2720,0,0,0
1790616403.1839411,2717,0,0,0
1790616403.24117,2714,0,0,0
1790616403.283487,2722,0,0,0
1790616403.3411179,2722,0,0,0
1790616403.400954,2707,0,0,0
1790616403.440855,2720,0,0,0
1790616403.501104,2713,0,0,0
1790616403.540991,2722,0,0,0
1790616403.600736,2720,0,0,0
1790616403.660955,2719,0,0,0
1790616403.7011352,2726,0,0,0
1790616403.760905,2724,0,0,0
1790616403.821151,2720,0,0,0
1790616403.861175,2713,0,0,0
1790616403.922739,2715,0,0,0
1790616403.960784,2715,0,0,0
1790616404.020843,2723,0,0,0
1790616404.061137,2713,0,0,0
1790616404.121377,2723,0,0,0
1790616404.1609228,2719,0,0,0
1790616404.2209349,2724,0,0,0
1790616404.261019,2719,0,0,0
1790616404.3215601,2716,0,0,0
1790616404.382174,2721,0,0,0
1790616404.423022,2717,0,0,0
1790616404.4819882,2722,0,0,0
1790616404.523032,2718,0,0,0
1790616404.6009028,2727,0,0,0
1790616404.640945,2720,0,0,0
1790616404.701547,2716,0,0,0
1790616404.74105,2718,0,0,0
1790616404.801588,2720,0,0,0
1790616404.840866,2720,0,0,0
1790616404.900865,2719,0,0,0
1790616404.960671,2719,0,0,0
1790616405.001015,2725,0,0,0
1790616405.060711,2719,0,0,0
1790616405.10111,2716,0,0,0
1790616405.160925,2724,0,0,0
1790616405.200795,2720,0,0,0
1790616405.260994,2716,0,0,0
1790616405.3207219,2720,0,0,0
1790616405.3608918,2724,0,0,0
1790616405.421282,2719,0,0,0
1790616405.481436,2713,0,0,0
1790616405.520905,2718,0,0,0
1790616405.5806808,2718,0,0,0
1790616405.6210198,2726,0,0,0
1790616405.681689,2714,0,0,0
1790616405.720912,2711,0,0,0
1790616405.785342,2724,0,0,0
1790616405.820949,2723,0,0,0
1790616405.900745,2721,0,0,0
1790616405.940715,2719,0,0,0
1790616406.001164,2722,0,0,0
1790616406.043513,2717,0,0,0
1790616406.1009002,2728,0,0,0
1790616406.140765,2720,0,0,0
1790616406.201003,2725,0,0,0
1790616406.241002,2721,0,0,0
1790616406.301325,2719,0,0,0
1790616406.3608692,2724,0,0,0
1790616406.4009202,2718,0,0,0
1790616406.460765,2716,0,0,0
1790616406.5011299,2713,0,0,0
1790616406.5614772,2706,0,0,0
1790616406.601204,1373,0,0,0
1790616406.660876,606,0,0,0
1790616406.720945,398,0,0,0
1790616406.760736,310,0,0,0
1790616406.820655,312,0,0,0
1790616406.8815439,393,0,0,0
1790616406.923754,554,0,0,0
1790616406.98235,2020,0,0,0
1790616407.0409632,2096,0,0,0
1790616407.081175,2099,0,0,0
1790616407.1411252,2106,0,0,0
1790616407.200757,2100,0,0,0
1790616407.243506,2101,0,0,0
1790616407.3011231,2099,0,0,0
1790616407.3613818,2099,0,0,0
1790616407.4008021,2100,0,0,0
1790616407.4608588,2098,0,0,0
1790616407.500897,2100,0,0,0
1790616407.561488,2105,0,0,0
1790616407.620851,2105,0,0,0
1790616407.683584,2096,0,0,0
1790616407.7211552,1426,0,0,0
1790616407.7828422,689,0,0,0
1790616407.841156,478,0,0,0
1790616407.882029,378,0,0,0
1790616407.94078,332,0,0,0
1790616407.981687,467,0,0,0
1790616408.0409741,2043,0,0,0
1790616408.102197,1514,0,0,0
1790616408.160786,1662,0,0,0
1790616408.2010849,1640,0,0,0
1790616408.260752,1662,0,0,0
1790616408.320787,1653,0,0,0
1790616408.360965,1658,0,0,0
1790616408.420811,1643,0,0,0
1790616408.460997,1656,0,0,0
1790616408.520855,1646,0,0,0
1790616408.580689,1658,0,0,0
1790616408.6209438,1659,0,0,0
1790616408.680877,1667,0,0,0
1790616408.720891,1665,0,0,0
1790616408.781833,1570,0,0,0
1790616408.841342,1880,0,0,0
1790616408.881223,1504,0,0,0
1790616408.940827,1012,0,0,0
1790616408.980652,348,0,0,0
1790616409.0444312,359,0,0,0
1790616409.08307,439,0,0,0
1790616409.1428092,439,0,0,0
1790616409.199445,1134,0,0,0
1790616409.2419379,2077,0,0,0
1790616409.29861,1439,0,0,0
1790616409.361782,618,0,0,0
1790616409.402281,421,0,0,0
1790616409.461867,337,0,0,0
1790616409.521655,282,0,0,0
1790616409.562929,368,0,0,0
1790616409.6217332,523,0,0,0
1790616409.6633291,909,0,0,0
1790616409.721745,2586,0,0,0
1790616409.76271,2687,0,0,0
1790616409.82181,1224,0,0,0
1790616409.881688,738,0,0,0
1790616409.921851,509,0,0,0
1790616409.981764,404,0,0,0
1790616410.022867,334,0,0,0
1790616410.0816488,280,0,0,0
1790616410.141812,257,0,0,0
1790616410.182513,206,0,0,0
1790616410.242173,181,0,0,0
1790616410.304269,176,0,0,0
1790616410.352831,183,0,0,0
1790616410.404141,181,0,0,0
1790616410.462219,181,0,0,0
1790616410.50852,179,0,0,0
1790616410.563466,179,0,0,0
1790616410.623605,179,0,0,0
1790616410.662765,178,0,0,0
1790616410.705029,177,0,0,0
1790616410.7630012,177,0,0,0
1790616410.823649,178,0,0,0
1790616410.879039,177,0,0,0
1790616410.943407,181,0,0,0
1790616411.059695,204,0,0,0
1790616411.0639071,335,0,0,0
1790616411.1727061,381,0,0,0
1790616411.176681,505,0,0,0
1790616411.261228,781,0,0,0
1790616411.3970392,1709,0,0,0
1790616411.399302,2719,0,0,0
1790616411.40142,2717,0,0,0
1790616411.5742369,2714,0,0,0
1790616411.5765262,2721,0,0,0
1790616411.583054,2714,0,0,0
1790616411.6969368,2714,0,0,0
1790616411.701199,2711,0,0,0
1790616411.8748531,2715,0,0,0
1790616411.878529,2722,0,0,0
1790616411.8801222,2717,0,0,0
1790616411.910065,2719,0,0,0
1790616412.0497432,2713,0,0,0
1790616412.064862,2714,0,0,0
1790616412.218875,2718,0,0,0
1790616412.222346,2717,0,0,0
1790616412.2265851,2717,0,0,0
1790616412.375673,2713,0,0,0
1790616412.3848379,2719,0,0,0
1790616412.3861299,2721,0,0,0
1790616412.556153,2723,0,0,0
1790616412.559797,2723,0,0,0
1790616412.585429,2712,0,0,0
1790616412.722017,2715,0,0,0
1790616412.863571,2721,0,0,0
1790616412.87361,2719,0,0,0
1790616412.885477,2718,0,0,0
1790616412.9635122,2718,0,0,0
1790616412.984906,2722,0,0,0
1790616413.123949,2717,0,0,0
1790616413.130381,2721,0,0,0
1790616413.132365,2723,0,0,0
1790616413.303064,2717,0,0,0
1790616413.309362,2712,0,0,0
1790616413.436907,2717,0,0,0
1790616413.449295,2716,0,0,0
1790616413.60256,2722,0,0,0
1790616413.6043289,2724,0,0,0
1790616413.6264262,2713,0,0,0
1790616413.780965,2709,0,0,0
1790616413.7830012,2718,0,0,0
1790616413.785654,2723,0,0,0
1790616413.84381,2726,0,0,0
1790616413.88379,2724,0,0,0
1790616413.943821,2714,0,0,0
1790616413.9838521,2718,0,0,0
1790616414.0437639,2717,0,0,0
1790616414.083829,2721,0,0,0
1790616414.143801,2719,0,0,0
1790616414.2052631,2725,0,0,0
1790616414.243721,2721,0,0,0
1790616414.304791,2367,0,0,0
1790616414.343702,706,0,0,0
1790616414.403768,409,0,0,0
1790616414.465238,304,0,0,0
1790616414.5057778,319,0,0,0
1790616414.564516,319,0,0,0
1790616414.6236548,673,0,0,0
1790616414.668759,1604,0,0,0
1790616414.723725,2092,0,0,0
1790616414.7837062,2091,0,0,0
1790616414.824026,2098,0,0,0
1790616414.903712,2095,0,0,0
1790616414.9652321,2090,0,0,0
1790616415.004867,2093,0,0,0
1790616415.0649128,2101,0,0,0
1790616415.105879,2101,0,0,0
1790616415.16641,2095,0,0,0
1790616415.2239559,2099,0,0,0
1790616415.265753,2094,0,0,0
1790616415.324142,2099,0,0,0
1790616415.383898,2095,0,0,0
1790616415.443724,2089,0,0,0
1790616415.483642,2076,0,0,0
1790616415.548906,2034,0,0,0
1790616415.605797,2015,0,0,0
1790616415.644982,1991,0,0,0
1790616415.704979,1976,0,0,0
1790616415.7447581,1963,0,0,0
1790616415.8050969,1955,0,0,0
1790616415.866116,1940,0,0,0
1790616415.906477,1928,0,0,0
1790616415.969954,1911,0,0,0
1790616416.024609,1895,0,0,0
1790616416.067229,1878,0,0,0
1790616416.124663,1857,0,0,0
1790616416.1846552,1844,0,0,0
1790616416.2305841,1828,0,0,0
1790616416.305099,1804,0,0,0
1790616416.344963,1789,0,0,0
1790616416.4052842,1773,0,0,0
1790616416.4664588,1755,0,0,0
1790616416.507574,1741,0,0,0
1790616416.565609,1723,0,0,0
1790616416.60504,1705,0,0,0
1790616416.664855,1688,0,0,0
1790616416.724614,1675,0,0,0
1790616416.7848861,1657,0,0,0
1790616416.824636,1646,0,0,0
1790616416.8848839,1632,0,0,0
1790616416.924762,1618,0,0,0
1790616416.9847538,1606,0,0,0
1790616417.024829,1594,0,0,0
1790616417.0846689,1583,0,0,0
1790616417.144586,1572,0,0,0
1790616417.204799,1570,0,0,0
1790616417.2649071,1565,0,0,0
1790616417.30461,1559,0,0,0
1790616417.3650198,1554,0,0,0
1790616417.4294431,1546,0,0,0
1790616417.466711,1542,0,0,0
1790616417.5308201,1538,0,0,0
1790616417.567036,1534,0,0,0
1790616417.63091,1532,0,0,0
1790616417.667031,1529,0,0,0
1790616417.729297,1525,0,0,0
1790616417.7884722,1519,0,0,0
1790616417.8320398,1518,0,0,0
1790616417.8865721,1509,0,0,0
1790616417.929729,1507,0,0,0
1790616417.986614,1501,0,0,0
1790616418.030658,1497,0,0,0
1790616418.086642,1497,0,0,0
1790616418.129152,1490,0,0,0
1790616418.1867058,1491,0,0,0
1790616418.24689,1487,0,0,0
1790616418.306931,1490,0,0,0
1790616418.346714,1491,0,0,0
1790616418.406544,1489,0,0,0
1790616418.4481878,1491,0,0,0
1790616418.508802,1489,0,0,0
1790616418.56654,1489,0,0,0
1790616418.607564,1496,0,0,0
1790616418.667584,1495,0,0,0
1790616418.706984,1491,0,0,0
1790616418.770873,1493,0,0,0
1790616418.828464,1494,0,0,0
1790616418.8697898,1491,0,0,0
1790616418.926959,1491,0,0,0
1790616418.986644,1493,0,0,0
1790616419.026934,1491,0,0,0
1790616419.088672,1489,0,0,0
1790616419.1296551,1485,0,0,0
1790616419.187073,1486,0,0,0
1790616419.229804,1488,0,0,0
1790616419.2866318,1487,0,0,0
1790616419.3482711,1489,0,0,0
1790616419.408334,1489,0,0,0
1790616419.4471061,1490,0,0,0
1790616419.50673,1489,0,0,0
1790616419.5469818,1479,0,0,0
1790616419.6070552,1482,0,0,0
1790616419.6468349,1487,0,0,0
1790616419.706787,1490,0,0,0
1790616419.747155,1488,0,0,0
1790616419.8072991,1491,0,0,0
1790616419.8648052,1491,0,0,0
1790616419.90799,1482,0,0,0
1790616419.96845,1483,0,0,0
1790616420.0077708,1475,0,0,0
1790616420.066456,1212,0,0,0
1790616420.107628,896,0,0,0
1790616420.16827,896,0,0,0
1790616420.208368,917,0,0,0
1790616420.271119,899,0,0,0
1790616420.329483,395,0,0,0
1790616420.367727,394,0,0,0
1790616420.428928,393,0,0,0
1790616420.4901388,393,0,0,0
1790616420.528897,392,0,0,0
1790616420.5906281,393,0,0,0
1790616420.628167,394,0,0,0
1790616420.688885,428,0,0,0
1790616420.747581,927,0,0,0
1790616420.791706,888,0,0,0
1790616420.8481941,888,0,0,0
1790616420.8894238,891,0,0,0
1790616420.947686,892,0,0,0
1790616421.0082471,889,0,0,0
1790616421.048365,891,0,0,0
1790616421.108282,889,0,0,0
1790616421.1490471,891,0,0,0
1790616421.208378,891,0,0,0
1790616421.248702,892,0,0,0
1790616421.308712,891,0,0,0
1790616421.369011,894,0,0,0
1790616421.408134,891,0,0,0
1790616421.467909,891,0,0,0
1790616421.527765,888,0,0,0
1790616421.569759,892,0,0,0
1790616421.6284711,892,0,0,0
1790616421.691467,888,0,0,0
1790616421.728283,892,0,0,0
1790616421.789338,895,0,0,0
1790616421.847893,891,0,0,0
1790616421.888788,948,0,0,0
1790616421.947505,894,0,0,0
1790616421.992018,1026,0,0,0
1790616422.047626,1487,0,0,0
1790616422.092672,1473,0,0,0
1790616422.147636,1487,0,0,0
1790616422.207552,1482,0,0,0
1790616422.2479,1468,0,0,0
1790616422.3081589,737,0,0,0
1790616422.34833,465,0,0,0
1790616422.408129,359,0,0,0
1790616422.447909,291,0,0,0
1790616422.508168,243,0,0,0
1790616422.568073,183,0,0,0
1790616422.608683,166,0,0,0
1790616422.667836,153,0,0,0
1790616422.707677,153,0,0,0
1790616422.768338,150,0,0,0
1790616422.8081229,159,0,0,0
1790616422.867696,149,0,0,0
1790616422.909434,157,0,0,0
1790616422.968692,146,0,0,0
1790616423.0088441,157,0,0,0
1790616423.0685298,155,0,0,0
1790616423.128632,155,0,0,0
1790616423.169078,155,0,0,0
1790616423.2285361,154,0,0,0
1790616423.268925,154,0,0,0
1790616423.329086,154,0,0,0
1790616423.368763,155,0,0,0
1790616423.4300811,162,0,0,0
1790616423.488595,180,0,0,0
1790616423.528636,211,0,0,0
1790616423.592572,247,0,0,0
1790616423.628575,311,0,0,0
1790616423.69064,2478,0,0,0
1790616423.728684,946,0,0,0
1790616423.790773,855,0,0,0
1790616423.8485389,837,0,0,0
1790616423.908672,829,0,0,0
1790616423.950094,831,0,0,0
1790616424.0086231,831,0,0,0
1790616424.0686982,831,0,0,0
1790616424.108722,832,0,0,0
1790616424.1687481,833,0,0,0
1790616424.20898,832,0,0,0
1790616424.268838,833,0,0,0
1790616424.308716,833,0,0,0
1790616424.368651,833,0,0,0
1790616424.40886,832,0,0,0
1790616424.468696,834,0,0,0
1790616424.528617,845,0,0,0
1790616424.5687628,890,0,0,0
1790616424.6287801,2970,0,0,0
1790616424.668781,334,0,0,0
1790616424.728648,314,0,0,0
1790616424.789922,256,0,0,0
1790616424.8285718,197,0,0,0
1790616424.889631,173,0,0,0
1790616424.949758,155,0,0,0
1790616424.9887779,155,0,0,0
1790616425.0524192,154,0,0,0
1790616425.089777,179,0,0,0
1790616425.153058,201,0,0,0
1790616425.208502,236,0,0,0
1790616425.251491,329,0,0,0
1790616425.309854,574,0,0,0
1790616425.368555,958,0,0,0
1790616425.4088619,1492,0,0,0
1790616425.468886,1475,0,0,0
1790616425.510066,1472,0,0,0
1790616425.569338,885,0,0,0
1790616425.610414,930,0,0,0
1790616425.670562,515,0,0,0
1790616425.728715,310,0,0,0
1790616425.789407,252,0,0,0
1790616425.82872,187,0,0,0
1790616425.889981,168,0,0,0
1790616425.928946,168,0,0,0
1790616425.990295,142,0,0,0
1790616426.028754,142,0,0,0
1790616426.108924,141,0,0,0
1790616426.168758,150,0,0,0
1790616426.208978,149,0,0,0
1790616426.270925,149,0,0,0
1790616426.328566,147,0,0,0
1790616426.369243,148,0,0,0
1790616426.428448,148,0,0,0
1790616426.4690912,147,0,0,0
1790616426.528563,147,0,0,0
1790616426.568672,152,0,0,0
1790616426.6284401,167,0,0,0
1790616426.6886442,196,0,0,0
1790616426.72854,243,0,0,0
1790616426.788678,349,0,0,0
1790616426.850576,929,0,0,0
1790616426.888653,875,0,0,0
1790616426.950764,1469,0,0,0
1790616426.9901419,1482,0,0,0
1790616427.049761,1482,0,0,0
1790616427.108681,1476,0,0,0
1790616427.150027,1476,0,0,0
1790616427.208572,1476,0,0,0
1790616427.2500129,1478,0,0,0
1790616427.3086872,1481,0,0,0
1790616427.368751,1479,0,0,0
1790616427.408625,1481,0,0,0
1790616427.468618,1481,0,0,0
1790616427.528605,1484,0,0,0
1790616427.568854,1482,0,0,0
1790616427.628712,1481,0,0,0
1790616427.669132,1484,0,0,0
1790616427.728689,1480,0,0,0
1790616427.790914,1484,0,0,0
1790616427.828706,1482,0,0,0
1790616427.8894238,1485,0,0,0
1790616427.928635,1482,0,0,0
1790616427.988561,1482,0,0,0
1790616428.049778,1483,0,0,0
1790616428.0888,1484,0,0,0
1790616428.150142,1484,0,0,0
1790616428.189147,1485,0,0,0
1790616428.24997,1485,0,0,0
1790616428.313594,1484,0,0,0
1790616428.369411,1479,0,0,0
1790616428.4295292,1466,0,0,0
1790616428.4700952,1446,0,0,0
1790616428.529483,1424,0,0,0
1790616428.569481,1401,0,0,0
1790616428.629558,1380,0,0,0
1790616428.670294,1363,0,0,0
1790616428.7295842,1350,0,0,0
1790616428.7695649,1337,0,0,0
1790616428.829605,1328,0,0,0
1790616428.869642,1299,0,0,0
1790616428.929853,1281,0,0,0
1790616428.969708,1261,0,0,0
1790616429.030018,1240,0,0,0
1790616429.089429,1224,0,0,0
1790616429.129675,1208,0,0,0
1790616429.189636,1193,0,0,0
1790616429.249771,1179,0,0,0
1790616429.312066,1165,0,0,0
1790616429.350688,1149,0,0,0
1790616429.411239,1135,0,0,0
1790616429.44969,1116,0,0,0
1790616429.510239,1100,0,0,0
1790616429.569438,1081,0,0,0
1790616429.612013,1065,0,0,0
1790616429.6694531,1048,0,0,0
1790616429.7294168,1034,0,0,0
1790616429.7695098,1018,0,0,0
1790616429.829416,1005,0,0,0
1790616429.869828,989,0,0,0
1790616429.929385,976,0,0,0
1790616429.98969,964,0,0,0
1790616430.029504,953,0,0,0
1790616430.090158,945,0,0,0
1790616430.129667,933,0,0,0
1790616430.1899579,929,0,0,0
1790616430.249347,924,0,0,0
1790616430.289917,920,0,0,0
1790616430.352984,913,0,0,0
1790616430.411294,909,0,0,0
1790616430.451039,904,0,0,0
1790616430.5109482,900,0,0,0
1790616430.569686,894,0,0,0
1790616430.6114821,893,0,0,0
1790616430.671032,890,0,0,0
1790616430.72996,886,0,0,0
1790616430.769757,882,0,0,0
1790616430.829618,877,0,0,0
1790616430.869687,872,0,0,0
1790616430.92975,866,0,0,0
1790616430.9894469,862,0,0,0
1790616431.0296562,859,0,0,0
1790616431.08941,856,0,0,0
1790616431.129604,857,0,0,0
1790616431.191254,857,0,0,0
1790616431.229938,858,0,0,0
1790616431.289811,860,0,0,0
1790616431.34943,862,0,0,0
1790616431.389347,863,0,0,0
1790616431.4503338,863,0,0,0
1790616431.4897568,863,0,0,0
1790616431.549525,865,0,0,0
1790616431.610032,865,0,0,0
1790616431.66941,864,0,0,0
1790616431.710269,865,0,0,0
1790616431.773159,863,0,0,0
1790616431.829618,864,0,0,0
1790616431.869525,865,0,0,0
1790616431.9296021,865,0,0,0
1790616431.97278,865,0,0,0
1790616432.0296462,864,0,0,0
1790616432.0895329,865,0,0,0
1790616432.129635,864,0,0,0
1790616432.189522,865,0,0,0
1790616432.229664,864,0,0,0
1790616432.290272,866,0,0,0
1790616432.329747,866,0,0,0
1790616432.389515,866,0,0,0
1790616432.4493592,866,0,0,0
1790616432.4895911,865,0,0,0
1790616432.549429,867,0,0,0
1790616432.5895839,866,0,0,0
1790616432.650094,867,0,0,0
1790616432.689572,865,0,0,0
1790616432.749779,866,0,0,0
1790616432.812335,866,0,0,0
1790616432.869489,883,0,0,0
1790616432.910481,890,0,0,0
1790616432.9695108,549,0,0,0
1790616433.030818,419,0,0,0
1790616433.071147,330,0,0,0
1790616433.129513,284,0,0,0
1790616433.1700108,247,0,0,0
1790616433.229408,194,0,0,0
1790616433.2896729,171,0,0,0
1790616433.329422,165,0,0,0
1790616433.389652,161,0,0,0
1790616433.4300852,162,0,0,0
1790616433.489548,159,0,0,0
1790616433.549657,160,0,0,0
1790616433.591415,159,0,0,0
1790616433.650665,158,0,0,0
1790616433.69061,159,0,0,0
1790616433.7505028,158,0,0,0
1790616433.810373,155,0,0,0
1790616433.850461,157,0,0,0
1790616433.910621,156,0,0,0
1790616433.9504871,157,0,0,0
1790616434.01341,161,0,0,0
1790616434.050557,177,0,0,0
1790616434.114618,201,0,0,0
1790616434.172391,317,0,0,0
1790616434.21344,418,0,0,0
1790616434.275373,592,0,0,0
1790616434.330672,1158,0,0,0
1790616434.371744,1455,0,0,0
1790616434.430515,1453,0,0,0
1790616434.490465,1452,0,0,0
1790616434.530551,1458,0,0,0
1790616434.5909388,1455,0,0,0
1790616434.630604,1458,0,0,0
1790616434.690658,1457,0,0,0
1790616434.730598,1458,0,0,0
1790616434.791906,1457,0,0,0
1790616434.850585,1460,0,0,0
1790616434.8908732,1454,0,0,0
1790616434.950523,1462,0,0,0
1790616434.9918,1461,0,0,0
1790616435.072049,1464,0,0,0
1790616435.11082,1204,0,0,0
1790616435.1709938,603,0,0,0
1790616435.211749,432,0,0,0
1790616435.271084,350,0,0,0
1790616435.330622,244,0,0,0
1790616435.371073,192,0,0,0
1790616435.430523,172,0,0,0
1790616435.4739141,162,0,0,0
1790616435.53076,163,0,0,0
1790616435.5707688,174,0,0,0
1790616435.6306932,196,0,0,0
1790616435.690521,222,0,0,0
1790616435.730703,324,0,0,0
1790616435.790677,353,0,0,0
1790616435.850344,471,0,0,0
1790616435.890502,759,0,0,0
1790616435.950541,891,0,0,0
1790616436.0107782,862,0,0,0
1790616436.050528,859,0,0,0
1790616436.110463,891,0,0,0
1790616436.1505501,952,0,0,0
1790616436.210815,982,0,0,0
1790616436.2715,347,0,0,0
1790616436.310764,347,0,0,0
1790616436.370336,437,0,0,0
1790616436.431948,703,0,0,0
1790616436.470529,853,0,0,0
1790616436.53183,834,0,0,0
1790616436.571433,834,0,0,0
1790616436.632375,835,0,0,0
1790616436.672767,837,0,0,0
1790616436.732933,835,0,0,0
1790616436.791764,837,0,0,0
1790616436.832716,836,0,0,0
1790616436.891535,836,0,0,0
1790616436.9335082,837,0,0,0
1790616436.991581,836,0,0,0
1790616437.0513291,836,0,0,0
1790616437.091563,836,0,0,0
1790616437.1518059,842,0,0,0
1790616437.212197,853,0,0,0
1790616437.252586,506,0,0,0
1790616437.331598,387,0,0,0
1790616437.374708,327,0,0,0
1790616437.4329028,993,0,0,0
1790616437.4716349,940,0,0,0
1790616437.532226,882,0,0,0
1790616437.5719879,862,0,0,0
1790616437.630184,866,0,0,0
1790616437.67206,867,0,0,0
1790616437.73163,867,0,0,0
1790616437.791447,868,0,0,0
1790616437.8328462,870,0,0,0
1790616437.891404,871,0,0,0
1790616437.931734,856,0,0,0
1790616437.9917881,860,0,0,0
1790616438.0316002,860,0,0,0
1790616438.091478,859,0,0,0
1790616438.133387,856,0,0,0
1790616438.191405,861,0,0,0
1790616438.251426,860,0,0,0
1790616438.311379,859,0,0,0
1790616438.351495,861,0,0,0
1790616438.4113321,861,0,0,0
1790616438.4515772,874,0,0,0
1790616438.511318,852,0,0,0
1790616438.571349,542,0,0,0
1790616438.612722,410,0,0,0
1790616438.671288,350,0,0,0
1790616438.7115462,324,0,0,0
1790616438.7713761,324,0,0,0
1790616438.811429,322,0,0,0
1790616438.871436,330,0,0,0
1790616438.931485,318,0,0,0
1790616438.971512,328,0,0,0
1790616439.0325031,327,0,0,0
1790616439.071699,327,0,0,0
1790616439.132517,322,0,0,0
1790616439.171359,279,0,0,0
1790616439.2311401,235,0,0,0
1790616439.275116,182,0,0,0
1790616439.331172,182,0,0,0
1790616439.371527,162,0,0,0
1790616439.431403,159,0,0,0
1790616439.4720871,160,0,0,0
1790616439.5324428,158,0,0,0
1790616439.591465,158,0,0,0
1790616439.631973,157,0,0,0
1790616439.691749,157,0,0,0
1790616439.751435,157,0,0,0
1790616439.811748,155,0,0,0
1790616439.852917,156,0,0,0
1790616439.911704,155,0,0,0
1790616439.951481,158,0,0,0
1790616440.011591,174,0,0,0
1790616440.071611,198,0,0,0
1790616440.111592,228,0,0,0
1790616440.1716192,228,0,0,0
1790616440.231958,297,0,0,0
1790616440.29377,299,0,0,0
1790616440.33395,298,0,0,0
1790616440.393417,298,0,0,0
1790616440.451309,298,0,0,0
1790616440.4930491,299,0,0,0
1790616440.551438,299,0,0,0
1790616440.600536,298,0,0,0
1790616440.651842,298,0,0,0
1790616440.711461,322,0,0,0
1790616440.7726321,639,0,0,0
1790616440.8317912,922,0,0,0
1790616440.8920581,1123,0,0,0
1790616440.9317608,1123,0,0,0
1790616440.9957309,1131,0,0,0
1790616441.03364,1138,0,0,0
1790616441.0963469,1143,0,0,0
1790616441.131874,1135,0,0,0
1790616441.194499,1133,0,0,0
1790616441.2514188,1135,0,0,0
1790616441.2935371,1137,0,0,0
1790616441.3515499,1132,0,0,0
1790616441.4113522,1147,0,0,0
1790616441.451707,1138,0,0,0
1790616441.5124109,1113,0,0,0
1790616441.5715399,884,0,0,0
1790616441.613398,623,0,0,0
1790616441.671503,355,0,0,0
1790616441.712266,286,0,0,0
1790616441.8113348,245,0,0,0
1790616441.851561,190,0,0,0
1790616441.911545,173,0,0,0
1790616441.9715781,164,0,0,0
1790616442.011667,164,0,0,0
1790616442.0714931,173,0,0,0
1790616442.113011,193,0,0,0
1790616442.171309,224,0,0,0
1790616442.2116811,326,0,0,0
1790616442.271562,351,0,0,0
1790616442.331244,707,0,0,0
1790616442.372125,894,0,0,0
1790616442.431395,870,0,0,0
1790616442.471461,867,0,0,0
1790616442.531462,885,0,0,0
1790616442.593058,924,0,0,0
1790616442.631497,865,0,0,0
1790616442.691626,351,0,0,0
1790616442.73172,364,0,0,0
1790616442.7939599,472,0,0,0
1790616442.851361,719,0,0,0
1790616442.8947918,860,0,0,0
1790616442.951369,841,0,0,0
1790616443.011497,846,0,0,0
1790616443.051334,876,0,0,0
1790616443.1124969,1090,0,0,0
1790616443.151242,417,0,0,0
1790616443.211402,312,0,0,0
1790616443.256615,314,0,0,0
1790616443.331223,297,0,0,0
1790616443.371667,295,0,0,0
1790616443.4313102,303,0,0,0
1790616443.4714508,302,0,0,0
1790616443.5311282,302,0,0,0
1790616443.571473,300,0,0,0
1790616443.631449,300,0,0,0
1790616443.671454,300,0,0,0
1790616443.731435,295,0,0,0
1790616443.792447,313,0,0,0
1790616443.831501,1072,0,0,0
1790616443.891999,892,0,0,0
1790616443.954138,847,0,0,0
1790616443.9929018,839,0,0,0
1790616444.054445,841,0,0,0
1790616444.111531,841,0,0,0
1790616444.171245,839,0,0,0
1790616444.211458,840,0,0,0
1790616444.271277,833,0,0,0
1790616444.311352,833,0,0,0
1790616444.371397,834,0,0,0
1790616444.411735,835,0,0,0
1790616444.471379,833,0,0,0
1790616444.531553,835,0,0,0
1790616444.571367,834,0,0,0
1790616444.631367,845,0,0,0
1790616444.6715431,821,0,0,0
1790616444.7313511,523,0,0,0
1790616444.793159,396,0,0,0
1790616444.833428,316,0,0,0
1790616444.892268,316,0,0,0
1790616444.9324071,308,0,0,0
1790616444.991861,306,0,0,0
1790616445.05321,303,0,0,0
1790616445.0921202,315,0,0,0
1790616445.152919,304,0,0,0
1790616445.191828,302,0,0,0
1790616445.25346,302,0,0,0
1790616445.311309,312,0,0,0
1790616445.3521721,312,0,0,0
1790616445.411694,789,0,0,0
1790616445.472491,954,0,0,0
1790616445.512485,890,0,0,0
1790616445.552646,860,0,0,0
1790616445.613387,861,0,0,0
1790616445.672283,861,0,0,0
1790616445.7125592,862,0,0,0
1790616445.7722602,862,0,0,0
1790616445.812565,862,0,0,0
1790616445.873388,863,0,0,0
1790616445.912412,862,0,0,0
1790616445.973967,863,0,0,0
1790616446.012393,864,0,0,0
1790616446.072439,864,0,0,0
1790616446.132313,864,0,0,0
1790616446.172468,864,0,0,0
1790616446.232446,864,0,0,0
1790616446.312932,863,0,0,0
1790616446.35293,863,0,0,0
1790616446.41246,864,0,0,0
1790616446.4530518,864,0,0,0
1790616446.512288,863,0,0,0
1790616446.552932,865,0,0,0
1790616446.613046,864,0,0,0
1790616446.653663,865,0,0,0
1790616446.7124438,864,0,0,0
1790616446.7526689,864,0,0,0
1790616446.8124359,865,0,0,0
1790616446.8527,863,0,0,0
1790616446.9124281,867,0,0,0
1790616446.972244,866,0,0,0
1790616447.012674,866,0,0,0
1790616447.0722601,865,0,0,0
1790616447.112726,867,0,0,0
1790616447.172608,865,0,0,0
1790616447.2126222,865,0,0,0
1790616447.272694,866,0,0,0
1790616447.312501,864,0,0,0
1790616447.3724,865,0,0,0
1790616447.4123468,865,0,0,0
1790616447.472597,864,0,0,0
1790616447.532553,866,0,0,0
1790616447.5724502,866,0,0,0
1790616447.63254,867,0,0,0
1790616447.6724968,867,0,0,0
1790616447.73254,865,0,0,0
1790616447.7928588,866,0,0,0
1790616447.8324769,864,0,0,0
1790616447.89227,865,0,0,0
1790616447.932333,865,0,0,0
1790616447.992496,865,0,0,0
1790616448.0324118,867,0,0,0
1790616448.09286,867,0,0,0
1790616448.152492,867,0,0,0
1790616448.192266,866,0,0,0
1790616448.252341,867,0,0,0
1790616448.2936692,867,0,0,0
1790616448.352215,868,0,0,0
1790616448.3930418,867,0,0,0
1790616448.4535942,866,0,0,0
1790616448.492259,876,0,0,0
1790616448.5554292,987,0,0,0
1790616448.6137972,987,0,0,0
1790616448.65345,347,0,0,0
1790616448.713155,503,0,0,0
1790616448.7726789,845,0,0,0
1790616448.812734,841,0,0,0
1790616448.872509,834,0,0,0
1790616448.913769,835,0,0,0
1790616448.972404,834,0,0,0
1790616449.0154371,835,0,0,0
1790616449.072362,836,0,0,0
1790616449.1158159,836,0,0,0
1790616449.172589,835,0,0,0
1790616449.2143202,837,0,0,0
1790616449.272507,836,0,0,0
1790616449.33253,836,0,0,0
1790616449.372382,835,0,0,0
1790616449.432482,837,0,0,0
1790616449.472595,831,0,0,0
1790616449.53228,818,0,0,0
1790616449.572576,800,0,0,0
1790616449.632527,780,0,0,0
1790616449.672554,758,0,0,0
1790616449.73214,758,0,0,0
1790616449.7922292,719,0,0,0
1790616449.832692,705,0,0,0
1790616449.892273,693,0,0,0
1790616449.952422,682,0,0,0
1790616449.992161,669,0,0,0
1790616450.0527139,653,0,0,0
1790616450.115349,636,0,0,0
1790616450.152317,632,0,0,0
1790616450.2124228,602,0,0,0
1790616450.252345,579,0,0,0
1790616450.313056,558,0,0,0
1790616450.3533068,542,0,0,0
1790616450.4130392,526,0,0,0
1790616450.453695,511,0,0,0
1790616450.514932,496,0,0,0
1790616450.572287,479,0,0,0
1790616450.613869,461,0,0,0
1790616450.672194,442,0,0,0
1790616450.715722,425,0,0,0
1790616450.7923222,391,0,0,0
1790616450.8543,376,0,0,0
1790616450.89242,360,0,0,0
1790616450.952681,344,0,0,0
1790616450.993396,327,0,0,0
1790616451.053043,312,0,0,0
1790616451.092263,299,0,0,0
1790616451.152407,289,0,0,0
1790616451.192649,281,0,0,0
1790616451.25382,275,0,0,0
1790616451.312614,249,0,0,0
1790616451.355391,239,0,0,0
1790616451.412235,231,0,0,0
1790616451.453166,224,0,0,0
1790616451.512646,215,0,0,0
1790616451.572403,209,0,0,0
1790616451.614971,204,0,0,0
1790616451.672353,197,0,0,0
1790616451.7122529,194,0,0,0
1790616451.772251,190,0,0,0
1790616451.832281,186,0,0,0
1790616451.872549,183,0,0,0
1790616451.9323268,177,0,0,0
1790616451.9722838,172,0,0,0
1790616452.032288,167,0,0,0
1790616452.072395,161,0,0,0
1790616452.1326132,156,0,0,0
1790616452.19238,152,0,0,0
1790616452.2322292,147,0,0,0
1790616452.2923899,154,0,0,0
1790616452.3323221,141,0,0,0
1790616452.392378,142,0,0,0
1790616452.432419,141,0,0,0
1790616452.49243,142,0,0,0
1790616452.5323992,142,0,0,0
1790616452.592561,153,0,0,0
1790616452.632566,154,0,0,0
1790616452.6925418,156,0,0,0
1790616452.752154,155,0,0,0
1790616452.7937222,157,0,0,0
1790616452.8522902,155,0,0,0
1790616452.912352,155,0,0,0
1790616452.952322,155,0,0,0
1790616453.013194,146,0,0,0
1790616453.074612,155,0,0,0
1790616453.114381,145,0,0,0
1790616453.1747031,155,0,0,0
1790616453.2124522,154,0,0,0
1790616453.273927,144,0,0,0
1790616453.3323278,154,0,0,0
1790616453.374557,155,0,0,0
1790616453.4323,154,0,0,0
1790616453.4928331,154,0,0,0
1790616453.532125,155,0,0,0
1790616453.592108,154,0,0,0
1790616453.6323168,155,0,0,0
1790616453.6924632,154,0,0,0
1790616453.7523599,155,0,0,0
1790616453.812105,153,0,0,0
1790616453.8740811,154,0,0,0
1790616453.915273,153,0,0,0
1790616453.975345,154,0,0,0
1790616454.032266,153,0,0,0
1790616454.0737631,155,0,0,0
1790616454.132343,153,0,0,0
1790616454.172317,154,0,0,0
1790616454.232288,156,0,0,0
1790616454.2924778,170,0,0,0
1790616454.332455,194,0,0,0
1790616454.3922071,233,0,0,0
1790616454.432342,253,0,0,0
1790616454.4921222,196,0,0,0
1790616454.532334,165,0,0,0
1790616454.59213,147,0,0,0
1790616454.652208,134,0,0,0
1790616454.6923032,130,0,0,0
1790616454.752091,131,0,0,0
1790616454.792243,132,0,0,0
1790616454.852451,132,0,0,0
1790616454.892415,131,0,0,0
1790616454.952205,131,0,0,0
1790616454.9922612,131,0,0,0
1790616455.0523798,132,0,0,0
1790616455.1122031,131,0,0,0
1790616455.152292,133,0,0,0
1790616455.212137,133,0,0,0
1790616455.281109,131,0,0,0
1790616455.33277,130,0,0,0
1790616455.392249,131,0,0,0
1790616455.432319,138,0,0,0
1790616455.492373,155,0,0,0
1790616455.532366,181,0,0,0
1790616455.592982,215,0,0,0
1790616455.632341,333,0,0,0
1790616455.6924312,772,0,0,0
1790616455.752167,927,0,0,0
1790616455.814116,880,0,0,0
1790616455.852143,835,0,0,0
1790616455.915731,833,0,0,0
1790616455.953069,828,0,0,0
1790616456.012091,829,0,0,0
1790616456.052823,829,0,0,0
1790616456.112066,829,0,0,0
1790616456.152267,829,0,0,0
1790616456.2122922,831,0,0,0
1790616456.275768,831,0,0,0
1790616456.3163662,831,0,0,0
1790616456.374924,830,0,0,0
1790616456.432974,832,0,0,0
1790616456.47475,844,0,0,0
1790616456.5325089,884,0,0,0
1790616456.572361,945,0,0,0
1790616456.632534,612,0,0,0
1790616456.672266,313,0,0,0
1790616456.732196,250,0,0,0
1790616456.792174,188,0,0,0
1790616456.834518,160,0,0,0
1790616456.8921769,142,0,0,0
1790616456.934596,132,0,0,0
1790616456.992396,134,0,0,0
1790616457.052362,145,0,0,0
1790616457.092362,164,0,0,0
1790616457.1522539,193,0,0,0
1790616457.1923451,248,0,0,0
1790616457.252258,225,0,0,0
1790616457.312141,189,0,0,0
1790616457.352252,164,0,0,0
1790616457.4122229,152,0,0,0
1790616457.452233,156,0,0,0
1790616457.534195,148,0,0,0
1790616457.572473,198,0,0,0
1790616457.6341372,223,0,0,0
1790616457.672653,447,0,0,0
1790616457.738969,1009,0,0,0
1790616457.792673,920,0,0,0
1790616457.834837,848,0,0,0
1790616457.892148,811,0,0,0
1790616457.933679,807,0,0,0
1790616457.992237,808,0,0,0
1790616458.0346859,808,0,0,0
1790616458.09219,808,0,0,0
1790616458.152321,809,0,0,0
1790616458.192194,810,0,0,0
1790616458.252396,809,0,0,0
1790616458.312227,810,0,0,0
1790616458.352222,810,0,0,0
1790616458.412073,810,0,0,0
1790616458.452394,810,0,0,0
1790616458.5137632,811,0,0,0
1790616458.5721369,811,0,0,0
1790616458.6134248,823,0,0,0
1790616458.672058,888,0,0,0
1790616458.712342,979,0,0,0
1790616458.774123,704,0,0,0
1790616458.832866,288,0,0,0
1790616458.874673,241,0,0,0
1790616458.933449,183,0,0,0
1790616458.973881,163,0,0,0
1790616459.039218,155,0,0,0
1790616459.074477,153,0,0,0
1790616459.132326,151,0,0,0
1790616459.172178,150,0,0,0
1790616459.23226,150,0,0,0
1790616459.292864,149,0,0,0
1790616459.33234,149,0,0,0
1790616459.3925152,148,0,0,0
1790616459.432456,148,0,0,0
1790616459.492246,147,0,0,0
1790616459.532293,146,0,0,0
1790616459.592271,147,0,0,0
1790616459.6327329,145,0,0,0
1790616459.69208,146,0,0,0
1790616459.752245,147,0,0,0
1790616459.8124402,145,0,0,0
1790616459.853209,145,0,0,0
1790616459.913273,144,0,0,0
1790616459.953879,143,0,0,0
1790616460.0132968,145,0,0,0
1790616460.054226,143,0,0,0
1790616460.11308,144,0,0,0
1790616460.172995,142,0,0,0
1790616460.21329,145,0,0,0
1790616460.273549,153,0,0,0
1790616460.3330922,143,0,0,0
1790616460.37397,142,0,0,0
1790616460.433455,144,0,0,0
1790616460.495949,143,0,0,0
1790616460.534024,142,0,0,0
1790616460.593611,142,0,0,0
1790616460.653138,142,0,0,0
1790616460.6931908,142,0,0,0
1790616460.753514,141,0,0,0
1790616460.8133152,141,0,0,0
1790616460.8734772,139,0,0,0
1790616460.9133031,139,0,0,0
1790616460.9732668,152,0,0,0
1790616461.0365481,152,0,0,0
1790616461.07503,152,0,0,0
1790616461.1333601,151,0,0,0
1790616461.17336,151,0,0,0
1790616461.233092,150,0,0,0
1790616461.298558,141,0,0,0
1790616461.353117,151,0,0,0
1790616461.3950021,151,0,0,0
1790616461.453037,152,0,0,0
1790616461.496352,153,0,0,0
1790616461.5536199,152,0,0,0
1790616461.613861,152,0,0,0
1790616461.653857,151,0,0,0
1790616461.7132318,151,0,0,0
1790616461.754087,151,0,0,0
1790616461.8132212,151,0,0,0
1790616461.873157,151,0,0,0
1790616461.913252,151,0,0,0
1790616461.974735,152,0,0,0
1790616462.033251,153,0,0,0
1790616462.0733042,165,0,0,0
1790616462.13299,193,0,0,0
1790616462.173284,226,0,0,0
1790616462.234907,611,0,0,0
1790616462.294932,991,0,0,0
1790616462.3532128,894,0,0,0
1790616462.396322,829,0,0,0
1790616462.453259,807,0,0,0
1790616462.494742,811,0,0,0
1790616462.553086,809,0,0,0
1790616462.613823,809,0,0,0
1790616462.6532228,811,0,0,0
1790616462.7134469,811,0,0,0
1790616462.753376,811,0,0,0
1790616462.8131928,812,0,0,0
1790616462.8732228,812,0,0,0
1790616462.914269,812,0,0,0
1790616462.973236,813,0,0,0
1790616463.033244,813,0,0,0
1790616463.073269,806,0,0,0
1790616463.1336188,795,0,0,0
1790616463.19536,776,0,0,0
1790616463.233292,755,0,0,0
1790616463.313035,733,0,0,0
1790616463.353303,712,0,0,0
1790616463.413116,695,0,0,0
1790616463.453278,681,0,0,0
1790616463.513221,669,0,0,0
1790616463.5535371,657,0,0,0
1790616463.613965,628,0,0,0
1790616463.673441,626,0,0,0
1790616463.733145,594,0,0,0
1790616463.793904,571,0,0,0
1790616463.8331761,551,0,0,0
1790616463.893535,532,0,0,0
1790616463.9532428,516,0,0,0
1790616463.9959838,502,0,0,0
1790616464.05306,488,0,0,0
1790616464.113311,471,0,0,0
1790616464.1530418,456,0,0,0
1790616464.213989,437,0,0,0
1790616464.293293,400,0,0,0
1790616464.333141,384,0,0,0
1790616464.393613,369,0,0,0
1790616464.435702,354,0,0,0
1790616464.493126,338,0,0,0
1790616464.53437,323,0,0,0
1790616464.593481,307,0,0,0
1790616464.653156,292,0,0,0
1790616464.71331,278,0,0,0
1790616464.753023,243,0,0,0
1790616464.813272,232,0,0,0
1790616464.853225,224,0,0,0
1790616464.91352,219,0,0,0
1790616464.953195,213,0,0,0
1790616465.01386,207,0,0,0
1790616465.0731032,202,0,0,0
1790616465.113284,196,0,0,0
1790616465.174229,189,0,0,0
1790616465.233304,183,0,0,0
1790616465.273058,180,0,0,0
1790616465.333469,174,0,0,0
1790616465.373193,169,0,0,0
1790616465.433238,164,0,0,0
1790616465.493023,158,0,0,0
1790616465.533278,154,0,0,0
1790616465.593557,148,0,0,0
1790616465.633237,142,0,0,0
1790616465.693093,138,0,0,0
1790616465.733345,134,0,0,0
1790616465.7935941,133,0,0,0
1790616465.8553972,133,0,0,0
1790616465.894891,132,0,0,0
1790616465.955544,133,0,0,0
1790616465.9948428,132,0,0,0
1790616466.0587049,131,0,0,0
1790616466.093073,132,0,0,0
1790616466.1544268,132,0,0,0
1790616466.2133179,133,0,0,0
1790616466.2549691,131,0,0,0
1790616466.3132758,132,0,0,0
1790616466.354625,132,0,0,0
1790616466.413126,132,0,0,0
1790616466.456213,132,0,0,0
1790616466.513551,132,0,0,0
1790616466.573071,133,0,0,0
1790616466.614209,131,0,0,0
1790616466.673137,131,0,0,0
1790616466.7134662,131,0,0,0
1790616466.773237,131,0,0,0
1790616466.83298,131,0,0,0
1790616466.893743,132,0,0,0
1790616466.933205,131,0,0,0
1790616466.99512,131,0,0,0
1790616467.033217,132,0,0,0
1790616467.095519,131,0,0,0
1790616467.133232,131,0,0,0
1790616467.193491,141,0,0,0
1790616467.2542431,131,0,0,0
1790616467.312982,132,0,0,0
1790616467.354464,140,0,0,0
1790616467.413032,159,0,0,0
1790616467.45463,187,0,0,0
1790616467.513432,233,0,0,0
1790616467.554256,332,0,0,0
1790616467.614599,418,0,0,0
1790616467.654569,641,0,0,0
1790616467.713422,876,0,0,0
1790616467.754664,856,0,0,0
1790616467.8134038,856,0,0,0
1790616467.873143,858,0,0,0
1790616467.913523,857,0,0,0
1790616467.973055,859,0,0,0
1790616468.033639,860,0,0,0
1790616468.0739,860,0,0,0
1790616468.1330078,859,0,0,0
1790616468.173122,859,0,0,0
1790616468.233043,861,0,0,0
1790616468.292968,862,0,0,0
1790616468.3332229,861,0,0,0
1790616468.392917,862,0,0,0
1790616468.433169,861,0,0,0
1790616468.493682,862,0,0,0
1790616468.553061,862,0,0,0
1790616468.592902,863,0,0,0
1790616468.653312,862,0,0,0
1790616468.694415,863,0,0,0
1790616468.754658,883,0,0,0
1790616468.8131871,883,0,0,0
1790616468.873024,626,0,0,0
1790616468.933193,582,0,0,0
1790616468.9738822,520,0,0,0
1790616469.033209,452,0,0,0
1790616469.073579,444,0,0,0
1790616469.1341372,436,0,0,0
1790616469.1734679,432,0,0,0
1790616469.233221,429,0,0,0
1790616469.292935,426,0,0,0
1790616469.3331,426,0,0,0
1790616469.394946,426,0,0,0
1790616469.433078,428,0,0,0
1790616469.494116,464,0,0,0
1790616469.53318,512,0,0,0
1790616469.5929668,511,0,0,0
1790616469.633214,511,0,0,0
1790616469.693331,512,0,0,0
1790616469.7552152,514,0,0,0
1790616469.794274,513,0,0,0
1790616469.856065,516,0,0,0
1790616469.913125,517,0,0,0
1790616469.953968,472,0,0,0
1790616470.015407,472,0,0,0
1790616470.073511,472,0,0,0
1790616470.115726,474,0,0,0
1790616470.173007,473,0,0,0
1790616470.2141209,473,0,0,0
1790616470.2730272,473,0,0,0
1790616470.3331,473,0,0,0
1790616470.373534,474,0,0,0
1790616470.433145,474,0,0,0
1790616470.473376,474,0,0,0
1790616470.533149,473,0,0,0
1790616470.573219,473,0,0,0
1790616470.6330502,473,0,0,0
1790616470.693088,474,0,0,0
1790616470.733131,474,0,0,0
1790616470.794652,474,0,0,0
1790616470.833136,474,0,0,0
1790616470.8899462,476,0,0,0
1790616470.957988,476,0,0,0
1790616471.0160499,476,0,0,0
1790616471.054305,475,0,0,0
1790616471.107718,475,0,0,0
1790616471.153277,548,0,0,0
1790616471.213182,627,0,0,0
1790616471.273126,763,0,0,0
1790616471.314452,923,0,0,0
1790616471.373365,901,0,0,0
1790616471.4134789,882,0,0,0
1790616471.473362,873,0,0,0
1790616471.533083,868,0,0,0
1790616471.573139,867,0,0,0
1790616471.6329758,878,0,0,0
1790616471.673373,909,0,0,0
1790616471.73297,653,0,0,0
1790616471.7731562,460,0,0,0
1790616471.833436,405,0,0,0
1790616471.873128,400,0,0,0
1790616471.9332428,524,0,0,0
1790616471.993063,818,0,0,0
1790616472.033149,812,0,0,0
1790616472.093046,806,0,0,0
1790616472.133201,806,0,0,0
1790616472.1929972,807,0,0,0
1790616472.233521,807,0,0,0
1790616472.29398,807,0,0,0
1790616472.3366342,807,0,0,0
1790616472.3941052,808,0,0,0
1790616472.434413,807,0,0,0
1790616472.4940312,809,0,0,0
1790616472.5344331,808,0,0,0
1790616472.594104,801,0,0,0
1790616472.654204,800,0,0,0
1790616472.694082,800,0,0,0
1790616472.753783,806,0,0,0
1790616472.7941382,807,0,0,0
1790616472.8554711,808,0,0,0
1790616472.91601,860,0,0,0
1790616472.954941,1579,0,0,0
1790616473.014026,575,0,0,0
1790616473.054544,242,0,0,0
1790616473.114274,202,0,0,0
1790616473.1542258,165,0,0,0
1790616473.215208,146,0,0,0
1790616473.274004,144,0,0,0
1790616473.333981,142,0,0,0
1790616473.376065,141,0,0,0
1790616473.434175,140,0,0,0
1790616473.47589,138,0,0,0
1790616473.534056,138,0,0,0
1790616473.57593,138,0,0,0
1790616473.6340292,137,0,0,0
1790616473.6771998,136,0,0,0
1790616473.7343109,136,0,0,0
1790616473.793938,138,0,0,0
1790616473.834114,153,0,0,0
1790616473.8940642,153,0,0,0
1790616473.934189,307,0,0,0
1790616473.9940748,1577,0,0,0
1790616474.034163,901,0,0,0
1790616474.094359,809,0,0,0
1790616474.134315,797,0,0,0
1790616474.1957278,814,0,0,0
1790616474.234546,791,0,0,0
1790616474.294292,492,0,0,0
1790616474.334286,385,0,0,0
1790616474.393963,414,0,0,0
1790616474.4343731,535,0,0,0
1790616474.4941251,873,0,0,0
1790616474.554256,880,0,0,0
1790616474.594322,867,0,0,0
1790616474.653916,889,0,0,0
1790616474.6941571,691,0,0,0
1790616474.7550368,462,0,0,0
1790616474.815163,361,0,0,0
1790616474.854188,275,0,0,0
1790616474.913961,237,0,0,0
1790616474.954141,177,0,0,0
1790616475.013964,162,0,0,0
1790616475.053986,154,0,0,0
1790616475.113941,154,0,0,0
1790616475.154183,153,0,0,0
1790616475.214012,151,0,0,0
1790616475.275916,149,0,0,0
1790616475.314025,152,0,0,0
1790616475.3742988,151,0,0,0
1790616475.414963,150,0,0,0
1790616475.4741418,150,0,0,0
1790616475.534061,149,0,0,0
1790616475.574055,150,0,0,0
1790616475.6347241,149,0,0,0
1790616475.6751611,150,0,0,0
1790616475.734016,149,0,0,0
1790616475.794987,147,0,0,0
1790616475.853878,148,0,0,0
1790616475.894474,155,0,0,0
1790616475.9540522,170,0,0,0
1790616475.994067,198,0,0,0
1790616476.05411,237,0,0,0
1790616476.113889,294,0,0,0
1790616476.155374,284,0,0,0
1790616476.2142239,288,0,0,0
1790616476.254273,287,0,0,0
1790616476.313938,288,0,0,0
1790616476.374345,286,0,0,0
1790616476.434211,288,0,0,0
1790616476.4756732,288,0,0,0
1790616476.533995,288,0,0,0
1790616476.574194,288,0,0,0
1790616476.6348312,287,0,0,0
1790616476.675532,316,0,0,0
1790616476.7340958,437,0,0,0
1790616476.777757,621,0,0,0
1790616476.834052,867,0,0,0
1790616476.893904,859,0,0,0
1790616476.934168,859,0,0,0
1790616476.994049,860,0,0,0
1790616477.034134,860,0,0,0
1790616477.094053,858,0,0,0
1790616477.153913,861,0,0,0
1790616477.194082,862,0,0,0
1790616477.2539551,860,0,0,0
1790616477.294323,861,0,0,0
1790616477.354439,861,0,0,0
1790616477.414834,862,0,0,0
1790616477.4578948,863,0,0,0
1790616477.513799,863,0,0,0
1790616477.553844,855,0,0,0
1790616477.614305,758,0,0,0
1790616477.674009,518,0,0,0
1790616477.7164302,420,0,0,0
1790616477.774337,389,0,0,0
1790616477.834142,392,0,0,0
1790616477.8745012,388,0,0,0
1790616477.935956,386,0,0,0
1790616477.9742012,384,0,0,0
1790616478.034088,383,0,0,0
1790616478.074147,383,0,0,0
1790616478.134022,382,0,0,0
1790616478.175176,382,0,0,0
1790616478.233948,377,0,0,0
1790616478.293891,371,0,0,0
1790616478.335663,499,0,0,0
1790616478.393955,775,0,0,0
1790616478.436084,831,0,0,0
1790616478.494186,815,0,0,0
1790616478.537015,815,0,0,0
1790616478.593996,815,0,0,0
1790616478.634652,814,0,0,0
1790616478.69402,817,0,0,0
1790616478.7343638,818,0,0,0
1790616478.79409,811,0,0,0
1790616478.854073,818,0,0,0
1790616478.8941472,810,0,0,0
1790616478.953876,819,0,0,0
1790616479.0139468,812,0,0,0
1790616479.05405,816,0,0,0
1790616479.114666,831,0,0,0
1790616479.1742778,761,0,0,0
1790616479.214182,408,0,0,0
1790616479.2761421,402,0,0,0
1790616479.3380759,467,0,0,0
1790616479.374541,690,0,0,0
1790616479.435297,891,0,0,0
1790616479.4752069,869,0,0,0
1790616479.535727,859,0,0,0
1790616479.575267,873,0,0,0
1790616479.634974,670,0,0,0
1790616479.673887,471,0,0,0
1790616479.734459,382,0,0,0
1790616479.775902,382,0,0,0
1790616479.8365388,238,0,0,0
1790616479.875218,190,0,0,0
1790616479.954046,171,0,0,0
1790616479.994624,160,0,0,0
1790616480.054008,158,0,0,0
1790616480.09408,168,0,0,0
1790616480.154007,184,0,0,0
1790616480.1940281,212,0,0,0
1790616480.253993,269,0,0,0
1790616480.313838,220,0,0,0
1790616480.354058,177,0,0,0
1790616480.413801,145,0,0,0
1790616480.454564,127,0,0,0
1790616480.513831,118,0,0,0
1790616480.574023,117,0,0,0
1790616480.614027,123,0,0,0
1790616480.6748428,136,0,0,0
1790616480.714041,159,0,0,0
1790616480.774139,278,0,0,0
1790616480.83536,267,0,0,0
1790616480.894072,269,0,0,0
1790616480.934349,271,0,0,0
1790616480.9940639,272,0,0,0
1790616481.0540092,271,0,0,0
1790616481.094272,272,0,0,0
1790616481.153884,272,0,0,0
1790616481.194098,272,0,0,0
1790616481.2539048,272,0,0,0
1790616481.314071,270,0,0,0
1790616481.373779,272,0,0,0
1790616481.41408,271,0,0,0
1790616481.4746299,272,0,0,0
1790616481.514084,272,0,0,0
1790616481.5740218,274,0,0,0
1790616481.614037,300,0,0,0
1790616481.6756742,783,0,0,0
1790616481.7341702,829,0,0,0
1790616481.7740312,831,0,0,0
1790616481.833896,827,0,0,0
1790616481.8938901,812,0,0,0
1790616481.9357781,804,0,0,0
1790616481.9940732,808,0,0,0
1790616482.0541031,808,0,0,0
1790616482.094025,809,0,0,0
1790616482.153899,808,0,0,0
1790616482.2137852,809,0,0,0
1790616482.254206,810,0,0,0
1790616482.314184,802,0,0,0
1790616482.373827,808,0,0,0
1790616482.437536,838,0,0,0
1790616482.474197,897,0,0,0
1790616482.536478,585,0,0,0
1790616482.576618,311,0,0,0
1790616482.635817,286,0,0,0
1790616482.693919,291,0,0,0
1790616482.7538161,286,0,0,0
1790616482.8140721,282,0,0,0
1790616482.873782,272,0,0,0
1790616482.9139268,278,0,0,0
1790616482.9738371,277,0,0,0
1790616483.033718,274,0,0,0
1790616483.074017,274,0,0,0
1790616483.136769,273,0,0,0
1790616483.173892,271,0,0,0
1790616483.234359,271,0,0,0
1790616483.2959309,270,0,0,0
1790616483.333947,269,0,0,0
1790616483.396428,271,0,0,0
1790616483.4539351,269,0,0,0
1790616483.496864,270,0,0,0
1790616483.554049,269,0,0,0
1790616483.613908,296,0,0,0
1790616483.654069,396,0,0,0
1790616483.713841,840,0,0,0
1790616483.754011,836,0,0,0
1790616483.815464,830,0,0,0
1790616483.873936,817,0,0,0
1790616483.914454,799,0,0,0
1790616483.973854,803,0,0,0
1790616484.033974,800,0,0,0
1790616484.0976481,802,0,0,0
1790616484.134163,802,0,0,0
1790616484.1942499,800,0,0,0
1790616484.233848,801,0,0,0
1790616484.295361,803,0,0,0
1790616484.3341188,803,0,0,0
1790616484.411517,806,0,0,0
1790616484.4542122,864,0,0,0
1790616484.515458,571,0,0,0
1790616484.5541801,303,0,0,0
1790616484.614149,265,0,0,0
1790616484.674019,243,0,0,0
1790616484.714345,200,0,0,0
1790616484.776282,139,0,0,0
1790616484.834647,113,0,0,0
1790616484.874202,112,0,0,0
1790616484.934741,120,0,0,0
1790616484.995332,128,0,0,0
1790616485.034147,143,0,0,0
1790616485.09604,168,0,0,0
1790616485.1540549,211,0,0,0
1790616485.195193,230,0,0,0
1790616485.2538528,224,0,0,0
1790616485.294685,224,0,0,0
1790616485.354422,225,0,0,0
1790616485.415141,221,0,0,0
1790616485.455018,223,0,0,0
1790616485.514074,223,0,0,0
1790616485.574207,223,0,0,0
1790616485.615416,222,0,0,0
1790616485.674237,256,0,0,0
1790616485.733778,213,0,0,0
1790616485.774892,175,0,0,0
1790616485.8338728,154,0,0,0
1790616485.8952231,143,0,0,0
1790616485.9337878,140,0,0,0
1790616485.994952,141,0,0,0
1790616486.0342379,141,0,0,0
1790616486.093647,140,0,0,0
1790616486.153794,141,0,0,0
1790616486.19523,141,0,0,0
1790616486.253993,140,0,0,0
1790616486.3140569,141,0,0,0
1790616486.3541608,140,0,0,0
1790616486.415437,139,0,0,0
1790616486.4737952,139,0,0,0
1790616486.514039,139,0,0,0
1790616486.5741088,139,0,0,0
1790616486.634167,138,0,0,0
1790616486.693865,139,0,0,0
1790616486.73381,138,0,0,0
1790616486.793706,138,0,0,0
1790616486.8338869,138,0,0,0
1790616486.8940108,135,0,0,0
1790616486.934259,135,0,0,0
1790616486.994286,135,0,0,0
1790616487.054007,135,0,0,0
1790616487.0937622,135,0,0,0
1790616487.153738,136,0,0,0
1790616487.196063,135,0,0,0
1790616487.255222,136,0,0,0
1790616487.295234,136,0,0,0
1790616487.355666,134,0,0,0
1790616487.413843,136,0,0,0
1790616487.473835,136,0,0,0
1790616487.513844,135,0,0,0
1790616487.57384,133,0,0,0
1790616487.6337512,133,0,0,0
1790616487.673959,135,0,0,0
1790616487.734009,134,0,0,0
1790616487.793671,134,0,0,0
1790616487.8560011,134,0,0,0
1790616487.895913,134,0,0,0
1790616487.955344,134,0,0,0
1790616488.0138948,134,0,0,0
1790616488.056252,134,0,0,0
1790616488.113976,134,0,0,0
1790616488.156399,133,0,0,0
1790616488.213977,133,0,0,0
1790616488.2743769,134,0,0,0
1790616488.313962,134,0,0,0
1790616488.373751,133,0,0,0
1790616488.4337401,133,0,0,0
1790616488.473918,132,0,0,0
1790616488.533728,132,0,0,0
1790616488.595495,131,0,0,0
1790616488.633711,131,0,0,0
1790616488.695328,131,0,0,0
1790616488.734346,131,0,0,0
1790616488.79543,130,0,0,0
1790616488.834121,130,0,0,0
1790616488.894874,131,0,0,0
1790616488.955795,136,0,0,0
1790616488.9948318,153,0,0,0
1790616489.056183,184,0,0,0
1790616489.094791,223,0,0,0
1790616489.157143,344,0,0,0
1790616489.194121,475,0,0,0
1790616489.254613,818,0,0,0
1790616489.313812,868,0,0,0
1790616489.357497,862,0,0,0
1790616489.4142468,862,0,0,0
1790616489.473948,864,0,0,0
1790616489.5138922,865,0,0,0
1790616489.57391,863,0,0,0
1790616489.6139,865,0,0,0
1790616489.67395,866,0,0,0
1790616489.71395,867,0,0,0
1790616489.77414,867,0,0,0
1790616489.833985,867,0,0,0
1790616489.874357,868,0,0,0
1790616489.933739,868,0,0,0
1790616489.99474,868,0,0,0
1790616490.033737,855,0,0,0
1790616490.095662,829,0,0,0
1790616490.133733,815,0,0,0
1790616490.193702,782,0,0,0
1790616490.255997,740,0,0,0
1790616490.295831,726,0,0,0
1790616490.3552508,714,0,0,0
1790616490.3947022,714,0,0,0
1790616490.4545438,691,0,0,0
1790616490.513907,677,0,0,0
1790616490.5549061,660,0,0,0
1790616490.6138308,641,0,0,0
1790616490.6744761,633,0,0,0
1790616490.7139452,603,0,0,0
1790616490.7744699,583,0,0,0
1790616490.8139641,564,0,0,0
1790616490.873813,548,0,0,0
1790616490.91393,544,0,0,0
1790616490.973974,528,0,0,0
1790616491.033976,510,0,0,0
1790616491.073931,493,0,0,0
1790616491.134157,477,0,0,0
1790616491.193815,458,0,0,0
1790616491.233975,441,0,0,0
1790616491.294522,423,0,0,0
1790616491.3340921,407,0,0,0
1790616491.394064,393,0,0,0
1790616491.454777,370,0,0,0
1790616491.4939609,362,0,0,0
1790616491.554568,348,0,0,0
1790616491.613867,326,0,0,0
1790616491.654436,318,0,0,0
1790616491.715613,318,0,0,0
1790616491.77377,305,0,0,0
1790616491.817909,300,0,0,0
1790616491.873722,293,0,0,0
1790616491.915369,287,0,0,0
1790616491.973866,281,0,0,0
1790616492.034155,253,0,0,0
1790616492.094038,244,0,0,0
1790616492.1338701,240,0,0,0
1790616492.193964,240,0,0,0
1790616492.233946,231,0,0,0
1790616492.294083,226,0,0,0
1790616492.355635,220,0,0,0
1790616492.39418,215,0,0,0
1790616492.45393,212,0,0,0
1790616492.5153651,205,0,0,0
1790616492.5565262,200,0,0,0
1790616492.617026,192,0,0,0
1790616492.6738539,191,0,0,0
1790616492.733811,190,0,0,0
1790616492.7739341,190,0,0,0
1790616492.8337011,191,0,0,0
1790616492.873784,190,0,0,0
1790616492.933837,190,0,0,0
1790616492.973909,190,0,0,0
1790616493.033837,191,0,0,0
1790616493.0936918,190,0,0,0
1790616493.13376,192,0,0,0
1790616493.193727,191,0,0,0
1790616493.233807,192,0,0,0
1790616493.293639,191,0,0,0
1790616493.3541188,192,0,0,0
1790616493.4129019,192,0,0,0
1790616493.473682,191,0,0,0
1790616493.5142138,191,0,0,0
1790616493.57377,191,0,0,0
1790616493.613726,191,0,0,0
1790616493.673687,192,0,0,0
1790616493.715343,193,0,0,0
1790616493.7738712,191,0,0,0
1790616493.83395,191,0,0,0
1790616493.874014,189,0,0,0
1790616493.933873,191,0,0,0
1790616493.993682,190,0,0,0
1790616494.033914,192,0,0,0
1790616494.093695,189,0,0,0
1790616494.15451,191,0,0,0
1790616494.193845,191,0,0,0
1790616494.2536771,191,0,0,0
1790616494.315634,190,0,0,0
1790616494.353655,191,0,0,0
1790616494.414517,191,0,0,0
1790616494.473678,191,0,0,0
1790616494.516694,191,0,0,0
1790616494.573719,195,0,0,0
1790616494.633903,231,0,0,0
1790616494.674061,264,0,0,0
1790616494.733967,338,0,0,0
1790616494.793752,321,0,0,0
1790616494.8536818,269,0,0,0
1790616494.893898,243,0,0,0
1790616494.9739761,199,0,0,0
1790616495.01576,191,0,0,0
1790616495.073707,191,0,0,0
1790616495.113756,191,0,0,0
1790616495.174089,190,0,0,0
1790616495.21387,189,0,0,0
1790616495.273963,189,0,0,0
1790616495.3338711,189,0,0,0
1790616495.374079,188,0,0,0
1790616495.43413,189,0,0,0
1790616495.474495,189,0,0,0
1790616495.5339332,189,0,0,0
1790616495.576871,189,0,0,0
1790616495.633834,189,0,0,0
1790616495.693546,189,0,0,0
1790616495.754087,204,0,0,0
1790616495.793951,225,0,0,0
1790616495.853684,249,0,0,0
1790616495.913811,388,0,0,0
1790616495.953783,1438,0,0,0
1790616496.013978,1720,0,0,0
1790616496.073935,1031,0,0,0
1790616496.133653,815,0,0,0
1790616496.194241,789,0,0,0
1790616496.2338078,791,0,0,0
1790616496.2940512,791,0,0,0
1790616496.3538408,791,0,0,0
1790616496.4145138,792,0,0,0
1790616496.4538481,791,0,0,0
1790616496.5139,793,0,0,0
1790616496.553705,794,0,0,0
1790616496.613636,794,0,0,0
1790616496.653934,793,0,0,0
1790616496.714082,794,0,0,0
1790616496.774119,795,0,0,0
1790616496.8145258,815,0,0,0
1790616496.8754518,964,0,0,0
1790616496.934048,1731,0,0,0
1790616496.994088,392,0,0,0
1790616497.0538838,314,0,0,0
1790616497.093895,265,0,0,0
1790616497.153867,213,0,0,0
1790616497.217335,207,0,0,0
1790616497.253739,202,0,0,0
1790616497.317464,207,0,0,0
1790616497.376058,227,0,0,0
1790616497.4152782,259,0,0,0
1790616497.4761999,355,0,0,0
1790616497.515745,346,0,0,0
1790616497.5756202,292,0,0,0
1790616497.614846,258,0,0,0
1790616497.677876,215,0,0,0
1790616497.714659,202,0,0,0
1790616497.776004,198,0,0,0
1790616497.833673,207,0,0,0
1790616497.8940108,271,0,0,0
1790616497.95404,271,0,0,0
1790616498.014226,188,0,0,0
1790616498.054067,159,0,0,0
1790616498.114316,134,0,0,0
1790616498.174369,119,0,0,0
1790616498.2157838,113,0,0,0
1790616498.2937448,112,0,0,0
1790616498.353615,112,0,0,0
1790616498.394225,112,0,0,0
1790616498.4540238,112,0,0,0
1790616498.513833,112,0,0,0
1790616498.5538392,112,0,0,0
1790616498.614284,111,0,0,0
1790616498.653813,110,0,0,0
1790616498.714984,111,0,0,0
1790616498.75388,111,0,0,0
1790616498.834073,110,0,0,0
1790616498.873951,110,0,0,0
1790616498.933593,115,0,0,0
1790616498.979838,131,0,0,0
1790616499.033961,154,0,0,0
1790616499.0937338,197,0,0,0
1790616499.133847,269,0,0,0
1790616499.193562,248,0,0,0
1790616499.253823,211,0,0,0
1790616499.316753,191,0,0,0
1790616499.354033,193,0,0,0
1790616499.414974,192,0,0,0
1790616499.473666,193,0,0,0
1790616499.53364,191,0,0,0
1790616499.5741398,193,0,0,0
1790616499.6336389,192,0,0,0
1790616499.674123,191,0,0,0
1790616499.7338922,191,0,0,0
1790616499.793736,192,0,0,0
1790616499.8339782,191,0,0,0
1790616499.8937862,191,0,0,0
1790616499.933846,190,0,0,0
1790616499.994093,191,0,0,0
1790616500.033813,191,0,0,0
1790616500.0950751,191,0,0,0
1790616500.1537092,193,0,0,0
1790616500.213662,193,0,0,0
1790616500.253932,190,0,0,0
1790616500.313853,191,0,0,0
1790616500.373572,192,0,0,0
1790616500.413665,190,0,0,0
1790616500.4749901,190,0,0,0
1790616500.513747,190,0,0,0
1790616500.5758688,190,0,0,0
1790616500.613887,189,0,0,0
1790616500.6740348,190,0,0,0
1790616500.7140532,190,0,0,0
1790616500.774973,190,0,0,0
1790616500.835281,191,0,0,0
1790616500.8938382,190,0,0,0
1790616500.9537961,190,0,0,0
1790616500.9936252,190,0,0,0
1790616501.053786,188,0,0,0
1790616501.113618,188,0,0,0
1790616501.153811,189,0,0,0
1790616501.213682,191,0,0,0
1790616501.2735932,191,0,0,0
1790616501.335188,190,0,0,0
1790616501.3743832,190,0,0,0
1790616501.4352372,188,0,0,0
1790616501.4746602,190,0,0,0
1790616501.53668,190,0,0,0
1790616501.574144,190,0,0,0
1790616501.636767,190,0,0,0
1790616501.69361,189,0,0,0
1790616501.735952,188,0,0,0
1790616501.793522,189,0,0,0
1790616501.853583,189,0,0,0
1790616501.893836,188,0,0,0
1790616501.953609,189,0,0,0
1790616501.993848,189,0,0,0
1790616502.0536058,188,0,0,0
1790616502.094392,189,0,0,0
1790616502.153756,188,0,0,0
1790616502.213726,188,0,0,0
1790616502.25366,190,0,0,0
1790616502.314126,190,0,0,0
1790616502.3743649,188,0,0,0
1790616502.435925,187,0,0,0
1790616502.493639,188,0,0,0
1790616502.537032,188,0,0,0
1790616502.593604,189,0,0,0
1790616502.653862,187,0,0,0
1790616502.693748,187,0,0,0
1790616502.755081,186,0,0,0
1790616502.814754,186,0,0,0
1790616502.854829,188,0,0,0
1790616502.91478,188,0,0,0
1790616502.9548512,187,0,0,0
1790616503.01471,187,0,0,0
1790616503.0751,188,0,0,0
1790616503.1146939,187,0,0,0
1790616503.176217,185,0,0,0
1790616503.234463,185,0,0,0
1790616503.275135,185,0,0,0
1790616503.33519,188,0,0,0
1790616503.394794,190,0,0,0
1790616503.434937,189,0,0,0
1790616503.4947898,191,0,0,0
1790616503.534944,191,0,0,0
1790616503.594851,191,0,0,0
1790616503.654687,191,0,0,0
1790616503.6955352,192,0,0,0
1790616503.754605,203,0,0,0
1790616503.814518,227,0,0,0
1790616503.854784,227,0,0,0
1790616503.914811,215,0,0,0
1790616503.974685,165,0,0,0
1790616504.0147898,133,0,0,0
1790616504.075575,116,0,0,0
1790616504.1149921,109,0,0,0
1790616504.174606,109,0,0,0
1790616504.236626,123,0,0,0
1790616504.2751,145,0,0,0
1790616504.335124,184,0,0,0
1790616504.374681,231,0,0,0
1790616504.4352472,341,0,0,0
1790616504.496151,523,0,0,0
1790616504.53518,813,0,0,0
1790616504.597209,788,0,0,0
1790616504.654809,786,0,0,0
1790616504.696376,786,0,0,0
1790616504.755779,786,0,0,0
1790616504.8155708,787,0,0,0
1790616504.8755891,786,0,0,0
1790616504.936756,783,0,0,0
1790616504.998199,770,0,0,0
1790616505.055896,734,0,0,0
1790616505.115629,713,0,0,0
1790616505.155765,692,0,0,0
1790616505.215758,666,0,0,0
1790616505.2557921,650,0,0,0
1790616505.315774,637,0,0,0
1790616505.375864,624,0,0,0
1790616505.4359748,611,0,0,0
1790616505.4756339,611,0,0,0
1790616505.5360441,589,0,0,0
1790616505.598617,567,0,0,0
1790616505.6361651,567,0,0,0
1790616505.6970859,527,0,0,0
1790616505.737133,510,0,0,0
1790616505.7978618,510,0,0,0
1790616505.8556,461,0,0,0
1790616505.915746,449,0,0,0
1790616505.9757318,430,0,0,0
1790616506.016889,414,0,0,0
1790616506.07616,396,0,0,0
1790616506.135703,380,0,0,0
1790616506.176623,362,0,0,0
1790616506.2355242,345,0,0,0
1790616506.29824,329,0,0,0
1790616506.355781,314,0,0,0
1790616506.395477,297,0,0,0
1790616506.455719,282,0,0,0
1790616506.496136,269,0,0,0
1790616506.555608,233,0,0,0
1790616506.5972211,220,0,0,0
1790616506.655937,205,0,0,0
1790616506.716022,200,0,0,0
1790616506.7560089,192,0,0,0
1790616506.815713,189,0,0,0
1790616506.8968918,182,0,0,0
1790616506.937193,175,0,0,0
1790616506.996622,168,0,0,0
1790616507.035605,161,0,0,0
1790616507.097997,156,0,0,0
1790616507.1557949,153,0,0,0
1790616507.195958,149,0,0,0
1790616507.25551,146,0,0,0
1790616507.316482,142,0,0,0
1790616507.355673,138,0,0,0
1790616507.415753,132,0,0,0
1790616507.475795,130,0,0,0
1790616507.515717,129,0,0,0
1790616507.575836,130,0,0,0
1790616507.615751,129,0,0,0
1790616507.675801,130,0,0,0
1790616507.735463,130,0,0,0
1790616507.796064,130,0,0,0
1790616507.8558662,131,0,0,0
1790616507.8959842,131,0,0,0
1790616507.9581928,131,0,0,0
1790616508.01584,131,0,0,0
1790616508.0562072,131,0,0,0
1790616508.116065,131,0,0,0
1790616508.176893,132,0,0,0
1790616508.236202,132,0,0,0
1790616508.27569,133,0,0,0
1790616508.335802,133,0,0,0
1790616508.395394,132,0,0,0
1790616508.4356842,132,0,0,0
1790616508.496927,133,0,0,0
1790616508.557817,132,0,0,0
1790616508.615498,132,0,0,0
1790616508.656812,131,0,0,0
1790616508.71707,133,0,0,0
1790616508.776356,145,0,0,0
1790616508.8157718,165,0,0,0
1790616508.875666,204,0,0,0
1790616508.935689,299,0,0,0
1790616508.996063,293,0,0,0
1790616509.035769,293,0,0,0
1790616509.095938,295,0,0,0
1790616509.156713,295,0,0,0
1790616509.216025,295,0,0,0
1790616509.257077,297,0,0,0
1790616509.315646,297,0,0,0
1790616509.375406,296,0,0,0
1790616509.41715,296,0,0,0
1790616509.4757938,347,0,0,0
1790616509.5355241,302,0,0,0
1790616509.575955,264,0,0,0
1790616509.6357162,244,0,0,0
1790616509.6962419,210,0,0,0
1790616509.735733,207,0,0,0
1790616509.7956102,207,0,0,0
1790616509.836277,203,0,0,0
1790616509.895742,204,0,0,0
1790616509.935814,204,0,0,0
1790616509.995722,202,0,0,0
1790616510.0357199,204,0,0,0
1790616510.09555,203,0,0,0
1790616510.156873,203,0,0,0
1790616510.195628,202,0,0,0
1790616510.257032,202,0,0,0
1790616510.315608,205,0,0,0
1790616510.357302,215,0,0,0
1790616510.415539,245,0,0,0
1790616510.475522,322,0,0,0
1790616510.516768,359,0,0,0
1790616510.575569,363,0,0,0
1790616510.6354508,361,0,0,0
1790616510.6970859,360,0,0,0
1790616510.735801,361,0,0,0
1790616510.795476,360,0,0,0
1790616510.855743,361,0,0,0
1790616510.915576,361,0,0,0
1790616510.956886,362,0,0,0
1790616511.015863,363,0,0,0
1790616511.0766761,368,0,0,0
1790616511.116729,442,0,0,0
1790616511.177973,600,0,0,0
1790616511.2375271,846,0,0,0
1790616511.2779782,850,0,0,0
1790616511.337429,838,0,0,0
1790616511.39804,840,0,0,0
1790616511.4577339,840,0,0,0
1790616511.4978728,842,0,0,0
1790616511.558475,843,0,0,0
1790616511.5995882,841,0,0,0
1790616511.659029,832,0,0,0
1790616511.697833,842,0,0,0
1790616511.757924,843,0,0,0
1790616511.815676,843,0,0,0
1790616511.858575,834,0,0,0
1790616511.919522,834,0,0,0
1790616511.959019,859,0,0,0
1790616512.023433,779,0,0,0
1790616512.07922,550,0,0,0
1790616512.1200662,442,0,0,0
1790616512.178657,356,0,0,0
1790616512.220698,299,0,0,0
1790616512.2787259,264,0,0,0
1790616512.338548,252,0,0,0
1790616512.398703,213,0,0,0
1790616512.459043,224,0,0,0
1790616512.498476,246,0,0,0
1790616512.558648,284,0,0,0
1790616512.62078,359,0,0,0
1790616512.6584551,294,0,0,0
1790616512.7211452,244,0,0,0
1790616512.758883,189,0,0,0
1790616512.819407,169,0,0,0
1790616512.8786619,158,0,0,0
1790616512.918723,155,0,0,0
1790616512.9787982,160,0,0,0
1790616513.0384388,178,0,0,0
1790616513.078515,208,0,0,0
1790616513.1385322,293,0,0,0
1790616513.1785338,477,0,0,0
1790616513.238615,1082,0,0,0
1790616513.2989252,785,0,0,0
1790616513.358845,767,0,0,0
1790616513.41838,771,0,0,0
1790616513.478679,790,0,0,0
1790616513.539676,610,0,0,0
1790616513.579575,413,0,0,0
1790616513.660439,322,0,0,0
1790616513.7005498,311,0,0,0
1790616513.760451,300,0,0,0
1790616513.800991,298,0,0,0
1790616513.8607008,306,0,0,0
1790616513.9009879,295,0,0,0
1790616513.960924,305,0,0,0
1790616514.0209038,304,0,0,0
1790616514.080749,295,0,0,0
1790616514.120847,294,0,0,0
1790616514.18174,304,0,0,0
1790616514.220762,304,0,0,0
1790616514.281939,302,0,0,0
1790616514.340461,304,0,0,0
1790616514.3807518,308,0,0,0
1790616514.4406269,361,0,0,0
1790616514.48107,420,0,0,0
1790616514.5405009,488,0,0,0
1790616514.580715,490,0,0,0
1790616514.640724,492,0,0,0
1790616514.7018619,492,0,0,0
1790616514.741389,495,0,0,0
1790616514.801439,496,0,0,0
1790616514.861645,496,0,0,0
1790616514.901982,496,0,0,0
1790616514.961588,440,0,0,0
1790616515.001626,440,0,0,0
1790616515.061528,397,0,0,0
1790616515.122456,395,0,0,0
1790616515.161807,396,0,0,0
1790616515.221758,397,0,0,0
1790616515.281384,395,0,0,0
1790616515.3229609,396,0,0,0
1790616515.382623,398,0,0,0
1790616515.426702,398,0,0,0
1790616515.482651,399,0,0,0
1790616515.522754,396,0,0,0
1790616515.582742,399,0,0,0
1790616515.642674,396,0,0,0
1790616515.6868212,399,0,0,0
1790616515.747566,399,0,0,0
1790616515.8025641,399,0,0,0
1790616515.8497138,398,0,0,0
1790616515.922579,399,0,0,0
1790616515.963401,399,0,0,0
1790616516.022742,400,0,0,0
1790616516.0627892,372,0,0,0
1790616516.124566,354,0,0,0
1790616516.187466,306,0,0,0
1790616516.225253,345,0,0,0
1790616516.285516,454,0,0,0
1790616516.342456,732,0,0,0
1790616516.402546,785,0,0,0
1790616516.44625,772,0,0,0
1790616516.502568,772,0,0,0
1790616516.56514,773,0,0,0
1790616516.620458,772,0,0,0
1790616516.662561,773,0,0,0
1790616516.723677,773,0,0,0
1790616516.783881,774,0,0,0
1790616516.82338,774,0,0,0
1790616516.885995,775,0,0,0
1790616516.946356,775,0,0,0
1790616517.002669,772,0,0,0
1790616517.047246,777,0,0,0
1790616517.102834,815,0,0,0
1790616517.16254,929,0,0,0
1790616517.2028742,1062,0,0,0
1790616517.269153,322,0,0,0
1790616517.322753,336,0,0,0
1790616517.386249,333,0,0,0
1790616517.447841,333,0,0,0
1790616517.484712,334,0,0,0
1790616517.5467782,334,0,0,0
1790616517.602515,334,0,0,0
1790616517.6450438,336,0,0,0
1790616517.702587,335,0,0,0
1790616517.745611,335,0,0,0
1790616517.8025548,337,0,0,0
1790616517.862592,337,0,0,0
1790616517.902729,337,0,0,0
1790616517.962601,336,0,0,0
1790616518.006314,753,0,0,0
1790616518.06247,874,0,0,0
1790616518.122846,832,0,0,0
1790616518.184177,814,0,0,0
1790616518.222524,793,0,0,0
1790616518.2836668,776,0,0,0
1790616518.3429718,773,0,0,0
1790616518.3865018,772,0,0,0
1790616518.44663,772,0,0,0
1790616518.5025868,771,0,0,0
1790616518.5439832,772,0,0,0
1790616518.602564,772,0,0,0
1790616518.662384,772,0,0,0
1790616518.7035708,772,0,0,0
1790616518.7671008,768,0,0,0
1790616518.824203,800,0,0,0
1790616518.885982,839,0,0,0
1790616518.9461179,1034,0,0,0
1790616518.9838421,389,0,0,0
1790616519.0449789,314,0,0,0
1790616519.086455,266,0,0,0
1790616519.1436281,266,0,0,0
1790616519.203403,161,0,0,0
1790616519.2679482,155,0,0,0
1790616519.3233962,154,0,0,0
1790616519.365481,154,0,0,0
1790616519.425644,153,0,0,0
1790616519.463522,151,0,0,0
1790616519.523563,151,0,0,0
1790616519.563518,151,0,0,0
1790616519.62359,150,0,0,0
1790616519.683245,149,0,0,0
1790616519.724117,149,0,0,0
1790616519.8034089,149,0,0,0
1790616519.8461912,148,0,0,0
1790616519.907988,148,0,0,0
1790616519.944067,147,0,0,0
1790616520.003784,148,0,0,0
1790616520.0476642,148,0,0,0
1790616520.103671,148,0,0,0
1790616520.1636338,147,0,0,0
1790616520.207179,146,0,0,0
1790616520.2658272,146,0,0,0
1790616520.3084002,146,0,0,0
1790616520.363598,147,0,0,0
1790616520.423529,146,0,0,0
1790616520.464939,145,0,0,0
1790616520.523297,146,0,0,0
1790616520.584415,145,0,0,0
1790616520.625023,144,0,0,0
1790616520.6843362,144,0,0,0
1790616520.7467148,143,0,0,0
1790616520.8076842,145,0,0,0
1790616520.845921,145,0,0,0
1790616520.907604,143,0,0,0
1790616520.9439301,145,0,0,0
1790616521.008835,145,0,0,0
1790616521.065923,146,0,0,0
1790616521.123517,145,0,0,0
1790616521.1637728,143,0,0,0
1790616521.22337,143,0,0,0
1790616521.2842119,142,0,0,0
1790616521.3455858,142,0,0,0
1790616521.408065,144,0,0,0
1790616521.443413,144,0,0,0
1790616521.5058181,144,0,0,0
1790616521.565863,143,0,0,0
1790616521.610233,142,0,0,0
1790616521.6660118,141,0,0,0
1790616521.723438,142,0,0,0
1790616521.7834198,142,0,0,0
1790616521.824563,142,0,0,0
1790616521.8833122,141,0,0,0
1790616521.925427,141,0,0,0
1790616521.983428,142,0,0,0
1790616522.0458329,142,0,0,0
1790616522.106693,141,0,0,0
1790616522.1454878,144,0,0,0
1790616522.204609,161,0,0,0
1790616522.24383,190,0,0,0
1790616522.320458,225,0,0,0
1790616522.3635042,1508,0,0,0
1790616522.425659,798,0,0,0
1790616522.463592,756,0,0,0
1790616522.523625,748,0,0,0
1790616522.594073,749,0,0,0
1790616522.6443589,750,0,0,0
1790616522.683527,749,0,0,0
1790616522.743535,750,0,0,0
1790616522.783385,750,0,0,0
1790616522.8447208,745,0,0,0
1790616522.90741,730,0,0,0
1790616522.944324,712,0,0,0
1790616523.0080068,691,0,0,0
1790616523.066161,668,0,0,0
1790616523.1082041,648,0,0,0
1790616523.16342,631,0,0,0
1790616523.223943,628,0,0,0
1790616523.269427,585,0,0,0
1790616523.343408,565,0,0,0
1790616523.3843799,547,0,0,0
1790616523.4433799,525,0,0,0
1790616523.505835,506,0,0,0
1790616523.563343,485,0,0,0
1790616523.607061,466,0,0,0
1790616523.663892,447,0,0,0
1790616523.723247,430,0,0,0
1790616523.768682,413,0,0,0
1790616523.8236392,394,0,0,0
1790616523.8633559,377,0,0,0
1790616523.924144,358,0,0,0
1790616523.9635031,337,0,0,0
1790616524.0239072,315,0,0,0
1790616524.086089,266,0,0,0
1790616524.123688,243,0,0,0
1790616524.185655,183,0,0,0
1790616524.223555,146,0,0,0
1790616524.284726,103,0,0,0
1790616524.343499,53,0,0,0
1790616524.38358,11,0,0,0
1790616524.445678,21,0,0,0
1790616524.505911,18,0,0,0
1790616524.543299,2,0,0,0
1790616524.603759,2,0,0,0
1790616524.6634429,10,0,0,0
1790616524.703795,12,0,0,0
1790616524.767645,16,0,0,0
1790616524.82766,40,0,0,0
1790616524.8833668,305,0,0,0
1790616524.923723,896,0,0,0
1790616524.9860291,948,0,0,0
1790616525.0247612,968,0,0,0
1790616525.083311,981,0,0,0
1790616525.1239622,990,0,0,0
1790616525.18336,998,0,0,0
1790616525.223493,1007,0,0,0
1790616525.28328,1028,0,0,0
1790616525.344179,1040,0,0,0
1790616525.403276,1054,0,0,0
1790616525.444766,1069,0,0,0
1790616525.505322,1079,0,0,0
1790616525.566242,1091,0,0,0
1790616525.603494,1097,0,0,0
1790616525.666343,1107,0,0,0
1790616525.723511,1114,0,0,0
1790616525.76805,1128,0,0,0
1790616525.825814,1139,0,0,0
1790616525.883477,1153,0,0,0
1790616525.9235141,1162,0,0,0
1790616525.983287,1173,0,0,0
1790616526.044078,1187,0,0,0
1790616526.083478,1196,0,0,0
1790616526.143316,1206,0,0,0
1790616526.184051,1216,0,0,0
1790616526.2473888,1235,0,0,0
1790616526.304971,1245,0,0,0
1790616526.3664489,1259,0,0,0
1790616526.404139,1271,0,0,0
1790616526.4678621,1283,0,0,0
1790616526.5232189,1293,0,0,0
1790616526.56777,1305,0,0,0
1790616526.623393,1309,0,0,0
1790616526.683191,1324,0,0,0
1790616526.7232902,1336,0,0,0
1790616526.7832608,1345,0,0,0
1790616526.8446,1354,0,0,0
1790616526.883509,1364,0,0,0
1790616526.9434721,1379,0,0,0
1790616526.9867132,1387,0,0,0
1790616527.04658,1413,0,0,0
1790616527.124435,1421,0,0,0
1790616527.164767,1430,0,0,0
1790616527.2234461,1443,0,0,0
1790616527.283402,1451,0,0,0
1790616527.3258991,1462,0,0,0
1790616527.383554,1471,0,0,0
1790616527.4433322,1473,0,0,0
1790616527.4843361,1471,0,0,0
1790616527.5236669,1471,0,0,0
1790616527.583373,1474,0,0,0
1790616527.6433961,1472,0,0,0
1790616527.684503,1476,0,0,0
1790616527.74326,1465,0,0,0
1790616527.805328,1464,0,0,0
1790616527.8432808,1466,0,0,0
1790616527.903255,1471,0,0,0
1790616527.9463491,1462,0,0,0
1790616528.003725,1464,0,0,0
1790616528.066657,1466,0,0,0
1790616528.105003,1457,0,0,0
1790616528.167982,1348,0,0,0
1790616528.2048051,997,0,0,0
1790616528.2723331,769,0,0,0
1790616528.327172,710,0,0,0
1790616528.3862882,701,0,0,0
1790616528.4434528,737,0,0,0
1790616528.483341,776,0,0,0
1790616528.543478,798,0,0,0
1790616528.583431,810,0,0,0
1790616528.64345,808,0,0,0
1790616528.703831,798,0,0,0
1790616528.7433338,780,0,0,0
1790616528.826591,736,0,0,0
1790616528.865421,713,0,0,0
1790616528.923412,699,0,0,0
1790616528.9681568,686,0,0,0
1790616529.0280142,686,0,0,0
1790616529.083637,654,0,0,0
1790616529.12738,634,0,0,0
1790616529.1833322,626,0,0,0
1790616529.245688,588,0,0,0
1790616529.306446,567,0,0,0
1790616529.36379,542,0,0,0
1790616529.426244,525,0,0,0
1790616529.485237,508,0,0,0
1790616529.526329,487,0,0,0
1790616529.585361,464,0,0,0
1790616529.6433249,443,0,0,0
1790616529.683624,428,0,0,0
1790616529.74331,414,0,0,0
1790616529.804061,399,0,0,0
1790616529.864374,384,0,0,0
1790616529.903681,368,0,0,0
1790616529.965344,352,0,0,0
1790616530.005592,335,0,0,0
1790616530.06528,318,0,0,0
1790616530.125901,303,0,0,0
1790616530.163597,279,0,0,0
1790616530.227146,244,0,0,0
1790616530.283477,231,0,0,0
1790616530.3435168,220,0,0,0
1790616530.383543,213,0,0,0
1790616530.4432662,207,0,0,0
1790616530.483417,199,0,0,0
1790616530.543366,194,0,0,0
1790616530.583408,191,0,0,0
1790616530.64341,186,0,0,0
1790616530.7054799,182,0,0,0
1790616530.771749,179,0,0,0
1790616530.826005,173,0,0,0
1790616530.88331,170,0,0,0
1790616530.9269319,165,0,0,0
1790616530.9833658,159,0,0,0
1790616531.0465531,153,0,0,0
1790616531.0832481,148,0,0,0
1790616531.143337,143,0,0,0
1790616531.203346,137,0,0,0
1790616531.2434099,131,0,0,0
1790616531.305163,129,0,0,0
1790616531.363769,127,0,0,0
1790616531.425799,127,0,0,0
1790616531.4654,127,0,0,0
1790616531.5265431,129,0,0,0
1790616531.5837052,131,0,0,0
1790616531.6437812,131,0,0,0
1790616531.703991,133,0,0,0
1790616531.744283,134,0,0,0
1790616531.803458,134,0,0,0
1790616531.863323,137,0,0,0
1790616531.923321,140,0,0,0
1790616531.983744,144,0,0,0
1790616532.043377,145,0,0,0
1790616532.083515,146,0,0,0
1790616532.14329,146,0,0,0
1790616532.1836002,147,0,0,0
1790616532.243893,147,0,0,0
1790616532.303319,147,0,0,0
1790616532.344198,147,0,0,0
1790616532.403292,147,0,0,0
1790616532.446698,147,0,0,0
1790616532.50331,148,0,0,0
1790616532.563183,147,0,0,0
1790616532.6033669,148,0,0,0
1790616532.664444,147,0,0,0
1790616532.703464,145,0,0,0
1790616532.770617,145,0,0,0
1790616532.823393,145,0,0,0
1790616532.8658931,146,0,0,0
1790616532.924774,145,0,0,0
1790616532.964791,146,0,0,0
1790616533.0263329,146,0,0,0
1790616533.0656362,147,0,0,0
1790616533.125898,146,0,0,0
1790616533.183288,145,0,0,0
1790616533.2433522,145,0,0,0
1790616533.283393,143,0,0,0
1790616533.343503,142,0,0,0
1790616533.403341,144,0,0,0
1790616533.443739,145,0,0,0
1790616533.503338,144,0,0,0
1790616533.5631418,144,0,0,0
1790616533.62341,144,0,0,0
1790616533.664295,144,0,0,0
1790616533.723277,143,0,0,0
1790616533.788218,143,0,0,0
1790616533.863287,145,0,0,0
1790616533.925187,145,0,0,0
1790616533.963329,144,0,0,0
1790616534.026449,143,0,0,0
1790616534.086265,141,0,0,0
1790616534.12363,140,0,0,0
1790616534.1860008,141,0,0,0
1790616534.2246678,143,0,0,0
1790616534.28691,144,0,0,0
1790616534.34369,145,0,0,0
1790616534.405592,143,0,0,0
1790616534.463253,143,0,0,0
1790616534.503463,142,0,0,0
1790616534.563348,141,0,0,0
1790616534.60341,141,0,0,0
1790616534.665447,140,0,0,0
1790616534.7251918,142,0,0,0
1790616534.785912,140,0,0,0
1790616534.825577,142,0,0,0
1790616534.8860369,142,0,0,0
1790616534.9431949,141,0,0,0
1790616534.9863129,138,0,0,0
1790616535.043273,148,0,0,0
1790616535.1032388,169,0,0,0
1790616535.1433852,201,0,0,0
1790616535.2036228,306,0,0,0
1790616535.243567,449,0,0,0
1790616535.305333,902,0,0,0
1790616535.365372,870,0,0,0
1790616535.403753,867,0,0,0
1790616535.46324,870,0,0,0
1790616535.5241148,870,0,0,0
1790616535.5632708,869,0,0,0
1790616535.6242502,870,0,0,0
1790616535.665084,868,0,0,0
1790616535.724303,860,0,0,0
1790616535.7883499,848,0,0,0
1790616535.825175,831,0,0,0
1790616535.8877141,809,0,0,0
1790616535.944256,788,0,0,0
1790616535.987732,769,0,0,0
1790616536.0530791,753,0,0,0
1790616536.124175,726,0,0,0
1790616536.164702,713,0,0,0
1790616536.224323,700,0,0,0
1790616536.28527,700,0,0,0
1790616536.344418,669,0,0,0
1790616536.4043012,651,0,0,0
1790616536.445683,633,0,0,0
1790616536.504368,630,0,0,0
1790616536.564391,601,0,0,0
1790616536.604414,561,0,0,0
1790616536.664845,545,0,0,0
1790616536.724283,528,0,0,0
1790616536.769067,511,0,0,0
1790616536.8241348,497,0,0,0
1790616536.886743,475,0,0,0
1790616536.924181,459,0,0,0
1790616536.986486,459,0,0,0
1790616537.045569,425,0,0,0
1790616537.1042151,409,0,0,0
1790616537.144361,393,0,0,0
1790616537.205531,378,0,0,0
1790616537.2442749,363,0,0,0
1790616537.304846,363,0,0,0
1790616537.364191,335,0,0,0
1790616537.4243011,318,0,0,0
1790616537.4642618,313,0,0,0
1790616537.525592,311,0,0,0
1790616537.564356,307,0,0,0
1790616537.6256871,301,0,0,0
1790616537.685171,295,0,0,0
1790616537.7253098,288,0,0,0
1790616537.804647,281,0,0,0
1790616537.8642912,275,0,0,0
1790616537.9050932,270,0,0,0
1790616537.96437,244,0,0,0
1790616538.004378,237,0,0,0
1790616538.065307,237,0,0,0
1790616538.104491,230,0,0,0
1790616538.164667,225,0,0,0
1790616538.204305,218,0,0,0
1790616538.290507,213,0,0,0
1790616538.346559,207,0,0,0
1790616538.386643,196,0,0,0
1790616538.446638,193,0,0,0
1790616538.485237,190,0,0,0
1790616538.545801,191,0,0,0
1790616538.586414,189,0,0,0
1790616538.646116,187,0,0,0
1790616538.6870909,186,0,0,0
1790616538.745696,187,0,0,0
1790616538.804207,186,0,0,0
1790616538.8641899,185,0,0,0
1790616538.904397,184,0,0,0
1790616538.964503,185,0,0,0
1790616539.0042849,182,0,0,0
1790616539.064333,183,0,0,0
1790616539.12534,181,0,0,0
1790616539.1642969,181,0,0,0
1790616539.2243829,181,0,0,0
1790616539.287918,180,0,0,0
1790616539.346797,181,0,0,0
1790616539.4061959,180,0,0,0
1790616539.464349,181,0,0,0
1790616539.504328,179,0,0,0
1790616539.564359,180,0,0,0
1790616539.625111,179,0,0,0
1790616539.685133,180,0,0,0
1790616539.724203,178,0,0,0
1790616539.7856052,177,0,0,0
1790616539.847426,180,0,0,0
1790616539.886123,179,0,0,0
1790616539.948813,179,0,0,0
1790616540.0057259,178,0,0,0
1790616540.064168,179,0,0,0
1790616540.1042528,178,0,0,0
1790616540.1641269,178,0,0,0
1790616540.2052522,177,0,0,0
1790616540.26909,178,0,0,0
1790616540.324854,178,0,0,0
1790616540.3850281,178,0,0,0
1790616540.4243178,178,0,0,0
1790616540.48428,178,0,0,0
1790616540.544563,176,0,0,0
1790616540.604246,176,0,0,0
1790616540.645194,176,0,0,0
1790616540.704191,175,0,0,0
1790616540.765022,178,0,0,0
1790616540.805366,178,0,0,0
1790616540.864915,175,0,0,0
1790616540.9250538,176,0,0,0
1790616540.9843998,177,0,0,0
1790616541.049132,178,0,0,0
1790616541.0853472,178,0,0,0
1790616541.1487339,178,0,0,0
1790616541.184309,177,0,0,0
1790616541.246519,176,0,0,0
1790616541.304749,177,0,0,0
1790616541.347465,175,0,0,0
1790616541.4042041,175,0,0,0
1790616541.4640691,174,0,0,0
1790616541.504315,176,0,0,0
1790616541.564699,177,0,0,0
1790616541.604269,177,0,0,0
1790616541.664876,178,0,0,0
1790616541.724067,178,0,0,0
1790616541.7842162,177,0,0,0
1790616541.8460212,177,0,0,0
1790616541.88514,177,0,0,0
1790616541.944179,177,0,0,0
1790616542.004529,178,0,0,0
1790616542.064275,178,0,0,0
1790616542.108163,178,0,0,0
1790616542.164639,183,0,0,0
1790616542.208517,208,0,0,0
1790616542.2650108,240,0,0,0
1790616542.32438,341,0,0,0
1790616542.364301,398,0,0,0
1790616542.425869,539,0,0,0
1790616542.465008,869,0,0,0
1790616542.524485,849,0,0,0
1790616542.564349,827,0,0,0
1790616542.624372,826,0,0,0
1790616542.684345,828,0,0,0
1790616542.7243268,829,0,0,0
1790616542.805655,829,0,0,0
1790616542.8642921,831,0,0,0
1790616542.9062972,831,0,0,0
1790616542.964437,832,0,0,0
1790616543.024493,831,0,0,0
1790616543.0644531,832,0,0,0
1790616543.124104,830,0,0,0
1790616543.164448,826,0,0,0
1790616543.224257,812,0,0,0
1790616543.284191,795,0,0,0
1790616543.324265,774,0,0,0
1790616543.384547,751,0,0,0
1790616543.445533,731,0,0,0
1790616543.484546,715,0,0,0
1790616543.544678,702,0,0,0
1790616543.584182,691,0,0,0
1790616543.6482902,678,0,0,0
1790616543.684408,665,0,0,0
1790616543.745473,649,0,0,0
1790616543.807936,644,0,0,0
1790616543.864091,591,0,0,0
1790616543.924266,570,0,0,0
1790616543.984751,552,0,0,0
1790616544.024357,536,0,0,0
1790616544.084193,522,0,0,0
1790616544.124344,508,0,0,0
1790616544.184257,492,0,0,0
1790616544.2439811,475,0,0,0
1790616544.28455,456,0,0,0
1790616544.345589,438,0,0,0
1790616544.407747,422,0,0,0
1790616544.44432,407,0,0,0
1790616544.5077498,391,0,0,0
1790616544.5443058,377,0,0,0
1790616544.6050491,361,0,0,0
1790616544.664735,345,0,0,0
1790616544.724891,316,0,0,0
1790616544.765053,303,0,0,0
1790616544.825114,293,0,0,0
1790616544.884088,285,0,0,0
1790616544.9447649,253,0,0,0
1790616544.985095,246,0,0,0
1790616545.064317,242,0,0,0
1790616545.1063712,240,0,0,0
1790616545.165756,239,0,0,0
1790616545.224307,235,0,0,0
1790616545.284082,236,0,0,0
1790616545.3242939,236,0,0,0
1790616545.385052,236,0,0,0
1790616545.424271,236,0,0,0
1790616545.484768,236,0,0,0
1790616545.525942,236,0,0,0
1790616545.584285,237,0,0,0
1790616545.644068,237,0,0,0
1790616545.685405,237,0,0,0
1790616545.744179,236,0,0,0
1790616545.807012,238,0,0,0
1790616545.8441112,237,0,0,0
1790616545.9057658,236,0,0,0
1790616545.9443462,235,0,0,0
1790616546.0052412,237,0,0,0
1790616546.044148,235,0,0,0
1790616546.1055412,236,0,0,0
1790616546.165035,236,0,0,0
1790616546.206474,236,0,0,0
1790616546.268239,234,0,0,0
1790616546.324522,235,0,0,0
1790616546.3642151,236,0,0,0
1790616546.424463,236,0,0,0
1790616546.46755,233,0,0,0
1790616546.524096,236,0,0,0
1790616546.567989,236,0,0,0
1790616546.624692,236,0,0,0
1790616546.666789,235,0,0,0
1790616546.72448,236,0,0,0
1790616546.7844,283,0,0,0
1790616546.845014,368,0,0,0
1790616546.8849752,399,0,0,0
1790616546.94424,329,0,0,0
1790616547.0069828,281,0,0,0
1790616547.044906,250,0,0,0
1790616547.106173,203,0,0,0
1790616547.144432,192,0,0,0
1790616547.206296,191,0,0,0
1790616547.269254,187,0,0,0
1790616547.324259,187,0,0,0
1790616547.385067,186,0,0,0
1790616547.4248698,186,0,0,0
1790616547.484194,186,0,0,0
1790616547.524599,187,0,0,0
1790616547.585328,187,0,0,0
1790616547.624285,187,0,0,0
1790616547.684479,186,0,0,0
1790616547.744328,186,0,0,0
1790616547.784239,186,0,0,0
1790616547.8449652,194,0,0,0
1790616547.9057112,213,0,0,0
1790616547.944486,237,0,0,0
1790616548.005002,237,0,0,0
1790616548.066005,375,0,0,0
1790616548.1245198,449,0,0,0
1790616548.16681,634,0,0,0
1790616548.224473,966,0,0,0
1790616548.284024,2029,0,0,0
1790616548.324142,2031,0,0,0
1790616548.384744,2029,0,0,0
1790616548.424313,2024,0,0,0
1790616548.484003,2020,0,0,0
1790616548.544257,2027,0,0,0
1790616548.604944,2027,0,0,0
1790616548.6442418,2026,0,0,0
1790616548.704316,2028,0,0,0
1790616548.7443671,2027,0,0,0
1790616548.805155,2026,0,0,0
1790616548.865933,2028,0,0,0
1790616548.904274,2031,0,0,0
1790616548.964324,2025,0,0,0
1790616549.0056279,939,0,0,0
1790616549.0650518,631,0,0,0
1790616549.1252759,477,0,0,0
1790616549.184147,403,0,0,0
1790616549.224511,319,0,0,0
1790616549.284037,279,0,0,0
1790616549.324656,254,0,0,0
1790616549.384664,210,0,0,0
1790616549.444021,198,0,0,0
1790616549.484318,199,0,0,0
1790616549.564596,239,0,0,0
1790616549.624696,279,0,0,0
1790616549.664735,368,0,0,0
1790616549.7243898,391,0,0,0
1790616549.784172,335,0,0,0
1790616549.8243148,301,0,0,0
1790616549.884015,281,0,0,0
1790616549.943987,247,0,0,0
1790616549.985368,243,0,0,0
1790616550.044582,257,0,0,0
1790616550.085334,282,0,0,0
1790616550.1439831,367,0,0,0
1790616550.204005,406,0,0,0
1790616550.2444081,506,0,0,0
1790616550.305643,1067,0,0,0
1790616550.3654132,2327,0,0,0
1790616550.405662,2796,0,0,0
1790616550.4660978,2698,0,0,0
1790616550.505388,2754,0,0,0
1790616550.565825,2749,0,0,0
1790616550.624067,2753,0,0,0
1790616550.664505,2738,0,0,0
1790616550.7241971,2749,0,0,0
1790616550.7841432,2760,0,0,0
1790616550.844269,2753,0,0,0
1790616550.904748,2754,0,0,0
1790616550.945067,2742,0,0,0
1790616551.004985,2749,0,0,0
1790616551.045265,2742,0,0,0
1790616551.105852,1959,0,0,0
1790616551.167899,888,0,0,0
1790616551.2053928,888,0,0,0
1790616551.2735412,452,0,0,0
1790616551.328026,382,0,0,0
1790616551.384001,332,0,0,0
1790616551.4273129,299,0,0,0
1790616551.485157,258,0,0,0
1790616551.54415,251,0,0,0
1790616551.584234,251,0,0,0
1790616551.644876,249,0,0,0
1790616551.7044191,246,0,0,0
1790616551.751481,245,0,0,0
1790616551.804369,246,0,0,0
1790616551.86511,244,0,0,0
1790616551.904439,243,0,0,0
1790616551.965854,244,0,0,0
1790616552.004939,242,0,0,0
1790616552.064543,241,0,0,0
1790616552.1256268,242,0,0,0
1790616552.184247,241,0,0,0
1790616552.244106,244,0,0,0
1790616552.304925,242,0,0,0
1790616552.364944,241,0,0,0
1790616552.425049,244,0,0,0
1790616552.467103,242,0,0,0
1790616552.5264719,242,0,0,0
1790616552.565409,242,0,0,0
1790616552.625898,240,0,0,0
1790616552.666255,240,0,0,0
1790616552.726343,240,0,0,0
1790616552.784116,240,0,0,0
1790616552.825865,239,0,0,0
1790616552.883936,240,0,0,0
1790616552.944923,240,0,0,0
1790616552.983961,241,0,0,0
1790616553.044021,242,0,0,0
1790616553.084057,241,0,0,0
1790616553.144158,240,0,0,0
1790616553.184125,241,0,0,0
1790616553.244173,240,0,0,0
1790616553.305108,240,0,0,0
1790616553.364463,241,0,0,0
1790616553.404017,240,0,0,0
1790616553.4651148,241,0,0,0
1790616553.5041122,240,0,0,0
1790616553.5650282,240,0,0,0
1790616553.6041632,241,0,0,0
1790616553.664025,240,0,0,0
1790616553.726091,240,0,0,0
1790616553.76525,240,0,0,0
1790616553.826046,238,0,0,0
1790616553.884365,241,0,0,0
1790616553.9260821,241,0,0,0
1790616553.9925811,241,0,0,0
1790616554.063884,239,0,0,0
1790616554.104073,242,0,0,0
1790616554.164132,238,0,0,0
1790616554.204094,239,0,0,0
1790616554.2694368,240,0,0,0
1790616554.326391,240,0,0,0
1790616554.364001,240,0,0,0
1790616554.4244008,238,0,0,0
1790616554.4841862,238,0,0,0
1790616554.544106,242,0,0,0
1790616554.585023,258,0,0,0
1790616554.643954,291,0,0,0
1790616554.704032,365,0,0,0
1790616554.766527,461,0,0,0
1790616554.8259041,619,0,0,0
1790616554.8841228,948,0,0,0
1790616554.926835,2120,0,0,0
1790616554.987524,2786,0,0,0
1790616555.027565,2644,0,0,0
1790616555.083998,2717,0,0,0
1790616555.126545,2700,0,0,0
1790616555.184394,2706,0,0,0
1790616555.2271,2716,0,0,0
1790616555.28451,2713,0,0,0
1790616555.34489,2712,0,0,0
1790616555.404181,2707,0,0,0
1790616555.444185,2711,0,0,0
1790616555.505259,2700,0,0,0
1790616555.5650618,2709,0,0,0
1790616555.60413,2703,0,0,0
1790616555.664756,2706,0,0,0
1790616555.723916,2678,0,0,0
1790616555.770113,2667,0,0,0
1790616555.825569,2648,0,0,0
1790616555.8869472,2630,0,0,0
1790616555.9245162,2614,0,0,0
1790616555.988168,2597,0,0,0
1790616556.043939,2568,0,0,0
1790616556.087224,2553,0,0,0
1790616556.14412,2552,0,0,0
1790616556.187427,2528,0,0,0
1790616556.264825,2512,0,0,0
1790616556.326371,2495,0,0,0
1790616556.364193,2478,0,0,0
1790616556.4280572,2466,0,0,0
1790616556.485709,2466,0,0,0
1790616556.525633,2451,0,0,0
1790616556.5858161,2449,0,0,0
1790616556.6260421,2444,0,0,0
1790616556.6862369,2438,0,0,0
1790616556.744819,2425,0,0,0
1790616556.804775,2396,0,0,0
1790616556.863969,2384,0,0,0
1790616556.9257689,2360,0,0,0
1790616556.9648151,2348,0,0,0
1790616557.0245602,2335,0,0,0
1790616557.064066,2317,0,0,0
1790616557.12547,2300,0,0,0
1790616557.186257,2290,0,0,0
1790616557.225141,2283,0,0,0
1790616557.287085,2263,0,0,0
1790616557.327057,2253,0,0,0
1790616557.387543,2249,0,0,0
1790616557.4441879,2242,0,0,0
1790616557.484797,2232,0,0,0
1790616557.543915,2227,0,0,0
1790616557.588052,2226,0,0,0
1790616557.64391,2217,0,0,0
1790616557.687417,2222,0,0,0
1790616557.744102,2217,0,0,0
1790616557.803964,2209,0,0,0
1790616557.8439722,2204,0,0,0
1790616557.904667,2195,0,0,0
1790616557.944268,2192,0,0,0
1790616558.004274,2182,0,0,0
1790616558.064939,2186,0,0,0
1790616558.1043048,2178,0,0,0
1790616558.1647859,2177,0,0,0
1790616558.205323,2170,0,0,0
1790616558.26829,2168,0,0,0
1790616558.323947,2160,0,0,0
1790616558.384853,2157,0,0,0
1790616558.424059,2160,0,0,0
1790616558.504562,2159,0,0,0
1790616558.56589,2151,0,0,0
1790616558.6041641,2163,0,0,0
1790616558.6642828,2159,0,0,0
1790616558.723892,2162,0,0,0
1790616558.786206,2158,0,0,0
1790616558.8239648,2158,0,0,0
1790616558.886003,2152,0,0,0
1790616558.925162,2155,0,0,0
1790616558.9847932,2156,0,0,0
1790616559.023905,2154,0,0,0
1790616559.0839412,2158,0,0,0
1790616559.12414,2154,0,0,0
1790616559.1880052,2159,0,0,0
1790616559.243864,2158,0,0,0
1790616559.285184,2157,0,0,0
1790616559.343895,2157,0,0,0
1790616559.385431,2158,0,0,0
1790616559.444708,2156,0,0,0
1790616559.5039601,2155,0,0,0
1790616559.54407,2157,0,0,0
1790616559.604751,2155,0,0,0
1790616559.664024,2158,0,0,0
1790616559.7046468,2156,0,0,0
1790616559.7646239,2156,0,0,0
1790616559.824513,2154,0,0,0
1790616559.884398,2161,0,0,0
1790616559.9251719,2157,0,0,0
1790616559.9841468,2163,0,0,0
1790616560.047049,2153,0,0,0
1790616560.088277,2150,0,0,0
1790616560.146846,1036,0,0,0
1790616560.185923,677,0,0,0
1790616560.249065,474,0,0,0
1790616560.3047621,379,0,0,0
1790616560.3463922,309,0,0,0
1790616560.4047601,266,0,0,0
1790616560.447386,239,0,0,0
1790616560.504522,196,0,0,0
1790616560.5468469,179,0,0,0
1790616560.6041222,178,0,0,0
1790616560.663881,175,0,0,0
1790616560.728062,173,0,0,0
1790616560.785366,173,0,0,0
1790616560.824082,172,0,0,0
1790616560.8838131,172,0,0,0
1790616560.924737,171,0,0,0
1790616560.984921,171,0,0,0
1790616561.046209,170,0,0,0
1790616561.086355,170,0,0,0
1790616561.1471858,168,0,0,0
1790616561.203996,169,0,0,0
1790616561.246254,177,0,0,0
1790616561.30449,195,0,0,0
1790616561.3641229,220,0,0,0
1790616561.404031,260,0,0,0
1790616561.46415,354,0,0,0
1790616561.524849,430,0,0,0
1790616561.5646641,674,0,0,0
1790616561.6217248,900,0,0,0
1790616561.686819,866,0,0,0
1790616561.7240582,861,0,0,0
1790616561.78477,862,0,0,0
1790616561.847625,864,0,0,0
1790616561.904442,862,0,0,0
1790616561.948475,862,0,0,0
1790616562.004082,863,0,0,0
1790616562.049649,864,0,0,0
1790616562.103931,864,0,0,0
1790616562.147636,864,0,0,0
1790616562.203905,863,0,0,0
1790616562.264268,864,0,0,0
1790616562.3243442,864,0,0,0
1790616562.3638752,880,0,0,0
1790616562.424661,900,0,0,0
1790616562.48497,587,0,0,0
1790616562.524062,434,0,0,0
1790616562.585075,334,0,0,0
1790616562.62411,292,0,0,0
1790616562.685301,251,0,0,0
1790616562.7477582,182,0,0,0
1790616562.803881,177,0,0,0
1790616562.864083,180,0,0,0
1790616562.904078,194,0,0,0
1790616562.96454,221,0,0,0
1790616563.025245,255,0,0,0
1790616563.064045,328,0,0,0
1790616563.125484,430,0,0,0
1790616563.1846862,596,0,0,0
1790616563.2267132,913,0,0,0
1790616563.283865,2084,0,0,0
1790616563.324728,2167,0,0,0
1790616563.3844821,1733,0,0,0
1790616563.447165,718,0,0,0
1790616563.483862,466,0,0,0
1790616563.546336,370,0,0,0
1790616563.583856,264,0,0,0
1790616563.6454358,223,0,0,0
1790616563.684054,138,0,0,0
1790616563.74854,122,0,0,0
1790616563.8038888,118,0,0,0
1790616563.8638568,118,0,0,0
1790616563.904705,116,0,0,0
1790616563.9638789,116,0,0,0
1790616564.006963,114,0,0,0
1790616564.064729,114,0,0,0
1790616564.1040761,114,0,0,0
1790616564.164955,115,0,0,0
1790616564.2041512,117,0,0,0
1790616564.269686,116,0,0,0
1790616564.324117,125,0,0,0
1790616564.364526,122,0,0,0
1790616564.424533,112,0,0,0
1790616564.464064,122,0,0,0
1790616564.524399,123,0,0,0
1790616564.584373,138,0,0,0
1790616564.644198,154,0,0,0
1790616564.6847858,198,0,0,0
1790616564.7446132,334,0,0,0
1790616564.784729,391,0,0,0
1790616564.8457332,567,0,0,0
1790616564.906925,1462,0,0,0
1790616564.947886,2147,0,0,0
1790616565.0071309,2156,0,0,0
1790616565.06384,2156,0,0,0
1790616565.10712,2162,0,0,0
1790616565.164531,2152,0,0,0
1790616565.2237818,2163,0,0,0
1790616565.284684,2154,0,0,0
1790616565.324383,2158,0,0,0
1790616565.384029,2161,0,0,0
1790616565.445547,2158,0,0,0
1790616565.484019,2162,0,0,0
1790616565.544359,2165,0,0,0
1790616565.5839202,2157,0,0,0
1790616565.648264,2163,0,0,0
1790616565.6837509,2163,0,0,0
1790616565.743732,2160,0,0,0
1790616565.8056378,2163,0,0,0
1790616565.844016,2163,0,0,0
1790616565.9059231,2165,0,0,0
1790616565.9437299,2159,0,0,0
1790616566.004998,2159,0,0,0
1790616566.044855,2158,0,0,0
1790616566.1062999,2159,0,0,0
1790616566.146869,2157,0,0,0
1790616566.205858,2162,0,0,0
1790616566.264595,2159,0,0,0
1790616566.3238652,2151,0,0,0
1790616566.364245,2141,0,0,0
1790616566.423821,2128,0,0,0
1790616566.4641778,2102,0,0,0
1790616566.5237818,2080,0,0,0
1790616566.5837572,2055,0,0,0
1790616566.623981,2039,0,0,0
1790616566.684392,2022,0,0,0
1790616566.724541,2010,0,0,0
1790616566.8067598,1997,0,0,0
1790616566.844726,1988,0,0,0
1790616566.9058402,1969,0,0,0
1790616566.964326,1953,0,0,0
1790616567.0084639,1929,0,0,0
1790616567.063766,1914,0,0,0
1790616567.107316,1893,0,0,0
1790616567.164125,1882,0,0,0
1790616567.22447,1863,0,0,0
1790616567.264742,1833,0,0,0
1790616567.323916,1817,0,0,0
1790616567.364007,1800,0,0,0
1790616567.425299,1786,0,0,0
1790616567.484394,1765,0,0,0
1790616567.5244758,1748,0,0,0
1790616567.5849879,1730,0,0,0
1790616567.6246321,1720,0,0,0
1790616567.6852858,1700,0,0,0
1790616567.744122,1687,0,0,0
1790616567.783922,1667,0,0,0
1790616567.844401,1660,0,0,0
1790616567.905717,1641,0,0,0
1790616567.944399,1629,0,0,0
1790616568.005434,1620,0,0,0
1790616568.045242,1609,0,0,0
1790616568.106847,1604,0,0,0
1790616568.1655948,1604,0,0,0
1790616568.204514,1598,0,0,0
1790616568.2691112,1593,0,0,0
1790616568.324641,1590,0,0,0
1790616568.364574,1580,0,0,0
1790616568.424497,1567,0,0,0
1790616568.4840162,1563,0,0,0
1790616568.52453,1563,0,0,0
1790616568.584233,1558,0,0,0
1790616568.624392,1553,0,0,0
1790616568.684441,1550,0,0,0
1790616568.725308,1547,0,0,0
1790616568.78447,1543,0,0,0
1790616568.8443031,1536,0,0,0
1790616568.88429,1532,0,0,0
1790616568.944266,1531,0,0,0
1790616569.004267,1521,0,0,0
1790616569.0448132,1518,0,0,0
1790616569.1072671,1513,0,0,0
1790616569.16566,1513,0,0,0
1790616569.2077272,1515,0,0,0
1790616569.266717,1512,0,0,0
1790616569.3237498,1517,0,0,0
1790616569.384094,1520,0,0,0
1790616569.424288,1518,0,0,0
1790616569.484513,1522,0,0,0
1790616569.524396,1522,0,0,0
1790616569.584525,1523,0,0,0
1790616569.644196,1523,0,0,0
1790616569.704938,1520,0,0,0
1790616569.770741,1523,0,0,0
1790616569.805357,1519,0,0,0
1790616569.8657029,1523,0,0,0
1790616569.905837,1521,0,0,0
1790616569.965944,1518,0,0,0
1790616570.0046499,1523,0,0,0
1790616570.066338,1522,0,0,0
1790616570.124653,1522,0,0,0
1790616570.184598,1520,0,0,0
1790616570.2246342,1521,0,0,0
1790616570.2843719,1523,0,0,0
1790616570.344613,1520,0,0,0
1790616570.405379,1520,0,0,0
1790616570.444266,1522,0,0,0
1790616570.5050828,1523,0,0,0
1790616570.544021,1522,0,0,0
1790616570.6047711,1520,0,0,0
1790616570.6688058,1523,0,0,0
1790616570.7056892,1521,0,0,0
1790616570.7712152,1523,0,0,0
1790616570.824529,1520,0,0,0
1790616570.864768,1530,0,0,0
1790616570.924006,1121,0,0,0
1790616570.984281,627,0,0,0
1790616571.02418,454,0,0,0
1790616571.0838451,374,0,0,0
1790616571.124639,324,0,0,0
1790616571.184214,279,0,0,0
1790616571.223962,252,0,0,0
1790616571.284257,207,0,0,0
1790616571.343746,195,0,0,0
1790616571.38474,193,0,0,0
1790616571.4443982,191,0,0,0
1790616571.503975,190,0,0,0
1790616571.543926,189,0,0,0
1790616571.604846,190,0,0,0
1790616571.644008,188,0,0,0
1790616571.705738,187,0,0,0
1790616571.744262,187,0,0,0
1790616571.804439,187,0,0,0
1790616571.866198,185,0,0,0
1790616571.9328651,185,0,0,0
1790616571.984391,185,0,0,0
1790616572.024605,194,0,0,0
1790616572.085936,213,0,0,0
1790616572.124552,241,0,0,0
1790616572.184163,334,0,0,0
1790616572.2246232,379,0,0,0
1790616572.284105,503,0,0,0
1790616572.324672,725,0,0,0
1790616572.3840058,1374,0,0,0
1790616572.4245062,1489,0,0,0
1790616572.484673,1484,0,0,0
1790616572.543731,1485,0,0,0
1790616572.585004,1485,0,0,0
1790616572.643719,1488,0,0,0
1790616572.684118,1490,0,0,0
1790616572.743839,1491,0,0,0
1790616572.804513,1494,0,0,0
1790616572.844112,1490,0,0,0
1790616572.903753,1489,0,0,0
1790616572.944413,1489,0,0,0
1790616573.005075,1493,0,0,0
1790616573.067373,1491,0,0,0
1790616573.103969,801,0,0,0
1790616573.1648371,550,0,0,0
1790616573.212652,427,0,0,0
1790616573.28421,350,0,0,0
1790616573.3279831,293,0,0,0
1790616573.384032,259,0,0,0
1790616573.4247801,212,0,0,0
1790616573.483736,199,0,0,0
1790616573.527869,193,0,0,0
1790616573.5840771,200,0,0,0
1790616573.6438441,219,0,0,0
1790616573.6854348,250,0,0,0
1790616573.744159,653,0,0,0
1790616573.7845151,358,0,0,0
1790616573.8437781,458,0,0,0
1790616573.905167,678,0,0,0
1790616573.943964,1327,0,0,0
1790616574.003959,1525,0,0,0
1790616574.0443342,1523,0,0,0
1790616574.1045172,1083,0,0,0
1790616574.165948,1270,0,0,0
1790616574.244069,425,0,0,0
1790616574.28414,245,0,0,0
1790616574.344279,174,0,0,0
1790616574.3853571,149,0,0,0
1790616574.444441,128,0,0,0
1790616574.504469,118,0,0,0
1790616574.543915,115,0,0,0
1790616574.60427,115,0,0,0
1790616574.664772,114,0,0,0
1790616574.70415,112,0,0,0
1790616574.765804,113,0,0,0
1790616574.8245609,113,0,0,0
1790616574.864862,112,0,0,0
1790616574.925521,111,0,0,0
1790616574.966671,112,0,0,0
1790616575.02585,111,0,0,0
1790616575.084618,112,0,0,0
1790616575.125869,111,0,0,0
1790616575.1842518,111,0,0,0
1790616575.2264981,111,0,0,0
1790616575.284511,137,0,0,0
1790616575.343744,166,0,0,0
1790616575.384129,210,0,0,0
1790616575.443851,379,0,0,0
1790616575.484094,1606,0,0,0
1790616575.5437188,982,0,0,0
1790616575.603847,1517,0,0,0
1790616575.643886,1520,0,0,0
1790616575.7037828,1521,0,0,0
1790616575.771431,1525,0,0,0
1790616575.803863,1518,0,0,0
1790616575.864259,1518,0,0,0
1790616575.9248252,1525,0,0,0
1790616575.966506,1524,0,0,0
1790616576.0266602,1525,0,0,0
1790616576.064505,1526,0,0,0
1790616576.125886,1525,0,0,0
1790616576.1839712,1525,0,0,0
1790616576.226876,1528,0,0,0
1790616576.284598,1527,0,0,0
1790616576.3273401,1528,0,0,0
1790616576.38502,1527,0,0,0
1790616576.443728,1525,0,0,0
1790616576.504287,1531,0,0,0
1790616576.543825,1531,0,0,0
1790616576.584501,1525,0,0,0
1790616576.6449869,1525,0,0,0
1790616576.7037709,1529,0,0,0
1790616576.743892,1527,0,0,0
1790616576.8040051,1525,0,0,0
1790616576.863598,1528,0,0,0
1790616576.9038432,1529,0,0,0
1790616576.96369,1528,0,0,0
1790616577.003795,1524,0,0,0
1790616577.0640588,1515,0,0,0
1790616577.127411,1504,0,0,0
1790616577.167136,1483,0,0,0
1790616577.225896,1463,0,0,0
1790616577.2838771,1435,0,0,0
1790616577.328108,1419,0,0,0
1790616577.389342,1387,0,0,0
1790616577.444244,1373,0,0,0
1790616577.504096,1360,0,0,0
1790616577.544044,1347,0,0,0
1790616577.604063,1330,0,0,0
1790616577.664212,1312,0,0,0
1790616577.704101,1292,0,0,0
1790616577.765406,1271,0,0,0
1790616577.803864,1257,0,0,0
1790616577.864265,1241,0,0,0
1790616577.9039218,1225,0,0,0
1790616577.964175,1209,0,0,0
1790616578.0263638,1195,0,0,0
1790616578.0862012,1180,0,0,0
1790616578.124535,1162,0,0,0
1790616578.1874611,1145,0,0,0
1790616578.224222,1128,0,0,0
1790616578.287364,1109,0,0,0
1790616578.3438962,1092,0,0,0
1790616578.387445,1077,0,0,0
1790616578.443945,1062,0,0,0
1790616578.486593,1045,0,0,0
1790616578.545103,1007,0,0,0
1790616578.605364,1000,0,0,0
1790616578.6544719,989,0,0,0
1790616578.706145,979,0,0,0
1790616578.764736,973,0,0,0
1790616578.825719,968,0,0,0
1790616578.8651571,963,0,0,0
1790616578.9253619,959,0,0,0
1790616578.985305,956,0,0,0
1790616579.024885,944,0,0,0
1790616579.088835,944,0,0,0
1790616579.144736,938,0,0,0
1790616579.186025,932,0,0,0
1790616579.246165,920,0,0,0
1790616579.304862,912,0,0,0
1790616579.345006,910,0,0,0
1790616579.4048629,909,0,0,0
1790616579.46486,905,0,0,0
1790616579.504857,899,0,0,0
1790616579.5649128,892,0,0,0
1790616579.605042,887,0,0,0
1790616579.664914,880,0,0,0
1790616579.7254221,877,0,0,0
1790616579.76946,874,0,0,0
1790616579.8247411,872,0,0,0
1790616579.886671,873,0,0,0
1790616579.924812,881,0,0,0
1790616579.985601,873,0,0,0
1790616580.024816,873,0,0,0
1790616580.087283,871,0,0,0
1790616580.125012,873,0,0,0
1790616580.187757,874,0,0,0
1790616580.224813,872,0,0,0
1790616580.287856,874,0,0,0
1790616580.3449411,882,0,0,0
1790616580.404824,874,0,0,0
1790616580.445196,874,0,0,0
1790616580.506093,872,0,0,0
1790616580.544887,875,0,0,0
1790616580.604676,874,0,0,0
1790616580.664861,875,0,0,0
1790616580.704962,874,0,0,0
1790616580.7648509,873,0,0,0
1790616580.82454,874,0,0,0
1790616580.864827,873,0,0,0
1790616580.9254909,873,0,0,0
1790616580.964863,872,0,0,0
1790616581.0248818,873,0,0,0
1790616581.087317,875,0,0,0
1790616581.12497,873,0,0,0
1790616581.186232,875,0,0,0
1790616581.224812,874,0,0,0
1790616581.284539,874,0,0,0
1790616581.3446772,873,0,0,0
1790616581.404768,874,0,0,0
1790616581.444758,873,0,0,0
1790616581.505049,873,0,0,0
1790616581.5450082,873,0,0,0
1790616581.60501,875,0,0,0
1790616581.6638389,874,0,0,0
1790616581.70489,875,0,0,0
1790616581.765186,874,0,0,0
1790616581.824578,874,0,0,0
1790616581.864796,873,0,0,0
1790616581.9258082,873,0,0,0
1790616581.9873369,866,0,0,0
1790616582.025276,878,0,0,0
1790616582.086215,871,0,0,0
1790616582.144879,874,0,0,0
1790616582.184921,872,0,0,0
1790616582.2447271,875,0,0,0
1790616582.284802,874,0,0,0
1790616582.344838,874,0,0,0
1790616582.4052212,875,0,0,0
1790616582.446403,878,0,0,0
1790616582.504724,877,0,0,0
1790616582.546397,878,0,0,0
1790616582.604644,878,0,0,0
1790616582.6473851,879,0,0,0
1790616582.7049658,879,0,0,0
1790616582.747336,879,0,0,0
1790616582.804644,879,0,0,0
1790616582.864945,880,0,0,0
1790616582.9058208,877,0,0,0
1790616582.965652,879,0,0,0
1790616583.0065632,880,0,0,0
1790616583.065829,878,0,0,0
1790616583.125578,878,0,0,0
1790616583.186938,878,0,0,0
1790616583.247835,878,0,0,0
1790616583.286072,879,0,0,0
1790616583.347151,881,0,0,0
1790616583.386195,878,0,0,0
1790616583.447592,879,0,0,0
1790616583.5057411,879,0,0,0
1790616583.5475168,879,0,0,0
1790616583.605772,876,0,0,0
1790616583.6458812,874,0,0,0
1790616583.705706,874,0,0,0
1790616583.765773,875,0,0,0
1790616583.805952,877,0,0,0
1790616583.8658051,879,0,0,0
1790616583.925657,877,0,0,0
1790616583.965707,883,0,0,0
1790616584.025795,879,0,0,0
1790616584.086415,885,0,0,0
1790616584.1257758,783,0,0,0
1790616584.185813,552,0,0,0
1790616584.226013,448,0,0,0
1790616584.288218,370,0,0,0
1790616584.34652,317,0,0,0
1790616584.385998,285,0,0,0
1790616584.445865,265,0,0,0
1790616584.505642,234,0,0,0
1790616584.545863,230,0,0,0
1790616584.606386,225,0,0,0
1790616584.6658099,236,0,0,0
1790616584.705803,234,0,0,0
1790616584.768524,235,0,0,0
1790616584.805805,232,0,0,0
1790616584.8658218,233,0,0,0
1790616584.905754,233,0,0,0
1790616584.9657931,231,0,0,0
1790616585.025537,230,0,0,0
1790616585.0660322,233,0,0,0
1790616585.125483,229,0,0,0
1790616585.187618,230,0,0,0
1790616585.225719,226,0,0,0
1790616585.2860339,256,0,0,0
1790616585.3477771,279,0,0,0
1790616585.409837,279,0,0,0
1790616585.446217,455,0,0,0
1790616585.505638,576,0,0,0
1790616585.5491998,803,0,0,0
1790616585.608126,1406,0,0,0
1790616585.665676,2100,0,0,0
1790616585.706903,2086,0,0,0
1790616585.765738,2095,0,0,0
1790616585.825741,2087,0,0,0
1790616585.865933,2096,0,0,0
1790616585.9257689,2090,0,0,0
1790616585.9855921,2091,0,0,0
1790616586.025758,2088,0,0,0
1790616586.086016,2091,0,0,0
1790616586.12581,2090,0,0,0
1790616586.18574,2092,0,0,0
1790616586.247107,2089,0,0,0
1790616586.2882218,2095,0,0,0
1790616586.345686,1943,0,0,0
1790616586.385964,1943,0,0,0
1790616586.445565,636,0,0,0
1790616586.507797,413,0,0,0
1790616586.546116,337,0,0,0
1790616586.6075032,297,0,0,0
1790616586.665695,272,0,0,0
1790616586.707581,236,0,0,0
1790616586.7657049,227,0,0,0
1790616586.82576,248,0,0,0
1790616586.86576,265,0,0,0
1790616586.925966,297,0,0,0
1790616586.98573,367,0,0,0
1790616587.02608,454,0,0,0
1790616587.08572,582,0,0,0
1790616587.145877,866,0,0,0
1790616587.1858618,918,0,0,0
1790616587.246324,878,0,0,0
1790616587.305784,863,0,0,0
1790616587.365561,467,0,0,0
1790616587.409085,318,0,0,0
1790616587.4658072,317,0,0,0
1790616587.5259619,1032,0,0,0
1790616587.565887,919,0,0,0
1790616587.629079,844,0,0,0
1790616587.686195,1957,0,0,0
1790616587.726094,2024,0,0,0
1790616587.785673,2031,0,0,0
1790616587.825742,2031,0,0,0
1790616587.8855412,2034,0,0,0
1790616587.945608,2032,0,0,0
1790616587.986031,2031,0,0,0
1790616588.0457118,2034,0,0,0
1790616588.085786,2038,0,0,0
1790616588.1465092,2035,0,0,0
1790616588.185815,2030,0,0,0
1790616588.246975,2036,0,0,0
1790616588.307866,2032,0,0,0
1790616588.3454988,2038,0,0,0
1790616588.4081311,2031,0,0,0
1790616588.466658,2033,0,0,0
1790616588.5075011,2032,0,0,0
1790616588.565993,2035,0,0,0
1790616588.605953,1966,0,0,0
1790616588.666295,886,0,0,0
1790616588.70612,787,0,0,0
1790616588.7857091,810,0,0,0
1790616588.825898,831,0,0,0
1790616588.885705,743,0,0,0
1790616588.945489,399,0,0,0
1790616588.985746,279,0,0,0
1790616589.0457,269,0,0,0
1790616589.0857658,267,0,0,0
1790616589.145813,266,0,0,0
1790616589.205885,264,0,0,0
1790616589.266315,262,0,0,0
1790616589.325889,267,0,0,0
1790616589.365772,769,0,0,0
1790616589.425906,691,0,0,0
1790616589.485601,709,0,0,0
1790616589.5257962,704,0,0,0
1790616589.585541,703,0,0,0
1790616589.626219,701,0,0,0
1790616589.68558,702,0,0,0
1790616589.7455418,704,0,0,0
1790616589.78558,703,0,0,0
1790616589.8473458,704,0,0,0
1790616589.905695,703,0,0,0
1790616589.965834,703,0,0,0
1790616590.0260322,706,0,0,0
1790616590.065763,706,0,0,0
1790616590.124696,701,0,0,0
1790616590.167949,696,0,0,0
1790616590.225943,693,0,0,0
1790616590.2713048,700,0,0,0
1790616590.32598,702,0,0,0
1790616590.387017,702,0,0,0
1790616590.425662,702,0,0,0
1790616590.485687,695,0,0,0
1790616590.545763,694,0,0,0
1790616590.5858681,765,0,0,0
1790616590.6457222,901,0,0,0
1790616590.685772,837,0,0,0
1790616590.7455301,794,0,0,0
1790616590.8054988,868,0,0,0
1790616590.845896,1890,0,0,0
1790616590.905782,2036,0,0,0
1790616590.945724,2031,0,0,0
1790616591.005494,2041,0,0,0
1790616591.046082,868,0,0,0
1790616591.1054962,926,0,0,0
1790616591.145637,1014,0,0,0
1790616591.2058508,316,0,0,0
1790616591.269783,343,0,0,0
1790616591.306346,617,0,0,0
1790616591.36707,884,0,0,0
1790616591.40664,879,0,0,0
1790616591.4663832,882,0,0,0
1790616591.5259771,881,0,0,0
1790616591.566855,883,0,0,0
1790616591.626061,895,0,0,0
1790616591.668452,889,0,0,0
1790616591.725569,893,0,0,0
1790616591.785889,892,0,0,0
1790616591.825911,892,0,0,0
1790616591.885712,891,0,0,0
1790616591.925643,892,0,0,0
1790616591.985918,893,0,0,0
1790616592.045721,891,0,0,0
1790616592.0858629,890,0,0,0
1790616592.146134,892,0,0,0
1790616592.2061281,889,0,0,0
1790616592.270319,879,0,0,0
1790616592.30865,920,0,0,0
1790616592.367449,851,0,0,0
1790616592.4259741,851,0,0,0
1790616592.4694982,478,0,0,0
1790616592.525701,489,0,0,0
1790616592.585655,488,0,0,0
1790616592.625708,487,0,0,0
1790616592.6857111,487,0,0,0
1790616592.725865,488,0,0,0
1790616592.7855449,488,0,0,0
1790616592.826117,488,0,0,0
1790616592.885702,488,0,0,0
1790616592.945677,488,0,0,0
1790616592.985874,481,0,0,0
1790616593.045565,417,0,0,0
1790616593.08588,346,0,0,0
1790616593.145906,301,0,0,0
1790616593.205538,277,0,0,0
1790616593.247078,263,0,0,0
1790616593.3055758,261,0,0,0
1790616593.365691,260,0,0,0
1790616593.407315,260,0,0,0
1790616593.4660668,259,0,0,0
1790616593.5257149,259,0,0,0
1790616593.566447,258,0,0,0
1790616593.625511,257,0,0,0
1790616593.666652,257,0,0,0
1790616593.725665,257,0,0,0
1790616593.7859688,256,0,0,0
1790616593.825637,255,0,0,0
1790616593.8857348,265,0,0,0
1790616593.94561,287,0,0,0
1790616593.986372,319,0,0,0
1790616594.046043,354,0,0,0
1790616594.10571,355,0,0,0
1790616594.145779,354,0,0,0
1790616594.205857,354,0,0,0
1790616594.2691789,352,0,0,0
1790616594.324903,353,0,0,0
1790616594.38583,352,0,0,0
1790616594.445579,353,0,0,0
1790616594.485879,352,0,0,0
1790616594.5454988,352,0,0,0
1790616594.5857239,361,0,0,0
1790616594.645514,472,0,0,0
1790616594.706062,775,0,0,0
1790616594.7456179,775,0,0,0
1790616594.806766,804,0,0,0
1790616594.867251,804,0,0,0
1790616594.905966,798,0,0,0
1790616594.96546,802,0,0,0
1790616595.027713,809,0,0,0
1790616595.065734,798,0,0,0
1790616595.1277518,807,0,0,0
1790616595.1658418,797,0,0,0
1790616595.226955,802,0,0,0
1790616595.285824,806,0,0,0
1790616595.3280609,810,0,0,0
1790616595.385704,787,0,0,0
1790616595.427232,800,0,0,0
1790616595.48578,689,0,0,0
1790616595.52769,541,0,0,0
1790616595.5857012,432,0,0,0
1790616595.6457138,359,0,0,0
1790616595.68644,310,0,0,0
1790616595.745666,279,0,0,0
1790616595.8055859,258,0,0,0
1790616595.865798,263,0,0,0
1790616595.929986,279,0,0,0
1790616595.967532,307,0,0,0
1790616596.0281868,349,0,0,0
1790616596.065968,418,0,0,0
1790616596.125822,538,0,0,0
1790616596.165699,768,0,0,0
1790616596.2276962,920,0,0,0
1790616596.2856698,882,0,0,0
1790616596.345394,879,0,0,0
1790616596.3855202,884,0,0,0
1790616596.446131,564,0,0,0
1790616596.485773,564,0,0,0
1790616596.5456681,301,0,0,0
1790616596.585324,811,0,0,0
1790616596.64546,948,0,0,0
1790616596.705636,859,0,0,0
1790616596.7656808,917,0,0,0
1790616596.8056169,1157,0,0,0
1790616596.8656719,956,0,0,0
1790616596.928524,799,0,0,0
1790616596.9660192,848,0,0,0
1790616597.030133,877,0,0,0
1790616597.06573,279,0,0,0
1790616597.1262898,240,0,0,0
1790616597.1666088,237,0,0,0
1790616597.228173,236,0,0,0
1790616597.285763,233,0,0,0
1790616597.345505,232,0,0,0
1790616597.3856928,232,0,0,0
1790616597.445803,231,0,0,0
1790616597.5054479,230,0,0,0
1790616597.545625,230,0,0,0
1790616597.605597,229,0,0,0
1790616597.665437,229,0,0,0
1790616597.705684,229,0,0,0
1790616597.77123,250,0,0,0
1790616597.8276238,832,0,0,0
1790616597.8659751,793,0,0,0
1790616597.928376,991,0,0,0
1790616597.985527,1099,0,0,0
1790616598.031177,1088,0,0,0
1790616598.085515,1084,0,0,0
1790616598.145591,1096,0,0,0
1790616598.185718,1083,0,0,0
1790616598.245648,1094,0,0,0
1790616598.305643,1083,0,0,0
1790616598.345784,1086,0,0,0
1790616598.405695,1084,0,0,0
1790616598.445977,1094,0,0,0
1790616598.505447,1106,0,0,0
1790616598.546059,1184,0,0,0
1790616598.60566,1173,0,0,0
1790616598.645819,860,0,0,0
1790616598.70544,887,0,0,0
1790616598.7459059,979,0,0,0
1790616598.805702,1002,0,0,0
1790616598.885494,993,0,0,0
1790616598.9455879,995,0,0,0
1790616598.9856808,993,0,0,0
1790616599.04561,995,0,0,0
1790616599.0876591,994,0,0,0
1790616599.1456919,995,0,0,0
1790616599.187826,993,0,0,0
1790616599.245441,994,0,0,0
1790616599.288137,992,0,0,0
1790616599.34558,994,0,0,0
1790616599.4053152,994,0,0,0
1790616599.445533,997,0,0,0
1790616599.50578,996,0,0,0
1790616599.565669,994,0,0,0
1790616599.605563,994,0,0,0
1790616599.66583,992,0,0,0
1790616599.725394,992,0,0,0
1790616599.787175,997,0,0,0
1790616599.8261771,995,0,0,0
1790616599.887818,993,0,0,0
1790616599.945801,995,0,0,0
1790616599.9878662,994,0,0,0
1790616600.045768,994,0,0,0
1790616600.08707,994,0,0,0
1790616600.1458602,993,0,0,0
1790616600.2055418,993,0,0,0
1790616600.2456472,994,0,0,0
1790616600.305899,999,0,0,0
1790616600.3656619,634,0,0,0
1790616600.4057238,324,0,0,0
1790616600.465325,409,0,0,0
1790616600.5055091,793,0,0,0
1790616600.565373,888,0,0,0
1790616600.6054468,887,0,0,0
1790616600.665323,890,0,0,0
1790616600.7055192,891,0,0,0
1790616600.766051,891,0,0,0
1790616600.825695,890,0,0,0
1790616600.887441,891,0,0,0
1790616600.925225,892,0,0,0
1790616600.9876008,889,0,0,0
1790616601.0254028,891,0,0,0
1790616601.091699,891,0,0,0
1790616601.145785,890,0,0,0
1790616601.2058072,890,0,0,0
1790616601.24631,891,0,0,0
1790616601.3054552,890,0,0,0
1790616601.365854,889,0,0,0
1790616601.4056609,889,0,0,0
1790616601.4655612,891,0,0,0
1790616601.505842,889,0,0,0
1790616601.5654552,889,0,0,0
1790616601.625629,888,0,0,0
1790616601.665441,890,0,0,0
1790616601.7263732,892,0,0,0
1790616601.78763,890,0,0,0
1790616601.8267379,891,0,0,0
1790616601.886515,891,0,0,0
1790616601.945668,890,0,0,0
1790616601.990261,890,0,0,0
1790616602.045411,889,0,0,0
1790616602.105422,889,0,0,0
1790616602.146013,890,0,0,0
1790616602.205411,892,0,0,0
1790616602.245742,890,0,0,0
1790616602.3055491,892,0,0,0
1790616602.3661199,891,0,0,0
1790616602.406282,891,0,0,0
1790616602.4655628,890,0,0,0
1790616602.505833,893,0,0,0
1790616602.565522,893,0,0,0
1790616602.6068742,892,0,0,0
1790616602.6655061,894,0,0,0
1790616602.726301,893,0,0,0
1790616602.765613,892,0,0,0
1790616602.825527,892,0,0,0
1790616602.865519,891,0,0,0
1790616602.925308,891,0,0,0
1790616602.98656,893,0,0,0
1790616603.025573,892,0,0,0
1790616603.086685,891,0,0,0
1790616603.125655,891,0,0,0
1790616603.185837,891,0,0,0
1790616603.2256918,891,0,0,0
1790616603.287949,893,0,0,0
1790616603.348362,844,0,0,0
1790616603.405653,405,0,0,0
1790616603.445626,323,0,0,0
1790616603.505426,836,0,0,0
1790616603.54586,946,0,0,0
1790616603.605482,857,0,0,0
1790616603.665335,2044,0,0,0
1790616603.705387,2038,0,0,0
1790616603.765624,2043,0,0,0
1790616603.82571,2039,0,0,0
1790616603.865557,2040,0,0,0
1790616603.92541,2048,0,0,0
1790616603.965544,2046,0,0,0
1790616604.02559,2041,0,0,0
1790616604.085435,2047,0,0,0
1790616604.125676,2040,0,0,0
1790616604.185906,2043,0,0,0
1790616604.2264252,2044,0,0,0
1790616604.2861629,2047,0,0,0
1790616604.3470771,2042,0,0,0
1790616604.386019,2041,0,0,0
1790616604.45394,2026,0,0,0
1790616604.50548,2006,0,0,0
1790616604.547395,1985,0,0,0
1790616604.60551,1964,0,0,0
1790616604.6469991,1939,0,0,0
1790616604.7054698,1928,0,0,0
1790616604.746936,1908,0,0,0
1790616604.8055391,1901,0,0,0
1790616604.8480818,1888,0,0,0
1790616604.9054348,1877,0,0,0
1790616604.965875,1859,0,0,0
1790616605.0055501,1843,0,0,0
1790616605.066329,1843,0,0,0
1790616605.105629,1807,0,0,0
1790616605.165319,1788,0,0,0
1790616605.2055922,1773,0,0,0
1790616605.2661068,1755,0,0,0
1790616605.305643,1744,0,0,0
1790616605.3653278,1725,0,0,0
1790616605.40554,1717,0,0,0
1790616605.465784,1699,0,0,0
1790616605.525527,1682,0,0,0
1790616605.56595,1665,0,0,0
1790616605.646475,1636,0,0,0
1790616605.705515,1616,0,0,0
1790616605.7501729,1604,0,0,0
1790616605.8055549,1582,0,0,0
1790616605.865521,1569,0,0,0
1790616605.9053388,1558,0,0,0
1790616605.965546,1542,0,0,0
1790616606.0054379,1536,0,0,0
1790616606.065527,1522,0,0,0
1790616606.105664,1515,0,0,0
1790616606.165524,1511,0,0,0
1790616606.205591,1501,0,0,0
1790616606.266828,1497,0,0,0
1790616606.3264902,1488,0,0,0
1790616606.366694,1483,0,0,0
1790616606.426552,1481,0,0,0
1790616606.4865742,1474,0,0,0
1790616606.526355,1470,0,0,0
1790616606.587301,1467,0,0,0
1790616606.627338,1462,0,0,0
1790616606.688586,1457,0,0,0
1790616606.727746,1454,0,0,0
1790616606.8077152,1448,0,0,0
1790616606.847538,1444,0,0,0
1790616606.907593,1440,0,0,0
1790616606.947624,1431,0,0,0
1790616607.010033,1428,0,0,0
1790616607.067462,1424,0,0,0
1790616607.109866,1426,0,0,0
1790616607.167367,1420,0,0,0
1790616607.208666,1424,0,0,0
1790616607.268349,1422,0,0,0
1790616607.3274639,1421,0,0,0
1790616607.36754,1422,0,0,0
1790616607.4292428,1417,0,0,0
1790616607.467392,1421,0,0,0
1790616607.527348,1423,0,0,0
1790616607.567511,1424,0,0,0
1790616607.627381,1426,0,0,0
1790616607.6873221,1425,0,0,0
1790616607.728161,1423,0,0,0
1790616607.787665,1426,0,0,0
1790616607.868176,1423,0,0,0
1790616607.909952,1426,0,0,0
1790616607.967489,1422,0,0,0
1790616608.009347,1425,0,0,0
1790616608.0674582,1422,0,0,0
1790616608.109463,1414,0,0,0
1790616608.167399,1423,0,0,0
1790616608.209575,1428,0,0,0
1790616608.268255,1417,0,0,0
1790616608.327331,1424,0,0,0
1790616608.3675678,1420,0,0,0
1790616608.427547,1418,0,0,0
1790616608.4873228,1422,0,0,0
1790616608.5293329,1421,0,0,0
1790616608.587233,1414,0,0,0
1790616608.627539,1423,0,0,0
1790616608.6872609,1419,0,0,0
1790616608.728111,1482,0,0,0
1790616608.7876632,1592,0,0,0
1790616608.847382,1653,0,0,0
1790616608.887486,1192,0,0,0
1790616608.9475222,1192,0,0,0
1790616609.0100632,647,0,0,0
1790616609.04793,928,0,0,0
1790616609.108172,916,0,0,0
1790616609.149388,911,0,0,0
1790616609.2092512,920,0,0,0
1790616609.2493079,919,0,0,0
1790616609.3079429,920,0,0,0
1790616609.3482938,919,0,0,0
1790616609.4075441,912,0,0,0
1790616609.467621,920,0,0,0
1790616609.507669,913,0,0,0
1790616609.567791,913,0,0,0
1790616609.607719,919,0,0,0
1790616609.667408,919,0,0,0
1790616609.728249,913,0,0,0
1790616609.768079,912,0,0,0
1790616609.827689,936,0,0,0
1790616609.867566,928,0,0,0
1790616609.927725,593,0,0,0
1790616609.9675531,442,0,0,0
1790616610.0274801,442,0,0,0
1790616610.0880299,1075,0,0,0
1790616610.14734,1002,0,0,0
1790616610.187365,939,0,0,0
1790616610.2473862,893,0,0,0
1790616610.309163,885,0,0,0
1790616610.3476229,887,0,0,0
1790616610.40876,894,0,0,0
1790616610.467593,895,0,0,0
1790616610.507958,887,0,0,0
1790616610.5677,885,0,0,0
1790616610.608017,887,0,0,0
1790616610.667708,887,0,0,0
1790616610.707849,887,0,0,0
1790616610.771321,886,0,0,0
1790616610.828052,889,0,0,0
1790616610.867754,891,0,0,0
1790616610.927563,918,0,0,0
1790616610.987245,989,0,0,0
1790616611.027366,1076,0,0,0
1790616611.0874722,449,0,0,0
1790616611.127636,449,0,0,0
1790616611.187476,560,0,0,0
1790616611.2274728,889,0,0,0
1790616611.287551,946,0,0,0
1790616611.3476312,915,0,0,0
1790616611.387535,917,0,0,0
1790616611.447841,872,0,0,0
1790616611.487479,460,0,0,0
1790616611.548285,374,0,0,0
1790616611.588741,429,0,0,0
1790616611.648582,1502,0,0,0
1790616611.7083972,1657,0,0,0
1790616611.748359,1515,0,0,0
1790616611.809037,1432,0,0,0
1790616611.87056,1414,0,0,0
1790616611.9114199,1421,0,0,0
1790616611.971966,962,0,0,0
1790616612.0135329,464,0,0,0
1790616612.0721989,252,0,0,0
1790616612.130283,217,0,0,0
1790616612.190472,299,0,0,0
1790616612.230564,443,0,0,0
1790616612.29043,790,0,0,0
1790616612.371695,786,0,0,0
1790616612.4104278,787,0,0,0
1790616612.471643,789,0,0,0
1790616612.530272,788,0,0,0
1790616612.571018,789,0,0,0
1790616612.630652,789,0,0,0
1790616612.690371,790,0,0,0
1790616612.73055,790,0,0,0
1790616612.791092,790,0,0,0
1790616612.850448,791,0,0,0
1790616612.890305,790,0,0,0
1790616612.9503858,789,0,0,0
1790616613.010287,789,0,0,0
1790616613.052462,796,0,0,0
1790616613.112564,488,0,0,0
1790616613.150465,317,0,0,0
1790616613.211684,211,0,0,0
1790616613.250774,256,0,0,0
1790616613.3109949,337,0,0,0
1790616613.370183,519,0,0,0
1790616613.410702,1370,0,0,0
1790616613.4704041,1411,0,0,0
1790616613.5303512,1423,0,0,0
1790616613.570723,1411,0,0,0
1790616613.6303291,1409,0,0,0
1790616613.670468,1114,0,0,0
1790616613.732758,1109,0,0,0
1790616613.790262,1092,0,0,0
1790616613.833712,1094,0,0,0
1790616613.890518,1091,0,0,0
1790616613.951154,1091,0,0,0
1790616613.991092,1100,0,0,0
1790616614.050196,1102,0,0,0
1790616614.0904582,1095,0,0,0
1790616614.1501818,1095,0,0,0
1790616614.2105432,1088,0,0,0
1790616614.250606,1114,0,0,0
1790616614.31109,1143,0,0,0
1790616614.370475,1170,0,0,0
1790616614.4105978,1183,0,0,0
1790616614.470363,1179,0,0,0
1790616614.510456,1128,0,0,0
1790616614.5903769,1154,0,0,0
1790616614.631897,1149,0,0,0
1790616614.690633,1145,0,0,0
1790616614.750305,1145,0,0,0
1790616614.7904289,1143,0,0,0
1790616614.85038,1151,0,0,0
1790616614.890605,1142,0,0,0
1790616614.950321,1095,0,0,0
1790616614.99062,352,0,0,0
1790616615.050356,385,0,0,0
1790616615.111826,656,0,0,0
1790616615.150323,913,0,0,0
1790616615.210391,906,0,0,0
1790616615.250974,906,0,0,0
1790616615.310472,909,0,0,0
1790616615.3703501,910,0,0,0
1790616615.4107509,907,0,0,0
1790616615.470335,910,0,0,0
1790616615.510166,908,0,0,0
1790616615.57021,911,0,0,0
1790616615.610359,910,0,0,0
1790616615.6706061,911,0,0,0
1790616615.7119439,908,0,0,0
1790616615.770068,907,0,0,0
1790616615.833087,932,0,0,0
1790616615.872601,905,0,0,0
1790616615.932279,603,0,0,0
1790616615.9902642,447,0,0,0
1790616616.030603,422,0,0,0
1790616616.0902212,432,0,0,0
1790616616.133565,431,0,0,0
1790616616.19155,430,0,0,0
1790616616.231252,431,0,0,0
1790616616.2914612,431,0,0,0
1790616616.351339,431,0,0,0
1790616616.392929,430,0,0,0
1790616616.4516659,429,0,0,0
1790616616.491636,436,0,0,0
1790616616.551293,912,0,0,0
1790616616.591582,976,0,0,0
1790616616.65132,925,0,0,0
1790616616.6917398,887,0,0,0
1790616616.75162,890,0,0,0
1790616616.831369,889,0,0,0
1790616616.891357,889,0,0,0
1790616616.9312289,889,0,0,0
1790616616.991384,890,0,0,0
1790616617.0312939,890,0,0,0
1790616617.091286,889,0,0,0
1790616617.132276,887,0,0,0
1790616617.191453,892,0,0,0
1790616617.25122,919,0,0,0
1790616617.29544,973,0,0,0
1790616617.351207,1010,0,0,0
1790616617.411264,420,0,0,0
1790616617.451363,619,0,0,0
1790616617.511275,619,0,0,0
1790616617.551363,933,0,0,0
1790616617.611264,933,0,0,0
1790616617.6511612,909,0,0,0
1790616617.712884,774,0,0,0
1790616617.7519171,439,0,0,0
1790616617.83234,344,0,0,0
1790616617.87144,430,0,0,0
1790616617.9313622,430,0,0,0
1790616617.971213,1217,0,0,0
1790616618.031384,1185,0,0,0
1790616618.0935628,1172,0,0,0
1790616618.1333199,1142,0,0,0
1790616618.192845,1092,0,0,0
1790616618.231864,695,0,0,0
1790616618.2936509,424,0,0,0
1790616618.35136,314,0,0,0
1790616618.392998,226,0,0,0
1790616618.4515882,213,0,0,0
1790616618.5111969,304,0,0,0
1790616618.551254,480,0,0,0
1790616618.611288,762,0,0,0
1790616618.6514392,788,0,0,0
1790616618.7111812,796,0,0,0
1790616618.7725282,827,0,0,0
1790616618.811449,506,0,0,0
1790616618.871364,412,0,0,0
1790616618.9116428,349,0,0,0
1790616618.972109,345,0,0,0
1790616619.031491,340,0,0,0
1790616619.071178,339,0,0,0
1790616619.151146,337,0,0,0
1790616619.191224,336,0,0,0
1790616619.2513359,334,0,0,0
1790616619.311223,335,0,0,0
1790616619.351351,334,0,0,0
1790616619.411242,343,0,0,0
1790616619.451318,360,0,0,0
1790616619.5128021,449,0,0,0
1790616619.571394,593,0,0,0
1790616619.611797,802,0,0,0
1790616619.671513,787,0,0,0
1790616619.731505,794,0,0,0
1790616619.795247,791,0,0,0
1790616619.831536,792,0,0,0
1790616619.891366,791,0,0,0
1790616619.951304,791,0,0,0
1790616619.991371,792,0,0,0
1790616620.0515819,794,0,0,0
1790616620.091756,793,0,0,0
1790616620.151415,793,0,0,0
1790616620.194314,791,0,0,0
1790616620.2515001,774,0,0,0
1790616620.311479,494,0,0,0
1790616620.3712,332,0,0,0
1790616620.412265,224,0,0,0
1790616620.47122,201,0,0,0
1790616620.511352,198,0,0,0
1790616620.571281,195,0,0,0
1790616620.6111722,193,0,0,0
1790616620.671274,193,0,0,0
1790616620.7113678,193,0,0,0
1790616620.771391,201,0,0,0
1790616620.832566,200,0,0,0
1790616620.891331,200,0,0,0
1790616620.9320378,200,0,0,0
1790616620.992577,210,0,0,0
1790616621.035031,282,0,0,0
1790616621.0913012,400,0,0,0
1790616621.1327019,839,0,0,0
1790616621.192726,1414,0,0,0
1790616621.251286,1416,0,0,0
1790616621.292761,1413,0,0,0
1790616621.351456,1417,0,0,0
1790616621.411288,1414,0,0,0
1790616621.4515588,1416,0,0,0
1790616621.511708,1414,0,0,0
1790616621.5712142,1416,0,0,0
1790616621.6113448,1415,0,0,0
1790616621.671125,1412,0,0,0
1790616621.711189,1413,0,0,0
1790616621.771179,1415,0,0,0
1790616621.831105,1418,0,0,0
1790616621.8913689,1419,0,0,0
1790616621.931791,1418,0,0,0
1790616621.992822,1418,0,0,0
1790616622.0318751,1415,0,0,0
1790616622.092959,1418,0,0,0
1790616622.1322088,1414,0,0,0
1790616622.192012,1414,0,0,0
1790616622.253344,1416,0,0,0
1790616622.292484,1418,0,0,0
1790616622.353697,1415,0,0,0
1790616622.391655,1417,0,0,0
1790616622.451336,1419,0,0,0
1790616622.491818,1416,0,0,0
1790616622.553718,1418,0,0,0
1790616622.6114979,1417,0,0,0
1790616622.6563342,1415,0,0,0
1790616622.711315,1419,0,0,0
1790616622.771265,1420,0,0,0
1790616622.8313699,1419,0,0,0
1790616622.891944,1417,0,0,0
1790616622.9320052,1415,0,0,0
1790616622.9911838,1416,0,0,0
1790616623.031286,1417,0,0,0
1790616623.091298,1419,0,0,0
1790616623.1549098,1419,0,0,0
1790616623.192071,1418,0,0,0
1790616623.2539861,1417,0,0,0
1790616623.311921,1419,0,0,0
1790616623.3712482,1418,0,0,0
1790616623.4117918,1418,0,0,0
1790616623.471191,1417,0,0,0
1790616623.5112069,1413,0,0,0
1790616623.579554,1419,0,0,0
1790616623.63133,1414,0,0,0
1790616623.69161,1419,0,0,0
1790616623.73197,1420,0,0,0
1790616623.791073,1417,0,0,0
1790616623.8535612,1418,0,0,0
1790616623.8915358,1418,0,0,0
1790616623.952532,1420,0,0,0
1790616623.993762,1421,0,0,0
1790616624.051223,1406,0,0,0
1790616624.111219,617,0,0,0
1790616624.155469,344,0,0,0
1790616624.211307,264,0,0,0
1790616624.2546299,206,0,0,0
1790616624.31135,290,0,0,0
1790616624.37124,465,0,0,0
1790616624.4114099,798,0,0,0
1790616624.471199,787,0,0,0
1790616624.5312,792,0,0,0
1790616624.571229,790,0,0,0
1790616624.631209,791,0,0,0
1790616624.6732538,791,0,0,0
1790616624.731796,791,0,0,0
1790616624.7916968,791,0,0,0
1790616624.8310568,792,0,0,0
1790616624.891722,792,0,0,0
1790616624.930996,791,0,0,0
1790616624.9918988,791,0,0,0
1790616625.031169,791,0,0,0
1790616625.091404,789,0,0,0
1790616625.151839,783,0,0,0
1790616625.193701,769,0,0,0
1790616625.252217,751,0,0,0
1790616625.311123,728,0,0,0
1790616625.351718,706,0,0,0
1790616625.411158,706,0,0,0
1790616625.452089,669,0,0,0
1790616625.511051,654,0,0,0
1790616625.551321,642,0,0,0
1790616625.611281,630,0,0,0
1790616625.671221,601,0,0,0
1790616625.7113118,577,0,0,0
1790616625.7713542,557,0,0,0
1790616625.8312378,537,0,0,0
1790616625.891191,517,0,0,0
1790616625.931158,500,0,0,0
1790616625.9914749,484,0,0,0
1790616626.031269,469,0,0,0
1790616626.092046,454,0,0,0
1790616626.1312819,438,0,0,0
1790616626.191191,422,0,0,0
1790616626.231432,403,0,0,0
1790616626.2915032,386,0,0,0
1790616626.331284,379,0,0,0
1790616626.3919659,351,0,0,0
1790616626.451036,347,0,0,0
1790616626.4917,320,0,0,0
1790616626.551072,313,0,0,0
1790616626.591648,287,0,0,0
1790616626.6513002,281,0,0,0
1790616626.711852,234,0,0,0
1790616626.751293,219,0,0,0
1790616626.811115,221,0,0,0
1790616626.852318,219,0,0,0
1790616626.912404,215,0,0,0
1790616626.951332,215,0,0,0
1790616627.013089,215,0,0,0
1790616627.071352,216,0,0,0
1790616627.1132412,223,0,0,0
1790616627.171576,232,0,0,0
1790616627.211762,266,0,0,0
1790616627.2713249,280,0,0,0
1790616627.331298,296,0,0,0
1790616627.3713112,305,0,0,0
1790616627.4313002,314,0,0,0
1790616627.491221,318,0,0,0
1790616627.551778,327,0,0,0
1790616627.590881,336,0,0,0
1790616627.6538188,336,0,0,0
1790616627.6910772,360,0,0,0
1790616627.7532969,377,0,0,0
1790616627.791221,415,0,0,0
1790616627.851281,429,0,0,0
1790616627.89108,439,0,0,0
1790616627.9521868,448,0,0,0
1790616627.9915788,457,0,0,0
1790616628.056733,466,0,0,0
1790616628.113306,476,0,0,0
1790616628.1524239,488,0,0,0
1790616628.213537,500,0,0,0
1790616628.271035,513,0,0,0
1790616628.331412,524,0,0,0
1790616628.371169,545,0,0,0
1790616628.431964,557,0,0,0
1790616628.4911518,565,0,0,0
1790616628.531413,577,0,0,0
1790616628.591192,584,0,0,0
1790616628.652703,584,0,0,0
1790616628.691247,607,0,0,0
1790616628.752428,618,0,0,0
1790616628.7922418,632,0,0,0
1790616628.852329,643,0,0,0
1790616628.9121668,652,0,0,0
1790616628.952178,661,0,0,0
1790616629.0175629,671,0,0,0
1790616629.052872,681,0,0,0
1790616629.112881,695,0,0,0
1790616629.1530209,707,0,0,0
1790616629.212401,714,0,0,0
1790616629.252197,729,0,0,0
1790616629.312387,738,0,0,0
1790616629.352274,750,0,0,0
1790616629.412708,766,0,0,0
1790616629.452395,780,0,0,0
1790616629.512693,791,0,0,0
1790616629.552211,805,0,0,0
1790616629.614819,816,0,0,0
1790616629.672251,816,0,0,0
1790616629.712619,840,0,0,0
1790616629.7721071,851,0,0,0
1790616629.83236,860,0,0,0
1790616629.8923478,877,0,0,0
1790616629.932408,877,0,0,0
1790616629.992181,898,0,0,0
1790616630.052072,910,0,0,0
1790616630.0923378,920,0,0,0
1790616630.15209,924,0,0,0
1790616630.21187,924,0,0,0
1790616630.252052,926,0,0,0
1790616630.332213,925,0,0,0
1790616630.392353,924,0,0,0
1790616630.4523342,924,0,0,0
1790616630.493685,923,0,0,0
1790616630.5521789,923,0,0,0
1790616630.6121569,922,0,0,0
1790616630.6521778,922,0,0,0
1790616630.712399,920,0,0,0
1790616630.7738612,922,0,0,0
1790616630.812326,921,0,0,0
1790616630.873704,924,0,0,0
1790616630.9320168,921,0,0,0
1790616630.9723048,923,0,0,0
1790616631.03213,924,0,0,0
1790616631.074402,924,0,0,0
1790616631.1323562,922,0,0,0
1790616631.1919758,923,0,0,0
1790616631.232218,921,0,0,0
1790616631.292195,922,0,0,0
1790616631.3520908,922,0,0,0
1790616631.392151,922,0,0,0
1790616631.4523468,923,0,0,0
1790616631.4923332,924,0,0,0
1790616631.552277,924,0,0,0
1790616631.592423,921,0,0,0
1790616631.652328,922,0,0,0
1790616631.6923058,922,0,0,0
1790616631.752618,921,0,0,0
1790616631.792344,923,0,0,0
1790616631.8519418,923,0,0,0
1790616631.892357,924,0,0,0
1790616631.951923,922,0,0,0
1790616631.993336,923,0,0,0
1790616632.054965,923,0,0,0
1790616632.093237,925,0,0,0
1790616632.152961,925,0,0,0
1790616632.193185,922,0,0,0
1790616632.252971,924,0,0,0
1790616632.313281,921,0,0,0
1790616632.353457,924,0,0,0
1790616632.4134002,923,0,0,0
1790616632.4735491,922,0,0,0
1790616632.513372,923,0,0,0
1790616632.573177,923,0,0,0
1790616632.632921,923,0,0,0
1790616632.693737,926,0,0,0
1790616632.753126,927,0,0,0
1790616632.813131,926,0,0,0
1790616632.8532102,924,0,0,0
1790616632.9133482,925,0,0,0
1790616632.95419,924,0,0,0
1790616633.0142279,923,0,0,0
1790616633.074293,923,0,0,0
1790616633.114843,923,0,0,0
1790616633.174282,925,0,0,0
1790616633.2150369,923,0,0,0
1790616633.294144,924,0,0,0
1790616633.334028,923,0,0,0
1790616633.3941,922,0,0,0
1790616633.438445,922,0,0,0
1790616633.4940631,922,0,0,0
1790616633.536615,924,0,0,0
1790616633.5942001,922,0,0,0
1790616633.654005,921,0,0,0
1790616633.694243,923,0,0,0
1790616633.753995,923,0,0,0
1790616633.813962,922,0,0,0
1790616633.873929,923,0,0,0
1790616633.91413,922,0,0,0
1790616633.974964,925,0,0,0
1790616634.015813,924,0,0,0
1790616634.074982,922,0,0,0
1790616634.114227,923,0,0,0
1790616634.177991,924,0,0,0
1790616634.236047,922,0,0,0
1790616634.2745411,922,0,0,0
1790616634.335968,922,0,0,0
1790616634.376194,922,0,0,0
1790616634.435571,924,0,0,0
1790616634.476394,925,0,0,0
1790616634.5354822,924,0,0,0
1790616634.593937,924,0,0,0
1790616634.636933,921,0,0,0
1790616634.694012,921,0,0,0
1790616634.736813,920,0,0,0
1790616634.79442,920,0,0,0
1790616634.854193,918,0,0,0
1790616634.913923,917,0,0,0
1790616634.954141,917,0,0,0
1790616635.013977,917,0,0,0
1790616635.074118,916,0,0,0
1790616635.113945,922,0,0,0
1790616635.175266,938,0,0,0
1790616635.214339,619,0,0,0
1790616635.273931,619,0,0,0
1790616635.314392,495,0,0,0
1790616635.37397,1069,0,0,0
1790616635.4367201,955,0,0,0
1790616635.474305,905,0,0,0
1790616635.537184,902,0,0,0
1790616635.574823,957,0,0,0
1790616635.635953,438,0,0,0
1790616635.674152,340,0,0,0
1790616635.7356071,413,0,0,0
1790616635.7941608,546,0,0,0
1790616635.853952,839,0,0,0
1790616635.894578,814,0,0,0
1790616635.954914,793,0,0,0
1790616635.994112,797,0,0,0
1790616636.0547771,796,0,0,0
1790616636.094112,797,0,0,0
1790616636.154208,797,0,0,0
1790616636.193964,797,0,0,0
1790616636.254025,798,0,0,0
1790616636.314663,798,0,0,0
1790616636.354133,797,0,0,0
1790616636.413959,798,0,0,0
1790616636.454289,797,0,0,0
1790616636.513953,798,0,0,0
1790616636.573865,794,0,0,0
1790616636.613984,784,0,0,0
1790616636.674059,770,0,0,0
1790616636.7139142,750,0,0,0
1790616636.774024,727,0,0,0
1790616636.8341389,706,0,0,0
1790616636.874343,687,0,0,0
1790616636.934113,670,0,0,0
1790616636.994565,647,0,0,0
1790616637.053948,635,0,0,0
1790616637.1350222,635,0,0,0
1790616637.174182,603,0,0,0
1790616637.242286,577,0,0,0
1790616637.274164,558,0,0,0
1790616637.3341172,539,0,0,0
1790616637.3939688,517,0,0,0
1790616637.4340181,502,0,0,0
1790616637.494076,485,0,0,0
1790616637.5350258,456,0,0,0
1790616637.594186,440,0,0,0
1790616637.6539252,422,0,0,0
1790616637.7001011,407,0,0,0
1790616637.7548952,388,0,0,0
1790616637.794175,370,0,0,0
1790616637.8541608,370,0,0,0
1790616637.894075,335,0,0,0
1790616637.954096,317,0,0,0
1790616638.013938,303,0,0,0
1790616638.0541492,288,0,0,0
1790616638.114382,275,0,0,0
1790616638.174477,240,0,0,0
1790616638.214365,228,0,0,0
1790616638.2740211,222,0,0,0
1790616638.3140092,222,0,0,0
1790616638.373982,216,0,0,0
1790616638.434905,217,0,0,0
1790616638.474922,226,0,0,0
1790616638.535292,215,0,0,0
1790616638.57391,222,0,0,0
1790616638.63688,240,0,0,0
1790616638.674599,253,0,0,0
1790616638.736141,269,0,0,0
1790616638.7746198,279,0,0,0
1790616638.8357708,301,0,0,0
1790616638.895125,311,0,0,0
1790616638.9344409,321,0,0,0
1790616638.996408,322,0,0,0
1790616639.036313,322,0,0,0
1790616639.0966778,337,0,0,0
1790616639.154955,352,0,0,0
1790616639.195132,363,0,0,0
1790616639.2538629,368,0,0,0
1790616639.3341708,432,0,0,0
1790616639.394848,443,0,0,0
1790616639.4341278,450,0,0,0
1790616639.494011,459,0,0,0
1790616639.535545,470,0,0,0
1790616639.5959208,479,0,0,0
1790616639.6347399,492,0,0,0
1790616639.6965601,504,0,0,0
1790616639.754116,516,0,0,0
1790616639.8139038,527,0,0,0
1790616639.854146,541,0,0,0
1790616639.9147148,548,0,0,0
1790616639.953992,558,0,0,0
1790616640.014498,581,0,0,0
1790616640.054375,592,0,0,0
1790616640.114559,603,0,0,0
1790616640.1550121,614,0,0,0
1790616640.21424,626,0,0,0
1790616640.274851,635,0,0,0
1790616640.314354,645,0,0,0
1790616640.374061,655,0,0,0
1790616640.414913,669,0,0,0
1790616640.474048,676,0,0,0
1790616640.533968,685,0,0,0
1790616640.5743291,696,0,0,0
1790616640.635378,709,0,0,0
1790616640.674047,721,0,0,0
1790616640.734933,731,0,0,0
1790616640.795085,739,0,0,0
1790616640.834806,759,0,0,0
1790616640.894063,772,0,0,0
1790616640.933826,786,0,0,0
1790616640.9943528,790,0,0,0
1790616641.034254,800,0,0,0
1790616641.0957608,813,0,0,0
1790616641.154633,824,0,0,0
1790616641.194785,834,0,0,0
1790616641.254009,846,0,0,0
1790616641.3138251,855,0,0,0
1790616641.354121,868,0,0,0
1790616641.413802,878,0,0,0
1790616641.4739032,889,0,0,0
1790616641.514071,904,0,0,0
1790616641.5750442,922,0,0,0
1790616641.6348102,925,0,0,0
1790616641.6939409,925,0,0,0
1790616641.7344189,928,0,0,0
1790616641.796103,930,0,0,0
1790616641.853817,931,0,0,0
1790616641.89402,928,0,0,0
1790616641.953849,930,0,0,0
1790616641.994331,931,0,0,0
1790616642.054044,930,0,0,0
1790616642.114239,932,0,0,0
1790616642.1540039,932,0,0,0
1790616642.2141519,931,0,0,0
1790616642.2759209,932,0,0,0
1790616642.31406,932,0,0,0
1790616642.37409,932,0,0,0
1790616642.414099,932,0,0,0
1790616642.4743948,930,0,0,0
1790616642.534482,932,0,0,0
1790616642.574317,931,0,0,0
1790616642.6341271,932,0,0,0
1790616642.697324,931,0,0,0
1790616642.734581,933,0,0,0
1790616642.7938051,933,0,0,0
1790616642.8539672,933,0,0,0
1790616642.897536,933,0,0,0
1790616642.955169,933,0,0,0
1790616642.994024,934,0,0,0
1790616643.055326,933,0,0,0
1790616643.113871,933,0,0,0
1790616643.155603,933,0,0,0
1790616643.2149508,932,0,0,0
1790616643.2553012,934,0,0,0
1790616643.314077,932,0,0,0
1790616643.361757,933,0,0,0
1790616643.4138188,933,0,0,0
1790616643.4570088,932,0,0,0
1790616643.5139682,933,0,0,0
1790616643.573975,932,0,0,0
1790616643.6140149,933,0,0,0
1790616643.6740851,931,0,0,0
1790616643.714059,930,0,0,0
1790616643.7741609,934,0,0,0
1790616643.855737,932,0,0,0
1790616643.9140701,934,0,0,0
1790616643.974144,934,0,0,0
1790616644.01405,935,0,0,0
1790616644.074204,933,0,0,0
1790616644.1338391,934,0,0,0
1790616644.194819,935,0,0,0
1790616644.234028,934,0,0,0
1790616644.314176,933,0,0,0
1790616644.356779,935,0,0,0
1790616644.414091,933,0,0,0
1790616644.457372,934,0,0,0
1790616644.513997,933,0,0,0
1790616644.5558882,936,0,0,0
1790616644.614037,933,0,0,0
1790616644.674131,933,0,0,0
1790616644.714062,933,0,0,0
1790616644.773978,934,0,0,0
1790616644.834118,932,0,0,0
1790616644.893845,932,0,0,0
1790616644.934175,935,0,0,0
1790616644.994121,933,0,0,0
1790616645.05438,936,0,0,0
1790616645.0944252,960,0,0,0
1790616645.1556559,621,0,0,0
1790616645.194776,440,0,0,0
1790616645.253881,456,0,0,0
1790616645.294464,1742,0,0,0
1790616645.354073,1641,0,0,0
1790616645.395734,1533,0,0,0
1790616645.454093,1502,0,0,0
1790616645.4942038,1506,0,0,0
1790616645.5557818,1509,0,0,0
1790616645.614048,1510,0,0,0
1790616645.65405,1508,0,0,0
1790616645.7145002,1509,0,0,0
1790616645.773945,1507,0,0,0
1790616645.814346,1509,0,0,0
1790616645.873912,1508,0,0,0
1790616645.914113,1509,0,0,0
1790616645.9747672,1507,0,0,0
1790616646.035327,1506,0,0,0
1790616646.094058,1508,0,0,0
1790616646.154513,1506,0,0,0
1790616646.194149,1494,0,0,0
1790616646.256541,1480,0,0,0
1790616646.3140008,1460,0,0,0
1790616646.3556092,1439,0,0,0
1790616646.41402,1416,0,0,0
1790616646.4561331,1398,0,0,0
1790616646.5141919,1378,0,0,0
1790616646.557772,1369,0,0,0
1790616646.61681,1357,0,0,0
1790616646.654916,1344,0,0,0
1790616646.71435,1326,0,0,0
1790616646.7739751,1311,0,0,0
1790616646.8340049,1291,0,0,0
1790616646.874027,1277,0,0,0
1790616646.9338722,1255,0,0,0
1790616646.993851,1241,0,0,0
1790616647.053812,1225,0,0,0
1790616647.0945191,1212,0,0,0
1790616647.15428,1197,0,0,0
1790616647.194262,1183,0,0,0
1790616647.253738,1166,0,0,0
1790616647.3162339,1145,0,0,0
1790616647.354239,1137,0,0,0
1790616647.416171,1127,0,0,0
1790616647.4747021,1119,0,0,0
1790616647.515985,1107,0,0,0
1790616647.574348,1096,0,0,0
1790616647.61695,1085,0,0,0
1790616647.673901,1075,0,0,0
1790616647.73421,1065,0,0,0
1790616647.794231,1055,0,0,0
1790616647.833889,1044,0,0,0
1790616647.8940082,1033,0,0,0
1790616647.953783,1019,0,0,0
1790616648.0143209,1003,0,0,0
1790616648.053974,986,0,0,0
1790616648.1158988,957,0,0,0
1790616648.173901,947,0,0,0
1790616648.215809,939,0,0,0
1790616648.2762759,937,0,0,0
1790616648.354663,935,0,0,0
1790616648.393843,936,0,0,0
1790616648.4543428,936,0,0,0
1790616648.494007,932,0,0,0
1790616648.554207,927,0,0,0
1790616648.614974,920,0,0,0
1790616648.654569,911,0,0,0
1790616648.71589,905,0,0,0
1790616648.754455,900,0,0,0
1790616648.816618,895,0,0,0
1790616648.8740501,893,0,0,0
1790616648.933835,893,0,0,0
1790616648.97405,886,0,0,0
1790616649.0340428,881,0,0,0
1790616649.0766,878,0,0,0
1790616649.1349308,876,0,0,0
1790616649.1752489,875,0,0,0
1790616649.234878,874,0,0,0
1790616649.294726,878,0,0,0
1790616649.334908,875,0,0,0
1790616649.394975,877,0,0,0
1790616649.434923,877,0,0,0
1790616649.495317,877,0,0,0
1790616649.534893,876,0,0,0
1790616649.59499,878,0,0,0
1790616649.635006,876,0,0,0
1790616649.694939,877,0,0,0
1790616649.735839,877,0,0,0
1790616649.7950232,879,0,0,0
1790616649.854954,879,0,0,0
1790616649.915356,876,0,0,0
1790616649.954838,878,0,0,0
1790616650.01514,880,0,0,0
1790616650.055042,878,0,0,0
1790616650.1147609,875,0,0,0
1790616650.155964,878,0,0,0
1790616650.215488,878,0,0,0
1790616650.2571058,878,0,0,0
1790616650.314883,879,0,0,0
1790616650.3750122,877,0,0,0
1790616650.41569,877,0,0,0
1790616650.4777138,878,0,0,0
1790616650.535042,880,0,0,0
1790616650.594974,879,0,0,0
1790616650.634958,878,0,0,0
1790616650.6948721,878,0,0,0
1790616650.7548459,878,0,0,0
1790616650.794881,880,0,0,0
1790616650.85516,879,0,0,0
1790616650.917753,879,0,0,0
1790616650.955311,880,0,0,0
1790616651.015768,880,0,0,0
1790616651.0764968,875,0,0,0
1790616651.115734,895,0,0,0
1790616651.178386,935,0,0,0
1790616651.217973,1027,0,0,0
1790616651.278424,1192,0,0,0
1790616651.3358111,1222,0,0,0
1790616651.378979,1065,0,0,0
1790616651.436863,914,0,0,0
1790616651.4960861,888,0,0,0
1790616651.5374331,887,0,0,0
1790616651.596983,886,0,0,0
1790616651.635975,887,0,0,0
1790616651.695953,886,0,0,0
1790616651.755798,885,0,0,0
1790616651.8160388,886,0,0,0
1790616651.8784058,887,0,0,0
1790616651.9176,886,0,0,0
1790616651.977162,886,0,0,0
1790616652.017625,886,0,0,0
1790616652.078306,886,0,0,0
1790616652.1358058,887,0,0,0
1790616652.178655,883,0,0,0
1790616652.237361,895,0,0,0
1790616652.295743,682,0,0,0
1790616652.336498,413,0,0,0
1790616652.395967,421,0,0,0
1790616652.455793,1001,0,0,0
1790616652.4958909,900,0,0,0
1790616652.555899,1042,0,0,0
1790616652.616802,1457,0,0,0
1790616652.655765,1436,0,0,0
1790616652.718421,1442,0,0,0
1790616652.795874,1441,0,0,0
1790616652.836179,1439,0,0,0
1790616652.8959758,1440,0,0,0
1790616652.93596,1440,0,0,0
1790616652.9960651,1442,0,0,0
1790616653.055805,1439,0,0,0
1790616653.116995,1442,0,0,0
1790616653.1560562,1439,0,0,0
1790616653.215654,1440,0,0,0
1790616653.256039,1440,0,0,0
1790616653.3178759,1450,0,0,0
1790616653.377373,1191,0,0,0
1790616653.4191701,894,0,0,0
1790616653.4760141,997,0,0,0
1790616653.5359979,468,0,0,0
1790616653.576386,323,0,0,0
1790616653.635966,382,0,0,0
1790616653.678838,626,0,0,0
1790616653.736646,893,0,0,0
1790616653.7967439,881,0,0,0
1790616653.835982,895,0,0,0
1790616653.8968499,933,0,0,0
1790616653.9359622,1001,0,0,0
1790616653.995967,1116,0,0,0
1790616654.055805,1251,0,0,0
1790616654.095892,1119,0,0,0
1790616654.155954,923,0,0,0
1790616654.196204,890,0,0,0
1790616654.263216,882,0,0,0
1790616654.3161442,895,0,0,0
1790616654.3758998,935,0,0,0
1790616654.418876,969,0,0,0
1790616654.476266,364,0,0,0
1790616654.516201,275,0,0,0
1790616654.575843,226,0,0,0
1790616654.618582,163,0,0,0
1790616654.676019,134,0,0,0
1790616654.736479,118,0,0,0
1790616654.7759411,110,0,0,0
1790616654.837512,110,0,0,0
1790616654.8763258,108,0,0,0
1790616654.936424,108,0,0,0
1790616654.9959302,107,0,0,0
1790616655.0429718,107,0,0,0
1790616655.095917,106,0,0,0
1790616655.156926,105,0,0,0
1790616655.215803,105,0,0,0
1790616655.256112,105,0,0,0
1790616655.3159199,104,0,0,0
1790616655.377447,103,0,0,0
1790616655.416074,104,0,0,0
1790616655.477101,105,0,0,0
1790616655.5369558,115,0,0,0
1790616655.5759249,133,0,0,0
1790616655.637706,165,0,0,0
1790616655.6769578,216,0,0,0
1790616655.738751,339,0,0,0
1790616655.7959208,964,0,0,0
1790616655.838022,908,0,0,0
1790616655.895823,879,0,0,0
1790616655.955903,878,0,0,0
1790616655.995886,881,0,0,0
1790616656.055936,881,0,0,0
1790616656.0966258,881,0,0,0
1790616656.155825,884,0,0,0
1790616656.195879,883,0,0,0
1790616656.262178,885,0,0,0
1790616656.296926,882,0,0,0
1790616656.3567371,883,0,0,0
1790616656.4166882,885,0,0,0
1790616656.456862,886,0,0,0
1790616656.536777,885,0,0,0
1790616656.5768561,884,0,0,0
1790616656.637283,884,0,0,0
1790616656.6768599,885,0,0,0
1790616656.736651,885,0,0,0
1790616656.796808,886,0,0,0
1790616656.8569229,884,0,0,0
1790616656.9167,885,0,0,0
1790616656.956898,886,0,0,0
1790616657.0175831,884,0,0,0
1790616657.076999,884,0,0,0
1790616657.1374059,885,0,0,0
1790616657.176886,884,0,0,0
1790616657.236937,886,0,0,0
1790616657.3172202,884,0,0,0
1790616657.376737,886,0,0,0
1790616657.416793,885,0,0,0
1790616657.476616,885,0,0,0
1790616657.536771,885,0,0,0
1790616657.5778298,885,0,0,0
1790616657.636987,887,0,0,0
1790616657.677035,884,0,0,0
1790616657.7393851,884,0,0,0
1790616657.7968771,885,0,0,0
1790616657.837379,884,0,0,0
1790616657.897275,885,0,0,0
1790616657.9371479,887,0,0,0
1790616657.9969049,886,0,0,0
1790616658.056889,887,0,0,0
1790616658.0969532,887,0,0,0
1790616658.156832,885,0,0,0
1790616658.200974,885,0,0,0
1790616658.256886,885,0,0,0
1790616658.316711,884,0,0,0
1790616658.356752,886,0,0,0
1790616658.4168909,885,0,0,0
1790616658.476897,888,0,0,0
1790616658.516712,886,0,0,0
1790616658.576951,885,0,0,0
1790616658.639473,886,0,0,0
1790616658.67743,885,0,0,0
1790616658.737322,885,0,0,0
1790616658.800382,885,0,0,0
1790616658.838324,885,0,0,0
1790616658.89839,884,0,0,0
1790616658.956785,883,0,0,0
1790616659.0034208,917,0,0,0
1790616659.056865,990,0,0,0
1790616659.116964,1144,0,0,0
1790616659.157556,1247,0,0,0
1790616659.217078,1065,0,0,0
1790616659.256941,963,0,0,0
1790616659.317843,908,0,0,0
1790616659.377354,886,0,0,0
1790616659.416938,884,0,0,0
1790616659.4766169,886,0,0,0
1790616659.543699,886,0,0,0
1790616659.5996642,885,0,0,0
1790616659.656831,886,0,0,0
1790616659.698668,886,0,0,0
1790616659.769999,887,0,0,0
1790616659.8167732,885,0,0,0
1790616659.8766599,886,0,0,0
1790616659.91671,885,0,0,0
1790616659.976647,885,0,0,0
1790616660.0168371,875,0,0,0
1790616660.076663,863,0,0,0
1790616660.1376169,844,0,0,0
1790616660.176747,821,0,0,0
1790616660.237141,800,0,0,0
1790616660.298155,781,0,0,0
1790616660.337466,764,0,0,0
1790616660.39812,751,0,0,0
1790616660.436896,738,0,0,0
1790616660.496724,726,0,0,0
1790616660.537138,711,0,0,0
1790616660.596898,696,0,0,0
1790616660.638999,678,0,0,0
1790616660.6984499,642,0,0,0
1790616660.7568939,638,0,0,0
1790616660.796841,608,0,0,0
1790616660.856988,588,0,0,0
1790616660.916888,572,0,0,0
1790616660.956909,556,0,0,0
1790616661.01675,540,0,0,0
1790616661.0768251,519,0,0,0
1790616661.116745,502,0,0,0
1790616661.176707,485,0,0,0
1790616661.2173922,485,0,0,0
1790616661.276612,452,0,0,0
1790616661.3374798,434,0,0,0
1790616661.39753,419,0,0,0
1790616661.43763,404,0,0,0
1790616661.497463,388,0,0,0
1790616661.556882,358,0,0,0
1790616661.616641,345,0,0,0
1790616661.6572502,336,0,0,0
1790616661.7167082,329,0,0,0
1790616661.756934,324,0,0,0
1790616661.836852,320,0,0,0
1790616661.896768,315,0,0,0
1790616661.936835,309,0,0,0
1790616661.996713,304,0,0,0
1790616662.056651,297,0,0,0
1790616662.096846,291,0,0,0
1790616662.156661,286,0,0,0
1790616662.1971688,284,0,0,0
1790616662.256659,281,0,0,0
1790616662.3169012,254,0,0,0
1790616662.3768718,249,0,0,0
1790616662.4170911,247,0,0,0
1790616662.476743,246,0,0,0
1790616662.517003,244,0,0,0
1790616662.5770528,244,0,0,0
1790616662.618051,243,0,0,0
1790616662.67818,242,0,0,0
1790616662.737775,242,0,0,0
1790616662.797966,243,0,0,0
1790616662.837863,242,0,0,0
1790616662.8983119,241,0,0,0
1790616662.96082,240,0,0,0
1790616662.999048,239,0,0,0
1790616663.062485,240,0,0,0
1790616663.098711,241,0,0,0
1790616663.162358,240,0,0,0
1790616663.217605,241,0,0,0
1790616663.2702022,239,0,0,0
1790616663.3176188,238,0,0,0
1790616663.361077,237,0,0,0
1790616663.418026,239,0,0,0
1790616663.4779918,238,0,0,0
1790616663.5180311,238,0,0,0
1790616663.577813,240,0,0,0
1790616663.618706,240,0,0,0
1790616663.678336,239,0,0,0
1790616663.737806,236,0,0,0
1790616663.777814,239,0,0,0
1790616663.8380501,238,0,0,0
1790616663.8995771,240,0,0,0
1790616663.9580889,235,0,0,0
1790616663.997688,246,0,0,0
1790616664.077924,310,0,0,0
1790616664.118122,308,0,0,0
1790616664.177799,246,0,0,0
1790616664.2378602,209,0,0,0
1790616664.297971,157,0,0,0
1790616664.337894,136,0,0,0
1790616664.397921,126,0,0,0
1790616664.457849,125,0,0,0
1790616664.497746,126,0,0,0
1790616664.557686,126,0,0,0
1790616664.6002078,124,0,0,0
1790616664.658015,124,0,0,0
1790616664.697675,126,0,0,0
1790616664.76524,126,0,0,0
1790616664.817572,125,0,0,0
1790616664.8775308,125,0,0,0
1790616664.917699,124,0,0,0
1790616664.978081,124,0,0,0
1790616665.037802,124,0,0,0
1790616665.0778701,125,0,0,0
1790616665.137748,133,0,0,0
1790616665.1981812,152,0,0,0
1790616665.239454,178,0,0,0
1790616665.297916,215,0,0,0
1790616665.357694,748,0,0,0
1790616665.4178839,1593,0,0,0
1790616665.4780438,975,0,0,0
1790616665.518077,772,0,0,0
1790616665.577766,751,0,0,0
1790616665.617996,749,0,0,0
1790616665.678219,752,0,0,0
1790616665.737903,753,0,0,0
1790616665.7976441,753,0,0,0
1790616665.837729,753,0,0,0
1790616665.898711,753,0,0,0
1790616665.95789,754,0,0,0
1790616665.997835,756,0,0,0
1790616666.058099,755,0,0,0
1790616666.097783,755,0,0,0
1790616666.158277,753,0,0,0
1790616666.217799,761,0,0,0
1790616666.297854,1310,0,0,0
1790616666.357858,1498,0,0,0
1790616666.397705,471,0,0,0
1790616666.457932,230,0,0,0
1790616666.517807,192,0,0,0
1790616666.55792,159,0,0,0
1790616666.617606,144,0,0,0
1790616666.677707,144,0,0,0
1790616666.7178712,136,0,0,0
1790616666.7987359,149,0,0,0
1790616666.83804,193,0,0,0
1790616666.898217,302,0,0,0
1790616666.957511,349,0,0,0
1790616666.998215,318,0,0,0
1790616667.0582988,289,0,0,0
1790616667.097752,273,0,0,0
1790616667.1592371,244,0,0,0
1790616667.22063,248,0,0,0
1790616667.25865,265,0,0,0
1790616667.322196,291,0,0,0
1790616667.357853,360,0,0,0
1790616667.4225311,415,0,0,0
1790616667.4605582,522,0,0,0
1790616667.521318,752,0,0,0
1790616667.578735,869,0,0,0
1790616667.622384,831,0,0,0
1790616667.677711,815,0,0,0
1790616667.737555,818,0,0,0
1790616667.7775638,816,0,0,0
1790616667.837575,818,0,0,0
1790616667.877694,818,0,0,0
1790616667.937592,820,0,0,0
1790616667.977967,818,0,0,0
1790616668.037761,821,0,0,0
1790616668.077811,821,0,0,0
1790616668.137701,820,0,0,0
1790616668.177752,821,0,0,0
1790616668.2378392,821,0,0,0
1790616668.297598,819,0,0,0
1790616668.337763,819,0,0,0
1790616668.397622,823,0,0,0
1790616668.458198,816,0,0,0
1790616668.528186,548,0,0,0
1790616668.577812,440,0,0,0
1790616668.62005,372,0,0,0
1790616668.6781282,326,0,0,0
1790616668.7193909,293,0,0,0
1790616668.7776482,278,0,0,0
1790616668.837526,251,0,0,0
1790616668.877763,247,0,0,0
1790616668.937885,244,0,0,0
1790616668.997814,243,0,0,0
1790616669.059977,242,0,0,0
1790616669.097685,242,0,0,0
1790616669.157971,242,0,0,0
1790616669.2182841,241,0,0,0
1790616669.277865,240,0,0,0
1790616669.317728,239,0,0,0
1790616669.377679,238,0,0,0
1790616669.437702,237,0,0,0
1790616669.4778,239,0,0,0
1790616669.537538,237,0,0,0
1790616669.577871,235,0,0,0
1790616669.637697,237,0,0,0
1790616669.697742,236,0,0,0
1790616669.73772,237,0,0,0
1790616669.797753,235,0,0,0
1790616669.857495,236,0,0,0
1790616669.89792,234,0,0,0
1790616669.957551,234,0,0,0
1790616669.997739,235,0,0,0
1790616670.057512,237,0,0,0
1790616670.11838,236,0,0,0
1790616670.157583,235,0,0,0
1790616670.217845,234,0,0,0
1790616670.257517,234,0,0,0
1790616670.3189042,232,0,0,0
1790616670.377582,232,0,0,0
1790616670.418002,232,0,0,0
1790616670.477758,233,0,0,0
1790616670.5183291,237,0,0,0
1790616670.577587,237,0,0,0
1790616670.637967,234,0,0,0
1790616670.67777,243,0,0,0
1790616670.742562,229,0,0,0
1790616670.819932,235,0,0,0
1790616670.877554,242,0,0,0
1790616670.918644,234,0,0,0
1790616670.977817,244,0,0,0
1790616671.018284,243,0,0,0
1790616671.077884,234,0,0,0
1790616671.137986,244,0,0,0
1790616671.177844,242,0,0,0
1790616671.23767,242,0,0,0
1790616671.298103,241,0,0,0
1790616671.3376992,239,0,0,0
1790616671.397734,242,0,0,0
1790616671.437758,241,0,0,0
1790616671.49768,239,0,0,0
1790616671.557504,242,0,0,0
1790616671.598229,241,0,0,0
1790616671.659302,242,0,0,0
1790616671.698091,249,0,0,0
1790616671.757728,285,0,0,0
1790616671.797617,368,0,0,0
1790616671.858033,420,0,0,0
1790616671.897609,545,0,0,0
1790616671.957719,844,0,0,0
1790616672.024662,851,0,0,0
1790616672.0579042,818,0,0,0
1790616672.117495,817,0,0,0
1790616672.180416,820,0,0,0
1790616672.2187269,817,0,0,0
1790616672.2795992,818,0,0,0
1790616672.3197892,818,0,0,0
1790616672.380252,819,0,0,0
1790616672.419372,821,0,0,0
1790616672.480253,821,0,0,0
1790616672.5377831,821,0,0,0
1790616672.580679,821,0,0,0
1790616672.637635,822,0,0,0
1790616672.684293,819,0,0,0
1790616672.737686,799,0,0,0
1790616672.7977018,781,0,0,0
1790616672.857604,757,0,0,0
1790616672.897645,736,0,0,0
1790616672.957526,715,0,0,0
1790616673.0183449,698,0,0,0
1790616673.082465,686,0,0,0
1790616673.118448,672,0,0,0
1790616673.180663,660,0,0,0
1790616673.220872,647,0,0,0
1790616673.279634,614,0,0,0
1790616673.337854,605,0,0,0
1790616673.397434,576,0,0,0
1790616673.4380538,576,0,0,0
1790616673.497591,534,0,0,0
1790616673.557441,520,0,0,0
1790616673.597727,502,0,0,0
1790616673.657585,490,0,0,0
1790616673.697819,470,0,0,0
1790616673.757782,455,0,0,0
1790616673.8183832,437,0,0,0
1790616673.8833668,420,0,0,0
1790616673.91855,401,0,0,0
1790616673.977628,384,0,0,0
1790616674.0375848,369,0,0,0
1790616674.08338,353,0,0,0
1790616674.1384299,339,0,0,0
1790616674.1788878,322,0,0,0
1790616674.237917,306,0,0,0
1790616674.2976089,292,0,0,0
1790616674.337525,278,0,0,0
1790616674.3976572,234,0,0,0
1790616674.437419,234,0,0,0
1790616674.4978402,224,0,0,0
1790616674.537716,219,0,0,0
1790616674.597965,216,0,0,0
1790616674.637701,216,0,0,0
1790616674.6975,217,0,0,0
1790616674.7377841,216,0,0,0
1790616674.797709,217,0,0,0
1790616674.857433,226,0,0,0
1790616674.8978088,216,0,0,0
1790616674.980742,216,0,0,0
1790616675.017762,216,0,0,0
1790616675.0804029,226,0,0,0
1790616675.137561,214,0,0,0
1790616675.178587,216,0,0,0
1790616675.264655,216,0,0,0
1790616675.317579,213,0,0,0
1790616675.357583,213,0,0,0
1790616675.417644,214,0,0,0
1790616675.457957,224,0,0,0
1790616675.517388,224,0,0,0
1790616675.577433,225,0,0,0
1790616675.637619,223,0,0,0
1790616675.679092,223,0,0,0
1790616675.737462,222,0,0,0
1790616675.7778199,225,0,0,0
1790616675.8409758,212,0,0,0
1790616675.880069,226,0,0,0
1790616675.937549,225,0,0,0
1790616675.997731,223,0,0,0
1790616676.04284,222,0,0,0
1790616676.097683,224,0,0,0
1790616676.142771,223,0,0,0
1790616676.19791,224,0,0,0
1790616676.257983,222,0,0,0
1790616676.2977788,228,0,0,0
1790616676.3582232,272,0,0,0
1790616676.418717,272,0,0,0
1790616676.457645,414,0,0,0
1790616676.51767,463,0,0,0
1790616676.561604,410,0,0,0
1790616676.6176078,372,0,0,0
1790616676.65762,351,0,0,0
1790616676.717407,344,0,0,0
1790616676.77858,344,0,0,0
1790616676.8176582,344,0,0,0
1790616676.8790772,344,0,0,0
1790616676.917709,344,0,0,0
1790616676.977626,344,0,0,0
1790616677.043555,344,0,0,0
1790616677.078621,335,0,0,0
1790616677.145012,344,0,0,0
1790616677.178265,343,0,0,0
1790616677.2420359,345,0,0,0
1790616677.297777,344,0,0,0
1790616677.357495,344,0,0,0
1790616677.397656,333,0,0,0
1790616677.4775481,359,0,0,0
1790616677.517995,385,0,0,0
1790616677.580409,438,0,0,0
1790616677.621137,508,0,0,0
1790616677.678008,610,0,0,0
1790616677.717816,810,0,0,0
1790616677.7784781,785,0,0,0
1790616677.837709,741,0,0,0
1790616677.877629,728,0,0,0
1790616677.937821,730,0,0,0
1790616677.997538,730,0,0,0
1790616678.0412118,730,0,0,0
1790616678.0992582,731,0,0,0
1790616678.138973,731,0,0,0
1790616678.1977339,730,0,0,0
1790616678.263633,731,0,0,0
1790616678.3177018,731,0,0,0
1790616678.357862,732,0,0,0
1790616678.417709,732,0,0,0
1790616678.460128,733,0,0,0
1790616678.520096,732,0,0,0
1790616678.580652,732,0,0,0
1790616678.620033,732,0,0,0
1790616678.680115,731,0,0,0
1790616678.719873,731,0,0,0
1790616678.781603,732,0,0,0
1790616678.841575,734,0,0,0
1790616678.8806028,734,0,0,0
1790616678.941843,735,0,0,0
1790616678.998645,734,0,0,0
1790616679.04037,732,0,0,0
1790616679.102981,733,0,0,0
1790616679.143081,732,0,0,0
1790616679.2021859,731,0,0,0
1790616679.262877,732,0,0,0
1790616679.319124,730,0,0,0
1790616679.3801842,730,0,0,0
1790616679.419113,731,0,0,0
1790616679.479454,731,0,0,0
1790616679.540212,731,0,0,0
1790616679.581227,732,0,0,0
1790616679.638918,733,0,0,0
1790616679.70399,731,0,0,0
1790616679.761557,732,0,0,0
1790616679.8220422,733,0,0,0
1790616679.8585868,733,0,0,0
1790616679.919323,732,0,0,0
1790616679.978668,731,0,0,0
1790616680.018728,732,0,0,0
1790616680.071572,732,0,0,0
1790616680.138724,732,0,0,0
1790616680.179041,731,0,0,0
1790616680.2415848,732,0,0,0
1790616680.3001149,729,0,0,0
1790616680.339939,732,0,0,0
1790616680.40231,734,0,0,0
1790616680.43864,735,0,0,0
1790616680.5035148,734,0,0,0
1790616680.5395231,734,0,0,0
1790616680.601223,735,0,0,0
1790616680.642399,735,0,0,0
1790616680.70158,737,0,0,0
1790616680.762207,760,0,0,0
1790616680.819391,818,0,0,0
1790616680.8590689,738,0,0,0
1790616680.918463,576,0,0,0
1790616680.960947,491,0,0,0
1790616681.0184891,436,0,0,0
1790616681.059517,385,0,0,0
1790616681.121442,360,0,0,0
1790616681.161879,347,0,0,0
1790616681.218364,349,0,0,0
1790616681.2699578,364,0,0,0
1790616681.318763,394,0,0,0
1790616681.3794172,442,0,0,0
1790616681.418914,460,0,0,0
1790616681.478406,381,0,0,0
1790616681.522026,327,0,0,0
1790616681.578538,294,0,0,0
1790616681.6196392,273,0,0,0
1790616681.679904,259,0,0,0
1790616681.739298,234,0,0,0
1790616681.799242,242,0,0,0
1790616681.841099,370,0,0,0
1790616681.90162,411,0,0,0
1790616681.978521,501,0,0,0
1790616682.0187159,685,0,0,0
1790616682.0785432,1011,0,0,0
1790616682.1186078,1931,0,0,0
1790616682.179105,3286,0,0,0
1790616682.21924,1340,0,0,0
1790616682.279132,1374,0,0,0
1790616682.339135,1349,0,0,0
1790616682.398486,1354,0,0,0
1790616682.439786,1345,0,0,0
1790616682.498566,1341,0,0,0
1790616682.5385711,1345,0,0,0
1790616682.602087,1346,0,0,0
1790616682.6590168,1337,0,0,0
1790616682.7028549,1352,0,0,0
1790616682.763469,1349,0,0,0
1790616682.821567,1368,0,0,0
1790616682.862793,2804,0,0,0
1790616682.919745,1911,0,0,0
1790616682.978508,937,0,0,0
1790616683.018337,628,0,0,0
1790616683.078367,479,0,0,0
1790616683.1187918,404,0,0,0
1790616683.178551,313,0,0,0
1790616683.218691,282,0,0,0
1790616683.281185,269,0,0,0
1790616683.338366,241,0,0,0
1790616683.3982642,236,0,0,0
1790616683.438381,235,0,0,0
1790616683.5034041,241,0,0,0
1790616683.539844,243,0,0,0
1790616683.59853,241,0,0,0
1790616683.641799,240,0,0,0
1790616683.701642,240,0,0,0
1790616683.7636101,241,0,0,0
1790616683.802811,242,0,0,0
1790616683.861749,242,0,0,0
1790616683.8987362,241,0,0,0
1790616683.9623601,238,0,0,0
1790616684.018445,240,0,0,0
1790616684.061952,238,0,0,0
1790616684.118589,240,0,0,0
1790616684.162935,251,0,0,0
1790616684.238577,278,0,0,0
1790616684.307093,350,0,0,0
1790616684.342001,407,0,0,0
1790616684.4004989,399,0,0,0
1790616684.442132,401,0,0,0
1790616684.501163,398,0,0,0
1790616684.539658,398,0,0,0
1790616684.599334,398,0,0,0
1790616684.662318,397,0,0,0
1790616684.700041,399,0,0,0
1790616684.7661471,398,0,0,0
1790616684.819777,399,0,0,0
1790616684.864075,430,0,0,0
1790616684.921133,477,0,0,0
1790616684.979996,419,0,0,0
1790616685.021746,377,0,0,0
1790616685.079644,353,0,0,0
1790616685.122308,347,0,0,0
1790616685.179732,348,0,0,0
1790616685.2414458,347,0,0,0
1790616685.2816231,348,0,0,0
1790616685.339649,347,0,0,0
1790616685.399613,348,0,0,0
1790616685.442362,347,0,0,0
1790616685.499629,347,0,0,0
1790616685.54111,348,0,0,0
1790616685.601469,347,0,0,0
1790616685.6598022,347,0,0,0
1790616685.700004,346,0,0,0
1790616685.76426,347,0,0,0
1790616685.81954,363,0,0,0
1790616685.881072,446,0,0,0
1790616685.919829,476,0,0,0
1790616685.9795141,476,0,0,0
1790616686.0199769,468,0,0,0
1790616686.080789,468,0,0,0
1790616686.1211798,468,0,0,0
1790616686.179594,466,0,0,0
1790616686.2195132,467,0,0,0
1790616686.2801049,467,0,0,0
1790616686.339804,469,0,0,0
1790616686.3795562,466,0,0,0
1790616686.481348,470,0,0,0
1790616686.523502,477,0,0,0
1790616686.581341,553,0,0,0
1790616686.621805,733,0,0,0
1790616686.681128,812,0,0,0
1790616686.716464,738,0,0,0
1790616686.7999191,738,0,0,0
1790616686.8393338,740,0,0,0
1790616686.901214,740,0,0,0
1790616686.9393952,741,0,0,0
1790616686.9993951,740,0,0,0
1790616687.041155,741,0,0,0
1790616687.0996108,742,0,0,0
1790616687.1412458,743,0,0,0
1790616687.199817,741,0,0,0
1790616687.241417,742,0,0,0
1790616687.30145,757,0,0,0
1790616687.3619142,808,0,0,0
1790616687.422914,777,0,0,0
1790616687.461357,600,0,0,0
1790616687.523199,504,0,0,0
1790616687.559318,449,0,0,0
1790616687.6228778,396,0,0,0
1790616687.679889,368,0,0,0
1790616687.7228549,353,0,0,0
1790616687.7803001,366,0,0,0
1790616687.8397498,366,0,0,0
1790616687.879613,396,0,0,0
1790616687.941473,480,0,0,0
1790616688.000989,406,0,0,0
1790616688.0394108,344,0,0,0
1790616688.100092,304,0,0,0
1790616688.162378,280,0,0,0
1790616688.2002041,268,0,0,0
1790616688.262422,268,0,0,0
1790616688.3225632,277,0,0,0
1790616688.3794858,294,0,0,0
1790616688.439429,341,0,0,0
1790616688.501889,502,0,0,0
1790616688.541176,668,0,0,0
1790616688.599317,816,0,0,0
1790616688.6395571,764,0,0,0
1790616688.6999419,748,0,0,0
1790616688.7664902,769,0,0,0
1790616688.8213482,722,0,0,0
1790616688.879436,757,0,0,0
1790616688.939413,810,0,0,0
1790616688.979444,868,0,0,0
1790616689.039517,859,0,0,0
1790616689.0796149,843,0,0,0
1790616689.1395981,845,0,0,0
1790616689.1795478,846,0,0,0
1790616689.239661,831,0,0,0
1790616689.2998989,846,0,0,0
1790616689.3395672,846,0,0,0
1790616689.3999748,844,0,0,0
1790616689.439531,844,0,0,0
1790616689.499542,848,0,0,0
1790616689.562023,852,0,0,0
1790616689.5995169,845,0,0,0
1790616689.660289,845,0,0,0
1790616689.69989,849,0,0,0
1790616689.765595,847,0,0,0
1790616689.8219001,931,0,0,0
1790616689.879391,893,0,0,0
1790616689.922528,868,0,0,0
1790616689.9815161,767,0,0,0
1790616690.022485,740,0,0,0
1790616690.079346,735,0,0,0
1790616690.1392992,741,0,0,0
1790616690.181403,738,0,0,0
1790616690.241314,738,0,0,0
1790616690.281701,738,0,0,0
1790616690.341664,740,0,0,0
1790616690.3796322,739,0,0,0
1790616690.440264,740,0,0,0
1790616690.501476,740,0,0,0
1790616690.541745,738,0,0,0
1790616690.600576,735,0,0,0
1790616690.641036,779,0,0,0
1790616690.701243,832,0,0,0
1790616690.7418072,844,0,0,0
1790616690.800632,843,0,0,0
1790616690.8606899,832,0,0,0
1790616690.9244502,813,0,0,0
1790616690.980783,816,0,0,0
1790616691.022589,804,0,0,0
1790616691.080503,800,0,0,0
1790616691.120538,813,0,0,0
1790616691.184115,830,0,0,0
1790616691.241324,830,0,0,0
1790616691.2831519,834,0,0,0
1790616691.340754,835,0,0,0
1790616691.383852,844,0,0,0
1790616691.440338,840,0,0,0
1790616691.500206,844,0,0,0
1790616691.540411,842,0,0,0
1790616691.60114,845,0,0,0
1790616691.640648,847,0,0,0
1790616691.7008588,843,0,0,0
1790616691.762345,846,0,0,0
1790616691.8009331,852,0,0,0
1790616691.860846,892,0,0,0
1790616691.9217448,859,0,0,0
1790616691.960564,768,0,0,0
1790616692.021638,740,0,0,0
1790616692.061631,737,0,0,0
1790616692.1236129,740,0,0,0
1790616692.161456,739,0,0,0
1790616692.222629,742,0,0,0
1790616692.282563,740,0,0,0
1790616692.321667,740,0,0,0
1790616692.382709,741,0,0,0
1790616692.4232929,742,0,0,0
1790616692.482458,742,0,0,0
1790616692.5411048,737,0,0,0
1790616692.5835211,748,0,0,0
1790616692.640535,836,0,0,0
1790616692.700352,871,0,0,0
1790616692.7415,866,0,0,0
1790616692.800896,875,0,0,0
1790616692.860671,864,0,0,0
1790616692.920952,861,0,0,0
1790616692.960207,841,0,0,0
1790616693.022154,824,0,0,0
1790616693.0823889,820,0,0,0
1790616693.121218,822,0,0,0
1790616693.200203,812,0,0,0
1790616693.2427468,796,0,0,0
1790616693.300386,797,0,0,0
1790616693.36078,821,0,0,0
1790616693.400733,840,0,0,0
1790616693.460962,843,0,0,0
1790616693.501523,851,0,0,0
1790616693.5614772,855,0,0,0
1790616693.6014888,857,0,0,0
1790616693.66148,858,0,0,0
1790616693.7212648,865,0,0,0
1790616693.7632,862,0,0,0
1790616693.8228512,858,0,0,0
1790616693.884346,869,0,0,0
1790616693.921696,860,0,0,0
1790616693.982944,897,0,0,0
1790616694.0236921,884,0,0,0
1790616694.086014,870,0,0,0
1790616694.141518,842,0,0,0
1790616694.1836312,765,0,0,0
1790616694.241796,745,0,0,0
1790616694.301428,738,0,0,0
1790616694.3613498,743,0,0,0
1790616694.401462,742,0,0,0
1790616694.46131,742,0,0,0
1790616694.501458,742,0,0,0
1790616694.561192,743,0,0,0
1790616694.6016252,742,0,0,0
1790616694.66182,741,0,0,0
1790616694.701607,742,0,0,0
1790616694.782955,738,0,0,0
1790616694.821724,756,0,0,0
1790616694.882265,826,0,0,0
1790616694.921799,856,0,0,0
1790616694.984236,901,0,0,0
1790616695.041445,877,0,0,0
1790616695.101511,791,0,0,0
1790616695.161827,734,0,0,0
1790616695.201333,772,0,0,0
1790616695.2620218,758,0,0,0
1790616695.301524,787,0,0,0
1790616695.361311,799,0,0,0
1790616695.442451,539,0,0,0
1790616695.4818869,557,0,0,0
1790616695.5438,486,0,0,0
1790616695.601301,399,0,0,0
1790616695.644298,310,0,0,0
1790616695.701271,283,0,0,0
1790616695.741503,268,0,0,0
1790616695.801623,243,0,0,0
1790616695.8612201,239,0,0,0
1790616695.9012108,239,0,0,0
1790616695.961247,234,0,0,0
1790616696.0015569,233,0,0,0
1790616696.0612,232,0,0,0
1790616696.121343,233,0,0,0
1790616696.161404,229,0,0,0
1790616696.22141,231,0,0,0
1790616696.281889,228,0,0,0
1790616696.3429902,231,0,0,0
1790616696.401259,231,0,0,0
1790616696.443265,228,0,0,0
1790616696.501477,229,0,0,0
1790616696.561352,227,0,0,0
1790616696.601732,230,0,0,0
1790616696.6614048,227,0,0,0
1790616696.721194,227,0,0,0
1790616696.782488,227,0,0,0
1790616696.8428538,228,0,0,0
1790616696.9014442,226,0,0,0
1790616696.961714,227,0,0,0
1790616697.001848,227,0,0,0
1790616697.0612779,225,0,0,0
1790616697.121493,224,0,0,0
1790616697.1819258,225,0,0,0
1790616697.2438169,224,0,0,0
1790616697.3014112,227,0,0,0
1790616697.361185,225,0,0,0
1790616697.4017851,223,0,0,0
1790616697.461375,224,0,0,0
1790616697.521247,225,0,0,0
1790616697.561589,225,0,0,0
1790616697.6221771,226,0,0,0
1790616697.6813319,223,0,0,0
1790616697.721432,224,0,0,0
1790616697.7813,223,0,0,0
1790616697.8445609,223,0,0,0
1790616697.9012501,224,0,0,0
1790616697.9614038,223,0,0,0
1790616698.001534,223,0,0,0
1790616698.0615082,219,0,0,0
1790616698.121452,223,0,0,0
1790616698.1616268,222,0,0,0
1790616698.221343,221,0,0,0
1790616698.2812119,220,0,0,0
1790616698.32163,222,0,0,0
1790616698.381249,221,0,0,0
1790616698.442065,219,0,0,0
1790616698.481241,220,0,0,0
1790616698.5433972,220,0,0,0
1790616698.601254,228,0,0,0
1790616698.642426,247,0,0,0
1790616698.701417,247,0,0,0
1790616698.742839,450,0,0,0
1790616698.8012621,612,0,0,0
1790616698.8611588,946,0,0,0
1790616698.901527,1842,0,0,0
1790616698.961236,2830,0,0,0
1790616699.021194,1338,0,0,0
1790616699.061561,1308,0,0,0
1790616699.121519,1322,0,0,0
1790616699.1629,1308,0,0,0
1790616699.2213628,1322,0,0,0
1790616699.281159,1327,0,0,0
1790616699.3213482,1315,0,0,0
1790616699.381228,1308,0,0,0
1790616699.421319,1307,0,0,0
1790616699.4812539,1301,0,0,0
1790616699.522366,1279,0,0,0
1790616699.581402,1270,0,0,0
1790616699.6214468,1256,0,0,0
1790616699.681687,1230,0,0,0
1790616699.741798,1211,0,0,0
1790616699.7819679,1207,0,0,0
1790616699.8427038,1185,0,0,0
1790616699.90351,1173,0,0,0
1790616699.9615512,1173,0,0,0
1790616700.001662,1166,0,0,0
1790616700.0614321,1133,0,0,0
1790616700.121998,1117,0,0,0
1790616700.1617038,1098,0,0,0
1790616700.221149,1098,0,0,0
1790616700.281318,1059,0,0,0
1790616700.321752,1057,0,0,0
1790616700.381245,1040,0,0,0
1790616700.442463,1027,0,0,0
1790616700.481249,1011,0,0,0
1790616700.5413172,1000,0,0,0
1790616700.581362,974,0,0,0
1790616700.641768,966,0,0,0
1790616700.681422,950,0,0,0
1790616700.741633,933,0,0,0
1790616700.821601,914,0,0,0
1790616700.881195,893,0,0,0
1790616700.941946,879,0,0,0
1790616700.982487,863,0,0,0
1790616701.0612018,858,0,0,0
1790616701.101362,850,0,0,0
1790616701.16128,837,0,0,0
1790616701.221478,830,0,0,0
1790616701.262261,820,0,0,0
1790616701.321169,818,0,0,0
1790616701.3613381,813,0,0,0
1790616701.42117,806,0,0,0
1790616701.461359,809,0,0,0
1790616701.521098,794,0,0,0
1790616701.5811741,801,0,0,0
1790616701.6216772,789,0,0,0
1790616701.681157,789,0,0,0
1790616701.721607,778,0,0,0
1790616701.7815108,772,0,0,0
1790616701.843369,766,0,0,0
1790616701.9039302,765,0,0,0
1790616701.942036,764,0,0,0
1790616702.0038269,761,0,0,0
1790616702.04184,757,0,0,0
1790616702.105655,748,0,0,0
1790616702.1614752,751,0,0,0
1790616702.221287,750,0,0,0
1790616702.2815459,745,0,0,0
1790616702.343916,743,0,0,0
1790616702.381351,747,0,0,0
1790616702.441521,741,0,0,0
1790616702.481371,740,0,0,0
1790616702.542285,744,0,0,0
1790616702.581352,744,0,0,0
1790616702.641365,746,0,0,0
1790616702.702983,742,0,0,0
1790616702.7414641,746,0,0,0
1790616702.803169,748,0,0,0
1790616702.861314,748,0,0,0
1790616702.921301,740,0,0,0
1790616702.961173,748,0,0,0
1790616703.021316,754,0,0,0
1790616703.081219,761,0,0,0
1790616703.141105,764,0,0,0
1790616703.181482,769,0,0,0
1790616703.2419589,767,0,0,0
1790616703.303571,758,0,0,0
1790616703.3620632,767,0,0,0
1790616703.421222,759,0,0,0
1790616703.461445,754,0,0,0
1790616703.521284,762,0,0,0
1790616703.561524,757,0,0,0
1790616703.621258,751,0,0,0
1790616703.661379,763,0,0,0
1790616703.7216508,766,0,0,0
1790616703.781491,748,0,0,0
1790616703.841138,752,0,0,0
1790616703.881143,756,0,0,0
1790616703.94123,764,0,0,0
1790616703.981482,759,0,0,0
1790616704.0434492,2960,0,0,0
1790616704.1032588,1966,0,0,0
1790616704.161175,1064,0,0,0
1790616704.221746,742,0,0,0
1790616704.301312,588,0,0,0
1790616704.343926,439,0,0,0
1790616704.42133,384,0,0,0
1790616704.481139,367,0,0,0
1790616704.521398,353,0,0,0
1790616704.581534,352,0,0,0
1790616704.66122,350,0,0,0
1790616704.701927,349,0,0,0
1790616704.763736,348,0,0,0
1790616704.8016949,347,0,0,0
1790616704.8632572,348,0,0,0
1790616704.9214249,347,0,0,0
1790616704.962807,347,0,0,0
1790616705.021125,347,0,0,0
1790616705.081156,347,0,0,0
1790616705.1215591,345,0,0,0
1790616705.181324,344,0,0,0
1790616705.241628,343,0,0,0
1790616705.303948,382,0,0,0
1790616705.361896,421,0,0,0
1790616705.4211142,485,0,0,0
1790616705.4812531,549,0,0,0
1790616705.521327,776,0,0,0
1790616705.581242,1053,0,0,0
1790616705.641149,1011,0,0,0
1790616705.681227,984,0,0,0
1790616705.7412102,990,0,0,0
1790616705.781236,990,0,0,0
1790616705.841507,989,0,0,0
1790616705.881383,991,0,0,0
1790616705.941639,991,0,0,0
1790616705.981206,983,0,0,0
1790616706.041193,989,0,0,0
1790616706.101836,991,0,0,0
1790616706.1659021,990,0,0,0
1790616706.202977,993,0,0,0
1790616706.262822,993,0,0,0
1790616706.321226,997,0,0,0
1790616706.3648682,667,0,0,0
1790616706.4213362,519,0,0,0
1790616706.481094,479,0,0,0
1790616706.521066,420,0,0,0
1790616706.5811672,381,0,0,0
1790616706.644661,357,0,0,0
1790616706.6812959,348,0,0,0
1790616706.741486,352,0,0,0
1790616706.8010602,367,0,0,0
1790616706.841061,397,0,0,0
1790616706.901085,444,0,0,0
1790616706.941411,513,0,0,0
1790616707.0025659,633,0,0,0
1790616707.062668,837,0,0,0
1790616707.1019242,1276,0,0,0
1790616707.163022,2518,0,0,0
1790616707.201916,2675,0,0,0
1790616707.272127,670,0,0,0
1790616707.321538,228,0,0,0
1790616707.36446,138,0,0,0
1790616707.421557,67,0,0,0
1790616707.481455,110,0,0,0
1790616707.522322,228,0,0,0
1790616707.581462,320,0,0,0
1790616707.641349,1052,0,0,0
1790616707.701063,1927,0,0,0
1790616707.7412748,1963,0,0,0
1790616707.8011808,1967,0,0,0
1790616707.869602,1967,0,0,0
1790616707.9211872,1967,0,0,0
1790616707.963674,1966,0,0,0
1790616708.021546,1974,0,0,0
1790616708.0634508,1972,0,0,0
1790616708.121357,1959,0,0,0
1790616708.181581,1971,0,0,0
1790616708.2214952,1962,0,0,0
1790616708.281541,1961,0,0,0
1790616708.321387,1962,0,0,0
1790616708.3815958,1963,0,0,0
1790616708.421488,1933,0,0,0
1790616708.4813051,1153,0,0,0
1790616708.521546,324,0,0,0
1790616708.581486,199,0,0,0
1790616708.64139,84,0,0,0
1790616708.6814668,63,0,0,0
1790616708.7412941,131,0,0,0
1790616708.8013709,287,0,0,0
1790616708.841376,554,0,0,0
1790616708.901195,846,0,0,0
1790616708.941542,725,0,0,0
1790616709.0025222,753,0,0,0
1790616709.041439,721,0,0,0
1790616709.101135,673,0,0,0
1790616709.141221,666,0,0,0
1790616709.2012239,656,0,0,0
1790616709.24128,650,0,0,0
1790616709.301408,657,0,0,0
1790616709.361834,652,0,0,0
1790616709.4012249,655,0,0,0
1790616709.4625301,656,0,0,0
1790616709.501676,656,0,0,0
1790616709.5619898,655,0,0,0
1790616709.601123,654,0,0,0
1790616709.663525,665,0,0,0
1790616709.722795,716,0,0,0
1790616709.782668,776,0,0,0
1790616709.8413131,782,0,0,0
1790616709.881269,655,0,0,0
1790616709.941254,639,0,0,0
1790616710.001129,648,0,0,0
1790616710.0414588,647,0,0,0
1790616710.1012359,648,0,0,0
1790616710.162428,646,0,0,0
1790616710.2028291,648,0,0,0
1790616710.2625878,647,0,0,0
1790616710.322195,649,0,0,0
1790616710.381134,648,0,0,0
1790616710.422915,647,0,0,0
1790616710.481408,638,0,0,0
1790616710.5414898,473,0,0,0
1790616710.581453,410,0,0,0
1790616710.6411982,370,0,0,0
1790616710.701028,361,0,0,0
1790616710.74141,349,0,0,0
1790616710.801078,358,0,0,0
1790616710.8638248,356,0,0,0
1790616710.901195,356,0,0,0
1790616710.9612129,355,0,0,0
1790616711.0263748,355,0,0,0
1790616711.060993,355,0,0,0
1790616711.141222,354,0,0,0
1790616711.200993,353,0,0,0
1790616711.252767,350,0,0,0
1790616711.3013499,348,0,0,0
1790616711.341217,356,0,0,0
1790616711.4011898,356,0,0,0
1790616711.4612129,415,0,0,0
1790616711.50127,457,0,0,0
1790616711.5632808,452,0,0,0
1790616711.601249,450,0,0,0
1790616711.66174,449,0,0,0
1790616711.7012658,449,0,0,0
1790616711.764161,451,0,0,0
1790616711.826834,451,0,0,0
1790616711.861121,448,0,0,0
1790616711.921042,451,0,0,0
1790616711.961707,451,0,0,0
1790616712.022738,448,0,0,0
1790616712.0812201,454,0,0,0
1790616712.123461,515,0,0,0
1790616712.181258,716,0,0,0
1790616712.2413461,1022,0,0,0
1790616712.281255,1030,0,0,0
1790616712.341133,997,0,0,0
1790616712.3811998,1002,0,0,0
1790616712.4410539,1004,0,0,0
1790616712.481208,1005,0,0,0
1790616712.540956,1004,0,0,0
1790616712.6010208,1004,0,0,0
1790616712.641322,999,0,0,0
1790616712.701031,1006,0,0,0
1790616712.7660868,998,0,0,0
1790616712.801205,997,0,0,0
1790616712.861398,997,0,0,0
1790616712.9011998,1048,0,0,0
1790616712.96112,1048,0,0,0
1790616713.0225222,588,0,0,0
1790616713.062256,497,0,0,0
1790616713.122714,445,0,0,0
1790616713.181032,388,0,0,0
1790616713.241167,370,0,0,0
1790616713.2834198,353,0,0,0
1790616713.3413131,354,0,0,0
1790616713.421654,387,0,0,0
1790616713.482568,433,0,0,0
1790616713.5414531,501,0,0,0
1790616713.581146,594,0,0,0
1790616713.64121,739,0,0,0
1790616713.683271,812,0,0,0
1790616713.741164,750,0,0,0
1790616713.800999,724,0,0,0
1790616713.8611012,725,0,0,0
1790616713.901163,458,0,0,0
1790616713.960928,301,0,0,0
1790616714.001426,63,0,0,0
1790616714.061385,84,0,0,0
1790616714.121248,140,0,0,0
1790616714.161163,274,0,0,0
1790616714.221087,515,0,0,0
1790616714.282757,859,0,0,0
1790616714.341013,878,0,0,0
1790616714.4009678,953,0,0,0
1790616714.441167,984,0,0,0
1790616714.5016372,984,0,0,0
1790616714.5412412,894,0,0,0
1790616714.6010282,1048,0,0,0
1790616714.641183,1048,0,0,0
1790616714.701211,1135,0,0,0
1790616714.762411,1129,0,0,0
1790616714.801107,1130,0,0,0
1790616714.8612192,1128,0,0,0
1790616714.921088,1127,0,0,0
1790616714.961357,1130,0,0,0
1790616715.020986,1130,0,0,0
1790616715.061366,1127,0,0,0
1790616715.115548,1129,0,0,0
1790616715.161484,1119,0,0,0
1790616715.2244449,1003,0,0,0
1790616715.282284,853,0,0,0
1790616715.321735,816,0,0,0
1790616715.3851352,979,0,0,0
1790616715.441198,889,0,0,0
1790616715.501146,868,0,0,0
1790616715.5412009,881,0,0,0
1790616715.6046789,876,0,0,0
1790616715.661535,878,0,0,0
1790616715.701089,873,0,0,0
1790616715.760969,874,0,0,0
1790616715.801067,870,0,0,0
1790616715.86133,879,0,0,0
1790616715.920933,885,0,0,0
1790616715.9611678,881,0,0,0
1790616716.023316,851,0,0,0
1790616716.083749,820,0,0,0
1790616716.121069,458,0,0,0
1790616716.1811929,162,0,0,0
1790616716.222354,97,0,0,0
1790616716.2821782,100,0,0,0
1790616716.34132,97,0,0,0
1790616716.384385,92,0,0,0
1790616716.441132,93,0,0,0
1790616716.482507,100,0,0,0
1790616716.541086,88,0,0,0
1790616716.58222,97,0,0,0
1790616716.6411269,98,0,0,0
1790616716.701065,98,0,0,0
1790616716.741251,89,0,0,0
1790616716.801182,44,0,0,0
1790616716.861009,82,0,0,0
1790616716.901289,231,0,0,0
1790616716.960989,342,0,0,0
1790616717.001181,629,0,0,0
1790616717.061048,605,0,0,0
1790616717.120976,607,0,0,0
1790616717.1609302,594,0,0,0
1790616717.220927,595,0,0,0
1790616717.281628,600,0,0,0
1790616717.321214,592,0,0,0
1790616717.3832908,593,0,0,0
1790616717.441238,588,0,0,0
1790616717.4822578,589,0,0,0
1790616717.541194,588,0,0,0
1790616717.6023092,591,0,0,0
1790616717.6444402,594,0,0,0
1790616717.701167,590,0,0,0
1790616717.743308,588,0,0,0
1790616717.801132,591,0,0,0
1790616717.8814,664,0,0,0
1790616717.921022,658,0,0,0
1790616717.9831302,652,0,0,0
1790616718.041146,655,0,0,0
1790616718.083613,652,0,0,0
1790616718.1426702,659,0,0,0
1790616718.1821282,653,0,0,0
1790616718.243376,654,0,0,0
1790616718.300976,650,0,0,0
1790616718.343223,649,0,0,0
1790616718.4017532,636,0,0,0
1790616718.442828,628,0,0,0
1790616718.500848,613,0,0,0
1790616718.5609658,598,0,0,0
1790616718.601275,575,0,0,0
1790616718.6609511,560,0,0,0
1790616718.721083,538,0,0,0
1790616718.781492,526,0,0,0
1790616718.8211122,510,0,0,0
1790616718.880992,505,0,0,0
1790616718.921178,502,0,0,0
1790616718.982534,493,0,0,0
1790616719.021187,484,0,0,0
1790616719.080984,473,0,0,0
1790616719.12154,459,0,0,0
1790616719.181508,446,0,0,0
1790616719.2212439,433,0,0,0
1790616719.3011708,416,0,0,0
1790616719.343043,388,0,0,0
1790616719.40131,375,0,0,0
1790616719.4610372,360,0,0,0
1790616719.501368,350,0,0,0
1790616719.561097,343,0,0,0
1790616719.6210501,346,0,0,0
1790616719.6610749,349,0,0,0
1790616719.721048,352,0,0,0
1790616719.781415,354,0,0,0
1790616719.821004,352,0,0,0
1790616719.881022,350,0,0,0
1790616719.9209979,347,0,0,0
1790616719.9809809,347,0,0,0
1790616720.046279,352,0,0,0
1790616720.086962,358,0,0,0
1790616720.161023,372,0,0,0
1790616720.221684,380,0,0,0
1790616720.261605,395,0,0,0
1790616720.321333,406,0,0,0
1790616720.3810802,427,0,0,0
1790616720.4213839,457,0,0,0
1790616720.4810119,457,0,0,0
1790616720.521077,556,0,0,0
1790616720.580796,628,0,0,0
1790616720.642633,710,0,0,0
1790616720.680919,787,0,0,0
1790616720.741907,787,0,0,0
1790616720.801642,904,0,0,0
1790616720.8430889,942,0,0,0
1790616720.901269,988,0,0,0
1790616720.9611661,1004,0,0,0
1790616721.001575,1003,0,0,0
1790616721.061526,1000,0,0,0
1790616721.101181,999,0,0,0
1790616721.16144,1002,0,0,0
1790616721.201175,1004,0,0,0
1790616721.261444,1000,0,0,0
1790616721.320943,1000,0,0,0
1790616721.380778,996,0,0,0
1790616721.420938,997,0,0,0
1790616721.481259,1002,0,0,0
1790616721.5421638,998,0,0,0
1790616721.581098,996,0,0,0
1790616721.641243,990,0,0,0
1790616721.701207,995,0,0,0
1790616721.761386,1057,0,0,0
1790616721.822656,1059,0,0,0
1790616721.8613539,1062,0,0,0
1790616721.922176,1073,0,0,0
1790616721.962632,1074,0,0,0
1790616722.021133,1076,0,0,0
1790616722.061363,1071,0,0,0
1790616722.1209412,1071,0,0,0
1790616722.1811059,1073,0,0,0
1790616722.221119,1071,0,0,0
1790616722.281,1073,0,0,0
1790616722.3209631,1075,0,0,0
1790616722.381223,1076,0,0,0
1790616722.442334,1068,0,0,0
1790616722.481048,1070,0,0,0
1790616722.5423958,1065,0,0,0
1790616722.581584,1332,0,0,0
1790616722.643219,2577,0,0,0
1790616722.681014,1838,0,0,0
1790616722.7416801,913,0,0,0
1790616722.8025029,653,0,0,0
1790616722.842054,516,0,0,0
1790616722.9028711,443,0,0,0
1790616722.9425411,375,0,0,0
1790616723.002647,322,0,0,0
1790616723.041408,302,0,0,0
1790616723.102447,293,0,0,0
1790616723.1419342,292,0,0,0
1790616723.202417,291,0,0,0
1790616723.241078,291,0,0,0
1790616723.301731,289,0,0,0
1790616723.341442,289,0,0,0
1790616723.402594,289,0,0,0
1790616723.4609642,288,0,0,0
1790616723.503646,288,0,0,0
1790616723.5609221,287,0,0,0
1790616723.620919,287,0,0,0
1790616723.6608698,285,0,0,0
1790616723.720811,284,0,0,0
1790616723.7810152,295,0,0,0
1790616723.8212092,350,0,0,0
1790616723.8812869,409,0,0,0
1790616723.942334,467,0,0,0
1790616723.981101,629,0,0,0
1790616724.041256,930,0,0,0
1790616724.0811808,1562,0,0,0
1790616724.142226,1666,0,0,0
1790616724.2025359,1664,0,0,0
1790616724.2446258,1671,0,0,0
1790616724.3208451,1671,0,0,0
1790616724.3609622,1673,0,0,0
1790616724.4210079,1672,0,0,0
1790616724.460972,1672,0,0,0
1790616724.521163,1672,0,0,0
1790616724.5610611,1674,0,0,0
1790616724.6415648,1672,0,0,0
1790616724.701021,1668,0,0,0
1790616724.7413561,1671,0,0,0
1790616724.820948,1063,0,0,0
1790616724.861185,688,0,0,0
1790616724.920854,530,0,0,0
1790616724.961513,449,0,0,0
1790616725.0212202,383,0,0,0
1790616725.061132,337,0,0,0
1790616725.121658,308,0,0,0
1790616725.1810958,291,0,0,0
1790616725.221209,289,0,0,0
1790616725.280926,312,0,0,0
1790616725.3423202,356,0,0,0
1790616725.381243,413,0,0,0
1790616725.44159,477,0,0,0
1790616725.502696,635,0,0,0
1790616725.541756,900,0,0,0
1790616725.602601,1716,0,0,0
1790616725.640991,2316,0,0,0
1790616725.7026298,1551,0,0,0
1790616725.770096,498,0,0,0
1790616725.8023958,247,0,0,0
1790616725.860914,185,0,0,0
1790616725.903213,109,0,0,0
1790616725.9610822,77,0,0,0
1790616726.003364,57,0,0,0
1790616726.061054,46,0,0,0
1790616726.121399,41,0,0,0
1790616726.161011,42,0,0,0
1790616726.2218251,51,0,0,0
1790616726.281824,57,0,0,0
1790616726.322183,56,0,0,0
1790616726.381858,56,0,0,0
1790616726.4418938,64,0,0,0
1790616726.481977,65,0,0,0
1790616726.542181,64,0,0,0
1790616726.6020212,63,0,0,0
1790616726.6632168,63,0,0,0
1790616726.7025,63,0,0,0
1790616726.765118,63,0,0,0
1790616726.822141,63,0,0,0
1790616726.902116,63,0,0,0
1790616726.942016,60,0,0,0
1790616727.001955,46,0,0,0
1790616727.042442,51,0,0,0
1790616727.102496,64,0,0,0
1790616727.163451,87,0,0,0
1790616727.2037172,123,0,0,0
1790616727.265339,176,0,0,0
1790616727.323447,357,0,0,0
1790616727.3832161,1185,0,0,0
1790616727.423052,1067,0,0,0
1790616727.4831748,1089,0,0,0
1790616727.5229719,1093,0,0,0
1790616727.582863,1100,0,0,0
1790616727.642766,1085,0,0,0
1790616727.6830158,1094,0,0,0
1790616727.742788,1085,0,0,0
1790616727.802925,1089,0,0,0
1790616727.8430269,1092,0,0,0
1790616727.9039612,1090,0,0,0
1790616727.9633641,1091,0,0,0
1790616728.002784,1091,0,0,0
1790616728.062969,1095,0,0,0
1790616728.1029341,1055,0,0,0
1790616728.166069,1044,0,0,0
1790616728.20319,1049,0,0,0
1790616728.271889,1051,0,0,0
1790616728.323045,1051,0,0,0
1790616728.384507,1042,0,0,0
1790616728.423033,1042,0,0,0
1790616728.483049,1043,0,0,0
1790616728.523363,1061,0,0,0
1790616728.583485,1069,0,0,0
1790616728.642996,1085,0,0,0
1790616728.682878,1088,0,0,0
1790616728.742997,1114,0,0,0
1790616728.7832682,1136,0,0,0
1790616728.8428748,1176,0,0,0
1790616728.9028008,1202,0,0,0
1790616728.942796,1220,0,0,0
1790616729.002793,1235,0,0,0
1790616729.042917,1226,0,0,0
1790616729.125098,1223,0,0,0
1790616729.163552,1222,0,0,0
1790616729.222972,1219,0,0,0
1790616729.2831721,1214,0,0,0
1790616729.322927,1209,0,0,0
1790616729.383175,1218,0,0,0
1790616729.443097,1268,0,0,0
1790616729.483229,1356,0,0,0
1790616729.543112,1424,0,0,0
1790616729.583606,1618,0,0,0
1790616729.642776,1662,0,0,0
1790616729.68304,1727,0,0,0
1790616729.7426748,1803,0,0,0
1790616729.8027961,1871,0,0,0
1790616729.8430111,1933,0,0,0
1790616729.902884,1917,0,0,0
1790616729.963111,1931,0,0,0
1790616730.003007,1915,0,0,0
1790616730.063204,2000,0,0,0
1790616730.103147,1937,0,0,0
1790616730.163143,1958,0,0,0
1790616730.2262368,1943,0,0,0
1790616730.2834072,1917,0,0,0
1790616730.343219,1990,0,0,0
1790616730.385232,1892,0,0,0
1790616730.442827,1916,0,0,0
1790616730.5032241,1972,0,0,0
1790616730.54273,1876,0,0,0
1790616730.6029289,1927,0,0,0
1790616730.6436648,2004,0,0,0
1790616730.702955,1943,0,0,0
1790616730.7634199,1895,0,0,0
1790616730.824824,1970,0,0,0
1790616730.863146,1964,0,0,0
1790616730.924719,1904,0,0,0
1790616730.9634612,1981,0,0,0
1790616731.024595,1912,0,0,0
1790616731.0833778,1939,0,0,0
1790616731.125201,1936,0,0,0
1790616731.18304,1900,0,0,0
1790616731.225962,1932,0,0,0
1790616731.28296,1905,0,0,0
1790616731.342804,1905,0,0,0
1790616731.383091,1886,0,0,0
1790616731.4429948,1948,0,0,0
1790616731.5030432,1871,0,0,0
1790616731.543005,1812,0,0,0
1790616731.602829,1720,0,0,0
1790616731.642882,1745,0,0,0
1790616731.7031438,1712,0,0,0
1790616731.763694,1715,0,0,0
1790616731.824954,1742,0,0,0
1790616731.863041,1738,0,0,0
1790616731.9255512,1714,0,0,0
1790616731.982954,1763,0,0,0
1790616732.0241961,1683,0,0,0
1790616732.082881,1743,0,0,0
1790616732.124825,1738,0,0,0
1790616732.183533,1780,0,0,0
1790616732.242715,1740,0,0,0
1790616732.3027709,1727,0,0,0
1790616732.3430002,1772,0,0,0
1790616732.403192,1739,0,0,0
1790616732.4465642,1711,0,0,0
1790616732.502738,1705,0,0,0
1790616732.5628328,1733,0,0,0
1790616732.602995,1736,0,0,0
1790616732.663025,1732,0,0,0
1790616732.702889,1726,0,0,0
1790616732.763208,1577,0,0,0
1790616732.824438,2074,0,0,0
1790616732.863743,920,0,0,0
1790616732.924272,532,0,0,0
1790616732.9629629,398,0,0,0
1790616733.022826,325,0,0,0
1790616733.062918,256,0,0,0
1790616733.122931,223,0,0,0
1790616733.1832519,167,0,0,0
1790616733.223267,147,0,0,0
1790616733.283015,145,0,0,0
1790616733.342734,142,0,0,0
1790616733.382956,141,0,0,0
1790616733.4429991,140,0,0,0
1790616733.482968,140,0,0,0
1790616733.542698,138,0,0,0
1790616733.603169,138,0,0,0
1790616733.663404,137,0,0,0
1790616733.7031732,137,0,0,0
1790616733.763492,135,0,0,0
1790616733.823332,134,0,0,0
1790616733.862752,130,0,0,0
1790616733.923698,136,0,0,0
1790616733.963084,151,0,0,0
1790616734.02562,173,0,0,0
1790616734.0630138,207,0,0,0
1790616734.122926,305,0,0,0
1790616734.182883,362,0,0,0
1790616734.223707,481,0,0,0
1790616734.2854028,817,0,0,0
1790616734.325419,1835,0,0,0
1790616734.383521,1818,0,0,0
1790616734.422992,1857,0,0,0
1790616734.4834938,1854,0,0,0
1790616734.542927,1848,0,0,0
1790616734.582981,1851,0,0,0
1790616734.6429,1854,0,0,0
1790616734.684927,1856,0,0,0
1790616734.742796,1845,0,0,0
1790616734.802803,1856,0,0,0
1790616734.842939,1856,0,0,0
1790616734.903112,1842,0,0,0
1790616734.963182,1222,0,0,0
1790616735.002948,581,0,0,0
1790616735.063037,406,0,0,0
1790616735.1030788,328,0,0,0
1790616735.162673,264,0,0,0
1790616735.224915,226,0,0,0
1790616735.262827,168,0,0,0
1790616735.3229241,148,0,0,0
1790616735.384686,137,0,0,0
1790616735.442878,137,0,0,0
1790616735.484433,146,0,0,0
1790616735.5427132,165,0,0,0
1790616735.585213,189,0,0,0
1790616735.643614,229,0,0,0
1790616735.702959,329,0,0,0
1790616735.7429829,429,0,0,0
1790616735.804877,1893,0,0,0
1790616735.86318,2181,0,0,0
1790616735.9240398,2195,0,0,0
1790616735.962856,1040,0,0,0
1790616736.023784,874,0,0,0
1790616736.084866,582,0,0,0
1790616736.12379,344,0,0,0
1790616736.184851,260,0,0,0
1790616736.223319,217,0,0,0
1790616736.283356,151,0,0,0
1790616736.3426912,151,0,0,0
1790616736.3860328,117,0,0,0
1790616736.442883,112,0,0,0
1790616736.5027242,111,0,0,0
1790616736.543027,110,0,0,0
1790616736.6030889,110,0,0,0
1790616736.643092,109,0,0,0
1790616736.6841578,108,0,0,0
1790616736.743789,118,0,0,0
1790616736.803752,108,0,0,0
1790616736.843724,106,0,0,0
1790616736.903682,106,0,0,0
1790616736.944045,106,0,0,0
1790616737.004828,106,0,0,0
1790616737.063967,105,0,0,0
1790616737.104047,116,0,0,0
1790616737.163748,124,0,0,0
1790616737.203896,133,0,0,0
1790616737.263786,173,0,0,0
1790616737.303905,212,0,0,0
1790616737.363738,308,0,0,0
1790616737.423796,864,0,0,0
1790616737.463723,1616,0,0,0
1790616737.523669,1616,0,0,0
1790616737.5641751,1835,0,0,0
1790616737.6238122,1853,0,0,0
1790616737.684384,1830,0,0,0
1790616737.725101,1838,0,0,0
1790616737.784769,1809,0,0,0
1790616737.8251479,1806,0,0,0
1790616737.884257,1834,0,0,0
1790616737.9467971,1840,0,0,0
1790616737.983783,1810,0,0,0
1790616738.0460439,1861,0,0,0
1790616738.104148,1896,0,0,0
1790616738.1637099,1826,0,0,0
1790616738.203885,1876,0,0,0
1790616738.2637131,1831,0,0,0
1790616738.323862,1827,0,0,0
1790616738.384089,1821,0,0,0
1790616738.424376,1828,0,0,0
1790616738.484301,1777,0,0,0
1790616738.544372,1603,0,0,0
1790616738.6037729,1554,0,0,0
1790616738.645168,1588,0,0,0
1790616738.7038279,1540,0,0,0
1790616738.745003,1544,0,0,0
1790616738.8039522,1585,0,0,0
1790616738.863693,1557,0,0,0
1790616738.90417,1573,0,0,0
1790616738.963753,1571,0,0,0
1790616739.02402,1571,0,0,0
1790616739.064598,1554,0,0,0
1790616739.123928,1565,0,0,0
1790616739.1637518,1584,0,0,0
1790616739.223904,1567,0,0,0
1790616739.287052,1566,0,0,0
1790616739.344851,1556,0,0,0
1790616739.3841841,1553,0,0,0
1790616739.445239,1530,0,0,0
1790616739.484156,1573,0,0,0
1790616739.5457878,1576,0,0,0
1790616739.583935,1585,0,0,0
1790616739.64656,1550,0,0,0
1790616739.703661,1583,0,0,0
1790616739.7459579,1561,0,0,0
1790616739.8035882,1566,0,0,0
1790616739.863831,1571,0,0,0
1790616739.9237719,1557,0,0,0
1790616739.963871,1563,0,0,0
1790616740.023958,1563,0,0,0
1790616740.085021,1578,0,0,0
1790616740.146772,1580,0,0,0
1790616740.185552,1580,0,0,0
1790616740.247811,1542,0,0,0
1790616740.323835,1599,0,0,0
1790616740.3853061,1582,0,0,0
1790616740.4237282,1561,0,0,0
1790616740.485153,1561,0,0,0
1790616740.524809,1580,0,0,0
1790616740.5845912,1539,0,0,0
1790616740.6251898,1559,0,0,0
1790616740.68577,1549,0,0,0
1790616740.746191,1545,0,0,0
1790616740.804846,1545,0,0,0
1790616740.86477,1575,0,0,0
1790616740.9048781,1580,0,0,0
1790616740.965125,1570,0,0,0
1790616741.005246,1545,0,0,0
1790616741.064906,1544,0,0,0
1790616741.12481,1576,0,0,0
1790616741.164856,1579,0,0,0
1790616741.2249038,1594,0,0,0
1790616741.26486,1567,0,0,0
1790616741.324908,1577,0,0,0
1790616741.3648489,1572,0,0,0
1790616741.4249659,1583,0,0,0
1790616741.484622,1613,0,0,0
1790616741.524858,1607,0,0,0
1790616741.585238,1612,0,0,0
1790616741.6248078,1631,0,0,0
1790616741.684887,1566,0,0,0
1790616741.744871,1630,0,0,0
1790616741.807832,1687,0,0,0
1790616741.844602,1665,0,0,0
1790616741.905152,1675,0,0,0
1790616741.965313,1674,0,0,0
1790616742.0075362,1006,0,0,0
1790616742.064906,879,0,0,0
1790616742.1072562,384,0,0,0
1790616742.164903,294,0,0,0
1790616742.2049,231,0,0,0
1790616742.285384,165,0,0,0
1790616742.3247201,141,0,0,0
1790616742.3846242,122,0,0,0
1790616742.4246578,119,0,0,0
1790616742.4848351,126,0,0,0
1790616742.524818,142,0,0,0
1790616742.6064498,190,0,0,0
1790616742.644638,355,0,0,0
1790616742.706311,485,0,0,0
1790616742.745168,784,0,0,0
1790616742.8056698,636,0,0,0
1790616742.86494,1673,0,0,0
1790616742.906204,1422,0,0,0
1790616742.964959,1577,0,0,0
1790616743.024621,1577,0,0,0
1790616743.06483,1562,0,0,0
1790616743.1247098,1556,0,0,0
1790616743.165869,1544,0,0,0
1790616743.2264051,1528,0,0,0
1790616743.2859762,1507,0,0,0
1790616743.325875,1481,0,0,0
1790616743.3858812,1457,0,0,0
1790616743.445751,1436,0,0,0
1790616743.485709,1418,0,0,0
1790616743.5465841,1397,0,0,0
1790616743.585663,1385,0,0,0
1790616743.645767,1376,0,0,0
1790616743.710218,1351,0,0,0
1790616743.745548,1331,0,0,0
1790616743.8059819,1310,0,0,0
1790616743.86579,1298,0,0,0
1790616743.906611,1269,0,0,0
1790616743.966042,1234,0,0,0
1790616744.025802,1230,0,0,0
1790616744.066101,1228,0,0,0
1790616744.1261802,1220,0,0,0
1790616744.165812,1201,0,0,0
1790616744.225899,1214,0,0,0
1790616744.285582,1238,0,0,0
1790616744.325855,1268,0,0,0
1790616744.3856719,1319,0,0,0
1790616744.446174,1350,0,0,0
1790616744.485883,1371,0,0,0
1790616744.547103,1366,0,0,0
1790616744.6072278,1345,0,0,0
1790616744.647019,1318,0,0,0
1790616744.7058702,1290,0,0,0
1790616744.766325,1276,0,0,0
1790616744.8455858,1253,0,0,0
1790616744.9059992,1247,0,0,0
1790616744.9459321,1244,0,0,0
1790616745.0056791,1231,0,0,0
1790616745.065707,1230,0,0,0
1790616745.1059399,1223,0,0,0
1790616745.166278,1219,0,0,0
1790616745.205748,1214,0,0,0
1790616745.265651,1214,0,0,0
1790616745.326199,1211,0,0,0
1790616745.385816,1213,0,0,0
1790616745.4464269,1208,0,0,0
1790616745.485846,1206,0,0,0
1790616745.5455759,1207,0,0,0
1790616745.6062238,1208,0,0,0
1790616745.64725,1205,0,0,0
1790616745.706536,1205,0,0,0
1790616745.7702882,1211,0,0,0
1790616745.825665,1208,0,0,0
1790616745.866281,1203,0,0,0
1790616745.925798,1204,0,0,0
1790616745.986395,1198,0,0,0
1790616746.0257778,1202,0,0,0
1790616746.085749,1199,0,0,0
1790616746.1465778,1200,0,0,0
1790616746.1857889,1194,0,0,0
1790616746.245664,1138,0,0,0
1790616746.305724,1133,0,0,0
1790616746.368106,1194,0,0,0
1790616746.407325,1198,0,0,0
1790616746.446787,1197,0,0,0
1790616746.507672,1193,0,0,0
1790616746.5677629,1193,0,0,0
1790616746.607501,1190,0,0,0
1790616746.6678872,1194,0,0,0
1790616746.707253,1193,0,0,0
1790616746.7703319,1193,0,0,0
1790616746.8267038,1190,0,0,0
1790616746.8691268,1191,0,0,0
1790616746.926668,1187,0,0,0
1790616746.9871519,1191,0,0,0
1790616747.066847,1185,0,0,0
1790616747.106603,1181,0,0,0
1790616747.168876,1184,0,0,0
1790616747.227034,1289,0,0,0
1790616747.270764,1284,0,0,0
1790616747.327449,1283,0,0,0
1790616747.386554,1289,0,0,0
1790616747.426721,1282,0,0,0
1790616747.487104,1271,0,0,0
1790616747.526766,1234,0,0,0
1790616747.586743,1201,0,0,0
1790616747.646823,1178,0,0,0
1790616747.6871302,1153,0,0,0
1790616747.7468119,1136,0,0,0
1790616747.807841,1125,0,0,0
1790616747.8467789,1125,0,0,0
1790616747.906699,1146,0,0,0
1790616747.9671402,1186,0,0,0
1790616748.0065448,1228,0,0,0
1790616748.06671,1278,0,0,0
1790616748.126587,1304,0,0,0
1790616748.1677692,1301,0,0,0
1790616748.226675,1288,0,0,0
1790616748.286693,1270,0,0,0
1790616748.326663,1247,0,0,0
1790616748.386729,1229,0,0,0
1790616748.447561,1212,0,0,0
1790616748.48723,1195,0,0,0
1790616748.546537,1183,0,0,0
1790616748.586602,1165,0,0,0
1790616748.6467578,1136,0,0,0
1790616748.68702,1136,0,0,0
1790616748.7465641,1121,0,0,0
1790616748.787342,1101,0,0,0
1790616748.846705,1101,0,0,0
1790616748.88692,1089,0,0,0
1790616748.946748,1084,0,0,0
1790616749.006645,1076,0,0,0
1790616749.046772,1063,0,0,0
1790616749.1065059,1053,0,0,0
1790616749.1467462,1045,0,0,0
1790616749.208864,1039,0,0,0
1790616749.270337,1040,0,0,0
1790616749.329311,1037,0,0,0
1790616749.3882802,1036,0,0,0
1790616749.429425,1033,0,0,0
1790616749.487433,1029,0,0,0
1790616749.5474932,1020,0,0,0
1790616749.5876071,1014,0,0,0
1790616749.647657,1010,0,0,0
1790616749.7077272,999,0,0,0
1790616749.747807,998,0,0,0
1790616749.807709,996,0,0,0
1790616749.867873,994,0,0,0
1790616749.929396,986,0,0,0
1790616749.967584,985,0,0,0
1790616750.0295098,977,0,0,0
1790616750.0875268,970,0,0,0
1790616750.1300101,967,0,0,0
1790616750.187712,966,0,0,0
1790616750.248735,967,0,0,0
1790616750.287744,964,0,0,0
1790616750.347714,964,0,0,0
1790616750.4076438,966,0,0,0
1790616750.4476569,965,0,0,0
1790616750.507565,965,0,0,0
1790616750.54776,968,0,0,0
1790616750.607627,968,0,0,0
1790616750.6677198,968,0,0,0
1790616750.707736,966,0,0,0
1790616750.770261,968,0,0,0
1790616750.8076842,966,0,0,0
1790616750.870364,968,0,0,0
1790616750.928336,965,0,0,0
1790616750.967468,966,0,0,0
1790616751.028098,967,0,0,0
1790616751.069191,966,0,0,0
1790616751.127873,966,0,0,0
1790616751.187744,966,0,0,0
1790616751.228839,965,0,0,0
1790616751.287725,967,0,0,0
1790616751.328056,967,0,0,0
1790616751.387718,967,0,0,0
1790616751.4475598,967,0,0,0
1790616751.488231,968,0,0,0
1790616751.568615,965,0,0,0
1790616751.608669,967,0,0,0
1790616751.667716,967,0,0,0
1790616751.727445,965,0,0,0
1790616751.768437,967,0,0,0
1790616751.827895,960,0,0,0
1790616751.8705401,949,0,0,0
1790616751.92819,932,0,0,0
1790616751.968214,905,0,0,0
1790616752.0292149,889,0,0,0
1790616752.0876548,860,0,0,0
1790616752.129075,842,0,0,0
1790616752.1890728,834,0,0,0
1790616752.2298722,812,0,0,0
1790616752.2876549,806,0,0,0
1790616752.347751,789,0,0,0
1790616752.4086301,772,0,0,0
1790616752.447572,754,0,0,0
1790616752.507547,735,0,0,0
1790616752.547858,707,0,0,0
1790616752.6075861,688,0,0,0
1790616752.6681678,678,0,0,0
1790616752.7075992,664,0,0,0
1790616752.7879522,627,0,0,0
1790616752.8475,612,0,0,0
1790616752.907501,608,0,0,0
1790616752.947608,577,0,0,0
1790616753.0077262,564,0,0,0
1790616753.048081,542,0,0,0
1790616753.107727,525,0,0,0
1790616753.1476,507,0,0,0
1790616753.20752,489,0,0,0
1790616753.247605,471,0,0,0
1790616753.32909,436,0,0,0
1790616753.387587,417,0,0,0
1790616753.447725,402,0,0,0
1790616753.489836,389,0,0,0
1790616753.5474648,378,0,0,0
1790616753.6075,371,0,0,0
1790616753.6478121,367,0,0,0
1790616753.707459,365,0,0,0
1790616753.775684,365,0,0,0
1790616753.828041,361,0,0,0
1790616753.889096,355,0,0,0
1790616753.930319,355,0,0,0
1790616753.989107,341,0,0,0
1790616754.04771,334,0,0,0
1790616754.107658,329,0,0,0
1790616754.148093,325,0,0,0
1790616754.207646,321,0,0,0
1790616754.2477388,319,0,0,0
1790616754.307591,317,0,0,0
1790616754.3678122,313,0,0,0
1790616754.429693,308,0,0,0
1790616754.467728,301,0,0,0
1790616754.5288,297,0,0,0
1790616754.567631,296,0,0,0
1790616754.629659,294,0,0,0
1790616754.667665,293,0,0,0
1790616754.7296388,293,0,0,0
1790616754.7904341,292,0,0,0
1790616754.8281732,294,0,0,0
1790616754.889869,292,0,0,0
1790616754.927814,292,0,0,0
1790616754.989562,293,0,0,0
1790616755.047487,292,0,0,0
1790616755.089952,292,0,0,0
1790616755.147655,291,0,0,0
1790616755.207615,292,0,0,0
1790616755.24767,292,0,0,0
1790616755.307551,293,0,0,0
1790616755.367491,292,0,0,0
1790616755.407997,292,0,0,0
1790616755.467641,292,0,0,0
1790616755.5076768,292,0,0,0
1790616755.567518,292,0,0,0
1790616755.60768,292,0,0,0
1790616755.6675022,291,0,0,0
1790616755.728338,293,0,0,0
1790616755.76798,292,0,0,0
1790616755.827656,292,0,0,0
1790616755.889768,291,0,0,0
1790616755.928333,290,0,0,0
1790616755.989704,290,0,0,0
1790616756.047717,291,0,0,0
1790616756.107795,290,0,0,0
1790616756.147748,288,0,0,0
1790616756.2077749,290,0,0,0
1790616756.247981,289,0,0,0
1790616756.307977,289,0,0,0
1790616756.367562,289,0,0,0
1790616756.407815,291,0,0,0
1790616756.467593,290,0,0,0
1790616756.5277,291,0,0,0
1790616756.5675259,289,0,0,0
1790616756.628257,289,0,0,0
1790616756.670115,289,0,0,0
1790616756.72817,290,0,0,0
1790616756.788357,290,0,0,0
1790616756.828651,290,0,0,0
1790616756.887543,290,0,0,0
1790616756.927718,290,0,0,0
1790616756.987536,289,0,0,0
1790616757.0484328,290,0,0,0
1790616757.088362,290,0,0,0
1790616757.147734,290,0,0,0
1790616757.188267,289,0,0,0
1790616757.247902,289,0,0,0
1790616757.3074691,289,0,0,0
1790616757.3475041,289,0,0,0
1790616757.4076328,288,0,0,0
1790616757.4475799,287,0,0,0
1790616757.5079,288,0,0,0
1790616757.567596,289,0,0,0
1790616757.6076689,288,0,0,0
1790616757.667572,289,0,0,0
1790616757.7078762,290,0,0,0
1790616757.787406,289,0,0,0
1790616757.828009,287,0,0,0
1790616757.8875608,286,0,0,0
1790616757.947602,287,0,0,0
1790616757.987482,287,0,0,0
1790616758.048224,287,0,0,0
1790616758.0879529,287,0,0,0
1790616758.147716,287,0,0,0
1790616758.187598,286,0,0,0
1790616758.2489522,284,0,0,0
1790616758.328373,287,0,0,0
1790616758.3875608,313,0,0,0
1790616758.428865,352,0,0,0
1790616758.4878871,352,0,0,0
1790616758.528425,531,0,0,0
1790616758.587307,767,0,0,0
1790616758.628033,903,0,0,0
1790616758.6892889,863,0,0,0
1790616758.727446,863,0,0,0
1790616758.789662,864,0,0,0
1790616758.84899,864,0,0,0
1790616758.887774,865,0,0,0
1790616758.9479969,859,0,0,0
1790616758.9903638,851,0,0,0
1790616759.0491729,838,0,0,0
1790616759.08765,822,0,0,0
1790616759.149611,804,0,0,0
1790616759.187531,785,0,0,0
1790616759.2497432,769,0,0,0
1790616759.30788,754,0,0,0
1790616759.351135,741,0,0,0
1790616759.407434,727,0,0,0
1790616759.467474,715,0,0,0
1790616759.507454,699,0,0,0
1790616759.567505,684,0,0,0
1790616759.607479,667,0,0,0
1790616759.667777,651,0,0,0
1790616759.707642,634,0,0,0
1790616759.767661,634,0,0,0
1790616759.827727,585,0,0,0
1790616759.867893,563,0,0,0
1790616759.9288251,547,0,0,0
1790616759.970082,530,0,0,0
1790616760.02961,513,0,0,0
1790616760.08973,496,0,0,0
1790616760.129615,477,0,0,0
1790616760.1895092,461,0,0,0
1790616760.230588,443,0,0,0
1790616760.2915142,428,0,0,0
1790616760.3507462,411,0,0,0
1790616760.390464,397,0,0,0
1790616760.45058,381,0,0,0
1790616760.515018,368,0,0,0
1790616760.57036,358,0,0,0
1790616760.630444,348,0,0,0
1790616760.670676,336,0,0,0
1790616760.730677,331,0,0,0
1790616760.7904189,324,0,0,0
1790616760.830824,319,0,0,0
1790616760.8905752,312,0,0,0
1790616760.930766,307,0,0,0
1790616760.9908879,302,0,0,0
1790616761.030709,298,0,0,0
1790616761.09044,294,0,0,0
1790616761.130663,291,0,0,0
1790616761.190364,286,0,0,0
1790616761.230716,281,0,0,0
1790616761.2910368,277,0,0,0
1790616761.33089,271,0,0,0
1790616761.3907268,266,0,0,0
1790616761.430709,234,0,0,0
1790616761.490747,227,0,0,0
1790616761.5509539,222,0,0,0
1790616761.590666,218,0,0,0
1790616761.651741,219,0,0,0
1790616761.71204,214,0,0,0
1790616761.751184,215,0,0,0
1790616761.8131452,215,0,0,0
1790616761.851082,215,0,0,0
1790616761.9123929,214,0,0,0
1790616761.9509382,217,0,0,0
1790616762.012917,217,0,0,0
1790616762.0703418,218,0,0,0
1790616762.112733,217,0,0,0
1790616762.1706922,219,0,0,0
1790616762.230324,219,0,0,0
1790616762.2904692,223,0,0,0
1790616762.330682,221,0,0,0
1790616762.3903282,221,0,0,0
1790616762.430798,222,0,0,0
1790616762.491385,221,0,0,0
1790616762.550348,222,0,0,0
1790616762.5905468,221,0,0,0
1790616762.65193,221,0,0,0
1790616762.690542,221,0,0,0
1790616762.751253,222,0,0,0
1790616762.829909,219,0,0,0
1790616762.8708181,221,0,0,0
1790616762.930387,221,0,0,0
1790616762.971793,222,0,0,0
1790616763.030613,220,0,0,0
1790616763.0707982,220,0,0,0
1790616763.130541,220,0,0,0
1790616763.191005,220,0,0,0
1790616763.230581,228,0,0,0
1790616763.2904088,220,0,0,0
1790616763.330615,229,0,0,0
1790616763.3903518,220,0,0,0
1790616763.430513,220,0,0,0
1790616763.4906461,219,0,0,0
1790616763.550503,219,0,0,0
1790616763.590562,230,0,0,0
1790616763.650381,217,0,0,0
1790616763.710357,230,0,0,0
1790616763.751691,227,0,0,0
1790616763.8106282,228,0,0,0
1790616763.870589,228,0,0,0
1790616763.9304042,227,0,0,0
1790616763.9704692,227,0,0,0
1790616764.030433,227,0,0,0
1790616764.0705469,228,0,0,0
1790616764.13028,227,0,0,0
1790616764.190335,229,0,0,0
1790616764.230495,227,0,0,0
1790616764.2905579,229,0,0,0
1790616764.33073,217,0,0,0
1790616764.3904011,226,0,0,0
1790616764.431392,228,0,0,0
1790616764.490562,229,0,0,0
1790616764.530586,229,0,0,0
1790616764.590494,226,0,0,0
1790616764.630603,225,0,0,0
1790616764.6903949,228,0,0,0
1790616764.750813,225,0,0,0
1790616764.810467,225,0,0,0
1790616764.851578,228,0,0,0
1790616764.910877,229,0,0,0
1790616764.95052,230,0,0,0
1790616765.024529,226,0,0,0
1790616765.070554,227,0,0,0
1790616765.110715,227,0,0,0
1790616765.170492,229,0,0,0
1790616765.2108228,226,0,0,0
1790616765.290435,229,0,0,0
1790616765.33059,229,0,0,0
1790616765.390506,224,0,0,0
1790616765.430652,232,0,0,0
1790616765.4903822,263,0,0,0
1790616765.550774,348,0,0,0
1790616765.590497,386,0,0,0
1790616765.650305,991,0,0,0
1790616765.6904051,1367,0,0,0
1790616765.750586,930,0,0,0
1790616765.810455,905,0,0,0
1790616765.87141,898,0,0,0
1790616765.912149,899,0,0,0
1790616765.9729762,899,0,0,0
1790616766.011892,896,0,0,0
1790616766.073659,887,0,0,0
1790616766.13062,872,0,0,0
1790616766.172568,856,0,0,0
1790616766.230592,838,0,0,0
1790616766.2903109,819,0,0,0
1790616766.35073,799,0,0,0
1790616766.3905768,787,0,0,0
1790616766.4504828,771,0,0,0
1790616766.4904609,759,0,0,0
1790616766.550454,746,0,0,0
1790616766.611336,733,0,0,0
1790616766.6504488,717,0,0,0
1790616766.711039,700,0,0,0
1790616766.77207,683,0,0,0
1790616766.811433,665,0,0,0
1790616766.872331,649,0,0,0
1790616766.9121778,617,0,0,0
1790616766.973135,612,0,0,0
1790616767.0305831,588,0,0,0
1790616767.090414,565,0,0,0
1790616767.130531,545,0,0,0
1790616767.190291,529,0,0,0
1790616767.2568672,509,0,0,0
1790616767.330261,475,0,0,0
1790616767.3722901,458,0,0,0
1790616767.430675,442,0,0,0
1790616767.4714398,425,0,0,0
1790616767.530863,410,0,0,0
1790616767.590525,397,0,0,0
1790616767.630604,382,0,0,0
1790616767.69056,372,0,0,0
1790616767.750286,363,0,0,0
1790616767.810338,357,0,0,0
1790616767.850515,351,0,0,0
1790616767.910309,345,0,0,0
1790616767.9708319,340,0,0,0
1790616768.0109692,335,0,0,0
1790616768.071149,330,0,0,0
1790616768.1108449,325,0,0,0
1790616768.170785,320,0,0,0
1790616768.2307498,311,0,0,0
1790616768.29052,308,0,0,0
1790616768.350357,304,0,0,0
1790616768.3908322,301,0,0,0
1790616768.450324,297,0,0,0
1790616768.510331,292,0,0,0
1790616768.570358,286,0,0,0
1790616768.6104572,281,0,0,0
1790616768.670775,276,0,0,0
1790616768.711503,271,0,0,0
1790616768.770494,269,0,0,0
1790616768.8305311,267,0,0,0
1790616768.870215,266,0,0,0
1790616768.9307442,265,0,0,0
1790616768.970792,265,0,0,0
1790616769.0303922,265,0,0,0
1790616769.09054,266,0,0,0
1790616769.150354,265,0,0,0
1790616769.191977,265,0,0,0
1790616769.250226,267,0,0,0
1790616769.3119822,265,0,0,0
1790616769.370683,266,0,0,0
1790616769.4112902,266,0,0,0
1790616769.470678,266,0,0,0
1790616769.532738,265,0,0,0
1790616769.590505,275,0,0,0
1790616769.630521,266,0,0,0
1790616769.690992,265,0,0,0
1790616769.732238,266,0,0,0
1790616769.810442,265,0,0,0
1790616769.850375,266,0,0,0
1790616769.9110951,266,0,0,0
1790616769.970328,266,0,0,0
1790616770.010468,266,0,0,0
1790616770.070265,266,0,0,0
1790616770.111212,267,0,0,0
1790616770.1702342,265,0,0,0
1790616770.211296,266,0,0,0
1790616770.2904499,273,0,0,0
1790616770.333954,265,0,0,0
1790616770.3905458,274,0,0,0
1790616770.450297,265,0,0,0
1790616770.490484,265,0,0,0
1790616770.5505128,266,0,0,0
1790616770.590494,265,0,0,0
1790616770.65171,266,0,0,0
1790616770.7124789,266,0,0,0
1790616770.753301,274,0,0,0
1790616770.812402,264,0,0,0
1790616770.87329,264,0,0,0
1790616770.933512,264,0,0,0
1790616770.972418,273,0,0,0
1790616771.0328362,273,0,0,0
1790616771.09257,274,0,0,0
1790616771.133124,264,0,0,0
1790616771.1926022,265,0,0,0
1790616771.2522628,265,0,0,0
1790616771.3123431,273,0,0,0
1790616771.352993,273,0,0,0
1790616771.412382,273,0,0,0
1790616771.452418,265,0,0,0
1790616771.51247,274,0,0,0
1790616771.572412,267,0,0,0
1790616771.612515,265,0,0,0
1790616771.67218,264,0,0,0
1790616771.712569,264,0,0,0
1790616771.7928162,262,0,0,0
1790616771.852321,263,0,0,0
1790616771.912396,263,0,0,0
1790616771.9533062,263,0,0,0
1790616772.012429,264,0,0,0
1790616772.0527942,264,0,0,0
1790616772.112896,274,0,0,0
1790616772.172405,273,0,0,0
1790616772.212353,274,0,0,0
1790616772.274754,265,0,0,0
1790616772.33308,274,0,0,0
1790616772.392409,264,0,0,0
1790616772.435047,279,0,0,0
1790616772.4923232,303,0,0,0
1790616772.552336,344,0,0,0
1790616772.592417,660,0,0,0
1790616772.6522958,958,0,0,0
1790616772.7122219,943,0,0,0
1790616772.752775,1450,0,0,0
1790616772.812394,1397,0,0,0
1790616772.8734741,970,0,0,0
1790616772.912431,1085,0,0,0
1790616772.972544,1057,0,0,0
1790616773.033377,1058,0,0,0
1790616773.0723279,1056,0,0,0
1790616773.132349,1049,0,0,0
1790616773.193995,1043,0,0,0
1790616773.2324429,1034,0,0,0
1790616773.294086,1018,0,0,0
1790616773.35253,999,0,0,0
1790616773.412191,981,0,0,0
1790616773.452425,965,0,0,0
1790616773.5122292,957,0,0,0
1790616773.552565,946,0,0,0
1790616773.6123679,927,0,0,0
1790616773.6723042,927,0,0,0
1790616773.712311,903,0,0,0
1790616773.773168,892,0,0,0
1790616773.832139,881,0,0,0
1790616773.89428,870,0,0,0
1790616773.9350982,861,0,0,0
1790616773.999774,865,0,0,0
1790616774.0523882,879,0,0,0
1790616774.095414,914,0,0,0
1790616774.1523259,959,0,0,0
1790616774.212374,1015,0,0,0
1790616774.2526069,1062,0,0,0
1790616774.312361,1073,0,0,0
1790616774.372433,1073,0,0,0
1790616774.414268,1060,0,0,0
1790616774.4734788,1053,0,0,0
1790616774.5135732,1045,0,0,0
1790616774.573642,1035,0,0,0
1790616774.633172,1024,0,0,0
1790616774.67381,1007,0,0,0
1790616774.733546,989,0,0,0
1790616774.7938461,969,0,0,0
1790616774.8534021,950,0,0,0
1790616774.893621,933,0,0,0
1790616774.954077,920,0,0,0
1790616775.013233,912,0,0,0
1790616775.0532942,908,0,0,0
1790616775.115573,904,0,0,0
1790616775.173237,905,0,0,0
1790616775.21345,900,0,0,0
1790616775.293463,889,0,0,0
1790616775.334195,881,0,0,0
1790616775.393522,874,0,0,0
1790616775.433578,866,0,0,0
1790616775.493384,862,0,0,0
1790616775.5334,859,0,0,0
1790616775.5966132,858,0,0,0
1790616775.6539211,855,0,0,0
1790616775.693547,853,0,0,0
1790616775.753348,848,0,0,0
1790616775.8133912,842,0,0,0
1790616775.8534348,836,0,0,0
1790616775.913727,832,0,0,0
1790616775.9733791,828,0,0,0
1790616776.0144582,824,0,0,0
1790616776.073259,822,0,0,0
1790616776.1133492,822,0,0,0
1790616776.176503,820,0,0,0
1790616776.248677,819,0,0,0
1790616776.313271,821,0,0,0
1790616776.353531,819,0,0,0
1790616776.413323,819,0,0,0
1790616776.455065,822,0,0,0
1790616776.5132759,822,0,0,0
1790616776.553458,825,0,0,0
1790616776.613325,824,0,0,0
1790616776.673404,825,0,0,0
1790616776.713283,825,0,0,0
1790616776.77334,827,0,0,0
1790616776.81389,824,0,0,0
1790616776.873211,826,0,0,0
1790616776.913606,826,0,0,0
1790616776.973235,827,0,0,0
1790616777.033407,825,0,0,0
1790616777.073079,827,0,0,0
1790616777.1334531,827,0,0,0
1790616777.173385,828,0,0,0
1790616777.233243,826,0,0,0
1790616777.2948852,827,0,0,0
1790616777.333156,827,0,0,0
1790616777.3944378,826,0,0,0
1790616777.433375,826,0,0,0
1790616777.493131,828,0,0,0
1790616777.5334568,823,0,0,0
1790616777.5933068,823,0,0,0
1790616777.633729,826,0,0,0
1790616777.6933792,822,0,0,0
1790616777.733732,815,0,0,0
1790616777.796225,799,0,0,0
1790616777.856265,781,0,0,0
1790616777.913321,759,0,0,0
1790616777.953655,736,0,0,0
1790616778.013292,717,0,0,0
1790616778.073076,701,0,0,0
1790616778.1134331,687,0,0,0
1790616778.173236,676,0,0,0
1790616778.2134569,664,0,0,0
1790616778.273431,649,0,0,0
1790616778.3134432,633,0,0,0
1790616778.373198,614,0,0,0
1790616778.4337862,595,0,0,0
1790616778.501614,589,0,0,0
1790616778.55548,561,0,0,0
1790616778.5950668,538,0,0,0
1790616778.6541739,507,0,0,0
1790616778.693773,489,0,0,0
1790616778.761825,471,0,0,0
1790616778.813347,456,0,0,0
1790616778.855516,439,0,0,0
1790616778.913281,423,0,0,0
1790616778.955373,405,0,0,0
1790616779.013392,389,0,0,0
1790616779.073611,376,0,0,0
1790616779.113321,359,0,0,0
1790616779.17315,344,0,0,0
1790616779.213297,329,0,0,0
1790616779.2733388,313,0,0,0
1790616779.333293,298,0,0,0
1790616779.373641,284,0,0,0
1790616779.433259,271,0,0,0
1790616779.4936168,260,0,0,0
1790616779.5333939,227,0,0,0
1790616779.593586,213,0,0,0
1790616779.653227,199,0,0,0
1790616779.693546,190,0,0,0
1790616779.754257,176,0,0,0
1790616779.793345,169,0,0,0
1790616779.8540008,148,0,0,0
1790616779.9134238,136,0,0,0
1790616779.953721,126,0,0,0
1790616780.0133429,116,0,0,0
1790616780.0733912,114,0,0,0
1790616780.113398,112,0,0,0
1790616780.17336,112,0,0,0
1790616780.213619,112,0,0,0
1790616780.273234,114,0,0,0
1790616780.333914,115,0,0,0
1790616780.373371,114,0,0,0
1790616780.433307,116,0,0,0
1790616780.473612,115,0,0,0
1790616780.5332239,115,0,0,0
1790616780.593109,116,0,0,0
1790616780.633301,114,0,0,0
1790616780.693354,114,0,0,0
1790616780.733183,114,0,0,0
1790616780.79315,114,0,0,0
1790616780.856287,114,0,0,0
1790616780.893165,113,0,0,0
1790616780.9530802,112,0,0,0
1790616780.993292,114,0,0,0
1790616781.054049,114,0,0,0
1790616781.093622,114,0,0,0
1790616781.158985,112,0,0,0
1790616781.194562,113,0,0,0
1790616781.2534158,113,0,0,0
1790616781.314643,114,0,0,0
1790616781.355826,113,0,0,0
1790616781.41904,114,0,0,0
1790616781.4561422,114,0,0,0
1790616781.5146592,112,0,0,0
1790616781.5532858,113,0,0,0
1790616781.614712,112,0,0,0
1790616781.65621,111,0,0,0
1790616781.714124,112,0,0,0
1790616781.7552052,122,0,0,0
1790616781.818738,112,0,0,0
1790616781.873316,112,0,0,0
1790616781.914923,112,0,0,0
1790616781.9735591,112,0,0,0
1790616782.015596,123,0,0,0
1790616782.073382,112,0,0,0
1790616782.1331909,121,0,0,0
1790616782.1734369,111,0,0,0
1790616782.233391,110,0,0,0
1790616782.273161,110,0,0,0
1790616782.3334348,121,0,0,0
1790616782.373281,111,0,0,0
1790616782.433331,110,0,0,0
1790616782.4931772,120,0,0,0
1790616782.533519,120,0,0,0
1790616782.5931368,121,0,0,0
1790616782.653643,120,0,0,0
1790616782.693526,121,0,0,0
1790616782.753699,120,0,0,0
1790616782.7932632,120,0,0,0
1790616782.8532171,119,0,0,0
1790616782.9153879,121,0,0,0
1790616782.953174,122,0,0,0
1790616783.015223,121,0,0,0
1790616783.0533912,121,0,0,0
1790616783.115391,121,0,0,0
1790616783.173265,119,0,0,0
1790616783.214407,119,0,0,0
1790616783.273236,118,0,0,0
1790616783.33328,120,0,0,0
1790616783.373281,118,0,0,0
1790616783.43393,118,0,0,0
1790616783.473243,119,0,0,0
1790616783.533139,119,0,0,0
1790616783.5735009,142,0,0,0
1790616783.6333282,183,0,0,0
1790616783.673457,227,0,0,0
1790616783.733642,500,0,0,0
1790616783.793182,644,0,0,0
1790616783.8337889,630,0,0,0
1790616783.893079,602,0,0,0
1790616783.934196,105,0,0,0
1790616783.993119,115,0,0,0
1790616784.034463,99,0,0,0
1790616784.093531,105,0,0,0
1790616784.1335979,105,0,0,0
1790616784.193873,103,0,0,0
1790616784.233335,101,0,0,0
1790616784.294475,102,0,0,0
1790616784.33343,101,0,0,0
1790616784.393599,100,0,0,0
1790616784.4335759,99,0,0,0
1790616784.493666,99,0,0,0
1790616784.533393,100,0,0,0
1790616784.593312,101,0,0,0
1790616784.63413,99,0,0,0
1790616784.6933289,101,0,0,0
1790616784.753074,99,0,0,0
1790616784.81315,99,0,0,0
1790616784.8541,97,0,0,0
1790616784.915031,99,0,0,0
1790616784.953204,98,0,0,0
1790616785.014024,101,0,0,0
1790616785.073178,97,0,0,0
1790616785.115351,98,0,0,0
1790616785.173322,98,0,0,0
1790616785.2541099,97,0,0,0
1790616785.313131,96,0,0,0
1790616785.35303,93,0,0,0
1790616785.4143062,95,0,0,0
1790616785.453192,95,0,0,0
1790616785.513207,94,0,0,0
1790616785.5534139,94,0,0,0
1790616785.615015,95,0,0,0
1790616785.673066,94,0,0,0
1790616785.713117,93,0,0,0
1790616785.7765791,93,0,0,0
1790616785.813866,93,0,0,0
1790616785.877408,93,0,0,0
1790616785.933244,94,0,0,0
1790616785.9747999,93,0,0,0
1790616786.0339909,94,0,0,0
1790616786.074965,95,0,0,0
1790616786.133366,93,0,0,0
1790616786.179125,94,0,0,0
1790616786.23305,94,0,0,0
1790616786.293334,94,0,0,0
1790616786.333341,94,0,0,0
1790616786.3933089,94,0,0,0
1790616786.433295,94,0,0,0
1790616786.493474,94,0,0,0
1790616786.533345,93,0,0,0
1790616786.59312,92,0,0,0
1790616786.6335151,94,0,0,0
1790616786.6931,92,0,0,0
1790616786.753172,92,0,0,0
1790616786.7932658,93,0,0,0
1790616786.853477,93,0,0,0
1790616786.914948,93,0,0,0
1790616786.9532769,92,0,0,0
1790616787.013396,92,0,0,0
1790616787.074859,91,0,0,0
1790616787.113518,92,0,0,0
1790616787.174477,92,0,0,0
1790616787.215102,93,0,0,0
1790616787.273781,92,0,0,0
1790616787.3331149,92,0,0,0
1790616787.374487,92,0,0,0
1790616787.433221,92,0,0,0
1790616787.5134962,91,0,0,0
1790616787.554087,91,0,0,0
1790616787.6135302,91,0,0,0
1790616787.673205,91,0,0,0
1790616787.713593,93,0,0,0
1790616787.7739499,91,0,0,0
1790616787.8338938,93,0,0,0
1790616787.874206,93,0,0,0
1790616787.933743,93,0,0,0
1790616787.974468,93,0,0,0
1790616788.033257,92,0,0,0
1790616788.093169,92,0,0,0
1790616788.1333702,93,0,0,0
1790616788.193063,92,0,0,0
1790616788.233686,94,0,0,0
1790616788.293258,94,0,0,0
1790616788.35312,95,0,0,0
1790616788.393318,93,0,0,0
1790616788.453436,93,0,0,0
1790616788.513064,93,0,0,0
1790616788.553226,90,0,0,0
1790616788.613744,92,0,0,0
1790616788.653111,91,0,0,0
1790616788.713481,94,0,0,0
1790616788.7748601,94,0,0,0
1790616788.833129,93,0,0,0
1790616788.893145,91,0,0,0
1790616788.933196,92,0,0,0
1790616788.993231,92,0,0,0
1790616789.033134,90,0,0,0
1790616789.0932212,91,0,0,0
1790616789.153074,91,0,0,0
1790616789.193229,91,0,0,0
1790616789.2530408,93,0,0,0
1790616789.314115,102,0,0,0
1790616789.377368,601,0,0,0
1790616789.4132612,627,0,0,0
1790616789.473231,645,0,0,0
1790616789.513222,420,0,0,0
1790616789.573608,315,0,0,0
1790616789.613287,239,0,0,0
1790616789.686709,167,0,0,0
1790616789.733394,121,0,0,0
1790616789.7775412,116,0,0,0
1790616789.8332841,122,0,0,0
1790616789.893261,140,0,0,0
1790616789.936589,165,0,0,0
1790616789.993335,208,0,0,0
1790616790.039606,326,0,0,0
1790616790.09323,426,0,0,0
1790616790.140783,763,0,0,0
1790616790.193106,1864,0,0,0
1790616790.2356648,2065,0,0,0
1790616790.293379,2003,0,0,0
1790616790.3532732,1995,0,0,0
1790616790.413111,2005,0,0,0
1790616790.473571,1998,0,0,0
1790616790.536202,2004,0,0,0
1790616790.573494,1958,0,0,0
1790616790.635972,1936,0,0,0
1790616790.6735559,1916,0,0,0
1790616790.734765,1903,0,0,0
1790616790.773779,1881,0,0,0
1790616790.8395379,1866,0,0,0
1790616790.893213,1869,0,0,0
1790616790.953015,1863,0,0,0
1790616790.993207,1849,0,0,0
1790616791.053558,1839,0,0,0
1790616791.0932758,1823,0,0,0
1790616791.153016,1814,0,0,0
1790616791.1931698,1808,0,0,0
1790616791.253477,1812,0,0,0
1790616791.313056,1821,0,0,0
1790616791.353936,1835,0,0,0
1790616791.413127,1851,0,0,0
1790616791.453295,1870,0,0,0
1790616791.512977,1881,0,0,0
1790616791.573262,1888,0,0,0
1790616791.613062,1865,0,0,0
1790616791.673125,1861,0,0,0
1790616791.735053,1838,0,0,0
1790616791.773762,1820,0,0,0
1790616791.8402,1806,0,0,0
1790616791.874487,1806,0,0,0
1790616791.9473379,1770,0,0,0
1790616791.993234,1748,0,0,0
1790616792.053111,1734,0,0,0
1790616792.09392,1725,0,0,0
1790616792.153089,1716,0,0,0
1790616792.193526,1708,0,0,0
1790616792.253119,1714,0,0,0
1790616792.313129,1713,0,0,0
1790616792.35306,1701,0,0,0
1790616792.413174,1709,0,0,0
1790616792.4531782,1706,0,0,0
1790616792.5132868,1709,0,0,0
1790616792.553201,1707,0,0,0
1790616792.613955,1704,0,0,0
1790616792.673088,1706,0,0,0
1790616792.713252,1700,0,0,0
1790616792.7737541,1695,0,0,0
1790616792.83862,1695,0,0,0
1790616792.8729699,1696,0,0,0
1790616792.933262,1693,0,0,0
1790616792.973166,1696,0,0,0
1790616793.034264,1694,0,0,0
1790616793.074075,1695,0,0,0
1790616793.1331651,1693,0,0,0
1790616793.193386,1695,0,0,0
1790616793.2338119,1695,0,0,0
1790616793.2934499,1697,0,0,0
1790616793.353376,1693,0,0,0
1790616793.4130208,1692,0,0,0
1790616793.453675,1696,0,0,0
1790616793.5129862,1693,0,0,0
1790616793.553192,1697,0,0,0
1790616793.61308,1694,0,0,0
1790616793.672927,1695,0,0,0
1790616793.713181,1700,0,0,0
1790616793.774652,1695,0,0,0
1790616793.833291,1702,0,0,0
1790616793.873364,1695,0,0,0
1790616793.933495,1694,0,0,0
1790616793.974327,1696,0,0,0
1790616794.033331,1693,0,0,0
1790616794.073075,1689,0,0,0
1790616794.1329632,1692,0,0,0
1790616794.2009768,1695,0,0,0
1790616794.252973,1633,0,0,0
1790616794.313111,1609,0,0,0
1790616794.353333,1606,0,0,0
1790616794.413165,1607,0,0,0
1790616794.453314,1610,0,0,0
1790616794.5133939,1603,0,0,0
1790616794.55316,1598,0,0,0
1790616794.6132329,1584,0,0,0
1790616794.67293,1565,0,0,0
1790616794.7135549,1541,0,0,0
1790616794.7736928,1521,0,0,0
1790616794.834972,1505,0,0,0
1790616794.899174,1495,0,0,0
1790616794.9329221,1475,0,0,0
1790616794.993042,1466,0,0,0
1790616795.0334232,1452,0,0,0
1790616795.095337,1440,0,0,0
1790616795.1531022,1424,0,0,0
1790616795.1947432,1424,0,0,0
1790616795.2531211,1396,0,0,0
1790616795.313353,1379,0,0,0
1790616795.373051,1380,0,0,0
1790616795.414599,1388,0,0,0
1790616795.472897,1390,0,0,0
1790616795.513864,1386,0,0,0
1790616795.5729809,1382,0,0,0
1790616795.6335008,1370,0,0,0
1790616795.6730251,1355,0,0,0
1790616795.7347279,1340,0,0,0
1790616795.794948,1323,0,0,0
1790616795.834784,1307,0,0,0
1790616795.8955579,1293,0,0,0
1790616795.9351869,1279,0,0,0
1790616795.996701,1263,0,0,0
1790616796.034115,1251,0,0,0
1790616796.098281,1236,0,0,0
1790616796.154419,1223,0,0,0
1790616796.1958349,1211,0,0,0
1790616796.254168,1203,0,0,0
1790616796.314049,1198,0,0,0
1790616796.354249,1190,0,0,0
1790616796.4141839,1184,0,0,0
1790616796.474286,1168,0,0,0
1790616796.533973,1156,0,0,0
1790616796.574906,1149,0,0,0
1790616796.6344068,1143,0,0,0
1790616796.6745899,1142,0,0,0
1790616796.733981,1142,0,0,0
1790616796.794535,1141,0,0,0
1790616796.834052,1142,0,0,0
1790616796.89753,1138,0,0,0
1790616796.9544919,1132,0,0,0
1790616796.994869,1125,0,0,0
1790616797.054069,1118,0,0,0
1790616797.094135,1113,0,0,0
1790616797.153936,1112,0,0,0
1790616797.2141619,1115,0,0,0
1790616797.253966,1111,0,0,0
1790616797.314091,1112,0,0,0
1790616797.374034,1112,0,0,0
1790616797.4141881,1114,0,0,0
1790616797.473993,1112,0,0,0
1790616797.533925,1114,0,0,0
1790616797.574325,1115,0,0,0
1790616797.6341,1114,0,0,0
1790616797.695329,1114,0,0,0
1790616797.734182,1113,0,0,0
1790616797.793893,1112,0,0,0
1790616797.834187,1112,0,0,0
1790616797.894507,1114,0,0,0
1790616797.934171,1114,0,0,0
1790616797.994515,1110,0,0,0
1790616798.054018,1114,0,0,0
1790616798.093966,1113,0,0,0
1790616798.157938,1112,0,0,0
1790616798.1959481,1114,0,0,0
1790616798.257982,1115,0,0,0
1790616798.314516,1114,0,0,0
1790616798.354157,1115,0,0,0
1790616798.4139662,1114,0,0,0
1790616798.45881,1114,0,0,0
1790616798.5139241,1115,0,0,0
1790616798.5583649,1111,0,0,0
1790616798.614082,1115,0,0,0
1790616798.674037,1112,0,0,0
1790616798.734071,1112,0,0,0
1790616798.793941,1092,0,0,0
1790616798.834804,1074,0,0,0
1790616798.89511,1054,0,0,0
1790616798.9343228,1031,0,0,0
1790616798.994872,1010,0,0,0
1790616799.034146,994,0,0,0
1790616799.095469,981,0,0,0
1790616799.134123,968,0,0,0
1790616799.196148,956,0,0,0
1790616799.260624,941,0,0,0
1790616799.313907,924,0,0,0
1790616799.360538,905,0,0,0
1790616799.413996,884,0,0,0
1790616799.473997,863,0,0,0
1790616799.514028,846,0,0,0
1790616799.574045,829,0,0,0
1790616799.614634,813,0,0,0
1790616799.67408,799,0,0,0
1790616799.714138,785,0,0,0
1790616799.795325,770,0,0,0
1790616799.834184,756,0,0,0
1790616799.8945658,738,0,0,0
1790616799.9340951,722,0,0,0
1790616799.9958441,704,0,0,0
1790616800.0343401,687,0,0,0
1790616800.093887,672,0,0,0
1790616800.1588,640,0,0,0
1790616800.1943302,623,0,0,0
1790616800.267319,618,0,0,0
1790616800.314069,589,0,0,0
1790616800.3573198,570,0,0,0
1790616800.414125,552,0,0,0
1790616800.473974,538,0,0,0
1790616800.514098,530,0,0,0
1790616800.574423,524,0,0,0
1790616800.6146848,522,0,0,0
1790616800.673991,519,0,0,0
1790616800.734037,519,0,0,0
1790616800.775071,514,0,0,0
1790616800.8338702,509,0,0,0
1790616800.8743522,504,0,0,0
1790616800.954066,497,0,0,0
1790616801.014559,485,0,0,0
1790616801.074337,481,0,0,0
1790616801.114193,479,0,0,0
1790616801.174209,479,0,0,0
1790616801.214108,471,0,0,0
1790616801.274067,466,0,0,0
1790616801.334443,461,0,0,0
1790616801.374149,455,0,0,0
1790616801.434122,453,0,0,0
1790616801.4939032,450,0,0,0
1790616801.553918,449,0,0,0
1790616801.593954,447,0,0,0
1790616801.654411,448,0,0,0
1790616801.69409,448,0,0,0
1790616801.754577,449,0,0,0
1790616801.814239,448,0,0,0
1790616801.854454,449,0,0,0
1790616801.914325,449,0,0,0
1790616801.9740758,447,0,0,0
1790616802.014227,447,0,0,0
1790616802.0742989,447,0,0,0
1790616802.134156,449,0,0,0
1790616802.174384,448,0,0,0
1790616802.234035,448,0,0,0
1790616802.2981591,447,0,0,0
1790616802.354377,447,0,0,0
1790616802.398905,448,0,0,0
1790616802.459641,447,0,0,0
1790616802.493993,449,0,0,0
1790616802.5543082,447,0,0,0
1790616802.619073,448,0,0,0
1790616802.65433,448,0,0,0
1790616802.719795,448,0,0,0
1790616802.755718,448,0,0,0
1790616802.817065,446,0,0,0
1790616802.8739772,447,0,0,0
1790616802.918601,446,0,0,0
1790616802.973969,447,0,0,0
1790616803.0181298,446,0,0,0
1790616803.0740962,447,0,0,0
1790616803.118918,447,0,0,0
1790616803.182997,446,0,0,0
1790616803.256236,446,0,0,0
1790616803.293934,446,0,0,0
1790616803.354895,444,0,0,0
1790616803.393996,445,0,0,0
1790616803.455244,446,0,0,0
1790616803.4939342,446,0,0,0
1790616803.554105,447,0,0,0
1790616803.61651,445,0,0,0
1790616803.654399,444,0,0,0
1790616803.7173572,445,0,0,0
1790616803.7747872,446,0,0,0
1790616803.8339698,445,0,0,0
1790616803.874099,443,0,0,0
1790616803.933853,444,0,0,0
1790616803.974248,444,0,0,0
1790616804.034401,444,0,0,0
1790616804.075349,446,0,0,0
1790616804.134184,445,0,0,0
1790616804.194017,444,0,0,0
1790616804.233919,444,0,0,0
1790616804.295071,443,0,0,0
1790616804.333992,443,0,0,0
1790616804.3940601,440,0,0,0
1790616804.4342332,443,0,0,0
1790616804.493911,443,0,0,0
1790616804.5558121,445,0,0,0
1790616804.594183,444,0,0,0
1790616804.654847,445,0,0,0
1790616804.7170281,446,0,0,0
1790616804.753935,444,0,0,0
1790616804.814137,444,0,0,0
1790616804.873846,444,0,0,0
1790616804.9140108,444,0,0,0
1790616804.974207,443,0,0,0
1790616805.0154932,443,0,0,0
1790616805.066133,444,0,0,0
1790616805.114017,442,0,0,0
1790616805.1742988,440,0,0,0
1790616805.219923,432,0,0,0
1790616805.273909,440,0,0,0
1790616805.334462,470,0,0,0
1790616805.374076,521,0,0,0
1790616805.4338691,610,0,0,0
1790616805.493838,994,0,0,0
1790616805.553932,1483,0,0,0
1790616805.594016,2158,0,0,0
1790616805.654241,2153,0,0,0
1790616805.693989,2165,0,0,0
1790616805.760014,2169,0,0,0
1790616805.797714,2155,0,0,0
1790616805.856375,2154,0,0,0
1790616805.897829,2141,0,0,0
1790616805.957619,2127,0,0,0
1790616806.0160482,2105,0,0,0
1790616806.0582669,2087,0,0,0
1790616806.117753,2071,0,0,0
1790616806.155957,2052,0,0,0
1790616806.216178,2035,0,0,0
1790616806.258293,2028,0,0,0
1790616806.316262,2017,0,0,0
1790616806.356683,2002,0,0,0
1790616806.4194958,1993,0,0,0
1790616806.479671,1972,0,0,0
1790616806.5163362,1953,0,0,0
1790616806.579233,1938,0,0,0
1790616806.6359391,1920,0,0,0
1790616806.680232,1906,0,0,0
1790616806.736195,1889,0,0,0
1790616806.780989,1878,0,0,0
1790616806.836357,1863,0,0,0
1790616806.8980281,1834,0,0,0
1790616806.9362738,1815,0,0,0
1790616806.997869,1799,0,0,0
1790616807.036114,1776,0,0,0
1790616807.096278,1762,0,0,0
1790616807.1566038,1751,0,0,0
1790616807.197977,1732,0,0,0
1790616807.261525,1721,0,0,0
1790616807.318398,1709,0,0,0
1790616807.3577752,1696,0,0,0
1790616807.4187741,1680,0,0,0
1790616807.4558988,1670,0,0,0
1790616807.518466,1660,0,0,0
1790616807.557685,1652,0,0,0
1790616807.6172621,1649,0,0,0
1790616807.685639,1644,0,0,0
1790616807.7378292,1637,0,0,0
1790616807.77688,1637,0,0,0
1790616807.835861,1626,0,0,0
1790616807.8958879,1620,0,0,0
1790616807.935885,1617,0,0,0
1790616807.9959621,1610,0,0,0
1790616808.0368068,1607,0,0,0
1790616808.096315,1603,0,0,0
1790616808.1579342,1601,0,0,0
1790616808.218376,1591,0,0,0
1790616808.2567492,1590,0,0,0
1790616808.3165052,1588,0,0,0
1790616808.3802931,1584,0,0,0
1790616808.417603,1577,0,0,0
1790616808.480782,1572,0,0,0
1790616808.515937,1568,0,0,0
1790616808.580408,1569,0,0,0
1790616808.6360152,1565,0,0,0
1790616808.678582,1564,0,0,0
1790616808.738243,1562,0,0,0
1790616808.797859,1563,0,0,0
1790616808.8361201,1564,0,0,0
1790616808.8964689,1568,0,0,0
1790616808.95588,1565,0,0,0
1790616808.996192,1565,0,0,0
1790616809.055991,1563,0,0,0
1790616809.117794,1565,0,0,0
1790616809.1559901,1568,0,0,0
1790616809.216011,1569,0,0,0
1790616809.276854,1569,0,0,0
1790616809.315902,1565,0,0,0
1790616809.3788009,1563,0,0,0
1790616809.4160352,1566,0,0,0
1790616809.478304,1565,0,0,0
1790616809.536126,1564,0,0,0
1790616809.5795488,1565,0,0,0
1790616809.640206,1565,0,0,0
1790616809.6959958,1568,0,0,0
1790616809.736157,1566,0,0,0
1790616809.796114,1562,0,0,0
1790616809.840001,1568,0,0,0
1790616809.898005,1563,0,0,0
1790616809.979939,1568,0,0,0
1790616810.018265,1571,0,0,0
1790616810.077624,1570,0,0,0
1790616810.1179662,1575,0,0,0
1790616810.177972,1571,0,0,0
1790616810.240413,1572,0,0,0
1790616810.278186,1573,0,0,0
1790616810.340319,1564,0,0,0
1790616810.395774,1557,0,0,0
1790616810.438825,1539,0,0,0
1790616810.4959722,1512,0,0,0
1790616810.539005,1494,0,0,0
1790616810.5958982,1476,0,0,0
1790616810.6400561,1447,0,0,0
1790616810.695951,1442,0,0,0
1790616810.739764,1428,0,0,0
1790616810.795979,1411,0,0,0
1790616810.857655,1395,0,0,0
1790616810.8961558,1383,0,0,0
1790616810.956519,1374,0,0,0
1790616811.016274,1346,0,0,0
1790616811.057303,1327,0,0,0
1790616811.1168551,1316,0,0,0
1790616811.158082,1306,0,0,0
1790616811.218122,1287,0,0,0
1790616811.257982,1274,0,0,0
1790616811.319144,1261,0,0,0
1790616811.379028,1231,0,0,0
1790616811.417981,1215,0,0,0
1790616811.478913,1198,0,0,0
1790616811.518069,1179,0,0,0
1790616811.578014,1165,0,0,0
1790616811.6179368,1147,0,0,0
1790616811.6777449,1147,0,0,0
1790616811.7179809,1117,0,0,0
1790616811.777751,1102,0,0,0
1790616811.839992,1087,0,0,0
1790616811.897853,1075,0,0,0
1790616811.9391942,1061,0,0,0
1790616811.998226,1055,0,0,0
1790616812.0401878,1045,0,0,0
1790616812.0980759,1041,0,0,0
1790616812.178119,1036,0,0,0
1790616812.2180328,1038,0,0,0
1790616812.279066,1022,0,0,0
1790616812.337974,1015,0,0,0
1790616812.3981628,1009,0,0,0
1790616812.439401,1004,0,0,0
1790616812.498164,999,0,0,0
1790616812.557843,996,0,0,0
1790616812.598314,995,0,0,0
1790616812.657697,993,0,0,0
1790616812.698272,988,0,0,0
1790616812.759979,981,0,0,0
1790616812.7981281,975,0,0,0
1790616812.858507,970,0,0,0
1790616812.918122,966,0,0,0
1790616812.9580412,962,0,0,0
1790616813.018177,958,0,0,0
1790616813.0581062,953,0,0,0
1790616813.117821,950,0,0,0
1790616813.158008,949,0,0,0
1790616813.2178402,949,0,0,0
1790616813.258782,948,0,0,0
1790616813.317821,949,0,0,0
1790616813.377857,950,0,0,0
1790616813.417807,950,0,0,0
1790616813.478005,952,0,0,0
1790616813.5381901,952,0,0,0
1790616813.578356,951,0,0,0
1790616813.63923,953,0,0,0
1790616813.678854,952,0,0,0
1790616813.737841,952,0,0,0
1790616813.780006,952,0,0,0
1790616813.838735,953,0,0,0
1790616813.9000268,952,0,0,0
1790616813.9412742,950,0,0,0
1790616814.000494,953,0,0,0
1790616814.038822,951,0,0,0
1790616814.0988731,953,0,0,0
1790616814.158391,952,0,0,0
1790616814.200333,952,0,0,0
1790616814.258205,953,0,0,0
1790616814.317916,954,0,0,0
1790616814.358049,952,0,0,0
1790616814.4190762,954,0,0,0
1790616814.4777758,952,0,0,0
1790616814.5180001,951,0,0,0
1790616814.577773,952,0,0,0
1790616814.637953,953,0,0,0
1790616814.6778738,952,0,0,0
1790616814.738056,950,0,0,0
1790616814.799505,943,0,0,0
1790616814.838148,930,0,0,0
1790616814.8983412,891,0,0,0
1790616814.9401972,869,0,0,0
1790616814.999372,869,0,0,0
1790616815.0398579,847,0,0,0
1790616815.101315,829,0,0,0
1790616815.1381178,816,0,0,0
1790616815.2004101,804,0,0,0
1790616815.26772,779,0,0,0
1790616815.317792,764,0,0,0
1790616815.3586938,747,0,0,0
1790616815.417782,731,0,0,0
1790616815.458055,710,0,0,0
1790616815.5177011,692,0,0,0
1790616815.558178,673,0,0,0
1790616815.6178,658,0,0,0
1790616815.6579509,641,0,0,0
1790616815.717922,627,0,0,0
1790616815.777994,613,0,0,0
1790616815.837664,610,0,0,0
1790616815.878113,579,0,0,0
1790616815.937644,560,0,0,0
1790616815.9781451,540,0,0,0
1790616816.038083,522,0,0,0
1790616816.1009789,502,0,0,0
1790616816.1379158,484,0,0,0
1790616816.201429,467,0,0,0
1790616816.257739,447,0,0,0
1790616816.29896,429,0,0,0
1790616816.35776,406,0,0,0
1790616816.418289,393,0,0,0
1790616816.4580638,384,0,0,0
1790616816.5179121,384,0,0,0
1790616816.5581691,376,0,0,0
1790616816.6194282,374,0,0,0
1790616816.679894,371,0,0,0
1790616816.737696,367,0,0,0
1790616816.798263,360,0,0,0
1790616816.83774,351,0,0,0
1790616816.8997471,344,0,0,0
1790616816.938242,340,0,0,0
1790616816.997918,336,0,0,0
1790616817.037941,335,0,0,0
1790616817.097785,332,0,0,0
1790616817.1376379,331,0,0,0
1790616817.19793,326,0,0,0
1790616817.237705,321,0,0,0
1790616817.297971,312,0,0,0
1790616817.357719,307,0,0,0
1790616817.3977458,302,0,0,0
1790616817.4576771,299,0,0,0
1790616817.498195,299,0,0,0
1790616817.557913,298,0,0,0
1790616817.598662,299,0,0,0
1790616817.660557,300,0,0,0
1790616817.7178361,301,0,0,0
1790616817.76285,301,0,0,0
1790616817.818122,305,0,0,0
1790616817.8777092,305,0,0,0
1790616817.918539,306,0,0,0
1790616817.977694,306,0,0,0
1790616818.038673,308,0,0,0
1790616818.0776849,308,0,0,0
1790616818.1378639,307,0,0,0
1790616818.1779552,308,0,0,0
1790616818.2380512,308,0,0,0
1790616818.29872,308,0,0,0
1790616818.360084,308,0,0,0
1790616818.417871,308,0,0,0
1790616818.459139,309,0,0,0
1790616818.517846,309,0,0,0
1790616818.55995,309,0,0,0
1790616818.6176739,310,0,0,0
1790616818.678088,310,0,0,0
1790616818.719114,310,0,0,0
1790616818.777662,310,0,0,0
1790616818.8178198,313,0,0,0
1790616818.878078,318,0,0,0
1790616818.959254,322,0,0,0
1790616818.999388,332,0,0,0
1790616819.059278,347,0,0,0
1790616819.1179829,349,0,0,0
1790616819.158889,346,0,0,0
1790616819.2177129,344,0,0,0
1790616819.278053,350,0,0,0
1790616819.318149,350,0,0,0
1790616819.378005,351,0,0,0
1790616819.4179468,350,0,0,0
1790616819.4808,349,0,0,0
1790616819.5378351,351,0,0,0
1790616819.5784168,351,0,0,0
1790616819.6378508,351,0,0,0
1790616819.67786,350,0,0,0
1790616819.738039,350,0,0,0
1790616819.777846,349,0,0,0
1790616819.8377259,351,0,0,0
1790616819.898541,350,0,0,0
1790616819.9380832,350,0,0,0
1790616819.999962,349,0,0,0
1790616820.0605388,351,0,0,0
1790616820.097717,350,0,0,0
1790616820.13799,351,0,0,0
1790616820.1977658,349,0,0,0
1790616820.264365,350,0,0,0
1790616820.297722,350,0,0,0
1790616820.360031,350,0,0,0
1790616820.417716,350,0,0,0
1790616820.460475,351,0,0,0
1790616820.51774,350,0,0,0
1790616820.55795,351,0,0,0
1790616820.618248,350,0,0,0
1790616820.6781702,350,0,0,0
1790616820.717841,350,0,0,0
1790616820.777627,349,0,0,0
1790616820.8179278,350,0,0,0
1790616820.877853,350,0,0,0
1790616820.937717,349,0,0,0
1790616820.978074,351,0,0,0
1790616821.037888,351,0,0,0
1790616821.078539,350,0,0,0
1790616821.1388412,351,0,0,0
1790616821.197793,349,0,0,0
1790616821.260211,350,0,0,0
1790616821.298285,349,0,0,0
1790616821.35857,348,0,0,0
1790616821.3979352,350,0,0,0
1790616821.4584231,349,0,0,0
1790616821.497824,349,0,0,0
1790616821.5577679,349,0,0,0
1790616821.617766,349,0,0,0
1790616821.6579552,350,0,0,0
1790616821.717778,349,0,0,0
1790616821.777775,350,0,0,0
1790616821.817922,349,0,0,0
1790616821.877989,349,0,0,0
1790616821.917805,350,0,0,0
1790616821.97787,350,0,0,0
1790616822.0376608,348,0,0,0
1790616822.078125,350,0,0,0
1790616822.13806,350,0,0,0
1790616822.178029,349,0,0,0
1790616822.2376168,350,0,0,0
1790616822.297703,351,0,0,0
1790616822.338028,350,0,0,0
1790616822.398022,351,0,0,0
1790616822.4378119,349,0,0,0
1790616822.498225,349,0,0,0
1790616822.53789,349,0,0,0
1790616822.597709,350,0,0,0
1790616822.63792,349,0,0,0
1790616822.699616,350,0,0,0
1790616822.767704,349,0,0,0
1790616822.819804,348,0,0,0
1790616822.859199,350,0,0,0
1790616822.9204428,349,0,0,0
1790616822.959871,349,0,0,0
1790616823.020642,349,0,0,0
1790616823.0777001,349,0,0,0
1790616823.119254,349,0,0,0
1790616823.177715,350,0,0,0
1790616823.2377338,349,0,0,0
1790616823.277826,350,0,0,0
1790616823.3378,349,0,0,0
1790616823.3986182,348,0,0,0
1790616823.459564,347,0,0,0
1790616823.4975302,349,0,0,0
1790616823.558896,349,0,0,0
1790616823.5975418,352,0,0,0
1790616823.658175,350,0,0,0
1790616823.6978,349,0,0,0
1790616823.761139,348,0,0,0
1790616823.8197749,349,0,0,0
1790616823.858807,349,0,0,0
1790616823.918816,348,0,0,0
1790616823.977754,350,0,0,0
1790616824.020382,348,0,0,0
1790616824.0777678,349,0,0,0
1790616824.1205099,348,0,0,0
1790616824.178006,349,0,0,0
1790616824.237675,349,0,0,0
1790616824.297558,351,0,0,0
1790616824.3376482,349,0,0,0
1790616824.397714,349,0,0,0
1790616824.4580748,350,0,0,0
1790616824.497816,349,0,0,0
1790616824.5575979,350,0,0,0
1790616824.598306,350,0,0,0
1790616824.658584,350,0,0,0
1790616824.721128,350,0,0,0
1790616824.777942,349,0,0,0
1790616824.817929,350,0,0,0
1790616824.877801,349,0,0,0
1790616824.921203,351,0,0,0
1790616824.9778812,349,0,0,0
1790616825.02118,350,0,0,0
1790616825.07778,351,0,0,0
1790616825.13778,349,0,0,0
1790616825.19783,351,0,0,0
1790616825.237717,350,0,0,0
1790616825.298244,350,0,0,0
1790616825.338241,349,0,0,0
1790616825.397977,351,0,0,0
1790616825.457546,350,0,0,0
1790616825.497597,351,0,0,0
1790616825.55865,350,0,0,0
1790616825.59779,350,0,0,0
1790616825.677842,350,0,0,0
1790616825.737646,350,0,0,0
1790616825.797652,351,0,0,0
1790616825.857744,350,0,0,0
1790616825.897642,351,0,0,0
1790616825.957665,351,0,0,0
1790616826.01903,350,0,0,0
1790616826.057627,350,0,0,0
1790616826.118882,351,0,0,0
1790616826.157666,352,0,0,0
1790616826.218175,352,0,0,0
1790616826.278778,351,0,0,0
1790616826.338645,350,0,0,0
1790616826.3810182,352,0,0,0
1790616826.439647,352,0,0,0
1790616826.481647,352,0,0,0
1790616826.539679,352,0,0,0
1790616826.599712,352,0,0,0
1790616826.6414568,351,0,0,0
1790616826.6997929,352,0,0,0
1790616826.739769,352,0,0,0
1790616826.7997189,352,0,0,0
1790616826.859621,350,0,0,0
1790616826.91955,352,0,0,0
1790616826.959776,352,0,0,0
1790616827.0198772,351,0,0,0
1790616827.0598469,351,0,0,0
1790616827.119858,351,0,0,0
1790616827.181387,351,0,0,0
1790616827.219705,352,0,0,0
1790616827.282142,352,0,0,0
1790616827.339749,351,0,0,0
1790616827.381851,350,0,0,0
1790616827.4397671,352,0,0,0
1790616827.499767,351,0,0,0
1790616827.539742,351,0,0,0
1790616827.599696,352,0,0,0
1790616827.639942,352,0,0,0
1790616827.6995132,352,0,0,0
1790616827.739947,354,0,0,0
1790616827.800575,354,0,0,0
1790616827.859692,352,0,0,0
1790616827.919762,352,0,0,0
1790616827.980821,352,0,0,0
1790616828.040826,353,0,0,0
1790616828.0814478,352,0,0,0
1790616828.140935,352,0,0,0
1790616828.180842,351,0,0,0
1790616828.239771,352,0,0,0
1790616828.299658,353,0,0,0
1790616828.340002,352,0,0,0
1790616828.399822,352,0,0,0
1790616828.4595032,351,0,0,0
1790616828.499995,352,0,0,0
1790616828.5596302,353,0,0,0
1790616828.619682,353,0,0,0
1790616828.659668,350,0,0,0
1790616828.7197928,352,0,0,0
1790616828.78058,352,0,0,0
1790616828.839794,353,0,0,0
1790616828.880065,352,0,0,0
1790616828.939723,352,0,0,0
1790616828.999991,353,0,0,0
1790616829.040024,351,0,0,0
1790616829.0998888,352,0,0,0
1790616829.139842,352,0,0,0
1790616829.2003908,353,0,0,0
1790616829.2595918,352,0,0,0
1790616829.319839,353,0,0,0
1790616829.379662,351,0,0,0
1790616829.4196548,353,0,0,0
1790616829.479632,352,0,0,0
1790616829.53971,353,0,0,0
1790616829.583292,352,0,0,0
1790616829.63968,352,0,0,0
1790616829.700008,352,0,0,0
1790616829.7396748,352,0,0,0
1790616829.80001,354,0,0,0
1790616829.859469,354,0,0,0
1790616829.919752,354,0,0,0
1790616829.9596102,353,0,0,0
1790616830.019661,353,0,0,0
1790616830.059703,352,0,0,0
1790616830.13299,353,0,0,0
1790616830.180591,353,0,0,0
1790616830.239734,352,0,0,0
1790616830.299955,352,0,0,0
1790616830.341164,354,0,0,0
1790616830.40121,353,0,0,0
1790616830.459815,353,0,0,0
1790616830.500004,354,0,0,0
1790616830.559701,353,0,0,0
1790616830.59994,354,0,0,0
1790616830.659821,353,0,0,0
1790616830.719862,352,0,0,0
1790616830.765035,353,0,0,0
1790616830.819694,353,0,0,0
1790616830.8598201,353,0,0,0
1790616830.9197152,353,0,0,0
1790616830.9811032,353,0,0,0
1790616831.021313,353,0,0,0
1790616831.0796711,354,0,0,0
1790616831.119704,354,0,0,0
1790616831.180619,353,0,0,0
1790616831.221859,353,0,0,0
1790616831.279594,353,0,0,0
1790616831.344717,355,0,0,0
1790616831.3798668,354,0,0,0
1790616831.4419358,352,0,0,0
1790616831.4994922,353,0,0,0
1790616831.542475,354,0,0,0
1790616831.599581,354,0,0,0
1790616831.642761,354,0,0,0
1790616831.69961,353,0,0,0
1790616831.7419462,353,0,0,0
1790616831.799705,352,0,0,0
1790616831.859593,352,0,0,0
1790616831.899689,352,0,0,0
1790616831.9599,355,0,0,0
1790616832.0197608,352,0,0,0
1790616832.05967,353,0,0,0
1790616832.119643,353,0,0,0
1790616832.179557,354,0,0,0
1790616832.2198699,353,0,0,0
1790616832.280915,354,0,0,0
1790616832.341009,355,0,0,0
1790616832.3996649,352,0,0,0
1790616832.459658,354,0,0,0
1790616832.4998138,353,0,0,0
1790616832.559581,354,0,0,0
1790616832.601349,353,0,0,0
1790616832.659421,353,0,0,0
1790616832.719469,354,0,0,0
1790616832.7794938,352,0,0,0
1790616832.820389,354,0,0,0
1790616832.879522,354,0,0,0
1790616832.9196951,353,0,0,0
1790616832.9795258,353,0,0,0
1790616833.0197031,353,0,0,0
1790616833.0795789,355,0,0,0
1790616833.119721,354,0,0,0
1790616833.179733,354,0,0,0
1790616833.240115,355,0,0,0
1790616833.280246,354,0,0,0
1790616833.339681,355,0,0,0
1790616833.399759,356,0,0,0
1790616833.440386,356,0,0,0
1790616833.4996521,355,0,0,0
1790616833.559523,355,0,0,0
1790616833.599568,356,0,0,0
1790616833.659611,356,0,0,0
1790616833.699798,355,0,0,0
1790616833.76452,357,0,0,0
1790616833.819911,356,0,0,0
1790616833.8808692,356,0,0,0
1790616833.920705,355,0,0,0
1790616833.980801,356,0,0,0
1790616834.020961,357,0,0,0
1790616834.080736,357,0,0,0
1790616834.140992,356,0,0,0
1790616834.1809752,356,0,0,0
1790616834.241247,356,0,0,0
1790616834.302196,357,0,0,0
1790616834.360523,355,0,0,0
1790616834.40158,358,0,0,0
1790616834.460715,357,0,0,0
1790616834.50257,358,0,0,0
1790616834.560653,357,0,0,0
1790616834.620957,357,0,0,0
1790616834.681429,357,0,0,0
1790616834.721662,356,0,0,0
1790616834.781666,356,0,0,0
1790616834.8448918,357,0,0,0
1790616834.8816278,358,0,0,0
1790616834.941771,358,0,0,0
1790616835.00418,358,0,0,0
1790616835.0414212,361,0,0,0
1790616835.102904,357,0,0,0
1790616835.161781,357,0,0,0
1790616835.203012,358,0,0,0
1790616835.261565,357,0,0,0
1790616835.321667,357,0,0,0
1790616835.3816261,357,0,0,0
1790616835.421676,359,0,0,0
1790616835.482809,358,0,0,0
1790616835.5216541,358,0,0,0
1790616835.581516,358,0,0,0
1790616835.621862,359,0,0,0
1790616835.6814258,359,0,0,0
1790616835.741598,357,0,0,0
1790616835.802803,358,0,0,0
1790616835.842869,359,0,0,0
1790616835.9023428,356,0,0,0
1790616835.943734,359,0,0,0
1790616836.0033338,358,0,0,0
1790616836.062651,360,0,0,0
1790616836.102914,359,0,0,0
1790616836.162647,359,0,0,0
1790616836.2027369,360,0,0,0
1790616836.26267,360,0,0,0
1790616836.3226502,359,0,0,0
1790616836.362723,359,0,0,0
1790616836.422624,358,0,0,0
1790616836.482611,358,0,0,0
1790616836.522497,359,0,0,0
1790616836.582691,359,0,0,0
1790616836.6424792,360,0,0,0
1790616836.682764,358,0,0,0
1790616836.742496,358,0,0,0
1790616836.803333,361,0,0,0
1790616836.868339,360,0,0,0
1790616836.9226298,358,0,0,0
1790616836.9824681,360,0,0,0
1790616837.022629,360,0,0,0
1790616837.08323,359,0,0,0
1790616837.122689,359,0,0,0
1790616837.1824782,360,0,0,0
1790616837.222612,360,0,0,0
1790616837.282628,360,0,0,0
1790616837.342636,360,0,0,0
1790616837.4026601,360,0,0,0
1790616837.442997,360,0,0,0
1790616837.50269,360,0,0,0
1790616837.54246,359,0,0,0
1790616837.603046,361,0,0,0
1790616837.642393,360,0,0,0
1790616837.702899,360,0,0,0
1790616837.742879,360,0,0,0
1790616837.822569,359,0,0,0
1790616837.863986,360,0,0,0
1790616837.923329,360,0,0,0
1790616837.965409,360,0,0,0
1790616838.022579,358,0,0,0
1790616838.0826828,361,0,0,0
1790616838.1427479,361,0,0,0
1790616838.182722,361,0,0,0
1790616838.242371,362,0,0,0
1790616838.3030488,361,0,0,0
1790616838.3667378,361,0,0,0
1790616838.4030159,362,0,0,0
1790616838.465215,362,0,0,0
1790616838.52261,362,0,0,0
1790616838.5653272,363,0,0,0
1790616838.622535,361,0,0,0
1790616838.6629188,362,0,0,0
1790616838.7224169,362,0,0,0
1790616838.7825751,363,0,0,0
1790616838.8425431,362,0,0,0
1790616838.882817,361,0,0,0
1790616838.942833,363,0,0,0
1790616839.00236,362,0,0,0
1790616839.0426419,363,0,0,0
1790616839.103055,363,0,0,0
1790616839.163666,362,0,0,0
1790616839.2226272,365,0,0,0
1790616839.283435,365,0,0,0
1790616839.322529,364,0,0,0
1790616839.382512,363,0,0,0
1790616839.4424589,363,0,0,0
1790616839.483406,365,0,0,0
1790616839.5425448,364,0,0,0
1790616839.582912,366,0,0,0
1790616839.6425679,364,0,0,0
1790616839.706222,364,0,0,0
1790616839.7435908,363,0,0,0
1790616839.802444,365,0,0,0
1790616839.862699,364,0,0,0
1790616839.9048939,366,0,0,0
1790616839.96981,364,0,0,0
1790616840.022743,365,0,0,0
1790616840.082795,365,0,0,0
1790616840.1425889,366,0,0,0
1790616840.182611,364,0,0,0
1790616840.242592,363,0,0,0
1790616840.304739,365,0,0,0
1790616840.362877,365,0,0,0
1790616840.404542,366,0,0,0
1790616840.463317,365,0,0,0
1790616840.522676,365,0,0,0
1790616840.582655,367,0,0,0
1790616840.643002,364,0,0,0
1790616840.6841621,365,0,0,0
1790616840.7423518,366,0,0,0
1790616840.802454,367,0,0,0
1790616840.8426821,366,0,0,0
1790616840.902376,368,0,0,0
1790616840.962467,366,0,0,0
1790616841.002878,367,0,0,0
1790616841.062206,366,0,0,0
1790616841.1226292,366,0,0,0
1790616841.182822,368,0,0,0
1790616841.22262,365,0,0,0
1790616841.28263,367,0,0,0
1790616841.342484,367,0,0,0
1790616841.4024682,367,0,0,0
1790616841.4426181,368,0,0,0
1790616841.502444,367,0,0,0
1790616841.542685,368,0,0,0
1790616841.602519,368,0,0,0
1790616841.66239,368,0,0,0
1790616841.702531,367,0,0,0
1790616841.770136,367,0,0,0
1790616841.825261,377,0,0,0
1790616841.88253,368,0,0,0
1790616841.923929,368,0,0,0
1790616841.982671,367,0,0,0
1790616842.0250292,367,0,0,0
1790616842.0826979,368,0,0,0
1790616842.142686,368,0,0,0
1790616842.202448,367,0,0,0
1790616842.243262,368,0,0,0
1790616842.302516,367,0,0,0
1790616842.3623328,369,0,0,0
1790616842.423507,369,0,0,0
1790616842.464187,368,0,0,0
1790616842.5251799,368,0,0,0
1790616842.582656,368,0,0,0
1790616842.625618,368,0,0,0
1790616842.68257,367,0,0,0
1790616842.742443,368,0,0,0
1790616842.802549,370,0,0,0
1790616842.842554,367,0,0,0
1790616842.902475,369,0,0,0
1790616842.962341,369,0,0,0
1790616843.025296,369,0,0,0
1790616843.062381,369,0,0,0
1790616843.12415,371,0,0,0
1790616843.1824892,368,0,0,0
1790616843.243687,369,0,0,0
1790616843.284637,378,0,0,0
1790616843.344789,368,0,0,0
1790616843.4046268,369,0,0,0
1790616843.4452538,369,0,0,0
1790616843.504534,368,0,0,0
1790616843.544713,370,0,0,0
1790616843.6291578,369,0,0,0
1790616843.684736,369,0,0,0
1790616843.7446542,370,0,0,0
1790616843.804696,369,0,0,0
1790616843.845323,369,0,0,0
1790616843.904614,368,0,0,0
1790616843.945676,370,0,0,0
1790616844.005729,369,0,0,0
1790616844.04901,370,0,0,0
1790616844.105417,370,0,0,0
1790616844.16545,367,0,0,0
1790616844.206364,370,0,0,0
1790616844.2666738,371,0,0,0
1790616844.327764,369,0,0,0
1790616844.3664582,370,0,0,0
1790616844.426665,369,0,0,0
1790616844.466604,370,0,0,0
1790616844.5271108,370,0,0,0
1790616844.567009,371,0,0,0
1790616844.646374,371,0,0,0
1790616844.6899688,371,0,0,0
1790616844.751343,370,0,0,0
1790616844.8066251,371,0,0,0
1790616844.8465438,378,0,0,0
1790616844.906495,371,0,0,0
1790616844.9469671,371,0,0,0
1790616845.0066,370,0,0,0
1790616845.0674791,369,0,0,0
1790616845.10658,369,0,0,0
1790616845.166534,371,0,0,0
1790616845.206576,371,0,0,0
1790616845.2664251,370,0,0,0
1790616845.3065119,370,0,0,0
1790616845.366698,368,0,0,0
1790616845.426559,371,0,0,0
1790616845.466512,369,0,0,0
1790616845.526777,369,0,0,0
1790616845.566551,370,0,0,0
1790616845.626629,371,0,0,0
1790616845.6664388,368,0,0,0
1790616845.726728,371,0,0,0
1790616845.787303,371,0,0,0
1790616845.827036,371,0,0,0
1790616845.886888,379,0,0,0
1790616845.946495,379,0,0,0
1790616845.98695,370,0,0,0
1790616846.046771,370,0,0,0
1790616846.107025,379,0,0,0
1790616846.146894,381,0,0,0
1790616846.206453,371,0,0,0
1790616846.2467399,379,0,0,0
1790616846.3070972,370,0,0,0
1790616846.36653,369,0,0,0
1790616846.406615,380,0,0,0
1790616846.4665952,379,0,0,0
1790616846.526922,371,0,0,0
1790616846.566559,370,0,0,0
1790616846.6263812,370,0,0,0
1790616846.686646,371,0,0,0
1790616846.7271948,371,0,0,0
1790616846.787533,379,0,0,0
1790616846.846543,380,0,0,0
1790616846.906548,370,0,0,0
1790616846.966354,380,0,0,0
1790616847.026402,371,0,0,0
1790616847.0865228,371,0,0,0
1790616847.1284428,371,0,0,0
1790616847.189204,370,0,0,0
1790616847.24632,371,0,0,0
1790616847.286263,370,0,0,0
1790616847.346418,380,0,0,0
1790616847.386695,372,0,0,0
1790616847.446456,372,0,0,0
1790616847.505066,370,0,0,0
1790616847.546441,379,0,0,0
1790616847.606751,371,0,0,0
1790616847.666359,371,0,0,0
1790616847.726353,370,0,0,0
1790616847.7663648,370,0,0,0
1790616847.826578,372,0,0,0
1790616847.8863518,381,0,0,0
1790616847.9268548,371,0,0,0
1790616847.9862988,381,0,0,0
1790616848.0267992,371,0,0,0
1790616848.086313,379,0,0,0
1790616848.148337,373,0,0,0
1790616848.2065349,371,0,0,0
1790616848.2476318,381,0,0,0
1790616848.306586,372,0,0,0
1790616848.3663821,371,0,0,0
1790616848.406579,371,0,0,0
1790616848.466526,380,0,0,0
1790616848.5064452,381,0,0,0
1790616848.566314,382,0,0,0
1790616848.606283,378,0,0,0
1790616848.666674,371,0,0,0
1790616848.706484,381,0,0,0
1790616848.76639,381,0,0,0
1790616848.826483,381,0,0,0
1790616848.866364,373,0,0,0
1790616848.9263601,379,0,0,0
1790616848.966562,382,0,0,0
1790616849.026786,382,0,0,0
1790616849.0876212,381,0,0,0
1790616849.126517,382,0,0,0
1790616849.1871932,381,0,0,0
1790616849.2268522,373,0,0,0
1790616849.2868962,381,0,0,0
1790616849.348573,380,0,0,0
1790616849.406326,381,0,0,0
1790616849.466377,381,0,0,0
1790616849.5064871,381,0,0,0
1790616849.56646,383,0,0,0
1790616849.60648,380,0,0,0
1790616849.6664581,372,0,0,0
1790616849.72687,381,0,0,0
1790616849.788262,381,0,0,0
1790616849.8266082,382,0,0,0
1790616849.886285,382,0,0,0
1790616849.9266298,382,0,0,0
1790616849.988106,383,0,0,0
1790616850.048175,380,0,0,0
1790616850.106292,381,0,0,0
1790616850.16659,383,0,0,0
1790616850.226512,382,0,0,0
1790616850.2670772,382,0,0,0
1790616850.3272939,374,0,0,0
1790616850.3889909,374,0,0,0
1790616850.447433,374,0,0,0
1790616850.488699,382,0,0,0
1790616850.547083,382,0,0,0
1790616850.587429,382,0,0,0
1790616850.6469371,384,0,0,0
1790616850.706399,381,0,0,0
1790616850.766335,375,0,0,0
1790616850.826447,373,0,0,0
1790616850.886267,382,0,0,0
1790616850.926414,375,0,0,0
1790616850.96751,383,0,0,0
1790616851.027455,382,0,0,0
1790616851.087313,383,0,0,0
1790616851.1274219,374,0,0,0
1790616851.187347,383,0,0,0
1790616851.2286222,384,0,0,0
1790616851.3074062,384,0,0,0
1790616851.349973,385,0,0,0
1790616851.409256,385,0,0,0
1790616851.467266,374,0,0,0
1790616851.507422,384,0,0,0
1790616851.567294,386,0,0,0
1790616851.627444,383,0,0,0
1790616851.688786,376,0,0,0
1790616851.7509959,385,0,0,0
1790616851.810522,384,0,0,0
1790616851.8685088,386,0,0,0
1790616851.910568,386,0,0,0
1790616851.9684658,385,0,0,0
1790616852.0284019,385,0,0,0
1790616852.068279,386,0,0,0
1790616852.128258,386,0,0,0
1790616852.188334,387,0,0,0
1790616852.249365,387,0,0,0
1790616852.311724,388,0,0,0
1790616852.368407,389,0,0,0
1790616852.4284139,389,0,0,0
1790616852.488499,388,0,0,0
1790616852.549535,388,0,0,0
1790616852.6101801,389,0,0,0
1790616852.668473,388,0,0,0
1790616852.710021,390,0,0,0
1790616852.76832,388,0,0,0
1790616852.809739,389,0,0,0
1790616852.868259,388,0,0,0
1790616852.910347,389,0,0,0
1790616852.9681962,389,0,0,0
1790616853.028337,390,0,0,0
1790616853.068355,388,0,0,0
1790616853.128469,390,0,0,0
1790616853.168556,388,0,0,0
1790616853.228389,388,0,0,0
1790616853.288214,390,0,0,0
1790616853.328387,389,0,0,0
1790616853.388444,390,0,0,0
1790616853.448233,390,0,0,0
1790616853.488359,388,0,0,0
1790616853.5483499,388,0,0,0
1790616853.609094,388,0,0,0
1790616853.648494,390,0,0,0
1790616853.708778,390,0,0,0
1790616853.749789,390,0,0,0
1790616853.80978,389,0,0,0
1790616853.8684402,389,0,0,0
1790616853.9101021,390,0,0,0
1790616853.9686458,390,0,0,0
1790616854.009513,389,0,0,0
1790616854.068491,390,0,0,0
1790616854.1098619,390,0,0,0
1790616854.1684978,391,0,0,0
1790616854.209513,391,0,0,0
1790616854.268485,390,0,0,0
1790616854.309707,388,0,0,0
1790616854.368456,390,0,0,0
1790616854.428431,389,0,0,0
1790616854.468628,390,0,0,0
1790616854.528438,390,0,0,0
1790616854.568588,389,0,0,0
1790616854.628402,390,0,0,0
1790616854.6686778,390,0,0,0
1790616854.72845,388,0,0,0
1790616854.7883,391,0,0,0
1790616854.848317,389,0,0,0
1790616854.888543,390,0,0,0
1790616854.9482272,389,0,0,0
1790616855.008684,392,0,0,0
1790616855.049422,389,0,0,0
1790616855.1087518,390,0,0,0
1790616855.1707919,390,0,0,0
1790616855.208956,390,0,0,0
1790616855.268307,391,0,0,0
1790616855.328655,391,0,0,0
1790616855.368424,390,0,0,0
1790616855.4287791,390,0,0,0
1790616855.4885912,390,0,0,0
1790616855.548308,389,0,0,0
1790616855.611171,390,0,0,0
1790616855.648929,390,0,0,0
1790616855.711211,389,0,0,0
1790616855.748519,390,0,0,0
1790616855.810745,389,0,0,0
1790616855.848997,391,0,0,0
1790616855.908393,390,0,0,0
1790616855.970697,391,0,0,0
1790616856.011683,390,0,0,0
1790616856.0697348,392,0,0,0
1790616856.128962,390,0,0,0
1790616856.188729,392,0,0,0
1790616856.2284741,390,0,0,0
1790616856.2889159,392,0,0,0
1790616856.348578,390,0,0,0
1790616856.409133,391,0,0,0
1790616856.448653,392,0,0,0
1790616856.5093682,392,0,0,0
1790616856.548337,392,0,0,0
1790616856.608263,390,0,0,0
1790616856.6711109,390,0,0,0
1790616856.709831,391,0,0,0
1790616856.7884312,390,0,0,0
1790616856.8285592,390,0,0,0
1790616856.888488,392,0,0,0
1790616856.9286132,391,0,0,0
1790616856.9886029,391,0,0,0
1790616857.028485,391,0,0,0
1790616857.109259,391,0,0,0
1790616857.1484249,391,0,0,0
1790616857.208361,392,0,0,0
1790616857.248352,391,0,0,0
1790616857.3082209,391,0,0,0
1790616857.368733,391,0,0,0
1790616857.409936,393,0,0,0
1790616857.4706,390,0,0,0
1790616857.528456,392,0,0,0
1790616857.571149,392,0,0,0
1790616857.62872,392,0,0,0
1790616857.688658,392,0,0,0
1790616857.728281,393,0,0,0
1790616857.788606,393,0,0,0
1790616857.848135,392,0,0,0
1790616857.8886988,392,0,0,0
1790616857.948421,394,0,0,0
1790616858.00818,393,0,0,0
1790616858.0482361,393,0,0,0
1790616858.108282,392,0,0,0
1790616858.148274,391,0,0,0
1790616858.2082381,393,0,0,0
1790616858.2713861,391,0,0,0
1790616858.328436,393,0,0,0
1790616858.388263,392,0,0,0
1790616858.428405,394,0,0,0
1790616858.4883919,393,0,0,0
1790616858.528436,392,0,0,0
1790616858.588368,393,0,0,0
1790616858.6283572,391,0,0,0
1790616858.688524,393,0,0,0
1790616858.748322,393,0,0,0
1790616858.808178,393,0,0,0
1790616858.8485491,393,0,0,0
1790616858.908511,393,0,0,0
1790616858.9484339,393,0,0,0
1790616859.008209,392,0,0,0
1790616859.068216,394,0,0,0
1790616859.128226,393,0,0,0
1790616859.1686149,395,0,0,0
1790616859.2288709,393,0,0,0
1790616859.28838,395,0,0,0
1790616859.348319,393,0,0,0
1790616859.4086468,393,0,0,0
1790616859.4681642,394,0,0,0
1790616859.530727,392,0,0,0
1790616859.568316,393,0,0,0
1790616859.6285388,394,0,0,0
1790616859.669143,393,0,0,0
1790616859.731698,395,0,0,0
1790616859.788247,394,0,0,0
1790616859.8484428,394,0,0,0
1790616859.910385,395,0,0,0
1790616859.971246,394,0,0,0
1790616860.008896,394,0,0,0
1790616860.068647,395,0,0,0
1790616860.128265,393,0,0,0
1790616860.1883352,394,0,0,0
1790616860.229495,394,0,0,0
1790616860.288418,391,0,0,0
1790616860.3481421,395,0,0,0
1790616860.408352,393,0,0,0
1790616860.448299,395,0,0,0
1790616860.508378,396,0,0,0
1790616860.570596,393,0,0,0
1790616860.608673,394,0,0,0
1790616860.669438,394,0,0,0
1790616860.729847,394,0,0,0
1790616860.7882,393,0,0,0
1790616860.831363,394,0,0,0
1790616860.888214,393,0,0,0
1790616860.948232,395,0,0,0
1790616860.988228,393,0,0,0
1790616861.0483682,393,0,0,0
1790616861.1084642,395,0,0,0
1790616861.168261,396,0,0,0
1790616861.208245,393,0,0,0
1790616861.2694259,392,0,0,0
1790616861.330535,395,0,0,0
1790616861.370771,395,0,0,0
1790616861.4312131,394,0,0,0
1790616861.488238,392,0,0,0
1790616861.5483599,395,0,0,0
1790616861.608146,395,0,0,0
1790616861.648337,396,0,0,0
1790616861.708168,393,0,0,0
1790616861.7481768,394,0,0,0
1790616861.8081338,395,0,0,0
1790616861.869529,396,0,0,0
1790616861.908187,395,0,0,0
1790616861.9683342,394,0,0,0
1790616862.030255,396,0,0,0
1790616862.088363,396,0,0,0
1790616862.1283798,396,0,0,0
1790616862.188204,395,0,0,0
1790616862.2305422,395,0,0,0
1790616862.288743,395,0,0,0
1790616862.348425,396,0,0,0
1790616862.408347,396,0,0,0
1790616862.4490728,396,0,0,0
1790616862.5083368,394,0,0,0
1790616862.567124,395,0,0,0
1790616862.608458,396,0,0,0
1790616862.668145,394,0,0,0
1790616862.7281358,395,0,0,0
1790616862.788193,397,0,0,0
1790616862.828757,396,0,0,0
1790616862.888148,396,0,0,0
1790616862.929193,397,0,0,0
1790616862.988323,396,0,0,0
1790616863.048308,396,0,0,0
1790616863.088348,396,0,0,0
1790616863.148316,398,0,0,0
1790616863.2089002,398,0,0,0
1790616863.2492218,397,0,0,0
1790616863.309186,398,0,0,0
1790616863.369947,398,0,0,0
1790616863.4091861,398,0,0,0
1790616863.4694521,398,0,0,0
1790616863.509551,396,0,0,0
1790616863.569201,397,0,0,0
1790616863.630286,398,0,0,0
1790616863.6693661,398,0,0,0
1790616863.730279,398,0,0,0
1790616863.7968671,397,0,0,0
1790616863.849201,398,0,0,0
1790616863.891493,397,0,0,0
1790616863.9495711,398,0,0,0
1790616863.989405,398,0,0,0
1790616864.0492952,397,0,0,0
1790616864.0906408,398,0,0,0
1790616864.1494021,398,0,0,0
1790616864.209203,397,0,0,0
1790616864.249399,398,0,0,0
1790616864.309311,397,0,0,0
1790616864.3699589,398,0,0,0
1790616864.409326,397,0,0,0
1790616864.470965,399,0,0,0
1790616864.50931,396,0,0,0
1790616864.569124,398,0,0,0
1790616864.630103,397,0,0,0
1790616864.6948428,398,0,0,0
1790616864.749225,398,0,0,0
1790616864.8092082,397,0,0,0
1790616864.849324,398,0,0,0
1790616864.9093351,397,0,0,0
1790616864.969076,399,0,0,0
1790616865.009588,397,0,0,0
1790616865.069202,399,0,0,0
1790616865.129351,398,0,0,0
1790616865.169396,398,0,0,0
1790616865.229262,397,0,0,0
1790616865.290208,400,0,0,0
1790616865.329759,401,0,0,0
1790616865.3925068,400,0,0,0
