unix_timestamp,ir1_raw,irR_cm,ir2_raw,irL_cm
1790616395.8621938,302,11.9,213,17.04
1790616395.962369,309,11.62,213,17.04
1790616396.062738,303,11.86,213,17.04
1790616396.372499,305,11.78,206,17.64
1790616396.485888,305,11.78,213,17.04
1790616396.661025,305,11.78,213,17.04
1790616396.764574,306,11.74,213,17.04
1790616397.1355379,303,11.86,213,17.04
1790616397.37066,305,11.78,205,17.73
1790616397.528905,300,11.98,212,17.13
1790616397.706508,308,11.66,206,17.64
1790616397.8820941,304,11.82,213,17.04
1790616398.041574,307,11.7,219,16.57
1790616398.141054,305,11.78,213,17.04
1790616398.322357,302,11.9,214,16.96
1790616398.501225,295,12.19,213,17.04
1790616398.624029,311,11.54,206,17.64
1790616398.802819,306,11.74,213,17.04
1790616398.981324,297,12.11,213,17.04
1790616399.040997,304,11.82,213,17.04
1790616399.141084,304,11.82,206,17.64
1790616399.240822,306,11.74,213,17.04
1790616399.340928,307,11.7,213,17.04
1790616399.4611561,305,11.78,213,17.04
1790616399.561213,301,11.94,219,16.57
1790616399.661806,299,12.02,205,17.73
1790616399.761166,304,11.82,218,16.64
1790616399.880929,305,11.78,205,17.73
1790616399.9809332,304,11.82,213,17.04
1790616400.081248,304,11.82,213,17.04
1790616400.200917,313,11.46,213,17.04
1790616400.3011022,301,11.94,213,17.04
1790616400.401044,301,11.94,205,17.73
1790616400.501289,301,11.94,211,17.21
1790616400.6012108,300,11.98,213,17.04
1790616400.700962,310,11.58,206,17.64
1790616400.82095,301,11.94,212,17.13
1790616400.921403,308,11.66,213,17.04
1790616401.0211651,303,11.86,213,17.04
1790616401.121164,309,11.62,213,17.04
1790616401.221153,300,11.98,213,17.04
1790616401.341432,303,11.86,206,17.64
1790616401.4609642,304,11.82,213,17.04
1790616401.540929,296,12.15,213,17.04
1790616401.641215,302,11.9,206,17.64
1790616401.7687528,300,11.98,214,16.96
1790616401.861639,303,11.86,214,16.96
1790616401.961447,303,11.86,212,17.13
1790616402.0612102,307,11.7,213,17.04
1790616402.161921,305,11.78,218,16.64
1790616402.261485,309,11.62,213,17.04
1790616402.383637,302,11.9,213,17.04
1790616402.4823208,304,11.82,212,17.13
1790616402.5819688,303,11.86,201,18.09
1790616402.6823192,299,12.02,213,17.04
1790616402.7834392,302,11.9,206,17.64
1790616402.901005,310,11.58,214,16.96
1790616403.000973,298,12.06,206,17.64
1790616403.1011012,303,11.86,205,17.73
1790616403.200854,312,11.5,194,18.76
1790616403.322371,304,11.82,194,18.76
1790616403.42283,302,11.9,194,18.76
1790616403.521517,297,12.11,193,18.85
1790616403.6410491,305,11.78,195,18.66
1790616403.720787,306,11.74,194,18.76
1790616403.821374,306,11.74,194,18.76
1790616403.942724,301,11.94,193,18.85
1790616404.041423,303,11.86,193,18.85
1790616404.140856,302,11.9,199,18.27
1790616404.240696,306,11.74,206,17.64
1790616404.360883,305,11.78,206,17.64
1790616404.461052,308,11.66,206,17.64
1790616404.562987,302,11.9,207,17.55
1790616404.660992,309,11.62,200,18.18
1790616404.763171,308,11.66,207,17.55
1790616404.86153,306,11.74,206,17.64
1790616404.9814742,309,11.62,206,17.64
1790616405.081454,311,11.54,202,18.0
1790616405.181001,300,11.98,205,17.73
1790616405.282013,306,11.74,205,17.73
1790616405.381557,301,11.94,205,17.73
1790616405.5022988,309,11.62,205,17.73
1790616405.600975,304,11.82,206,17.64
1790616405.7006552,303,11.86,206,17.64
1790616405.800981,306,11.74,206,17.64
1790616405.921407,308,11.66,206,17.64
1790616406.0215192,308,11.66,206,17.64
1790616406.1214159,296,12.15,206,17.64
1790616406.222625,302,11.9,206,17.64
1790616406.3208241,302,11.9,207,17.55
1790616406.440928,305,11.78,206,17.64
1790616406.540811,300,11.98,205,17.73
1790616406.6429,296,12.15,206,17.64
1790616406.74099,303,11.86,206,17.64
1790616406.8424,294,12.23,205,17.73
1790616406.9409122,302,11.9,205,17.73
1790616407.0607092,309,11.62,206,17.64
1790616407.1606588,310,11.58,206,17.64
1790616407.260936,298,12.06,207,17.55
1790616407.361273,303,11.86,205,17.73
1790616407.481317,306,11.74,205,17.73
1790616407.581641,302,11.9,205,17.73
1790616407.684582,307,11.7,205,17.73
1790616407.781829,306,11.74,207,17.55
1790616407.881213,305,11.78,206,17.64
1790616408.001041,304,11.82,206,17.64
1790616408.102179,303,11.86,207,17.55
1790616408.200702,297,12.11,206,17.64
1790616408.3011699,305,11.78,206,17.64
1790616408.400835,295,12.19,210,17.29
1790616408.501168,301,11.94,206,17.64
1790616408.620926,304,11.82,211,17.21
1790616408.720875,307,11.7,206,17.64
1790616408.8208342,302,11.9,206,17.64
1790616408.921012,302,11.9,205,17.73
1790616409.044287,309,11.62,205,17.73
1790616409.142835,306,11.74,206,17.64
1790616409.241631,302,11.9,206,17.64
1790616409.341857,302,11.9,206,17.64
1790616409.444073,305,11.78,207,17.55
1790616409.5423,306,11.74,206,17.64
1790616409.64272,298,12.06,206,17.64
1790616409.7625978,303,11.86,205,17.73
1790616409.86211,304,11.82,200,18.18
1790616409.962084,298,12.06,205,17.73
1790616410.061942,307,11.7,199,18.27
1790616410.161964,300,11.98,210,17.29
1790616410.282015,298,12.06,206,17.64
1790616410.42188,303,11.86,201,18.09
1790616410.5011818,304,11.82,200,18.18
1790616410.582895,302,11.9,199,18.27
1790616410.6844668,306,11.74,200,18.18
1790616410.804542,307,11.7,199,18.27
1790616411.0594392,305,11.78,200,18.18
1790616411.176666,302,11.9,205,17.73
1790616411.394751,309,11.62,200,18.18
1790616411.582718,297,12.11,200,18.18
1790616411.7235851,308,11.66,200,18.18
1790616412.0436852,305,11.78,199,18.27
1790616412.226567,306,11.74,176,20.72
1790616412.3859289,304,11.82,153,23.89
1790616412.565834,303,11.86,140,26.15
1790616412.863554,298,12.06,122,30.0
1790616412.984627,297,12.11,122,30.0
1790616413.323777,306,11.74,86,30.0
1790616413.6024,306,11.74,109,30.0
1790616413.785242,309,11.62,68,30.0
1790616413.844209,300,11.98,15,30.0
1790616413.9440398,304,11.82,37,30.0
1790616414.044171,311,11.54,26,30.0
1790616414.167739,306,11.74,20,30.0
1790616414.274148,306,11.74,37,30.0
1790616414.364585,310,11.58,109,30.0
1790616414.468887,307,11.7,115,30.0
1790616414.564499,311,11.54,104,30.0
1790616414.668743,308,11.66,129,28.42
1790616414.784008,304,11.82,104,30.0
1790616414.8840399,303,11.86,117,30.0
1790616414.98431,302,11.9,104,30.0
1790616415.083801,301,11.94,116,30.0
1790616415.206537,300,11.98,104,30.0
1790616415.303922,301,11.94,104,30.0
1790616415.403533,306,11.74,116,30.0
1790616415.5036108,310,11.58,117,30.0
1790616415.605976,303,11.86,115,30.0
1790616415.7248619,303,11.86,92,30.0
1790616415.8247318,302,11.9,15,30.0
1790616415.9250188,303,11.86,6,30.0
1790616416.025046,306,11.74,250,14.46
1790616416.124855,308,11.66,266,13.56
1790616416.225568,305,11.78,266,13.56
1790616416.34488,303,11.86,283,12.72
1790616416.444737,302,11.9,283,12.72
1790616416.5461912,306,11.74,284,12.68
1790616416.644869,299,12.02,277,13.01
1790616416.744988,309,11.62,283,12.72
1790616416.844901,299,12.02,281,12.82
1790616416.96488,305,11.78,272,13.26
1790616417.07527,313,11.46,271,13.31
1790616417.1648068,310,11.58,271,13.31
1790616417.265886,305,11.78,277,13.01
1790616417.3854551,308,11.66,277,13.01
1790616417.486679,299,12.02,284,12.68
1790616417.58767,299,12.02,282,12.77
1790616417.6875541,305,11.78,283,12.72
1790616417.788901,309,11.62,288,12.5
1790616417.886889,304,11.82,283,12.72
1790616417.986913,300,11.98,284,12.68
1790616418.107113,301,11.94,284,12.68
1790616418.208143,305,11.78,284,12.68
1790616418.3069582,299,12.02,283,12.72
1790616418.4077241,308,11.66,283,12.72
1790616418.5089011,303,11.86,282,12.77
1790616418.608094,307,11.7,282,12.77
1790616418.7274728,296,12.15,283,12.72
1790616418.829211,298,12.06,284,12.68
1790616418.926982,301,11.94,284,12.68
1790616419.026853,305,11.78,284,12.68
1790616419.146949,306,11.74,283,12.72
1790616419.247005,301,11.94,283,12.72
1790616419.3484852,307,11.7,283,12.72
1790616419.447,302,11.9,282,12.77
1790616419.567022,295,12.19,283,12.72
1790616419.6669068,298,12.06,284,12.68
1790616419.768349,305,11.78,283,12.72
1790616419.8655622,303,11.86,284,12.68
1790616419.9686232,302,11.9,289,12.45
1790616420.089016,306,11.74,283,12.72
1790616420.190965,307,11.7,283,12.72
1790616420.291729,296,12.15,283,12.72
1790616420.391659,305,11.78,283,12.72
1790616420.490496,305,11.78,283,12.72
1790616420.5910022,299,12.02,284,12.68
1790616420.7081962,309,11.62,284,12.68
1790616420.8075252,306,11.74,282,12.77
1790616420.908304,302,11.9,283,12.72
1790616421.0085702,303,11.86,288,12.5
1790616421.12933,302,11.9,282,12.77
1790616421.2284212,306,11.74,283,12.72
1790616421.32967,303,11.86,283,12.72
1790616421.427957,302,11.9,283,12.72
1790616421.547771,306,11.74,284,12.68
1790616421.6480682,302,11.9,284,12.68
1790616421.7488241,307,11.7,283,12.72
1790616421.8479161,301,11.94,283,12.72
1790616421.9478772,306,11.74,282,12.77
1790616422.048158,309,11.62,283,12.72
1790616422.148563,305,11.78,287,12.54
1790616422.291617,307,11.7,284,12.68
1790616422.368017,306,11.74,284,12.68
1790616422.468357,312,11.5,283,12.72
1790616422.5680552,305,11.78,282,12.77
1790616422.690811,301,11.94,283,12.72
1790616422.7878778,304,11.82,284,12.68
1790616422.8894641,302,11.9,284,12.68
1790616422.9896011,303,11.86,283,12.72
1790616423.09037,305,11.78,284,12.68
1790616423.2087731,307,11.7,284,12.68
1790616423.308917,299,12.02,284,12.68
1790616423.408828,304,11.82,284,12.68
1790616423.508963,301,11.94,284,12.68
1790616423.610487,299,12.02,283,12.72
1790616423.710041,300,11.98,283,12.72
1790616423.832447,301,11.94,284,12.68
1790616423.9287748,301,11.94,283,12.72
1790616424.028735,309,11.62,283,12.72
1790616424.1498911,300,11.98,284,12.68
1790616424.250253,304,11.82,284,12.68
1790616424.350631,305,11.78,283,12.72
1790616424.4492989,305,11.78,288,12.5
1790616424.54938,297,12.11,283,12.72
1790616424.6687639,298,12.06,282,12.77
1790616424.769242,308,11.66,283,12.72
1790616424.869347,300,11.98,283,12.72
1790616424.968705,304,11.82,284,12.68
1790616425.08954,301,11.94,283,12.72
1790616425.1887648,303,11.86,284,12.68
1790616425.289877,293,12.28,283,12.72
1790616425.389859,303,11.86,284,12.68
1790616425.509983,311,11.54,285,12.63
1790616425.610267,304,11.82,284,12.68
1790616425.7088482,301,11.94,284,12.68
1790616425.809995,309,11.62,283,12.72
1790616425.908847,302,11.9,283,12.72
1790616426.028744,308,11.66,283,12.72
1790616426.1288052,303,11.86,283,12.72
1790616426.2286878,300,11.98,288,12.5
1790616426.328685,309,11.62,283,12.72
1790616426.4287722,306,11.74,283,12.72
1790616426.550818,301,11.94,284,12.68
1790616426.6504462,302,11.9,282,12.77
1790616426.7511208,308,11.66,283,12.72
1790616426.851485,305,11.78,284,12.68
1790616426.9688919,309,11.62,284,12.68
1790616427.069199,294,12.23,288,12.5
1790616427.1687338,306,11.74,281,12.82
1790616427.270873,301,11.94,284,12.68
1790616427.3689039,310,11.58,284,12.68
1790616427.46879,310,11.58,284,12.68
1790616427.588702,305,11.78,282,12.77
1790616427.688721,306,11.74,284,12.68
1790616427.791213,304,11.82,282,12.77
1790616427.912024,308,11.66,283,12.72
1790616428.008683,305,11.78,284,12.68
1790616428.108737,306,11.74,283,12.72
1790616428.211823,308,11.66,284,12.68
1790616428.3303192,310,11.58,284,12.68
1790616428.410182,303,11.86,277,13.01
1790616428.5297449,300,11.98,277,13.01
1790616428.629872,298,12.06,278,12.96
1790616428.729834,308,11.66,271,13.31
1790616428.82977,300,11.98,272,13.26
1790616428.929835,310,11.58,270,13.36
1790616429.030001,303,11.86,277,13.01
1790616429.1501582,306,11.74,277,13.01
1790616429.250457,308,11.66,290,12.41
1790616429.3502889,299,12.02,253,14.28
1790616429.449655,306,11.74,86,30.0
1790616429.569818,300,11.98,57,30.0
1790616429.669606,305,11.78,50,30.0
1790616429.769491,304,11.82,44,30.0
1790616429.869809,305,11.78,50,30.0
1790616429.9696739,304,11.82,49,30.0
1790616430.090314,301,11.94,50,30.0
1790616430.189846,302,11.9,50,30.0
1790616430.2899,304,11.82,56,30.0
1790616430.3896132,306,11.74,56,30.0
1790616430.4896681,294,12.23,50,30.0
1790616430.611357,306,11.74,50,30.0
1790616430.689695,305,11.78,55,30.0
1790616430.8106601,302,11.9,49,30.0
1790616430.9105432,305,11.78,50,30.0
1790616431.012764,306,11.74,56,30.0
1790616431.111242,306,11.74,50,30.0
1790616431.229456,303,11.86,50,30.0
1790616431.3298619,307,11.7,49,30.0
1790616431.4403682,305,11.78,50,30.0
1790616431.529906,306,11.74,50,30.0
1790616431.649984,301,11.94,50,30.0
1790616431.750339,307,11.7,44,30.0
1790616431.8506792,304,11.82,50,30.0
1790616431.950101,305,11.78,50,30.0
1790616432.0728729,303,11.86,50,30.0
1790616432.171103,299,12.02,50,30.0
1790616432.272547,305,11.78,50,30.0
1790616432.372371,300,11.98,50,30.0
1790616432.4710798,305,11.78,49,30.0
1790616432.571022,305,11.78,51,30.0
1790616432.689666,302,11.9,50,30.0
1790616432.78949,299,12.02,57,30.0
1790616432.8893461,305,11.78,55,30.0
1790616432.9894888,299,12.02,50,30.0
1790616433.089532,304,11.82,54,30.0
1790616433.210739,305,11.78,50,30.0
1790616433.311598,297,12.11,50,30.0
1790616433.4101372,304,11.82,50,30.0
1790616433.5094342,306,11.74,50,30.0
1790616433.611124,309,11.62,51,30.0
1790616433.710337,294,12.23,50,30.0
1790616433.8305979,304,11.82,49,30.0
1790616433.930614,300,11.98,50,30.0
1790616434.0304582,300,11.98,49,30.0
1790616434.150431,302,11.9,50,30.0
1790616434.2507489,302,11.9,49,30.0
1790616434.350631,306,11.74,50,30.0
1790616434.4508018,297,12.11,49,30.0
1790616434.550507,307,11.7,50,30.0
1790616434.671347,310,11.58,50,30.0
1790616434.7720351,304,11.82,54,30.0
1790616434.871727,305,11.78,50,30.0
1790616434.9716558,306,11.74,50,30.0
1790616435.091292,307,11.7,50,30.0
1790616435.191086,305,11.78,50,30.0
1790616435.2905548,301,11.94,50,30.0
1790616435.391158,300,11.98,55,30.0
1790616435.490541,303,11.86,55,30.0
1790616435.59183,305,11.78,55,30.0
1790616435.6905441,303,11.86,49,30.0
1790616435.810963,306,11.74,56,30.0
1790616435.910506,304,11.82,56,30.0
1790616436.011162,306,11.74,50,30.0
1790616436.1106539,302,11.9,50,30.0
1790616436.210984,309,11.62,50,30.0
1790616436.31073,308,11.66,31,30.0
1790616436.410676,303,11.86,103,30.0
1790616436.532375,302,11.9,6,30.0
1790616436.632732,311,11.54,6,30.0
1790616436.731758,302,11.9,6,30.0
1790616436.8326778,308,11.66,7,30.0
1790616436.951394,307,11.7,5,30.0
1790616437.0516438,303,11.86,6,30.0
1790616437.15131,304,11.82,12,30.0
1790616437.252479,309,11.62,53,30.0
1790616437.374472,307,11.7,49,30.0
1790616437.4716601,304,11.82,50,30.0
1790616437.5719721,308,11.66,50,30.0
1790616437.671953,312,11.5,50,30.0
1790616437.771478,302,11.9,50,30.0
1790616437.891668,309,11.62,50,30.0
1790616437.991955,305,11.78,55,30.0
1790616438.091557,309,11.62,49,30.0
1790616438.19173,310,11.58,50,30.0
1790616438.291681,297,12.11,50,30.0
1790616438.41167,302,11.9,50,30.0
1790616438.511727,308,11.66,56,30.0
1790616438.6126862,301,11.94,50,30.0
1790616438.711376,305,11.78,50,30.0
1790616438.832083,302,11.9,49,30.0
1790616438.931814,308,11.66,49,30.0
1790616439.032682,306,11.74,50,30.0
1790616439.1340811,306,11.74,50,30.0
1790616439.253917,307,11.7,50,30.0
1790616439.351626,306,11.74,56,30.0
1790616439.451318,307,11.7,50,30.0
1790616439.571572,300,11.98,49,30.0
1790616439.652865,301,11.94,50,30.0
1790616439.751703,313,11.46,57,30.0
1790616439.8529,300,11.98,49,30.0
1790616439.9714718,307,11.7,49,30.0
1790616440.071594,301,11.94,49,30.0
1790616440.17183,306,11.74,49,30.0
1790616440.292757,301,11.94,50,30.0
1790616440.371499,303,11.86,50,30.0
1790616440.4715798,302,11.9,49,30.0
1790616440.571691,301,11.94,50,30.0
1790616440.672121,300,11.98,49,30.0
1790616440.795268,296,12.15,50,30.0
1790616440.892213,307,11.7,50,30.0
1790616440.996476,303,11.86,56,30.0
1790616441.097051,295,12.19,49,30.0
1790616441.193728,305,11.78,49,30.0
1790616441.31169,302,11.9,49,30.0
1790616441.4116092,299,12.02,50,30.0
1790616441.51397,302,11.9,51,30.0
1790616441.6133828,300,11.98,49,30.0
1790616441.7314901,300,11.98,50,30.0
1790616441.85124,304,11.82,56,30.0
1790616441.9313998,305,11.78,50,30.0
1790616442.051522,303,11.86,50,30.0
1790616442.1515589,301,11.94,55,30.0
1790616442.25157,307,11.7,50,30.0
1790616442.351558,310,11.58,50,30.0
1790616442.4514592,309,11.62,55,30.0
1790616442.551491,304,11.82,49,30.0
1790616442.6516638,304,11.82,50,30.0
1790616442.79343,301,11.94,170,21.46
1790616442.8715389,310,11.58,122,30.0
1790616442.9712708,300,11.98,8,30.0
1790616443.0713449,301,11.94,6,30.0
1790616443.171765,300,11.98,49,30.0
1790616443.291428,301,11.94,50,30.0
1790616443.392464,306,11.74,50,30.0
1790616443.491777,303,11.86,49,30.0
1790616443.593477,308,11.66,55,30.0
1790616443.6915,304,11.82,56,30.0
1790616443.794013,303,11.86,31,30.0
1790616443.892415,307,11.7,230,15.75
1790616444.011379,302,11.9,6,30.0
1790616444.111261,308,11.66,6,30.0
1790616444.211225,306,11.74,4,30.0
1790616444.331464,304,11.82,6,30.0
1790616444.4315321,311,11.54,6,30.0
1790616444.5315762,303,11.86,15,30.0
1790616444.6315022,300,11.98,152,24.05
1790616444.7316449,305,11.78,44,30.0
1790616444.833268,296,12.15,50,30.0
1790616444.952553,309,11.62,50,30.0
1790616445.053741,301,11.94,53,30.0
1790616445.156217,302,11.9,50,30.0
1790616445.253921,306,11.74,55,30.0
1790616445.351823,305,11.78,55,30.0
1790616445.472513,301,11.94,49,30.0
1790616445.5723531,304,11.82,55,30.0
1790616445.672638,304,11.82,50,30.0
1790616445.7724931,301,11.94,50,30.0
1790616445.873371,303,11.86,51,30.0
1790616445.9936352,304,11.82,49,30.0
1790616446.0922801,306,11.74,44,30.0
1790616446.19439,304,11.82,44,30.0
1790616446.313101,308,11.66,98,30.0
1790616446.393585,304,11.82,92,30.0
1790616446.495224,308,11.66,193,18.85
1790616446.592612,306,11.74,152,24.05
1790616446.7124631,309,11.62,140,26.15
1790616446.812279,307,11.7,95,30.0
1790616446.912447,302,11.9,80,30.0
1790616447.012508,303,11.86,80,30.0
1790616447.112215,302,11.9,97,30.0
1790616447.212607,301,11.94,129,28.42
1790616447.3326652,308,11.66,68,30.0
1790616447.432352,306,11.74,62,30.0
1790616447.532576,307,11.7,50,30.0
1790616447.6325629,304,11.82,56,30.0
1790616447.732264,307,11.7,62,30.0
1790616447.852261,303,11.86,62,30.0
1790616447.9523158,306,11.74,55,30.0
1790616448.052775,305,11.78,56,30.0
1790616448.152874,305,11.78,57,30.0
1790616448.252644,301,11.94,56,30.0
1790616448.373874,303,11.86,68,30.0
1790616448.4724429,305,11.78,62,30.0
1790616448.572407,304,11.82,67,30.0
1790616448.672708,306,11.74,61,30.0
1790616448.772661,302,11.9,56,30.0
1790616448.893961,304,11.82,62,30.0
1790616448.9924421,304,11.82,67,30.0
1790616449.092586,306,11.74,62,30.0
1790616449.192596,306,11.74,68,30.0
1790616449.2921422,309,11.62,62,30.0
1790616449.392158,308,11.66,62,30.0
1790616449.5145228,304,11.82,62,30.0
1790616449.61266,296,12.15,55,30.0
1790616449.712739,299,12.02,55,30.0
1790616449.820153,309,11.62,44,30.0
1790616449.912514,309,11.62,44,30.0
1790616450.015371,303,11.86,50,30.0
1790616450.132618,304,11.82,6,30.0
1790616450.233143,306,11.74,289,12.45
1790616450.332324,297,12.11,306,11.74
1790616450.4323971,305,11.78,318,11.28
1790616450.5529652,297,12.11,188,19.37
1790616450.65442,310,11.58,98,30.0
1790616450.756327,304,11.82,110,30.0
1790616450.854698,301,11.94,117,30.0
1790616450.9529028,306,11.74,116,30.0
1790616451.072541,305,11.78,98,30.0
1790616451.172401,302,11.9,92,30.0
1790616451.272274,300,11.98,92,30.0
1790616451.3725991,301,11.94,91,30.0
1790616451.472363,299,12.02,85,30.0
1790616451.572608,305,11.78,80,30.0
1790616451.69021,304,11.82,75,30.0
1790616451.7924638,300,11.98,72,30.0
1790616451.8922749,302,11.9,73,30.0
1790616451.992395,306,11.74,68,30.0
1790616452.113457,302,11.9,67,30.0
1790616452.213086,302,11.9,68,30.0
1790616452.313965,308,11.66,68,30.0
1790616452.412508,309,11.62,67,30.0
1790616452.512309,295,12.19,67,30.0
1790616452.632425,307,11.7,68,30.0
1790616452.732329,314,11.43,67,30.0
1790616452.833739,306,11.74,68,30.0
1790616452.9337,301,11.94,68,30.0
1790616453.052926,303,11.86,67,30.0
1790616453.132119,307,11.7,67,30.0
1790616453.252494,304,11.82,67,30.0
1790616453.3528042,295,12.19,68,30.0
1790616453.4525702,310,11.58,68,30.0
1790616453.5523798,302,11.9,68,30.0
1790616453.675216,301,11.94,67,30.0
1790616453.774536,310,11.58,68,30.0
1790616453.874632,305,11.78,67,30.0
1790616453.974763,308,11.66,69,30.0
1790616454.092213,309,11.62,68,30.0
1790616454.192441,307,11.7,68,30.0
1790616454.2924612,312,11.5,67,30.0
1790616454.39254,305,11.78,68,30.0
1790616454.492502,311,11.54,69,30.0
1790616454.592334,307,11.7,68,30.0
1790616454.711908,299,12.02,68,30.0
1790616454.812397,300,11.98,67,30.0
1790616454.912384,299,12.02,70,30.0
1790616455.012456,295,12.19,68,30.0
1790616455.132115,310,11.58,68,30.0
1790616455.232526,307,11.7,68,30.0
1790616455.332525,308,11.66,68,30.0
1790616455.432129,301,11.94,67,30.0
1790616455.5321321,307,11.7,68,30.0
1790616455.6531131,301,11.94,68,30.0
1790616455.75349,300,11.98,67,30.0
1790616455.85241,306,11.74,69,30.0
1790616455.9530492,301,11.94,67,30.0
1790616456.052806,303,11.86,68,30.0
1790616456.1729002,298,12.06,68,30.0
1790616456.2763321,302,11.9,73,30.0
1790616456.3749871,308,11.66,67,30.0
1790616456.474733,299,12.02,68,30.0
1790616456.59237,306,11.74,68,30.0
1790616456.692354,306,11.74,67,30.0
1790616456.792448,301,11.94,68,30.0
1790616456.892396,308,11.66,68,30.0
1790616456.992206,299,12.02,68,30.0
1790616457.112156,302,11.9,67,30.0
1790616457.212807,308,11.66,84,30.0
1790616457.312751,301,11.94,68,30.0
1790616457.41252,296,12.15,68,30.0
1790616457.535006,303,11.86,68,30.0
1790616457.63412,305,11.78,68,30.0
1790616457.738855,307,11.7,74,30.0
1790616457.834303,306,11.74,56,30.0
1790616457.93336,297,12.11,68,30.0
1790616458.052323,304,11.82,5,30.0
1790616458.152342,307,11.7,6,30.0
1790616458.252419,309,11.62,6,30.0
1790616458.352247,294,12.23,6,30.0
1790616458.4523761,307,11.7,6,30.0
1790616458.552238,306,11.74,68,30.0
1790616458.672592,308,11.66,80,30.0
1790616458.774634,301,11.94,84,30.0
1790616458.874123,308,11.66,73,30.0
1790616458.973522,304,11.82,68,30.0
1790616459.0922859,300,11.98,68,30.0
1790616459.192526,299,12.02,68,30.0
1790616459.293256,305,11.78,74,30.0
1790616459.392538,297,12.11,67,30.0
1790616459.4932082,303,11.86,98,30.0
1790616459.61285,307,11.7,128,28.64
1790616459.712249,306,11.74,56,30.0
1790616459.835059,309,11.62,97,30.0
1790616459.913296,303,11.86,127,28.87
1790616460.01337,302,11.9,134,27.34
1790616460.133276,304,11.82,140,26.15
1790616460.2337651,307,11.7,146,25.06
1790616460.333965,304,11.82,110,30.0
1790616460.433033,307,11.7,44,30.0
1790616460.5339751,308,11.66,55,30.0
1790616460.653313,305,11.78,62,30.0
1790616460.753493,307,11.7,67,30.0
1790616460.85419,304,11.82,56,30.0
1790616460.953366,301,11.94,55,30.0
1790616461.074903,304,11.82,55,30.0
1790616461.1732218,306,11.74,56,30.0
1790616461.2739332,308,11.66,50,30.0
1790616461.373299,303,11.86,50,30.0
1790616461.4732642,308,11.66,51,30.0
1790616461.5956259,303,11.86,55,30.0
1790616461.696089,301,11.94,50,30.0
1790616461.795873,298,12.06,49,30.0
1790616461.8963368,301,11.94,50,30.0
1790616462.013416,308,11.66,51,30.0
1790616462.113358,299,12.02,50,30.0
1790616462.2145128,301,11.94,51,30.0
1790616462.333237,303,11.86,49,30.0
1790616462.433247,306,11.74,49,30.0
1790616462.534569,312,11.5,50,30.0
1790616462.635422,298,12.06,49,30.0
1790616462.734494,301,11.94,55,30.0
1790616462.8356538,310,11.58,56,30.0
1790616462.9532712,303,11.86,56,30.0
1790616463.053416,308,11.66,50,30.0
1790616463.153141,305,11.78,49,30.0
1790616463.253439,306,11.74,49,30.0
1790616463.373106,301,11.94,49,30.0
1790616463.473238,302,11.9,51,30.0
1790616463.573347,304,11.82,49,30.0
1790616463.6734211,302,11.9,6,30.0
1790616463.775548,305,11.78,249,14.52
1790616463.893135,305,11.78,259,13.94
1790616463.99571,302,11.9,266,13.56
1790616464.09453,311,11.54,266,13.56
1790616464.1942558,304,11.82,272,13.26
1790616464.2935739,302,11.9,272,13.26
1790616464.4133198,301,11.94,272,13.26
1790616464.513547,300,11.98,278,12.96
1790616464.613225,302,11.9,278,12.96
1790616464.713168,305,11.78,278,12.96
1790616464.83359,306,11.74,277,13.01
1790616464.9339,305,11.78,279,12.91
1790616465.0335512,308,11.66,277,13.01
1790616465.1549492,306,11.74,284,12.68
1790616465.233477,299,12.02,283,12.72
1790616465.353291,301,11.94,283,12.72
1790616465.45531,308,11.66,283,12.72
1790616465.5545201,302,11.9,290,12.41
1790616465.655502,304,11.82,296,12.15
1790616465.7746172,307,11.7,294,12.23
1790616465.87336,310,11.58,295,12.19
1790616465.973366,299,12.02,299,12.02
1790616466.073246,312,11.5,295,12.19
1790616466.173037,301,11.94,299,12.02
1790616466.293246,303,11.86,294,12.23
1790616466.392998,303,11.86,296,12.15
1790616466.4960818,301,11.94,296,12.15
1790616466.594846,305,11.78,295,12.19
1790616466.693652,303,11.86,298,12.06
1790616466.814671,303,11.86,295,12.19
1790616466.913331,303,11.86,294,12.23
1790616467.0133069,297,12.11,295,12.19
1790616467.133305,300,11.98,295,12.19
1790616467.233183,306,11.74,296,12.15
1790616467.333293,304,11.82,300,11.98
1790616467.43469,308,11.66,295,12.19
1790616467.533577,303,11.86,295,12.19
1790616467.65454,304,11.82,294,12.23
1790616467.7544801,301,11.94,295,12.19
1790616467.853168,306,11.74,296,12.15
1790616467.953661,305,11.78,295,12.19
1790616468.073784,304,11.82,295,12.19
1790616468.172941,304,11.82,295,12.19
1790616468.273037,308,11.66,295,12.19
1790616468.373038,301,11.94,300,11.98
1790616468.473291,305,11.78,295,12.19
1790616468.593345,299,12.02,295,12.19
1790616468.694226,305,11.78,295,12.19
1790616468.7951858,302,11.9,299,12.02
1790616468.893025,296,12.15,296,12.15
1790616469.013161,301,11.94,296,12.15
1790616469.113079,304,11.82,295,12.19
1790616469.213093,305,11.78,295,12.19
1790616469.3132129,306,11.74,295,12.19
1790616469.4332411,303,11.86,294,12.23
1790616469.532939,305,11.78,295,12.19
1790616469.633195,306,11.74,295,12.19
1790616469.733046,311,11.54,295,12.19
1790616469.855699,306,11.74,294,12.23
1790616469.9538019,302,11.9,295,12.19
1790616470.054379,305,11.78,300,11.98
1790616470.155776,303,11.86,294,12.23
1790616470.273213,308,11.66,294,12.23
1790616470.3729331,298,12.06,295,12.19
1790616470.4733472,303,11.86,294,12.23
1790616470.5732028,301,11.94,295,12.19
1790616470.694475,310,11.58,295,12.19
1790616470.794531,303,11.86,295,12.19
1790616470.889906,308,11.66,295,12.19
1790616471.014378,301,11.94,294,12.23
1790616471.1097448,305,11.78,296,12.15
1790616471.213166,299,12.02,295,12.19
1790616471.313942,307,11.7,295,12.19
1790616471.413188,303,11.86,295,12.19
1790616471.5334542,302,11.9,296,12.15
1790616471.633149,306,11.74,294,12.23
1790616471.7331772,308,11.66,294,12.23
1790616471.8334,303,11.86,295,12.19
1790616471.953386,304,11.82,295,12.19
1790616472.055414,304,11.82,295,12.19
1790616472.154499,304,11.82,294,12.23
1790616472.2552981,299,12.02,295,12.19
1790616472.354091,311,11.54,295,12.19
1790616472.474271,301,11.94,295,12.19
1790616472.574348,301,11.94,296,12.15
1790616472.673957,296,12.15,294,12.23
1790616472.774751,306,11.74,295,12.19
1790616472.873975,305,11.78,295,12.19
1790616472.9739258,301,11.94,296,12.15
1790616473.07459,310,11.58,295,12.19
1790616473.194999,303,11.86,295,12.19
1790616473.294135,305,11.78,295,12.19
1790616473.393997,304,11.82,295,12.19
1790616473.494122,310,11.58,295,12.19
1790616473.617252,302,11.9,295,12.19
1790616473.714172,298,12.06,295,12.19
1790616473.817882,305,11.78,295,12.19
1790616473.915395,306,11.74,290,12.41
1790616474.014453,303,11.86,288,12.5
1790616474.134285,305,11.78,289,12.45
1790616474.2341912,307,11.7,289,12.45
1790616474.33426,310,11.58,289,12.45
1790616474.434287,298,12.06,300,11.98
1790616474.554353,294,12.23,295,12.19
1790616474.6542258,300,11.98,295,12.19
1790616474.755018,303,11.86,295,12.19
1790616474.853973,308,11.66,295,12.19
1790616474.954123,307,11.7,295,12.19
1790616475.074103,303,11.86,295,12.19
1790616475.1795871,313,11.46,295,12.19
1790616475.276664,303,11.86,289,12.45
1790616475.37407,303,11.86,290,12.41
1790616475.4738638,305,11.78,295,12.19
1790616475.5939682,295,12.19,288,12.5
1790616475.694155,305,11.78,288,12.5
1790616475.794601,298,12.06,295,12.19
1790616475.8942668,306,11.74,295,12.19
1790616476.014247,308,11.66,290,12.41
1790616476.11448,307,11.7,295,12.19
1790616476.214325,305,11.78,300,11.98
1790616476.313924,304,11.82,295,12.19
1790616476.4344268,300,11.98,294,12.23
1790616476.53427,303,11.86,295,12.19
1790616476.634892,305,11.78,295,12.19
1790616476.733815,304,11.82,289,12.45
1790616476.833813,306,11.74,295,12.19
1790616476.954101,302,11.9,294,12.23
1790616477.0540721,302,11.9,300,11.98
1790616477.154204,306,11.74,296,12.15
1790616477.254246,311,11.54,295,12.19
1790616477.3538702,309,11.62,295,12.19
1790616477.475698,300,11.98,295,12.19
1790616477.573789,309,11.62,294,12.23
1790616477.697508,295,12.19,295,12.19
1790616477.7937732,309,11.62,294,12.23
1790616477.8739579,310,11.58,294,12.23
1790616477.994955,305,11.78,296,12.15
1790616478.093894,308,11.66,295,12.19
1790616478.193922,300,11.98,295,12.19
1790616478.294129,298,12.06,295,12.19
1790616478.413962,297,12.11,295,12.19
1790616478.5143418,309,11.62,295,12.19
1790616478.614492,297,12.11,295,12.19
1790616478.713823,298,12.06,295,12.19
1790616478.835008,306,11.74,295,12.19
1790616478.9355772,307,11.7,295,12.19
1790616479.0339992,298,12.06,295,12.19
1790616479.136127,304,11.82,294,12.23
1790616479.236942,302,11.9,294,12.23
1790616479.338596,311,11.54,300,11.98
1790616479.435903,306,11.74,295,12.19
1790616479.55423,309,11.62,296,12.15
1790616479.6542258,305,11.78,296,12.15
1790616479.7540421,303,11.86,295,12.19
1790616479.854045,308,11.66,295,12.19
1790616479.976255,300,11.98,294,12.23
1790616480.075263,305,11.78,294,12.23
1790616480.174303,305,11.78,293,12.28
1790616480.273858,307,11.7,295,12.19
1790616480.3739789,302,11.9,295,12.19
1790616480.494138,309,11.62,295,12.19
1790616480.594249,301,11.94,295,12.19
1790616480.693951,300,11.98,295,12.19
1790616480.793927,306,11.74,294,12.23
1790616480.894091,307,11.7,295,12.19
1790616480.993784,306,11.74,295,12.19
1790616481.113808,307,11.7,295,12.19
1790616481.214645,300,11.98,295,12.19
1790616481.313864,303,11.86,296,12.15
1790616481.414099,294,12.23,295,12.19
1790616481.534782,308,11.66,294,12.23
1790616481.63594,301,11.94,295,12.19
1790616481.734079,302,11.9,296,12.15
1790616481.835859,304,11.82,295,12.19
1790616481.9540842,298,12.06,295,12.19
1790616482.054432,295,12.19,295,12.19
1790616482.154059,307,11.7,296,12.15
1790616482.254192,306,11.74,294,12.23
1790616482.353997,306,11.74,296,12.15
1790616482.473902,306,11.74,294,12.23
1790616482.576458,296,12.15,295,12.19
1790616482.6740139,304,11.82,294,12.23
1790616482.774889,299,12.02,295,12.19
1790616482.874051,303,11.86,296,12.15
1790616482.995289,302,11.9,295,12.19
1790616483.096479,304,11.82,295,12.19
1790616483.197956,306,11.74,294,12.23
1790616483.296545,304,11.82,296,12.15
1790616483.41397,298,12.06,295,12.19
1790616483.513984,300,11.98,295,12.19
1790616483.615507,303,11.86,295,12.19
1790616483.714114,304,11.82,295,12.19
1790616483.835207,301,11.94,295,12.19
1790616483.936048,302,11.9,296,12.15
1790616484.0343099,303,11.86,295,12.19
1790616484.134138,301,11.94,295,12.19
1790616484.2337081,300,11.98,295,12.19
1790616484.354047,305,11.78,295,12.19
1790616484.45379,301,11.94,294,12.23
1790616484.554164,306,11.74,295,12.19
1790616484.6539378,309,11.62,295,12.19
1790616484.776444,303,11.86,295,12.19
1790616484.874124,302,11.9,295,12.19
1790616484.973936,304,11.82,295,12.19
1790616485.095427,305,11.78,295,12.19
1790616485.194804,300,11.98,296,12.15
1790616485.294664,306,11.74,295,12.19
1790616485.3947158,310,11.58,295,12.19
1790616485.4946618,307,11.7,295,12.19
1790616485.615283,304,11.82,296,12.15
1790616485.714135,307,11.7,300,11.98
1790616485.809899,308,11.66,295,12.19
1790616485.9151502,304,11.82,294,12.23
1790616486.034059,304,11.82,294,12.23
1790616486.114463,304,11.82,301,11.94
1790616486.234093,302,11.9,295,12.19
1790616486.333911,304,11.82,295,12.19
1790616486.4347441,308,11.66,290,12.41
1790616486.553955,306,11.74,272,13.26
1790616486.6568892,305,11.78,254,14.23
1790616486.7557068,303,11.86,230,15.75
1790616486.8539991,305,11.78,205,17.73
1790616486.953912,301,11.94,129,28.42
1790616487.054029,302,11.9,219,16.57
1790616487.175238,302,11.9,234,15.48
1790616487.2740579,309,11.62,200,18.18
1790616487.374143,311,11.54,213,17.04
1790616487.4740522,307,11.7,231,15.68
1790616487.574036,310,11.58,237,15.28
1790616487.696535,310,11.58,249,14.52
1790616487.79392,302,11.9,248,14.58
1790616487.895763,303,11.86,254,14.23
1790616487.9942772,304,11.82,254,14.23
1790616488.1139982,302,11.9,260,13.89
1790616488.213999,306,11.74,260,13.89
1790616488.313946,302,11.9,260,13.89
1790616488.413995,299,12.02,261,13.83
1790616488.5139682,297,12.11,265,13.62
1790616488.634005,293,12.28,265,13.62
1790616488.7343302,298,12.06,265,13.62
1790616488.833751,303,11.86,265,13.62
1790616488.956482,306,11.74,265,13.62
1790616489.05665,305,11.78,265,13.62
1790616489.15749,300,11.98,265,13.62
1790616489.255702,307,11.7,269,13.41
1790616489.357424,308,11.66,265,13.62
1790616489.4551208,305,11.78,264,13.67
1790616489.553686,310,11.58,270,13.36
1790616489.673973,300,11.98,265,13.62
1790616489.774076,303,11.86,266,13.56
1790616489.8742242,305,11.78,266,13.56
1790616489.973856,302,11.9,265,13.62
1790616490.0738099,297,12.11,266,13.56
1790616490.194062,305,11.78,272,13.26
1790616490.295594,304,11.82,277,13.01
1790616490.394628,306,11.74,276,13.06
1790616490.495188,306,11.74,283,12.72
1790616490.594121,303,11.86,284,12.68
1790616490.71366,304,11.82,294,12.23
1790616490.813917,300,11.98,283,12.72
1790616490.9139142,298,12.06,289,12.45
1790616491.013941,299,12.02,295,12.19
1790616491.117486,308,11.66,301,11.94
1790616491.23396,308,11.66,304,11.82
1790616491.334077,294,12.23,306,11.74
1790616491.4340968,310,11.58,311,11.54
1790616491.5339541,305,11.78,316,11.35
1790616491.6543841,298,12.06,324,11.06
1790616491.754119,302,11.9,323,11.1
1790616491.854497,300,11.98,330,10.85
1790616491.957411,301,11.94,329,10.89
1790616492.054018,308,11.66,330,10.85
1790616492.154207,309,11.62,330,10.85
1790616492.2739048,306,11.74,329,10.89
1790616492.373895,307,11.7,329,10.89
1790616492.473773,304,11.82,324,11.06
1790616492.594135,301,11.94,324,11.06
1790616492.69422,305,11.78,323,11.1
1790616492.793909,306,11.74,325,11.03
1790616492.894679,302,11.9,323,11.1
1790616492.993964,303,11.86,329,10.89
1790616493.094103,305,11.78,323,11.1
1790616493.21733,305,11.78,325,11.03
1790616493.314868,305,11.78,323,11.1
1790616493.4131122,309,11.62,324,11.06
1790616493.514196,306,11.74,323,11.1
1790616493.61393,306,11.74,324,11.06
1790616493.715997,303,11.86,324,11.06
1790616493.833975,304,11.82,323,11.1
1790616493.933856,306,11.74,323,11.1
1790616494.033897,299,12.02,324,11.06
1790616494.1338801,302,11.9,323,11.1
1790616494.2339141,307,11.7,323,11.1
1790616494.3538408,305,11.78,324,11.06
1790616494.4549298,303,11.86,324,11.06
1790616494.553986,309,11.62,323,11.1
1790616494.654102,307,11.7,324,11.06
1790616494.753543,307,11.7,324,11.06
1790616494.853835,303,11.86,324,11.06
1790616494.9739578,302,11.9,323,11.1
1790616495.07395,301,11.94,329,10.89
1790616495.174071,302,11.9,323,11.1
1790616495.273948,300,11.98,324,11.06
1790616495.374062,295,12.19,323,11.1
1790616495.49393,303,11.86,323,11.1
1790616495.59392,304,11.82,324,11.06
1790616495.6938329,309,11.62,323,11.1
1790616495.793934,299,12.02,323,11.1
1790616495.894156,297,12.11,323,11.1
1790616495.9939442,304,11.82,324,11.06
1790616496.11419,305,11.78,323,11.1
1790616496.213999,307,11.7,323,11.1
1790616496.314018,297,12.11,323,11.1
1790616496.415794,308,11.66,323,11.1
1790616496.534202,302,11.9,324,11.06
1790616496.6340659,306,11.74,324,11.06
1790616496.734165,297,12.11,324,11.06
1790616496.8339698,300,11.98,324,11.06
1790616496.933698,301,11.94,324,11.06
1790616497.05408,307,11.7,324,11.06
1790616497.153661,307,11.7,324,11.06
1790616497.2535522,306,11.74,323,11.1
1790616497.353724,305,11.78,329,10.89
1790616497.4766898,310,11.58,323,11.1
1790616497.57633,304,11.82,324,11.06
1790616497.6754718,303,11.86,324,11.06
1790616497.775531,309,11.62,324,11.06
1790616497.8777752,300,11.98,329,10.89
1790616497.9938052,310,11.58,325,11.03
1790616498.09406,302,11.9,323,11.1
1790616498.193975,296,12.15,329,10.89
1790616498.294007,305,11.78,324,11.06
1790616498.393974,308,11.66,323,11.1
1790616498.513896,300,11.98,329,10.89
1790616498.614246,303,11.86,328,10.92
1790616498.714853,304,11.82,324,11.06
1790616498.834095,305,11.78,324,11.06
1790616498.933722,310,11.58,328,10.92
1790616499.033782,303,11.86,324,11.06
1790616499.133831,303,11.86,328,10.92
1790616499.23392,305,11.78,335,10.68
1790616499.3540092,307,11.7,324,11.06
1790616499.453797,308,11.66,323,11.1
1790616499.553854,303,11.86,325,11.03
1790616499.673682,301,11.94,328,10.92
1790616499.773775,306,11.74,323,11.1
1790616499.873615,301,11.94,313,11.46
1790616499.976907,302,11.9,300,11.98
1790616500.0740218,308,11.66,277,13.01
1790616500.1742551,305,11.78,254,14.23
1790616500.2940538,306,11.74,206,17.64
1790616500.393856,310,11.58,176,20.72
1790616500.494755,306,11.74,140,26.15
1790616500.593982,299,12.02,102,30.0
1790616500.714037,308,11.66,111,30.0
1790616500.8138409,304,11.82,199,18.27
1790616500.913842,308,11.66,117,30.0
1790616501.013896,307,11.7,32,30.0
1790616501.113958,302,11.9,56,30.0
1790616501.235476,300,11.98,56,30.0
1790616501.33526,302,11.9,50,30.0
1790616501.43578,302,11.9,49,30.0
1790616501.536664,306,11.74,49,30.0
1790616501.63618,302,11.9,62,30.0
1790616501.7538471,308,11.66,98,30.0
1790616501.853927,304,11.82,176,20.72
1790616501.95381,304,11.82,212,17.13
1790616502.053966,308,11.66,147,24.89
1790616502.175607,310,11.58,157,23.27
1790616502.274282,301,11.94,175,20.84
1790616502.3938382,304,11.82,193,18.85
1790616502.47545,305,11.78,206,17.64
1790616502.575157,302,11.9,186,19.58
1790616502.676254,303,11.86,194,18.76
1790616502.7946398,310,11.58,194,18.76
1790616502.894915,302,11.9,194,18.76
1790616502.994729,304,11.82,195,18.66
1790616503.0951018,300,11.98,194,18.76
1790616503.2157419,304,11.82,194,18.76
1790616503.314898,302,11.9,193,18.85
1790616503.4147599,299,12.02,194,18.76
1790616503.514713,305,11.78,195,18.66
1790616503.6145012,310,11.58,193,18.85
1790616503.7385569,305,11.78,194,18.76
1790616503.8352482,310,11.58,194,18.76
1790616503.936976,308,11.66,194,18.76
1790616504.034631,299,12.02,194,18.76
1790616504.159779,308,11.66,193,18.85
1790616504.255307,294,12.23,193,18.85
1790616504.354843,305,11.78,193,18.85
1790616504.454828,308,11.66,194,18.76
1790616504.5546958,308,11.66,195,18.66
1790616504.6548321,303,11.86,194,18.76
1790616504.7558022,301,11.94,194,18.76
1790616504.855764,301,11.94,194,18.76
1790616504.9557528,309,11.62,194,18.76
1790616505.075777,294,12.23,199,18.27
1790616505.17579,301,11.94,206,17.64
1790616505.2770529,302,11.9,219,16.57
1790616505.3758469,308,11.66,213,17.04
1790616505.5008059,296,12.15,226,16.04
1790616505.5991712,302,11.9,238,15.21
1790616505.6980338,304,11.82,236,15.34
1790616505.797132,306,11.74,271,13.31
1790616505.897495,303,11.86,134,27.34
1790616505.998297,307,11.7,86,30.0
1790616506.116692,299,12.02,104,30.0
1790616506.216028,300,11.98,109,30.0
1790616506.315485,302,11.9,110,30.0
1790616506.416651,306,11.74,103,30.0
1790616506.536117,308,11.66,92,30.0
1790616506.63583,307,11.7,86,30.0
1790616506.735678,304,11.82,85,30.0
1790616506.835644,307,11.7,79,30.0
1790616506.95567,305,11.78,80,30.0
1790616507.05569,298,12.06,74,30.0
1790616507.156325,308,11.66,50,30.0
1790616507.255857,307,11.7,56,30.0
1790616507.375749,304,11.82,61,30.0
1790616507.475817,304,11.82,56,30.0
1790616507.5758579,303,11.86,55,30.0
1790616507.675501,299,12.02,62,30.0
1790616507.775498,309,11.62,63,30.0
1790616507.895967,307,11.7,62,30.0
1790616507.998646,301,11.94,62,30.0
1790616508.096116,302,11.9,62,30.0
1790616508.197064,301,11.94,66,30.0
1790616508.297181,302,11.9,61,30.0
1790616508.415883,308,11.66,63,30.0
1790616508.515882,299,12.02,67,30.0
1790616508.6170418,304,11.82,62,30.0
1790616508.717054,308,11.66,54,30.0
1790616508.835677,293,12.28,62,30.0
1790616508.9357922,300,11.98,62,30.0
1790616509.0357351,297,12.11,62,30.0
1790616509.1377861,305,11.78,61,30.0
1790616509.2358139,303,11.86,63,30.0
1790616509.335329,302,11.9,62,30.0
1790616509.4589188,303,11.86,62,30.0
1790616509.558858,299,12.02,61,30.0
1790616509.6579342,309,11.62,62,30.0
1790616509.76189,305,11.78,57,30.0
1790616509.857367,311,11.54,56,30.0
1790616509.975919,302,11.9,57,30.0
1790616510.075744,301,11.94,56,30.0
1790616510.175704,304,11.82,49,30.0
1790616510.276417,298,12.06,50,30.0
1790616510.3755908,310,11.58,49,30.0
1790616510.4980202,302,11.9,56,30.0
1790616510.595327,305,11.78,49,30.0
1790616510.6973078,300,11.98,56,30.0
1790616510.795653,307,11.7,56,30.0
1790616510.896329,302,11.9,51,30.0
1790616510.99595,303,11.86,56,30.0
1790616511.096659,303,11.86,56,30.0
1790616511.2176828,308,11.66,56,30.0
1790616511.317816,305,11.78,49,30.0
1790616511.4376352,306,11.74,56,30.0
1790616511.519841,304,11.82,49,30.0
1790616511.6187892,301,11.94,56,30.0
1790616511.719676,303,11.86,50,30.0
1790616511.838995,310,11.58,62,30.0
1790616511.9390452,297,12.11,54,30.0
1790616512.038796,299,12.02,62,30.0
1790616512.138606,301,11.94,62,30.0
1790616512.2600791,307,11.7,56,30.0
1790616512.359159,307,11.7,56,30.0
1790616512.459569,305,11.78,67,30.0
1790616512.558377,307,11.7,62,30.0
1790616512.678435,299,12.02,62,30.0
1790616512.778656,301,11.94,61,30.0
1790616512.878849,301,11.94,67,30.0
1790616512.978781,306,11.74,62,30.0
1790616513.098805,306,11.74,62,30.0
1790616513.19873,305,11.78,56,30.0
1790616513.298793,310,11.58,129,28.42
1790616513.3986099,302,11.9,6,30.0
1790616513.500712,306,11.74,6,30.0
1790616513.611687,305,11.78,62,30.0
1790616513.700738,299,12.02,62,30.0
1790616513.800977,299,12.02,62,30.0
1790616513.900846,295,12.19,55,30.0
1790616514.0008261,301,11.94,62,30.0
1790616514.120833,309,11.62,62,30.0
1790616514.220719,304,11.82,66,30.0
1790616514.3208718,308,11.66,71,30.0
1790616514.421819,303,11.86,62,30.0
1790616514.52195,299,12.02,61,30.0
1790616514.64048,302,11.9,61,30.0
1790616514.741583,305,11.78,61,30.0
1790616514.8415759,311,11.54,62,30.0
1790616514.94142,307,11.7,68,30.0
1790616515.0618129,306,11.74,62,30.0
1790616515.1614468,312,11.5,61,30.0
1790616515.261491,299,12.02,62,30.0
1790616515.3625731,304,11.82,61,30.0
1790616515.456984,308,11.66,67,30.0
1790616515.5833158,302,11.9,67,30.0
1790616515.6867368,299,12.02,68,30.0
1790616515.7851572,303,11.86,68,30.0
1790616515.8850229,310,11.58,68,30.0
1790616515.986194,304,11.82,67,30.0
1790616516.088269,306,11.74,67,30.0
1790616516.20281,308,11.66,74,30.0
1790616516.302664,305,11.78,6,30.0
1790616516.40274,309,11.62,6,30.0
1790616516.502552,304,11.82,6,30.0
1790616516.6222908,297,12.11,6,30.0
1790616516.723517,301,11.94,5,30.0
1790616516.823363,298,12.06,6,30.0
1790616516.9186728,304,11.82,5,30.0
1790616517.024894,302,11.9,146,25.06
1790616517.1474931,299,12.02,73,30.0
1790616517.2458088,303,11.86,61,30.0
1790616517.3456361,307,11.7,74,30.0
1790616517.447823,309,11.62,80,30.0
1790616517.5471182,295,12.19,86,30.0
1790616517.6623309,296,12.15,73,30.0
1790616517.765683,310,11.58,66,30.0
1790616517.86448,307,11.7,62,30.0
1790616517.964596,307,11.7,73,30.0
1790616518.065761,304,11.82,80,30.0
1790616518.18397,304,11.82,205,17.73
1790616518.284677,309,11.62,6,30.0
1790616518.386123,305,11.78,6,30.0
1790616518.482694,309,11.62,6,30.0
1790616518.584536,302,11.9,5,30.0
1790616518.702555,306,11.74,140,26.15
1790616518.8049479,304,11.82,92,30.0
1790616518.903975,307,11.7,80,30.0
1790616519.0038111,309,11.62,85,30.0
1790616519.1039228,301,11.94,79,30.0
1790616519.203742,299,12.02,80,30.0
1790616519.32369,302,11.9,79,30.0
1790616519.425954,296,12.15,80,30.0
1790616519.523585,307,11.7,98,30.0
1790616519.623608,304,11.82,122,30.0
1790616519.747736,305,11.78,43,30.0
1790616519.846071,307,11.7,61,30.0
1790616519.943927,299,12.02,123,30.0
1790616520.047578,302,11.9,134,27.34
1790616520.146485,303,11.86,141,25.96
1790616520.245822,303,11.86,140,26.15
1790616520.363588,307,11.7,79,30.0
1790616520.4647958,305,11.78,97,30.0
1790616520.566066,303,11.86,139,26.34
1790616520.666421,295,12.19,220,16.49
1790616520.7864242,301,11.94,159,22.98
1790616520.885089,304,11.82,44,30.0
1790616520.9840891,302,11.9,32,30.0
1790616521.085862,302,11.9,38,30.0
1790616521.2064629,300,11.98,49,30.0
1790616521.284402,304,11.82,55,30.0
1790616521.409257,300,11.98,55,30.0
1790616521.5064662,305,11.78,62,30.0
1790616521.610063,301,11.94,63,30.0
1790616521.707189,305,11.78,62,30.0
1790616521.808809,306,11.74,62,30.0
1790616521.908596,302,11.9,67,30.0
1790616522.008257,305,11.78,67,30.0
1790616522.123571,304,11.82,67,30.0
1790616522.22369,310,11.58,61,30.0
1790616522.320796,295,12.19,62,30.0
1790616522.4261901,299,12.02,68,30.0
1790616522.547581,305,11.78,68,30.0
1790616522.6446111,298,12.06,69,30.0
1790616522.743762,301,11.94,68,30.0
1790616522.844693,305,11.78,62,30.0
1790616522.966038,303,11.86,55,30.0
1790616523.06864,309,11.62,51,30.0
1790616523.164363,310,11.58,38,30.0
1790616523.269404,300,11.98,37,30.0
1790616523.363703,305,11.78,26,30.0
1790616523.463456,306,11.74,26,30.0
1790616523.583524,306,11.74,268,13.46
1790616523.6835961,304,11.82,295,12.19
1790616523.783325,307,11.7,302,11.9
1790616523.8834612,310,11.58,300,11.98
1790616523.983568,303,11.86,306,11.74
1790616524.1073558,306,11.74,312,11.5
1790616524.208155,306,11.74,312,11.5
1790616524.306643,297,12.11,317,11.32
1790616524.408246,306,11.74,319,11.24
1790616524.5064352,305,11.78,324,11.06
1790616524.603439,304,11.82,318,11.28
1790616524.723968,307,11.7,317,11.32
1790616524.843311,304,11.82,318,11.28
1790616524.923316,301,11.94,311,11.54
1790616525.0434098,307,11.7,312,11.5
1790616525.143342,301,11.94,307,11.7
1790616525.245373,307,11.7,306,11.74
1790616525.344063,306,11.74,307,11.7
1790616525.444749,313,11.46,300,11.98
1790616525.544673,304,11.82,306,11.74
1790616525.666385,305,11.78,300,11.98
1790616525.768033,303,11.86,295,12.19
1790616525.866166,306,11.74,219,16.57
1790616525.9683142,303,11.86,9,30.0
1790616526.066581,306,11.74,32,30.0
1790616526.167637,302,11.9,25,30.0
1790616526.2835672,298,12.06,25,30.0
1790616526.383631,307,11.7,42,30.0
1790616526.4833238,303,11.86,44,30.0
1790616526.583593,303,11.86,54,30.0
1790616526.684562,305,11.78,56,30.0
1790616526.8044028,298,12.06,56,30.0
1790616526.904049,299,12.02,63,30.0
1790616527.00474,304,11.82,66,30.0
1790616527.1057742,300,11.98,68,30.0
1790616527.206275,304,11.82,74,30.0
1790616527.325699,302,11.9,79,30.0
1790616527.425605,300,11.98,79,30.0
1790616527.5236511,301,11.94,85,30.0
1790616527.6234272,308,11.66,79,30.0
1790616527.743629,302,11.9,79,30.0
1790616527.8434188,304,11.82,80,30.0
1790616527.94633,305,11.78,79,30.0
1790616528.043643,302,11.9,79,30.0
1790616528.143573,303,11.86,80,30.0
1790616528.272161,306,11.74,80,30.0
1790616528.365744,306,11.74,79,30.0
1790616528.46648,302,11.9,80,30.0
1790616528.565456,304,11.82,75,30.0
1790616528.669373,305,11.78,62,30.0
1790616528.785713,307,11.7,61,30.0
1790616528.8837729,308,11.66,61,30.0
1790616528.9855711,301,11.94,43,30.0
1790616529.083659,303,11.86,37,30.0
1790616529.183466,306,11.74,20,30.0
1790616529.329143,307,11.7,7,30.0
1790616529.403418,308,11.66,271,13.31
1790616529.50546,309,11.62,302,11.9
1790616529.6046212,305,11.78,306,11.74
1790616529.7041469,303,11.86,306,11.74
1790616529.8265312,303,11.86,312,11.5
1790616529.926274,302,11.9,319,11.24
1790616530.0275252,302,11.9,324,11.06
1790616530.126882,308,11.66,323,11.1
1790616530.227044,307,11.7,324,11.06
1790616530.326508,307,11.7,323,11.1
1790616530.44341,305,11.78,324,11.06
1790616530.5436559,306,11.74,323,11.1
1790616530.643391,302,11.9,318,11.28
1790616530.7432902,304,11.82,325,11.03
1790616530.865212,306,11.74,317,11.32
1790616530.963614,308,11.66,318,11.28
1790616531.065072,304,11.82,318,11.28
1790616531.1637912,305,11.78,317,11.32
1790616531.283821,310,11.58,316,11.35
1790616531.386042,309,11.62,318,11.28
1790616531.483424,309,11.62,317,11.32
1790616531.5835881,304,11.82,317,11.32
1790616531.685546,308,11.66,319,11.24
1790616531.803484,311,11.54,318,11.28
1790616531.903339,303,11.86,319,11.24
1790616532.003655,303,11.86,318,11.28
1790616532.10527,305,11.78,318,11.28
1790616532.226906,302,11.9,317,11.32
1790616532.3254,304,11.82,312,11.5
1790616532.426551,298,12.06,311,11.54
1790616532.523704,302,11.9,301,11.94
1790616532.6244621,304,11.82,295,12.19
1790616532.745646,305,11.78,265,13.62
1790616532.844058,308,11.66,242,14.95
1790616532.943501,307,11.7,213,17.04
1790616533.045815,301,11.94,135,27.14
1790616533.143528,307,11.7,188,19.37
1790616533.243554,293,12.28,248,14.58
1790616533.36527,306,11.74,193,18.85
1790616533.463626,299,12.02,194,18.76
1790616533.56528,303,11.86,210,17.29
1790616533.6642802,300,11.98,219,16.57
1790616533.7653959,304,11.82,225,16.11
1790616533.88665,305,11.78,225,16.11
1790616533.98628,304,11.82,231,15.68
1790616534.085993,311,11.54,237,15.28
1790616534.1858912,303,11.86,237,15.28
1790616534.3055649,298,12.06,237,15.28
1790616534.405482,295,12.19,236,15.34
1790616534.503296,309,11.62,237,15.28
1790616534.603429,306,11.74,243,14.89
1790616534.703512,305,11.78,242,14.95
1790616534.825695,300,11.98,242,14.95
1790616534.923409,304,11.82,242,14.95
1790616535.025064,302,11.9,242,14.95
1790616535.128285,298,12.06,242,14.95
1790616535.243218,303,11.86,247,14.64
1790616535.34339,308,11.66,242,14.95
1790616535.4434361,304,11.82,242,14.95
1790616535.543376,306,11.74,242,14.95
1790616535.64325,308,11.66,242,14.95
1790616535.765295,310,11.58,242,14.95
1790616535.8642602,309,11.62,253,14.28
1790616535.96543,302,11.9,260,13.89
1790616536.065082,304,11.82,266,13.56
1790616536.164602,301,11.94,271,13.31
1790616536.2846541,304,11.82,277,13.01
1790616536.387585,307,11.7,277,13.01
1790616536.4879448,302,11.9,289,12.45
1790616536.585061,302,11.9,296,12.15
1790616536.684782,301,11.94,307,11.7
1790616536.8045702,300,11.98,346,10.33
1790616536.904135,300,11.98,123,30.0
1790616537.0042958,308,11.66,62,30.0
1790616537.104866,308,11.66,50,30.0
1790616537.205889,304,11.82,50,30.0
1790616537.304367,311,11.54,50,30.0
1790616537.4253628,305,11.78,50,30.0
1790616537.525481,304,11.82,55,30.0
1790616537.625581,304,11.82,50,30.0
1790616537.725211,297,12.11,55,30.0
1790616537.847187,309,11.62,56,30.0
1790616537.9474392,300,11.98,55,30.0
1790616538.047355,308,11.66,50,30.0
1790616538.147043,309,11.62,55,30.0
1790616538.2905338,298,12.06,49,30.0
1790616538.364504,302,11.9,55,30.0
1790616538.4652128,305,11.78,49,30.0
1790616538.564358,297,12.11,49,30.0
1790616538.687041,307,11.7,57,30.0
1790616538.768783,298,12.06,49,30.0
1790616538.885685,303,11.86,57,30.0
1790616538.985374,310,11.58,50,30.0
1790616539.0870998,309,11.62,50,30.0
1790616539.187279,307,11.7,50,30.0
1790616539.2875378,301,11.94,57,30.0
1790616539.4060822,298,12.06,55,30.0
1790616539.504313,300,11.98,50,30.0
1790616539.604367,309,11.62,49,30.0
1790616539.704472,303,11.86,50,30.0
1790616539.824977,299,12.02,57,30.0
1790616539.924809,307,11.7,61,30.0
1790616540.02434,299,12.02,109,30.0
1790616540.124213,301,11.94,181,20.13
1790616540.246819,306,11.74,158,23.12
1790616540.346352,307,11.7,128,28.64
1790616540.444324,307,11.7,110,30.0
1790616540.544481,310,11.58,135,27.14
1790616540.644992,304,11.82,231,15.68
1790616540.748439,305,11.78,206,17.64
1790616540.864897,309,11.62,38,30.0
1790616540.965222,307,11.7,26,30.0
1790616541.065546,298,12.06,43,30.0
1790616541.1650891,303,11.86,50,30.0
1790616541.28429,305,11.78,50,30.0
1790616541.3850071,307,11.7,105,30.0
1790616541.486316,304,11.82,109,30.0
1790616541.5843468,304,11.82,80,30.0
1790616541.684489,307,11.7,98,30.0
1790616541.8094761,305,11.78,97,30.0
1790616541.904317,307,11.7,49,30.0
1790616542.0045629,307,11.7,50,30.0
1790616542.107883,305,11.78,55,30.0
1790616542.224266,310,11.58,49,30.0
1790616542.32436,309,11.62,50,30.0
1790616542.4258509,307,11.7,56,30.0
1790616542.5243452,312,11.5,56,30.0
1790616542.6243541,306,11.74,55,30.0
1790616542.748286,310,11.58,50,30.0
1790616542.845622,298,12.06,54,30.0
1790616542.944948,300,11.98,50,30.0
1790616543.0462239,311,11.54,56,30.0
1790616543.1644301,307,11.7,49,30.0
1790616543.265415,306,11.74,50,30.0
1790616543.365868,302,11.9,50,30.0
1790616543.4662552,300,11.98,44,30.0
1790616543.5657291,301,11.94,44,30.0
1790616543.684227,305,11.78,48,30.0
1790616543.784294,307,11.7,6,30.0
1790616543.884335,302,11.9,306,11.74
1790616543.984946,309,11.62,330,10.85
1790616544.08447,301,11.94,399,8.9
1790616544.20719,299,12.02,381,9.34
1790616544.309485,298,12.06,205,17.73
1790616544.408641,310,11.58,140,26.15
1790616544.508694,302,11.9,104,30.0
1790616544.6243808,303,11.86,122,30.0
1790616544.7249541,298,12.06,98,30.0
1790616544.824998,303,11.86,128,28.64
1790616544.9246469,309,11.62,103,30.0
1790616545.02433,302,11.9,122,30.0
1790616545.124387,308,11.66,109,30.0
1790616545.244342,303,11.86,98,30.0
1790616545.344264,305,11.78,110,30.0
1790616545.444185,305,11.78,116,30.0
1790616545.544186,309,11.62,97,30.0
1790616545.6644568,303,11.86,91,30.0
1790616545.7723498,306,11.74,98,30.0
1790616545.864578,305,11.78,98,30.0
1790616545.96432,307,11.7,104,30.0
1790616546.0651221,305,11.78,91,30.0
1790616546.164775,305,11.78,103,30.0
1790616546.2682612,308,11.66,110,30.0
1790616546.3844428,304,11.82,114,30.0
1790616546.484363,306,11.74,110,30.0
1790616546.5843682,306,11.74,104,30.0
1790616546.684601,308,11.66,104,30.0
1790616546.784255,306,11.74,110,30.0
1790616546.907593,306,11.74,92,30.0
1790616547.0076642,311,11.54,103,30.0
1790616547.108234,304,11.82,104,30.0
1790616547.2069561,310,11.58,134,27.34
1790616547.3240478,297,12.11,111,30.0
1790616547.424831,304,11.82,97,30.0
1790616547.5245,309,11.62,92,30.0
1790616547.6242628,311,11.54,110,30.0
1790616547.724208,305,11.78,103,30.0
1790616547.8448582,303,11.86,103,30.0
1790616547.9444668,308,11.66,104,30.0
1790616548.044279,301,11.94,116,30.0
1790616548.166794,306,11.74,98,30.0
1790616548.265735,305,11.78,117,30.0
1790616548.366366,304,11.82,110,30.0
1790616548.4669461,304,11.82,98,30.0
1790616548.5662808,301,11.94,116,30.0
1790616548.667843,310,11.58,99,30.0
1790616548.785294,306,11.74,104,30.0
1790616548.8843799,304,11.82,98,30.0
1790616548.986376,294,12.23,103,30.0
1790616549.084289,306,11.74,103,30.0
1790616549.206382,304,11.82,98,30.0
1790616549.3246279,300,11.98,110,30.0
1790616549.4042912,306,11.74,103,30.0
1790616549.529036,302,11.9,97,30.0
1790616549.6250508,309,11.62,115,30.0
1790616549.724289,310,11.58,98,30.0
1790616549.824299,302,11.9,97,30.0
1790616549.92418,301,11.94,92,30.0
1790616550.024405,307,11.7,104,30.0
1790616550.144834,301,11.94,56,30.0
1790616550.2440698,304,11.82,12,30.0
1790616550.3441799,305,11.78,81,30.0
1790616550.44443,302,11.9,7,30.0
1790616550.5442612,310,11.58,7,30.0
1790616550.664184,304,11.82,140,26.15
1790616550.767089,306,11.74,89,30.0
1790616550.8650491,307,11.7,50,30.0
1790616550.964552,306,11.74,109,30.0
1790616551.0678132,310,11.58,80,30.0
1790616551.167865,303,11.86,110,30.0
1790616551.2853298,303,11.86,92,30.0
1790616551.38412,297,12.11,78,30.0
1790616551.484869,304,11.82,116,30.0
1790616551.584217,303,11.86,97,30.0
1790616551.704441,310,11.58,104,30.0
1790616551.825401,307,11.7,110,30.0
1790616551.904421,306,11.74,104,30.0
1790616552.004926,308,11.66,128,28.64
1790616552.104172,302,11.9,187,19.47
1790616552.2039528,302,11.9,152,24.05
1790616552.326452,305,11.78,151,24.22
1790616552.425388,310,11.58,170,21.46
1790616552.526716,309,11.62,181,20.13
1790616552.626111,301,11.94,194,18.76
1790616552.744087,308,11.66,135,27.14
1790616552.825686,304,11.82,6,30.0
1790616552.94495,300,11.98,55,30.0
1790616553.044221,305,11.78,61,30.0
1790616553.1440551,307,11.7,62,30.0
1790616553.2438788,308,11.66,38,30.0
1790616553.3646889,300,11.98,110,30.0
1790616553.465224,296,12.15,135,27.14
1790616553.565074,302,11.9,103,30.0
1790616553.664177,308,11.66,92,30.0
1790616553.765273,300,11.98,74,30.0
1790616553.8843489,300,11.98,93,30.0
1790616553.992018,305,11.78,91,30.0
1790616554.085276,304,11.82,80,30.0
1790616554.184862,309,11.62,85,30.0
1790616554.284152,308,11.66,86,30.0
1790616554.384327,311,11.54,98,30.0
1790616554.504152,308,11.66,92,30.0
1790616554.604147,306,11.74,87,30.0
1790616554.703913,306,11.74,86,30.0
1790616554.804184,306,11.74,85,30.0
1790616554.904244,312,11.5,92,30.0
1790616555.02744,303,11.86,91,30.0
1790616555.12653,304,11.82,73,30.0
1790616555.226783,299,12.02,98,30.0
1790616555.3269958,298,12.06,92,30.0
1790616555.426075,301,11.94,89,30.0
1790616555.545661,307,11.7,92,30.0
1790616555.644625,307,11.7,91,30.0
1790616555.744477,299,12.02,86,30.0
1790616555.845941,307,11.7,91,30.0
1790616555.964256,310,11.58,80,30.0
1790616556.064393,306,11.74,67,30.0
1790616556.164916,303,11.86,44,30.0
1790616556.285116,302,11.9,461,7.65
1790616556.385964,309,11.62,524,6.68
1790616556.485736,307,11.7,490,7.17
1790616556.585918,308,11.66,410,8.65
1790616556.686097,310,11.58,335,10.68
1790616556.804651,311,11.54,296,12.15
1790616556.9042041,296,12.15,289,12.45
1790616557.0047271,311,11.54,301,11.94
1790616557.104814,310,11.58,306,11.74
1790616557.204345,305,11.78,312,11.5
1790616557.3266618,305,11.78,312,11.5
1790616557.4242308,305,11.78,312,11.5
1790616557.523961,307,11.7,312,11.5
1790616557.623957,306,11.74,318,11.28
1790616557.724106,307,11.7,318,11.28
1790616557.824544,306,11.74,318,11.28
1790616557.944252,309,11.62,324,11.06
1790616558.044262,304,11.82,324,11.06
1790616558.1445398,307,11.7,324,11.06
1790616558.245164,306,11.74,324,11.06
1790616558.344177,303,11.86,323,11.1
1790616558.465525,298,12.06,324,11.06
1790616558.565086,302,11.9,323,11.1
1790616558.6641762,309,11.62,324,11.06
1790616558.7651021,305,11.78,324,11.06
1790616558.8646069,305,11.78,324,11.06
1790616558.985163,308,11.66,325,11.03
1790616559.0844102,303,11.86,323,11.1
1790616559.188024,307,11.7,323,11.1
1790616559.285165,303,11.86,328,10.92
1790616559.4041831,307,11.7,324,11.06
1790616559.504766,306,11.74,324,11.06
1790616559.604727,302,11.9,324,11.06
1790616559.704628,306,11.74,324,11.06
1790616559.824785,308,11.66,325,11.03
1790616559.9251552,297,12.11,323,11.1
1790616560.027195,309,11.62,324,11.06
1790616560.125034,303,11.86,323,11.1
1790616560.22543,309,11.62,323,11.1
1790616560.322977,306,11.74,323,11.1
1790616560.4468741,304,11.82,324,11.06
1790616560.546644,301,11.94,324,11.06
1790616560.645623,304,11.82,324,11.06
1790616560.745601,306,11.74,324,11.06
1790616560.84591,312,11.5,323,11.1
1790616560.965425,300,11.98,324,11.06
1790616561.064137,306,11.74,329,10.89
1790616561.164574,297,12.11,324,11.06
1790616561.264534,304,11.82,329,10.89
1790616561.364146,298,12.06,324,11.06
1790616561.463974,306,11.74,324,11.06
1790616561.564646,293,12.28,324,11.06
1790616561.664448,297,12.11,324,11.06
1790616561.764436,302,11.9,323,11.1
1790616561.8847191,308,11.66,323,11.1
1790616561.9849842,307,11.7,324,11.06
1790616562.084811,297,12.11,324,11.06
1790616562.184654,306,11.74,325,11.03
1790616562.284541,299,12.02,324,11.06
1790616562.384727,296,12.15,324,11.06
1790616562.5040572,308,11.66,324,11.06
1790616562.604602,302,11.9,325,11.03
1790616562.704509,308,11.66,322,11.13
1790616562.804089,307,11.7,324,11.06
1790616562.9259672,303,11.86,328,10.92
1790616563.02527,312,11.5,323,11.1
1790616563.125438,307,11.7,325,11.03
1790616563.2267368,300,11.98,324,11.06
1790616563.324713,310,11.58,324,11.06
1790616563.447862,304,11.82,324,11.06
1790616563.546654,300,11.98,323,11.1
1790616563.646755,310,11.58,324,11.06
1790616563.748737,302,11.9,323,11.1
1790616563.864036,309,11.62,324,11.06
1790616563.963861,296,12.15,323,11.1
1790616564.065553,302,11.9,324,11.06
1790616564.165239,305,11.78,324,11.06
1790616564.286479,297,12.11,323,11.1
1790616564.385078,305,11.78,324,11.06
1790616564.485258,306,11.74,324,11.06
1790616564.584609,303,11.86,323,11.1
1790616564.707284,312,11.5,323,11.1
1790616564.80653,302,11.9,324,11.06
1790616564.90695,299,12.02,324,11.06
1790616565.006746,300,11.98,323,11.1
1790616565.1069891,303,11.86,323,11.1
1790616565.2479842,306,11.74,324,11.06
1790616565.324337,304,11.82,328,10.92
1790616565.424088,301,11.94,329,10.89
1790616565.524158,301,11.94,323,11.1
1790616565.648061,305,11.78,324,11.06
1790616565.74438,302,11.9,324,11.06
1790616565.845346,304,11.82,323,11.1
1790616565.9439511,310,11.58,324,11.06
1790616566.0447948,304,11.82,329,10.89
1790616566.1642072,301,11.94,324,11.06
1790616566.2644842,301,11.94,324,11.06
1790616566.364125,304,11.82,328,10.92
1790616566.4640691,303,11.86,341,10.49
1790616566.564209,302,11.9,347,10.3
1790616566.6648362,303,11.86,352,10.15
1790616566.783981,304,11.82,358,9.97
1790616566.884118,303,11.86,351,10.18
1790616566.983999,298,12.06,364,9.8
1790616567.084532,297,12.11,294,12.23
1790616567.1841762,305,11.78,277,13.01
1790616567.28367,306,11.74,306,11.74
1790616567.384398,309,11.62,352,10.15
1790616567.50621,303,11.86,301,11.94
1790616567.605888,306,11.74,289,12.45
1790616567.724034,307,11.7,289,12.45
1790616567.8243752,305,11.78,296,12.15
1790616567.924541,309,11.62,296,12.15
1790616568.025467,306,11.74,301,11.94
1790616568.124366,305,11.78,301,11.94
1790616568.2239501,313,11.46,301,11.94
1790616568.344289,303,11.86,301,11.94
1790616568.444119,306,11.74,300,11.98
1790616568.544116,303,11.86,300,11.98
1790616568.645186,311,11.54,306,11.74
1790616568.745013,308,11.66,306,11.74
1790616568.864118,307,11.7,306,11.74
1790616568.964735,307,11.7,305,11.78
1790616569.0674481,312,11.5,308,11.66
1790616569.1661398,307,11.7,306,11.74
1790616569.268119,311,11.54,307,11.7
1790616569.384425,306,11.74,307,11.7
1790616569.484494,307,11.7,306,11.74
1790616569.584479,299,12.02,309,11.62
1790616569.687042,309,11.62,306,11.74
1790616569.7845619,298,12.06,306,11.74
1790616569.904983,310,11.58,306,11.74
1790616570.004382,308,11.66,307,11.7
1790616570.1051462,306,11.74,306,11.74
1790616570.2061608,312,11.5,307,11.7
1790616570.324097,307,11.7,306,11.74
1790616570.424682,305,11.78,305,11.78
1790616570.523964,306,11.74,305,11.78
1790616570.624446,299,12.02,306,11.74
1790616570.723905,310,11.58,306,11.74
1790616570.824509,305,11.78,307,11.7
1790616570.923987,301,11.94,311,11.54
1790616571.045001,305,11.78,307,11.7
1790616571.144577,307,11.7,307,11.7
1790616571.244722,307,11.7,305,11.78
1790616571.344197,309,11.62,306,11.74
1790616571.444737,306,11.74,306,11.74
1790616571.544157,299,12.02,306,11.74
1790616571.6437938,311,11.54,311,11.54
1790616571.769183,299,12.02,312,11.5
1790616571.8667278,305,11.78,312,11.5
1790616571.984709,311,11.54,312,11.5
1790616572.0655758,299,12.02,306,11.74
1790616572.184583,305,11.78,306,11.74
1790616572.283971,306,11.74,306,11.74
1790616572.384289,302,11.9,306,11.74
1790616572.484546,304,11.82,307,11.7
1790616572.584197,298,12.06,311,11.54
1790616572.704803,306,11.74,306,11.74
1790616572.8047318,304,11.82,306,11.74
1790616572.904518,308,11.66,306,11.74
1790616573.005058,307,11.7,306,11.74
1790616573.124148,304,11.82,307,11.7
1790616573.21311,313,11.46,311,11.54
1790616573.327683,309,11.62,306,11.74
1790616573.424762,305,11.78,306,11.74
1790616573.527195,302,11.9,306,11.74
1790616573.644137,310,11.58,307,11.7
1790616573.744385,308,11.66,308,11.66
1790616573.844355,303,11.86,306,11.74
1790616573.9439528,306,11.74,306,11.74
1790616574.065042,311,11.54,306,11.74
1790616574.184112,303,11.86,307,11.7
1790616574.2661152,310,11.58,311,11.54
1790616574.364043,304,11.82,307,11.7
1790616574.4641962,297,12.11,307,11.7
1790616574.584502,296,12.15,307,11.7
1790616574.6839921,307,11.7,306,11.74
1790616574.784021,297,12.11,306,11.74
1790616574.88406,303,11.86,305,11.78
1790616575.004274,303,11.86,312,11.5
1790616575.104403,303,11.86,307,11.7
1790616575.204472,306,11.74,306,11.74
1790616575.3039439,303,11.86,307,11.7
1790616575.4038332,309,11.62,307,11.7
1790616575.5047019,302,11.9,306,11.74
1790616575.6259232,302,11.9,306,11.74
1790616575.7284758,305,11.78,307,11.7
1790616575.826081,302,11.9,306,11.74
1790616575.925527,310,11.58,306,11.74
1790616576.027116,310,11.58,306,11.74
1790616576.144484,302,11.9,307,11.7
1790616576.2437792,306,11.74,306,11.74
1790616576.344324,304,11.82,307,11.7
1790616576.463892,303,11.86,306,11.74
1790616576.5638552,305,11.78,306,11.74
1790616576.665707,305,11.78,306,11.74
1790616576.768949,310,11.58,305,11.78
1790616576.864177,305,11.78,306,11.74
1790616576.9640489,308,11.66,312,11.5
1790616577.084123,300,11.98,317,11.32
1790616577.184862,306,11.74,324,11.06
1790616577.284404,304,11.82,337,10.62
1790616577.389323,306,11.74,347,10.3
1790616577.50451,309,11.62,352,10.15
1790616577.604258,303,11.86,358,9.97
1790616577.704457,311,11.54,363,9.83
1790616577.8241541,302,11.9,370,9.63
1790616577.924814,301,11.94,370,9.63
1790616578.0261068,302,11.9,388,9.17
1790616578.1248698,308,11.66,278,12.96
1790616578.224191,305,11.78,182,20.02
1790616578.324488,294,12.23,134,27.34
1790616578.444212,309,11.62,103,30.0
1790616578.5449522,298,12.06,92,30.0
1790616578.647338,310,11.58,85,30.0
1790616578.745022,306,11.74,93,30.0
1790616578.865008,302,11.9,86,30.0
1790616578.964726,302,11.9,79,30.0
1790616579.064867,304,11.82,86,30.0
1790616579.164927,308,11.66,79,30.0
1790616579.2887812,298,12.06,79,30.0
1790616579.3877702,310,11.58,80,30.0
1790616579.488853,308,11.66,79,30.0
1790616579.589632,305,11.78,80,30.0
1790616579.6878989,306,11.74,79,30.0
1790616579.7881541,299,12.02,81,30.0
1790616579.904963,310,11.58,86,30.0
1790616580.004927,313,11.46,84,30.0
1790616580.105176,300,11.98,84,30.0
1790616580.205065,310,11.58,92,30.0
1790616580.324775,304,11.82,68,30.0
1790616580.405161,303,11.86,74,30.0
1790616580.5061572,305,11.78,85,30.0
1790616580.6249862,301,11.94,80,30.0
1790616580.724959,301,11.94,79,30.0
1790616580.824939,304,11.82,74,30.0
1790616580.944921,300,11.98,79,30.0
1790616581.0246952,305,11.78,92,30.0
1790616581.1449,307,11.7,79,30.0
1790616581.244858,305,11.78,80,30.0
1790616581.34493,305,11.78,73,30.0
1790616581.444741,307,11.7,80,30.0
1790616581.544823,315,11.39,80,30.0
1790616581.665447,300,11.98,74,30.0
1790616581.76525,308,11.66,80,30.0
1790616581.864764,309,11.62,79,30.0
1790616581.96473,301,11.94,80,30.0
1790616582.0648808,302,11.9,85,30.0
1790616582.1846862,306,11.74,86,30.0
1790616582.2847319,307,11.7,84,30.0
1790616582.384784,301,11.94,86,30.0
1790616582.485409,307,11.7,80,30.0
1790616582.5874581,305,11.78,74,30.0
1790616582.704534,307,11.7,74,30.0
1790616582.804626,304,11.82,79,30.0
1790616582.905608,308,11.66,86,30.0
1790616583.006422,301,11.94,80,30.0
1790616583.105788,303,11.86,79,30.0
1790616583.226281,299,12.02,80,30.0
1790616583.325921,309,11.62,80,30.0
1790616583.427766,304,11.82,79,30.0
1790616583.525248,305,11.78,73,30.0
1790616583.626003,306,11.74,79,30.0
1790616583.747961,308,11.66,80,30.0
1790616583.848445,309,11.62,74,30.0
1790616583.945823,308,11.66,82,30.0
1790616584.0458019,296,12.15,68,30.0
1790616584.147667,304,11.82,68,30.0
1790616584.248368,303,11.86,85,30.0
1790616584.365813,302,11.9,86,30.0
1790616584.465748,304,11.82,79,30.0
1790616584.5659132,313,11.46,67,30.0
1790616584.6658912,308,11.66,79,30.0
1790616584.768506,300,11.98,84,30.0
1790616584.865844,300,11.98,79,30.0
1790616584.965775,312,11.5,80,30.0
1790616585.0857751,309,11.62,80,30.0
1790616585.1888902,306,11.74,85,30.0
1790616585.285923,309,11.62,67,30.0
1790616585.427226,304,11.82,90,30.0
1790616585.4873002,309,11.62,79,30.0
1790616585.608151,304,11.82,73,30.0
1790616585.7068841,304,11.82,79,30.0
1790616585.80579,304,11.82,92,30.0
1790616585.907157,305,11.78,86,30.0
1790616586.005989,299,12.02,74,30.0
1790616586.125792,303,11.86,80,30.0
1790616586.2257931,307,11.7,80,30.0
1790616586.325844,304,11.82,86,30.0
1790616586.425854,306,11.74,74,30.0
1790616586.526984,301,11.94,86,30.0
1790616586.646125,307,11.7,80,30.0
1790616586.7479858,303,11.86,86,30.0
1790616586.846206,306,11.74,85,30.0
1790616586.946392,298,12.06,80,30.0
1790616587.046089,304,11.82,103,30.0
1790616587.165817,312,11.5,86,30.0
1790616587.2659929,306,11.74,79,30.0
1790616587.3657758,310,11.58,91,30.0
1790616587.465558,302,11.9,80,30.0
1790616587.565589,301,11.94,86,30.0
1790616587.686222,310,11.58,44,30.0
1790616587.785761,307,11.7,6,30.0
1790616587.885754,311,11.54,5,30.0
1790616587.985548,303,11.86,56,30.0
1790616588.0855098,306,11.74,56,30.0
1790616588.1856651,296,12.15,6,30.0
1790616588.2856839,302,11.9,68,30.0
1790616588.3855271,301,11.94,61,30.0
1790616588.4860108,305,11.78,61,30.0
1790616588.605891,304,11.82,5,30.0
1790616588.705944,304,11.82,6,30.0
1790616588.808927,306,11.74,68,30.0
1790616588.906667,301,11.94,122,30.0
1790616589.026288,305,11.78,85,30.0
1790616589.1257658,299,12.02,86,30.0
1790616589.225712,312,11.5,96,30.0
1790616589.325873,307,11.7,92,30.0
1790616589.4464269,306,11.74,6,30.0
1790616589.545655,301,11.94,86,30.0
1790616589.645867,306,11.74,5,30.0
1790616589.7465658,300,11.98,6,30.0
1790616589.8482292,301,11.94,6,30.0
1790616589.9678552,299,12.02,73,30.0
1790616590.065734,308,11.66,6,30.0
1790616590.1661649,309,11.62,51,30.0
1790616590.2676759,309,11.62,6,30.0
1790616590.365706,308,11.66,15,30.0
1790616590.485706,309,11.62,44,30.0
1790616590.585709,304,11.82,123,30.0
1790616590.685751,303,11.86,86,30.0
1790616590.785635,305,11.78,68,30.0
1790616590.8856242,307,11.7,175,20.84
1790616590.985742,309,11.62,92,30.0
1790616591.105566,306,11.74,67,30.0
1790616591.206038,308,11.66,80,30.0
1790616591.3062232,306,11.74,80,30.0
1790616591.406623,305,11.78,87,30.0
1790616591.526162,307,11.7,68,30.0
1790616591.6260102,305,11.78,85,30.0
1790616591.726444,301,11.94,86,30.0
1790616591.8254988,305,11.78,84,30.0
1790616591.945623,299,12.02,74,30.0
1790616592.045703,303,11.86,74,30.0
1790616592.146118,302,11.9,89,30.0
1790616592.2456572,302,11.9,79,30.0
1790616592.3457751,308,11.66,84,30.0
1790616592.4457679,304,11.82,79,30.0
1790616592.5672839,300,11.98,86,30.0
1790616592.6658392,308,11.66,74,30.0
1790616592.769723,305,11.78,85,30.0
1790616592.8658051,295,12.19,74,30.0
1790616592.966944,307,11.7,68,30.0
1790616593.0679529,300,11.98,86,30.0
1790616593.185854,308,11.66,86,30.0
1790616593.285971,309,11.62,86,30.0
1790616593.3861172,308,11.66,86,30.0
1790616593.485621,308,11.66,67,30.0
1790616593.605579,309,11.62,79,30.0
1790616593.7066119,304,11.82,86,30.0
1790616593.805881,303,11.86,80,30.0
1790616593.905814,308,11.66,79,30.0
1790616594.006549,312,11.5,80,30.0
1790616594.106515,299,12.02,79,30.0
1790616594.2058408,302,11.9,91,30.0
1790616594.3251672,312,11.5,99,30.0
1790616594.425617,310,11.58,86,30.0
1790616594.52882,308,11.66,86,30.0
1790616594.6287282,307,11.7,85,30.0
1790616594.728153,309,11.62,92,30.0
1790616594.8454762,307,11.7,80,30.0
1790616594.945817,299,12.02,80,30.0
1790616595.045804,306,11.74,73,30.0
1790616595.14588,310,11.58,79,30.0
1790616595.2454789,305,11.78,73,30.0
1790616595.345525,305,11.78,73,30.0
1790616595.465962,306,11.74,80,30.0
1790616595.568355,303,11.86,69,30.0
1790616595.6669571,308,11.66,74,30.0
1790616595.767325,303,11.86,80,30.0
1790616595.8857238,307,11.7,74,30.0
1790616595.985526,299,12.02,79,30.0
1790616596.085689,307,11.7,67,30.0
1790616596.185517,299,12.02,93,30.0
1790616596.305588,304,11.82,85,30.0
1790616596.4056919,304,11.82,86,30.0
1790616596.505482,306,11.74,73,30.0
1790616596.619745,306,11.74,74,30.0
1790616596.728469,307,11.7,86,30.0
1790616596.827661,316,11.35,79,30.0
1790616596.928362,307,11.7,80,30.0
1790616597.0301619,305,11.78,12,30.0
1790616597.145566,305,11.78,80,30.0
1790616597.245673,308,11.66,73,30.0
1790616597.345601,304,11.82,86,30.0
1790616597.4455411,303,11.86,85,30.0
1790616597.565522,309,11.62,67,30.0
1790616597.6657238,308,11.66,92,30.0
1790616597.772554,310,11.58,123,30.0
1790616597.865917,305,11.78,6,30.0
1790616597.966111,309,11.62,37,30.0
1790616598.065608,302,11.9,61,30.0
1790616598.1858912,309,11.62,38,30.0
1790616598.2859452,302,11.9,6,30.0
1790616598.385668,303,11.86,86,30.0
1790616598.485787,307,11.7,79,30.0
1790616598.585984,307,11.7,86,30.0
1790616598.690625,307,11.7,103,30.0
1790616598.805687,308,11.66,91,30.0
1790616598.905681,308,11.66,74,30.0
1790616599.005365,301,11.94,92,30.0
1790616599.106484,305,11.78,68,30.0
1790616599.20563,302,11.9,74,30.0
1790616599.325737,299,12.02,85,30.0
1790616599.425972,306,11.74,91,30.0
1790616599.52673,310,11.58,85,30.0
1790616599.626333,305,11.78,72,30.0
1790616599.7454138,302,11.9,73,30.0
1790616599.8457658,307,11.7,80,30.0
1790616599.945825,299,12.02,98,30.0
1790616600.045681,300,11.98,80,30.0
1790616600.145844,299,12.02,91,30.0
1790616600.245631,308,11.66,79,30.0
1790616600.3656058,308,11.66,67,30.0
1790616600.465579,305,11.78,92,30.0
1790616600.5655448,300,11.98,92,30.0
1790616600.665688,305,11.78,85,30.0
1790616600.766078,303,11.86,98,30.0
1790616600.8879092,306,11.74,147,24.89
1790616600.988378,306,11.74,91,30.0
1790616601.093602,311,11.54,68,30.0
1790616601.1876202,309,11.62,68,30.0
1790616601.28799,309,11.62,98,30.0
1790616601.4054441,309,11.62,182,20.02
1790616601.5057259,306,11.74,192,18.96
1790616601.6055932,305,11.78,177,20.6
1790616601.705685,300,11.98,117,30.0
1790616601.826417,304,11.82,80,30.0
1790616601.9059598,306,11.74,81,30.0
1790616602.0260632,307,11.7,108,30.0
1790616602.125577,303,11.86,79,30.0
1790616602.2271402,304,11.82,56,30.0
1790616602.325294,306,11.74,134,27.34
1790616602.425486,306,11.74,98,30.0
1790616602.525841,304,11.82,98,30.0
1790616602.6458619,303,11.86,98,30.0
1790616602.7455611,307,11.7,104,30.0
1790616602.845333,310,11.58,98,30.0
1790616602.945554,305,11.78,97,30.0
1790616603.0655518,309,11.62,104,30.0
1790616603.1656919,299,12.02,104,30.0
1790616603.265512,303,11.86,117,30.0
1790616603.3668969,310,11.58,92,30.0
1790616603.4657438,303,11.86,116,30.0
1790616603.587399,300,11.98,116,30.0
1790616603.687049,307,11.7,110,30.0
1790616603.786378,308,11.66,98,30.0
1790616603.8862028,308,11.66,114,30.0
1790616603.98578,306,11.74,117,30.0
1790616604.105495,314,11.43,110,30.0
1790616604.205632,303,11.86,98,30.0
1790616604.3055801,309,11.62,110,30.0
1790616604.4055328,303,11.86,110,30.0
1790616604.505715,308,11.66,104,30.0
1790616604.6270158,301,11.94,86,30.0
1790616604.727465,309,11.62,86,30.0
1790616604.825761,296,12.15,11,30.0
1790616604.925627,305,11.78,6,30.0
1790616605.025352,300,11.98,324,11.06
1790616605.1487,307,11.7,382,9.32
1790616605.2478652,305,11.78,301,11.94
1790616605.347714,301,11.94,62,30.0
1790616605.447932,309,11.62,80,30.0
1790616605.54736,307,11.7,98,30.0
1790616605.665283,306,11.74,115,30.0
1790616605.765604,310,11.58,121,30.0
1790616605.865603,308,11.66,111,30.0
1790616605.965569,303,11.86,97,30.0
1790616606.0655491,303,11.86,92,30.0
1790616606.1857998,300,11.98,92,30.0
1790616606.287703,303,11.86,85,30.0
1790616606.386629,302,11.9,86,30.0
1790616606.487015,301,11.94,80,30.0
1790616606.6076422,302,11.9,78,30.0
1790616606.7113469,303,11.86,79,30.0
1790616606.809797,300,11.98,73,30.0
1790616606.907617,307,11.7,74,30.0
1790616607.010444,303,11.86,68,30.0
1790616607.108851,305,11.78,67,30.0
1790616607.227343,301,11.94,67,30.0
1790616607.328324,298,12.06,68,30.0
1790616607.4295402,302,11.9,67,30.0
1790616607.527637,304,11.82,67,30.0
1790616607.6479628,310,11.58,68,30.0
1790616607.747874,300,11.98,68,30.0
1790616607.8681002,298,12.06,68,30.0
1790616607.96739,303,11.86,68,30.0
1790616608.06744,305,11.78,74,30.0
1790616608.167583,301,11.94,67,30.0
1790616608.268238,305,11.78,67,30.0
1790616608.367551,307,11.7,67,30.0
1790616608.4674869,299,12.02,69,30.0
1790616608.5875041,303,11.86,73,30.0
1790616608.687606,311,11.54,73,30.0
1790616608.787254,299,12.02,67,30.0
1790616608.887226,302,11.9,72,30.0
1790616608.987944,299,12.02,68,30.0
1790616609.108154,306,11.74,74,30.0
1790616609.209001,304,11.82,68,30.0
1790616609.3079062,301,11.94,73,30.0
1790616609.407873,305,11.78,68,30.0
1790616609.527327,300,11.98,74,30.0
1790616609.627548,309,11.62,67,30.0
1790616609.72823,308,11.66,73,30.0
1790616609.827571,298,12.06,73,30.0
1790616609.927619,312,11.5,68,30.0
1790616610.0731049,303,11.86,68,30.0
1790616610.147451,310,11.58,74,30.0
1790616610.247676,295,12.19,69,30.0
1790616610.347529,301,11.94,73,30.0
1790616610.467575,304,11.82,74,30.0
1790616610.567559,299,12.02,67,30.0
1790616610.667691,308,11.66,74,30.0
1790616610.771023,305,11.78,67,30.0
1790616610.867523,310,11.58,68,30.0
1790616610.967983,303,11.86,73,30.0
1790616611.087512,303,11.86,73,30.0
1790616611.187497,303,11.86,74,30.0
1790616611.287534,309,11.62,74,30.0
1790616611.387519,311,11.54,74,30.0
1790616611.5091999,303,11.86,69,30.0
1790616611.608536,307,11.7,68,30.0
1790616611.708631,309,11.62,68,30.0
1790616611.810858,309,11.62,73,30.0
1790616611.912161,304,11.82,68,30.0
1790616612.0304892,306,11.74,74,30.0
1790616612.1305048,309,11.62,74,30.0
1790616612.230349,301,11.94,68,30.0
1790616612.332072,311,11.54,129,28.42
1790616612.430367,303,11.86,128,28.64
1790616612.530619,306,11.74,43,30.0
1790616612.650496,303,11.86,6,30.0
1790616612.750294,302,11.9,6,30.0
1790616612.850467,307,11.7,6,30.0
1790616612.950411,302,11.9,6,30.0
1790616613.052154,308,11.66,6,30.0
1790616613.170856,309,11.62,74,30.0
1790616613.270899,304,11.82,74,30.0
1790616613.37062,300,11.98,73,30.0
1790616613.470696,294,12.23,78,30.0
1790616613.570595,303,11.86,74,30.0
1790616613.670487,306,11.74,75,30.0
1790616613.7904232,307,11.7,73,30.0
1790616613.890464,310,11.58,75,30.0
1790616613.991033,302,11.9,73,30.0
1790616614.090365,309,11.62,68,30.0
1790616614.1904619,306,11.74,75,30.0
1790616614.31077,310,11.58,75,30.0
1790616614.41039,305,11.78,74,30.0
1790616614.5104399,304,11.82,74,30.0
1790616614.610462,313,11.46,73,30.0
1790616614.7103481,301,11.94,74,30.0
1790616614.810217,302,11.9,73,30.0
1790616614.931232,311,11.54,74,30.0
1790616615.0312362,304,11.82,73,30.0
1790616615.132309,304,11.82,73,30.0
1790616615.233959,304,11.82,73,30.0
1790616615.350316,304,11.82,74,30.0
1790616615.4504151,301,11.94,73,30.0
1790616615.550519,310,11.58,74,30.0
1790616615.650611,305,11.78,74,30.0
1790616615.750488,298,12.06,73,30.0
1790616615.8722901,296,12.15,74,30.0
1790616615.9703739,298,12.06,73,30.0
1790616616.072762,301,11.94,74,30.0
1790616616.1918159,306,11.74,75,30.0
1790616616.291446,302,11.9,80,30.0
1790616616.3912141,305,11.78,73,30.0
1790616616.491621,301,11.94,74,30.0
1790616616.591567,307,11.7,73,30.0
1790616616.691623,302,11.9,73,30.0
1790616616.808735,305,11.78,74,30.0
1790616616.911343,312,11.5,74,30.0
1790616617.011167,306,11.74,80,30.0
1790616617.111126,306,11.74,74,30.0
1790616617.211652,310,11.58,74,30.0
1790616617.331767,309,11.62,79,30.0
1790616617.434474,307,11.7,79,30.0
1790616617.531759,306,11.74,84,30.0
1790616617.6316779,305,11.78,80,30.0
1790616617.7518919,305,11.78,74,30.0
1790616617.8528461,302,11.9,81,30.0
1790616617.9527092,298,12.06,74,30.0
1790616618.05123,311,11.54,74,30.0
1790616618.1720378,302,11.9,85,30.0
1790616618.2727838,304,11.82,74,30.0
1790616618.372361,307,11.7,85,30.0
1790616618.471105,308,11.66,67,30.0
1790616618.5710568,308,11.66,6,30.0
1790616618.693093,306,11.74,2,30.0
1790616618.79333,304,11.82,6,30.0
1790616618.893166,303,11.86,74,30.0
1790616618.993812,312,11.5,80,30.0
1790616619.111163,306,11.74,79,30.0
1790616619.211267,302,11.9,74,30.0
1790616619.3114161,301,11.94,81,30.0
1790616619.4127638,301,11.94,85,30.0
1790616619.51121,299,12.02,44,30.0
1790616619.611397,306,11.74,6,30.0
1790616619.711334,308,11.66,6,30.0
1790616619.831417,297,12.11,80,30.0
1790616619.931168,303,11.86,18,30.0
1790616620.032028,309,11.62,11,30.0
1790616620.131327,309,11.62,11,30.0
1790616620.251481,311,11.54,9,30.0
1790616620.351289,301,11.94,74,30.0
1790616620.451263,300,11.98,73,30.0
1790616620.551583,306,11.74,74,30.0
1790616620.671524,307,11.7,79,30.0
1790616620.771374,299,12.02,79,30.0
1790616620.8713028,304,11.82,73,30.0
1790616620.971296,306,11.74,79,30.0
1790616621.07137,305,11.78,80,30.0
1790616621.171351,301,11.94,73,30.0
1790616621.27153,305,11.78,80,30.0
1790616621.391934,306,11.74,80,30.0
1790616621.491724,294,12.23,79,30.0
1790616621.591831,304,11.82,116,30.0
1790616621.6939662,304,11.82,129,28.42
1790616621.792212,305,11.78,44,30.0
1790616621.911284,304,11.82,92,30.0
1790616622.0115578,303,11.86,116,30.0
1790616622.111347,310,11.58,122,30.0
1790616622.211263,307,11.7,122,30.0
1790616622.3314939,303,11.86,122,30.0
1790616622.432839,305,11.78,97,30.0
1790616622.532224,307,11.7,43,30.0
1790616622.6316118,306,11.74,49,30.0
1790616622.7318451,309,11.62,55,30.0
1790616622.8544042,306,11.74,56,30.0
1790616622.954465,298,12.06,56,30.0
1790616623.053279,311,11.54,56,30.0
1790616623.154894,305,11.78,49,30.0
1790616623.253834,305,11.78,50,30.0
1790616623.3542001,301,11.94,49,30.0
1790616623.4562,300,11.98,50,30.0
1790616623.592722,302,11.9,50,30.0
1790616623.671621,309,11.62,50,30.0
1790616623.771271,305,11.78,50,30.0
1790616623.871396,305,11.78,43,30.0
1790616623.971359,301,11.94,50,30.0
1790616624.071166,308,11.66,50,30.0
1790616624.1912692,301,11.94,49,30.0
1790616624.293251,307,11.7,49,30.0
1790616624.3914099,304,11.82,49,30.0
1790616624.4921951,304,11.82,51,30.0
1790616624.593427,299,12.02,50,30.0
1790616624.69218,301,11.94,50,30.0
1790616624.8127732,308,11.66,50,30.0
1790616624.9148421,304,11.82,49,30.0
1790616625.01121,303,11.86,49,30.0
1790616625.111458,311,11.54,49,30.0
1790616625.2114618,305,11.78,44,30.0
1790616625.3114638,310,11.58,50,30.0
1790616625.431392,307,11.7,49,30.0
1790616625.531253,309,11.62,49,30.0
1790616625.63137,306,11.74,15,30.0
1790616625.731478,302,11.9,92,30.0
1790616625.85174,300,11.98,187,19.47
1790616625.951417,302,11.9,193,18.85
1790616626.0521688,295,12.19,200,18.18
1790616626.1515388,307,11.7,219,16.57
1790616626.2714932,299,12.02,237,15.28
1790616626.372544,309,11.62,248,14.58
1790616626.467167,308,11.66,254,14.23
1790616626.5714,306,11.74,260,13.89
1790616626.694462,306,11.74,271,13.31
1790616626.791303,298,12.06,277,13.01
1790616626.891403,296,12.15,276,13.06
1790616626.99183,305,11.78,277,13.01
1790616627.112874,304,11.82,282,12.77
1790616627.2113228,300,11.98,272,13.26
1790616627.3138938,308,11.66,266,13.56
1790616627.413053,299,12.02,260,13.89
1790616627.531224,311,11.54,260,13.89
1790616627.6325262,302,11.9,254,14.23
1790616627.732459,308,11.66,254,14.23
1790616627.831386,297,12.11,248,14.58
1790616627.952364,307,11.7,242,14.95
1790616628.071022,306,11.74,243,14.89
1790616628.152066,300,11.98,237,15.28
1790616628.251831,303,11.86,225,16.11
1790616628.3533142,306,11.74,206,17.64
1790616628.4710321,302,11.9,6,30.0
1790616628.571489,305,11.78,9,30.0
1790616628.6713889,304,11.82,44,30.0
1790616628.772025,296,12.15,49,30.0
1790616628.872292,301,11.94,49,30.0
1790616628.97223,303,11.86,50,30.0
1790616629.0928361,307,11.7,44,30.0
1790616629.192422,307,11.7,50,30.0
1790616629.292363,296,12.15,50,30.0
1790616629.3924239,303,11.86,50,30.0
1790616629.487357,302,11.9,50,30.0
1790616629.59236,306,11.74,55,30.0
1790616629.71254,306,11.74,49,30.0
1790616629.8122392,308,11.66,50,30.0
1790616629.9125152,304,11.82,50,30.0
1790616630.012165,301,11.94,50,30.0
1790616630.132385,311,11.54,50,30.0
1790616630.2324,302,11.9,61,30.0
1790616630.332195,304,11.82,50,30.0
1790616630.432466,304,11.82,50,30.0
1790616630.532376,308,11.66,49,30.0
1790616630.6323998,302,11.9,49,30.0
1790616630.752217,303,11.86,50,30.0
1790616630.852606,305,11.78,56,30.0
1790616630.952443,309,11.62,49,30.0
1790616631.0524,304,11.82,38,30.0
1790616631.1743932,300,11.98,56,30.0
1790616631.274213,303,11.86,61,30.0
1790616631.375246,302,11.9,73,30.0
1790616631.4745028,305,11.78,117,30.0
1790616631.5751839,308,11.66,153,23.89
1790616631.692327,309,11.62,123,30.0
1790616631.792392,305,11.78,98,30.0
1790616631.892341,301,11.94,98,30.0
1790616631.993139,302,11.9,134,27.34
1790616632.0932622,303,11.86,221,16.41
1790616632.193206,303,11.86,62,30.0
1790616632.293039,301,11.94,49,30.0
1790616632.413246,299,12.02,62,30.0
1790616632.513356,305,11.78,98,30.0
1790616632.6131551,305,11.78,109,30.0
1790616632.713248,300,11.98,104,30.0
1790616632.833675,304,11.82,176,20.72
1790616632.934252,306,11.74,117,30.0
1790616633.034065,303,11.86,151,24.22
1790616633.134166,301,11.94,174,20.96
1790616633.237338,302,11.9,188,19.37
1790616633.3539891,301,11.94,175,20.84
1790616633.4541,296,12.15,123,30.0
1790616633.55426,311,11.54,6,30.0
1790616633.654269,310,11.58,50,30.0
1790616633.754198,302,11.9,62,30.0
1790616633.854035,305,11.78,61,30.0
1790616633.9750369,309,11.62,56,30.0
1790616634.074591,304,11.82,56,30.0
1790616634.1780128,306,11.74,50,30.0
1790616634.274522,304,11.82,56,30.0
1790616634.394133,307,11.7,56,30.0
1790616634.494207,302,11.9,50,30.0
1790616634.594261,296,12.15,61,30.0
1790616634.69416,304,11.82,56,30.0
1790616634.794498,302,11.9,61,30.0
1790616634.894235,305,11.78,62,30.0
1790616634.994279,306,11.74,61,30.0
1790616635.094246,307,11.7,56,30.0
1790616635.194345,303,11.86,61,30.0
1790616635.3142269,308,11.66,62,30.0
1790616635.4141068,310,11.58,73,30.0
1790616635.514258,302,11.9,62,30.0
1790616635.614676,306,11.74,60,30.0
1790616635.73559,300,11.98,62,30.0
1790616635.834995,309,11.62,62,30.0
1790616635.937686,298,12.06,61,30.0
1790616636.035269,308,11.66,62,30.0
1790616636.137121,305,11.78,63,30.0
1790616636.2541282,301,11.94,62,30.0
1790616636.354115,301,11.94,62,30.0
1790616636.454272,301,11.94,68,30.0
1790616636.553988,305,11.78,61,30.0
1790616636.65411,303,11.86,56,30.0
1790616636.754644,301,11.94,50,30.0
1790616636.874301,307,11.7,50,30.0
1790616636.9739919,306,11.74,44,30.0
1790616637.074034,305,11.78,37,30.0
1790616637.173881,306,11.74,32,30.0
1790616637.294295,303,11.86,495,7.1
1790616637.394248,306,11.74,501,7.01
1790616637.49482,303,11.86,478,7.36
1790616637.5940962,309,11.62,399,8.9
1790616637.6939268,308,11.66,335,10.68
1790616637.81424,304,11.82,295,12.19
1790616637.914258,309,11.62,277,13.01
1790616638.014163,307,11.7,283,12.72
1790616638.114403,303,11.86,467,7.55
1790616638.236711,302,11.9,575,6.05
1790616638.334102,306,11.74,574,6.06
1790616638.435751,302,11.9,580,5.99
1790616638.535379,306,11.74,578,6.02
1790616638.636991,307,11.7,260,13.89
1790616638.7359612,306,11.74,289,12.45
1790616638.8354418,305,11.78,289,12.45
1790616638.9538481,303,11.86,290,12.41
1790616639.054077,300,11.98,284,12.68
1790616639.155602,307,11.7,283,12.72
1790616639.2541592,293,12.28,278,12.96
1790616639.3740008,303,11.86,277,13.01
1790616639.4740102,308,11.66,278,12.96
1790616639.574147,306,11.74,271,13.31
1790616639.674186,307,11.7,266,13.56
1790616639.774121,308,11.66,260,13.89
1790616639.874076,303,11.86,164,22.26
1790616639.974081,307,11.7,6,30.0
1790616640.096737,306,11.74,12,30.0
1790616640.19682,300,11.98,50,30.0
1790616640.296235,305,11.78,55,30.0
1790616640.396503,305,11.78,62,30.0
1790616640.495811,307,11.7,56,30.0
1790616640.6140218,297,12.11,61,30.0
1790616640.714184,301,11.94,62,30.0
1790616640.834761,309,11.62,67,30.0
1790616640.915543,307,11.7,74,30.0
1790616641.0144918,308,11.66,74,30.0
1790616641.1144981,305,11.78,74,30.0
1790616641.234076,299,12.02,73,30.0
1790616641.3342981,304,11.82,74,30.0
1790616641.4340951,302,11.9,74,30.0
1790616641.53391,308,11.66,57,30.0
1790616641.654033,305,11.78,62,30.0
1790616641.7542222,301,11.94,62,30.0
1790616641.854063,306,11.74,62,30.0
1790616641.9541,308,11.66,62,30.0
1790616642.0740302,305,11.78,62,30.0
1790616642.1742132,306,11.74,74,30.0
1790616642.2759418,302,11.9,62,30.0
1790616642.394027,301,11.94,68,30.0
1790616642.474206,300,11.98,56,30.0
1790616642.594456,299,12.02,86,30.0
1790616642.698391,309,11.62,175,20.84
1790616642.794222,312,11.5,151,24.22
1790616642.8975182,308,11.66,152,24.05
1790616643.0142322,308,11.66,147,24.89
1790616643.11426,295,12.19,165,22.13
1790616643.2166111,305,11.78,134,27.34
1790616643.313736,307,11.7,110,30.0
1790616643.413993,310,11.58,109,30.0
1790616643.534024,306,11.74,164,22.26
1790616643.633914,307,11.7,182,20.02
1790616643.735007,307,11.7,74,30.0
1790616643.874306,298,12.06,49,30.0
1790616643.955063,302,11.9,56,30.0
1790616644.055813,301,11.94,62,30.0
1790616644.154768,313,11.46,68,30.0
1790616644.271283,309,11.62,67,30.0
1790616644.355645,296,12.15,80,30.0
1790616644.4570398,306,11.74,85,30.0
1790616644.574073,309,11.62,92,30.0
1790616644.674155,302,11.9,98,30.0
1790616644.7739599,310,11.58,98,30.0
1790616644.874211,306,11.74,97,30.0
1790616644.974155,306,11.74,97,30.0
1790616645.0938911,307,11.7,98,30.0
1790616645.194703,302,11.9,98,30.0
1790616645.294406,309,11.62,103,30.0
1790616645.395683,312,11.5,98,30.0
1790616645.494113,309,11.62,97,30.0
1790616645.614089,310,11.58,98,30.0
1790616645.714484,310,11.58,98,30.0
1790616645.814185,306,11.74,98,30.0
1790616645.914096,308,11.66,99,30.0
1790616646.014057,304,11.82,98,30.0
1790616646.133863,303,11.86,98,30.0
1790616646.234005,304,11.82,85,30.0
1790616646.333968,312,11.5,84,30.0
1790616646.4340081,310,11.58,67,30.0
1790616646.557525,301,11.94,62,30.0
1790616646.654738,308,11.66,50,30.0
1790616646.754414,307,11.7,49,30.0
1790616646.8542678,309,11.62,50,30.0
1790616646.956404,307,11.7,199,18.27
1790616647.054006,299,12.02,658,5.23
1790616647.1741922,298,12.06,709,4.83
1790616647.274004,309,11.62,704,4.86
1790616647.373985,302,11.9,727,4.7
1790616647.474674,310,11.58,713,4.8
1790616647.574494,309,11.62,612,5.66
1790616647.693894,304,11.82,524,6.68
1790616647.7942579,307,11.7,479,7.35
1790616647.8937511,305,11.78,433,8.17
1790616647.993969,300,11.98,375,9.5
1790616648.115157,306,11.74,324,11.06
1790616648.2156942,299,12.02,311,11.54
1790616648.334025,306,11.74,323,11.1
1790616648.416922,310,11.58,324,11.06
1790616648.534153,298,12.06,323,11.1
1790616648.6342149,296,12.15,323,11.1
1790616648.734624,301,11.94,330,10.85
1790616648.8341062,306,11.74,334,10.72
1790616648.934025,304,11.82,324,11.06
1790616649.034069,301,11.94,333,10.75
1790616649.1548579,302,11.9,330,10.85
1790616649.254713,293,12.28,329,10.89
1790616649.354802,299,12.02,330,10.85
1790616649.454834,303,11.86,329,10.89
1790616649.554873,307,11.7,329,10.89
1790616649.6749709,308,11.66,329,10.89
1790616649.774934,308,11.66,329,10.89
1790616649.875057,307,11.7,329,10.89
1790616649.97506,299,12.02,328,10.92
1790616650.094995,297,12.11,329,10.89
1790616650.195233,307,11.7,330,10.85
1790616650.295905,306,11.74,330,10.85
1790616650.394732,301,11.94,330,10.85
1790616650.515457,304,11.82,329,10.89
1790616650.615964,300,11.98,328,10.92
1790616650.717273,297,12.11,329,10.89
1790616650.814968,308,11.66,329,10.89
1790616650.917877,308,11.66,329,10.89
1790616651.0362082,303,11.86,329,10.89
1790616651.1361039,306,11.74,334,10.72
1790616651.23596,297,12.11,328,10.92
1790616651.336138,299,12.02,323,11.1
1790616651.436748,307,11.7,330,10.85
1790616651.556104,309,11.62,323,11.1
1790616651.655809,307,11.7,323,11.1
1790616651.755947,297,12.11,323,11.1
1790616651.855829,307,11.7,324,11.06
1790616651.9558148,304,11.82,324,11.06
1790616652.077736,304,11.82,329,10.89
1790616652.177983,298,12.06,322,11.13
1790616652.276177,302,11.9,324,11.06
1790616652.378943,303,11.86,324,11.06
1790616652.478245,306,11.74,324,11.06
1790616652.576236,301,11.94,324,11.06
1790616652.677363,310,11.58,324,11.06
1790616652.796275,304,11.82,324,11.06
1790616652.8959968,299,12.02,323,11.1
1790616652.995868,302,11.9,324,11.06
1790616653.095927,297,12.11,329,10.89
1790616653.196331,306,11.74,323,11.1
1790616653.317486,304,11.82,322,11.13
1790616653.41886,304,11.82,323,11.1
1790616653.515867,299,12.02,324,11.06
1790616653.617679,299,12.02,324,11.06
1790616653.7366679,302,11.9,323,11.1
1790616653.835731,311,11.54,323,11.1
1790616653.935936,302,11.9,325,11.03
1790616654.0365639,303,11.86,323,11.1
1790616654.137007,304,11.82,328,10.92
1790616654.236039,307,11.7,324,11.06
1790616654.355907,305,11.78,323,11.1
1790616654.456335,303,11.86,324,11.06
1790616654.556142,298,12.06,324,11.06
1790616654.657438,301,11.94,324,11.06
1790616654.775913,302,11.9,323,11.1
1790616654.876266,307,11.7,322,11.13
1790616654.976863,300,11.98,323,11.1
1790616655.0795038,302,11.9,325,11.03
1790616655.175932,299,12.02,324,11.06
1790616655.296294,300,11.98,324,11.06
1790616655.3963468,309,11.62,324,11.06
1790616655.495919,307,11.7,324,11.06
1790616655.595988,298,12.06,324,11.06
1790616655.695692,308,11.66,322,11.13
1790616655.838013,306,11.74,324,11.06
1790616655.916148,304,11.82,325,11.03
1790616656.0161679,304,11.82,325,11.03
1790616656.115984,310,11.58,324,11.06
1790616656.2379599,301,11.94,323,11.1
1790616656.338895,304,11.82,323,11.1
1790616656.4365199,305,11.78,317,11.32
1790616656.536896,302,11.9,306,11.74
1790616656.6380732,304,11.82,295,12.19
1790616656.7574131,302,11.9,261,13.83
1790616656.856905,306,11.74,242,14.95
1790616656.956797,309,11.62,213,17.04
1790616657.056913,307,11.7,188,19.37
1790616657.1568482,304,11.82,170,21.46
1790616657.3169012,305,11.78,79,30.0
1790616657.376965,301,11.94,79,30.0
1790616657.477215,296,12.15,104,30.0
1790616657.5777862,302,11.9,146,25.06
1790616657.677017,304,11.82,103,30.0
1790616657.816907,305,11.78,128,28.64
1790616657.897185,302,11.9,7,30.0
1790616657.996889,300,11.98,6,30.0
1790616658.096766,304,11.82,6,30.0
1790616658.2168782,307,11.7,6,30.0
1790616658.316916,310,11.58,7,30.0
1790616658.416668,304,11.82,6,30.0
1790616658.5166929,305,11.78,7,30.0
1790616658.640051,303,11.86,105,30.0
1790616658.737141,302,11.9,98,30.0
1790616658.8384562,301,11.94,37,30.0
1790616658.938134,302,11.9,194,18.76
1790616659.039409,296,12.15,43,30.0
1790616659.1568372,305,11.78,55,30.0
1790616659.256792,305,11.78,50,30.0
1790616659.3569548,296,12.15,50,30.0
1790616659.457002,303,11.86,50,30.0
1790616659.55834,303,11.86,44,30.0
1790616659.6769972,301,11.94,55,30.0
1790616659.777338,298,12.06,56,30.0
1790616659.876866,299,12.02,49,30.0
1790616659.9768572,307,11.7,50,30.0
1790616660.0992699,302,11.9,56,30.0
1790616660.20118,304,11.82,56,30.0
1790616660.303968,303,11.86,51,30.0
1790616660.3984032,301,11.94,50,30.0
1790616660.496981,303,11.86,50,30.0
1790616660.5979269,303,11.86,55,30.0
1790616660.716699,306,11.74,44,30.0
1790616660.816936,293,12.28,50,30.0
1790616660.9169059,309,11.62,50,30.0
1790616661.036822,299,12.02,50,30.0
1790616661.137239,308,11.66,50,30.0
1790616661.2369359,309,11.62,50,30.0
1790616661.3373199,300,11.98,43,30.0
1790616661.437933,304,11.82,50,30.0
1790616661.536729,302,11.9,50,30.0
1790616661.6571279,304,11.82,43,30.0
1790616661.756883,305,11.78,49,30.0
1790616661.856916,308,11.66,50,30.0
1790616661.956987,307,11.7,49,30.0
1790616662.0570948,303,11.86,38,30.0
1790616662.176888,310,11.58,56,30.0
1790616662.276684,302,11.9,50,30.0
1790616662.376898,302,11.9,49,30.0
1790616662.4767702,302,11.9,49,30.0
1790616662.5981178,307,11.7,50,30.0
1790616662.698983,299,12.02,50,30.0
1790616662.797987,303,11.86,55,30.0
1790616662.89931,300,11.98,50,30.0
1790616663.0176132,302,11.9,50,30.0
1790616663.118313,303,11.86,50,30.0
1790616663.219423,303,11.86,50,30.0
1790616663.317899,308,11.66,50,30.0
1790616663.4178638,308,11.66,50,30.0
1790616663.518016,298,12.06,58,30.0
1790616663.6378071,305,11.78,50,30.0
1790616663.737886,309,11.62,50,30.0
1790616663.837949,311,11.54,49,30.0
1790616663.9377651,305,11.78,50,30.0
1790616664.0777018,304,11.82,49,30.0
1790616664.162195,307,11.7,50,30.0
1790616664.2635882,308,11.66,50,30.0
1790616664.362924,309,11.62,50,30.0
1790616664.457827,307,11.7,50,30.0
1790616664.577976,303,11.86,50,30.0
1790616664.678005,306,11.74,51,30.0
1790616664.777858,306,11.74,49,30.0
1790616664.878073,306,11.74,50,30.0
1790616664.998076,303,11.86,50,30.0
1790616665.097764,302,11.9,50,30.0
1790616665.1985831,298,12.06,50,30.0
1790616665.297868,303,11.86,55,30.0
1790616665.4174879,303,11.86,56,30.0
1790616665.517925,306,11.74,56,30.0
1790616665.617856,304,11.82,50,30.0
1790616665.718001,301,11.94,49,30.0
1790616665.817889,303,11.86,49,30.0
1790616665.9378371,302,11.9,62,30.0
1790616666.037913,302,11.9,56,30.0
1790616666.1389482,306,11.74,50,30.0
1790616666.237848,302,11.9,50,30.0
1790616666.338142,301,11.94,50,30.0
1790616666.4578528,301,11.94,49,30.0
1790616666.557594,306,11.74,50,30.0
1790616666.6577752,306,11.74,50,30.0
1790616666.768893,306,11.74,50,30.0
1790616666.87796,305,11.78,50,30.0
1790616666.977984,303,11.86,50,30.0
1790616667.078052,307,11.7,49,30.0
1790616667.177675,296,12.15,50,30.0
1790616667.27773,303,11.86,50,30.0
1790616667.377813,304,11.82,50,30.0
1790616667.4776871,300,11.98,68,30.0
1790616667.597891,300,11.98,104,30.0
1790616667.697716,298,12.06,7,30.0
1790616667.7978098,297,12.11,49,30.0
1790616667.897732,306,11.74,7,30.0
1790616667.997946,308,11.66,103,30.0
1790616668.124717,305,11.78,6,30.0
1790616668.224643,308,11.66,6,30.0
1790616668.3182259,307,11.7,9,30.0
1790616668.424383,301,11.94,50,30.0
1790616668.53775,303,11.86,44,30.0
1790616668.637873,308,11.66,50,30.0
1790616668.738438,301,11.94,50,30.0
1790616668.837632,305,11.78,50,30.0
1790616668.9375548,307,11.7,50,30.0
1790616669.059999,306,11.74,50,30.0
1790616669.157953,295,12.19,55,30.0
1790616669.257816,309,11.62,43,30.0
1790616669.357805,304,11.82,50,30.0
1790616669.477518,305,11.78,50,30.0
1790616669.577703,304,11.82,54,30.0
1790616669.677736,303,11.86,62,30.0
1790616669.79758,307,11.7,62,30.0
1790616669.897711,300,11.98,73,30.0
1790616669.99772,304,11.82,110,30.0
1790616670.0976582,301,11.94,187,19.47
1790616670.197582,310,11.58,117,30.0
1790616670.3187451,301,11.94,68,30.0
1790616670.4179049,309,11.62,62,30.0
1790616670.518202,304,11.82,56,30.0
1790616670.61798,307,11.7,56,30.0
1790616670.7182488,306,11.74,55,30.0
1790616670.837622,311,11.54,57,30.0
1790616670.937889,300,11.98,55,30.0
1790616671.037801,298,12.06,61,30.0
1790616671.137841,301,11.94,56,30.0
1790616671.261982,302,11.9,50,30.0
1790616671.357621,308,11.66,56,30.0
1790616671.4578,303,11.86,50,30.0
1790616671.557742,302,11.9,56,30.0
1790616671.6594088,302,11.9,51,30.0
1790616671.783114,303,11.86,55,30.0
1790616671.883353,309,11.62,56,30.0
1790616671.980408,308,11.66,56,30.0
1790616672.0976052,306,11.74,50,30.0
1790616672.197954,309,11.62,56,30.0
1790616672.2977972,309,11.62,55,30.0
1790616672.397745,303,11.86,56,30.0
1790616672.4978151,300,11.98,55,30.0
1790616672.619647,302,11.9,61,30.0
1790616672.718015,301,11.94,55,30.0
1790616672.819828,312,11.5,62,30.0
1790616672.9180832,301,11.94,56,30.0
1790616673.045801,310,11.58,50,30.0
1790616673.1377542,309,11.62,55,30.0
1790616673.2438772,308,11.66,56,30.0
1790616673.337836,309,11.62,56,30.0
1790616673.4375072,307,11.7,56,30.0
1790616673.5578508,310,11.58,62,30.0
1790616673.6576588,303,11.86,62,30.0
1790616673.757547,305,11.78,68,30.0
1790616673.858331,308,11.66,128,28.64
1790616673.957827,302,11.9,188,19.37
1790616674.083051,301,11.94,183,19.91
1790616674.1788,301,11.94,182,20.02
1790616674.278395,307,11.7,206,17.64
1790616674.377423,308,11.66,193,18.85
1790616674.497866,307,11.7,176,20.72
1790616674.5991292,311,11.54,189,19.26
1790616674.6978052,307,11.7,206,17.64
1790616674.7975528,307,11.7,164,22.26
1790616674.897718,306,11.74,176,20.72
1790616675.017746,298,12.06,193,18.85
1790616675.119013,309,11.62,193,18.85
1790616675.24366,307,11.7,219,16.57
1790616675.3178701,304,11.82,198,18.37
1790616675.4375591,305,11.78,199,18.27
1790616675.5430431,307,11.7,188,19.37
1790616675.6432252,310,11.58,200,18.18
1790616675.743953,306,11.74,183,19.91
1790616675.841696,308,11.66,177,20.6
1790616675.942162,307,11.7,200,18.18
1790616676.057755,310,11.58,219,16.57
1790616676.157612,301,11.94,200,18.18
1790616676.2674649,312,11.5,175,20.84
1790616676.358206,303,11.86,188,19.37
1790616676.477477,302,11.9,188,19.37
1790616676.579231,310,11.58,213,17.04
1790616676.67955,301,11.94,176,20.72
1790616676.77917,302,11.9,170,21.46
1790616676.88,302,11.9,159,22.98
1790616676.9974241,312,11.5,194,18.76
1790616677.097651,302,11.9,194,18.76
1790616677.197691,311,11.54,190,19.16
1790616677.29757,310,11.58,200,18.18
1790616677.417737,301,11.94,175,20.84
1790616677.5179782,305,11.78,198,18.37
1790616677.6178849,305,11.78,86,30.0
1790616677.71763,303,11.86,123,30.0
1790616677.8176599,307,11.7,92,30.0
1790616677.937844,307,11.7,117,30.0
1790616678.0410979,304,11.82,206,17.64
1790616678.137984,300,11.98,248,14.58
1790616678.2391381,302,11.9,231,15.68
1790616678.338954,305,11.78,225,16.11
1790616678.459784,306,11.74,229,15.82
1790616678.560012,310,11.58,254,14.23
1790616678.6585732,309,11.62,183,19.91
1790616678.764989,305,11.78,194,18.76
1790616678.880585,310,11.58,187,19.47
1790616678.979945,308,11.66,129,28.42
1790616679.080642,304,11.82,224,16.19
1790616679.178605,307,11.7,254,14.23
1790616679.280051,301,11.94,201,18.09
1790616679.403501,305,11.78,176,20.72
1790616679.50259,308,11.66,255,14.17
1790616679.603022,311,11.54,188,19.37
1790616679.708555,306,11.74,117,30.0
1790616679.8020601,301,11.94,147,24.89
1790616679.9030862,297,12.11,86,30.0
1790616680.018711,301,11.94,223,16.26
1790616680.11929,302,11.9,164,22.26
1790616680.221152,306,11.74,242,14.95
1790616680.318611,300,11.98,206,17.64
1790616680.43888,311,11.54,141,25.96
1790616680.539416,309,11.62,206,17.64
1790616680.641581,307,11.7,200,18.18
1790616680.738775,308,11.66,195,18.66
1790616680.8589242,303,11.86,206,17.64
1790616680.9597352,304,11.82,213,17.04
1790616681.059503,307,11.7,189,19.26
1790616681.161721,308,11.66,164,22.26
1790616681.2814772,303,11.86,170,21.46
1790616681.37944,306,11.74,214,16.96
1790616681.48178,309,11.62,189,19.26
1790616681.581229,312,11.5,205,17.73
1790616681.678911,303,11.86,200,18.18
1790616681.778378,304,11.82,187,19.47
1790616681.8813848,302,11.9,164,22.26
1790616682.001347,306,11.74,67,30.0
1790616682.101946,300,11.98,181,20.13
1790616682.202143,305,11.78,20,30.0
1790616682.3211899,306,11.74,182,20.02
1790616682.399101,309,11.62,134,27.34
1790616682.502251,309,11.62,170,21.46
1790616682.619139,312,11.5,38,30.0
1790616682.71986,306,11.74,79,30.0
1790616682.821919,301,11.94,122,30.0
1790616682.921899,309,11.62,193,18.85
1790616683.018775,304,11.82,199,18.27
1790616683.118777,308,11.66,180,20.25
1790616683.238395,307,11.7,195,18.66
1790616683.343196,302,11.9,206,17.64
1790616683.438578,310,11.58,198,18.37
1790616683.540041,300,11.98,187,19.47
1790616683.662024,301,11.94,198,18.37
1790616683.763871,304,11.82,170,21.46
1790616683.862102,306,11.74,205,17.73
1790616683.9617972,306,11.74,187,19.47
1790616684.0622988,301,11.94,201,18.09
1790616684.1626408,305,11.78,182,20.02
1790616684.27852,300,11.98,176,20.72
1790616684.37954,308,11.66,181,20.13
1790616684.479615,305,11.78,188,19.37
1790616684.579604,302,11.9,205,17.73
1790616684.67983,310,11.58,177,20.6
1790616684.800284,312,11.5,194,18.76
1790616684.9016871,307,11.7,199,18.27
1790616685.0027158,301,11.94,182,20.02
1790616685.100149,302,11.9,163,22.4
1790616685.2009559,302,11.9,175,20.84
1790616685.321898,300,11.98,198,18.37
1790616685.4215958,306,11.74,193,18.85
1790616685.5217779,309,11.62,170,21.46
1790616685.622383,301,11.94,158,23.12
1790616685.7204192,300,11.98,194,18.76
1790616685.820006,298,12.06,189,19.26
1790616685.939664,306,11.74,200,18.18
1790616686.0397282,306,11.74,188,19.37
1790616686.139709,311,11.54,164,22.26
1790616686.2396102,307,11.7,175,20.84
1790616686.339992,304,11.82,176,20.72
1790616686.4619489,302,11.9,219,16.57
1790616686.563572,310,11.58,134,27.34
1790616686.6622798,307,11.7,188,19.37
1790616686.764261,310,11.58,116,30.0
1790616686.863368,300,11.98,152,24.05
1790616686.961719,306,11.74,171,21.33
1790616687.0617442,308,11.66,134,27.34
1790616687.17989,301,11.94,219,16.57
1790616687.2802129,305,11.78,182,20.02
1790616687.3805811,309,11.62,99,30.0
1790616687.4809642,311,11.54,117,30.0
1790616687.57993,306,11.74,129,28.42
1790616687.6812558,306,11.74,188,19.37
1790616687.8229089,307,11.7,187,19.47
1790616687.8999581,303,11.86,200,18.18
1790616688.0011232,302,11.9,187,19.47
1790616688.1003132,305,11.78,200,18.18
1790616688.222496,303,11.86,165,22.13
1790616688.322455,303,11.86,182,20.02
1790616688.4240918,299,12.02,213,17.04
1790616688.5224278,306,11.74,152,24.05
1790616688.622242,298,12.06,146,25.06
1790616688.7394922,302,11.9,17,30.0
1790616688.8411698,302,11.9,213,17.04
1790616688.940931,306,11.74,139,26.34
1790616689.039597,303,11.86,145,25.24
1790616689.13958,298,12.06,187,19.47
1790616689.239348,305,11.78,225,16.11
1790616689.360149,305,11.78,206,17.64
1790616689.460531,308,11.66,218,16.64
1790616689.562677,303,11.86,219,16.57
1790616689.660525,302,11.9,181,20.13
1790616689.7663949,296,12.15,193,18.85
1790616689.861871,307,11.7,159,22.98
1790616689.960702,307,11.7,187,19.47
1790616690.0794399,308,11.66,110,30.0
1790616690.179293,307,11.7,104,30.0
1790616690.2816849,310,11.58,99,30.0
1790616690.379616,310,11.58,164,22.26
1790616690.480386,305,11.78,129,28.42
1790616690.581459,304,11.82,147,24.89
1790616690.701504,305,11.78,213,17.04
1790616690.800952,298,12.06,117,30.0
1790616690.902273,302,11.9,207,17.55
1790616691.001324,305,11.78,194,18.76
1790616691.100843,303,11.86,206,17.64
1790616691.2218812,308,11.66,170,21.46
1790616691.3225868,304,11.82,140,26.15
1790616691.4222121,309,11.62,145,25.24
1790616691.521984,303,11.86,153,23.89
1790616691.640674,305,11.78,164,22.26
1790616691.741204,302,11.9,213,17.04
1790616691.841305,306,11.74,188,19.37
1790616691.941484,305,11.78,213,17.04
1790616692.061653,307,11.7,170,21.46
1790616692.161431,309,11.62,140,26.15
1790616692.26127,300,11.98,92,30.0
1790616692.3611488,305,11.78,200,18.18
1790616692.459979,309,11.62,200,18.18
1790616692.582332,305,11.78,176,20.72
1790616692.682121,305,11.78,187,19.47
1790616692.7822819,309,11.62,111,30.0
1790616692.900307,308,11.66,206,17.64
1790616692.9828548,299,12.02,181,20.13
1790616693.083337,306,11.74,152,24.05
1790616693.200387,311,11.54,188,19.37
1790616693.300364,304,11.82,110,30.0
1790616693.4006872,307,11.7,97,30.0
1790616693.501548,303,11.86,170,21.46
1790616693.601401,308,11.66,194,18.76
1790616693.7013838,296,12.15,98,30.0
1790616693.8237069,307,11.7,122,30.0
1790616693.921681,299,12.02,188,19.37
1790616694.023676,304,11.82,199,18.27
1790616694.1221251,299,12.02,181,20.13
1790616694.241781,305,11.78,176,20.72
1790616694.341357,307,11.7,181,20.13
1790616694.441304,305,11.78,67,30.0
1790616694.541322,309,11.62,181,20.13
1790616694.6418922,307,11.7,123,30.0
1790616694.761583,302,11.9,97,30.0
1790616694.861544,305,11.78,152,24.05
1790616694.9615161,258,14.0,110,30.0
1790616695.061771,307,11.7,170,21.46
1790616695.1618502,306,11.74,134,27.34
1790616695.281962,301,11.94,158,23.12
1790616695.3822458,309,11.62,117,30.0
1790616695.481712,299,12.02,104,30.0
1790616695.601441,303,11.86,164,22.26
1790616695.7014332,309,11.62,170,21.46
1790616695.801214,307,11.7,176,20.72
1790616695.901458,307,11.7,167,21.86
1790616696.001353,301,11.94,164,22.26
1790616696.10145,302,11.9,110,30.0
1790616696.2214332,302,11.9,61,30.0
1790616696.321343,307,11.7,61,30.0
1790616696.421437,300,11.98,50,30.0
1790616696.521573,301,11.94,50,30.0
1790616696.643271,305,11.78,56,30.0
1790616696.745429,296,12.15,73,30.0
1790616696.843755,302,11.9,73,30.0
1790616696.943441,302,11.9,111,30.0
1790616697.0433779,302,11.9,133,27.55
1790616697.143479,302,11.9,134,27.34
1790616697.261568,304,11.82,85,30.0
1790616697.361378,308,11.66,74,30.0
1790616697.46112,304,11.82,62,30.0
1790616697.561412,301,11.94,50,30.0
1790616697.66432,309,11.62,56,30.0
1790616697.767046,308,11.66,56,30.0
1790616697.88154,303,11.86,56,30.0
1790616697.981482,302,11.9,56,30.0
1790616698.0835378,308,11.66,56,30.0
1790616698.182463,304,11.82,56,30.0
1790616698.304754,300,11.98,55,30.0
1790616698.401542,301,11.94,55,30.0
1790616698.501427,299,12.02,56,30.0
1790616698.601503,307,11.7,61,30.0
1790616698.7016268,305,11.78,55,30.0
1790616698.821553,305,11.78,55,30.0
1790616698.921542,304,11.82,56,30.0
1790616699.021415,301,11.94,55,30.0
1790616699.1216471,310,11.58,56,30.0
1790616699.221345,305,11.78,55,30.0
1790616699.341408,304,11.82,56,30.0
1790616699.442616,311,11.54,56,30.0
1790616699.542679,310,11.58,62,30.0
1790616699.661976,304,11.82,78,30.0
1790616699.7422452,304,11.82,68,30.0
1790616699.8616781,300,11.98,55,30.0
1790616699.961496,308,11.66,62,30.0
1790616700.061413,303,11.86,68,30.0
1790616700.161689,309,11.62,90,30.0
1790616700.264643,305,11.78,90,30.0
1790616700.361974,307,11.7,89,30.0
1790616700.482694,307,11.7,92,30.0
1790616700.581384,308,11.66,123,30.0
1790616700.681407,305,11.78,99,30.0
1790616700.781471,304,11.82,104,30.0
1790616700.881349,311,11.54,85,30.0
1790616701.003135,301,11.94,92,30.0
1790616701.101345,305,11.78,80,30.0
1790616701.202713,304,11.82,79,30.0
1790616701.303094,304,11.82,67,30.0
1790616701.4034271,305,11.78,80,30.0
1790616701.521434,299,12.02,69,30.0
1790616701.621244,296,12.15,80,30.0
1790616701.721581,304,11.82,73,30.0
1790616701.822735,301,11.94,74,30.0
1790616701.9412448,297,12.11,73,30.0
1790616702.041645,307,11.7,85,30.0
1790616702.161458,301,11.94,74,30.0
1790616702.241118,304,11.82,80,30.0
1790616702.361378,303,11.86,68,30.0
1790616702.461283,307,11.7,74,30.0
1790616702.561269,305,11.78,67,30.0
1790616702.661393,296,12.15,79,30.0
1790616702.7622452,301,11.94,74,30.0
1790616702.8812768,307,11.7,73,30.0
1790616702.981858,303,11.86,69,30.0
1790616703.081502,307,11.7,74,30.0
1790616703.181091,300,11.98,67,30.0
1790616703.3039842,303,11.86,80,30.0
1790616703.404139,297,12.11,79,30.0
1790616703.5028522,307,11.7,67,30.0
1790616703.601856,304,11.82,73,30.0
1790616703.721099,303,11.86,73,30.0
1790616703.821541,298,12.06,79,30.0
1790616703.9215271,305,11.78,66,30.0
1790616704.0215302,302,11.9,68,30.0
1790616704.1217542,306,11.74,73,30.0
1790616704.264123,303,11.86,73,30.0
1790616704.3435972,309,11.62,62,30.0
1790616704.441282,305,11.78,79,30.0
1790616704.5414588,305,11.78,80,30.0
1790616704.641087,304,11.82,80,30.0
1790616704.7412531,302,11.9,79,30.0
1790616704.863172,304,11.82,86,30.0
1790616704.962608,301,11.94,73,30.0
1790616705.063683,303,11.86,74,30.0
1790616705.181348,304,11.82,79,30.0
1790616705.2812538,297,12.11,74,30.0
1790616705.381866,297,12.11,79,30.0
1790616705.481547,309,11.62,86,30.0
1790616705.581548,301,11.94,67,30.0
1790616705.702942,310,11.58,83,30.0
1790616705.8018482,305,11.78,74,30.0
1790616705.902256,301,11.94,80,30.0
1790616706.002204,293,12.28,78,30.0
1790616706.102592,302,11.9,74,30.0
1790616706.221123,304,11.82,67,30.0
1790616706.321621,306,11.74,67,30.0
1790616706.421748,307,11.7,85,30.0
1790616706.521684,302,11.9,85,30.0
1790616706.662712,299,12.02,73,30.0
1790616706.7423801,308,11.66,62,30.0
1790616706.841271,302,11.9,73,30.0
1790616706.9413939,306,11.74,74,30.0
1790616707.04146,305,11.78,73,30.0
1790616707.141441,304,11.82,80,30.0
1790616707.2716749,304,11.82,68,30.0
1790616707.3644412,305,11.78,68,30.0
1790616707.464024,309,11.62,79,30.0
1790616707.5639958,305,11.78,6,30.0
1790616707.681236,306,11.74,5,30.0
1790616707.781758,306,11.74,12,30.0
1790616707.881529,304,11.82,85,30.0
1790616707.981302,295,12.19,84,30.0
1790616708.0811362,305,11.78,67,30.0
1790616708.20136,304,11.82,49,30.0
1790616708.301468,305,11.78,61,30.0
1790616708.4052138,303,11.86,73,30.0
1790616708.502147,308,11.66,55,30.0
1790616708.6214259,296,12.15,78,30.0
1790616708.7212741,300,11.98,85,30.0
1790616708.8153741,305,11.78,68,30.0
1790616708.923577,303,11.86,72,30.0
1790616709.021437,307,11.7,73,30.0
1790616709.1218472,305,11.78,68,30.0
1790616709.2412648,302,11.9,74,30.0
1790616709.34108,305,11.78,68,30.0
1790616709.44129,299,12.02,68,30.0
1790616709.5417118,302,11.9,86,30.0
1790616709.662823,301,11.94,85,30.0
1790616709.781024,306,11.74,73,30.0
1790616709.861546,301,11.94,80,30.0
1790616709.962427,303,11.86,86,30.0
1790616710.081276,309,11.62,79,30.0
1790616710.181058,304,11.82,80,30.0
1790616710.281166,305,11.78,79,30.0
1790616710.3826072,295,12.19,74,30.0
1790616710.481034,307,11.7,68,30.0
1790616710.581439,307,11.7,69,30.0
1790616710.7012649,307,11.7,74,30.0
1790616710.8008928,306,11.74,80,30.0
1790616710.9011788,304,11.82,80,30.0
1790616711.00104,304,11.82,86,30.0
1790616711.103779,308,11.66,73,30.0
1790616711.223737,302,11.9,73,30.0
1790616711.324543,306,11.74,62,30.0
1790616711.421317,309,11.62,68,30.0
1790616711.521576,305,11.78,67,30.0
1790616711.62388,306,11.74,74,30.0
1790616711.723904,306,11.74,86,30.0
1790616711.842062,298,12.06,79,30.0
1790616711.942014,303,11.86,80,30.0
1790616712.041854,308,11.66,67,30.0
1790616712.161173,299,12.02,73,30.0
1790616712.24133,299,12.02,79,30.0
1790616712.3614411,300,11.98,85,30.0
1790616712.461288,305,11.78,80,30.0
1790616712.561217,309,11.62,92,30.0
1790616712.662924,307,11.7,85,30.0
1790616712.781251,304,11.82,79,30.0
1790616712.881212,300,11.98,85,30.0
1790616712.981793,291,12.36,92,30.0
1790616713.081352,303,11.86,80,30.0
1790616713.1812649,303,11.86,80,30.0
1790616713.301375,303,11.86,74,30.0
1790616713.421074,305,11.78,73,30.0
1790616713.501397,304,11.82,68,30.0
1790616713.6010182,298,12.06,80,30.0
1790616713.701356,305,11.78,79,30.0
1790616713.820917,303,11.86,68,30.0
1790616713.921886,306,11.74,73,30.0
1790616714.023273,305,11.78,79,30.0
1790616714.121279,299,12.02,79,30.0
1790616714.22157,309,11.62,56,30.0
1790616714.341229,309,11.62,6,30.0
1790616714.4409401,298,12.06,32,30.0
1790616714.540989,304,11.82,32,30.0
1790616714.6412039,304,11.82,70,30.0
1790616714.7410471,304,11.82,68,30.0
1790616714.861395,303,11.86,66,30.0
1790616714.960947,308,11.66,61,30.0
1790616715.060951,307,11.7,62,30.0
1790616715.160918,302,11.9,91,30.0
1790616715.2662961,301,11.94,80,30.0
1790616715.3852649,296,12.15,43,30.0
1790616715.484973,307,11.7,62,30.0
1790616715.585335,299,12.02,73,30.0
1790616715.681337,310,11.58,62,30.0
1790616715.782399,301,11.94,104,30.0
1790616715.901166,305,11.78,55,30.0
1790616716.0012631,302,11.9,74,30.0
1790616716.101215,301,11.94,37,30.0
1790616716.2013571,300,11.98,79,30.0
1790616716.321145,303,11.86,85,30.0
1790616716.421181,302,11.9,97,30.0
1790616716.521046,302,11.9,79,30.0
1790616716.621034,296,12.15,84,30.0
1790616716.7412329,306,11.74,74,30.0
1790616716.8409548,299,12.02,73,30.0
1790616716.9412181,299,12.02,63,30.0
1790616717.041168,302,11.9,80,30.0
1790616717.141334,305,11.78,80,30.0
1790616717.241278,301,11.94,68,30.0
1790616717.361166,304,11.82,79,30.0
1790616717.4611552,301,11.94,85,30.0
1790616717.561176,299,12.02,78,30.0
1790616717.6610749,306,11.74,79,30.0
1790616717.763106,305,11.78,79,30.0
1790616717.861873,296,12.15,74,30.0
1790616717.981174,303,11.86,78,30.0
1790616718.0820422,305,11.78,74,30.0
1790616718.182104,298,12.06,80,30.0
1790616718.282464,301,11.94,67,30.0
1790616718.40158,302,11.9,74,30.0
1790616718.5011861,308,11.66,74,30.0
1790616718.601144,297,12.11,74,30.0
1790616718.701209,305,11.78,50,30.0
1790616718.821137,303,11.86,5,30.0
1790616718.921159,309,11.62,6,30.0
1790616719.0209432,310,11.58,91,30.0
1790616719.121522,301,11.94,318,11.28
1790616719.2211368,303,11.86,329,10.89
1790616719.321316,302,11.9,545,6.41
1790616719.44305,306,11.74,726,4.7
1790616719.543016,297,12.11,726,4.7
1790616719.6454139,300,11.98,729,4.68
1790616719.743774,303,11.86,727,4.7
1790616719.844555,302,11.9,728,4.69
1790616719.944833,304,11.82,727,4.7
1790616720.061451,301,11.94,709,4.83
1790616720.1614668,304,11.82,675,5.09
1790616720.2615879,301,11.94,658,5.23
1790616720.3612978,307,11.7,645,5.35
1790616720.4811761,305,11.78,613,5.65
1790616720.58108,310,11.58,590,5.89
1790616720.6811352,299,12.02,568,6.13
1790616720.801974,312,11.5,545,6.41
1790616720.901645,308,11.66,529,6.61
1790616721.001345,303,11.86,534,6.55
1790616721.1210408,299,12.02,534,6.55
1790616721.2210612,307,11.7,530,6.6
1790616721.3211021,308,11.66,530,6.6
1790616721.460916,306,11.74,534,6.55
1790616721.542232,303,11.86,528,6.63
1790616721.6812952,303,11.86,528,6.63
1790616721.761638,307,11.7,530,6.6
1790616721.8613381,299,12.02,529,6.61
1790616721.9625459,310,11.58,530,6.6
1790616722.081583,306,11.74,528,6.63
1790616722.1811252,299,12.02,529,6.61
1790616722.2813241,307,11.7,529,6.61
1790616722.402782,306,11.74,530,6.6
1790616722.5024588,310,11.58,529,6.61
1790616722.621227,301,11.94,529,6.61
1790616722.702763,300,11.98,530,6.6
1790616722.819427,302,11.9,530,6.6
1790616722.9195762,310,11.58,529,6.61
1790616723.019416,307,11.7,530,6.6
1790616723.1412811,309,11.62,529,6.61
1790616723.2406669,305,11.78,529,6.61
1790616723.3414268,300,11.98,529,6.61
1790616723.441992,297,12.11,528,6.63
1790616723.542191,299,12.02,529,6.61
1790616723.661083,300,11.98,529,6.61
1790616723.762269,302,11.9,530,6.6
1790616723.8811772,301,11.94,530,6.6
1790616723.9810822,302,11.9,529,6.61
1790616724.081207,301,11.94,529,6.61
1790616724.203269,300,11.98,530,6.6
1790616724.304244,306,11.74,529,6.61
1790616724.4028978,296,12.15,528,6.63
1790616724.5212119,313,11.46,527,6.64
1790616724.621282,308,11.66,529,6.61
1790616724.741181,301,11.94,529,6.61
1790616724.842568,308,11.66,529,6.61
1790616724.942345,296,12.15,528,6.63
1790616725.0611148,302,11.9,529,6.61
1790616725.161002,299,12.02,528,6.63
1790616725.271146,300,11.98,523,6.69
1790616725.380817,307,11.7,529,6.61
1790616725.481046,301,11.94,524,6.68
1790616725.581186,304,11.82,524,6.68
1790616725.70323,304,11.82,529,6.61
1790616725.8213608,297,12.11,528,6.63
1790616725.903303,305,11.78,523,6.69
1790616726.0219169,297,12.11,523,6.69
1790616726.121563,301,11.94,524,6.68
1790616726.2221608,304,11.82,524,6.68
1790616726.322166,304,11.82,524,6.68
1790616726.442208,303,11.86,523,6.69
1790616726.5420642,295,12.19,522,6.71
1790616726.66337,309,11.62,524,6.68
1790616726.76486,306,11.74,523,6.69
1790616726.881873,310,11.58,524,6.68
1790616726.981813,304,11.82,524,6.68
1790616727.0820658,304,11.82,518,6.76
1790616727.182144,305,11.78,528,6.63
1790616727.283211,304,11.82,529,6.61
1790616727.383198,310,11.58,517,6.78
1790616727.4831538,305,11.78,519,6.75
1790616727.602963,299,12.02,517,6.78
1790616727.723108,302,11.9,518,6.76
1790616727.822997,297,12.11,518,6.76
1790616727.9230778,304,11.82,513,6.83
1790616728.0231261,301,11.94,513,6.83
1790616728.123046,306,11.74,513,6.83
1790616728.243121,308,11.66,514,6.82
1790616728.343317,300,11.98,513,6.83
1790616728.4646678,308,11.66,507,6.92
1790616728.566158,304,11.82,523,6.69
1790616728.666569,294,12.23,576,6.04
1790616728.770989,304,11.82,607,5.71
1790616728.883022,307,11.7,556,6.27
1790616728.983066,305,11.78,507,6.92
1790616729.124974,302,11.9,523,6.69
1790616729.203171,311,11.54,529,6.61
1790616729.32291,303,11.86,517,6.78
1790616729.423106,310,11.58,495,7.1
1790616729.5263832,305,11.78,472,7.46
1790616729.64304,306,11.74,386,9.22
1790616729.7431738,305,11.78,424,8.35
1790616729.842996,302,11.9,382,9.32
1790616729.9829981,296,12.15,376,9.47
1790616730.06379,307,11.7,374,9.53
1790616730.183441,300,11.98,358,9.97
1790616730.2833972,298,12.06,358,9.97
1790616730.3850722,303,11.86,352,10.15
1790616730.5034602,308,11.66,340,10.52
1790616730.603006,304,11.82,345,10.36
1790616730.724324,303,11.86,342,10.46
1790616730.8251488,300,11.98,335,10.68
1790616730.943001,299,12.02,342,10.46
1790616731.043327,309,11.62,335,10.68
1790616731.1667898,304,11.82,338,10.59
1790616731.263231,297,12.11,335,10.68
1790616731.382963,302,11.9,335,10.68
1790616731.4831061,301,11.94,336,10.65
1790616731.58319,305,11.78,335,10.68
1790616731.683331,305,11.78,336,10.65
1790616731.802918,299,12.02,335,10.68
1790616731.903312,304,11.82,340,10.52
1790616732.003111,300,11.98,335,10.68
1790616732.124852,306,11.74,334,10.72
1790616732.225996,300,11.98,335,10.68
1790616732.324249,307,11.7,336,10.65
1790616732.446326,303,11.86,334,10.72
1790616732.54293,301,11.94,335,10.68
1790616732.643397,302,11.9,335,10.68
1790616732.763602,305,11.78,335,10.68
1790616732.863243,312,11.5,334,10.72
1790616732.983187,304,11.82,335,10.68
1790616733.082942,304,11.82,335,10.68
1790616733.18311,303,11.86,335,10.68
1790616733.324748,305,11.78,334,10.72
1790616733.4029891,307,11.7,335,10.68
1790616733.524317,307,11.7,333,10.75
1790616733.642967,306,11.74,336,10.65
1790616733.7429068,305,11.78,334,10.72
1790616733.843627,301,11.94,334,10.72
1790616733.963069,310,11.58,340,10.52
1790616734.062998,306,11.74,336,10.65
1790616734.183182,304,11.82,336,10.65
1790616734.285748,298,12.06,335,10.68
1790616734.3851368,307,11.7,335,10.68
1790616734.503103,304,11.82,336,10.65
1790616734.6031759,309,11.62,335,10.68
1790616734.723228,309,11.62,336,10.65
1790616734.823364,309,11.62,336,10.65
1790616734.94276,307,11.7,336,10.65
1790616735.04318,307,11.7,336,10.65
1790616735.1429398,307,11.7,335,10.68
1790616735.2627048,309,11.62,336,10.65
1790616735.3644538,305,11.78,334,10.72
1790616735.4643478,301,11.94,335,10.68
1790616735.585197,301,11.94,335,10.68
1790616735.6856909,301,11.94,335,10.68
1790616735.804684,298,12.06,335,10.68
1790616735.902944,309,11.62,336,10.65
1790616736.0250292,309,11.62,336,10.65
1790616736.12368,311,11.54,335,10.68
1790616736.242738,309,11.62,336,10.65
1790616736.3429382,306,11.74,335,10.68
1790616736.442909,313,11.46,334,10.72
1790616736.563422,298,12.06,335,10.68
1790616736.662981,307,11.7,334,10.72
1790616736.764098,302,11.9,335,10.68
1790616736.864636,310,11.58,335,10.68
1790616736.985812,301,11.94,335,10.68
1790616737.085608,301,11.94,335,10.68
1790616737.185569,305,11.78,334,10.72
1790616737.28481,308,11.66,335,10.68
1790616737.3860369,310,11.58,336,10.65
1790616737.4838521,304,11.82,335,10.68
1790616737.604285,307,11.7,335,10.68
1790616737.704417,308,11.66,334,10.72
1790616737.82512,297,12.11,335,10.68
1790616737.924174,307,11.7,330,10.85
1790616738.023811,298,12.06,324,11.06
1790616738.143708,307,11.7,307,11.7
1790616738.2461271,302,11.9,295,12.19
1790616738.34395,301,11.94,266,13.56
1790616738.463999,297,12.11,219,16.57
1790616738.563874,296,12.15,135,27.14
1790616738.664163,302,11.9,87,30.0
1790616738.7644742,304,11.82,80,30.0
1790616738.8638651,311,11.54,109,30.0
1790616739.003693,303,11.86,79,30.0
1790616739.0840058,305,11.78,92,30.0
1790616739.185583,303,11.86,122,30.0
1790616739.303871,305,11.78,86,30.0
1790616739.403763,303,11.86,152,24.05
1790616739.503927,298,12.06,147,24.89
1790616739.604107,306,11.74,141,25.96
1790616739.7038631,308,11.66,140,26.15
1790616739.823735,300,11.98,140,26.15
1790616739.946041,306,11.74,129,28.42
1790616740.0464718,305,11.78,164,22.26
1790616740.14673,305,11.78,188,19.37
1790616740.2477708,311,11.54,206,17.64
1790616740.3637261,301,11.94,229,15.82
1790616740.464841,310,11.58,252,14.34
1790616740.564776,311,11.54,260,13.89
1790616740.6852689,311,11.54,266,13.56
1790616740.785625,299,12.02,271,13.31
1790616740.886274,308,11.66,271,13.31
1790616741.0052218,305,11.78,277,13.01
1790616741.104831,302,11.9,276,13.06
1790616741.224928,309,11.62,271,13.31
1790616741.3249311,310,11.58,271,13.31
1790616741.424934,305,11.78,271,13.31
1790616741.52464,306,11.74,272,13.26
1790616741.6647732,308,11.66,271,13.31
1790616741.7453408,302,11.9,271,13.31
1790616741.865056,310,11.58,272,13.26
1790616741.946984,302,11.9,269,13.41
1790616742.064928,304,11.82,267,13.51
1790616742.1648839,303,11.86,272,13.26
1790616742.2856052,303,11.86,265,13.62
1790616742.38488,302,11.9,271,13.31
1790616742.506537,304,11.82,264,13.67
1790616742.607192,304,11.82,265,13.62
1790616742.706982,304,11.82,265,13.62
1790616742.824896,304,11.82,266,13.56
1790616742.9247649,299,12.02,266,13.56
1790616743.025001,303,11.86,271,13.31
1790616743.165556,308,11.66,272,13.26
1790616743.265738,304,11.82,284,12.68
1790616743.367306,307,11.7,300,11.98
1790616743.46718,305,11.78,312,11.5
1790616743.566051,308,11.66,324,11.06
1790616743.685662,300,11.98,347,10.3
1790616743.7859998,308,11.66,370,9.63
1790616743.905754,299,12.02,394,9.02
1790616744.0071008,307,11.7,411,8.63
1790616744.1093912,304,11.82,417,8.5
1790616744.225638,298,12.06,411,8.63
1790616744.325838,304,11.82,358,9.97
1790616744.4463801,304,11.82,317,11.32
1790616744.547609,306,11.74,324,11.06
1790616744.646961,305,11.78,346,10.33
1790616744.7662148,311,11.54,364,9.8
1790616744.8659809,310,11.58,369,9.66
1790616744.9659631,303,11.86,370,9.63
1790616745.065922,306,11.74,376,9.47
1790616745.185786,308,11.66,369,9.66
1790616745.285732,307,11.7,370,9.63
1790616745.4056299,311,11.54,363,9.83
1790616745.5057652,300,11.98,364,9.8
1790616745.606944,310,11.58,357,10.0
1790616745.725985,305,11.78,352,10.15
1790616745.826061,303,11.86,353,10.12
1790616745.9456818,305,11.78,352,10.15
1790616746.047294,308,11.66,353,10.12
1790616746.1466858,308,11.66,352,10.15
1790616746.286058,308,11.66,351,10.18
1790616746.36885,307,11.7,357,10.0
1790616746.4880798,310,11.58,354,10.09
1790616746.587134,306,11.74,352,10.15
1790616746.688096,303,11.86,352,10.15
1790616746.7866602,307,11.7,352,10.15
1790616746.909278,301,11.94,352,10.15
1790616747.06687,301,11.94,353,10.12
1790616747.126938,303,11.86,353,10.12
1790616747.227016,300,11.98,352,10.15
1790616747.3273659,308,11.66,352,10.15
1790616747.44676,304,11.82,364,9.8
1790616747.546623,302,11.9,381,9.34
1790616747.646846,306,11.74,411,8.63
1790616747.74672,309,11.62,428,8.27
1790616747.867208,304,11.82,410,8.65
1790616747.967096,298,12.06,357,10.0
1790616748.067842,306,11.74,312,11.5
1790616748.186878,300,11.98,312,11.5
1790616748.286977,302,11.9,342,10.46
1790616748.409311,302,11.9,370,9.63
1790616748.50684,303,11.86,387,9.19
1790616748.626833,302,11.9,411,8.63
1790616748.726787,306,11.74,428,8.27
1790616748.827074,308,11.66,427,8.29
1790616748.926954,310,11.58,380,9.37
1790616749.0309188,301,11.94,330,10.85
1790616749.126633,306,11.74,324,11.06
1790616749.248385,301,11.94,334,10.72
1790616749.370541,305,11.78,335,10.68
1790616749.4476511,298,12.06,345,10.36
1790616749.569085,306,11.74,346,10.33
1790616749.6680331,297,12.11,346,10.33
1790616749.7875369,303,11.86,346,10.33
1790616749.88782,296,12.15,345,10.36
1790616749.987608,300,11.98,347,10.3
1790616750.087917,303,11.86,341,10.49
1790616750.207799,298,12.06,341,10.49
1790616750.330213,306,11.74,341,10.49
1790616750.4078872,300,11.98,341,10.49
1790616750.507725,307,11.7,341,10.49
1790616750.607888,301,11.94,341,10.49
1790616750.729789,301,11.94,341,10.49
1790616750.829022,302,11.9,341,10.49
1790616750.947804,308,11.66,341,10.49
1790616751.047793,301,11.94,341,10.49
1790616751.147755,306,11.74,341,10.49
1790616751.2875571,299,12.02,340,10.52
1790616751.369569,306,11.74,340,10.52
1790616751.488214,304,11.82,340,10.52
1790616751.608487,300,11.98,342,10.46
1790616751.6877089,306,11.74,341,10.49
1790616751.807711,297,12.11,346,10.33
1790616751.907945,301,11.94,363,9.83
1790616752.029406,308,11.66,399,8.9
1790616752.129527,302,11.9,416,8.52
1790616752.2477582,305,11.78,399,8.9
1790616752.347522,304,11.82,352,10.15
1790616752.467934,298,12.06,301,11.94
1790616752.568322,304,11.82,301,11.94
1790616752.668383,300,11.98,323,11.1
1790616752.7879329,306,11.74,352,10.15
1790616752.887614,305,11.78,381,9.34
1790616752.9876962,307,11.7,405,8.77
1790616753.10775,302,11.9,439,8.05
1790616753.20767,305,11.78,405,8.77
1790616753.328892,306,11.74,336,10.65
1790616753.427947,301,11.94,300,11.98
1790616753.548485,308,11.66,302,11.9
1790616753.647674,299,12.02,301,11.94
1790616753.747962,305,11.78,300,11.98
1790616753.867711,306,11.74,307,11.7
1790616753.968915,308,11.66,312,11.5
1790616754.088834,304,11.82,318,11.28
1790616754.1898088,298,12.06,317,11.32
1790616754.2889888,301,11.94,318,11.28
1790616754.407648,312,11.5,324,11.06
1790616754.5075421,303,11.86,324,11.06
1790616754.630048,304,11.82,323,11.1
1790616754.729453,310,11.58,324,11.06
1790616754.847633,306,11.74,324,11.06
1790616754.947747,304,11.82,325,11.03
1790616755.048047,304,11.82,328,10.92
1790616755.167747,306,11.74,324,11.06
1790616755.267752,306,11.74,323,11.1
1790616755.368494,306,11.74,329,10.89
1790616755.489213,303,11.86,324,11.06
1790616755.588039,300,11.98,329,10.89
1790616755.690329,310,11.58,329,10.89
1790616755.788883,297,12.11,324,11.06
1790616755.90808,306,11.74,301,11.94
1790616756.0078452,302,11.9,289,12.45
1790616756.128063,305,11.78,266,13.56
1790616756.22795,307,11.7,232,15.61
1790616756.347908,305,11.78,200,18.18
1790616756.448159,311,11.54,164,22.26
1790616756.549304,305,11.78,74,30.0
1790616756.670076,306,11.74,182,20.02
1790616756.788695,305,11.78,200,18.18
1790616756.888022,308,11.66,164,22.26
1790616756.98752,300,11.98,141,25.96
1790616757.088316,307,11.7,134,27.34
1790616757.1881258,298,12.06,134,27.34
1790616757.307796,307,11.7,134,27.34
1790616757.407906,309,11.62,134,27.34
1790616757.507885,299,12.02,134,27.34
1790616757.628166,304,11.82,134,27.34
1790616757.7276218,300,11.98,135,27.14
1790616757.8279018,307,11.7,141,25.96
1790616757.9505,306,11.74,141,25.96
1790616758.0676448,303,11.86,141,25.96
1790616758.167594,310,11.58,141,25.96
1790616758.3077471,304,11.82,146,25.06
1790616758.3879418,300,11.98,140,26.15
1790616758.487913,300,11.98,141,25.96
1790616758.6081128,302,11.9,140,26.15
1790616758.7083871,300,11.98,141,25.96
1790616758.807437,299,12.02,141,25.96
1790616758.907694,309,11.62,141,25.96
1790616759.028003,311,11.54,146,25.06
1790616759.1277308,305,11.78,158,23.12
1790616759.250349,311,11.54,182,20.02
1790616759.3509178,304,11.82,200,18.18
1790616759.450141,302,11.9,227,15.97
1790616759.549551,301,11.94,225,16.11
1790616759.669355,303,11.86,247,14.64
1790616759.787316,297,12.11,266,13.56
1790616759.867764,305,11.78,283,12.72
1790616759.969963,302,11.9,294,12.23
1790616760.09148,303,11.86,312,11.5
1790616760.1895292,304,11.82,318,11.28
1790616760.313947,300,11.98,340,10.52
1790616760.410671,306,11.74,358,9.97
1790616760.5151591,303,11.86,375,9.5
1790616760.631945,304,11.82,381,9.34
1790616760.7307599,308,11.66,381,9.34
1790616760.830713,309,11.62,386,9.22
1790616760.9509299,306,11.74,375,9.5
1790616761.050604,303,11.86,369,9.66
1790616761.150746,304,11.82,370,9.63
1790616761.2909498,308,11.66,375,9.5
1790616761.370729,307,11.7,375,9.5
1790616761.47068,306,11.74,364,9.8
1790616761.590522,302,11.9,358,9.97
1790616761.690593,303,11.86,358,9.97
1790616761.790924,305,11.78,359,9.94
1790616761.911766,296,12.15,359,9.94
1790616762.013129,303,11.86,358,9.97
1790616762.112575,305,11.78,358,9.97
1790616762.230672,299,12.02,359,9.94
1790616762.330524,309,11.62,358,9.97
1790616762.430667,302,11.9,359,9.94
1790616762.550635,305,11.78,357,10.0
1790616762.6518998,302,11.9,358,9.97
1790616762.7510972,302,11.9,363,9.83
1790616762.87055,306,11.74,364,9.8
1790616762.9717,304,11.82,352,10.15
1790616763.070781,304,11.82,334,10.72
1790616763.1707442,305,11.78,313,11.46
1790616763.2907379,304,11.82,283,12.72
1790616763.390696,304,11.82,260,13.89
1790616763.510483,304,11.82,213,17.04
1790616763.611299,308,11.66,158,23.12
1790616763.710787,303,11.86,104,30.0
1790616763.830416,304,11.82,230,15.75
1790616763.9306262,303,11.86,188,19.37
1790616764.030689,309,11.62,163,22.4
1790616764.150589,307,11.7,159,22.98
1790616764.2506518,308,11.66,158,23.12
1790616764.3706,312,11.5,159,22.98
1790616764.47074,299,12.02,165,22.13
1790616764.570855,306,11.74,164,22.26
1790616764.673991,305,11.78,164,22.26
1790616764.790478,303,11.86,164,22.26
1790616764.8904,298,12.06,164,22.26
1790616764.9940832,295,12.19,164,22.26
1790616765.0905879,305,11.78,164,22.26
1790616765.210729,301,11.94,163,22.4
1790616765.312566,305,11.78,164,22.26
1790616765.430379,301,11.94,164,22.26
1790616765.530487,300,11.98,165,22.13
1790616765.65056,299,12.02,164,22.26
1790616765.750844,303,11.86,165,22.13
1790616765.871819,307,11.7,164,22.26
1790616765.9729311,298,12.06,164,22.26
1790616766.073992,309,11.62,175,20.84
1790616766.190607,306,11.74,176,20.72
1790616766.290755,301,11.94,189,19.26
1790616766.4114392,302,11.9,213,17.04
1790616766.5128489,313,11.46,230,15.75
1790616766.630548,307,11.7,242,14.95
1790616766.730486,299,12.02,253,14.28
1790616766.83066,299,12.02,295,12.19
1790616766.930509,305,11.78,346,10.33
1790616767.0307698,306,11.74,317,11.32
1790616767.1505349,307,11.7,312,11.5
1790616767.256851,308,11.66,323,11.1
1790616767.350566,301,11.94,357,10.0
1790616767.471297,306,11.74,225,16.11
1790616767.5708952,300,11.98,128,28.64
1790616767.690541,307,11.7,80,30.0
1790616767.790657,302,11.9,86,30.0
1790616767.890717,304,11.82,86,30.0
1790616768.010849,308,11.66,86,30.0
1790616768.110791,302,11.9,86,30.0
1790616768.230565,304,11.82,80,30.0
1790616768.330472,305,11.78,74,30.0
1790616768.430829,307,11.7,74,30.0
1790616768.5311081,307,11.7,69,30.0
1790616768.650749,300,11.98,61,30.0
1790616768.7504551,307,11.7,56,30.0
1790616768.8506749,301,11.94,62,30.0
1790616768.9706528,303,11.86,62,30.0
1790616769.070689,307,11.7,68,30.0
1790616769.191815,311,11.54,62,30.0
1790616769.290786,299,12.02,62,30.0
1790616769.410689,302,11.9,56,30.0
1790616769.5103538,306,11.74,67,30.0
1790616769.610605,306,11.74,67,30.0
1790616769.7303638,305,11.78,61,30.0
1790616769.831991,309,11.62,86,30.0
1790616769.931392,309,11.62,67,30.0
1790616770.050434,307,11.7,72,30.0
1790616770.150382,306,11.74,122,30.0
1790616770.289939,305,11.78,260,13.89
1790616770.3703082,305,11.78,237,15.28
1790616770.472803,300,11.98,214,16.96
1790616770.5715032,296,12.15,170,21.46
1790616770.692536,304,11.82,98,30.0
1790616770.792671,302,11.9,141,25.96
1790616770.89264,303,11.86,213,17.04
1790616771.012388,305,11.78,62,30.0
1790616771.112455,302,11.9,37,30.0
1790616771.234317,303,11.86,43,30.0
1790616771.332758,300,11.98,50,30.0
1790616771.4343512,303,11.86,50,30.0
1790616771.552403,303,11.86,50,30.0
1790616771.652621,297,12.11,50,30.0
1790616771.7526941,303,11.86,49,30.0
1790616771.8722281,301,11.94,50,30.0
1790616771.972524,306,11.74,49,30.0
1790616772.092583,304,11.82,56,30.0
1790616772.1993458,301,11.94,56,30.0
1790616772.295282,300,11.98,57,30.0
1790616772.412622,298,12.06,50,30.0
1790616772.5125172,308,11.66,50,30.0
1790616772.612521,303,11.86,50,30.0
1790616772.7329469,303,11.86,54,30.0
1790616772.834194,306,11.74,50,30.0
1790616772.9325209,303,11.86,50,30.0
1790616773.052564,306,11.74,50,30.0
1790616773.152336,297,12.11,56,30.0
1790616773.252488,306,11.74,55,30.0
1790616773.3725162,301,11.94,50,30.0
1790616773.4723232,307,11.7,50,30.0
1790616773.594702,303,11.86,43,30.0
1790616773.6934552,305,11.78,86,30.0
1790616773.794742,297,12.11,611,5.67
1790616773.9128451,305,11.78,495,7.1
1790616774.014338,302,11.9,728,4.69
1790616774.134507,308,11.66,341,3.0
1790616774.2524319,305,11.78,220,3.0
1790616774.334487,298,12.06,152,3.0
1790616774.45343,299,12.02,79,30.0
1790616774.553517,306,11.74,104,30.0
1790616774.673409,300,11.98,85,30.0
1790616774.774666,310,11.58,104,30.0
1790616774.874719,307,11.7,122,30.0
1790616774.994855,297,12.11,117,30.0
1790616775.093869,306,11.74,110,30.0
1790616775.1937048,309,11.62,110,30.0
1790616775.293484,301,11.94,110,30.0
1790616775.413598,301,11.94,104,30.0
1790616775.5134232,302,11.9,98,30.0
1790616775.633398,306,11.74,98,30.0
1790616775.733484,301,11.94,98,30.0
1790616775.853159,302,11.9,91,30.0
1790616775.95332,314,11.43,92,30.0
1790616776.053478,297,12.11,91,30.0
1790616776.1764648,294,12.23,92,30.0
1790616776.295733,307,11.7,92,30.0
1790616776.3731,305,11.78,92,30.0
1790616776.493304,301,11.94,92,30.0
1790616776.593662,298,12.06,91,30.0
1790616776.7135491,304,11.82,86,30.0
1790616776.8138099,309,11.62,91,30.0
1790616776.91363,302,11.9,96,30.0
1790616777.013344,308,11.66,91,30.0
1790616777.133555,302,11.9,91,30.0
1790616777.233574,304,11.82,93,30.0
1790616777.36023,302,11.9,92,30.0
1790616777.454113,298,12.06,92,30.0
1790616777.555711,297,12.11,92,30.0
1790616777.673375,306,11.74,92,30.0
1790616777.773182,306,11.74,85,30.0
1790616777.8952162,306,11.74,73,30.0
1790616777.993541,303,11.86,68,30.0
1790616778.113416,300,11.98,62,30.0
1790616778.2133179,307,11.7,66,30.0
1790616778.313461,307,11.7,44,30.0
1790616778.4133172,309,11.62,85,30.0
1790616778.55613,307,11.7,134,27.34
1790616778.633504,303,11.86,116,30.0
1790616778.760472,309,11.62,134,27.34
1790616778.85548,298,12.06,169,21.59
1790616778.955359,307,11.7,236,15.34
1790616779.073588,304,11.82,347,10.3
1790616779.173367,306,11.74,473,7.44
1790616779.293951,304,11.82,729,4.68
1790616779.3943129,307,11.7,728,4.69
1790616779.513422,306,11.74,728,4.69
1790616779.6132731,303,11.86,727,4.7
1790616779.733215,300,11.98,545,6.41
1790616779.833476,304,11.82,445,7.94
1790616779.933416,310,11.58,369,9.66
1790616780.0335639,307,11.7,271,13.31
1790616780.153365,300,11.98,266,13.56
1790616780.2533052,311,11.54,271,13.31
1790616780.373354,300,11.98,284,12.68
1790616780.473408,301,11.94,289,12.45
1790616780.5739121,300,11.98,289,12.45
1790616780.693378,303,11.86,283,12.72
1790616780.793314,309,11.62,289,12.45
1790616780.914958,303,11.86,386,9.22
1790616781.013219,306,11.74,422,8.4
1790616781.1331909,307,11.7,490,7.17
1790616781.23337,301,11.94,358,9.97
1790616781.333586,299,12.02,174,20.96
1790616781.455446,307,11.7,129,28.42
1790616781.553643,305,11.78,169,21.59
1790616781.656127,306,11.74,32,30.0
1790616781.7738612,305,11.78,56,30.0
1790616781.873337,302,11.9,74,30.0
1790616781.973541,304,11.82,50,30.0
1790616782.0732439,305,11.78,36,30.0
1790616782.19308,301,11.94,37,30.0
1790616782.293268,303,11.86,20,30.0
1790616782.393336,308,11.66,73,30.0
1790616782.4932868,302,11.9,69,30.0
1790616782.619572,311,11.54,74,30.0
1790616782.714358,305,11.78,74,30.0
1790616782.8155808,305,11.78,79,30.0
1790616782.915808,300,11.98,80,30.0
1790616783.053324,307,11.7,86,30.0
1790616783.1332932,303,11.86,85,30.0
1790616783.233786,305,11.78,80,30.0
1790616783.3533618,308,11.66,73,30.0
1790616783.453254,299,12.02,80,30.0
1790616783.573483,302,11.9,81,30.0
1790616783.673368,300,11.98,79,30.0
1790616783.7741199,302,11.9,90,30.0
1790616783.8934941,303,11.86,80,30.0
1790616783.993401,304,11.82,74,30.0
1790616784.119254,306,11.74,85,30.0
1790616784.2140841,310,11.58,79,30.0
1790616784.3334122,307,11.7,68,30.0
1790616784.4334981,299,12.02,70,30.0
1790616784.5532649,304,11.82,80,30.0
1790616784.653093,299,12.02,73,30.0
1790616784.753278,305,11.78,79,30.0
1790616784.873122,302,11.9,80,30.0
1790616784.973213,301,11.94,85,30.0
1790616785.093672,305,11.78,86,30.0
1790616785.193061,306,11.74,80,30.0
1790616785.313374,302,11.9,43,30.0
1790616785.415162,300,11.98,38,30.0
1790616785.51455,307,11.7,50,30.0
1790616785.6151428,302,11.9,50,30.0
1790616785.733309,300,11.98,62,30.0
1790616785.833878,301,11.94,26,30.0
1790616785.933429,305,11.78,123,30.0
1790616786.034009,301,11.94,219,16.57
1790616786.1333911,303,11.86,117,30.0
1790616786.233302,303,11.86,248,14.58
1790616786.353308,307,11.7,524,6.68
1790616786.4533188,308,11.66,462,7.63
1790616786.554398,305,11.78,400,8.88
1790616786.675927,306,11.74,231,15.68
1790616786.77489,304,11.82,72,30.0
1790616786.8748941,300,11.98,80,30.0
1790616786.974655,301,11.94,67,30.0
1790616787.093431,302,11.9,56,30.0
1790616787.193322,307,11.7,243,14.89
1790616787.292964,301,11.94,152,24.05
1790616787.413242,310,11.58,122,30.0
1790616787.5134668,306,11.74,146,25.06
1790616787.6134012,300,11.98,175,20.84
1790616787.733373,304,11.82,205,17.73
1790616787.8340638,300,11.98,231,15.68
1790616787.9337652,309,11.62,248,14.58
1790616788.053121,300,11.98,260,13.89
1790616788.1533551,306,11.74,277,13.01
1790616788.253176,303,11.86,284,12.68
1790616788.373864,305,11.78,290,12.41
1790616788.4747689,306,11.74,289,12.45
1790616788.5933068,314,11.43,300,11.98
1790616788.6939552,306,11.74,301,11.94
1790616788.793545,299,12.02,308,11.66
1790616788.913248,309,11.62,295,12.19
1790616789.0135639,305,11.78,294,12.23
1790616789.114111,306,11.74,302,11.9
1790616789.233259,306,11.74,301,11.94
1790616789.33343,310,11.58,305,11.78
1790616789.438488,306,11.74,302,11.9
1790616789.534094,300,11.98,300,11.98
1790616789.6533241,297,12.11,301,11.94
1790616789.753262,305,11.78,301,11.94
1790616789.853313,300,11.98,301,11.94
1790616789.9933171,300,11.98,301,11.94
1790616790.0932102,297,12.11,305,11.78
1790616790.193274,303,11.86,306,11.74
1790616790.293358,307,11.7,301,11.94
1790616790.393405,306,11.74,300,11.98
1790616790.513154,301,11.94,306,11.74
1790616790.613111,303,11.86,325,11.03
1790616790.7131789,304,11.82,351,10.18
1790616790.839519,303,11.86,370,9.63
1790616790.93842,307,11.7,386,9.22
1790616791.036201,305,11.78,406,8.74
1790616791.153217,306,11.74,418,8.48
1790616791.2534988,301,11.94,399,8.9
1790616791.376224,300,11.98,348,10.27
1790616791.4752371,305,11.78,300,11.98
1790616791.573498,307,11.7,295,12.19
1790616791.6932049,309,11.62,312,11.5
1790616791.793155,303,11.86,335,10.68
1790616791.8932748,301,11.94,364,9.8
1790616792.0129962,305,11.78,387,9.19
1790616792.113222,307,11.7,400,8.88
1790616792.237366,308,11.66,405,8.77
1790616792.335819,297,12.11,404,8.79
1790616792.436556,305,11.78,296,12.15
1790616792.534728,304,11.82,306,11.74
1790616792.653226,308,11.66,295,12.19
1790616792.753428,301,11.94,301,11.94
1790616792.854506,305,11.78,301,11.94
1790616792.973141,307,11.7,301,11.94
1790616793.0738502,306,11.74,301,11.94
1790616793.172974,309,11.62,301,11.94
1790616793.2933261,308,11.66,302,11.9
1790616793.3932958,297,12.11,300,11.98
1790616793.513226,311,11.54,301,11.94
1790616793.612869,310,11.58,300,11.98
1790616793.7129521,310,11.58,301,11.94
1790616793.813277,305,11.78,301,11.94
1790616793.9341161,304,11.82,301,11.94
1790616794.033516,300,11.98,302,11.9
1790616794.133522,304,11.82,301,11.94
1790616794.2728372,303,11.86,301,11.94
1790616794.353317,306,11.74,301,11.94
1790616794.4532962,305,11.78,306,11.74
1790616794.5734038,304,11.82,301,11.94
1790616794.673131,306,11.74,318,11.28
1790616794.773588,306,11.74,342,10.46
1790616794.899199,299,12.02,364,9.8
1790616795.0002592,304,11.82,374,9.53
1790616795.0954251,298,12.06,399,8.9
1790616795.213182,307,11.7,422,8.4
1790616795.313256,297,12.11,411,8.63
1790616795.4342148,301,11.94,358,9.97
1790616795.552914,299,12.02,305,11.78
1790616795.6531599,310,11.58,302,11.9
1790616795.753249,301,11.94,322,11.13
1790616795.853942,307,11.7,347,10.3
1790616795.95431,305,11.78,376,9.47
1790616796.07442,304,11.82,400,8.88
1790616796.17424,302,11.9,411,8.63
1790616796.274106,303,11.86,411,8.63
1790616796.3958368,308,11.66,387,9.19
1790616796.514098,299,12.02,347,10.3
1790616796.6141481,305,11.78,336,10.65
1790616796.714339,311,11.54,341,10.49
1790616796.815839,310,11.58,335,10.68
1790616796.93404,301,11.94,347,10.3
1790616797.0542731,301,11.94,353,10.12
1790616797.154148,297,12.11,351,10.18
1790616797.254198,300,11.98,352,10.15
1790616797.374233,300,11.98,352,10.15
1790616797.4743738,306,11.74,352,10.15
1790616797.574307,301,11.94,353,10.12
1790616797.695095,302,11.9,352,10.15
1790616797.794136,300,11.98,353,10.12
1790616797.894697,307,11.7,352,10.15
1790616798.014171,304,11.82,353,10.12
1790616798.114114,309,11.62,352,10.15
1790616798.234442,308,11.66,352,10.15
1790616798.334767,308,11.66,352,10.15
1790616798.430004,310,11.58,352,10.15
1790616798.55835,306,11.74,351,10.18
1790616798.657783,303,11.86,352,10.15
1790616798.7745202,307,11.7,364,9.8
1790616798.874541,298,12.06,393,9.05
1790616798.9741282,306,11.74,410,8.65
1790616799.096073,301,11.94,428,8.27
1790616799.195829,305,11.78,406,8.74
1790616799.314154,308,11.66,335,10.68
1790616799.41483,309,11.62,302,11.9
1790616799.5140522,305,11.78,301,11.94
1790616799.6143959,309,11.62,323,11.1
1790616799.734059,307,11.7,347,10.3
1790616799.833945,306,11.74,370,9.63
1790616799.9571252,305,11.78,399,8.9
1790616800.0584562,305,11.78,422,8.4
1790616800.1590881,306,11.74,415,8.54
1790616800.268321,304,11.82,358,9.97
1790616800.3744588,305,11.78,316,11.35
1790616800.4750998,309,11.62,312,11.5
1790616800.5746,305,11.78,318,11.28
1790616800.693938,302,11.9,323,11.1
1790616800.794784,309,11.62,336,10.65
1790616800.920995,309,11.62,346,10.33
1790616801.0145438,302,11.9,317,11.32
1790616801.114105,304,11.82,278,12.96
1790616801.233865,305,11.78,300,11.98
1790616801.3344262,303,11.86,312,11.5
1790616801.433922,310,11.58,312,11.5
1790616801.533982,307,11.7,313,11.46
1790616801.653931,305,11.78,312,11.5
1790616801.758225,304,11.82,317,11.32
1790616801.8544378,298,12.06,316,11.35
1790616801.974905,300,11.98,312,11.5
1790616802.0744362,304,11.82,312,11.5
1790616802.174026,304,11.82,311,11.54
1790616802.294647,307,11.7,312,11.5
1790616802.3987908,308,11.66,312,11.5
1790616802.518132,310,11.58,306,11.74
1790616802.619096,304,11.82,306,11.74
1790616802.7208,307,11.7,307,11.7
1790616802.817048,307,11.7,300,11.98
1790616802.934012,305,11.78,290,12.41
1790616803.033947,303,11.86,260,13.89
1790616803.1344,300,11.98,243,14.89
1790616803.256438,299,12.02,219,16.57
1790616803.354836,302,11.9,194,18.76
1790616803.4742599,297,12.11,169,21.59
1790616803.574317,307,11.7,130,28.2
1790616803.6740181,307,11.7,32,30.0
1790616803.793879,301,11.94,134,27.34
1790616803.8937862,308,11.66,182,20.02
1790616804.033858,306,11.74,170,21.46
1790616804.133785,307,11.7,147,24.89
1790616804.218862,305,11.78,122,30.0
1790616804.334016,306,11.74,116,30.0
1790616804.434044,300,11.98,116,30.0
1790616804.555926,302,11.9,98,30.0
1790616804.654809,303,11.86,91,30.0
1790616804.774536,303,11.86,92,30.0
1790616804.874173,303,11.86,87,30.0
1790616804.9746728,305,11.78,92,30.0
1790616805.066601,304,11.82,80,30.0
1790616805.174458,309,11.62,110,30.0
1790616805.2939909,307,11.7,98,30.0
1790616805.393736,300,11.98,97,30.0
1790616805.49407,308,11.66,97,30.0
1790616805.6139278,296,12.15,98,30.0
1790616805.71573,303,11.86,98,30.0
1790616805.817767,302,11.9,98,30.0
1790616805.91638,307,11.7,92,30.0
1790616806.037908,304,11.82,92,30.0
1790616806.136375,306,11.74,92,30.0
1790616806.2380621,301,11.94,92,30.0
1790616806.35662,297,12.11,98,30.0
1790616806.457917,305,11.78,98,30.0
1790616806.556096,306,11.74,103,30.0
1790616806.656199,304,11.82,98,30.0
1790616806.780869,309,11.62,104,30.0
1790616806.8799942,303,11.86,103,30.0
1790616806.981282,312,11.5,111,30.0
1790616807.096107,301,11.94,118,30.0
1790616807.197819,304,11.82,104,30.0
1790616807.295985,307,11.7,109,30.0
1790616807.4189088,308,11.66,110,30.0
1790616807.537688,306,11.74,111,30.0
1790616807.617166,306,11.74,110,30.0
1790616807.738147,310,11.58,109,30.0
1790616807.836076,306,11.74,116,30.0
1790616807.9361,306,11.74,115,30.0
1790616808.036792,304,11.82,117,30.0
1790616808.136192,307,11.7,117,30.0
1790616808.256768,303,11.86,117,30.0
1790616808.3579588,301,11.94,117,30.0
1790616808.4809449,307,11.7,117,30.0
1790616808.580374,303,11.86,118,30.0
1790616808.696218,300,11.98,117,30.0
1790616808.7978802,301,11.94,116,30.0
1790616808.896415,298,12.06,116,30.0
1790616808.995906,305,11.78,117,30.0
1790616809.1181529,312,11.5,117,30.0
1790616809.216033,307,11.7,117,30.0
1790616809.316048,299,12.02,117,30.0
1790616809.4359381,300,11.98,117,30.0
1790616809.5361102,301,11.94,117,30.0
1790616809.640692,303,11.86,117,30.0
1790616809.736139,307,11.7,119,30.0
1790616809.8578079,308,11.66,117,30.0
1790616809.957918,306,11.74,117,30.0
1790616810.0584588,307,11.7,117,30.0
1790616810.197093,302,11.9,116,30.0
1790616810.297503,307,11.7,116,30.0
1790616810.396153,303,11.86,123,30.0
1790616810.495957,308,11.66,123,30.0
1790616810.616261,305,11.78,128,28.64
1790616810.739748,303,11.86,134,27.34
1790616810.839592,307,11.7,134,27.34
1790616810.9399302,301,11.94,140,26.15
1790616811.056988,306,11.74,157,23.27
1790616811.1580029,302,11.9,188,19.37
1790616811.2834392,310,11.58,218,16.64
1790616811.397818,298,12.06,232,15.61
1790616811.497983,308,11.66,242,14.95
1790616811.597995,306,11.74,266,13.56
1790616811.698337,303,11.86,289,12.45
1790616811.798217,301,11.94,307,11.7
1790616811.89821,308,11.66,324,11.06
1790616812.018118,304,11.82,336,10.65
1790616812.118123,305,11.78,342,10.46
1790616812.238708,297,12.11,347,10.3
1790616812.337954,306,11.74,352,10.15
1790616812.43996,302,11.9,352,10.15
1790616812.55808,298,12.06,346,10.33
1790616812.658774,303,11.86,346,10.33
1790616812.760067,305,11.78,347,10.3
1790616812.858527,300,11.98,341,10.49
1790616812.9791648,302,11.9,341,10.49
1790616813.079092,308,11.66,341,10.49
1790616813.178404,306,11.74,351,10.18
1790616813.2985332,309,11.62,346,10.33
1790616813.39836,311,11.54,340,10.52
1790616813.5180109,311,11.54,341,10.49
1790616813.61805,304,11.82,341,10.49
1790616813.717938,302,11.9,345,10.36
1790616813.838847,306,11.74,340,10.52
1790616813.957713,303,11.86,341,10.49
1790616814.057854,305,11.78,342,10.46
1790616814.158736,300,11.98,342,10.46
1790616814.27767,301,11.94,364,9.8
1790616814.40141,302,11.9,342,10.46
1790616814.477972,306,11.74,341,10.49
1790616814.600329,306,11.74,340,10.52
1790616814.7010188,308,11.66,347,10.3
1790616814.818027,304,11.82,364,9.8
1790616814.9180212,305,11.78,394,9.02
1790616815.0394711,299,12.02,422,8.4
1790616815.138102,301,11.94,444,7.96
1790616815.2397099,298,12.06,434,8.15
1790616815.358413,304,11.82,374,9.53
1790616815.457887,303,11.86,329,10.89
1790616815.558096,308,11.66,324,11.06
1790616815.6779141,304,11.82,352,10.15
1790616815.778018,307,11.7,381,9.34
1790616815.877766,301,11.94,405,8.77
1790616816.001193,307,11.7,433,8.17
1790616816.1027179,305,11.78,435,8.13
1790616816.2021801,313,11.46,535,6.53
1790616816.29882,308,11.66,376,9.47
1790616816.4183092,303,11.86,213,17.04
1790616816.518305,300,11.98,153,23.89
1790616816.61939,306,11.74,117,30.0
1790616816.737851,304,11.82,73,30.0
1790616816.8379688,313,11.46,62,30.0
1790616816.958752,300,11.98,68,30.0
1790616817.058704,304,11.82,68,30.0
1790616817.158253,306,11.74,61,30.0
1790616817.26644,300,11.98,68,30.0
1790616817.377909,311,11.54,66,30.0
1790616817.478247,305,11.78,68,30.0
1790616817.5986838,301,11.94,79,30.0
1790616817.698173,309,11.62,68,30.0
1790616817.818004,301,11.94,68,30.0
1790616817.918498,300,11.98,68,30.0
1790616818.0183349,304,11.82,66,30.0
1790616818.117941,301,11.94,74,30.0
1790616818.2382798,305,11.78,67,30.0
1790616818.360066,308,11.66,73,30.0
1790616818.4599261,304,11.82,67,30.0
1790616818.559836,308,11.66,68,30.0
1790616818.677977,307,11.7,68,30.0
1790616818.7780008,305,11.78,68,30.0
1790616818.8780632,302,11.9,68,30.0
1790616818.999103,301,11.94,68,30.0
1790616819.098175,310,11.58,68,30.0
1790616819.198406,301,11.94,67,30.0
1790616819.338472,302,11.9,67,30.0
1790616819.417932,306,11.74,73,30.0
1790616819.537693,305,11.78,76,30.0
1790616819.637942,307,11.7,67,30.0
1790616819.7380219,311,11.54,61,30.0
1790616819.838154,307,11.7,68,30.0
1790616819.960518,304,11.82,67,30.0
1790616820.061245,302,11.9,68,30.0
1790616820.178633,303,11.86,70,30.0
1790616820.27788,300,11.98,67,30.0
1790616820.378005,304,11.82,67,30.0
1790616820.4779289,309,11.62,67,30.0
1790616820.599276,304,11.82,62,30.0
1790616820.6988301,302,11.9,68,30.0
1790616820.797578,306,11.74,67,30.0
1790616820.897592,303,11.86,67,30.0
1790616820.997739,309,11.62,67,30.0
1790616821.097829,304,11.82,68,30.0
1790616821.217738,306,11.74,73,30.0
1790616821.317788,298,12.06,68,30.0
1790616821.417829,309,11.62,61,30.0
1790616821.520813,299,12.02,67,30.0
1790616821.639384,300,11.98,74,30.0
1790616821.737973,303,11.86,92,30.0
1790616821.857708,310,11.58,97,30.0
1790616821.958144,304,11.82,98,30.0
1790616822.078141,307,11.7,117,30.0
1790616822.178048,304,11.82,103,30.0
1790616822.277946,303,11.86,86,30.0
1790616822.398106,310,11.58,92,30.0
1790616822.49866,299,12.02,103,30.0
1790616822.620683,303,11.86,98,30.0
1790616822.699639,310,11.58,127,28.87
1790616822.820564,307,11.7,123,30.0
1790616822.920793,301,11.94,117,30.0
1790616823.037646,303,11.86,135,27.14
1790616823.137883,308,11.66,152,24.05
1790616823.277612,298,12.06,146,25.06
1790616823.3591979,303,11.86,164,22.26
1790616823.460423,298,12.06,146,25.06
1790616823.5779798,296,12.15,147,24.89
1790616823.6777742,303,11.86,146,25.06
1790616823.797745,304,11.82,147,24.89
1790616823.897913,301,11.94,146,25.06
1790616823.9978912,304,11.82,146,25.06
1790616824.0980139,308,11.66,146,25.06
1790616824.2215528,311,11.54,146,25.06
1790616824.320296,307,11.7,145,25.24
1790616824.4205592,302,11.9,146,25.06
1790616824.5385768,305,11.78,146,25.06
1790616824.638006,299,12.02,153,23.89
1790616824.737827,302,11.9,116,30.0
1790616824.860217,299,12.02,128,28.64
1790616824.957899,308,11.66,153,23.89
1790616825.057842,297,12.11,129,28.42
1790616825.197637,303,11.86,140,26.15
1790616825.278153,300,11.98,152,24.05
1790616825.397999,306,11.74,141,25.96
1790616825.4978108,301,11.94,152,24.05
1790616825.597771,298,12.06,128,28.64
1790616825.698775,306,11.74,135,27.14
1790616825.81836,302,11.9,128,28.64
1790616825.920514,307,11.7,129,28.42
1790616826.037903,306,11.74,128,28.64
1790616826.138106,308,11.66,122,30.0
1790616826.238742,304,11.82,128,28.64
1790616826.3388999,302,11.9,117,30.0
1790616826.4398139,306,11.74,116,30.0
1790616826.559793,302,11.9,128,28.64
1790616826.659798,297,12.11,104,30.0
1790616826.759686,307,11.7,110,30.0
1790616826.881928,305,11.78,115,30.0
1790616826.982497,302,11.9,122,30.0
1790616827.100238,305,11.78,104,30.0
1790616827.1997418,302,11.9,122,30.0
1790616827.321002,306,11.74,116,30.0
1790616827.42016,303,11.86,129,28.42
1790616827.520162,303,11.86,135,27.14
1790616827.6399271,312,11.5,117,30.0
1790616827.739854,300,11.98,116,30.0
1790616827.859676,308,11.66,104,30.0
1790616827.9596858,305,11.78,118,30.0
1790616828.081274,306,11.74,104,30.0
1790616828.1808908,305,11.78,117,30.0
1790616828.281621,298,12.06,103,30.0
1790616828.39951,295,12.19,111,30.0
1790616828.499847,307,11.7,123,30.0
1790616828.619873,299,12.02,135,27.14
1790616828.7195368,304,11.82,117,30.0
1790616828.819616,304,11.82,109,30.0
1790616828.939706,306,11.74,122,30.0
1790616829.039891,302,11.9,128,28.64
1790616829.1596549,306,11.74,128,28.64
1790616829.279806,299,12.02,117,30.0
1790616829.380411,302,11.9,129,28.42
1790616829.4805691,306,11.74,123,30.0
1790616829.599787,307,11.7,140,26.15
1790616829.7003431,303,11.86,134,27.34
1790616829.799912,304,11.82,158,23.12
1790616829.899713,304,11.82,129,28.42
1790616830.019882,300,11.98,123,30.0
1790616830.1275,305,11.78,128,28.64
1790616830.241336,310,11.58,141,25.96
1790616830.341147,308,11.66,129,28.42
1790616830.44106,300,11.98,134,27.34
1790616830.5425432,307,11.7,110,30.0
1790616830.6415,303,11.86,123,30.0
1790616830.7650518,306,11.74,117,30.0
1790616830.859784,305,11.78,116,30.0
1790616830.960302,304,11.82,98,30.0
1790616831.059783,310,11.58,123,30.0
1790616831.183021,302,11.9,104,30.0
1790616831.299614,306,11.74,104,30.0
1790616831.399803,308,11.66,112,30.0
1790616831.499837,308,11.66,109,30.0
1790616831.599827,304,11.82,123,30.0
1790616831.699859,307,11.7,98,30.0
1790616831.819869,302,11.9,111,30.0
1790616831.9195368,299,12.02,104,30.0
1790616832.0442429,306,11.74,104,30.0
1790616832.142134,295,12.19,86,30.0
1790616832.261718,305,11.78,91,30.0
1790616832.3901708,307,11.7,85,30.0
1790616832.459829,302,11.9,92,30.0
1790616832.559853,305,11.78,85,30.0
1790616832.6597629,302,11.9,98,30.0
1790616832.779716,302,11.9,98,30.0
1790616832.879732,307,11.7,111,30.0
1790616832.979701,302,11.9,110,30.0
1790616833.099773,308,11.66,98,30.0
1790616833.1998668,304,11.82,110,30.0
1790616833.299617,299,12.02,122,30.0
1790616833.3997781,303,11.86,122,30.0
1790616833.5198028,301,11.94,109,30.0
1790616833.619661,304,11.82,110,30.0
1790616833.7408519,303,11.86,110,30.0
1790616833.840364,304,11.82,92,30.0
1790616833.940734,309,11.62,98,30.0
1790616834.060854,302,11.9,98,30.0
1790616834.160807,309,11.62,116,30.0
1790616834.2820961,309,11.62,98,30.0
1790616834.381065,306,11.74,86,30.0
1790616834.5025558,309,11.62,98,30.0
1790616834.602737,302,11.9,86,30.0
1790616834.7034419,310,11.58,91,30.0
1790616834.802748,308,11.66,92,30.0
1790616834.902823,304,11.82,103,30.0
1790616835.004535,312,11.5,104,30.0
1790616835.121748,307,11.7,114,30.0
1790616835.221548,306,11.74,110,30.0
1790616835.321684,301,11.94,104,30.0
1790616835.4417431,304,11.82,92,30.0
1790616835.54181,305,11.78,103,30.0
1790616835.6616929,297,12.11,104,30.0
1790616835.7617102,309,11.62,111,30.0
1790616835.8632152,302,11.9,98,30.0
1790616835.9624882,309,11.62,117,30.0
1790616836.082717,300,11.98,97,30.0
1790616836.184028,303,11.86,104,30.0
1790616836.303248,302,11.9,110,30.0
1790616836.404479,306,11.74,117,30.0
1790616836.503049,304,11.82,116,30.0
1790616836.623178,306,11.74,110,30.0
1790616836.724128,300,11.98,134,27.34
1790616836.842598,307,11.7,110,30.0
1790616836.9428601,301,11.94,129,28.42
1790616837.042651,304,11.82,92,30.0
1790616837.162583,307,11.7,134,27.34
1790616837.268512,303,11.86,128,28.64
1790616837.365155,301,11.94,117,30.0
1790616837.482562,297,12.11,103,30.0
1790616837.603891,305,11.78,140,26.15
1790616837.6829069,305,11.78,147,24.89
1790616837.805613,306,11.74,123,30.0
1790616837.9047449,300,11.98,122,30.0
1790616838.022433,299,12.02,128,28.64
1790616838.122545,302,11.9,128,28.64
1790616838.222792,303,11.86,141,25.96
1790616838.322668,308,11.66,140,26.15
1790616838.442723,302,11.9,123,30.0
1790616838.542707,308,11.66,109,30.0
1790616838.642529,303,11.86,123,30.0
1790616838.769311,309,11.62,129,28.42
1790616838.865953,296,12.15,140,26.15
1790616838.9640489,301,11.94,129,28.42
1790616839.082745,304,11.82,111,30.0
1790616839.206203,307,11.7,139,26.34
1790616839.30487,304,11.82,143,25.59
1790616839.4045298,297,12.11,151,24.22
1790616839.522736,304,11.82,134,27.34
1790616839.6229298,300,11.98,123,30.0
1790616839.7433841,308,11.66,128,28.64
1790616839.84279,296,12.15,135,27.14
1790616839.9427662,304,11.82,141,25.96
1790616840.042614,303,11.86,135,27.14
1790616840.163035,306,11.74,123,30.0
1790616840.264916,305,11.78,128,28.64
1790616840.3634229,301,11.94,129,28.42
1790616840.48261,305,11.78,134,27.34
1790616840.5824409,310,11.58,153,23.89
1790616840.702658,306,11.74,135,27.14
1790616840.8033621,302,11.9,135,27.14
1790616840.902623,299,12.02,159,22.98
1790616841.022488,303,11.86,134,27.34
1790616841.122611,305,11.78,105,30.0
1790616841.222604,306,11.74,122,30.0
1790616841.342704,309,11.62,152,24.05
1790616841.442604,303,11.86,140,26.15
1790616841.542599,304,11.82,141,25.96
1790616841.642435,305,11.78,152,24.05
1790616841.782454,307,11.7,133,27.55
1790616841.865642,302,11.9,158,23.12
1790616841.962566,303,11.86,146,25.06
1790616842.082679,308,11.66,157,23.27
1790616842.182549,309,11.62,146,25.06
1790616842.2828858,305,11.78,153,23.89
1790616842.383017,293,12.28,128,28.64
1790616842.503178,298,12.06,122,30.0
1790616842.602649,293,12.28,118,30.0
1790616842.702606,300,11.98,152,24.05
1790616842.82392,297,12.11,117,30.0
1790616842.92258,302,11.9,134,27.34
1790616843.026292,307,11.7,134,27.34
1790616843.142623,303,11.86,146,25.06
1790616843.243766,306,11.74,146,25.06
1790616843.344674,307,11.7,147,24.89
1790616843.464842,306,11.74,118,30.0
1790616843.564736,299,12.02,122,30.0
1790616843.684337,301,11.94,128,28.64
1790616843.7845812,308,11.66,122,30.0
1790616843.884501,305,11.78,147,24.89
1790616843.988092,301,11.94,140,26.15
1790616844.1056058,306,11.74,176,20.72
1790616844.205394,307,11.7,147,24.89
1790616844.3064609,305,11.78,145,25.24
1790616844.406492,303,11.86,163,22.4
1790616844.526711,303,11.86,152,24.05
1790616844.6284292,306,11.74,146,25.06
1790616844.751325,297,12.11,140,26.15
1790616844.846526,305,11.78,169,21.59
1790616844.9665668,308,11.66,159,22.98
1790616845.068182,302,11.9,158,23.12
1790616845.190073,308,11.66,170,21.46
1790616845.2887008,300,11.98,142,25.78
1790616845.406525,306,11.74,158,23.12
1790616845.506526,303,11.86,158,23.12
1790616845.606696,300,11.98,174,20.96
1790616845.7269518,302,11.9,158,23.12
1790616845.8269749,301,11.94,129,28.42
1790616845.9270248,310,11.58,128,28.64
1790616846.0265868,305,11.78,152,24.05
1790616846.1469162,302,11.9,140,26.15
1790616846.2467258,304,11.82,145,25.24
1790616846.3465679,303,11.86,152,24.05
1790616846.446645,306,11.74,134,27.34
1790616846.5665438,307,11.7,166,21.99
1790616846.6665258,308,11.66,158,23.12
1790616846.7666318,303,11.86,129,28.42
1790616846.866546,300,11.98,134,27.34
1790616846.986416,304,11.82,103,30.0
1790616847.0871959,310,11.58,110,30.0
1790616847.189225,303,11.86,146,25.06
1790616847.3065732,304,11.82,145,25.24
1790616847.407312,303,11.86,123,30.0
1790616847.506635,307,11.7,145,25.24
1790616847.606426,306,11.74,110,30.0
1790616847.72674,303,11.86,161,22.69
1790616847.8267279,308,11.66,153,23.89
1790616847.948255,308,11.66,116,30.0
1790616848.048565,304,11.82,141,25.96
1790616848.166657,298,12.06,186,19.58
1790616848.26788,306,11.74,176,20.72
1790616848.388337,307,11.7,146,25.06
1790616848.487478,310,11.58,134,27.34
1790616848.587382,305,11.78,110,30.0
1790616848.706471,302,11.9,170,21.46
1790616848.8064792,303,11.86,153,23.89
1790616848.906454,304,11.82,140,26.15
1790616849.006477,307,11.7,146,25.06
1790616849.106909,300,11.98,153,23.89
1790616849.2268212,301,11.94,141,25.96
1790616849.327116,299,12.02,140,26.15
1790616849.426597,307,11.7,152,24.05
1790616849.5493178,307,11.7,169,21.59
1790616849.650819,309,11.62,170,21.46
1790616849.766338,304,11.82,165,22.13
1790616849.8666291,305,11.78,157,23.27
1790616849.988062,307,11.7,158,23.12
1790616850.0891762,300,11.98,165,22.13
1790616850.20635,313,11.46,182,20.02
1790616850.306454,309,11.62,140,26.15
1790616850.406625,305,11.78,164,22.26
1790616850.526557,304,11.82,170,21.46
1790616850.626506,299,12.02,49,30.0
1790616850.7263072,310,11.58,140,26.15
1790616850.84755,307,11.7,176,20.72
1790616850.9483662,303,11.86,153,23.89
1790616851.0483,307,11.7,158,23.12
1790616851.147841,304,11.82,110,30.0
1790616851.269264,313,11.46,110,30.0
1790616851.367496,309,11.62,141,25.96
1790616851.487637,299,12.02,194,18.76
1790616851.587273,305,11.78,176,20.72
1790616851.688423,305,11.78,146,25.06
1790616851.8103418,303,11.86,160,22.83
1790616851.9105542,302,11.9,146,25.06
1790616852.00994,303,11.86,164,22.26
1790616852.128428,300,11.98,128,28.64
1790616852.228433,305,11.78,117,30.0
1790616852.328449,297,12.11,134,27.34
1790616852.4283981,307,11.7,164,22.26
1790616852.528377,305,11.78,134,27.34
1790616852.64868,301,11.94,128,28.64
1790616852.749216,297,12.11,145,25.24
1790616852.868459,302,11.9,170,21.46
1790616852.968461,304,11.82,156,23.43
1790616853.068486,309,11.62,164,22.26
1790616853.1884391,306,11.74,129,28.42
1790616853.288437,303,11.86,122,30.0
1790616853.3882098,310,11.58,146,25.06
1790616853.509579,307,11.7,128,28.64
1790616853.609986,309,11.62,152,24.05
1790616853.728488,303,11.86,110,30.0
1790616853.8282251,301,11.94,158,23.12
1790616853.9283452,305,11.78,188,19.37
1790616854.0282948,303,11.86,133,27.55
1790616854.148462,303,11.86,146,25.06
1790616854.248971,309,11.62,117,30.0
1790616854.348644,309,11.62,158,23.12
1790616854.468483,301,11.94,153,23.89
1790616854.568574,307,11.7,169,21.59
1790616854.668545,306,11.74,170,21.46
1790616854.7684639,302,11.9,163,22.4
1790616854.8885279,306,11.74,182,20.02
1790616854.9883819,300,11.98,129,28.42
1790616855.1086998,304,11.82,128,28.64
1790616855.208987,302,11.9,165,22.13
1790616855.3085089,300,11.98,165,22.13
1790616855.448416,306,11.74,152,24.05
1790616855.5299358,306,11.74,194,18.76
1790616855.6298618,303,11.86,169,21.59
1790616855.72982,301,11.94,159,22.98
1790616855.8285298,303,11.86,109,30.0
1790616855.94885,309,11.62,146,25.06
1790616856.048458,307,11.7,123,30.0
1790616856.1484532,307,11.7,122,30.0
1790616856.248349,307,11.7,140,26.15
1790616856.348493,303,11.86,133,27.55
1790616856.4486349,304,11.82,170,21.46
1790616856.571473,308,11.66,181,20.13
1790616856.671448,305,11.78,171,21.33
1790616856.76956,299,12.02,193,18.85
1790616856.8720288,304,11.82,193,18.85
1790616856.988495,304,11.82,170,21.46
1790616857.1093419,305,11.78,164,22.26
1790616857.188572,305,11.78,122,30.0
1790616857.288471,302,11.9,176,20.72
1790616857.388372,303,11.86,170,21.46
1790616857.5088792,309,11.62,175,20.84
1790616857.6083379,304,11.82,193,18.85
1790616857.7083929,308,11.66,206,17.64
1790616857.829077,300,11.98,220,16.49
1790616857.92854,302,11.9,237,15.28
1790616858.028407,300,11.98,220,16.49
1790616858.128462,303,11.86,219,16.57
1790616858.228859,307,11.7,183,19.91
1790616858.328453,298,12.06,158,23.12
1790616858.428225,307,11.7,220,16.49
1790616858.5489311,308,11.66,206,17.64
1790616858.648551,307,11.7,195,18.66
1790616858.749446,305,11.78,200,18.18
1790616858.848534,310,11.58,170,21.46
1790616858.96815,304,11.82,228,15.9
1790616859.0685608,300,11.98,214,16.96
1790616859.1684842,310,11.58,205,17.73
1790616859.2688892,307,11.7,249,14.52
1790616859.389729,303,11.86,176,20.72
1790616859.4882371,306,11.74,188,19.37
1790616859.5882418,300,11.98,169,21.59
1790616859.6882749,304,11.82,230,15.75
1790616859.8102558,305,11.78,188,19.37
1790616859.9099,299,12.02,213,17.04
1790616860.00899,308,11.66,206,17.64
1790616860.109243,302,11.9,225,16.11
1790616860.2084439,302,11.9,225,16.11
1790616860.329267,303,11.86,231,15.68
1790616860.4354692,308,11.66,225,16.11
1790616860.5299032,299,12.02,241,15.02
1790616860.631135,308,11.66,206,17.64
1790616860.730258,301,11.94,254,14.23
1790616860.848504,302,11.9,206,17.64
1790616860.948438,302,11.9,182,20.02
1790616861.0481348,300,11.98,194,18.76
1790616861.148343,309,11.62,194,18.76
1790616861.269331,301,11.94,225,16.11
1790616861.370532,299,12.02,167,21.86
1790616861.468747,305,11.78,205,17.73
1790616861.588469,303,11.86,200,18.18
1790616861.668902,306,11.74,187,19.47
1790616861.7700312,308,11.66,219,16.57
1790616861.889838,305,11.78,182,20.02
1790616861.9882581,307,11.7,164,22.26
1790616862.0883431,298,12.06,164,22.26
1790616862.1888351,307,11.7,156,23.43
1790616862.288687,303,11.86,187,19.47
1790616862.388277,303,11.86,176,20.72
1790616862.5086021,308,11.66,149,24.55
1790616862.608171,311,11.54,218,16.64
1790616862.708244,300,11.98,170,21.46
1790616862.808471,308,11.66,152,24.05
1790616862.928951,307,11.7,193,18.85
1790616863.029264,312,11.5,188,19.37
1790616863.130101,316,11.35,225,16.11
1790616863.22941,306,11.74,213,17.04
1790616863.329659,302,11.9,158,23.12
1790616863.4292831,311,11.54,264,13.67
1790616863.5498219,310,11.58,254,14.23
1790616863.649266,304,11.82,237,15.28
1790616863.749494,305,11.78,200,18.18
1790616863.8693812,304,11.82,231,15.68
1790616863.969494,296,12.15,225,16.11
1790616864.071729,303,11.86,243,14.89
1790616864.1694012,303,11.86,224,16.19
1790616864.272146,307,11.7,237,15.28
1790616864.3907351,305,11.78,237,15.28
1790616864.4915462,305,11.78,218,16.64
1790616864.5915022,311,11.54,206,17.64
1790616864.6946208,302,11.9,213,17.04
1790616864.809288,305,11.78,193,18.85
1790616864.909184,305,11.78,254,14.23
1790616865.009568,301,11.94,236,15.34
1790616865.1093671,302,11.9,243,14.89
1790616865.229561,304,11.82,225,16.11
1790616865.329497,298,12.06,271,13.31
1790616865.429429,309,11.62,237,15.28
