unix_timestamp,x,y,z
1790742774.4857202,0.0,0.0,0.0
1790742774.5459058,0.0,0.0,0.0
1790742774.5863428,-2e-05,2e-05,0.0
1790742774.641941,-2e-05,1e-05,0.0
1790742774.6894631,-1e-05,1e-05,0.0
1790742774.742155,-2e-05,-0.0,0.0
1790742774.7852259,-2e-05,2e-05,0.0
1790742774.843062,-4e-05,0.0,0.0
1790742774.889257,-3e-05,-4e-05,0.0
1790742774.947596,-3e-05,-4e-05,0.0
1790742775.005022,-3e-05,-4e-05,0.0
1790742775.047864,-6e-05,-2e-05,0.0
1790742775.105454,-6e-05,-3e-05,0.0
1790742775.166504,-5e-05,-4e-05,0.0
1790742775.224588,-0.0,-6e-05,0.0
1790742775.2809541,-0.0,-1e-05,0.0
1790742775.325001,-3e-05,1e-05,0.0
1790742775.387504,-6e-05,1e-05,0.0
1790742775.426558,-3e-05,-0.0,0.0
1790742775.4850628,0.0,-2e-05,0.0
1790742775.5413709,0.0,-4e-05,0.0
1790742775.58672,-1e-05,-3e-05,0.0
1790742775.6431649,0.0,-2e-05,0.0
1790742775.703938,-0.0,-5e-05,0.0
1790742775.742132,0.00023,-0.00016,0.0
1790742775.825975,0.00049,-3e-05,0.0
1790742775.8662798,0.00057,-0.00028,0.0
1790742775.927434,0.00057,-0.00036,0.0
1790742775.976081,0.00083,-0.00057,0.0
1790742776.025585,0.00107,-0.00075,0.0
1790742776.087307,0.00113,-0.00077,0.0
1790742776.138201,0.00117,-0.00078,0.0
1790742776.185805,0.00131,-0.00086,0.0
1790742776.2413042,0.00126,-0.0008,0.0
1790742776.3038661,0.00102,-0.00091,0.0
1790742776.341388,0.00093,-0.00075,0.0
1790742776.406962,0.00075,-0.00069,0.0
1790742776.4657888,0.00061,-0.00074,0.0
1790742776.5050082,0.00077,-0.00102,0.0
1790742776.566806,0.00096,-0.00113,0.0
1790742776.625632,0.00103,-0.00119,0.0
1790742776.681144,0.00108,-0.00123,0.0
1790742776.726264,0.0011,-0.00128,0.0
1790742776.786756,0.00108,-0.0013,0.0
1790742776.836889,0.00107,-0.00131,0.0
1790742776.90732,0.00114,-0.00136,0.0
1790742776.943382,0.00141,-0.00132,0.0
1790742777.0062091,0.00157,-0.00126,0.0
1790742777.0651782,0.00174,-0.00122,0.0
1790742777.1243782,0.00195,-0.00103,0.0
1790742777.167308,0.00209,-0.0008,0.0
1790742777.242414,0.00218,-0.00104,0.0
1790742777.30552,0.00199,-0.0013,0.0
1790742777.3652952,0.00179,-0.00124,0.0
1790742777.42639,0.00207,-0.00117,0.0
1790742777.484926,0.00209,-0.00105,0.0
1790742777.524925,0.00212,-0.00102,0.0
1790742777.585294,0.00226,-0.00116,0.0
1790742777.629364,0.00231,-0.00131,0.0
1790742777.685655,0.0023,-0.00146,0.0
1790742777.738858,0.0025,-0.00157,0.0
1790742777.8050911,0.00259,-0.00164,0.0
1790742777.841803,0.00289,-0.00169,0.0
1790742777.904208,0.00322,-0.00127,0.0
1790742777.9654741,0.00322,-0.00127,0.0
1790742778.0057201,0.00321,-0.00109,0.0
1790742778.0654871,0.00322,-0.0011,0.0
1790742778.127624,0.00318,-0.00109,0.0
1790742778.185345,0.00317,-0.00108,0.0
1790742778.226683,0.00317,-0.00111,0.0
1790742778.286061,0.00318,-0.00107,0.0
1790742778.34054,0.00318,-0.00104,0.0
1790742778.383671,0.00314,-0.00103,0.0
1790742778.443567,0.00311,-0.00099,0.0
1790742778.505978,0.00311,-0.00102,0.0
1790742778.550823,0.00313,-0.001,0.0
1790742778.605907,0.00314,-0.00103,0.0
1790742778.669577,0.0031,-0.00101,0.0
1790742778.7193441,0.00308,-0.00103,0.0
1790742778.786773,0.00309,-0.00101,0.0
1790742778.8470101,0.00307,-0.00098,0.0
1790742778.900566,0.00306,-0.00101,0.0
1790742778.950162,0.00302,-0.00101,0.0
1790742779.005871,0.00306,-0.00097,0.0
1790742779.065299,0.00304,-0.00099,0.0
1790742779.1269,0.00297,-0.00098,0.0
1790742779.1859431,0.00294,-0.00101,0.0
1790742779.246454,0.00295,-0.00101,0.0
1790742779.304538,0.00296,-0.00101,0.0
1790742779.3659022,0.00295,-0.00105,0.0
1790742779.424931,0.00294,-0.00106,0.0
1790742779.4911292,0.00294,-0.00105,0.0
1790742779.5457568,0.00295,-0.00105,0.0
1790742779.6060648,0.00293,-0.00105,0.0
1790742779.6615481,0.00291,-0.00101,0.0
1790742779.7053041,0.0029,-0.00101,0.0
1790742779.784359,0.00288,-0.00102,0.0
1790742779.8264709,0.0029,-0.00102,0.0
1790742779.884594,0.00293,-0.00101,0.0
1790742779.945359,0.00293,-0.00102,0.0
1790742780.005677,0.00293,-0.00106,0.0
1790742780.045928,0.00291,-0.00109,0.0
1790742780.10589,0.00291,-0.00107,0.0
1790742780.145534,0.00292,-0.00108,0.0
1790742780.2050612,0.00293,-0.00108,0.0
1790742780.259726,0.00292,-0.0011,0.0
1790742780.304733,0.0029,-0.00108,0.0
1790742780.3658938,0.00288,-0.0011,0.0
1790742780.406183,0.00289,-0.00108,0.0
1790742780.463258,0.0029,-0.00107,0.0
1790742780.520246,0.00289,-0.00102,0.0
1790742780.560718,0.00284,-0.001,0.0
1790742780.623071,0.00283,-0.001,0.0
1790742780.6688251,0.00286,-0.001,0.0
1790742780.7259898,0.00289,-0.00101,0.0
1790742780.787391,0.00291,-0.00103,0.0
1790742780.850483,0.0029,-0.00104,0.0
1790742780.9050539,0.00286,-0.00104,0.0
1790742780.949147,0.00283,-0.00102,0.0
1790742781.005803,0.00281,-0.00102,0.0
1790742781.0647922,0.00287,-0.00101,0.0
1790742781.12093,0.00285,-0.00105,0.0
1790742781.160783,0.00283,-0.00106,0.0
1790742781.2266822,0.00282,-0.00103,0.0
1790742781.284726,0.00284,-0.00104,0.0
1790742781.328696,0.00286,-0.00101,0.0
1790742781.388854,0.00285,-0.001,0.0
1790742781.4241679,0.00283,-0.00101,0.0
1790742781.488555,0.00282,-0.00101,0.0
1790742781.543566,0.00284,-0.00101,0.0
1790742781.605922,0.00285,-0.00099,0.0
1790742781.645567,0.00285,-0.00099,0.0
1790742781.724869,0.00278,-0.001,0.0
1790742781.786458,0.0028,-0.00101,0.0
1790742781.825909,0.00284,-0.00101,0.0
1790742781.8849301,0.00286,-0.00101,0.0
1790742781.9470642,0.00286,-0.00103,0.0
1790742781.98894,0.00283,-0.00105,0.0
1790742782.043072,0.0028,-0.00104,0.0
1790742782.1048472,0.0028,-0.00106,0.0
1790742782.146027,0.00282,-0.00104,0.0
1790742782.203438,0.00287,-0.00103,0.0
1790742782.247468,0.00288,-0.00107,0.0
1790742782.3049731,0.00286,-0.00108,0.0
1790742782.3660722,0.0028,-0.00109,0.0
1790742782.421162,0.00282,-0.00111,0.0
1790742782.465919,0.00286,-0.0011,0.0
1790742782.525193,0.00287,-0.00109,0.0
1790742782.5646698,0.00283,-0.00105,0.0
1790742782.626175,0.00283,-0.00107,0.0
1790742782.6784651,0.00285,-0.00106,0.0
1790742782.7258291,0.00286,-0.00105,0.0
1790742782.778903,0.00284,-0.00105,0.0
1790742782.8438988,0.00284,-0.00107,0.0
1790742782.880824,0.00284,-0.00106,0.0
1790742782.9508538,0.00285,-0.00111,0.0
1790742782.981041,0.00284,-0.00113,0.0
1790742783.043782,0.00281,-0.00112,0.0
1790742783.0870001,0.00281,-0.00113,0.0
1790742783.146676,0.00284,-0.00113,0.0
1790742783.208778,0.00287,-0.00109,0.0
1790742783.26579,0.00285,-0.00107,0.0
1790742783.306886,0.00281,-0.00108,0.0
1790742783.366894,0.00281,-0.00108,0.0
1790742783.42609,0.00282,-0.00106,0.0
1790742783.46589,0.00285,-0.00106,0.0
1790742783.525821,0.00286,-0.00105,0.0
1790742783.5655098,0.00284,-0.00103,0.0
1790742783.625031,0.00282,-0.00102,0.0
1790742783.67805,0.00283,-0.001,0.0
1790742783.7258701,0.00285,-0.00102,0.0
1790742783.7815628,0.00285,-0.00103,0.0
1790742783.8438709,0.00286,-0.00102,0.0
1790742783.907347,0.00285,-0.00104,0.0
1790742783.964755,0.00284,-0.00107,0.0
1790742784.025412,0.00285,-0.00106,0.0
1790742784.066232,0.00283,-0.00104,0.0
1790742784.124717,0.00281,-0.00107,0.0
1790742784.178158,0.0028,-0.0011,0.0
1790742784.225384,0.00281,-0.0011,0.0
1790742784.2824352,0.00283,-0.00111,0.0
1790742784.3251588,0.00285,-0.00109,0.0
1790742784.387071,0.00284,-0.00106,0.0
1790742784.447636,0.00282,-0.00107,0.0
1790742784.484849,0.00281,-0.00109,0.0
1790742784.544799,0.00282,-0.00111,0.0
1790742784.584946,0.00284,-0.0011,0.0
1790742784.64347,0.00284,-0.00108,0.0
1790742784.70589,0.0028,-0.00108,0.0
1790742784.765887,0.00278,-0.00105,0.0
1790742784.800291,0.00282,-0.00107,0.0
1790742784.8656268,0.00284,-0.00107,0.0
1790742784.925981,0.00283,-0.00105,0.0
1790742784.966298,0.0028,-0.00104,0.0
1790742785.025859,0.00278,-0.00108,0.0
1790742785.067164,0.00279,-0.00111,0.0
1790742785.125119,0.00281,-0.00108,0.0
1790742785.184623,0.00284,-0.00106,0.0
1790742785.221791,0.00284,-0.00106,0.0
1790742785.28532,0.00284,-0.00103,0.0
1790742785.339956,0.00282,-0.00103,0.0
1790742785.386465,0.0028,-0.00102,0.0
1790742785.4484758,0.00279,-0.00097,0.0
1790742785.5079281,0.00279,-0.00093,0.0
1790742785.563574,0.0028,-0.00097,0.0
1790742785.6079738,0.00281,-0.00098,0.0
1790742785.665049,0.00281,-0.00097,0.0
1790742785.705718,0.00282,-0.00099,0.0
1790742785.785429,0.00281,-0.00105,0.0
1790742785.8260522,0.0028,-0.00106,0.0
1790742785.885751,0.00279,-0.00105,0.0
1790742785.927045,0.00279,-0.00108,0.0
1790742785.984575,0.00278,-0.00107,0.0
1790742786.047711,0.00279,-0.00104,0.0
1790742786.085844,0.0028,-0.00104,0.0
1790742786.145876,0.00279,-0.00105,0.0
1790742786.225633,0.00278,-0.00104,0.0
1790742786.284255,0.00278,-0.00105,0.0
1790742786.339283,0.00277,-0.00105,0.0
1790742786.385718,0.00278,-0.00105,0.0
1790742786.4468338,0.00281,-0.00108,0.0
1790742786.485017,0.00281,-0.00108,0.0
1790742786.548118,0.00278,-0.00107,0.0
1790742786.606643,0.00275,-0.00109,0.0
1790742786.6579819,0.00277,-0.00113,0.0
1790742786.706697,0.00277,-0.00111,0.0
1790742786.761877,0.0028,-0.00108,0.0
1790742786.806338,0.00282,-0.00106,0.0
1790742786.866743,0.00281,-0.00104,0.0
1790742786.924428,0.00277,-0.00105,0.0
1790742786.9665651,0.00277,-0.00104,0.0
1790742787.026172,0.00277,-0.00104,0.0
1790742787.0859241,0.00278,-0.00104,0.0
1790742787.125671,0.00278,-0.00104,0.0
1790742787.185938,0.00278,-0.00103,0.0
1790742787.2464561,0.00276,-0.00101,0.0
1790742787.285783,0.00277,-0.00103,0.0
1790742787.346805,0.00279,-0.00102,0.0
1790742787.403572,0.00278,-0.00101,0.0
1790742787.445765,0.00277,-0.001,0.0
1790742787.505327,0.00277,-0.00102,0.0
1790742787.5584671,0.0028,-0.00101,0.0
1790742787.60534,0.00281,-0.001,0.0
1790742787.661783,0.00279,-0.00097,0.0
1790742787.720858,0.00276,-0.00096,0.0
1790742787.784041,0.00274,-0.00097,0.0
1790742787.8177972,0.00276,-0.00096,0.0
1790742787.883681,0.00279,-0.00096,0.0
1790742787.946372,0.0028,-0.001,0.0
1790742787.98431,0.0028,-0.00101,0.0
1790742788.0461051,0.00277,-0.00101,0.0
1790742788.104907,0.00275,-0.00099,0.0
1790742788.1458602,0.00276,-0.00101,0.0
1790742788.203636,0.00278,-0.00101,0.0
1790742788.267227,0.0028,-0.00102,0.0
1790742788.3178802,0.00276,-0.00102,0.0
1790742788.357669,0.00276,-0.00101,0.0
1790742788.425793,0.00277,-0.00099,0.0
1790742788.4865432,0.0028,-0.00096,0.0
1790742788.544945,0.00281,-0.00097,0.0
1790742788.606241,0.0028,-0.00096,0.0
1790742788.645597,0.0028,-0.001,0.0
1790742788.7099369,0.0028,-0.00099,0.0
1790742788.750578,0.00279,-0.00101,0.0
1790742788.806018,0.00278,-0.00106,0.0
1790742788.86524,0.0028,-0.00106,0.0
1790742788.9177191,0.0028,-0.00108,0.0
1790742788.9662,0.00279,-0.00106,0.0
1790742789.023561,0.00279,-0.00106,0.0
1790742789.084909,0.00282,-0.00111,0.0
1790742789.125366,0.00284,-0.00113,0.0
1790742789.18559,0.00285,-0.00113,0.0
1790742789.220549,0.00283,-0.00114,0.0
1790742789.285748,0.00277,-0.00115,0.0
1790742789.348929,0.00275,-0.00114,0.0
1790742789.4065542,0.00278,-0.00111,0.0
1790742789.4457119,0.00282,-0.00111,0.0
1790742789.506748,0.00281,-0.00107,0.0
1790742789.565231,0.00279,-0.00108,0.0
1790742789.607685,0.00275,-0.00109,0.0
1790742789.668601,0.00279,-0.00108,0.0
1790742789.7059798,0.00281,-0.00109,0.0
1790742789.769281,0.0028,-0.00109,0.0
1790742789.8230531,0.00279,-0.00111,0.0
1790742789.86835,0.0028,-0.00109,0.0
1790742789.9239638,0.00279,-0.00113,0.0
1790742789.978236,0.0028,-0.00114,0.0
1790742790.026577,0.00281,-0.00113,0.0
1790742790.081129,0.00278,-0.00103,0.0
1790742790.120425,0.00279,-0.00101,0.0
1790742790.1842391,0.00281,-0.001,0.0
1790742790.225871,0.00279,-0.00103,0.0
1790742790.283016,0.00277,-0.00105,0.0
1790742790.345613,0.00276,-0.00103,0.0
1790742790.4043798,0.00278,-0.00106,0.0
1790742790.447552,0.00282,-0.00105,0.0
1790742790.504771,0.00285,-0.00105,0.0
1790742790.545208,0.00284,-0.00105,0.0
1790742790.610718,0.0028,-0.00106,0.0
1790742790.669287,0.00279,-0.00102,0.0
1790742790.724808,0.00279,-0.00102,0.0
1790742790.7649899,0.00278,-0.00098,0.0
1790742790.824898,0.00277,-0.00095,0.0
1790742790.877644,0.00279,-0.00094,0.0
1790742790.927683,0.0028,-0.00094,0.0
1790742790.978567,0.00278,-0.00098,0.0
1790742791.027943,0.00275,-0.00098,0.0
1790742791.0814269,0.00276,-0.00097,0.0
1790742791.128682,0.00278,-0.001,0.0
1790742791.18469,0.00279,-0.00103,0.0
1790742791.2430332,0.00279,-0.00103,0.0
1790742791.304363,0.00276,-0.00102,0.0
1790742791.346026,0.00275,-0.00106,0.0
1790742791.406034,0.00276,-0.00106,0.0
1790742791.439522,0.00281,-0.00102,0.0
1790742791.50618,0.00282,-0.00101,0.0
1790742791.5412931,0.00279,-0.00104,0.0
1790742791.6078038,0.00277,-0.00106,0.0
1790742791.664129,0.00277,-0.0011,0.0
1790742791.7059278,0.00279,-0.00112,0.0
1790742791.76496,0.00283,-0.00112,0.0
1790742791.826041,0.00284,-0.00113,0.0
1790742791.883957,0.00278,-0.00111,0.0
1790742791.926115,0.00273,-0.00111,0.0
1790742791.984215,0.00272,-0.00111,0.0
1790742792.027663,0.00272,-0.00111,0.0
1790742792.084936,0.00273,-0.00109,0.0
1790742792.1411998,0.00279,-0.00111,0.0
1790742792.1854,0.00283,-0.00108,0.0
1790742792.2407491,0.00279,-0.00106,0.0
1790742792.287044,0.00276,-0.00105,0.0
1790742792.3453472,0.00275,-0.00105,0.0
1790742792.3981152,0.0028,-0.00106,0.0
1790742792.446521,0.00282,-0.00105,0.0
1790742792.502304,0.00284,-0.00105,0.0
1790742792.564627,0.0028,-0.00105,0.0
1790742792.605473,0.00276,-0.00102,0.0
1790742792.663512,0.00277,-0.00104,0.0
1790742792.728669,0.00277,-0.00105,0.0
1790742792.784812,0.00275,-0.001,0.0
1790742792.84339,0.00272,-0.001,0.0
1790742792.9103959,0.00271,-0.001,0.0
1790742792.985473,0.00273,-0.00102,0.0
1790742793.026135,0.00273,-0.00102,0.0
1790742793.083663,0.00272,-0.001,0.0
1790742793.127896,0.00274,-0.00102,0.0
1790742793.1849558,0.00273,-0.00103,0.0
1790742793.2481349,0.00271,-0.00102,0.0
1790742793.305343,0.0027,-0.00104,0.0
1790742793.344911,0.00271,-0.00104,0.0
1790742793.40501,0.00273,-0.00103,0.0
1790742793.464736,0.00274,-0.00105,0.0
1790742793.5030348,0.00273,-0.00107,0.0
1790742793.5683682,0.00274,-0.00111,0.0
1790742793.628184,0.00273,-0.00105,0.0
1790742793.686798,0.00272,-0.00106,0.0
1790742793.728877,0.00273,-0.00107,0.0
1790742793.785845,0.00274,-0.0011,0.0
1790742793.8370361,0.00275,-0.00113,0.0
1790742793.884305,0.00275,-0.00113,0.0
1790742793.944997,0.00274,-0.00111,0.0
1790742793.98649,0.00274,-0.00109,0.0
1790742794.04352,0.00273,-0.00105,0.0
1790742794.084539,0.00275,-0.00104,0.0
1790742794.144852,0.00276,-0.00106,0.0
1790742794.2059362,0.00274,-0.00103,0.0
1790742794.2524428,0.00274,-0.00097,0.0
1790742794.304894,0.00276,-0.00099,0.0
1790742794.363345,0.00278,-0.00102,0.0
1790742794.405281,0.00278,-0.00101,0.0
1790742794.468273,0.00276,-0.00099,0.0
1790742794.525434,0.00275,-0.00099,0.0
1790742794.5683641,0.00277,-0.00102,0.0
1790742794.624979,0.00279,-0.00103,0.0
1790742794.657968,0.0028,-0.00103,0.0
1790742794.729392,0.0028,-0.00102,0.0
1790742794.784362,0.00274,-0.00101,0.0
1790742794.823643,0.00273,-0.00107,0.0
1790742794.885387,0.00275,-0.00108,0.0
1790742794.943112,0.00281,-0.0011,0.0
1790742795.0043461,0.00286,-0.00109,0.0
1790742795.058524,0.00284,-0.00109,0.0
1790742795.104656,0.00278,-0.00109,0.0
1790742795.16769,0.00277,-0.00108,0.0
1790742795.225856,0.0028,-0.00106,0.0
1790742795.2855911,0.0028,-0.00104,0.0
1790742795.341674,0.00279,-0.00102,0.0
1790742795.386682,0.00278,-0.00103,0.0
1790742795.445469,0.00275,-0.00104,0.0
1790742795.5056798,0.00275,-0.00106,0.0
1790742795.545592,0.00276,-0.0011,0.0
1790742795.604217,0.00277,-0.00112,0.0
1790742795.6663392,0.00275,-0.00108,0.0
1790742795.7085629,0.00273,-0.00107,0.0
1790742795.78758,0.00273,-0.00105,0.0
1790742795.8278131,0.00275,-0.00104,0.0
1790742795.885036,0.00278,-0.00101,0.0
1790742795.92643,0.00278,-0.00103,0.0
1790742795.98337,0.00275,-0.00098,0.0
1790742796.0281239,0.00276,-0.00101,0.0
1790742796.087851,0.00276,-0.00101,0.0
1790742796.124918,0.00276,-0.00101,0.0
1790742796.183806,0.00275,-0.00101,0.0
1790742796.254356,0.00276,-0.00101,0.0
1790742796.2866108,0.00278,-0.00097,0.0
1790742796.345542,0.00279,-0.00097,0.0
1790742796.386461,0.00276,-0.00097,0.0
1790742796.444355,0.00272,-0.00096,0.0
1790742796.488919,0.00271,-0.00097,0.0
1790742796.5444741,0.00272,-0.00098,0.0
1790742796.604411,0.00275,-0.00095,0.0
1790742796.6453362,0.00278,-0.00095,0.0
1790742796.705801,0.00279,-0.00098,0.0
1790742796.764789,0.00279,-0.00103,0.0
1790742796.823453,0.00279,-0.00108,0.0
1790742796.867348,0.00278,-0.00107,0.0
1790742796.925278,0.00279,-0.00105,0.0
1790742796.9803982,0.00283,-0.00112,0.0
1790742797.026517,0.00284,-0.00112,0.0
1790742797.089267,0.00282,-0.00114,0.0
1790742797.1246982,0.0028,-0.00113,0.0
1790742797.18558,0.00281,-0.00114,0.0
1790742797.2221818,0.00283,-0.00112,0.0
1790742797.2789178,0.00285,-0.00111,0.0
1790742797.3452969,0.00284,-0.00109,0.0
1790742797.407416,0.00282,-0.0011,0.0
1790742797.465367,0.00281,-0.00107,0.0
1790742797.5038238,0.00281,-0.00107,0.0
1790742797.56652,0.00285,-0.00109,0.0
1790742797.60446,0.00283,-0.00107,0.0
1790742797.6634738,0.0028,-0.00108,0.0
1790742797.724558,0.00281,-0.00109,0.0
1790742797.7856472,0.00282,-0.00108,0.0
1790742797.8428009,0.00284,-0.00109,0.0
1790742797.8804538,0.00284,-0.00109,0.0
1790742797.94016,0.00282,-0.0011,0.0
1790742798.006477,0.00282,-0.0011,0.0
1790742798.0642502,0.00285,-0.00116,0.0
1790742798.1242938,0.00285,-0.00116,0.0
1790742798.180649,0.00282,-0.00116,0.0
1790742798.237984,0.0028,-0.00116,0.0
1790742798.3035772,0.00281,-0.00117,0.0
1790742798.340354,0.00287,-0.00119,0.0
1790742798.405335,0.00285,-0.0012,0.0
1790742798.4462469,0.00284,-0.00117,0.0
1790742798.505428,0.00286,-0.00115,0.0
1790742798.564597,0.00284,-0.00108,0.0
1790742798.605435,0.00282,-0.00106,0.0
1790742798.665359,0.00283,-0.00102,0.0
1790742798.7049541,0.00287,-0.00104,0.0
1790742798.764566,0.00285,-0.00106,0.0
1790742798.824503,0.00282,-0.00105,0.0
1790742798.864071,0.00278,-0.00107,0.0
1790742798.925579,0.00282,-0.00105,0.0
1790742798.9659321,0.00284,-0.00106,0.0
1790742799.025502,0.00287,-0.00103,0.0
1790742799.080357,0.00285,-0.00103,0.0
1790742799.1278841,0.00285,-0.00101,0.0
1790742799.185677,0.00282,-0.00102,0.0
1790742799.226031,0.0028,-0.00103,0.0
1790742799.287612,0.0028,-0.00102,0.0
1790742799.3438358,0.00282,-0.00106,0.0
1790742799.385977,0.00282,-0.00107,0.0
1790742799.445418,0.00282,-0.00107,0.0
1790742799.5043142,0.00283,-0.00108,0.0
1790742799.5654202,0.00282,-0.00105,0.0
1790742799.60184,0.00283,-0.00111,0.0
1790742799.684275,0.00285,-0.00113,0.0
1790742799.728043,0.00284,-0.00113,0.0
1790742799.783905,0.00284,-0.00113,0.0
1790742799.845809,0.00282,-0.00109,0.0
1790742799.886812,0.00284,-0.00111,0.0
1790742799.9450612,0.00283,-0.00109,0.0
1790742799.9986072,0.0028,-0.0011,0.0
1790742800.051091,0.0028,-0.00107,0.0
1790742800.10546,0.00278,-0.00105,0.0
1790742800.163413,0.00277,-0.00099,0.0
1790742800.205781,0.00277,-0.00103,0.0
1790742800.265461,0.00278,-0.00106,0.0
1790742800.3267,0.00276,-0.00107,0.0
1790742800.3628778,0.00273,-0.00109,0.0
1790742800.424892,0.00274,-0.00109,0.0
1790742800.486047,0.00275,-0.00108,0.0
1790742800.5447319,0.00277,-0.00108,0.0
1790742800.5999832,0.00279,-0.00111,0.0
1790742800.686558,0.0028,-0.00111,0.0
1790742800.6964538,0.0028,-0.00109,0.0
1790742800.754129,0.00276,-0.00115,0.0
1790742800.797845,0.00274,-0.00117,0.0
1790742800.8653839,0.00278,-0.00118,0.0
1790742800.9252942,0.00276,-0.00116,0.0
1790742800.96397,0.00277,-0.00115,0.0
1790742801.0249028,0.0028,-0.00116,0.0
1790742801.085026,0.0028,-0.00116,0.0
1790742801.127908,0.00277,-0.00116,0.0
1790742801.184315,0.00278,-0.00119,0.0
1790742801.227647,0.00279,-0.00116,0.0
1790742801.3002381,0.00279,-0.00113,0.0
1790742801.340341,0.00279,-0.00113,0.0
1790742801.405247,0.00278,-0.00111,0.0
1790742801.463068,0.00279,-0.00107,0.0
1790742801.503259,0.00279,-0.00104,0.0
1790742801.565086,0.00279,-0.001,0.0
1790742801.623961,0.00279,-0.00103,0.0
1790742801.661535,0.00276,-0.00105,0.0
1790742801.723843,0.00276,-0.00103,0.0
1790742801.786158,0.00281,-0.00099,0.0
1790742801.846138,0.00282,-0.00101,0.0
1790742801.901234,0.0028,-0.00098,0.0
1790742801.9646459,0.00277,-0.00099,0.0
1790742802.024909,0.00282,-0.00098,0.0
1790742802.0878668,0.00285,-0.00097,0.0
1790742802.12367,0.00269,-0.00135,0.0
1790742802.184711,0.00202,-0.00244,0.0
1790742802.247381,0.00198,-0.00223,0.0
1790742802.304645,0.00196,-0.00245,0.0
1790742802.367239,0.0028,-0.00282,0.0
1790742802.4252212,0.00266,-0.00254,0.0
1790742802.480566,0.0021,-0.00194,0.0
1790742802.523656,0.00105,-0.00193,0.0
1790742802.584745,0.00081,-0.00175,0.0
1790742802.625621,0.00131,-0.00112,0.0
1790742802.686363,0.00189,-0.00048,0.0
1790742802.745981,0.00242,0.00029,0.0
1790742802.787148,0.00278,0.00174,0.0
1790742802.846058,0.00269,0.00202,0.0
1790742802.904771,0.00253,0.0015,0.0
1790742802.949471,0.00197,0.00131,0.0
1790742803.007631,0.00136,0.00117,0.0
1790742803.048513,0.00068,0.00084,0.0
1790742803.104773,0.00031,0.00058,0.0
1790742803.1595001,1e-05,0.00047,0.0
1790742803.204729,-4e-05,0.00315,0.0
1790742803.265374,0.00128,0.00402,0.0
1790742803.3039649,0.00189,0.00471,0.0
1790742803.3617,0.0024,0.005,0.0
1790742803.424316,0.00246,0.00503,0.0
1790742803.485776,0.00236,0.00498,0.0
1790742803.519574,0.00226,0.00302,0.0
1790742803.589409,0.00179,0.0007,0.0
1790742803.625872,0.0019,-0.00024,0.0
1790742803.6880279,0.0015,-0.0006,0.0
1790742803.7489011,0.00052,-0.00037,0.0
1790742803.8046641,-0.00069,-0.00041,0.0
1790742803.844476,-0.00161,-0.00017,0.0
1790742803.903136,-0.00199,-7e-05,0.0
1790742803.9490418,-0.00209,-0.00042,0.0
1790742804.0057971,-0.00205,-0.00139,0.0
1790742804.051438,-0.00186,-0.00176,0.0
1790742804.10404,-0.00161,-0.00135,0.0
1790742804.165267,-0.00182,-0.00081,0.0
1790742804.219116,-0.00166,-0.00077,0.0
1790742804.276226,-0.00096,-0.00065,0.0
1790742804.325514,0.00035,-0.00074,0.0
1790742804.379897,0.00176,-0.00085,0.0
1790742804.4255621,0.00252,-0.00095,0.0
1790742804.4801211,0.00246,-0.00142,0.0
1790742804.519487,0.00234,-0.00153,0.0
1790742804.576962,0.00229,-0.00106,0.0
1790742804.621574,0.00233,-0.00109,0.0
1790742804.686785,0.00267,-0.00101,0.0
1790742804.722881,0.00285,-0.00101,0.0
1790742804.786815,0.00332,-0.00109,0.0
1790742804.8433542,0.00397,-0.00095,0.0
1790742804.885589,0.00426,-0.00083,0.0
1790742804.944736,0.0046,-0.00085,0.0
1790742804.984979,0.00507,-0.00085,0.0
1790742805.047494,0.00546,-0.00081,0.0
1790742805.0865011,0.00566,-0.00056,0.0
1790742805.1485891,0.00579,-0.00045,0.0
1790742805.2040498,0.00606,-0.00049,0.0
1790742805.26466,0.00655,-0.00059,0.0
1790742805.3254101,0.00684,-0.00075,0.0
1790742805.3812659,0.00718,-0.00082,0.0
1790742805.425364,0.00722,-0.00089,0.0
1790742805.483989,0.00757,-0.00087,0.0
1790742805.546207,0.00788,-0.00097,0.0
1790742805.606551,0.00805,-0.00105,0.0
1790742805.646624,0.00815,-0.00128,0.0
1790742805.7058518,0.00821,-0.00142,0.0
1790742805.763547,0.00867,-0.00178,0.0
1790742805.823401,0.00879,-0.00196,0.0
1790742805.865094,0.00877,-0.00204,0.0
1790742805.925644,0.00864,-0.00197,0.0
1790742805.965694,0.00835,-0.00229,0.0
1790742806.024142,0.00829,-0.0025,0.0
1790742806.064302,0.00826,-0.00265,0.0
1790742806.124565,0.00844,-0.00269,0.0
1790742806.163786,0.00861,-0.00273,0.0
1790742806.224266,0.00879,-0.00266,0.0
1790742806.2874272,0.00891,-0.00264,0.0
1790742806.351988,0.00892,-0.00262,0.0
1790742806.406763,0.00878,-0.00269,0.0
1790742806.4642031,0.00895,-0.0026,0.0
1790742806.529036,0.009,-0.00275,0.0
1790742806.564301,0.00907,-0.00272,0.0
1790742806.625785,0.00914,-0.00275,0.0
1790742806.663768,0.0092,-0.00277,0.0
1790742806.7158332,0.00924,-0.00276,0.0
1790742806.765195,0.00927,-0.00276,0.0
1790742806.825057,0.00928,-0.00276,0.0
1790742806.8866072,0.00928,-0.00277,0.0
1790742806.926444,0.0093,-0.00277,0.0
1790742806.984183,0.00934,-0.00277,0.0
1790742807.045217,0.00936,-0.00275,0.0
1790742807.084328,0.00939,-0.00274,0.0
1790742807.147367,0.00943,-0.00272,0.0
1790742807.191946,0.00946,-0.00275,0.0
1790742807.250823,0.00951,-0.0027,0.0
1790742807.304884,0.00953,-0.00274,0.0
1790742807.36348,0.00953,-0.00274,0.0
1790742807.407725,0.00952,-0.00276,0.0
1790742807.465456,0.00957,-0.00272,0.0
1790742807.5251808,0.00964,-0.00275,0.0
1790742807.5649338,0.00968,-0.00271,0.0
1790742807.625171,0.00966,-0.00274,0.0
1790742807.68509,0.00965,-0.00272,0.0
1790742807.7243168,0.00968,-0.00272,0.0
1790742807.785026,0.00973,-0.00274,0.0
1790742807.8267012,0.00977,-0.00273,0.0
1790742807.884298,0.00977,-0.00272,0.0
1790742807.945419,0.00976,-0.00273,0.0
1790742807.979996,0.00978,-0.00275,0.0
1790742808.044105,0.00979,-0.00278,0.0
1790742808.086174,0.00996,-0.00274,0.0
1790742808.143851,0.01013,-0.00273,0.0
1790742808.196109,0.00984,-0.00274,0.0
1790742808.25148,0.00927,-0.00275,0.0
1790742808.3049119,0.00892,-0.00282,0.0
1790742808.3432488,0.00855,-0.00277,0.0
1790742808.402753,0.0084,-0.00266,0.0
1790742808.46414,0.00842,-0.00259,0.0
1790742808.523315,0.0085,-0.00257,0.0
1790742808.5636292,0.00845,-0.00253,0.0
1790742808.6081421,0.00834,-0.00247,0.0
1790742808.686816,0.00845,-0.00235,0.0
1790742808.723649,0.00839,-0.00206,0.0
1790742808.782742,0.00833,-0.00218,0.0
1790742808.822792,0.00828,-0.00236,0.0
1790742808.883817,0.00836,-0.00234,0.0
1790742808.924312,0.00833,-0.0023,0.0
1790742808.983577,0.00855,-0.00235,0.0
1790742809.023822,0.00872,-0.00227,0.0
1790742809.0835168,0.00888,-0.0023,0.0
1790742809.119293,0.00898,-0.00222,0.0
1790742809.186404,0.0089,-0.00212,0.0
1790742809.2238111,0.00876,-0.00203,0.0
1790742809.283364,0.00873,-0.00189,0.0
1790742809.3438048,0.00895,-0.00181,0.0
1790742809.384108,0.00897,-0.00187,0.0
1790742809.443705,0.0088,-0.0021,0.0
1790742809.483577,0.00881,-0.00237,0.0
1790742809.546314,0.00893,-0.00245,0.0
1790742809.585731,0.00901,-0.00248,0.0
1790742809.644703,0.00905,-0.00243,0.0
1790742809.705088,0.00914,-0.00238,0.0
1790742809.7521012,0.00901,-0.0023,0.0
1790742809.8060212,0.00881,-0.00222,0.0
1790742809.863538,0.00871,-0.00221,0.0
1790742809.906069,0.00866,-0.00234,0.0
1790742809.9651,0.00854,-0.00234,0.0
1790742810.018976,0.00837,-0.00249,0.0
1790742810.06787,0.0083,-0.00244,0.0
1790742810.115773,0.00819,-0.00244,0.0
1790742810.16516,0.00804,-0.00241,0.0
1790742810.218185,0.00805,-0.00241,0.0
1790742810.284839,0.00839,-0.00229,0.0
1790742810.3437319,0.00868,-0.0022,0.0
1790742810.3834171,0.00884,-0.00202,0.0
1790742810.44559,0.00882,-0.00206,0.0
1790742810.4841669,0.00876,-0.00221,0.0
1790742810.544906,0.00869,-0.00218,0.0
1790742810.6059031,0.00872,-0.00228,0.0
1790742810.643546,0.00893,-0.00227,0.0
1790742810.703927,0.00896,-0.00212,0.0
1790742810.744535,0.00863,-0.00196,0.0
1790742810.806834,0.00866,-0.0019,0.0
1790742810.871187,0.00882,-0.00186,0.0
1790742810.919193,0.0089,-0.00172,0.0
1790742810.9691892,0.00883,-0.00168,0.0
1790742811.02429,0.00888,-0.00167,0.0
1790742811.085012,0.00875,-0.00172,0.0
1790742811.123573,0.00899,-0.00169,0.0
1790742811.182281,0.0093,-0.00165,0.0
1790742811.2468102,0.00925,-0.00159,0.0
1790742811.305907,0.00901,-0.00162,0.0
1790742811.344332,0.00899,-0.00169,0.0
1790742811.404748,0.00936,-0.00185,0.0
1790742811.465062,0.00968,-0.00208,0.0
1790742811.510131,0.00976,-0.00212,0.0
1790742811.565033,0.00989,-0.00217,0.0
1790742811.6182761,0.00987,-0.00208,0.0
1790742811.6646762,0.00982,-0.00188,0.0
1790742811.719697,0.00999,-0.00184,0.0
1790742811.7759,0.01011,-0.00176,0.0
1790742811.816721,0.00992,-0.00172,0.0
1790742811.8964071,0.00971,-0.00194,0.0
1790742811.9251509,0.00953,-0.00217,0.0
1790742811.982084,0.00937,-0.00194,0.0
1790742812.024891,0.00944,-0.00197,0.0
1790742812.0831091,0.00968,-0.00203,0.0
1790742812.1442182,0.00983,-0.00195,0.0
1790742812.179374,0.01188,-0.0019,0.0
1790742812.24685,0.02056,-0.00194,0.0
1790742812.3032808,0.03645,-0.00294,0.0
1790742812.368451,0.07433,0.00114,0.0
1790742812.4040692,0.09186,0.00411,0.0
1790742812.462861,0.10684,0.00672,0.0
1790742812.523357,0.11856,0.00712,0.0
1790742812.565237,0.1278,0.00643,0.0
1790742812.623565,0.13651,0.00601,0.0
1790742812.664356,0.14604,0.00569,0.0
1790742812.723854,0.15711,0.0053,0.0
1790742812.783655,0.17021,0.00518,0.0
1790742812.836041,0.18462,0.00498,0.0
1790742812.883339,0.19948,0.00501,0.0
1790742812.944509,0.21387,0.00479,0.0
1790742812.9832551,0.22697,0.00485,0.0
1790742813.038212,0.23852,0.00462,0.0
1790742813.1042922,0.24928,0.00476,0.0
1790742813.1756191,0.27066,0.0049,0.0
1790742813.204258,0.28295,0.00504,0.0
1790742813.264826,0.29611,0.00522,0.0
1790742813.32833,0.30994,0.00471,0.0
1790742813.367028,0.32355,0.00415,0.0
1790742813.4241862,0.33705,0.00403,0.0
1790742813.4712498,0.34977,0.00412,0.0
1790742813.5485492,0.3615,0.00395,0.0
1790742813.5748851,0.37337,0.00397,0.0
1790742813.629479,0.3855,0.00374,0.0
1790742813.7378602,0.39771,0.00387,0.0
1790742813.752429,0.41015,0.00379,0.0
1790742813.836504,0.42314,0.0037,0.0
1790742813.8377862,0.43634,0.00363,0.0
1790742813.9805791,0.44944,0.00337,0.0
1790742813.990046,0.47479,0.0031,0.0
1790742814.1945379,0.4872,0.00305,0.0
1790742814.197962,0.49939,0.00307,0.0
1790742814.2082071,0.51181,0.00302,0.0
1790742814.2136488,0.52451,0.00291,0.0
1790742814.371841,0.53743,0.00314,0.0
1790742814.382872,0.55004,0.00318,0.0
1790742814.387678,0.57517,0.00324,0.0
1790742814.403378,0.58756,0.0034,0.0
1790742814.5341408,0.59999,0.00323,0.0
1790742814.542112,0.61251,0.00321,0.0
1790742814.70158,0.62505,0.00323,0.0
1790742814.707745,0.63714,0.00316,0.0
1790742814.709619,0.6475,0.00346,0.0
1790742814.738368,0.65289,0.00399,0.0
1790742814.869743,0.65194,0.00427,0.0
1790742815.031796,0.65072,0.00433,0.0
1790742815.0367649,0.65004,0.00427,0.0
1790742815.0395598,0.6497,0.00398,0.0
1790742815.0516758,0.64967,0.00323,0.0
1790742815.1292732,0.64989,0.0011,0.0
1790742815.1436899,0.65035,-0.00249,0.0
1790742815.312214,0.6506,-0.01836,0.0
1790742815.3264582,0.6502,-0.01963,0.0
1790742815.475117,0.64968,-0.01881,0.0
1790742815.476445,0.64925,-0.0185,0.0
1790742815.483993,0.6489,-0.01859,0.0
1790742815.5993972,0.64857,-0.01886,0.0
1790742815.605978,0.64811,-0.01894,0.0
1790742815.77714,0.64741,-0.0189,0.0
1790742815.7831948,0.64683,-0.019,0.0
1790742815.787956,0.64643,-0.01892,0.0
1790742815.807405,0.646,-0.01894,0.0
1790742815.95227,0.64502,-0.01892,0.0
1790742815.9538891,0.64422,-0.01865,0.0
1790742815.9853451,0.6439,-0.01853,0.0
1790742816.132257,0.64422,-0.01822,0.0
1790742816.13344,0.64469,-0.01814,0.0
1790742816.145886,0.64514,-0.01817,0.0
1790742816.214368,0.64555,-0.01819,0.0
1790742816.375714,0.64587,-0.01811,0.0
1790742816.385414,0.64585,-0.018,0.0
1790742816.392906,0.64586,-0.01784,0.0
1790742816.405113,0.64605,-0.01775,0.0
1790742816.561578,0.64621,-0.01795,0.0
1790742816.569549,0.64646,-0.01804,0.0
1790742816.5779,0.64658,-0.01809,0.0
1790742816.652158,0.64671,-0.01814,0.0
1790742816.748052,0.64686,-0.01813,0.0
1790742816.752906,0.64675,-0.01813,0.0
1790742816.791349,0.64676,-0.01819,0.0
1790742816.908331,0.64681,-0.01813,0.0
1790742816.911016,0.64701,-0.01807,0.0
1790742817.010628,0.64706,-0.01809,0.0
1790742817.019234,0.64719,-0.01822,0.0
1790742817.1479099,0.64716,-0.01823,0.0
1790742817.158632,0.64728,-0.01791,0.0
1790742817.308577,0.64746,-0.01789,0.0
1790742817.3120399,0.64752,-0.0179,0.0
1790742817.316174,0.64725,-0.01819,0.0
1790742817.403112,0.64729,-0.01832,0.0
1790742817.426479,0.64726,-0.01823,0.0
1790742817.587445,0.6474,-0.01836,0.0
1790742817.607831,0.64749,-0.01844,0.0
1790742817.609778,0.6475,-0.01856,0.0
1790742817.728748,0.64753,-0.01864,0.0
1790742817.731402,0.64774,-0.0188,0.0
1790742817.7659059,0.64761,-0.01888,0.0
1790742817.905463,0.64762,-0.01887,0.0
1790742817.909222,0.6476,-0.01882,0.0
1790742817.9305239,0.64769,-0.01844,0.0
1790742817.997042,0.64772,-0.0183,0.0
1790742818.0276868,0.64753,-0.01805,0.0
1790742818.175136,0.64748,-0.01766,0.0
1790742818.1790988,0.64756,-0.01745,0.0
1790742818.191128,0.64744,-0.01743,0.0
1790742818.350214,0.64735,-0.01735,0.0
1790742818.356701,0.64729,-0.01735,0.0
1790742818.360317,0.64718,-0.01738,0.0
1790742818.46568,0.64699,-0.01743,0.0
1790742818.470196,0.64693,-0.01746,0.0
1790742818.554719,0.64686,-0.01749,0.0
1790742818.57566,0.64675,-0.01749,0.0
1790742818.7331798,0.64666,-0.01753,0.0
1790742818.733984,0.64659,-0.01755,0.0
1790742818.7473018,0.6465,-0.01758,0.0
1790742818.908067,0.64643,-0.01756,0.0
1790742818.911992,0.64636,-0.01758,0.0
1790742818.9161391,0.64631,-0.01759,0.0
1790742818.939827,0.64629,-0.01764,0.0
1790742819.0335732,0.64625,-0.01763,0.0
1790742819.0650291,0.64628,-0.01782,0.0
1790742819.2065501,0.64627,-0.01791,0.0
1790742819.2100952,0.64643,-0.01772,0.0
1790742819.227666,0.64642,-0.0176,0.0
1790742819.3851252,0.64626,-0.01785,0.0
1790742819.3872051,0.64619,-0.01774,0.0
1790742819.395689,0.64614,-0.01775,0.0
1790742819.443881,0.6461,-0.01783,0.0
1790742819.49606,0.64599,-0.01781,0.0
1790742819.543799,0.64598,-0.01766,0.0
1790742819.603743,0.64606,-0.01757,0.0
1790742819.663838,0.64602,-0.01734,0.0
1790742819.703296,0.64603,-0.01731,0.0
1790742819.7642932,0.64575,-0.01739,0.0
1790742819.8368828,0.64583,-0.01728,0.0
1790742819.903278,0.64584,-0.01731,0.0
1790742819.94329,0.64561,-0.01729,0.0
1790742820.0046852,0.64533,-0.01717,0.0
1790742820.0632179,0.64525,-0.01685,0.0
1790742820.1031559,0.64533,-0.01677,0.0
1790742820.162823,0.64523,-0.01657,0.0
1790742820.204585,0.64507,-0.01673,0.0
1790742820.27575,0.64513,-0.01696,0.0
1790742820.3255901,0.64499,-0.01698,0.0
1790742820.3782048,0.64491,-0.01698,0.0
1790742820.4245162,0.64504,-0.01718,0.0
1790742820.485722,0.6451,-0.01729,0.0
1790742820.537118,0.6452,-0.01726,0.0
1790742820.576233,0.64528,-0.0172,0.0
1790742820.643703,0.64524,-0.01725,0.0
1790742820.6849768,0.64475,-0.01708,0.0
1790742820.76437,0.64448,-0.01706,0.0
1790742820.8225138,0.64447,-0.01702,0.0
1790742820.863907,0.64461,-0.01728,0.0
1790742820.923023,0.64465,-0.01716,0.0
1790742820.9650319,0.6445,-0.01716,0.0
1790742821.0234828,0.64443,-0.01721,0.0
1790742821.086375,0.64437,-0.01722,0.0
1790742821.145199,0.64438,-0.01704,0.0
1790742821.18644,0.64432,-0.01712,0.0
1790742821.248845,0.64407,-0.01704,0.0
1790742821.3043258,0.64407,-0.01681,0.0
1790742821.362883,0.64414,-0.01696,0.0
1790742821.400141,0.64416,-0.01699,0.0
1790742821.461836,0.64397,-0.01686,0.0
1790742821.502646,0.644,-0.01684,0.0
1790742821.563348,0.64409,-0.01701,0.0
1790742821.6229792,0.64427,-0.01699,0.0
1790742821.6596029,0.64426,-0.01695,0.0
1790742821.722862,0.64392,-0.01689,0.0
1790742821.764794,0.64389,-0.01685,0.0
1790742821.823175,0.64385,-0.01687,0.0
1790742821.885876,0.64383,-0.01708,0.0
1790742821.923179,0.64364,-0.01728,0.0
1790742821.987315,0.64365,-0.01738,0.0
1790742822.0394602,0.64366,-0.01752,0.0
1790742822.09203,0.64365,-0.01754,0.0
1790742822.143409,0.6435,-0.01737,0.0
1790742822.184936,0.64317,-0.01751,0.0
1790742822.2437649,0.6429,-0.01755,0.0
1790742822.2992692,0.64282,-0.01749,0.0
1790742822.36365,0.64271,-0.01757,0.0
1790742822.40021,0.64254,-0.0174,0.0
1790742822.4636722,0.64255,-0.01739,0.0
1790742822.503983,0.64265,-0.01725,0.0
1790742822.5635421,0.64277,-0.01707,0.0
1790742822.6240509,0.64299,-0.01692,0.0
1790742822.6644711,0.64315,-0.01689,0.0
1790742822.723338,0.64326,-0.0169,0.0
1790742822.78547,0.64344,-0.01699,0.0
1790742822.848178,0.64365,-0.01698,0.0
1790742822.884189,0.64369,-0.01683,0.0
1790742822.943914,0.64368,-0.01682,0.0
1790742822.9829068,0.64369,-0.01683,0.0
1790742823.0433202,0.64374,-0.01675,0.0
1790742823.084409,0.64382,-0.01682,0.0
1790742823.143784,0.64386,-0.01678,0.0
1790742823.20318,0.64374,-0.01673,0.0
1790742823.249446,0.64365,-0.01674,0.0
1790742823.302784,0.64371,-0.01686,0.0
1790742823.35625,0.64384,-0.01687,0.0
1790742823.4046562,0.64392,-0.01682,0.0
1790742823.458225,0.644,-0.01662,0.0
1790742823.522769,0.64408,-0.0165,0.0
1790742823.583906,0.64401,-0.01633,0.0
1790742823.645495,0.64388,-0.01623,0.0
1790742823.702967,0.64366,-0.01615,0.0
1790742823.763317,0.64371,-0.01619,0.0
1790742823.82538,0.64363,-0.01601,0.0
1790742823.858384,0.64388,-0.01588,0.0
1790742823.923672,0.64422,-0.01566,0.0
1790742823.9838662,0.64432,-0.01541,0.0
1790742824.024666,0.64413,-0.01519,0.0
1790742824.084198,0.64404,-0.0151,0.0
1790742824.146303,0.64378,-0.01518,0.0
1790742824.18331,0.6436,-0.01517,0.0
1790742824.245064,0.64364,-0.01523,0.0
1790742824.322955,0.64366,-0.01556,0.0
1790742824.385366,0.64351,-0.01561,0.0
1790742824.4229498,0.6434,-0.01558,0.0
1790742824.485194,0.64327,-0.01569,0.0
1790742824.5449128,0.64343,-0.01553,0.0
1790742824.603063,0.64329,-0.01543,0.0
1790742824.646006,0.64346,-0.01548,0.0
1790742824.703403,0.64393,-0.01585,0.0
1790742824.762835,0.64421,-0.01575,0.0
1790742824.803255,0.64424,-0.01584,0.0
1790742824.8628852,0.64414,-0.01578,0.0
1790742824.9047208,0.64397,-0.01567,0.0
1790742824.9627159,0.64396,-0.01572,0.0
1790742825.018385,0.64403,-0.01581,0.0
1790742825.0614378,0.64401,-0.01577,0.0
1790742825.1576838,0.64403,-0.01578,0.0
1790742825.184704,0.64407,-0.01574,0.0
1790742825.223818,0.64385,-0.01562,0.0
1790742825.282915,0.64376,-0.0156,0.0
1790742825.31858,0.6435,-0.01562,0.0
1790742825.383614,0.64346,-0.01565,0.0
1790742825.445948,0.64343,-0.01568,0.0
1790742825.5028,0.64335,-0.01591,0.0
1790742825.564706,0.64324,-0.01591,0.0
1790742825.618422,0.64321,-0.01609,0.0
1790742825.6646242,0.64307,-0.01631,0.0
1790742825.7253618,0.64304,-0.01627,0.0
1790742825.785395,0.6428,-0.01617,0.0
1790742825.847896,0.64267,-0.01612,0.0
1790742825.903161,0.64262,-0.01615,0.0
1790742825.9470541,0.64269,-0.01619,0.0
1790742825.9990668,0.64253,-0.01616,0.0
1790742826.04601,0.64262,-0.01617,0.0
1790742826.1032991,0.64266,-0.01612,0.0
1790742826.144974,0.64262,-0.01598,0.0
1790742826.203011,0.64259,-0.01602,0.0
1790742826.262775,0.64251,-0.01615,0.0
1790742826.324471,0.64272,-0.01611,0.0
1790742826.383326,0.64256,-0.016,0.0
1790742826.444264,0.64228,-0.01587,0.0
1790742826.476827,0.64217,-0.01604,0.0
1790742826.550907,0.64195,-0.01635,0.0
1790742826.6030662,0.64211,-0.01632,0.0
1790742826.6467588,0.64211,-0.0164,0.0
1790742826.703443,0.64197,-0.01667,0.0
1790742826.763147,0.64167,-0.01665,0.0
1790742826.8044002,0.64135,-0.01653,0.0
1790742826.8629398,0.64135,-0.01648,0.0
1790742826.9032,0.64142,-0.01649,0.0
1790742826.962832,0.64126,-0.01634,0.0
1790742827.003245,0.64112,-0.0162,0.0
1790742827.0587351,0.64091,-0.0161,0.0
1790742827.102772,0.6407,-0.01605,0.0
1790742827.162739,0.64054,-0.01607,0.0
1790742827.203692,0.64034,-0.0162,0.0
1790742827.266848,0.64024,-0.0163,0.0
1790742827.3248918,0.64024,-0.01619,0.0
1790742827.385366,0.6401,-0.01621,0.0
1790742827.427146,0.6398,-0.01627,0.0
1790742827.486431,0.63977,-0.01618,0.0
1790742827.546718,0.63981,-0.01589,0.0
1790742827.5837,0.64008,-0.01565,0.0
1790742827.647577,0.64027,-0.01554,0.0
1790742827.705317,0.64044,-0.0155,0.0
1790742827.7500758,0.64069,-0.01555,0.0
1790742827.806581,0.6406,-0.01572,0.0
1790742827.864746,0.64033,-0.01594,0.0
1790742827.923299,0.64034,-0.01595,0.0
1790742827.983078,0.64035,-0.01602,0.0
1790742828.0445209,0.64037,-0.01628,0.0
1790742828.104807,0.64026,-0.01653,0.0
1790742828.139519,0.64006,-0.01659,0.0
1790742828.2057421,0.63988,-0.01665,0.0
1790742828.262579,0.63985,-0.01655,0.0
1790742828.32272,0.64013,-0.01648,0.0
1790742828.362991,0.64004,-0.01655,0.0
1790742828.4225411,0.63995,-0.01652,0.0
1790742828.463059,0.64005,-0.01661,0.0
1790742828.523784,0.64,-0.01671,0.0
1790742828.582573,0.64001,-0.01673,0.0
1790742828.624322,0.63985,-0.01686,0.0
1790742828.683201,0.64001,-0.0168,0.0
1790742828.724098,0.64289,-0.01668,0.0
1790742828.8052301,0.65305,-0.01691,0.0
1790742828.8456068,0.66956,-0.01673,0.0
1790742828.904854,0.6882,-0.01679,0.0
1790742828.962466,0.70721,-0.01723,0.0
1790742828.996383,0.72484,-0.01733,0.0
1790742829.063048,0.7392,-0.0176,0.0
1790742829.0985,0.7505,-0.01787,0.0
1790742829.1627321,0.76753,-0.01797,0.0
1790742829.199771,0.77662,-0.01818,0.0
1790742829.263187,0.78765,-0.01821,0.0
1790742829.323234,0.8009,-0.01868,0.0
1790742829.363055,0.81594,-0.01877,0.0
1790742829.423232,0.8311,-0.01905,0.0
1790742829.484258,0.84564,-0.01931,0.0
1790742829.523505,0.85866,-0.01943,0.0
1790742829.5827572,0.8703,-0.01946,0.0
1790742829.6234381,0.88082,-0.0194,0.0
1790742829.6834,0.89154,-0.01927,0.0
1790742829.744075,0.90274,-0.01945,0.0
1790742829.783576,0.91481,-0.0193,0.0
1790742829.8435159,0.92788,-0.01927,0.0
1790742829.8964539,0.94154,-0.01925,0.0
1790742829.9436102,0.9553,-0.01938,0.0
1790742829.998085,0.96824,-0.01911,0.0
1790742830.0440562,0.98073,-0.01966,0.0
1790742830.107459,0.99259,-0.02,0.0
1790742830.1573162,1.00392,-0.02058,0.0
1790742830.198483,1.01488,-0.02059,0.0
1790742830.26016,1.03904,-0.02436,0.0
1790742830.324065,1.05224,-0.02783,0.0
1790742830.358484,1.06572,-0.03126,0.0
1790742830.423122,1.07902,-0.03415,0.0
1790742830.482847,1.09165,-0.03514,0.0
1790742830.523052,1.10368,-0.0342,0.0
1790742830.582399,1.11544,-0.03331,0.0
1790742830.623465,1.12614,-0.03253,0.0
1790742830.68291,1.13648,-0.03197,0.0
1790742830.7479,1.1451,-0.03244,0.0
1790742830.783328,1.1522,-0.03327,0.0
1790742830.843712,1.15864,-0.03461,0.0
1790742830.883219,1.16462,-0.03615,0.0
1790742830.9458601,1.16854,-0.03622,0.0
1790742830.983495,1.16976,-0.03609,0.0
1790742831.056056,1.17042,-0.03611,0.0
1790742831.105482,1.1707,-0.03613,0.0
1790742831.158056,1.17065,-0.03613,0.0
1790742831.2020621,1.17014,-0.03606,0.0
1790742831.2635388,1.16951,-0.03913,0.0
1790742831.313046,1.16993,-0.04301,0.0
1790742831.363013,1.17038,-0.04818,0.0
1790742831.417386,1.17082,-0.05341,0.0
1790742831.4634602,1.17106,-0.05807,0.0
1790742831.522558,1.17115,-0.06202,0.0
1790742831.559741,1.17098,-0.06343,0.0
1790742831.622835,1.17038,-0.06271,0.0
1790742831.682752,1.16968,-0.06232,0.0
1790742831.7172632,1.16913,-0.06199,0.0
1790742831.783673,1.16885,-0.06183,0.0
1790742831.845566,1.16905,-0.0619,0.0
1790742831.904468,1.16923,-0.06193,0.0
1790742831.956075,1.16914,-0.06194,0.0
1790742832.022707,1.16906,-0.06199,0.0
1790742832.0828888,1.16893,-0.06178,0.0
1790742832.122744,1.16893,-0.06171,0.0
1790742832.183402,1.16896,-0.06173,0.0
1790742832.2475488,1.16895,-0.06187,0.0
1790742832.2833269,1.16901,-0.06205,0.0
1790742832.346672,1.16906,-0.06187,0.0
1790742832.404232,1.16913,-0.062,0.0
1790742832.4466639,1.16917,-0.06211,0.0
1790742832.5037172,1.1692,-0.06195,0.0
1790742832.54401,1.1692,-0.06197,0.0
1790742832.605116,1.16907,-0.06158,0.0
1790742832.6578372,1.1692,-0.06093,0.0
1790742832.70351,1.1692,-0.06093,0.0
1790742832.7688372,1.1693,-0.06077,0.0
1790742832.8198779,1.16932,-0.06056,0.0
1790742832.85872,1.16937,-0.06045,0.0
1790742832.918404,1.16926,-0.06036,0.0
1790742832.9655209,1.16925,-0.06028,0.0
1790742833.0231118,1.16932,-0.0603,0.0
1790742833.0825942,1.16936,-0.06031,0.0
1790742833.119914,1.16938,-0.06027,0.0
1790742833.1831198,1.16942,-0.06028,0.0
1790742833.243092,1.16951,-0.06027,0.0
1790742833.322463,1.16962,-0.06033,0.0
1790742833.365144,1.16966,-0.06037,0.0
1790742833.414217,1.16972,-0.06032,0.0
1790742833.463794,1.16982,-0.06039,0.0
1790742833.522627,1.1699,-0.06045,0.0
1790742833.565474,1.16997,-0.06043,0.0
1790742833.624156,1.17001,-0.06042,0.0
1790742833.6848068,1.17003,-0.0604,0.0
1790742833.7230048,1.17005,-0.06038,0.0
1790742833.783168,1.17011,-0.0604,0.0
1790742833.8210921,1.17035,-0.0605,0.0
1790742833.882774,1.1729,-0.06057,0.0
1790742833.94424,1.17966,-0.06068,0.0
1790742833.983573,1.19051,-0.06061,0.0
1790742834.0444741,1.20377,-0.06093,0.0
1790742834.1025019,1.2164,-0.06082,0.0
1790742834.142573,1.22691,-0.0608,0.0
1790742834.202962,1.234,-0.0606,0.0
1790742834.268783,1.24221,-0.06088,0.0
1790742834.318539,1.24413,-0.06085,0.0
1790742834.369083,1.24494,-0.06083,0.0
1790742834.422496,1.24553,-0.06105,0.0
1790742834.482489,1.24571,-0.06116,0.0
1790742834.5235431,1.24564,-0.06131,0.0
1790742834.582556,1.2455,-0.06149,0.0
1790742834.643116,1.24525,-0.06163,0.0
1790742834.683913,1.24504,-0.0614,0.0
1790742834.747413,1.24497,-0.06156,0.0
1790742834.803127,1.2451,-0.06164,0.0
1790742834.8650649,1.24505,-0.06167,0.0
1790742834.90398,1.24524,-0.0618,0.0
1790742834.965624,1.2452,-0.0619,0.0
1790742835.003558,1.24519,-0.06199,0.0
1790742835.066247,1.24503,-0.06191,0.0
1790742835.124871,1.24496,-0.06197,0.0
1790742835.166636,1.24468,-0.06198,0.0
1790742835.222831,1.24438,-0.06202,0.0
1790742835.282725,1.2442,-0.06203,0.0
1790742835.323609,1.24407,-0.06193,0.0
1790742835.38374,1.24397,-0.06187,0.0
1790742835.440545,1.24381,-0.06179,0.0
1790742835.483062,1.24351,-0.06171,0.0
1790742835.5635781,1.24344,-0.06187,0.0
1790742835.6044679,1.24338,-0.06197,0.0
1790742835.663313,1.24328,-0.06193,0.0
1790742835.702849,1.24337,-0.06196,0.0
1790742835.768807,1.24364,-0.06204,0.0
1790742835.8224902,1.244,-0.06191,0.0
1790742835.868952,1.24404,-0.06169,0.0
1790742835.923203,1.24402,-0.06149,0.0
1790742835.9825122,1.24362,-0.06107,0.0
1790742836.023763,1.24337,-0.06116,0.0
1790742836.0822861,1.24337,-0.061,0.0
1790742836.1238441,1.24321,-0.06099,0.0
1790742836.1832168,1.24334,-0.06087,0.0
1790742836.223017,1.24352,-0.06097,0.0
1790742836.2826781,1.24372,-0.06093,0.0
1790742836.337636,1.24397,-0.06069,0.0
1790742836.4024909,1.24417,-0.06063,0.0
1790742836.439587,1.2444,-0.06066,0.0
1790742836.497605,1.24453,-0.06062,0.0
1790742836.564414,1.24446,-0.06064,0.0
1790742836.623028,1.24429,-0.06049,0.0
1790742836.6663702,1.24423,-0.06017,0.0
1790742836.722326,1.24423,-0.0601,0.0
1790742836.7848709,1.24426,-0.06001,0.0
1790742836.8426769,1.24425,-0.05992,0.0
1790742836.883051,1.24423,-0.05979,0.0
1790742836.938703,1.24422,-0.05979,0.0
1790742837.004473,1.24418,-0.05968,0.0
1790742837.062561,1.24436,-0.05958,0.0
1790742837.097567,1.24441,-0.05966,0.0
1790742837.165031,1.2442,-0.05962,0.0
1790742837.200096,1.24405,-0.05958,0.0
1790742837.263527,1.24391,-0.05979,0.0
1790742837.324067,1.2438,-0.05993,0.0
1790742837.364071,1.24362,-0.05989,0.0
1790742837.424512,1.24164,-0.05985,0.0
1790742837.468139,1.23553,-0.05944,0.0
1790742837.5204532,1.22496,-0.05913,0.0
1790742837.563227,1.21207,-0.05923,0.0
1790742837.625538,1.19923,-0.05892,0.0
1790742837.6827781,1.18834,-0.05892,0.0
1790742837.768726,1.1808,-0.05881,0.0
1790742837.824332,1.173,-0.05908,0.0
1790742837.864029,1.17167,-0.05917,0.0
1790742837.923243,1.17142,-0.05899,0.0
1790742837.9631202,1.17143,-0.0591,0.0
1790742838.023849,1.17115,-0.05852,0.0
1790742838.066339,1.17296,-0.05539,0.0
1790742838.12381,1.17344,-0.05539,0.0
1790742838.185291,1.17401,-0.05443,0.0
1790742838.223694,1.17451,-0.05397,0.0
1790742838.28546,1.17446,-0.05425,0.0
1790742838.342596,1.17406,-0.05488,0.0
1790742838.382887,1.17312,-0.05554,0.0
1790742838.442784,1.17279,-0.05604,0.0
1790742838.482941,1.17249,-0.05655,0.0
1790742838.54212,1.17276,-0.05658,0.0
1790742838.583026,1.17359,-0.05636,0.0
1790742838.642821,1.1743,-0.05628,0.0
1790742838.682872,1.17485,-0.05674,0.0
1790742838.744067,1.17325,-0.05868,0.0
1790742838.80032,1.17083,-0.06034,0.0
1790742838.868685,1.17001,-0.06084,0.0
1790742838.903858,1.17151,-0.05965,0.0
1790742838.9640079,1.17413,-0.05717,0.0
1790742839.015607,1.17894,-0.0525,0.0
1790742839.062529,1.18617,-0.04556,0.0
1790742839.142807,1.19439,-0.03726,0.0
1790742839.182403,1.20235,-0.02935,0.0
1790742839.245727,1.20966,-0.02283,0.0
1790742839.302326,1.21484,-0.01867,0.0
1790742839.342722,1.2162,-0.01799,0.0
1790742839.403925,1.21489,-0.01858,0.0
1790742839.4623098,1.21417,-0.01862,0.0
1790742839.502603,1.2159,-0.0179,0.0
1790742839.55648,1.21658,-0.01739,0.0
1790742839.60254,1.21693,-0.01699,0.0
1790742839.6606479,1.21744,-0.01751,0.0
1790742839.717466,1.21719,-0.01776,0.0
1790742839.782768,1.21648,-0.0177,0.0
1790742839.823713,1.21621,-0.01804,0.0
1790742839.882762,1.21627,-0.01809,0.0
1790742839.9428291,1.21662,-0.01776,0.0
1790742840.00668,1.21742,-0.01767,0.0
1790742840.064002,1.21757,-0.01798,0.0
1790742840.115618,1.21698,-0.01789,0.0
1790742840.161116,1.21628,-0.01806,0.0
1790742840.225415,1.21527,-0.01837,0.0
1790742840.282388,1.21481,-0.01852,0.0
1790742840.342456,1.21511,-0.01866,0.0
1790742840.382634,1.21511,-0.01863,0.0
1790742840.442698,1.21528,-0.01886,0.0
1790742840.4828968,1.21566,-0.01902,0.0
1790742840.5435112,1.21559,-0.01885,0.0
1790742840.602294,1.21537,-0.01859,0.0
1790742840.643712,1.21542,-0.01881,0.0
1790742840.7031412,1.21522,-0.01882,0.0
1790742840.763347,1.2148,-0.01838,0.0
1790742840.823191,1.21472,-0.01853,0.0
1790742840.863348,1.21526,-0.01886,0.0
1790742840.923769,1.2157,-0.01923,0.0
1790742840.973388,1.21555,-0.01939,0.0
1790742841.04279,1.21536,-0.0193,0.0
1790742841.0767732,1.21524,-0.01854,0.0
1790742841.143531,1.21479,-0.01794,0.0
1790742841.185159,1.21447,-0.01784,0.0
1790742841.242818,1.21455,-0.01816,0.0
1790742841.303543,1.21415,-0.01858,0.0
1790742841.362842,1.21358,-0.01873,0.0
1790742841.402913,1.21362,-0.01923,0.0
1790742841.4630988,1.21342,-0.01948,0.0
1790742841.5028749,1.21345,-0.01931,0.0
1790742841.562758,1.21383,-0.01905,0.0
1790742841.602711,1.21383,-0.01885,0.0
1790742841.66259,1.21383,-0.01885,0.0
1790742841.7187421,1.2133,-0.01837,0.0
1790742841.775409,1.2129,-0.01866,0.0
1790742841.8229241,1.21265,-0.01873,0.0
1790742841.877884,1.21251,-0.01873,0.0
1790742841.92366,1.21211,-0.01882,0.0
1790742841.984399,1.21223,-0.01898,0.0
1790742842.023534,1.21268,-0.01891,0.0
1790742842.084491,1.21263,-0.01881,0.0
1790742842.142584,1.2126,-0.01879,0.0
1790742842.1846552,1.21307,-0.01876,0.0
1790742842.2689521,1.21275,-0.01898,0.0
1790742842.325212,1.21181,-0.01908,0.0
1790742842.362758,1.2119,-0.01839,0.0
1790742842.424012,1.21179,-0.01803,0.0
1790742842.4637399,1.21177,-0.01768,0.0
1790742842.522783,1.21189,-0.01789,0.0
1790742842.583951,1.21172,-0.01833,0.0
1790742842.63534,1.21166,-0.01806,0.0
1790742842.684447,1.21138,-0.01796,0.0
1790742842.7556422,1.2111,-0.01811,0.0
1790742842.802828,1.21129,-0.01779,0.0
1790742842.862389,1.21124,-0.01774,0.0
1790742842.922358,1.21197,-0.01618,0.0
1790742842.9630961,1.21225,-0.01572,0.0
1790742843.023214,1.2127,-0.01589,0.0
1790742843.0629,1.21356,-0.01615,0.0
1790742843.118818,1.21453,-0.0162,0.0
1790742843.184465,1.2151,-0.01614,0.0
1790742843.254036,1.21537,-0.01619,0.0
1790742843.3024309,1.2153,-0.01629,0.0
1790742843.342829,1.21501,-0.0162,0.0
1790742843.4003289,1.21512,-0.01608,0.0
1790742843.462174,1.21525,-0.01638,0.0
1790742843.5247018,1.21487,-0.01539,0.0
1790742843.568664,1.21476,-0.01514,0.0
1790742843.6228108,1.21488,-0.01484,0.0
1790742843.668127,1.21491,-0.01469,0.0
1790742843.7246609,1.21464,-0.01485,0.0
1790742843.787436,1.21422,-0.01482,0.0
1790742843.838089,1.21371,-0.01469,0.0
1790742843.902421,1.21305,-0.01465,0.0
1790742843.962591,1.21224,-0.0145,0.0
1790742844.0226402,1.21103,-0.01383,0.0
1790742844.065631,1.21043,-0.01373,0.0
1790742844.1233401,1.21001,-0.01375,0.0
1790742844.162675,1.20947,-0.01443,0.0
1790742844.2233338,1.20906,-0.01479,0.0
1790742844.287541,1.20866,-0.01487,0.0
1790742844.343422,1.20817,-0.01478,0.0
1790742844.386343,1.20783,-0.01492,0.0
1790742844.4427679,1.20794,-0.015,0.0
1790742844.5060291,1.20803,-0.01503,0.0
1790742844.563904,1.2081,-0.01516,0.0
1790742844.601019,1.20806,-0.01527,0.0
1790742844.662742,1.20797,-0.01542,0.0
1790742844.701686,1.20784,-0.01542,0.0
1790742844.762797,1.20768,-0.01559,0.0
1790742844.8226051,1.20762,-0.01562,0.0
1790742844.8842251,1.20776,-0.01553,0.0
1790742844.942794,1.2079,-0.01537,0.0
1790742844.985835,1.20777,-0.01544,0.0
1790742845.043715,1.20779,-0.01572,0.0
1790742845.085354,1.20772,-0.01584,0.0
1790742845.143307,1.20768,-0.0159,0.0
1790742845.198108,1.20758,-0.01594,0.0
1790742845.2429912,1.20746,-0.01589,0.0
1790742845.3028219,1.20768,-0.01577,0.0
1790742845.362509,1.20769,-0.01575,0.0
1790742845.4223292,1.20768,-0.01573,0.0
1790742845.463954,1.20776,-0.01578,0.0
1790742845.52311,1.20778,-0.01592,0.0
1790742845.5843022,1.20781,-0.01599,0.0
1790742845.6426291,1.20768,-0.01613,0.0
1790742845.6954439,1.2075,-0.01627,0.0
1790742845.7486038,1.20514,-0.01674,0.0
1790742845.804607,1.1952,-0.0195,0.0
1790742845.862338,1.17736,-0.02236,0.0
1790742845.901238,1.15666,-0.0238,0.0
1790742845.963372,1.11457,-0.02575,0.0
1790742846.003093,1.09584,-0.02694,0.0
1790742846.063021,1.07985,-0.02797,0.0
1790742846.122751,1.06635,-0.02852,0.0
1790742846.162708,1.05428,-0.02836,0.0
1790742846.2238002,1.04232,-0.02825,0.0
1790742846.283432,1.02951,-0.028,0.0
1790742846.319579,1.01489,-0.02775,0.0
1790742846.386102,0.99842,-0.02793,0.0
1790742846.42362,0.98116,-0.02825,0.0
1790742846.486088,0.96363,-0.02818,0.0
1790742846.545079,0.94703,-0.02844,0.0
1790742846.586166,0.93188,-0.02919,0.0
1790742846.643605,0.91814,-0.03102,0.0
1790742846.702901,0.90506,-0.03429,0.0
1790742846.763705,0.87752,-0.03962,0.0
1790742846.820908,0.8626,-0.04004,0.0
1790742846.858082,0.84661,-0.03976,0.0
1790742846.920245,0.83044,-0.03929,0.0
1790742846.962135,0.81427,-0.03917,0.0
1790742847.022806,0.79864,-0.03933,0.0
1790742847.062707,0.78407,-0.03946,0.0
1790742847.12363,0.76974,-0.03971,0.0
1790742847.18353,0.75539,-0.03965,0.0
1790742847.216882,0.74067,-0.03953,0.0
1790742847.282676,0.72598,-0.03961,0.0
1790742847.344105,0.71105,-0.03952,0.0
1790742847.383352,0.69584,-0.03936,0.0
1790742847.444587,0.68057,-0.03938,0.0
1790742847.5024488,0.66505,-0.03977,0.0
1790742847.5437849,0.65017,-0.03998,0.0
1790742847.602581,0.63644,-0.04004,0.0
1790742847.646039,0.62492,-0.04011,0.0
1790742847.702274,0.61624,-0.04027,0.0
1790742847.746271,0.61087,-0.04027,0.0
1790742847.8025851,0.60915,-0.04043,0.0
1790742847.862556,0.60828,-0.04083,0.0
1790742847.913343,0.608,-0.04092,0.0
1790742847.962951,0.60769,-0.04109,0.0
1790742848.0225039,0.60762,-0.04121,0.0
1790742848.0858471,0.60765,-0.04131,0.0
1790742848.1456902,0.60771,-0.04148,0.0
1790742848.185197,0.60772,-0.04157,0.0
1790742848.254418,0.60741,-0.04179,0.0
1790742848.295479,0.60705,-0.04176,0.0
1790742848.3455849,0.60723,-0.04129,0.0
1790742848.403119,0.60683,-0.0431,0.0
1790742848.4478452,0.6057,-0.04511,0.0
1790742848.49975,0.60595,-0.04464,0.0
1790742848.562111,0.60583,-0.04469,0.0
1790742848.6227672,0.60567,-0.04455,0.0
1790742848.682216,0.60564,-0.04393,0.0
1790742848.717345,0.60559,-0.04309,0.0
1790742848.802217,0.60534,-0.0426,0.0
1790742848.844185,0.60535,-0.04186,0.0
1790742848.902763,0.605,-0.04126,0.0
1790742848.944057,0.60466,-0.04111,0.0
1790742849.018629,0.6049,-0.04105,0.0
1790742849.0823948,0.60529,-0.04055,0.0
1790742849.1340108,0.60544,-0.03984,0.0
1790742849.1827269,0.60536,-0.03936,0.0
1790742849.218718,0.60514,-0.03894,0.0
1790742849.28292,0.60499,-0.03881,0.0
1790742849.320918,0.60484,-0.03878,0.0
1790742849.382853,0.60529,-0.03856,0.0
1790742849.4453561,0.60548,-0.03819,0.0
1790742849.502537,0.60596,-0.03792,0.0
1790742849.5629451,0.60618,-0.03818,0.0
1790742849.6184042,0.60613,-0.03805,0.0
1790742849.662596,0.60704,-0.03815,0.0
1790742849.722322,0.60768,-0.03843,0.0
1790742849.762918,0.60821,-0.03815,0.0
1790742849.822449,0.61051,-0.03862,0.0
1790742849.862704,0.6123,-0.03941,0.0
1790742849.9225721,0.61327,-0.04053,0.0
1790742849.9630542,0.61363,-0.04198,0.0
1790742850.022961,0.6143,-0.04311,0.0
1790742850.082029,0.61556,-0.04392,0.0
1790742850.1228778,0.61576,-0.04308,0.0
1790742850.1825411,0.61547,-0.04179,0.0
1790742850.2475479,0.61476,-0.04076,0.0
1790742850.282561,0.61422,-0.04029,0.0
1790742850.344448,0.61316,-0.0406,0.0
1790742850.3832178,0.61262,-0.04142,0.0
1790742850.443671,0.61223,-0.04224,0.0
1790742850.502207,0.61193,-0.04289,0.0
1790742850.5426712,0.61179,-0.04345,0.0
1790742850.604856,0.61169,-0.04382,0.0
1790742850.643338,0.61148,-0.04402,0.0
1790742850.7045891,0.61136,-0.04398,0.0
1790742850.763062,0.61138,-0.04399,0.0
1790742850.8044999,0.61134,-0.04399,0.0
1790742850.862158,0.61123,-0.0439,0.0
1790742850.905754,0.61076,-0.04384,0.0
1790742850.963215,0.61024,-0.04378,0.0
1790742851.001049,0.61019,-0.04383,0.0
1790742851.062649,0.61039,-0.04401,0.0
1790742851.122218,0.61079,-0.04423,0.0
1790742851.163605,0.61078,-0.04458,0.0
1790742851.222462,0.61084,-0.0449,0.0
1790742851.3051908,0.61086,-0.04506,0.0
1790742851.362717,0.61089,-0.04517,0.0
1790742851.404324,0.61096,-0.04541,0.0
1790742851.462038,0.61083,-0.0458,0.0
1790742851.505135,0.61068,-0.04611,0.0
1790742851.562295,0.61075,-0.0463,0.0
1790742851.602898,0.61095,-0.0462,0.0
1790742851.662338,0.61095,-0.0462,0.0
1790742851.715244,0.61101,-0.04641,0.0
1790742851.765561,0.61103,-0.04645,0.0
1790742851.8229818,0.61104,-0.04629,0.0
1790742851.8845592,0.61101,-0.04625,0.0
1790742851.9237719,0.61098,-0.04621,0.0
1790742851.984282,0.61115,-0.04603,0.0
1790742852.0440938,0.61131,-0.04609,0.0
1790742852.095387,0.61145,-0.0463,0.0
1790742852.1387498,0.61166,-0.04615,0.0
1790742852.2038279,0.61186,-0.04575,0.0
1790742852.2623732,0.61189,-0.04618,0.0
1790742852.3246112,0.61175,-0.04642,0.0
1790742852.36273,0.61166,-0.04633,0.0
1790742852.4235148,0.61158,-0.04623,0.0
1790742852.4638212,0.61156,-0.0464,0.0
1790742852.522219,0.61167,-0.04675,0.0
1790742852.583387,0.61164,-0.04708,0.0
1790742852.642316,0.61156,-0.04723,0.0
1790742852.683564,0.61165,-0.0471,0.0
1790742852.7439091,0.61177,-0.0469,0.0
1790742852.798153,0.61181,-0.04667,0.0
1790742852.855359,0.61198,-0.04663,0.0
1790742852.898301,0.61205,-0.04705,0.0
1790742852.955919,0.61209,-0.04701,0.0
1790742853.024074,0.61205,-0.04691,0.0
1790742853.082326,0.61197,-0.04678,0.0
1790742853.1239748,0.61182,-0.04654,0.0
1790742853.1825001,0.61179,-0.04646,0.0
1790742853.24292,0.61176,-0.04658,0.0
1790742853.3072052,0.61185,-0.04675,0.0
1790742853.3559282,0.61187,-0.04702,0.0
1790742853.398168,0.61189,-0.04733,0.0
1790742853.458024,0.61167,-0.04739,0.0
1790742853.52252,0.61144,-0.04741,0.0
1790742853.5821419,0.61133,-0.04753,0.0
1790742853.62206,0.61139,-0.04753,0.0
1790742853.683591,0.61155,-0.04743,0.0
1790742853.722629,0.61173,-0.04732,0.0
1790742853.786654,0.61172,-0.04732,0.0
1790742853.8224168,0.61174,-0.04717,0.0
1790742853.885922,0.61206,-0.04692,0.0
1790742853.942346,0.61211,-0.04699,0.0
1790742853.982592,0.61216,-0.04728,0.0
1790742854.042194,0.6123,-0.04717,0.0
1790742854.082718,0.61253,-0.04691,0.0
1790742854.142821,0.6126,-0.04687,0.0
1790742854.203413,0.61269,-0.04679,0.0
1790742854.2626612,0.61273,-0.04675,0.0
1790742854.3197188,0.61226,-0.04676,0.0
1790742854.3642051,0.61181,-0.04616,0.0
1790742854.421483,0.61084,-0.04137,0.0
1790742854.467066,0.61214,-0.02888,0.0
1790742854.522004,0.61134,-0.01129,0.0
1790742854.563088,0.60957,0.00775,0.0
1790742854.623869,0.60777,0.02601,0.0
1790742854.662496,0.60595,0.04206,0.0
1790742854.722537,0.60294,0.05493,0.0
1790742854.782155,0.59938,0.06539,0.0
1790742854.819551,0.59661,0.07448,0.0
1790742854.883094,0.59575,0.08365,0.0
1790742854.918147,0.59633,0.09426,0.0
1790742854.982599,0.59751,0.1063,0.0
1790742855.042238,0.59755,0.11998,0.0
1790742855.0854201,0.59681,0.13478,0.0
1790742855.142273,0.59512,0.14923,0.0
1790742855.179549,0.59231,0.16264,0.0
1790742855.245873,0.5877,0.17501,0.0
1790742855.284873,0.58208,0.18637,0.0
1790742855.345588,0.57897,0.1974,0.0
1790742855.38079,0.57809,0.20863,0.0
1790742855.442543,0.57929,0.22059,0.0
1790742855.502582,0.58021,0.23307,0.0
1790742855.564749,0.58059,0.2595,0.0
1790742855.622682,0.58133,0.27254,0.0
1790742855.681845,0.58323,0.28525,0.0
1790742855.756738,0.5868,0.29768,0.0
1790742855.816246,0.59013,0.32194,0.0
1790742855.863671,0.58993,0.33378,0.0
1790742855.918987,0.58921,0.34573,0.0
1790742855.9631271,0.58821,0.35781,0.0
1790742856.0157151,0.58657,0.37034,0.0
1790742856.064259,0.58542,0.3829,0.0
1790742856.122848,0.58489,0.3957,0.0
1790742856.184532,0.58672,0.40841,0.0
1790742856.2190259,0.58932,0.42093,0.0
1790742856.2840111,0.59157,0.43316,0.0
1790742856.345842,0.59284,0.44531,0.0
1790742856.382577,0.59349,0.45769,0.0
1790742856.4438012,0.59317,0.46989,0.0
1790742856.5020428,0.59307,0.48233,0.0
1790742856.546596,0.59281,0.49477,0.0
1790742856.602549,0.59268,0.50731,0.0
1790742856.6646788,0.59252,0.51983,0.0
1790742856.702085,0.59263,0.53211,0.0
1790742856.764887,0.5928,0.552,0.0
1790742856.802795,0.59274,0.55728,0.0
1790742856.8672278,0.59315,0.55787,0.0
1790742856.9224372,0.59318,0.55711,0.0
1790742856.9684951,0.59316,0.55702,0.0
1790742857.022572,0.59307,0.55691,0.0
1790742857.065639,0.59289,0.55694,0.0
1790742857.122477,0.59288,0.55695,0.0
1790742857.1805272,0.59286,0.55698,0.0
1790742857.223139,0.59289,0.55703,0.0
1790742857.283756,0.59294,0.55709,0.0
1790742857.337971,0.5931,0.55712,0.0
1790742857.37805,0.59332,0.55714,0.0
1790742857.4464839,0.59371,0.55691,0.0
1790742857.479233,0.59378,0.55682,0.0
1790742857.544886,0.59385,0.55699,0.0
1790742857.578288,0.59379,0.55728,0.0
1790742857.6419,0.59382,0.55759,0.0
1790742857.680029,0.59395,0.55761,0.0
1790742857.745582,0.59412,0.55764,0.0
1790742857.784918,0.59434,0.55777,0.0
1790742857.846148,0.5945,0.55787,0.0
1790742857.881971,0.59449,0.55763,0.0
1790742857.946613,0.5947,0.55766,0.0
1790742858.002387,0.59467,0.55785,0.0
1790742858.0639942,0.59474,0.55762,0.0
1790742858.1154041,0.59471,0.55769,0.0
1790742858.164812,0.59468,0.55781,0.0
1790742858.222566,0.5947,0.5578,0.0
1790742858.282162,0.59494,0.55789,0.0
1790742858.322807,0.5951,0.55784,0.0
1790742858.3821492,0.59521,0.55789,0.0
1790742858.422383,0.59517,0.55799,0.0
1790742858.482163,0.59537,0.55809,0.0
1790742858.522636,0.5955,0.5581,0.0
1790742858.582339,0.59557,0.55828,0.0
1790742858.615773,0.59567,0.55847,0.0
1790742858.682953,0.59574,0.55852,0.0
1790742858.7238772,0.59582,0.55864,0.0
1790742858.7826428,0.59584,0.55873,0.0
1790742858.84199,0.5958,0.55883,0.0
1790742858.883455,0.59577,0.55899,0.0
1790742858.942715,0.59574,0.55911,0.0
1790742859.003708,0.59569,0.55922,0.0
1790742859.063869,0.59566,0.55925,0.0
1790742859.098197,0.59562,0.55931,0.0
1790742859.1635141,0.59557,0.55945,0.0
1790742859.2221189,0.59554,0.5595,0.0
1790742859.262906,0.59552,0.55954,0.0
1790742859.322442,0.59549,0.5596,0.0
1790742859.384224,0.59546,0.55967,0.0
1790742859.422417,0.59543,0.55968,0.0
1790742859.4824052,0.59541,0.5597,0.0
1790742859.5422342,0.59537,0.55971,0.0
1790742859.595924,0.59526,0.55969,0.0
1790742859.642399,0.59514,0.55983,0.0
1790742859.6977699,0.59535,0.56031,0.0
1790742859.7479522,0.59867,0.55921,0.0
1790742859.802182,0.59931,0.55936,0.0
1790742859.843206,0.60017,0.55941,0.0
1790742859.9026382,0.60122,0.5596,0.0
1790742859.95537,0.60185,0.56025,0.0
1790742860.003523,0.60204,0.56069,0.0
1790742860.043995,0.60147,0.56115,0.0
1790742860.102536,0.60073,0.56149,0.0
1790742860.143976,0.59999,0.5618,0.0
1790742860.203456,0.59962,0.56199,0.0
1790742860.262742,0.59955,0.56243,0.0
1790742860.323622,0.59943,0.56245,0.0
1790742860.362556,0.59941,0.5624,0.0
1790742860.422634,0.59945,0.56238,0.0
1790742860.4625652,0.59885,0.56236,0.0
1790742860.5246432,0.59828,0.56241,0.0
1790742860.563595,0.59749,0.5628,0.0
1790742860.624502,0.59661,0.56313,0.0
1790742860.682059,0.59647,0.56303,0.0
1790742860.7262,0.59629,0.56273,0.0
1790742860.782037,0.59654,0.56247,0.0
1790742860.842081,0.59654,0.56261,0.0
1790742860.884186,0.59666,0.56299,0.0
1790742860.9423811,0.59615,0.56304,0.0
1790742860.9839518,0.59578,0.56371,0.0
1790742861.0423691,0.59548,0.56344,0.0
1790742861.102787,0.5954,0.56157,0.0
1790742861.142373,0.59477,0.55874,0.0
1790742861.20282,0.59521,0.55814,0.0
1790742861.261369,0.59588,0.55784,0.0
1790742861.303203,0.5965,0.55702,0.0
1790742861.36245,0.59708,0.55662,0.0
1790742861.402498,0.59699,0.55684,0.0
1790742861.464385,0.59673,0.55692,0.0
1790742861.515618,0.59651,0.55677,0.0
1790742861.582099,0.59651,0.5565,0.0
1790742861.6182752,0.59657,0.5565,0.0
1790742861.682174,0.59665,0.55651,0.0
1790742861.72383,0.59683,0.55666,0.0
1790742861.783865,0.59742,0.55709,0.0
1790742861.8420742,0.5982,0.55783,0.0
1790742861.882679,0.59872,0.55797,0.0
1790742861.942301,0.59885,0.55837,0.0
1790742862.002026,0.59908,0.55862,0.0
1790742862.042454,0.59906,0.55873,0.0
1790742862.1021,0.59912,0.55916,0.0
1790742862.145279,0.59916,0.55939,0.0
1790742862.202637,0.59903,0.55988,0.0
1790742862.2440882,0.59857,0.5602,0.0
1790742862.303728,0.59796,0.5605,0.0
1790742862.357714,0.59761,0.56067,0.0
1790742862.402412,0.59736,0.56067,0.0
1790742862.471243,0.59724,0.56044,0.0
1790742862.5232189,0.59725,0.56039,0.0
1790742862.5650828,0.59701,0.56027,0.0
1790742862.6237419,0.59676,0.56037,0.0
1790742862.660707,0.59662,0.56019,0.0
1790742862.7234838,0.59662,0.56012,0.0
1790742862.7852118,0.5966,0.56003,0.0
1790742862.8422022,0.59659,0.56,0.0
1790742862.882584,0.59655,0.56002,0.0
1790742862.942585,0.59643,0.55997,0.0
1790742862.979412,0.59622,0.55966,0.0
1790742863.0422888,0.59591,0.55973,0.0
1790742863.0829709,0.59594,0.55967,0.0
1790742863.1426392,0.59588,0.5598,0.0
1790742863.2022169,0.59579,0.5599,0.0
1790742863.268289,0.59529,0.55977,0.0
1790742863.324439,0.59526,0.55992,0.0
1790742863.375498,0.595,0.56004,0.0
1790742863.423899,0.59494,0.56027,0.0
1790742863.479499,0.59497,0.56047,0.0
1790742863.5228128,0.5951,0.56065,0.0
1790742863.581414,0.59505,0.56064,0.0
1790742863.6215591,0.59496,0.56062,0.0
1790742863.679174,0.59508,0.56052,0.0
1790742863.7427578,0.59518,0.56041,0.0
1790742863.802017,0.59528,0.5605,0.0
1790742863.84302,0.59528,0.56067,0.0
1790742863.902122,0.59512,0.5607,0.0
1790742863.943416,0.59505,0.56066,0.0
1790742864.002484,0.59531,0.56067,0.0
1790742864.062073,0.59525,0.56076,0.0
1790742864.1039019,0.59511,0.56082,0.0
1790742864.161838,0.59507,0.56066,0.0
1790742864.203706,0.59534,0.56065,0.0
1790742864.262271,0.59557,0.56052,0.0
1790742864.322241,0.5954,0.56033,0.0
1790742864.365097,0.59559,0.56031,0.0
1790742864.425575,0.59592,0.56025,0.0
1790742864.462453,0.59598,0.56011,0.0
1790742864.522399,0.59609,0.56011,0.0
1790742864.58364,0.59625,0.56027,0.0
1790742864.622402,0.59624,0.5603,0.0
1790742864.684753,0.5962,0.56042,0.0
1790742864.7574751,0.59638,0.56037,0.0
1790742864.803634,0.59644,0.56045,0.0
1790742864.8619561,0.59607,0.56054,0.0
1790742864.9027882,0.59607,0.56054,0.0
1790742864.960435,0.59592,0.56054,0.0
1790742865.022349,0.59645,0.56026,0.0
1790742865.062745,0.59682,0.56004,0.0
1790742865.121981,0.59689,0.55985,0.0
1790742865.1636548,0.5967,0.55972,0.0
1790742865.2219698,0.59651,0.55965,0.0
1790742865.284495,0.59647,0.55934,0.0
1790742865.326282,0.5941,0.55911,0.0
1790742865.385518,0.58461,0.55876,0.0
1790742865.437551,0.56908,0.55976,0.0
1790742865.483881,0.55011,0.56004,0.0
1790742865.5426,0.53051,0.56045,0.0
1790742865.586508,0.51242,0.56066,0.0
1790742865.639719,0.49789,0.56073,0.0
1790742865.7039008,0.48645,0.56055,0.0
1790742865.764632,0.47742,0.56094,0.0
1790742865.822015,0.46025,0.56125,0.0
1790742865.863061,0.44886,0.56133,0.0
1790742865.922785,0.43516,0.56169,0.0
1790742865.962819,0.42035,0.56189,0.0
1790742866.029081,0.40509,0.56172,0.0
1790742866.086207,0.39049,0.56182,0.0
1790742866.140171,0.37743,0.56156,0.0
1790742866.1861298,0.3657,0.56185,0.0
1790742866.268192,0.35535,0.56182,0.0
1790742866.3084722,0.34505,0.56209,0.0
1790742866.362468,0.32233,0.56171,0.0
1790742866.398004,0.32233,0.56171,0.0
1790742866.462056,0.29488,0.56154,0.0
1790742866.5024672,0.28079,0.56149,0.0
1790742866.563692,0.26741,0.56149,0.0
1790742866.6223319,0.25475,0.56153,0.0
1790742866.684554,0.24327,0.56171,0.0
1790742866.722228,0.23203,0.5616,0.0
1790742866.7914062,0.22041,0.56186,0.0
1790742866.825344,0.20805,0.56201,0.0
1790742866.886708,0.19542,0.56212,0.0
1790742866.942506,0.18222,0.56207,0.0
1790742866.998859,0.1686,0.56204,0.0
1790742867.043031,0.1555,0.56221,0.0
1790742867.10225,0.14284,0.56248,0.0
1790742867.142793,0.13046,0.56226,0.0
1790742867.203083,0.11858,0.56235,0.0
1790742867.243758,0.10655,0.56235,0.0
1790742867.300415,0.08163,0.56257,0.0
1790742867.362484,0.06889,0.56274,0.0
1790742867.424035,0.05641,0.56286,0.0
1790742867.46368,0.04496,0.56261,0.0
1790742867.523673,0.03473,0.56243,0.0
1790742867.563464,0.02618,0.56223,0.0
1790742867.625768,0.01881,0.56224,0.0
1790742867.6834838,0.01171,0.56213,0.0
1790742867.7225878,0.00623,0.5619,0.0
1790742867.787128,0.004,0.56211,0.0
1790742867.84217,0.00392,0.56214,0.0
1790742867.884087,0.00411,0.56208,0.0
1790742867.942823,0.00454,0.56202,0.0
1790742868.002177,0.00522,0.56203,0.0
1790742868.042754,0.00611,0.56205,0.0
1790742868.097617,0.007,0.56223,0.0
1790742868.143036,0.00776,0.56251,0.0
1790742868.202065,0.00842,0.56267,0.0
1790742868.261993,0.00863,0.5623,0.0
1790742868.321887,0.00825,0.56226,0.0
1790742868.362886,0.00808,0.56228,0.0
1790742868.422438,0.00789,0.56241,0.0
1790742868.460287,0.00775,0.56237,0.0
1790742868.5239239,0.008,0.56226,0.0
1790742868.559789,0.00821,0.56199,0.0
1790742868.622684,0.00853,0.56169,0.0
1790742868.661925,0.00872,0.56146,0.0
1790742868.722547,0.0088,0.56123,0.0
1790742868.7823098,0.00905,0.56103,0.0
1790742868.818109,0.00897,0.56071,0.0
1790742868.881852,0.00906,0.56052,0.0
1790742868.943163,0.00899,0.5604,0.0
1790742868.9826481,0.00899,0.56053,0.0
1790742869.0445561,0.00909,0.56054,0.0
1790742869.082338,0.00914,0.56059,0.0
1790742869.144659,0.00909,0.56061,0.0
1790742869.2026858,0.00877,0.56053,0.0
1790742869.259457,0.00872,0.56042,0.0
1790742869.317756,0.0087,0.56038,0.0
1790742869.363022,0.00855,0.56033,0.0
1790742869.425129,0.00842,0.56035,0.0
1790742869.482433,0.00816,0.56045,0.0
1790742869.524061,0.008,0.56028,0.0
1790742869.582398,0.00796,0.56023,0.0
1790742869.6236968,0.00801,0.56,0.0
1790742869.6823108,0.00812,0.55996,0.0
1790742869.735265,0.00826,0.56002,0.0
1790742869.784362,0.00837,0.56015,0.0
1790742869.844151,0.00853,0.56025,0.0
1790742869.901984,0.00869,0.56036,0.0
1790742869.945313,0.00885,0.5605,0.0
1790742870.002218,0.00899,0.56057,0.0
1790742870.062398,0.00919,0.56075,0.0
1790742870.1249259,0.00932,0.56082,0.0
1790742870.162431,0.00944,0.56089,0.0
1790742870.224515,0.00954,0.56097,0.0
1790742870.2818718,0.00961,0.56107,0.0
1790742870.319124,0.00971,0.56112,0.0
1790742870.3837929,0.00963,0.56117,0.0
1790742870.4434948,0.00801,0.56128,0.0
1790742870.479603,0.0024,0.5618,0.0
1790742870.5447948,-0.00761,0.56233,0.0
1790742870.6019268,-0.02036,0.56257,0.0
1790742870.6448379,-0.03314,0.56231,0.0
1790742870.7027898,-0.04407,0.56213,0.0
1790742870.762657,-0.05683,0.56221,0.0
1790742870.802516,-0.06015,0.56205,0.0
1790742870.862122,-0.06344,0.56216,0.0
1790742870.902797,-0.06552,0.56218,0.0
1790742870.961897,-0.0664,0.56211,0.0
1790742871.002341,-0.06665,0.56207,0.0
1790742871.062389,-0.06638,0.56229,0.0
1790742871.117749,-0.06638,0.56229,0.0
1790742871.162815,-0.06497,0.56152,0.0
1790742871.2225962,-0.06564,0.55883,0.0
1790742871.277399,-0.06562,0.55918,0.0
1790742871.319892,-0.06584,0.55937,0.0
1790742871.383421,-0.06635,0.5592,0.0
1790742871.435738,-0.06709,0.55925,0.0
1790742871.4823658,-0.06783,0.5591,0.0
1790742871.545394,-0.06846,0.55866,0.0
1790742871.58244,-0.06865,0.55881,0.0
1790742871.643407,-0.06824,0.55919,0.0
1790742871.702593,-0.06774,0.5597,0.0
1790742871.748967,-0.06739,0.56037,0.0
1790742871.80245,-0.06723,0.56127,0.0
1790742871.858228,-0.0673,0.56192,0.0
1790742871.9019678,-0.0676,0.56271,0.0
1790742871.961979,-0.06363,0.56432,0.0
1790742872.002076,-0.06363,0.56432,0.0
1790742872.061864,-0.064,0.56349,0.0
1790742872.102088,-0.064,0.56349,0.0
1790742872.1619148,-0.05983,0.56553,0.0
1790742872.206053,-0.05316,0.57091,0.0
1790742872.2778292,-0.0439,0.5786,0.0
1790742872.3253272,-0.03521,0.58603,0.0
1790742872.3776472,-0.02638,0.59308,0.0
1790742872.424947,-0.01946,0.59887,0.0
1790742872.482506,-0.01452,0.60298,0.0
1790742872.542113,-0.01196,0.60448,0.0
1790742872.581784,-0.0116,0.60422,0.0
1790742872.6422012,-0.01202,0.60354,0.0
1790742872.6846879,-0.01267,0.60284,0.0
1790742872.743802,-0.01494,0.60206,0.0
1790742872.79583,-0.01548,0.60171,0.0
1790742872.862398,-0.01638,0.60096,0.0
1790742872.9218829,-0.01649,0.60137,0.0
1790742872.9623392,-0.01594,0.60218,0.0
1790742873.0235012,-0.01521,0.60229,0.0
1790742873.0809119,-0.01529,0.60236,0.0
1790742873.123261,-0.0149,0.60244,0.0
1790742873.1837828,-0.01452,0.60238,0.0
1790742873.243246,-0.01496,0.60212,0.0
1790742873.2861671,-0.01513,0.60206,0.0
1790742873.343206,-0.01479,0.60224,0.0
1790742873.40649,-0.01464,0.60253,0.0
1790742873.4639812,-0.01365,0.60358,0.0
1790742873.507134,-0.01293,0.60372,0.0
1790742873.56285,-0.01353,0.60381,0.0
1790742873.623001,-0.01368,0.60343,0.0
1790742873.663288,-0.01347,0.60324,0.0
1790742873.743374,-0.01345,0.60328,0.0
1790742873.786829,-0.0128,0.60313,0.0
1790742873.842804,-0.01209,0.60286,0.0
1790742873.8859231,-0.01132,0.60281,0.0
1790742873.942801,-0.01121,0.60328,0.0
1790742873.992856,-0.01122,0.60369,0.0
1790742874.044053,-0.01105,0.60369,0.0
1790742874.1043332,-0.01082,0.60374,0.0
1790742874.1628218,-0.0109,0.60374,0.0
1790742874.199158,-0.0109,0.60374,0.0
1790742874.263176,-0.01044,0.6034,0.0
1790742874.322834,-0.01015,0.60332,0.0
1790742874.3630989,-0.01011,0.60337,0.0
1790742874.422831,-0.0099,0.60309,0.0
1790742874.463191,-0.01004,0.60298,0.0
1790742874.522845,-0.01003,0.60289,0.0
1790742874.563353,-0.00962,0.60301,0.0
1790742874.623443,-0.00945,0.6033,0.0
1790742874.663553,-0.00972,0.60341,0.0
1790742874.723212,-0.0097,0.60349,0.0
1790742874.783351,-0.00984,0.60353,0.0
1790742874.8231192,-0.00993,0.60364,0.0
1790742874.883313,-0.00945,0.60393,0.0
1790742874.94283,-0.0092,0.60402,0.0
1790742874.985238,-0.00912,0.60405,0.0
1790742875.042022,-0.00859,0.60428,0.0
1790742875.0831559,-0.00858,0.60451,0.0
1790742875.143426,-0.00865,0.60485,0.0
1790742875.203134,-0.0087,0.60529,0.0
1790742875.2462451,-0.00838,0.6059,0.0
1790742875.303099,-0.00823,0.60619,0.0
1790742875.364949,-0.00835,0.60608,0.0
1790742875.4228978,-0.00842,0.60625,0.0
1790742875.460387,-0.0082,0.60625,0.0
1790742875.523382,-0.00796,0.60615,0.0
1790742875.5828831,-0.00795,0.60604,0.0
1790742875.624501,-0.00794,0.6062,0.0
1790742875.686008,-0.00785,0.60651,0.0
1790742875.750128,-0.00777,0.60652,0.0
1790742875.804412,-0.00787,0.60643,0.0
1790742875.847156,-0.00806,0.60645,0.0
1790742875.904286,-0.00821,0.60643,0.0
1790742875.9688509,-0.00815,0.60653,0.0
1790742876.0084538,-0.00806,0.60694,0.0
1790742876.0632498,-0.00795,0.60689,0.0
1790742876.118337,-0.00801,0.60641,0.0
1790742876.163287,-0.00799,0.60647,0.0
1790742876.223028,-0.00784,0.60653,0.0
1790742876.263343,-0.00786,0.60649,0.0
1790742876.3232582,-0.00796,0.60652,0.0
1790742876.3828192,-0.008,0.60656,0.0
1790742876.4247098,-0.00808,0.60664,0.0
1790742876.484575,-0.00813,0.60663,0.0
1790742876.523402,-0.00809,0.60681,0.0
1790742876.586951,-0.00807,0.60676,0.0
1790742876.645043,-0.00799,0.6065,0.0
1790742876.6852129,-0.00813,0.6063,0.0
1790742876.746743,-0.00835,0.60631,0.0
1790742876.803529,-0.00833,0.60628,0.0
1790742876.8625689,-0.00814,0.60635,0.0
1790742876.9052181,-0.00814,0.60635,0.0
1790742876.9663832,-0.00817,0.60635,0.0
1790742877.023083,-0.00787,0.60692,0.0
1790742877.063683,-0.00781,0.60686,0.0
1790742877.122824,-0.0078,0.60656,0.0
1790742877.160584,-0.00783,0.60654,0.0
1790742877.224465,-0.00784,0.60654,0.0
1790742877.2830138,-0.0077,0.60667,0.0
1790742877.323337,-0.00751,0.60687,0.0
1790742877.383095,-0.00738,0.60685,0.0
1790742877.446404,-0.0072,0.60701,0.0
1790742877.483286,-0.00708,0.60719,0.0
1790742877.5465012,-0.00686,0.60774,0.0
1790742877.585927,-0.00585,0.61233,0.0
1790742877.647273,-0.00469,0.62465,0.0
1790742877.70484,-0.00548,0.64169,0.0
1790742877.76594,-0.00819,0.67902,0.0
1790742877.820139,-0.00967,0.69532,0.0
1790742877.8684711,-0.01146,0.70904,0.0
1790742877.922697,-0.01366,0.71977,0.0
1790742877.967459,-0.01581,0.72874,0.0
1790742878.024192,-0.01742,0.73778,0.0
1790742878.082328,-0.01783,0.7479,0.0
1790742878.118152,-0.01725,0.75944,0.0
1790742878.1842701,-0.01686,0.77309,0.0
1790742878.2455502,-0.01675,0.78787,0.0
1790742878.303935,-0.01693,0.80272,0.0
1790742878.3645928,-0.01779,0.82918,0.0
1790742878.405417,-0.01779,0.82918,0.0
1790742878.4647,-0.01895,0.85128,0.0
1790742878.504074,-0.02119,0.86203,0.0
1790742878.566219,-0.02346,0.87393,0.0
1790742878.621164,-0.02551,0.88662,0.0
1790742878.686143,-0.02666,0.9,0.0
1790742878.721577,-0.02612,0.91388,0.0
1790742878.781864,-0.02567,0.9278,0.0
1790742878.845488,-0.02609,0.94093,0.0
1790742878.8835578,-0.02691,0.95322,0.0
1790742878.946086,-0.02733,0.96509,0.0
1790742879.0037918,-0.02724,0.977,0.0
1790742879.045409,-0.0272,0.98901,0.0
1790742879.1041121,-0.02753,1.00107,0.0
1790742879.1652548,-0.02805,1.02664,0.0
1790742879.204534,-0.02887,1.03995,0.0
1790742879.265742,-0.03043,1.05324,0.0
1790742879.319236,-0.03241,1.06578,0.0
1790742879.364609,-0.03491,1.07821,0.0
1790742879.423606,-0.03708,1.09024,0.0
1790742879.467047,-0.03899,1.10237,0.0
1790742879.524263,-0.0406,1.11448,0.0
1790742879.583891,-0.04082,1.12699,0.0
1790742879.624217,-0.04039,1.13955,0.0
1790742879.684224,-0.0401,1.15223,0.0
1790742879.725518,-0.03999,1.16538,0.0
1790742879.785502,-0.04002,1.17831,0.0
1790742879.8455,-0.03996,1.18968,0.0
1790742879.903732,-0.03977,1.19938,0.0
1790742879.945219,-0.03972,1.2063,0.0
1790742880.007742,-0.03976,1.20958,0.0
1790742880.043873,-0.0397,1.21015,0.0
1790742880.108237,-0.04008,1.21022,0.0
1790742880.1640818,-0.04015,1.20998,0.0
1790742880.2066538,-0.04021,1.20959,0.0
1790742880.2642329,-0.04038,1.20921,0.0
1790742880.304441,-0.04108,1.20903,0.0
1790742880.364193,-0.04091,1.20879,0.0
1790742880.4323761,-0.0411,1.20859,0.0
1790742880.464899,-0.04127,1.20847,0.0
1790742880.525891,-0.04101,1.2087,0.0
1790742880.566572,-0.04074,1.2089,0.0
1790742880.626282,-0.04057,1.20878,0.0
1790742880.6827369,-0.04042,1.20877,0.0
1790742880.726093,-0.04034,1.2088,0.0
1790742880.783743,-0.04041,1.20876,0.0
1790742880.842926,-0.04054,1.20885,0.0
1790742880.903883,-0.04061,1.20881,0.0
1790742880.943577,-0.04069,1.20853,0.0
1790742881.0046232,-0.04092,1.20832,0.0
1790742881.0456588,-0.04114,1.20833,0.0
1790742881.104403,-0.04126,1.20819,0.0
1790742881.1433249,-0.04133,1.20809,0.0
1790742881.2055721,-0.04135,1.20804,0.0
1790742881.2439349,-0.04126,1.20829,0.0
1790742881.3079638,-0.04129,1.20822,0.0
1790742881.3644428,-0.04121,1.20784,0.0
1790742881.399691,-0.04114,1.20804,0.0
1790742881.4639108,-0.04111,1.20803,0.0
1790742881.506905,-0.04105,1.20809,0.0
1790742881.5635872,-0.04106,1.2081,0.0
1790742881.625818,-0.04111,1.20812,0.0
1790742881.6642492,-0.04114,1.20827,0.0
1790742881.727815,-0.04111,1.20839,0.0
1790742881.7841809,-0.04105,1.20839,0.0
1790742881.84241,-0.04098,1.20842,0.0
1790742881.882868,-0.04067,1.20831,0.0
1790742881.944205,-0.04055,1.2082,0.0
1790742881.997526,-0.04055,1.20823,0.0
1790742882.044503,-0.04057,1.20834,0.0
1790742882.1052659,-0.04058,1.20846,0.0
1790742882.163548,-0.04059,1.20866,0.0
1790742882.204046,-0.04059,1.20866,0.0
1790742882.267057,-0.04062,1.20886,0.0
1790742882.30307,-0.04062,1.20895,0.0
1790742882.3643079,-0.04062,1.20904,0.0
1790742882.42574,-0.04063,1.20914,0.0
1790742882.463609,-0.04063,1.20921,0.0
1790742882.526918,-0.04065,1.20926,0.0
1790742882.56413,-0.04067,1.2093,0.0
1790742882.624887,-0.0407,1.20941,0.0
1790742882.693502,-0.0406,1.20955,0.0
1790742882.722979,-0.04056,1.20967,0.0
1790742882.78427,-0.04066,1.20987,0.0
1790742882.843945,-0.04063,1.21008,0.0
1790742882.884156,-0.04073,1.2101,0.0
1790742882.944057,-0.04081,1.21011,0.0
1790742882.98446,-0.04066,1.21026,0.0
1790742883.0449421,-0.04038,1.21057,0.0
1790742883.084299,-0.04041,1.21074,0.0
1790742883.1445189,-0.0403,1.21086,0.0
1790742883.184289,-0.04023,1.21113,0.0
1790742883.249273,-0.04016,1.21127,0.0
1790742883.30533,-0.04007,1.21096,0.0
1790742883.36589,-0.04013,1.21072,0.0
1790742883.425355,-0.04017,1.21058,0.0
1790742883.464963,-0.04004,1.21046,0.0
1790742883.525376,-0.04007,1.21036,0.0
1790742883.562659,-0.04003,1.21042,0.0
1790742883.6263008,-0.03991,1.21054,0.0
1790742883.683795,-0.03939,1.21074,0.0
1790742883.72799,-0.03908,1.21093,0.0
1790742883.7838871,-0.0389,1.21098,0.0
1790742883.844297,-0.03889,1.21075,0.0
1790742883.884259,-0.03893,1.21044,0.0
1790742883.945398,-0.03911,1.21022,0.0
1790742884.004969,-0.03918,1.21008,0.0
1790742884.0456991,-0.03926,1.20983,0.0
1790742884.10812,-0.03937,1.20986,0.0
1790742884.1646779,-0.03931,1.20988,0.0
1790742884.205025,-0.03931,1.20988,0.0
1790742884.26677,-0.03904,1.20991,0.0
1790742884.322536,-0.03941,1.20981,0.0
1790742884.368288,-0.03954,1.20962,0.0
1790742884.425932,-0.03973,1.20964,0.0
1790742884.486637,-0.03975,1.2097,0.0
1790742884.525332,-0.0401,1.2097,0.0
1790742884.582908,-0.04027,1.2097,0.0
1790742884.625473,-0.04033,1.20978,0.0
1790742884.687574,-0.04041,1.20987,0.0
1790742884.748277,-0.04054,1.20999,0.0
1790742884.788235,-0.04068,1.21004,0.0
1790742884.845226,-0.04065,1.20991,0.0
1790742884.887866,-0.04073,1.20989,0.0
1790742884.964843,-0.04067,1.20955,0.0
1790742885.0064352,-0.04057,1.20939,0.0
1790742885.066551,-0.04065,1.20934,0.0
1790742885.106493,-0.0406,1.20948,0.0
1790742885.1678898,-0.0405,1.20968,0.0
1790742885.2237298,-0.04052,1.20962,0.0
1790742885.2654479,-0.04061,1.20956,0.0
1790742885.326008,-0.04045,1.20964,0.0
1790742885.365171,-0.04057,1.20994,0.0
1790742885.425267,-0.04034,1.21004,0.0
1790742885.47713,-0.04045,1.21006,0.0
1790742885.526269,-0.0405,1.21,0.0
1790742885.584073,-0.04055,1.21007,0.0
1790742885.624644,-0.04066,1.21007,0.0
1790742885.6897678,-0.04076,1.21004,0.0
1790742885.737314,-0.041,1.21016,0.0
1790742885.782937,-0.04128,1.20998,0.0
1790742885.845314,-0.04172,1.20987,0.0
1790742885.9046679,-0.0418,1.20948,0.0
1790742885.946683,-0.04175,1.20942,0.0
1790742886.004705,-0.0419,1.2095,0.0
1790742886.04526,-0.04192,1.20963,0.0
1790742886.105054,-0.04188,1.20967,0.0
1790742886.145739,-0.04196,1.20959,0.0
1790742886.204721,-0.04211,1.20962,0.0
1790742886.2666612,-0.0422,1.20963,0.0
1790742886.307153,-0.04232,1.21011,0.0
1790742886.365899,-0.04246,1.21025,0.0
1790742886.404974,-0.04263,1.21032,0.0
1790742886.466003,-0.04271,1.21038,0.0
1790742886.5223942,-0.04275,1.21044,0.0
1790742886.5656269,-0.04275,1.21057,0.0
1790742886.625439,-0.04287,1.21067,0.0
1790742886.6820018,-0.04303,1.21072,0.0
1790742886.733221,-0.0429,1.21082,0.0
1790742886.787055,-0.04304,1.21085,0.0
1790742886.845021,-0.04302,1.2107,0.0
1790742886.887211,-0.04284,1.21053,0.0
1790742886.943383,-0.04258,1.21034,0.0
1790742886.986086,-0.04232,1.21024,0.0
1790742887.0450041,-0.04234,1.21023,0.0
1790742887.106354,-0.04237,1.21032,0.0
1790742887.1425211,-0.04227,1.21046,0.0
1790742887.245496,-0.0421,1.21077,0.0
1790742887.304517,-0.04184,1.21082,0.0
1790742887.338922,-0.04193,1.21071,0.0
1790742887.40556,-0.04205,1.21084,0.0
1790742887.443912,-0.04213,1.21086,0.0
1790742887.505515,-0.04239,1.21084,0.0
1790742887.565044,-0.04241,1.21107,0.0
1790742887.606626,-0.04227,1.2111,0.0
1790742887.66733,-0.0423,1.21117,0.0
1790742887.7261581,-0.04213,1.21138,0.0
1790742887.7695749,-0.04188,1.21149,0.0
1790742887.824987,-0.04189,1.21151,0.0
1790742887.8840792,-0.04183,1.2116,0.0
1790742887.9250848,-0.0418,1.21172,0.0
1790742887.985714,-0.04181,1.21163,0.0
1790742888.024992,-0.04205,1.21147,0.0
1790742888.090789,-0.04227,1.21137,0.0
1790742888.1447191,-0.0428,1.2112,0.0
1790742888.1869,-0.0428,1.2114,0.0
1790742888.244895,-0.0428,1.21143,0.0
1790742888.305206,-0.04282,1.21137,0.0
1790742888.367601,-0.04293,1.21112,0.0
1790742888.404056,-0.04303,1.21108,0.0
1790742888.4648,-0.04296,1.21103,0.0
1790742888.5293949,-0.04287,1.21087,0.0
1790742888.564833,-0.04288,1.2108,0.0
1790742888.6274319,-0.04284,1.21088,0.0
1790742888.664896,-0.04306,1.21098,0.0
1790742888.7256708,-0.04284,1.21086,0.0
1790742888.784669,-0.04266,1.21084,0.0
1790742888.8290439,-0.04256,1.21068,0.0
1790742888.8857222,-0.04238,1.2106,0.0
1790742888.9420228,-0.04234,1.21055,0.0
1790742888.985636,-0.04242,1.21051,0.0
1790742889.0426419,-0.04234,1.21052,0.0
1790742889.084909,-0.04224,1.21061,0.0
1790742889.1466,-0.04223,1.21079,0.0
1790742889.1997912,-0.04213,1.21081,0.0
1790742889.242646,-0.04198,1.21096,0.0
1790742889.304401,-0.04191,1.21088,0.0
1790742889.365589,-0.04188,1.21102,0.0
1790742889.4259672,-0.04169,1.21105,0.0
1790742889.485336,-0.04146,1.21107,0.0
1790742889.542965,-0.04145,1.2111,0.0
1790742889.58625,-0.04137,1.21106,0.0
1790742889.647197,-0.0414,1.21124,0.0
1790742889.6863759,-0.04154,1.21137,0.0
1790742889.7485812,-0.04155,1.21135,0.0
1790742889.804957,-0.04167,1.21138,0.0
1790742889.8490932,-0.04168,1.21144,0.0
1790742889.899153,-0.04163,1.21143,0.0
1790742889.961011,-0.04155,1.21142,0.0
1790742890.000439,-0.04137,1.21146,0.0
1790742890.065005,-0.04126,1.21145,0.0
1790742890.1253052,-0.04117,1.21144,0.0
1790742890.163059,-0.04113,1.21141,0.0
1790742890.22561,-0.04107,1.21163,0.0
1790742890.284586,-0.04103,1.21182,0.0
1790742890.349025,-0.0411,1.21196,0.0
1790742890.3862138,-0.04118,1.21224,0.0
1790742890.4473479,-0.04127,1.21254,0.0
1790742890.4865851,-0.04136,1.21263,0.0
1790742890.547035,-0.0415,1.2127,0.0
1790742890.600816,-0.04155,1.21278,0.0
1790742890.646879,-0.04153,1.21282,0.0
1790742890.701199,-0.04149,1.21278,0.0
1790742890.7644942,-0.04133,1.21283,0.0
1790742890.804267,-0.04142,1.21302,0.0
1790742890.865124,-0.04146,1.21318,0.0
1790742890.92483,-0.04142,1.21327,0.0
1790742890.95778,-0.0415,1.2133,0.0
1790742891.024708,-0.04144,1.21334,0.0
1790742891.06273,-0.04137,1.21328,0.0
1790742891.125428,-0.04134,1.21321,0.0
1790742891.1897469,-0.04133,1.21301,0.0
1790742891.247426,-0.04139,1.21294,0.0
1790742891.286221,-0.04133,1.21299,0.0
1790742891.346119,-0.04138,1.21291,0.0
1790742891.4027488,-0.0412,1.2127,0.0
1790742891.4466612,-0.04115,1.21262,0.0
1790742891.505003,-0.0412,1.21262,0.0
1790742891.545084,-0.04126,1.21264,0.0
1790742891.605033,-0.04138,1.21251,0.0
1790742891.667958,-0.04137,1.2124,0.0
1790742891.722771,-0.04134,1.21229,0.0
1790742891.764686,-0.04102,1.21235,0.0
1790742891.8249578,-0.04087,1.21233,0.0
1790742891.864067,-0.04096,1.21234,0.0
1790742891.924934,-0.04084,1.21231,0.0
1790742891.984571,-0.04073,1.21229,0.0
1790742892.0237608,-0.04079,1.21225,0.0
1790742892.085782,-0.04072,1.21231,0.0
1790742892.145,-0.04069,1.21233,0.0
1790742892.188385,-0.04066,1.21234,0.0
1790742892.250798,-0.04069,1.21221,0.0
1790742892.2925088,-0.04063,1.21205,0.0
1790742892.3626041,-0.04065,1.21202,0.0
1790742892.4047801,-0.04065,1.21202,0.0
1790742892.462722,-0.04106,1.2125,0.0
1790742892.505072,-0.04141,1.21248,0.0
1790742892.5632918,-0.04164,1.21235,0.0
1790742892.6027908,-0.04191,1.21237,0.0
1790742892.664209,-0.04178,1.21246,0.0
1790742892.702422,-0.04155,1.21259,0.0
1790742892.765654,-0.04146,1.21268,0.0
1790742892.824658,-0.04133,1.21249,0.0
1790742892.8652859,-0.0413,1.21236,0.0
1790742892.925389,-0.04141,1.21233,0.0
1790742892.965285,-0.04149,1.21231,0.0
1790742893.026059,-0.0415,1.21224,0.0
1790742893.0662029,-0.04154,1.21221,0.0
1790742893.127072,-0.04169,1.21225,0.0
1790742893.18526,-0.04167,1.2124,0.0
1790742893.2266712,-0.04198,1.21256,0.0
1790742893.285985,-0.04196,1.21259,0.0
1790742893.3244832,-0.04183,1.21244,0.0
1790742893.389874,-0.04215,1.21194,0.0
1790742893.4446561,-0.04229,1.21163,0.0
1790742893.486547,-0.04244,1.21156,0.0
1790742893.546415,-0.04393,1.21155,0.0
1790742893.589764,-0.04755,1.2131,0.0
1790742893.6487732,-0.04742,1.21279,0.0
1790742893.686636,-0.04744,1.21272,0.0
1790742893.7507389,-0.04744,1.21308,0.0
1790742893.807273,-0.04678,1.21321,0.0
1790742893.9070568,-0.04563,1.2139,0.0
1790742893.928204,-0.04508,1.21423,0.0
1790742893.967165,-0.04525,1.21461,0.0
1790742894.027353,-0.04523,1.2146,0.0
1790742894.06538,-0.0451,1.21401,0.0
1790742894.126265,-0.04433,1.21374,0.0
1790742894.165241,-0.04408,1.21333,0.0
1790742894.216177,-0.04332,1.21334,0.0
1790742894.28328,-0.04317,1.21331,0.0
1790742894.330814,-0.04258,1.21336,0.0
1790742894.4104419,-0.04267,1.21337,0.0
1790742894.441091,-0.04249,1.21302,0.0
1790742894.4893482,-0.04203,1.21261,0.0
1790742894.544689,-0.04165,1.21226,0.0
1790742894.5840662,-0.04127,1.21208,0.0
1790742894.644902,-0.04116,1.21198,0.0
1790742894.709528,-0.04076,1.21186,0.0
1790742894.746277,-0.04028,1.21103,0.0
1790742894.807926,-0.04028,1.21103,0.0
1790742894.864599,-0.0406,1.20951,0.0
1790742894.907586,-0.04087,1.20868,0.0
1790742894.9667552,-0.04178,1.20721,0.0
1790742895.007533,-0.04201,1.20746,0.0
1790742895.0670688,-0.04141,1.20751,0.0
1790742895.108788,-0.04054,1.20751,0.0
1790742895.164763,-0.04045,1.20591,0.0
1790742895.206679,-0.04129,1.2037,0.0
1790742895.264859,-0.04267,1.20181,0.0
1790742895.324821,-0.04421,1.20053,0.0
1790742895.3651998,-0.04514,1.20042,0.0
1790742895.424903,-0.045,1.2021,0.0
1790742895.4649868,-0.04483,1.20279,0.0
1790742895.525065,-0.04443,1.20265,0.0
1790742895.584002,-0.04403,1.20272,0.0
1790742895.626024,-0.04347,1.20271,0.0
1790742895.68709,-0.04294,1.20261,0.0
1790742895.7265768,-0.04248,1.20251,0.0
1790742895.783844,-0.04201,1.20269,0.0
1790742895.82885,-0.04176,1.20265,0.0
1790742895.889089,-0.0419,1.20272,0.0
1790742895.9459252,-0.04186,1.20265,0.0
1790742895.985007,-0.04162,1.20235,0.0
1790742896.052276,-0.04166,1.20219,0.0
1790742896.08546,-0.0417,1.20209,0.0
1790742896.1457012,-0.04191,1.202,0.0
1790742896.206313,-0.04223,1.20194,0.0
1790742896.261953,-0.0424,1.20178,0.0
1790742896.324492,-0.04226,1.20171,0.0
1790742896.365237,-0.04195,1.20165,0.0
1790742896.4250162,-0.04187,1.20168,0.0
1790742896.4650939,-0.04196,1.2018,0.0
1790742896.5259242,-0.04177,1.20197,0.0
1790742896.585998,-0.04165,1.20215,0.0
1790742896.644675,-0.04158,1.20225,0.0
1790742896.6851048,-0.04172,1.20218,0.0
1790742896.745901,-0.04192,1.2021,0.0
1790742896.8048918,-0.04192,1.20208,0.0
1790742896.848515,-0.04179,1.202,0.0
1790742896.9050791,-0.04177,1.20187,0.0
1790742896.946188,-0.04183,1.20171,0.0
1790742897.004831,-0.04197,1.20155,0.0
1790742897.064646,-0.04251,1.2015,0.0
1790742897.112608,-0.04239,1.20143,0.0
1790742897.165206,-0.04212,1.20142,0.0
1790742897.225502,-0.04196,1.2015,0.0
1790742897.260601,-0.04205,1.20152,0.0
1790742897.32479,-0.04237,1.20193,0.0
1790742897.385251,-0.04283,1.20236,0.0
1790742897.42589,-0.04278,1.20244,0.0
1790742897.485634,-0.04234,1.20263,0.0
1790742897.528642,-0.04212,1.20281,0.0
1790742897.585036,-0.04212,1.20305,0.0
1790742897.625129,-0.04219,1.20325,0.0
1790742897.6855848,-0.04237,1.20333,0.0
1790742897.745805,-0.04268,1.2032,0.0
1790742897.781406,-0.04281,1.20307,0.0
1790742897.846928,-0.04198,1.20318,0.0
1790742897.904323,-0.03607,1.2033,0.0
1790742897.945864,-0.02212,1.20353,0.0
1790742898.005246,-0.00422,1.20458,0.0
1790742898.059445,0.03286,1.20536,0.0
1790742898.1066,0.049,1.20542,0.0
1790742898.167846,0.06209,1.20565,0.0
1790742898.224569,0.07191,1.20579,0.0
1790742898.268045,0.08013,1.20578,0.0
1790742898.3263612,0.08906,1.2058,0.0
1790742898.386009,0.09994,1.20575,0.0
1790742898.461317,0.12686,1.20626,0.0
1790742898.507945,0.14193,1.20635,0.0
1790742898.562505,0.15669,1.20643,0.0
1790742898.606954,0.17029,1.20658,0.0
1790742898.667913,0.1822,1.2067,0.0
1790742898.705956,0.19311,1.20664,0.0
1790742898.769635,0.20351,1.20662,0.0
1790742898.806009,0.21445,1.20658,0.0
1790742898.869283,0.22653,1.20675,0.0
1790742898.921438,0.23979,1.20671,0.0
1790742898.968616,0.25346,1.20671,0.0
1790742899.022408,0.26725,1.20674,0.0
1790742899.0686998,0.28084,1.20765,0.0
1790742899.127305,0.29368,1.20848,0.0
1790742899.184578,0.30594,1.20715,0.0
1790742899.2259252,0.31745,1.20259,0.0
1790742899.2872598,0.32777,1.19639,0.0
1790742899.347084,0.33711,1.19059,0.0
1790742899.3853672,0.3427,1.18808,0.0
1790742899.4460201,0.34462,1.18762,0.0
1790742899.505435,0.34593,1.18847,0.0
1790742899.5457091,0.34619,1.18906,0.0
1790742899.605484,0.34608,1.18913,0.0
1790742899.650021,0.34578,1.18813,0.0
1790742899.707045,0.34537,1.18402,0.0
1790742899.751036,0.34511,1.17556,0.0
1790742899.8060129,0.34682,1.15337,0.0
1790742899.8660312,0.34734,1.14225,0.0
1790742899.9059021,0.34734,1.14225,0.0
1790742899.968437,0.34685,1.12575,0.0
1790742900.006101,0.34701,1.12314,0.0
1790742900.0648892,0.34708,1.12372,0.0
1790742900.10714,0.34729,1.12481,0.0
1790742900.165123,0.34796,1.12497,0.0
1790742900.207113,0.35073,1.12455,0.0
1790742900.265412,0.35969,1.12372,0.0
1790742900.30729,0.37485,1.12413,0.0
1790742900.3659751,0.3935,1.12514,0.0
1790742900.4071062,0.41282,1.12583,0.0
1790742900.4674828,0.43053,1.12674,0.0
1790742900.520684,0.44541,1.1282,0.0
1790742900.567266,0.45702,1.13017,0.0
1790742900.625849,0.46637,1.13205,0.0
1790742900.683777,0.47447,1.13387,0.0
1790742900.726084,0.48223,1.13583,0.0
1790742900.78266,0.48976,1.13702,0.0
1790742900.8455071,0.49603,1.1378,0.0
1790742900.882755,0.49814,1.13761,0.0
1790742900.945684,0.49773,1.1371,0.0
1790742900.9863412,0.49662,1.13698,0.0
1790742901.04576,0.49587,1.13689,0.0
1790742901.1054301,0.4953,1.13698,0.0
1790742901.1462028,0.49489,1.137,0.0
1790742901.2059572,0.49478,1.13688,0.0
1790742901.265727,0.49494,1.13683,0.0
1790742901.32568,0.49519,1.13699,0.0
1790742901.366305,0.49545,1.13693,0.0
1790742901.425588,0.49559,1.13707,0.0
1790742901.482226,0.49537,1.13707,0.0
1790742901.532554,0.49513,1.13695,0.0
1790742901.587778,0.49484,1.13687,0.0
1790742901.645509,0.49467,1.13677,0.0
1790742901.680107,0.49454,1.13659,0.0
1790742901.74766,0.49444,1.13642,0.0
1790742901.805804,0.49455,1.13623,0.0
1790742901.8656452,0.49479,1.13617,0.0
1790742901.906145,0.49479,1.13617,0.0
1790742901.9665952,0.49518,1.13578,0.0
1790742902.005787,0.49522,1.13582,0.0
1790742902.065829,0.4952,1.13566,0.0
1790742902.108257,0.49502,1.1358,0.0
1790742902.16567,0.49488,1.13578,0.0
1790742902.206193,0.49489,1.13571,0.0
1790742902.265933,0.49489,1.13552,0.0
1790742902.326923,0.49498,1.13532,0.0
1790742902.3682282,0.49504,1.13521,0.0
1790742902.428062,0.49507,1.13522,0.0
1790742902.4854631,0.49508,1.13535,0.0
1790742902.52127,0.49511,1.13535,0.0
1790742902.585442,0.49502,1.13519,0.0
1790742902.6422331,0.49492,1.13519,0.0
1790742902.6856441,0.49481,1.13527,0.0
1790742902.747989,0.49468,1.13535,0.0
1790742902.804013,0.49454,1.13541,0.0
1790742902.841158,0.49445,1.13549,0.0
1790742902.927049,0.4943,1.1356,0.0
1790742902.9684129,0.4942,1.13566,0.0
1790742903.025901,0.49411,1.13571,0.0
1790742903.0662148,0.49404,1.13576,0.0
1790742903.127311,0.49398,1.13583,0.0
1790742903.169843,0.4939,1.13584,0.0
1790742903.227202,0.4938,1.1359,0.0
1790742903.2669911,0.49372,1.13591,0.0
1790742903.328924,0.49367,1.13594,0.0
1790742903.367153,0.49361,1.13598,0.0
1790742903.425718,0.49356,1.13599,0.0
1790742903.48558,0.49352,1.13594,0.0
1790742903.5263731,0.49532,1.13595,0.0
1790742903.585854,0.50119,1.13576,0.0
1790742903.642024,0.51123,1.13572,0.0
1790742903.687364,0.52383,1.13548,0.0
1790742903.7479,0.53655,1.13546,0.0
1790742903.8067,0.54769,1.13535,0.0
1790742903.8450391,0.56047,1.1353,0.0
1790742903.900178,0.56415,1.13557,0.0
1790742903.9654028,0.56782,1.1357,0.0
1790742904.005378,0.57097,1.13571,0.0
1790742904.065381,0.57245,1.13557,0.0
1790742904.125887,0.57295,1.13555,0.0
1790742904.165514,0.57303,1.13543,0.0
1790742904.226465,0.57263,1.13545,0.0
1790742904.2854998,0.5719,1.13606,0.0
1790742904.3259661,0.57271,1.13991,0.0
1790742904.385664,0.57266,1.14026,0.0
1790742904.428062,0.57257,1.14046,0.0
1790742904.485641,0.57313,1.14055,0.0
1790742904.526408,0.57359,1.14041,0.0
1790742904.585748,0.57427,1.13926,0.0
1790742904.6408541,0.57504,1.13876,0.0
1790742904.6858408,0.57514,1.13831,0.0
1790742904.7472808,0.57515,1.13841,0.0
1790742904.787245,0.5745,1.13852,0.0
1790742904.8454452,0.57446,1.13881,0.0
1790742904.885817,0.57316,1.13988,0.0
1790742904.951297,0.5728,1.14297,0.0
1790742904.9861372,0.57352,1.14553,0.0
1790742905.050794,0.57266,1.14441,0.0
1790742905.105394,0.57095,1.14135,0.0
1790742905.167422,0.56917,1.13452,0.0
1790742905.2036421,0.56979,1.13194,0.0
1790742905.26594,0.57111,1.12929,0.0
1790742905.32556,0.57252,1.12732,0.0
1790742905.367295,0.57505,1.12802,0.0
1790742905.4292748,0.57628,1.13058,0.0
1790742905.469321,0.57649,1.13375,0.0
1790742905.525606,0.57524,1.13618,0.0
1790742905.5855591,0.57315,1.13706,0.0
1790742905.626455,0.57082,1.13694,0.0
1790742905.687073,0.56811,1.13614,0.0
1790742905.7456949,0.56693,1.13433,0.0
1790742905.7893682,0.5657,1.13344,0.0
1790742905.845715,0.5656,1.13203,0.0
1790742905.885994,0.56542,1.13093,0.0
1790742905.945598,0.56523,1.13038,0.0
1790742906.004235,0.56306,1.13214,0.0
1790742906.0472388,0.56141,1.13358,0.0
1790742906.105979,0.56083,1.13457,0.0
1790742906.167037,0.56079,1.13511,0.0
1790742906.207055,0.5629,1.13425,0.0
1790742906.2657752,0.5629,1.13425,0.0
1790742906.306292,0.5636,1.13339,0.0
1790742906.366056,0.56362,1.13316,0.0
1790742906.422594,0.56365,1.13296,0.0
1790742906.467072,0.5634,1.13304,0.0
1790742906.528301,0.56279,1.1332,0.0
1790742906.566078,0.56277,1.13306,0.0
1790742906.626731,0.56272,1.13312,0.0
1790742906.66576,0.56275,1.1333,0.0
1790742906.726882,0.56292,1.13349,0.0
1790742906.8389518,0.56278,1.13359,0.0
1790742906.841737,0.56268,1.13404,0.0
1790742906.88709,0.56297,1.13428,0.0
1790742906.925164,0.56315,1.13457,0.0
1790742906.987669,0.56333,1.13443,0.0
1790742907.027103,0.56332,1.13425,0.0
1790742907.087483,0.56325,1.13433,0.0
1790742907.1454022,0.56318,1.13468,0.0
1790742907.1916611,0.56322,1.13504,0.0
1790742907.245379,0.56334,1.13523,0.0
1790742907.288173,0.5634,1.13536,0.0
1790742907.3466592,0.56333,1.13536,0.0
1790742907.4454248,0.56311,1.13499,0.0
1790742907.490122,0.56265,1.13457,0.0
1790742907.545465,0.56244,1.13453,0.0
1790742907.586536,0.56218,1.13469,0.0
1790742907.6470451,0.56209,1.13481,0.0
1790742907.704839,0.56208,1.13492,0.0
1790742907.7653959,0.56212,1.13507,0.0
1790742907.80866,0.56223,1.13494,0.0
1790742907.865542,0.56223,1.13488,0.0
1790742907.925502,0.5624,1.13518,0.0
1790742907.980918,0.56247,1.13531,0.0
1790742908.027429,0.5627,1.13523,0.0
1790742908.080191,0.56273,1.13513,0.0
1790742908.1258712,0.56275,1.13509,0.0
1790742908.1866848,0.56273,1.13506,0.0
1790742908.227922,0.56294,1.1352,0.0
1790742908.2851882,0.56283,1.13484,0.0
1790742908.346924,0.56266,1.13451,0.0
1790742908.385792,0.56275,1.13456,0.0
1790742908.445782,0.56279,1.13448,0.0
1790742908.488092,0.56281,1.13456,0.0
1790742908.545988,0.56291,1.13463,0.0
1790742908.5854368,0.56307,1.1349,0.0
1790742908.6459122,0.56303,1.13498,0.0
1790742908.686408,0.56315,1.13491,0.0
1790742908.7458298,0.56341,1.13335,0.0
1790742908.8057868,0.56399,1.12499,0.0
1790742908.8461618,0.56383,1.10739,0.0
1790742908.90591,0.56397,1.08699,0.0
1790742908.9654021,0.56444,1.04589,0.0
1790742909.005939,0.56494,1.02739,0.0
1790742909.0691059,0.56431,1.01297,0.0
1790742909.1253572,0.56444,1.00092,0.0
1790742909.1684868,0.5647,0.98863,0.0
1790742909.225505,0.56474,0.97583,0.0
1790742909.270153,0.56531,0.96153,0.0
1790742909.325972,0.56605,0.9457,0.0
1790742909.389533,0.56715,0.92901,0.0
1790742909.426361,0.56738,0.91313,0.0
1790742909.485556,0.56735,0.89809,0.0
1790742909.525652,0.5677,0.88379,0.0
1790742909.586653,0.56793,0.86995,0.0
1790742909.6447098,0.56817,0.8559,0.0
1790742909.6858938,0.56824,0.84123,0.0
1790742909.745812,0.5681,0.82618,0.0
1790742909.8065522,0.5682,0.81096,0.0
1790742909.846178,0.56832,0.77979,0.0
1790742909.905817,0.56846,0.76447,0.0
1790742909.9658382,0.56845,0.74955,0.0
1790742910.005743,0.56842,0.73491,0.0
1790742910.065791,0.56886,0.72033,0.0
1790742910.125385,0.569,0.70508,0.0
1790742910.167062,0.56922,0.69032,0.0
1790742910.225439,0.56943,0.67534,0.0
1790742910.2864509,0.5694,0.66019,0.0
1790742910.345911,0.56946,0.64545,0.0
1790742910.4054332,0.56962,0.63036,0.0
1790742910.441556,0.56971,0.61527,0.0
1790742910.505711,0.56975,0.60041,0.0
1790742910.544985,0.57009,0.57039,0.0
1790742910.6058729,0.57,0.55583,0.0
1790742910.665437,0.56997,0.54249,0.0
1790742910.707082,0.56997,0.53289,0.0
1790742910.767498,0.57001,0.52861,0.0
1790742910.8282619,0.5694,0.52881,0.0
1790742910.885438,0.56927,0.53077,0.0
1790742910.928364,0.56968,0.53297,0.0
1790742910.985985,0.56964,0.53469,0.0
1790742911.025995,0.56933,0.53585,0.0
1790742911.086016,0.5692,0.53647,0.0
1790742911.141122,0.57043,0.53659,0.0
1790742911.1857548,0.57238,0.53657,0.0
1790742911.248893,0.5737,0.53622,0.0
1790742911.306149,0.5729,0.53611,0.0
1790742911.342293,0.57271,0.53634,0.0
1790742911.405406,0.57271,0.53663,0.0
1790742911.442275,0.57282,0.53685,0.0
1790742911.5055501,0.57297,0.53687,0.0
1790742911.544441,0.57288,0.53662,0.0
1790742911.605477,0.56971,0.53746,0.0
1790742911.66556,0.56753,0.53784,0.0
1790742911.7070642,0.56665,0.53781,0.0
1790742911.767288,0.56631,0.53752,0.0
1790742911.829715,0.56648,0.53664,0.0
1790742911.886049,0.56716,0.53605,0.0
1790742911.956925,0.56789,0.53565,0.0
1790742911.990269,0.56837,0.5354,0.0
1790742912.054765,0.56828,0.53492,0.0
1790742912.088436,0.56823,0.53438,0.0
1790742912.147747,0.5678,0.53354,0.0
1790742912.200544,0.56805,0.53313,0.0
1790742912.2550201,0.56845,0.53305,0.0
1790742912.30112,0.56937,0.53362,0.0
1790742912.348162,0.5699,0.53435,0.0
1790742912.404681,0.57077,0.53477,0.0
1790742912.449523,0.57162,0.53505,0.0
1790742912.525275,0.57243,0.53469,0.0
1790742912.569172,0.57257,0.53397,0.0
1790742912.6057851,0.57301,0.53251,0.0
1790742912.662567,0.57282,0.53232,0.0
1790742912.7059321,0.57275,0.53273,0.0
1790742912.768712,0.57313,0.53336,0.0
1790742912.829418,0.57383,0.53423,0.0
1790742912.8679092,0.5743,0.53514,0.0
1790742912.9258518,0.57477,0.53597,0.0
1790742912.985239,0.57508,0.5361,0.0
1790742913.026641,0.57563,0.53782,0.0
1790742913.0835578,0.57556,0.53856,0.0
1790742913.1268768,0.5749,0.53835,0.0
1790742913.185323,0.57439,0.53793,0.0
1790742913.228052,0.57441,0.53826,0.0
1790742913.287288,0.57483,0.54015,0.0
1790742913.346425,0.57513,0.5412,0.0
1790742913.4056141,0.57541,0.54166,0.0
1790742913.446754,0.57552,0.54111,0.0
1790742913.505735,0.57512,0.5397,0.0
1790742913.5462961,0.57404,0.53824,0.0
1790742913.605951,0.57148,0.53686,0.0
1790742913.664732,0.57048,0.53651,0.0
1790742913.707849,0.56984,0.53664,0.0
1790742913.765276,0.56959,0.5365,0.0
1790742913.820262,0.5697,0.53626,0.0
1790742913.863626,0.56983,0.53626,0.0
1790742913.92527,0.57005,0.53607,0.0
1790742913.9651752,0.57002,0.53561,0.0
1790742914.025744,0.56989,0.5357,0.0
1790742914.067538,0.56977,0.53545,0.0
1790742914.147137,0.56971,0.53536,0.0
1790742914.205573,0.56966,0.53512,0.0
1790742914.266449,0.5693,0.53545,0.0
1790742914.306307,0.56925,0.53563,0.0
1790742914.365667,0.56936,0.53558,0.0
1790742914.4218738,0.56942,0.5355,0.0
1790742914.464067,0.56946,0.53542,0.0
1790742914.5244758,0.56959,0.5356,0.0
1790742914.566186,0.56969,0.53568,0.0
1790742914.6261601,0.56954,0.53573,0.0
1790742914.6852999,0.56969,0.53551,0.0
1790742914.726768,0.56989,0.53539,0.0
1790742914.8080168,0.56992,0.53533,0.0
1790742914.848366,0.56987,0.53521,0.0
1790742914.911086,0.56954,0.53493,0.0
1790742914.965389,0.56963,0.535,0.0
1790742915.020288,0.56965,0.53503,0.0
1790742915.065564,0.56949,0.5349,0.0
1790742915.122085,0.56949,0.53476,0.0
1790742915.166935,0.56956,0.5347,0.0
1790742915.223545,0.56939,0.53462,0.0
1790742915.285825,0.56933,0.5345,0.0
1790742915.3456068,0.56954,0.5343,0.0
1790742915.385819,0.56986,0.53409,0.0
1790742915.45188,0.56997,0.53404,0.0
1790742915.5072849,0.56989,0.53388,0.0
1790742915.5459561,0.56981,0.53381,0.0
1790742915.606883,0.56978,0.5338,0.0
1790742915.6660538,0.56983,0.53383,0.0
1790742915.707359,0.56993,0.53394,0.0
1790742915.766504,0.56969,0.534,0.0
1790742915.8081532,0.56928,0.53396,0.0
1790742915.865707,0.56914,0.53397,0.0
1790742915.908462,0.56907,0.534,0.0
1790742915.965636,0.56911,0.53408,0.0
1790742916.025988,0.56902,0.53412,0.0
1790742916.065896,0.56913,0.53425,0.0
1790742916.125654,0.56908,0.53443,0.0
1790742916.168124,0.56878,0.53453,0.0
1790742916.227078,0.56843,0.53476,0.0
1790742916.269213,0.56845,0.53476,0.0
1790742916.325382,0.56848,0.53468,0.0
1790742916.387328,0.56843,0.53459,0.0
1790742916.446838,0.56846,0.5345,0.0
1790742916.4819431,0.56843,0.53447,0.0
1790742916.546356,0.56829,0.53447,0.0
1790742916.587475,0.56839,0.53459,0.0
1790742916.645756,0.56861,0.53442,0.0
1790742916.7062452,0.56867,0.53432,0.0
1790742916.745832,0.5687,0.53417,0.0
1790742916.808001,0.56874,0.53405,0.0
1790742916.865643,0.56872,0.53414,0.0
1790742916.924507,0.56881,0.53416,0.0
1790742916.966649,0.57202,0.53414,0.0
1790742917.025459,0.58255,0.53435,0.0
1790742917.065907,0.59898,0.53383,0.0
1790742917.125401,0.61722,0.53387,0.0
1790742917.1674151,0.63594,0.53405,0.0
1790742917.225847,0.65333,0.53429,0.0
1790742917.2870882,0.66811,0.53397,0.0
1790742917.342311,0.67954,0.53408,0.0
1790742917.3829298,0.68885,0.53383,0.0
1790742917.4445639,0.69732,0.53384,0.0
1790742917.490011,0.70667,0.53387,0.0
1790742917.54571,0.71806,0.5336,0.0
1790742917.60616,0.73133,0.53392,0.0
1790742917.665684,0.76106,0.53304,0.0
1790742917.706207,0.77529,0.53282,0.0
1790742917.765713,0.7883,0.53279,0.0
1790742917.8255281,0.79955,0.53281,0.0
1790742917.8657038,0.8106,0.53279,0.0
1790742917.9254599,0.82184,0.53289,0.0
1790742917.985398,0.83364,0.53332,0.0
1790742918.025567,0.84585,0.53448,0.0
1790742918.087272,0.85885,0.5374,0.0
1790742918.1269162,0.87228,0.54065,0.0
1790742918.18799,0.88558,0.5426,0.0
1790742918.226184,0.89855,0.54382,0.0
1790742918.322401,0.91089,0.54594,0.0
1790742918.345185,0.92273,0.54952,0.0
1790742918.387423,0.93449,0.55395,0.0
1790742918.4411259,0.94621,0.55731,0.0
1790742918.4863439,0.95834,0.55823,0.0
1790742918.540848,0.97055,0.55739,0.0
1790742918.5886889,0.98289,0.55656,0.0
1790742918.6653728,1.00897,0.55649,0.0
1790742918.702966,1.02195,0.55657,0.0
1790742918.9336479,1.03422,0.55764,0.0
1790742918.935837,1.05825,0.56439,0.0
1790742918.942712,1.06997,0.57061,0.0
1790742918.9752629,1.08203,0.57678,0.0
1790742919.026325,1.09484,0.58264,0.0
1790742919.0864909,1.10746,0.5875,0.0
1790742919.126237,1.12032,0.5903,0.0
1790742919.185552,1.13347,0.58977,0.0
1790742919.252482,1.1461,0.58884,0.0
1790742919.3070662,1.15766,0.58953,0.0
1790742919.346889,1.1677,0.59071,0.0
1790742919.4232051,1.17547,0.59089,0.0
1790742919.448051,1.18009,0.59054,0.0
1790742919.5079942,1.18109,0.59035,0.0
1790742919.5657558,1.18154,0.59088,0.0
1790742919.613905,1.18156,0.5909,0.0
1790742919.6712,1.1816,0.59087,0.0
1790742919.727684,1.18143,0.5908,0.0
1790742919.7666502,1.18117,0.59077,0.0
1790742919.8261461,1.18081,0.59069,0.0
1790742919.886341,1.1807,0.59044,0.0
1790742919.9259279,1.18058,0.59022,0.0
1790742919.985845,1.18022,0.59017,0.0
1790742920.04528,1.17997,0.59017,0.0
1790742920.086166,1.17981,0.59018,0.0
1790742920.148458,1.17979,0.59014,0.0
1790742920.205652,1.17989,0.59019,0.0
1790742920.261982,1.17988,0.5902,0.0
1790742920.3041248,1.17975,0.59026,0.0
1790742920.3619041,1.17971,0.59018,0.0
1790742920.40627,1.17965,0.59021,0.0
1790742920.469449,1.17973,0.59008,0.0
1790742920.5251799,1.17965,0.59015,0.0
1790742920.566667,1.17958,0.59025,0.0
1790742920.625398,1.17971,0.59034,0.0
1790742920.685249,1.17973,0.59041,0.0
1790742920.7262652,1.17981,0.59046,0.0
1790742920.785386,1.17973,0.59044,0.0
1790742920.8469172,1.17973,0.59013,0.0
1790742920.906274,1.17981,0.58998,0.0
1790742920.962008,1.17999,0.58991,0.0
1790742921.007227,1.18009,0.58996,0.0
1790742921.0625951,1.18003,0.59014,0.0
1790742921.105731,1.17994,0.59042,0.0
1790742921.1691809,1.18004,0.59053,0.0
1790742921.2202199,1.18026,0.59051,0.0
1790742921.262187,1.18042,0.59043,0.0
1790742921.3239539,1.1804,0.59046,0.0
1790742921.362776,1.18041,0.59061,0.0
1790742921.4258912,1.18033,0.59055,0.0
1790742921.484268,1.18031,0.59054,0.0
1790742921.522867,1.18017,0.59055,0.0
1790742921.582044,1.18037,0.59064,0.0
1790742921.624852,1.1805,0.59083,0.0
1790742921.685153,1.18068,0.59075,0.0
1790742921.724753,1.18069,0.59067,0.0
1790742921.7856178,1.18074,0.59079,0.0
1790742921.845946,1.18069,0.59082,0.0
1790742921.8836591,1.18055,0.59081,0.0
1790742921.948107,1.18033,0.59071,0.0
1790742922.005331,1.18033,0.59063,0.0
1790742922.0480242,1.18027,0.59074,0.0
1790742922.105639,1.18024,0.59085,0.0
1790742922.1482198,1.18033,0.59088,0.0
1790742922.206393,1.18021,0.59096,0.0
1790742922.26544,1.1803,0.59112,0.0
1790742922.3056,1.17988,0.59083,0.0
1790742922.366111,1.17975,0.59086,0.0
1790742922.421912,1.17957,0.59092,0.0
1790742922.467509,1.17937,0.59109,0.0
1790742922.525847,1.17922,0.59115,0.0
1790742922.580288,1.1791,0.5912,0.0
1790742922.625171,1.17911,0.5912,0.0
1790742922.685826,1.17913,0.5912,0.0
1790742922.747217,1.17915,0.5911,0.0
1790742922.805212,1.17916,0.59089,0.0
1790742922.865577,1.17913,0.59067,0.0
1790742922.905898,1.17913,0.59067,0.0
1790742922.9654982,1.17919,0.59058,0.0
1790742923.005703,1.17901,0.59056,0.0
1790742923.068488,1.1788,0.59069,0.0
1790742923.121695,1.17893,0.59053,0.0
1790742923.166403,1.17872,0.59048,0.0
1790742923.225733,1.17855,0.59047,0.0
1790742923.281954,1.17841,0.59048,0.0
1790742923.3239832,1.17823,0.59041,0.0
1790742923.3818262,1.17842,0.59032,0.0
1790742923.424994,1.17847,0.59028,0.0
1790742923.4860349,1.17829,0.59014,0.0
1790742923.525949,1.17825,0.5901,0.0
1790742923.586205,1.17811,0.59011,0.0
1790742923.645335,1.17783,0.59018,0.0
1790742923.681837,1.1778,0.59023,0.0
1790742923.751168,1.17786,0.59027,0.0
1790742923.781748,1.1779,0.5902,0.0
1790742923.846081,1.17807,0.59005,0.0
1790742923.88526,1.17825,0.5899,0.0
1790742923.947136,1.17803,0.58974,0.0
1790742924.008325,1.17782,0.58963,0.0
1790742924.044925,1.17774,0.58958,0.0
1790742924.1076841,1.17761,0.58947,0.0
1790742924.14509,1.17739,0.58946,0.0
1790742924.207913,1.17721,0.58942,0.0
1790742924.265171,1.1771,0.58926,0.0
1790742924.327507,1.17702,0.58935,0.0
1790742924.3662121,1.17718,0.58943,0.0
1790742924.432547,1.17734,0.58943,0.0
1790742924.48436,1.17734,0.58941,0.0
1790742924.5289862,1.17725,0.58932,0.0
1790742924.585145,1.17743,0.5891,0.0
1790742924.627487,1.17746,0.58912,0.0
1790742924.685719,1.17765,0.58922,0.0
1790742924.741916,1.17773,0.5892,0.0
1790742924.784543,1.17768,0.58923,0.0
1790742924.846747,1.17738,0.58935,0.0
1790742924.886179,1.17724,0.58941,0.0
1790742924.9456818,1.17727,0.58932,0.0
1790742925.005887,1.17727,0.5893,0.0
1790742925.042048,1.1771,0.58919,0.0
1790742925.1052082,1.17701,0.58929,0.0
1790742925.1463392,1.17702,0.58924,0.0
1790742925.20633,1.17702,0.58913,0.0
1790742925.265409,1.17702,0.58913,0.0
1790742925.305933,1.1812,0.58879,0.0
1790742925.3659148,1.19215,0.58825,0.0
1790742925.426938,1.20903,0.58815,0.0
1790742925.4662771,1.22816,0.58852,0.0
1790742925.5261922,1.24733,0.58815,0.0
1790742925.566186,1.26465,0.58876,0.0
1790742925.625778,1.27882,0.59008,0.0
1790742925.665517,1.2895,0.5917,0.0
1790742925.7287412,1.29843,0.59443,0.0
1790742925.7845418,1.30679,0.59845,0.0
1790742925.82932,1.31659,0.60387,0.0
1790742925.885708,1.32849,0.60975,0.0
1790742925.9451141,1.34215,0.61503,0.0
1790742925.9878552,1.35711,0.6184,0.0
1790742926.045154,1.37263,0.61815,0.0
1790742926.0872278,1.38667,0.61611,0.0
1790742926.1455948,1.39929,0.61451,0.0
1790742926.204813,1.41047,0.61379,0.0
1790742926.245307,1.42134,0.61346,0.0
1790742926.3076532,1.43178,0.61349,0.0
1790742926.365063,1.45544,0.61324,0.0
1790742926.406678,1.46869,0.61297,0.0
1790742926.469098,1.48265,0.61307,0.0
1790742926.5251808,1.49663,0.61335,0.0
1790742926.565058,1.51021,0.61358,0.0
1790742926.6259,1.52264,0.61344,0.0
1790742926.66672,1.5345,0.61339,0.0
1790742926.728506,1.54592,0.61329,0.0
1790742926.765131,1.55755,0.61331,0.0
1790742926.8259242,1.56963,0.61343,0.0
1790742926.885321,1.58247,0.6135,0.0
1790742926.9255319,1.59548,0.61326,0.0
1790742926.9821172,1.60842,0.61311,0.0
1790742927.027888,1.62155,0.61294,0.0
1790742927.085322,1.63406,0.61313,0.0
1790742927.1257899,1.64631,0.61313,0.0
1790742927.1859221,1.6583,0.61309,0.0
1790742927.246655,1.67029,0.61311,0.0
1790742927.306064,1.68281,0.61284,0.0
1790742927.345828,1.69545,0.61262,0.0
1790742927.4067168,1.72085,0.61215,0.0
1790742927.461455,1.73351,0.61154,0.0
1790742927.5054321,1.74572,0.61136,0.0
1790742927.569771,1.75725,0.61101,0.0
1790742927.625897,1.76681,0.61125,0.0
1790742927.685211,1.77316,0.61143,0.0
1790742927.725736,1.77646,0.61132,0.0
1790742927.785855,1.77726,0.61142,0.0
1790742927.8451998,1.77781,0.6116,0.0
1790742927.882369,1.77793,0.61164,0.0
1790742927.945378,1.7777,0.61183,0.0
1790742927.9861279,1.77727,0.61182,0.0
1790742928.04543,1.77697,0.61187,0.0
1790742928.1048472,1.77644,0.61186,0.0
1790742928.145687,1.7759,0.61175,0.0
1790742928.20508,1.77545,0.61167,0.0
1790742928.2483442,1.77518,0.61174,0.0
1790742928.306274,1.77542,0.61158,0.0
1790742928.364519,1.77535,0.61135,0.0
1790742928.4068182,1.77507,0.61142,0.0
1790742928.4667509,1.77487,0.61149,0.0
1790742928.524159,1.7747,0.61158,0.0
1790742928.5683,1.77468,0.61143,0.0
1790742928.626529,1.77471,0.6113,0.0
1790742928.665222,1.77457,0.61095,0.0
1790742928.727403,1.77473,0.61141,0.0
1790742928.785426,1.77478,0.61146,0.0
1790742928.828887,1.77483,0.61158,0.0
1790742928.886662,1.77489,0.61159,0.0
1790742928.922602,1.77491,0.61124,0.0
1790742928.9844108,1.77496,0.61123,0.0
1790742929.025196,1.77493,0.61108,0.0
1790742929.086347,1.77496,0.61095,0.0
1790742929.1262121,1.77494,0.6108,0.0
1790742929.188542,1.77485,0.61074,0.0
1790742929.246231,1.77465,0.61063,0.0
1790742929.3050659,1.77451,0.61055,0.0
1790742929.346386,1.77445,0.61053,0.0
1790742929.405078,1.77443,0.61058,0.0
1790742929.466887,1.77429,0.61062,0.0
1790742929.5054731,1.77433,0.6108,0.0
1790742929.566657,1.77444,0.61083,0.0
1790742929.606926,1.77459,0.61084,0.0
1790742929.666683,1.77479,0.61077,0.0
1790742929.723231,1.77489,0.61082,0.0
1790742929.769964,1.77504,0.61081,0.0
1790742929.829841,1.77541,0.61097,0.0
1790742929.885468,1.77571,0.61114,0.0
1790742929.926641,1.77586,0.61097,0.0
1790742929.989671,1.77569,0.61095,0.0
1790742930.025923,1.77566,0.61089,0.0
1790742930.080801,1.77561,0.61079,0.0
1790742930.14529,1.77554,0.61055,0.0
1790742930.204193,1.77557,0.61036,0.0
1790742930.2453592,1.77551,0.61038,0.0
1790742930.304714,1.77544,0.61046,0.0
1790742930.3466182,1.77529,0.61054,0.0
1790742930.4052851,1.77521,0.61064,0.0
1790742930.44698,1.77517,0.61061,0.0
1790742930.505135,1.77616,0.61333,0.0
1790742930.5456269,1.7769,0.61453,0.0
1790742930.605632,1.7769,0.61453,0.0
1790742930.665635,1.77745,0.61463,0.0
1790742930.7067251,1.77792,0.61422,0.0
1790742930.765451,1.77814,0.61363,0.0
1790742930.8245382,1.77901,0.61278,0.0
1790742930.865073,1.77916,0.61241,0.0
1790742930.9255621,1.77925,0.61191,0.0
1790742930.980813,1.77922,0.61151,0.0
1790742931.0259762,1.77941,0.61118,0.0
1790742931.079416,1.77956,0.61091,0.0
1790742931.125707,1.77971,0.61097,0.0
1790742931.184903,1.78006,0.61129,0.0
1790742931.2268422,1.78,0.61152,0.0
1790742931.3051252,1.77986,0.61139,0.0
1790742931.341461,1.77928,0.61099,0.0
1790742931.40507,1.77876,0.61013,0.0
1790742931.465111,1.77777,0.60896,0.0
1790742931.505544,1.7783,0.60885,0.0
1790742931.565305,1.77911,0.60917,0.0
1790742931.62543,1.77937,0.60937,0.0
1790742931.6855948,1.7791,0.60927,0.0
1790742931.7285151,1.77827,0.60895,0.0
1790742931.787023,1.77721,0.60868,0.0
1790742931.8433988,1.77628,0.60808,0.0
1790742931.905848,1.77561,0.60804,0.0
1790742931.96511,1.77424,0.61131,0.0
1790742932.000756,1.7749,0.61288,0.0
1790742932.071695,1.7749,0.61288,0.0
1790742932.1271732,1.7736,0.61391,0.0
1790742932.165658,1.77178,0.61386,0.0
1790742932.225439,1.77089,0.61328,0.0
1790742932.285825,1.77066,0.61281,0.0
1790742932.326931,1.77139,0.61207,0.0
1790742932.3854332,1.77246,0.61195,0.0
1790742932.4264681,1.77354,0.61207,0.0
1790742932.48682,1.77358,0.61231,0.0
1790742932.544492,1.77346,0.61269,0.0
1790742932.585599,1.7735,0.61318,0.0
1790742932.6494222,1.77361,0.61367,0.0
1790742932.6998432,1.77366,0.61405,0.0
1790742932.751383,1.77389,0.61433,0.0
1790742932.803324,1.77421,0.6146,0.0
1790742932.86515,1.77436,0.61487,0.0
1790742932.904922,1.7745,0.61484,0.0
1790742932.965445,1.77471,0.61487,0.0
1790742933.026146,1.77483,0.61493,0.0
1790742933.065493,1.77492,0.61506,0.0
1790742933.12564,1.77514,0.61514,0.0
1790742933.1670651,1.77521,0.61546,0.0
1790742933.228645,1.77531,0.61568,0.0
1790742933.285036,1.77544,0.61581,0.0
1790742933.331237,1.77546,0.61587,0.0
1790742933.386029,1.77544,0.61587,0.0
1790742933.44777,1.7755,0.61585,0.0
1790742933.505132,1.77558,0.61601,0.0
1790742933.544158,1.77571,0.6164,0.0
1790742933.6050801,1.77596,0.61671,0.0
1790742933.6654851,1.7769,0.61733,0.0
1790742933.705494,1.7772,0.61743,0.0
1790742933.7694578,1.77739,0.61736,0.0
1790742933.8250089,1.77756,0.61727,0.0
1790742933.885015,1.77736,0.61737,0.0
1790742933.925792,1.77714,0.61774,0.0
1790742933.985897,1.77688,0.61806,0.0
1790742934.0272691,1.77679,0.61806,0.0
1790742934.0866492,1.77678,0.61798,0.0
1790742934.1455302,1.77675,0.61812,0.0
1790742934.199105,1.77674,0.61812,0.0
1790742934.246683,1.77676,0.61832,0.0
1790742934.325529,1.77658,0.61862,0.0
1790742934.385518,1.7764,0.61862,0.0
1790742934.4256918,1.77632,0.61886,0.0
1790742934.485444,1.77626,0.61889,0.0
1790742934.5463521,1.7762,0.61899,0.0
1790742934.605568,1.77608,0.61902,0.0
1790742934.6465979,1.77613,0.61899,0.0
1790742934.7043579,1.77606,0.61901,0.0
1790742934.755815,1.77604,0.61885,0.0
1790742934.8250701,1.77592,0.61929,0.0
1790742934.862171,1.77586,0.61943,0.0
1790742934.925885,1.77583,0.61962,0.0
1790742934.988951,1.77596,0.61987,0.0
1790742935.045622,1.77615,0.62006,0.0
1790742935.085103,1.7763,0.62012,0.0
1790742935.1463628,1.77632,0.61991,0.0
1790742935.20529,1.77621,0.61986,0.0
1790742935.266648,1.77602,0.61987,0.0
1790742935.325472,1.77569,0.61949,0.0
1790742935.364803,1.77562,0.61935,0.0
1790742935.425399,1.77575,0.61945,0.0
1790742935.4850612,1.77596,0.61964,0.0
1790742935.5265238,1.77594,0.61938,0.0
1790742935.585037,1.77584,0.61924,0.0
1790742935.6272142,1.77606,0.61938,0.0
1790742935.684997,1.77745,0.61938,0.0
1790742935.72261,1.78234,0.61956,0.0
1790742935.785176,1.79154,0.62005,0.0
1790742935.8463879,1.80217,0.62084,0.0
1790742935.885469,1.81359,0.62085,0.0
1790742935.946541,1.82437,0.621,0.0
1790742936.005507,1.83386,0.62053,0.0
1790742936.045964,1.84082,0.61971,0.0
1790742936.1052349,1.84617,0.61943,0.0
1790742936.147434,1.84838,0.619,0.0
1790742936.205436,1.84791,0.61856,0.0
1790742936.269461,1.84732,0.61795,0.0
1790742936.305679,1.84734,0.61782,0.0
1790742936.365042,1.84738,0.61754,0.0
1790742936.421726,1.84724,0.61704,0.0
1790742936.466604,1.84742,0.61674,0.0
1790742936.5258172,1.84769,0.61687,0.0
1790742936.585261,1.84791,0.61687,0.0
1790742936.622436,1.8481,0.61685,0.0
1790742936.68497,1.84853,0.61681,0.0
1790742936.7248058,1.84868,0.6166,0.0
1790742936.7850518,1.84875,0.6163,0.0
1790742936.8458939,1.84874,0.61636,0.0
1790742936.885143,1.84889,0.61652,0.0
1790742936.945854,1.84902,0.61645,0.0
1790742937.0051892,1.84905,0.61635,0.0
1790742937.050797,1.8491,0.61636,0.0
1790742937.107881,1.849,0.61632,0.0
1790742937.14897,1.84909,0.61621,0.0
1790742937.2091908,1.84895,0.61599,0.0
1790742937.269044,1.8491,0.6165,0.0
1790742937.326106,1.84927,0.61669,0.0
1790742937.3665159,1.84948,0.61655,0.0
1790742937.424129,1.84938,0.61649,0.0
1790742937.46542,1.8494,0.61623,0.0
1790742937.525363,1.84952,0.61607,0.0
1790742937.585568,1.84953,0.61589,0.0
1790742937.629109,1.84958,0.61601,0.0
1790742937.6869,1.84961,0.61622,0.0
1790742937.746242,1.84973,0.6159,0.0
1790742937.78485,1.84962,0.61561,0.0
1790742937.8450618,1.8496,0.61555,0.0
1790742937.8846562,1.84958,0.61549,0.0
1790742937.9465358,1.84945,0.61552,0.0
1790742937.987438,1.84937,0.61541,0.0
1790742938.045453,1.84928,0.6153,0.0
1790742938.106333,1.84911,0.61513,0.0
1790742938.1470459,1.84898,0.6143,0.0
1790742938.206679,1.84857,0.60939,0.0
1790742938.2500439,1.84784,0.59681,0.0
1790742938.307132,1.848,0.57949,0.0
1790742938.365343,1.84754,0.54261,0.0
1790742938.4089558,1.84699,0.52641,0.0
1790742938.466285,1.84674,0.51292,0.0
1790742938.520865,1.84642,0.50213,0.0
1790742938.565504,1.84627,0.49334,0.0
1790742938.625328,1.84619,0.48504,0.0
1790742938.680277,1.84638,0.47508,0.0
1790742938.726059,1.84691,0.46323,0.0
1790742938.789491,1.84705,0.4495,0.0
1790742938.845205,1.84698,0.43512,0.0
1790742938.906715,1.84729,0.42032,0.0
1790742938.947128,1.84743,0.40622,0.0
1790742939.007157,1.84763,0.39392,0.0
1790742939.065633,1.84778,0.37227,0.0
1790742939.1071029,1.84789,0.36168,0.0
1790742939.164982,1.84779,0.34996,0.0
1790742939.208767,1.84781,0.33718,0.0
1790742939.281108,1.84778,0.32321,0.0
1790742939.325069,1.84779,0.30933,0.0
1790742939.38489,1.84769,0.29568,0.0
1790742939.4451761,1.84828,0.28267,0.0
1790742939.484929,1.85143,0.27063,0.0
1790742939.5448802,1.85781,0.25826,0.0
1790742939.608128,1.86672,0.2451,0.0
1790742939.665023,1.88674,0.21927,0.0
1790742939.7264278,1.8939,0.20605,0.0
1790742939.7666519,1.897,0.19226,0.0
1790742939.825212,1.89516,0.17927,0.0
1790742939.886165,1.89088,0.16706,0.0
1790742939.941468,1.88685,0.15526,0.0
1790742939.986416,1.88403,0.14362,0.0
1790742940.044922,1.88311,0.13228,0.0
1790742940.099433,1.88331,0.12063,0.0
1790742940.146742,1.88393,0.109,0.0
1790742940.207585,1.88488,0.09831,0.0
1790742940.265619,1.89007,0.08081,0.0
1790742940.324987,1.89321,0.07374,0.0
1790742940.3849978,1.89553,0.06744,0.0
1790742940.425605,1.89654,0.06169,0.0
1790742940.485416,1.89572,0.05661,0.0
1790742940.541752,1.89488,0.05207,0.0
1790742940.58724,1.89479,0.04759,0.0
1790742940.64974,1.89472,0.04335,0.0
1790742940.705465,1.8948,0.03912,0.0
1790742940.767213,1.89457,0.03208,0.0
1790742940.825102,1.89446,0.03091,0.0
1790742940.866747,1.89438,0.03048,0.0
1790742940.925396,1.89432,0.03031,0.0
1790742940.985047,1.89413,0.03053,0.0
1790742941.0252008,1.89396,0.03108,0.0
1790742941.0868192,1.89397,0.03145,0.0
1790742941.1484742,1.89375,0.03186,0.0
1790742941.206856,1.89365,0.03255,0.0
1790742941.26531,1.8936,0.0341,0.0
1790742941.325869,1.89354,0.03452,0.0
1790742941.384865,1.89354,0.03523,0.0
1790742941.426147,1.8935,0.03559,0.0
1790742941.4854798,1.89349,0.03573,0.0
1790742941.52474,1.89362,0.03564,0.0
1790742941.5854578,1.89355,0.03523,0.0
1790742941.645164,1.89345,0.03462,0.0
1790742941.685481,1.89353,0.03403,0.0
1790742941.746229,1.89347,0.03341,0.0
1790742941.8033202,1.89327,0.03316,0.0
1790742941.847747,1.89328,0.0333,0.0
1790742941.9064362,1.89337,0.03346,0.0
1790742941.945151,1.89327,0.03339,0.0
1790742942.0069609,1.89334,0.03356,0.0
1790742942.069272,1.89337,0.03384,0.0
1790742942.124992,1.89347,0.0339,0.0
1790742942.170488,1.89337,0.03381,0.0
1790742942.2253802,1.89336,0.03378,0.0
1790742942.285007,1.89331,0.0338,0.0
1790742942.348394,1.89309,0.03363,0.0
1790742942.38495,1.89293,0.03346,0.0
1790742942.445566,1.89276,0.03338,0.0
1790742942.505119,1.89286,0.03336,0.0
1790742942.5476868,1.89273,0.03305,0.0
1790742942.605682,1.89263,0.03277,0.0
1790742942.665824,1.89269,0.03282,0.0
1790742942.724962,1.89271,0.03301,0.0
1790742942.784953,1.89269,0.03317,0.0
1790742942.846378,1.89269,0.03331,0.0
1790742942.884319,1.89269,0.03348,0.0
1790742942.9480572,1.89267,0.03363,0.0
1790742942.9854798,1.89268,0.03378,0.0
1790742943.045216,1.89267,0.0339,0.0
1790742943.105085,1.89267,0.03401,0.0
1790742943.1458728,1.89264,0.03422,0.0
1790742943.205956,1.89264,0.03427,0.0
1790742943.262435,1.89265,0.03425,0.0
1790742943.327209,1.89264,0.03433,0.0
1790742943.3852649,1.89266,0.03444,0.0
1790742943.4492958,1.89261,0.03449,0.0
1790742943.505151,1.89266,0.03471,0.0
1790742943.548841,1.89271,0.03478,0.0
1790742943.605508,1.88971,0.03542,0.0
1790742943.660257,1.88674,0.03625,0.0
1790742943.705513,1.8855,0.03646,0.0
1790742943.7693381,1.88511,0.03635,0.0
1790742943.824939,1.88573,0.03622,0.0
1790742943.86717,1.88639,0.03581,0.0
1790742943.921912,1.88704,0.03554,0.0
1790742943.962358,1.88744,0.0349,0.0
1790742944.0251,1.88785,0.03419,0.0
1790742944.068568,1.88749,0.03373,0.0
1790742944.124575,1.88713,0.0334,0.0
1790742944.1849768,1.88718,0.03325,0.0
1790742944.2265458,1.88712,0.03334,0.0
1790742944.285571,1.88719,0.03355,0.0
1790742944.3457332,1.88766,0.03372,0.0
1790742944.383368,1.88872,0.03389,0.0
1790742944.44523,1.88967,0.03379,0.0
1790742944.5048478,1.89043,0.03354,0.0
1790742944.54547,1.89101,0.03291,0.0
1790742944.604876,1.89133,0.03258,0.0
1790742944.6454122,1.89065,0.03245,0.0
1790742944.705336,1.89065,0.03245,0.0
1790742944.7674072,1.89108,0.03347,0.0
1790742944.8237429,1.89138,0.03357,0.0
1790742944.882462,1.89166,0.03398,0.0
1790742944.94533,1.89234,0.03491,0.0
1790742944.985613,1.89313,0.03515,0.0
1790742945.0457869,1.89358,0.03554,0.0
1790742945.104953,1.89413,0.03784,0.0
1790742945.146879,1.89386,0.03962,0.0
1790742945.2050402,1.89346,0.04136,0.0
1790742945.264919,1.8935,0.04247,0.0
1790742945.3052218,1.89347,0.04202,0.0
1790742945.365669,1.89307,0.04082,0.0
1790742945.422101,1.89256,0.04021,0.0
1790742945.46671,1.89214,0.03964,0.0
1790742945.5228229,1.89161,0.03927,0.0
1790742945.582339,1.89091,0.03914,0.0
1790742945.626594,1.89077,0.03911,0.0
1790742945.686473,1.891,0.03902,0.0
1790742945.726599,1.89115,0.03879,0.0
1790742945.7830882,1.89117,0.03865,0.0
1790742945.847337,1.89106,0.03856,0.0
1790742945.904895,1.8907,0.03857,0.0
1790742945.942038,1.89078,0.03853,0.0
1790742946.005187,1.89066,0.03861,0.0
1790742946.0647838,1.89044,0.03851,0.0
1790742946.1088362,1.89027,0.03841,0.0
1790742946.165798,1.89012,0.03827,0.0
1790742946.227394,1.88996,0.03827,0.0
1790742946.2675881,1.88999,0.0386,0.0
1790742946.3251898,1.88988,0.03868,0.0
1790742946.3796558,1.8894,0.03867,0.0
1790742946.427338,1.88917,0.03858,0.0
1790742946.481499,1.88933,0.03857,0.0
1790742946.526168,1.88942,0.03854,0.0
1790742946.585304,1.88924,0.03857,0.0
1790742946.6270201,1.88899,0.03862,0.0
1790742946.6864781,1.88892,0.03856,0.0
1790742946.728249,1.88874,0.03858,0.0
1790742946.8048482,1.88857,0.03862,0.0
1790742946.8463738,1.88856,0.03877,0.0
1790742946.905152,1.88868,0.03896,0.0
1790742946.9649081,1.88853,0.03898,0.0
1790742947.0059829,1.88827,0.03899,0.0
1790742947.0660229,1.88811,0.03894,0.0
1790742947.106705,1.88805,0.03885,0.0
1790742947.16451,1.88806,0.03869,0.0
1790742947.205812,1.8881,0.03851,0.0
1790742947.284907,1.88809,0.03836,0.0
1790742947.329268,1.88803,0.03822,0.0
1790742947.384916,1.88805,0.03816,0.0
1790742947.441511,1.88823,0.03799,0.0
1790742947.486631,1.88826,0.0379,0.0
1790742947.542225,1.88804,0.03756,0.0
1790742947.608068,1.88782,0.03742,0.0
1790742947.665319,1.88754,0.03755,0.0
1790742947.707721,1.8876,0.03727,0.0
1790742947.765124,1.88927,0.0367,0.0
1790742947.8413062,1.8968,0.03446,0.0
1790742947.9050822,1.91137,0.03144,0.0
1790742947.943297,1.92897,0.02976,0.0
1790742948.0062761,1.94753,0.02813,0.0
1790742948.064209,1.98144,0.02452,0.0
1790742948.126215,1.99441,0.02428,0.0
1790742948.1669781,2.00468,0.02438,0.0
1790742948.226256,2.01377,0.02434,0.0
1790742948.282349,2.02303,0.02428,0.0
1790742948.326828,2.03325,0.02444,0.0
1790742948.3852448,2.04581,0.02461,0.0
1790742948.4275541,2.05974,0.02511,0.0
1790742948.4855092,2.07403,0.02518,0.0
1790742948.543208,2.08848,0.02517,0.0
1790742948.5865002,2.10196,0.02529,0.0
1790742948.64606,2.11428,0.02516,0.0
1790742948.705218,2.12563,0.02515,0.0
1790742948.76467,2.14778,0.02531,0.0
1790742948.806978,2.15971,0.02504,0.0
1790742948.8664691,2.17245,0.02471,0.0
1790742948.925633,2.18563,0.02445,0.0
1790742948.985176,2.19916,0.02434,0.0
1790742949.0283709,2.21267,0.02428,0.0
1790742949.086385,2.22537,0.02406,0.0
1790742949.145139,2.23762,0.02406,0.0
1790742949.185415,2.24927,0.0243,0.0
1790742949.251737,2.26113,0.02421,0.0
1790742949.30476,2.27284,0.02425,0.0
1790742949.34514,2.28529,0.02442,0.0
1790742949.4062972,2.29762,0.02456,0.0
1790742949.464808,2.32379,0.02491,0.0
1790742949.504519,2.33697,0.0251,0.0
1790742949.5657668,2.34966,0.02495,0.0
1790742949.6063402,2.36122,0.02492,0.0
1790742949.6664739,2.37102,0.0249,0.0
1790742949.724972,2.37959,0.02481,0.0
1790742949.761915,2.38719,0.02484,0.0
1790742949.825207,2.39458,0.02424,0.0
1790742949.8644412,2.40174,0.02426,0.0
1790742949.9259892,2.40842,0.02443,0.0
1790742949.9851189,2.41432,0.02438,0.0
1790742950.047086,2.41881,0.02406,0.0
1790742950.088781,2.42182,0.02418,0.0
1790742950.146542,2.42436,0.02417,0.0
1790742950.205301,2.42668,0.02428,0.0
1790742950.263822,2.42963,0.02479,0.0
1790742950.3062358,2.43042,0.02503,0.0
1790742950.3680031,2.43089,0.0251,0.0
1790742950.425177,2.43115,0.02521,0.0
1790742950.485437,2.43124,0.02522,0.0
1790742950.525456,2.43116,0.02539,0.0
1790742950.58862,2.43095,0.0254,0.0
1790742950.626587,2.43075,0.02536,0.0
1790742950.689694,2.43065,0.02524,0.0
1790742950.7467148,2.43064,0.02529,0.0
1790742950.804888,2.43101,0.02529,0.0
1790742950.847185,2.43124,0.02524,0.0
1790742950.905239,2.43098,0.02513,0.0
1790742950.966005,2.43092,0.02511,0.0
1790742951.00735,2.43091,0.02517,0.0
1790742951.065233,2.43095,0.02513,0.0
1790742951.121669,2.43111,0.02511,0.0
1790742951.165289,2.43135,0.02495,0.0
1790742951.226969,2.4314,0.02511,0.0
1790742951.285009,2.43146,0.02536,0.0
1790742951.344795,2.43165,0.02544,0.0
1790742951.386955,2.43179,0.02554,0.0
1790742951.445539,2.43182,0.02544,0.0
1790742951.506474,2.43198,0.02549,0.0
1790742951.54538,2.4322,0.02557,0.0
1790742951.6047301,2.43231,0.02549,0.0
1790742951.645138,2.43237,0.02537,0.0
1790742951.706421,2.43245,0.0256,0.0
1790742951.7675462,2.43253,0.02567,0.0
1790742951.8265421,2.43249,0.0257,0.0
1790742951.865561,2.43231,0.02572,0.0
1790742951.924648,2.43219,0.0255,0.0
1790742951.987851,2.43206,0.02557,0.0
1790742952.0451012,2.43203,0.02567,0.0
1790742952.082047,2.43186,0.02591,0.0
1790742952.145484,2.43181,0.02599,0.0
1790742952.204899,2.43188,0.02584,0.0
1790742952.24897,2.43199,0.02598,0.0
1790742952.3260648,2.432,0.02609,0.0
1790742952.366347,2.43206,0.02604,0.0
1790742952.426482,2.43204,0.026,0.0
1790742952.465528,2.43194,0.02596,0.0
1790742952.524947,2.4318,0.02602,0.0
1790742952.5870059,2.43178,0.02604,0.0
1790742952.6253052,2.43182,0.02577,0.0
1790742952.688459,2.43202,0.02564,0.0
1790742952.747272,2.43225,0.02554,0.0
1790742952.804867,2.43227,0.0254,0.0
1790742952.846515,2.43226,0.02528,0.0
1790742952.904813,2.4324,0.02522,0.0
1790742952.946288,2.43259,0.02516,0.0
1790742953.005109,2.43278,0.02531,0.0
1790742953.0653281,2.43192,0.02139,0.0
1790742953.105351,2.43252,0.02146,0.0
1790742953.164994,2.43352,0.02115,0.0
1790742953.22462,2.4343,0.02064,0.0
1790742953.266376,2.4348,0.02043,0.0
1790742953.326602,2.43506,0.02065,0.0
1790742953.385896,2.43542,0.02061,0.0
1790742953.439749,2.43563,0.02089,0.0
1790742953.4834602,2.43605,0.02129,0.0
1790742953.5454981,2.4366,0.02158,0.0
1790742953.606155,2.4373,0.022,0.0
1790742953.6622221,2.4376,0.02339,0.0
1790742953.705167,2.43708,0.02349,0.0
1790742953.77937,2.43739,0.02351,0.0
1790742953.82629,2.43736,0.02357,0.0
1790742953.880748,2.438,0.02433,0.0
1790742953.925099,2.43823,0.02423,0.0
1790742953.980428,2.43843,0.0247,0.0
1790742954.027584,2.43858,0.02483,0.0
1790742954.086529,2.43859,0.02513,0.0
1790742954.144098,2.43851,0.02524,0.0
1790742954.186382,2.43842,0.0254,0.0
1790742954.25062,2.43867,0.02557,0.0
1790742954.304984,2.43898,0.02565,0.0
1790742954.366014,2.438,0.0267,0.0
1790742954.42521,2.43672,0.0269,0.0
1790742954.4850292,2.43451,0.02749,0.0
1790742954.526467,2.43436,0.02718,0.0
1790742954.585222,2.4337,0.0272,0.0
1790742954.645702,2.43344,0.02744,0.0
1790742954.68533,2.43307,0.02791,0.0
1790742954.742,2.43303,0.02816,0.0
1790742954.805241,2.43332,0.02843,0.0
1790742954.864765,2.4334,0.02845,0.0
1790742954.906739,2.43306,0.02856,0.0
1790742954.9649138,2.43266,0.02885,0.0
1790742955.0052009,2.4323,0.02922,0.0
1790742955.066449,2.43203,0.02941,0.0
1790742955.12472,2.43207,0.02942,0.0
1790742955.1651359,2.4323,0.02919,0.0
1790742955.224853,2.43261,0.02894,0.0
1790742955.2650812,2.43221,0.02892,0.0
1790742955.324899,2.43225,0.02885,0.0
1790742955.365419,2.43203,0.02882,0.0
1790742955.4249458,2.4321,0.02852,0.0
1790742955.485017,2.43208,0.02828,0.0
1790742955.526727,2.43233,0.02796,0.0
1790742955.587717,2.43216,0.02769,0.0
1790742955.644105,2.43213,0.02736,0.0
1790742955.704871,2.43258,0.02693,0.0
1790742955.748644,2.43277,0.0265,0.0
1790742955.82622,2.43266,0.02537,0.0
1790742955.86462,2.43229,0.0245,0.0
1790742955.925434,2.43239,0.02381,0.0
1790742955.9853199,2.43241,0.02388,0.0
1790742956.025166,2.43235,0.02411,0.0
1790742956.085279,2.43238,0.02421,0.0
1790742956.1264699,2.43254,0.02434,0.0
1790742956.184736,2.43265,0.02443,0.0
1790742956.250738,2.43272,0.02466,0.0
1790742956.285116,2.43282,0.02484,0.0
1790742956.345935,2.43306,0.02478,0.0
1790742956.3857012,2.4332,0.02473,0.0
1790742956.447764,2.43332,0.02468,0.0
1790742956.501822,2.43347,0.02455,0.0
1790742956.547791,2.43369,0.02435,0.0
1790742956.605379,2.43351,0.02426,0.0
1790742956.664725,2.43321,0.02436,0.0
1790742956.705445,2.43323,0.02432,0.0
1790742956.788024,2.43283,0.02377,0.0
1790742956.862989,2.43256,0.02348,0.0
1790742956.901794,2.43273,0.02349,0.0
1790742956.964951,2.43294,0.02349,0.0
1790742957.025473,2.43283,0.0236,0.0
1790742957.0651531,2.43295,0.02361,0.0
1790742957.124728,2.43294,0.02356,0.0
1790742957.1636748,2.43305,0.02343,0.0
1790742957.2247748,2.43308,0.02344,0.0
1790742957.2850208,2.4332,0.02369,0.0
1790742957.346124,2.43319,0.02382,0.0
1790742957.3858209,2.43321,0.02382,0.0
1790742957.4483461,2.43337,0.02376,0.0
1790742957.50603,2.4335,0.0238,0.0
1790742957.5479171,2.43354,0.02376,0.0
1790742957.605073,2.43357,0.02377,0.0
1790742957.645727,2.4335,0.02389,0.0
1790742957.7051039,2.4335,0.02414,0.0
1790742957.765784,2.43354,0.02432,0.0
1790742957.826292,2.43332,0.02437,0.0
1790742957.862974,2.43315,0.02422,0.0
1790742957.928972,2.43295,0.02409,0.0
1790742957.964339,2.43298,0.02408,0.0
1790742958.025286,2.43299,0.02407,0.0
1790742958.08463,2.43325,0.0241,0.0
1790742958.124725,2.43347,0.02421,0.0
1790742958.185966,2.43361,0.02419,0.0
1790742958.2255979,2.43357,0.02442,0.0
1790742958.2850618,2.43345,0.02455,0.0
1790742958.3467982,2.43338,0.02451,0.0
1790742958.3853152,2.43326,0.0246,0.0
1790742958.44482,2.43316,0.02473,0.0
1790742958.486005,2.433,0.02479,0.0
1790742958.551117,2.43287,0.02488,0.0
1790742958.604827,2.43285,0.02508,0.0
1790742958.645011,2.43299,0.02521,0.0
1790742958.7047,2.43305,0.02503,0.0
1790742958.762569,2.4332,0.02502,0.0
1790742958.8064692,2.43317,0.02541,0.0
1790742958.8670669,2.43328,0.02564,0.0
1790742958.924713,2.43341,0.02556,0.0
1790742958.966343,2.43336,0.02544,0.0
1790742959.0450501,2.43306,0.02525,0.0
1790742959.085732,2.43306,0.02506,0.0
1790742959.1449752,2.43313,0.02497,0.0
1790742959.195441,2.43329,0.02497,0.0
1790742959.2522619,2.4334,0.02493,0.0
1790742959.305506,2.43361,0.02593,0.0
1790742959.3649778,2.43534,0.03189,0.0
1790742959.4051468,2.43839,0.04526,0.0
1790742959.465678,2.44049,0.06326,0.0
1790742959.518809,2.44137,0.08231,0.0
1790742959.565245,2.44171,0.10073,0.0
1790742959.6262348,2.44165,0.11698,0.0
1790742959.6873631,2.44189,0.13019,0.0
1790742959.745404,2.44229,0.1405,0.0
1790742959.784816,2.44344,0.14935,0.0
1790742959.845352,2.44507,0.15819,0.0
1790742959.904701,2.44806,0.16876,0.0
1790742959.945591,2.45198,0.19473,0.0
1790742960.0054998,2.45198,0.19473,0.0
1790742960.064606,2.4509,0.2247,0.0
1790742960.108306,2.45035,0.23861,0.0
1790742960.165569,2.44994,0.25105,0.0
1790742960.2223759,2.44996,0.26199,0.0
1790742960.284024,2.44988,0.27254,0.0
1790742960.325811,2.44992,0.28354,0.0
1790742960.3867872,2.44989,0.29533,0.0
1790742960.44482,2.45009,0.30797,0.0
1790742960.506869,2.45017,0.32164,0.0
1790742960.545055,2.45036,0.33594,0.0
1790742960.609855,2.45058,0.34967,0.0
1790742960.665452,2.45067,0.37482,0.0
1790742960.7247171,2.45069,0.38645,0.0
1790742960.7845068,2.45087,0.39804,0.0
1790742960.842825,2.45109,0.41022,0.0
1790742960.8898938,2.4512,0.42268,0.0
1790742960.942919,2.4513,0.43544,0.0
1790742960.98818,2.45141,0.44836,0.0
1790742961.0449421,2.45182,0.46148,0.0
1790742961.0841868,2.45231,0.47447,0.0
1790742961.145123,2.4525,0.48722,0.0
1790742961.206686,2.45285,0.49939,0.0
1790742961.265661,2.4536,0.5228,0.0
1790742961.325105,2.45389,0.53353,0.0
1790742961.386507,2.45362,0.5436,0.0
1790742961.4449291,2.45209,0.55241,0.0
1790742961.486224,2.44943,0.55989,0.0
1790742961.545439,2.44679,0.56682,0.0
1790742961.605953,2.44539,0.57264,0.0
1790742961.6468658,2.44439,0.57847,0.0
1790742961.70893,2.44337,0.58394,0.0
1790742961.751953,2.44187,0.58927,0.0
1790742961.806365,2.43967,0.59518,0.0
1790742961.864856,2.43484,0.60622,0.0
1790742961.906732,2.43352,0.60884,0.0
1790742961.965024,2.43394,0.60962,0.0
1790742962.029964,2.43438,0.61013,0.0
1790742962.066755,2.43463,0.61029,0.0
1790742962.124942,2.43485,0.61017,0.0
1790742962.186007,2.43467,0.61014,0.0
1790742962.225554,2.43353,0.61008,0.0
1790742962.286496,2.43016,0.60982,0.0
1790742962.345815,2.42464,0.60987,0.0
1790742962.399174,2.41829,0.61009,0.0
1790742962.4470248,2.41177,0.61057,0.0
1790742962.507961,2.40613,0.6109,0.0
1790742962.545176,2.40252,0.61097,0.0
1790742962.606792,2.40003,0.61074,0.0
1790742962.664702,2.39531,0.61015,0.0
1790742962.7054222,2.39209,0.60999,0.0
1790742962.765502,2.38759,0.60978,0.0
1790742962.8253639,2.38215,0.60993,0.0
1790742962.865194,2.37698,0.60999,0.0
1790742962.927453,2.3722,0.6101,0.0
1790742962.985046,2.36787,0.6102,0.0
1790742963.043828,2.36439,0.61004,0.0
1790742963.085286,2.36121,0.60984,0.0
1790742963.1483362,2.35808,0.60951,0.0
1790742963.204845,2.35633,0.60913,0.0
1790742963.245445,2.35683,0.60938,0.0
1790742963.3045912,2.35749,0.60979,0.0
1790742963.346483,2.35764,0.61001,0.0
1790742963.4039218,2.35768,0.61031,0.0
1790742963.44903,2.35783,0.61056,0.0
1790742963.5070221,2.35805,0.61062,0.0
1790742963.562062,2.35809,0.61095,0.0
1790742963.605189,2.35806,0.61099,0.0
1790742963.6652281,2.35821,0.61113,0.0
1790742963.7052171,2.35813,0.61136,0.0
1790742963.765312,2.35807,0.61146,0.0
1790742963.82556,2.35798,0.61161,0.0
1790742963.862966,2.35795,0.61167,0.0
1790742963.9250402,2.35795,0.61154,0.0
1790742963.9848828,2.35794,0.61162,0.0
1790742964.026732,2.35809,0.61154,0.0
1790742964.08692,2.35806,0.61153,0.0
1790742964.1290932,2.35802,0.61161,0.0
1790742964.1858509,2.3581,0.61146,0.0
1790742964.24596,2.35828,0.6113,0.0
1790742964.2855082,2.35828,0.61092,0.0
1790742964.3480802,2.35828,0.61065,0.0
1790742964.404536,2.35831,0.61052,0.0
1790742964.4606788,2.35836,0.61048,0.0
1790742964.506264,2.3584,0.61023,0.0
1790742964.569959,2.35836,0.61016,0.0
1790742964.626893,2.35835,0.61026,0.0
1790742964.6707468,2.35836,0.61038,0.0
1790742964.726976,2.35835,0.61052,0.0
1790742964.785546,2.35833,0.61066,0.0
1790742964.847977,2.35833,0.61078,0.0
1790742964.907795,2.35835,0.61107,0.0
1790742964.9665458,2.35833,0.61111,0.0
1790742965.025193,2.35833,0.61117,0.0
1790742965.0872252,2.35832,0.61128,0.0
1790742965.1406689,2.3583,0.61137,0.0
1790742965.1891131,2.35831,0.61141,0.0
1790742965.2474618,2.35831,0.61146,0.0
1790742965.304867,2.35831,0.61151,0.0
1790742965.363351,2.35839,0.61164,0.0
1790742965.4084659,2.35843,0.61171,0.0
1790742965.467307,2.3583,0.61152,0.0
1790742965.507794,2.35822,0.61155,0.0
1790742965.568001,2.35813,0.61159,0.0
1790742965.62043,2.35806,0.61178,0.0
1790742965.6691341,2.35801,0.61185,0.0
1790742965.72249,2.35792,0.6121,0.0
1790742965.8069482,2.35782,0.61252,0.0
1790742965.845919,2.3578,0.61261,0.0
1790742965.9067242,2.3578,0.61261,0.0
1790742965.9689128,2.35799,0.61269,0.0
1790742966.020767,2.35797,0.61265,0.0
1790742966.069272,2.35787,0.6126,0.0
1790742966.1245282,2.35781,0.61268,0.0
1790742966.16927,2.35763,0.6128,0.0
1790742966.225882,2.35743,0.61273,0.0
1790742966.280661,2.35714,0.61253,0.0
1790742966.3266098,2.35713,0.61213,0.0
1790742966.379667,2.3573,0.61193,0.0
1790742966.426655,2.35731,0.61185,0.0
1790742966.483443,2.35731,0.61186,0.0
1790742966.526579,2.35741,0.61186,0.0
1790742966.58207,2.35767,0.6116,0.0
1790742966.626637,2.35758,0.61143,0.0
1790742966.680018,2.35723,0.61117,0.0
1790742966.750698,2.35684,0.6112,0.0
1790742966.804559,2.35671,0.61116,0.0
1790742966.8465111,2.35663,0.6112,0.0
1790742966.905876,2.3569,0.6108,0.0
1790742966.96529,2.35686,0.61068,0.0
1790742967.026757,2.35686,0.6106,0.0
1790742967.0680802,2.35678,0.61086,0.0
1790742967.12285,2.35684,0.61101,0.0
1790742967.185297,2.35694,0.61131,0.0
1790742967.249238,2.35669,0.61142,0.0
1790742967.306595,2.35658,0.61145,0.0
1790742967.346694,2.35643,0.6113,0.0
1790742967.4052281,2.35625,0.61118,0.0
1790742967.4666188,2.35617,0.6111,0.0
1790742967.5064042,2.35617,0.6111,0.0
1790742967.5681732,2.35601,0.61066,0.0
1790742967.605421,2.3559,0.61071,0.0
1790742967.665966,2.35584,0.61052,0.0
1790742967.725812,2.35585,0.61023,0.0
1790742967.7680151,2.35592,0.60998,0.0
1790742967.8264809,2.35615,0.60969,0.0
1790742967.865452,2.35614,0.60957,0.0
1790742967.9265542,2.35615,0.60974,0.0
1790742967.96793,2.3561,0.60971,0.0
1790742968.0450869,2.35598,0.60967,0.0
1790742968.1066701,2.35594,0.60975,0.0
1790742968.1449878,2.3561,0.60981,0.0
1790742968.205302,2.35617,0.60982,0.0
1790742968.246677,2.35636,0.60999,0.0
1790742968.3075159,2.35689,0.61009,0.0
1790742968.365968,2.357,0.60996,0.0
1790742968.42527,2.35679,0.60984,0.0
1790742968.483068,2.35678,0.60985,0.0
1790742968.529661,2.35685,0.60942,0.0
1790742968.586561,2.35683,0.60924,0.0
1790742968.641023,2.35687,0.60908,0.0
1790742968.683211,2.35695,0.60892,0.0
1790742968.748445,2.35706,0.60902,0.0
1790742968.8065379,2.35715,0.60897,0.0
1790742968.867001,2.35737,0.60919,0.0
1790742968.907692,2.35752,0.60917,0.0
1790742968.9664268,2.35759,0.60912,0.0
1790742969.007958,2.3577,0.60914,0.0
1790742969.065392,2.3577,0.60915,0.0
1790742969.128362,2.35786,0.60896,0.0
1790742969.166118,2.35805,0.60876,0.0
1790742969.227998,2.35814,0.60875,0.0
1790742969.286735,2.35825,0.60877,0.0
1790742969.3267782,2.35844,0.6088,0.0
1790742969.385642,2.3586,0.60891,0.0
1790742969.441322,2.35864,0.60886,0.0
1790742969.487638,2.35886,0.60904,0.0
1790742969.5472178,2.35885,0.60913,0.0
1790742969.6020522,2.35879,0.60913,0.0
1790742969.643434,2.35875,0.60924,0.0
1790742969.704701,2.35847,0.6093,0.0
1790742969.745054,2.35836,0.60951,0.0
1790742969.8006558,2.35823,0.60973,0.0
1790742969.864904,2.35807,0.60999,0.0
1790742969.9283452,2.35832,0.6099,0.0
1790742969.964923,2.35845,0.60977,0.0
1790742970.025835,2.35852,0.6097,0.0
1790742970.0657358,2.35857,0.60969,0.0
1790742970.128927,2.35874,0.60958,0.0
1790742970.185167,2.35863,0.60943,0.0
1790742970.227524,2.35877,0.60941,0.0
1790742970.3050141,2.35871,0.60955,0.0
1790742970.3667681,2.35853,0.60956,0.0
1790742970.406218,2.35857,0.60977,0.0
1790742970.46991,2.35862,0.61009,0.0
1790742970.506509,2.3586,0.61024,0.0
1790742970.5652769,2.3584,0.6101,0.0
1790742970.606527,2.35841,0.60988,0.0
1790742970.666345,2.35839,0.60978,0.0
1790742970.725114,2.35843,0.60985,0.0
1790742970.784907,2.35857,0.60968,0.0
1790742970.827956,2.35861,0.60963,0.0
1790742970.885825,2.35846,0.60991,0.0
1790742970.925523,2.35818,0.60993,0.0
1790742970.987045,2.35796,0.60992,0.0
1790742971.049052,2.35768,0.60989,0.0
1790742971.106733,2.35772,0.60975,0.0
1790742971.145628,2.35754,0.60977,0.0
1790742971.206508,2.35757,0.60993,0.0
1790742971.266813,2.35765,0.61011,0.0
1790742971.325429,2.35756,0.61001,0.0
1790742971.3638778,2.35767,0.60977,0.0
1790742971.427338,2.35762,0.60977,0.0
1790742971.48653,2.35763,0.60961,0.0
1790742971.5281851,2.35777,0.60946,0.0
1790742971.586405,2.35776,0.60956,0.0
1790742971.6464808,2.35795,0.60975,0.0
1790742971.68652,2.35801,0.60962,0.0
1790742971.7455292,2.35827,0.60945,0.0
1790742971.806355,2.35818,0.60949,0.0
1790742971.8479161,2.35805,0.60961,0.0
1790742971.906427,2.35802,0.60974,0.0
1790742971.946867,2.35806,0.60987,0.0
1790742972.0065842,2.35801,0.60867,0.0
1790742972.047504,2.35727,0.59427,0.0
1790742972.107275,2.35727,0.59427,0.0
1790742972.167444,2.35641,0.56834,0.0
1790742972.22286,2.35608,0.55682,0.0
1790742972.269086,2.35552,0.54835,0.0
1790742972.326155,2.35551,0.54297,0.0
1790742972.3850188,2.35542,0.53939,0.0
1790742972.429312,2.35537,0.53792,0.0
1790742972.4870331,2.35531,0.53711,0.0
1790742972.544977,2.35535,0.53643,0.0
1790742972.605429,2.35516,0.53571,0.0
1790742972.6645231,2.35067,0.53754,0.0
1790742972.70652,2.35078,0.53792,0.0
1790742972.7636192,2.35038,0.53866,0.0
1790742972.828036,2.3501,0.53893,0.0
1790742972.8850188,2.35008,0.53911,0.0
1790742972.9467678,2.35067,0.53895,0.0
1790742972.986453,2.35139,0.5383,0.0
1790742973.046575,2.35215,0.53779,0.0
1790742973.1064231,2.3526,0.53754,0.0
1790742973.146614,2.3529,0.53818,0.0
1790742973.20534,2.3529,0.53818,0.0
1790742973.265038,2.35358,0.53831,0.0
1790742973.305182,2.35358,0.53831,0.0
1790742973.3656309,2.35442,0.53859,0.0
1790742973.4046469,2.35459,0.53866,0.0
1790742973.4653661,2.35528,0.53826,0.0
1790742973.525398,2.35558,0.53718,0.0
1790742973.587138,2.35635,0.53646,0.0
1790742973.625685,2.35677,0.53644,0.0
1790742973.6888168,2.35718,0.53644,0.0
1790742973.749355,2.35742,0.53639,0.0
1790742973.789077,2.35734,0.53634,0.0
1790742973.846367,2.35758,0.5365,0.0
1790742973.884259,2.35786,0.53605,0.0
1790742973.946483,2.35819,0.53479,0.0
1790742974.0044842,2.35788,0.53318,0.0
1790742974.0453298,2.35723,0.5317,0.0
1790742974.1065888,2.35671,0.53096,0.0
1790742974.166631,2.35692,0.5312,0.0
1790742974.2054698,2.35692,0.53064,0.0
1790742974.266701,2.35657,0.53032,0.0
1790742974.3273962,2.35616,0.53044,0.0
1790742974.388876,2.35524,0.53074,0.0
1790742974.4447029,2.35443,0.53095,0.0
1790742974.505576,2.35409,0.53136,0.0
1790742974.547217,2.35443,0.5331,0.0
1790742974.606851,2.35468,0.5338,0.0
1790742974.646682,2.35495,0.53404,0.0
1790742974.705203,2.35522,0.53432,0.0
1790742974.769824,2.35562,0.53416,0.0
1790742974.828799,2.35571,0.53411,0.0
1790742974.885016,2.35582,0.53406,0.0
1790742974.9455822,2.35582,0.53397,0.0
1790742974.98744,2.35579,0.53377,0.0
1790742975.047086,2.35588,0.53384,0.0
1790742975.080775,2.35606,0.53396,0.0
1790742975.146343,2.35616,0.53411,0.0
1790742975.187337,2.35628,0.53402,0.0
1790742975.247113,2.3565,0.53376,0.0
1790742975.305143,2.35669,0.53362,0.0
1790742975.367924,2.35782,0.53335,0.0
1790742975.406292,2.35806,0.53311,0.0
1790742975.466391,2.35826,0.5329,0.0
1790742975.504985,2.35841,0.53277,0.0
1790742975.566444,2.35853,0.53278,0.0
1790742975.624459,2.35857,0.53279,0.0
1790742975.669085,2.35832,0.53274,0.0
1790742975.726306,2.35803,0.5326,0.0
1790742975.785623,2.35786,0.53246,0.0
1790742975.8445718,2.35791,0.53226,0.0
1790742975.907147,2.35794,0.53234,0.0
1790742975.947259,2.35803,0.53246,0.0
1790742976.007529,2.35816,0.53235,0.0
1790742976.044488,2.3583,0.53211,0.0
1790742976.105178,2.35867,0.53205,0.0
1790742976.167736,2.35885,0.53191,0.0
1790742976.2250009,2.35901,0.53171,0.0
1790742976.2856,2.359,0.53136,0.0
1790742976.3251579,2.35884,0.53133,0.0
1790742976.3854039,2.35894,0.53115,0.0
1790742976.43888,2.35933,0.53102,0.0
1790742976.487465,2.3595,0.53105,0.0
1790742976.525913,2.35972,0.53111,0.0
1790742976.586376,2.36004,0.53117,0.0
1790742976.64309,2.36018,0.53105,0.0
1790742976.6883898,2.36019,0.53107,0.0
1790742976.753448,2.36028,0.53128,0.0
1790742976.807293,2.3609,0.53105,0.0
1790742976.8671758,2.36086,0.5311,0.0
1790742976.907459,2.36096,0.53099,0.0
1790742976.96601,2.36113,0.5309,0.0
1790742977.048936,2.36127,0.53091,0.0
1790742977.087518,2.36145,0.53098,0.0
1790742977.146136,2.36141,0.53102,0.0
1790742977.2028549,2.36133,0.53096,0.0
1790742977.256629,2.36154,0.53101,0.0
1790742977.306666,2.36153,0.53114,0.0
1790742977.3659992,2.36091,0.53166,0.0
1790742977.407348,2.36088,0.53182,0.0
1790742977.467564,2.36102,0.53178,0.0
1790742977.528852,2.36135,0.53171,0.0
1790742977.5853481,2.36173,0.53184,0.0
1790742977.648078,2.36191,0.53157,0.0
1790742977.703062,2.36189,0.53158,0.0
1790742977.753806,2.3621,0.53155,0.0
1790742977.80675,2.36267,0.53168,0.0
1790742977.865453,2.36273,0.53242,0.0
1790742977.929652,2.36266,0.53509,0.0
1790742977.9675798,2.36239,0.54198,0.0
1790742978.03152,2.36209,0.55271,0.0
1790742978.086451,2.36141,0.56436,0.0
1790742978.1279192,2.36091,0.57572,0.0
1790742978.1865048,2.36133,0.58523,0.0
1790742978.253868,2.36212,0.59285,0.0
1790742978.303185,2.36286,0.59778,0.0
1790742978.36852,2.36268,0.5965,0.0
1790742978.429507,2.36259,0.596,0.0
1790742978.484611,2.36241,0.59579,0.0
1790742978.530405,2.36249,0.59574,0.0
1790742978.586665,2.3629,0.59562,0.0
1790742978.646982,2.363,0.59584,0.0
1790742978.686135,2.36311,0.59578,0.0
1790742978.748822,2.36329,0.59576,0.0
1790742978.807441,2.36338,0.59583,0.0
1790742978.860339,2.36344,0.59587,0.0
1790742978.907508,2.36354,0.59577,0.0
1790742978.96612,2.36309,0.59606,0.0
1790742979.026797,2.36283,0.59608,0.0
1790742979.085491,2.36283,0.59627,0.0
1790742979.1277509,2.36307,0.59636,0.0
1790742979.1868548,2.36338,0.59643,0.0
1790742979.265378,2.36344,0.59635,0.0
1790742979.326099,2.36383,0.59627,0.0
1790742979.3676732,2.36363,0.59646,0.0
1790742979.428663,2.3633,0.59649,0.0
1790742979.463628,2.36286,0.59655,0.0
1790742979.526145,2.36274,0.59663,0.0
1790742979.5632331,2.36282,0.59668,0.0
1790742979.627195,2.3631,0.59681,0.0
1790742979.664493,2.3631,0.59661,0.0
1790742979.7264771,2.36287,0.59646,0.0
1790742979.787631,2.36259,0.59628,0.0
1790742979.826941,2.36231,0.59627,0.0
1790742979.886901,2.36221,0.59617,0.0
1790742979.946354,2.36248,0.59613,0.0
1790742979.986372,2.36255,0.59617,0.0
1790742980.04917,2.36241,0.59599,0.0
1790742980.087549,2.36228,0.59588,0.0
1790742980.148754,2.36207,0.5959,0.0
1790742980.201823,2.36193,0.59606,0.0
1790742980.262639,2.36273,0.59583,0.0
1790742980.3077068,2.36819,0.59603,0.0
1790742980.36693,2.38202,0.59544,0.0
1790742980.407308,2.39949,0.59514,0.0
1790742980.467394,2.41802,0.59507,0.0
1790742980.5274382,2.43628,0.59469,0.0
1790742980.565699,2.45278,0.59441,0.0
1790742980.6273,2.46619,0.59401,0.0
1790742980.687286,2.47706,0.59353,0.0
1790742980.727094,2.48573,0.59343,0.0
1790742980.7862139,2.49448,0.59321,0.0
1790742980.847735,2.5046,0.59311,0.0
1790742980.888434,2.51708,0.59291,0.0
1790742980.945942,2.53133,0.59269,0.0
1790742980.985951,2.54651,0.59253,0.0
1790742981.048448,2.56141,0.59288,0.0
1790742981.10621,2.57508,0.59252,0.0
1790742981.1479611,2.58722,0.5925,0.0
1790742981.205106,2.59819,0.59257,0.0
1790742981.267298,2.60888,0.59307,0.0
1790742981.3065238,2.63121,0.59432,0.0
1790742981.367295,2.64361,0.59528,0.0
1790742981.422705,2.65712,0.5968,0.0
1790742981.467445,2.67092,0.59796,0.0
1790742981.5482671,2.68463,0.60053,0.0
1790742981.610498,2.6972,0.60313,0.0
1790742981.647893,2.70913,0.60519,0.0
1790742981.711282,2.72032,0.60643,0.0
1790742981.767898,2.7436,0.60941,0.0
1790742981.827248,2.75647,0.61374,0.0
1790742981.8876941,2.77024,0.62073,0.0
1790742981.926877,2.78393,0.63033,0.0
1790742982.010873,2.79747,0.64048,0.0
1790742982.0471292,2.81084,0.64975,0.0
1790742982.1086369,2.82389,0.65772,0.0
1790742982.166155,2.84949,0.67015,0.0
1790742982.223147,2.86165,0.67076,0.0
1790742982.283115,2.87301,0.66834,0.0
1790742982.325228,2.88437,0.66504,0.0
1790742982.387243,2.89612,0.66224,0.0
1790742982.4259079,2.90825,0.66038,0.0
1790742982.488534,2.92093,0.66023,0.0
1790742982.5262668,2.9339,0.66036,0.0
1790742982.587338,2.9469,0.66022,0.0
1790742982.649431,2.9586,0.66036,0.0
1790742982.682932,2.96763,0.66031,0.0
1790742982.755444,2.97288,0.66046,0.0
1790742982.807072,2.97452,0.66109,0.0
1790742982.8462038,2.97486,0.66125,0.0
1790742982.9097931,2.97516,0.66116,0.0
1790742982.967409,2.97524,0.66104,0.0
1790742983.028148,2.97488,0.66108,0.0
1790742983.0673869,2.97473,0.66116,0.0
1790742983.127423,2.97455,0.66104,0.0
1790742983.187587,2.97454,0.66109,0.0
1790742983.250568,2.97466,0.66109,0.0
1790742983.306208,2.9747,0.6611,0.0
1790742983.366184,2.97502,0.66105,0.0
1790742983.427778,2.97526,0.66096,0.0
1790742983.467555,2.9755,0.66086,0.0
1790742983.527173,2.97553,0.66074,0.0
1790742983.567905,2.97552,0.66083,0.0
1790742983.627221,2.97549,0.66084,0.0
1790742983.685554,2.97547,0.66092,0.0
1790742983.728159,2.97544,0.66093,0.0
1790742983.80982,2.97514,0.66084,0.0
1790742983.8655732,2.97516,0.66081,0.0
1790742983.906165,2.97534,0.66081,0.0
1790742983.9659789,2.97544,0.66091,0.0
1790742984.026995,2.97533,0.66096,0.0
1790742984.0853708,2.97536,0.66121,0.0
1790742984.126273,2.97539,0.66135,0.0
1790742984.186235,2.9754,0.66143,0.0
1790742984.253342,2.97549,0.66151,0.0
1790742984.2862852,2.97558,0.66144,0.0
1790742984.3462842,2.97567,0.66126,0.0
1790742984.387489,2.97567,0.66111,0.0
1790742984.4476612,2.97576,0.66108,0.0
1790742984.504332,2.97574,0.66113,0.0
1790742984.548256,2.97572,0.66113,0.0
1790742984.608607,2.97583,0.66118,0.0
1790742984.667248,2.97605,0.66129,0.0
1790742984.707977,2.97612,0.66134,0.0
1790742984.787756,2.97614,0.66141,0.0
1790742984.82689,2.97604,0.66126,0.0
1790742984.886227,2.97585,0.66125,0.0
1790742984.945549,2.97575,0.66119,0.0
1790742985.000436,2.97562,0.66119,0.0
1790742985.0687811,2.97524,0.66114,0.0
1790742985.1257741,2.97497,0.66127,0.0
1790742985.167517,2.97482,0.66138,0.0
1790742985.224353,2.97466,0.66125,0.0
1790742985.287573,2.97451,0.66115,0.0
1790742985.3272882,2.97452,0.66113,0.0
1790742985.387351,2.97451,0.66109,0.0
1790742985.4482539,2.97446,0.66096,0.0
1790742985.487197,2.97428,0.66084,0.0
1790742985.5479739,2.97413,0.66088,0.0
1790742985.599675,2.974,0.66109,0.0
1790742985.64848,2.97385,0.66125,0.0
1790742985.707208,2.97381,0.66146,0.0
1790742985.765808,2.9739,0.66176,0.0
1790742985.827293,2.97369,0.66182,0.0
1790742985.8697228,2.9737,0.66159,0.0
1790742985.925614,2.97364,0.66181,0.0
1790742985.9691782,2.9738,0.66178,0.0
1790742986.025665,2.97395,0.66185,0.0
1790742986.087625,2.97394,0.66209,0.0
1790742986.1275158,2.97418,0.66213,0.0
1790742986.1874921,2.97442,0.66235,0.0
1790742986.250798,2.97446,0.66228,0.0
1790742986.287692,2.97427,0.66227,0.0
1790742986.347171,2.97416,0.66209,0.0
1790742986.4037602,2.97431,0.66198,0.0
1790742986.449127,2.97429,0.66186,0.0
1790742986.504308,2.97426,0.66191,0.0
1790742986.546268,2.97431,0.66204,0.0
1790742986.6073868,2.9744,0.66229,0.0
1790742986.6486342,2.97458,0.66267,0.0
1790742986.708714,2.97458,0.66267,0.0
1790742986.7609951,2.97449,0.66277,0.0
1790742986.8086069,2.97459,0.66261,0.0
1790742986.865929,2.97441,0.66267,0.0
1790742986.927103,2.97423,0.66255,0.0
1790742986.968917,2.9741,0.66265,0.0
1790742987.0252879,2.97416,0.66277,0.0
1790742987.067571,2.97417,0.66287,0.0
1790742987.12292,2.97413,0.6629,0.0
1790742987.186056,2.97422,0.66282,0.0
1790742987.250544,2.97417,0.66269,0.0
1790742987.2873201,2.97429,0.66275,0.0
1790742987.3488908,2.97431,0.66283,0.0
1790742987.3876748,2.97405,0.66278,0.0
1790742987.447411,2.97387,0.66275,0.0
1790742987.487204,2.97368,0.66274,0.0
1790742987.546762,2.97359,0.66267,0.0
1790742987.588963,2.97351,0.66276,0.0
1790742987.6457,2.97333,0.6629,0.0
1790742987.708159,2.9733,0.66285,0.0
1790742987.767134,2.97334,0.66284,0.0
1790742987.806807,2.97326,0.6626,0.0
1790742987.870442,2.97404,0.66269,0.0
1790742987.927358,2.97828,0.66277,0.0
1790742987.9805171,2.98695,0.66223,0.0
1790742988.024065,2.9987,0.66203,0.0
1790742988.08579,3.01149,0.66203,0.0
1790742988.145926,3.02318,0.66185,0.0
1790742988.180377,3.03245,0.66183,0.0
1790742988.287159,3.04292,0.66178,0.0
1790742988.327293,3.04716,0.6618,0.0
1790742988.387869,3.052,0.66178,0.0
1790742988.447197,3.05873,0.66185,0.0
1790742988.4854999,3.06756,0.66169,0.0
1790742988.5467021,3.07764,0.66121,0.0
1790742988.60723,3.08708,0.66107,0.0
1790742988.6478562,3.09496,0.6611,0.0
1790742988.706282,3.09916,0.66089,0.0
1790742988.7488189,3.10011,0.6608,0.0
1790742988.8059251,3.10059,0.66097,0.0
1790742988.868774,3.10106,0.6612,0.0
1790742988.9072902,3.10106,0.6612,0.0
1790742988.9668832,3.10141,0.66126,0.0
1790742989.020231,3.10162,0.66121,0.0
1790742989.06827,3.10178,0.6611,0.0
1790742989.125091,3.10186,0.66098,0.0
1790742989.1659641,3.10177,0.66066,0.0
1790742989.2273011,3.10146,0.66039,0.0
1790742989.284404,3.10157,0.66036,0.0
1790742989.328013,3.10149,0.66018,0.0
1790742989.387171,3.10157,0.66003,0.0
1790742989.426168,3.1016,0.66031,0.0
1790742989.487137,3.10193,0.6607,0.0
1790742989.5480561,3.10213,0.66079,0.0
1790742989.5823731,3.10223,0.66081,0.0
1790742989.645914,3.1025,0.66082,0.0
1790742989.683569,3.10245,0.66076,0.0
1790742989.7453492,3.10255,0.66075,0.0
1790742989.80737,3.10264,0.66077,0.0
1790742989.867605,3.10281,0.6607,0.0
1790742989.926101,3.10279,0.66061,0.0
1790742989.9857512,3.10261,0.66066,0.0
1790742990.039177,3.10254,0.66077,0.0
1790742990.081871,3.1026,0.66087,0.0
1790742990.145803,3.10244,0.66092,0.0
1790742990.2052639,3.10239,0.66103,0.0
1790742990.265642,3.10247,0.66085,0.0
1790742990.3291981,3.10247,0.66085,0.0
1790742990.3661382,3.10258,0.66074,0.0
1790742990.4301271,3.10274,0.66069,0.0
1790742990.507311,3.10292,0.66058,0.0
1790742990.545463,3.10297,0.66069,0.0
1790742990.607093,3.10297,0.66069,0.0
1790742990.665181,3.10288,0.66069,0.0
1790742990.707926,3.10281,0.6605,0.0
1790742990.7903411,3.10277,0.6605,0.0
1790742990.8264918,3.10256,0.66065,0.0
1790742990.866705,3.10244,0.66065,0.0
1790742990.925833,3.10239,0.66071,0.0
1790742990.986123,3.10255,0.66068,0.0
1790742991.0409448,3.10291,0.66065,0.0
1790742991.086418,3.10305,0.66061,0.0
1790742991.147776,3.10311,0.66058,0.0
1790742991.207443,3.10309,0.66049,0.0
1790742991.265745,3.10318,0.66065,0.0
1790742991.327569,3.10342,0.66056,0.0
1790742991.368447,3.10346,0.66035,0.0
1790742991.429922,3.10346,0.66036,0.0
1790742991.485294,3.10356,0.66059,0.0
1790742991.530132,3.10363,0.66043,0.0
1790742991.590558,3.10375,0.66039,0.0
1790742991.627666,3.10394,0.66038,0.0
1790742991.686958,3.1039,0.66046,0.0
1790742991.728983,3.10384,0.66045,0.0
1790742991.787155,3.10378,0.66057,0.0
1790742991.845692,3.10395,0.66058,0.0
1790742991.888779,3.10395,0.66053,0.0
1790742991.946976,3.104,0.66049,0.0
1790742992.008944,3.10409,0.66038,0.0
1790742992.0474849,3.1041,0.66044,0.0
1790742992.105798,3.1041,0.66044,0.0
1790742992.1672692,3.10394,0.66025,0.0
1790742992.2036722,3.10402,0.6601,0.0
1790742992.2673512,3.10418,0.66001,0.0
1790742992.3274,3.10435,0.65997,0.0
1790742992.387361,3.10441,0.65997,0.0
1790742992.427409,3.10447,0.66018,0.0
1790742992.4881458,3.10445,0.66021,0.0
1790742992.546119,3.10447,0.66012,0.0
1790742992.587214,3.10492,0.65962,0.0
1790742992.646261,3.10516,0.65964,0.0
1790742992.68683,3.10544,0.65957,0.0
1790742992.76624,3.10537,0.65907,0.0
1790742992.827948,3.10529,0.65899,0.0
1790742992.887243,3.10521,0.65903,0.0
1790742992.927767,3.10511,0.65898,0.0
1790742992.987262,3.1049,0.65884,0.0
1790742993.046176,3.10487,0.65866,0.0
1790742993.087666,3.10487,0.6586,0.0
1790742993.144568,3.10484,0.65866,0.0
1790742993.203831,3.10479,0.65858,0.0
1790742993.247103,3.10477,0.65873,0.0
1790742993.3054311,3.10487,0.65887,0.0
1790742993.345811,3.10474,0.65887,0.0
1790742993.403239,3.10456,0.65892,0.0
1790742993.469981,3.10451,0.65872,0.0
1790742993.5054731,3.10453,0.65853,0.0
1790742993.567054,3.10448,0.65856,0.0
1790742993.62496,3.10425,0.65826,0.0
1790742993.6644852,3.104,0.65783,0.0
1790742993.7261498,3.10399,0.65784,0.0
1790742993.7656782,3.10398,0.65781,0.0
1790742993.829497,3.1041,0.65784,0.0
1790742993.886226,3.10412,0.65793,0.0
1790742993.947246,3.10404,0.65795,0.0
1790742993.9881809,3.10396,0.65791,0.0
1790742994.0460851,3.10406,0.6579,0.0
1790742994.106624,3.10426,0.65777,0.0
1790742994.146496,3.10439,0.65778,0.0
1790742994.206444,3.10447,0.65777,0.0
1790742994.267085,3.1044,0.65789,0.0
1790742994.327242,3.10457,0.6577,0.0
1790742994.363159,3.10467,0.65764,0.0
1790742994.426686,3.10488,0.65781,0.0
1790742994.466215,3.10497,0.65796,0.0
1790742994.531393,3.10503,0.658,0.0
1790742994.587348,3.10494,0.65815,0.0
1790742994.626966,3.10501,0.65824,0.0
1790742994.68274,3.10505,0.65835,0.0
1790742994.723509,3.10507,0.65835,0.0
1790742994.7881951,3.10503,0.6585,0.0
1790742994.847126,3.10519,0.65849,0.0
1790742994.88715,3.10528,0.65856,0.0
1790742994.9460201,3.1053,0.65856,0.0
1790742995.006193,3.10516,0.65862,0.0
1790742995.065344,3.10522,0.65851,0.0
1790742995.1105468,3.10541,0.65837,0.0
1790742995.1656058,3.10579,0.65825,0.0
1790742995.207497,3.10613,0.65833,0.0
1790742995.26552,3.1062,0.65827,0.0
1790742995.324875,3.10627,0.65813,0.0
1790742995.3659892,3.10653,0.65811,0.0
1790742995.4257238,3.10673,0.6581,0.0
1790742995.485404,3.10673,0.65821,0.0
1790742995.525174,3.10672,0.65813,0.0
1790742995.587782,3.10686,0.65818,0.0
1790742995.647874,3.10704,0.65809,0.0
1790742995.6852,3.10707,0.6582,0.0
1790742995.7481349,3.10709,0.65814,0.0
1790742995.807075,3.10699,0.65823,0.0
1790742995.84716,3.10696,0.65837,0.0
1790742995.907068,3.10674,0.65851,0.0
1790742995.970447,3.10635,0.65886,0.0
1790742996.00672,3.10643,0.65897,0.0
1790742996.065793,3.10643,0.65884,0.0
1790742996.110004,3.10645,0.65868,0.0
1790742996.165847,3.10655,0.65853,0.0
1790742996.206048,3.10657,0.65846,0.0
1790742996.2671082,3.10658,0.65841,0.0
1790742996.321953,3.10669,0.65837,0.0
1790742996.367305,3.10677,0.65819,0.0
1790742996.4279768,3.10697,0.65822,0.0
1790742996.465616,3.10708,0.65818,0.0
1790742996.527009,3.10709,0.65821,0.0
1790742996.581165,3.10708,0.65799,0.0
1790742996.6285079,3.10713,0.65798,0.0
1790742996.6818361,3.10725,0.65803,0.0
1790742996.727325,3.10722,0.65809,0.0
1790742996.7888482,3.10728,0.65806,0.0
1790742996.847278,3.1073,0.65799,0.0
1790742996.90695,3.10734,0.65812,0.0
1790742996.946938,3.10747,0.65813,0.0
1790742997.005611,3.10736,0.65818,0.0
1790742997.067979,3.10697,0.65803,0.0
1790742997.107234,3.10711,0.65797,0.0
1790742997.168715,3.10742,0.65787,0.0
1790742997.253794,3.10718,0.65777,0.0
1790742997.306999,3.1071,0.65772,0.0
1790742997.3452952,3.10678,0.65804,0.0
1790742997.406959,3.10678,0.65804,0.0
1790742997.4676712,3.10647,0.65824,0.0
1790742997.505396,3.10626,0.65824,0.0
1790742997.567028,3.10617,0.65841,0.0
1790742997.6073458,3.10638,0.6586,0.0
1790742997.667011,3.10657,0.65878,0.0
1790742997.7060091,3.10652,0.65863,0.0
1790742997.786984,3.10636,0.65854,0.0
1790742997.8291368,3.1048,0.65869,0.0
1790742997.887477,3.09957,0.65942,0.0
1790742997.94014,3.08976,0.66043,0.0
1790742997.987849,3.07682,0.66138,0.0
1790742998.047031,3.06379,0.66199,0.0
1790742998.106036,3.05261,0.66251,0.0
1790742998.145251,3.04469,0.66262,0.0
1790742998.2071218,3.03599,0.66291,0.0
1790742998.268186,3.03416,0.66319,0.0
1790742998.3082829,3.03325,0.6634,0.0
1790742998.367079,3.03297,0.66372,0.0
1790742998.4286752,3.03284,0.66394,0.0
1790742998.46716,3.03457,0.66652,0.0
1790742998.527742,3.0355,0.6674,0.0
1790742998.585833,3.03611,0.66749,0.0
1790742998.632415,3.03634,0.66794,0.0
1790742998.686982,3.03677,0.66819,0.0
1790742998.729433,3.03721,0.66836,0.0
1790742998.785258,3.03749,0.66743,0.0
1790742998.8403049,3.03708,0.66571,0.0
1790742998.887459,3.03664,0.66441,0.0
1790742998.939348,3.03651,0.6635,0.0
1790742999.0072691,3.03662,0.66323,0.0
1790742999.0675478,3.03683,0.66358,0.0
1790742999.106112,3.03683,0.66358,0.0
1790742999.1651862,3.03754,0.66355,0.0
1790742999.205355,3.03743,0.66321,0.0
1790742999.26571,3.03745,0.66267,0.0
1790742999.327138,3.03726,0.66177,0.0
1790742999.38685,3.03682,0.66097,0.0
1790742999.451379,3.03643,0.66073,0.0
1790742999.500433,3.03584,0.66038,0.0
1790742999.567015,3.03534,0.66053,0.0
1790742999.602605,3.03537,0.66054,0.0
1790742999.6658182,3.03474,0.66033,0.0
1790742999.705365,3.03397,0.66014,0.0
1790742999.7656388,3.03284,0.66025,0.0
1790742999.828222,3.03133,0.66037,0.0
1790742999.8671281,3.02967,0.66146,0.0
1790742999.92764,3.02988,0.66272,0.0
1790742999.965426,3.03007,0.66376,0.0
1790743000.0272708,3.03014,0.66384,0.0
1790743000.088725,3.02845,0.6635,0.0
1790743000.128341,3.02672,0.66306,0.0
1790743000.1867788,3.02573,0.6628,0.0
1790743000.2500858,3.02546,0.6628,0.0
1790743000.285495,3.02546,0.66316,0.0
1790743000.348397,3.02717,0.66294,0.0
1790743000.389948,3.0277,0.66293,0.0
1790743000.448278,3.02764,0.6631,0.0
1790743000.48711,3.02804,0.66311,0.0
1790743000.549268,3.02836,0.66322,0.0
1790743000.6051111,3.02855,0.66335,0.0
1790743000.649479,3.02877,0.66341,0.0
1790743000.70543,3.02894,0.66342,0.0
1790743000.766848,3.02876,0.66352,0.0
1790743000.8051121,3.02881,0.66341,0.0
1790743000.867122,3.02903,0.66331,0.0
1790743000.9271731,3.02951,0.66329,0.0
1790743000.9640372,3.02955,0.66355,0.0
1790743001.025939,3.02959,0.6639,0.0
1790743001.062861,3.02951,0.66429,0.0
1790743001.127318,3.02954,0.66442,0.0
1790743001.187007,3.02946,0.66446,0.0
1790743001.250591,3.02966,0.66444,0.0
1790743001.300249,3.02988,0.66451,0.0
1790743001.3474612,3.03012,0.66436,0.0
1790743001.407294,3.03003,0.66436,0.0
1790743001.467052,3.03013,0.66427,0.0
1790743001.505926,3.03009,0.66421,0.0
1790743001.567195,3.03007,0.66406,0.0
1790743001.625552,3.03014,0.66379,0.0
1790743001.6726668,3.03018,0.66391,0.0
1790743001.752974,3.03034,0.66416,0.0
1790743001.7872179,3.03042,0.6643,0.0
1790743001.8479302,3.03041,0.66418,0.0
1790743001.885919,3.03045,0.66398,0.0
1790743001.948977,3.03051,0.66378,0.0
1790743002.00803,3.03055,0.66394,0.0
1790743002.047599,3.03051,0.66391,0.0
1790743002.107193,3.03033,0.66372,0.0
1790743002.143602,3.03042,0.66377,0.0
1790743002.207853,3.03033,0.66372,0.0
1790743002.25344,3.03016,0.66365,0.0
1790743002.306994,3.03004,0.66334,0.0
1790743002.365949,3.03019,0.66327,0.0
1790743002.407119,3.03009,0.66294,0.0
1790743002.467081,3.03,0.66316,0.0
1790743002.525756,3.03004,0.66346,0.0
1790743002.567102,3.02983,0.66337,0.0
1790743002.630181,3.02967,0.66334,0.0
1790743002.6874251,3.02966,0.66341,0.0
1790743002.726254,3.02963,0.66332,0.0
1790743002.787563,3.0296,0.66332,0.0
1790743002.847887,3.02966,0.66338,0.0
1790743002.905995,3.02965,0.66351,0.0
1790743002.948664,3.02958,0.66352,0.0
1790743003.008162,3.0296,0.66312,0.0
1790743003.049303,3.02977,0.66306,0.0
1790743003.1055748,3.02977,0.66306,0.0
1790743003.148374,3.02991,0.66343,0.0
1790743003.207135,3.02991,0.66343,0.0
1790743003.2675352,3.02964,0.66337,0.0
1790743003.302447,3.02956,0.66345,0.0
1790743003.3650439,3.02968,0.66355,0.0
1790743003.407508,3.02986,0.66361,0.0
1790743003.465334,3.02994,0.66393,0.0
1790743003.507513,3.03006,0.66391,0.0
1790743003.567352,3.03027,0.66359,0.0
1790743003.627222,3.03054,0.66349,0.0
1790743003.682303,3.03069,0.66349,0.0
1790743003.721188,3.03075,0.66358,0.0
1790743003.787654,3.03097,0.66381,0.0
1790743003.847105,3.03098,0.66376,0.0
1790743003.886977,3.03106,0.66345,0.0
1790743003.967024,3.03709,0.6508,0.0
1790743004.0084832,3.04244,0.63497,0.0
1790743004.067252,3.04542,0.61795,0.0
1790743004.1236842,3.04801,0.60046,0.0
1790743004.1668859,3.05125,0.58357,0.0
1790743004.224191,3.0558,0.56872,0.0
1790743004.264121,3.06124,0.55551,0.0
1790743004.327035,3.06675,0.54429,0.0
1790743004.385241,3.06972,0.53411,0.0
1790743004.4263942,3.069,0.52386,0.0
1790743004.485329,3.06599,0.51279,0.0
1790743004.526718,3.06329,0.50062,0.0
1790743004.587224,3.06143,0.48756,0.0
1790743004.627244,3.0604,0.4741,0.0
1790743004.6856818,3.06055,0.4602,0.0
1790743004.727296,3.06193,0.44692,0.0
1790743004.786529,3.06471,0.43395,0.0
1790743004.846982,3.06943,0.4219,0.0
1790743004.910399,3.07469,0.41003,0.0
1790743004.945824,3.08456,0.38644,0.0
1790743005.008716,3.08456,0.38644,0.0
1790743005.066946,3.08824,0.36104,0.0
1790743005.110522,3.0867,0.34789,0.0
1790743005.1669278,3.08551,0.33452,0.0
1790743005.209429,3.08507,0.32173,0.0
1790743005.28403,3.08481,0.30962,0.0
1790743005.32704,3.08457,0.29777,0.0
1790743005.387042,3.08459,0.28579,0.0
1790743005.4471,3.08453,0.27331,0.0
1790743005.4855292,3.08453,0.26082,0.0
1790743005.5472121,3.0846,0.24814,0.0
1790743005.610021,3.08448,0.23536,0.0
1790743005.647993,3.08439,0.22279,0.0
1790743005.707361,3.08434,0.21041,0.0
1790743005.7655349,3.08435,0.18553,0.0
1790743005.810714,3.08413,0.17349,0.0
1790743005.8679738,3.08405,0.16234,0.0
1790743005.927544,3.08414,0.15202,0.0
1790743005.9878569,3.08423,0.14335,0.0
1790743006.0256052,3.0843,0.13597,0.0
1790743006.087168,3.08428,0.12987,0.0
1790743006.127182,3.08441,0.12475,0.0
1790743006.1917949,3.08432,0.11998,0.0
1790743006.227178,3.08402,0.11539,0.0
1790743006.286301,3.08376,0.11151,0.0
1790743006.345767,3.08322,0.10853,0.0
1790743006.3878589,3.08331,0.10582,0.0
1790743006.447867,3.08414,0.10278,0.0
1790743006.500423,3.08485,0.09975,0.0
1790743006.5468469,3.08468,0.09745,0.0
1790743006.601226,3.08452,0.09603,0.0
1790743006.647875,3.08457,0.09533,0.0
1790743006.707386,3.08462,0.09507,0.0
1790743006.765822,3.08509,0.09582,0.0
1790743006.799649,3.08608,0.09616,0.0
1790743006.866822,3.08885,0.09623,0.0
1790743006.903379,3.09317,0.09635,0.0
1790743006.965835,3.09875,0.0964,0.0
1790743007.026974,3.10371,0.09602,0.0
1790743007.0656462,3.10749,0.0956,0.0
1790743007.1258051,3.10951,0.09486,0.0
1790743007.1871948,3.10946,0.09438,0.0
1790743007.227206,3.10903,0.09389,0.0
1790743007.2854972,3.10889,0.09363,0.0
1790743007.3464162,3.10877,0.0933,0.0
1790743007.4071019,3.10854,0.09295,0.0
1790743007.4596212,3.10835,0.09235,0.0
1790743007.507589,3.10852,0.09246,0.0
1790743007.567028,3.10874,0.0925,0.0
1790743007.6270232,3.10878,0.09265,0.0
1790743007.6626718,3.10881,0.09255,0.0
1790743007.7271218,3.10872,0.09234,0.0
1790743007.787244,3.10864,0.09207,0.0
1790743007.827163,3.10859,0.0919,0.0
1790743007.887363,3.1086,0.09191,0.0
1790743007.946486,3.1085,0.0918,0.0
1790743007.987276,3.10854,0.09137,0.0
1790743008.046852,3.10863,0.09113,0.0
1790743008.105979,3.10867,0.09098,0.0
1790743008.160102,3.10859,0.09086,0.0
1790743008.206959,3.10868,0.09078,0.0
1790743008.26265,3.10893,0.0907,0.0
1790743008.306138,3.10908,0.09059,0.0
1790743008.364484,3.10907,0.09046,0.0
1790743008.429364,3.10899,0.09041,0.0
1790743008.4854772,3.10895,0.09046,0.0
1790743008.541248,3.10893,0.09057,0.0
1790743008.585366,3.10889,0.09064,0.0
1790743008.647208,3.10886,0.0907,0.0
1790743008.6870332,3.10882,0.09081,0.0
1790743008.747746,3.10878,0.09088,0.0
1790743008.787242,3.10876,0.09099,0.0
1790743008.84789,3.10875,0.09105,0.0
1790743008.887285,3.10872,0.09112,0.0
1790743008.947061,3.10872,0.09115,0.0
1790743009.007814,3.10869,0.0912,0.0
1790743009.041995,3.10867,0.09123,0.0
1790743009.1053529,3.10865,0.09125,0.0
1790743009.160247,3.10849,0.09134,0.0
1790743009.2075899,3.10849,0.09134,0.0
1790743009.269112,3.10838,0.09131,0.0
1790743009.318285,3.10825,0.09133,0.0
1790743009.385034,3.10812,0.09126,0.0
1790743009.421319,3.1083,0.09115,0.0
1790743009.4870222,3.10837,0.0913,0.0
1790743009.526261,3.10846,0.09123,0.0
1790743009.587852,3.10862,0.09105,0.0
1790743009.647427,3.10847,0.09094,0.0
1790743009.6871119,3.10831,0.09104,0.0
1790743009.751637,3.10819,0.09128,0.0
1790743009.807067,3.10796,0.09138,0.0
1790743009.8468559,3.10787,0.09154,0.0
1790743009.907107,3.10779,0.09163,0.0
1790743009.947259,3.10779,0.09175,0.0
1790743010.0055768,3.10759,0.09191,0.0
1790743010.047043,3.10767,0.09207,0.0
1790743010.1072042,3.10767,0.09207,0.0
1790743010.167318,3.10752,0.09202,0.0
1790743010.207177,3.10752,0.09202,0.0
1790743010.267067,3.10757,0.09202,0.0
1790743010.318924,3.10773,0.09217,0.0
1790743010.371244,3.10788,0.0923,0.0
1790743010.423703,3.10782,0.0924,0.0
1790743010.46836,3.10788,0.09265,0.0
1790743010.5271628,3.10785,0.09265,0.0
1790743010.56898,3.10784,0.09254,0.0
1790743010.620127,3.10776,0.09252,0.0
1790743010.685934,3.10828,0.09301,0.0
1790743010.7512581,3.11204,0.09152,0.0
1790743010.807263,3.11275,0.09149,0.0
1790743010.845833,3.11268,0.09134,0.0
1790743010.908271,3.11319,0.09112,0.0
1790743010.967725,3.11333,0.09123,0.0
1790743011.007906,3.11333,0.09123,0.0
1790743011.0671082,3.11261,0.09107,0.0
1790743011.1055832,3.11234,0.09057,0.0
1790743011.1650639,3.11217,0.09032,0.0
1790743011.209911,3.11166,0.09049,0.0
1790743011.2670772,3.11145,0.09049,0.0
1790743011.328148,3.11071,0.09087,0.0
1790743011.3673868,3.11033,0.091,0.0
1790743011.4268749,3.10975,0.09116,0.0
1790743011.468637,3.1094,0.09139,0.0
1790743011.522125,3.10932,0.09179,0.0
1790743011.56797,3.10892,0.092,0.0
1790743011.624683,3.1081,0.09213,0.0
1790743011.6661649,3.1074,0.09219,0.0
1790743011.7263172,3.1068,0.09233,0.0
1790743011.779042,3.10637,0.09223,0.0
1790743011.827808,3.10599,0.09258,0.0
1790743011.886938,3.10608,0.09278,0.0
1790743011.9271839,3.10586,0.09282,0.0
1790743011.986923,3.10579,0.09298,0.0
1790743012.040566,3.1055,0.09285,0.0
1790743012.08771,3.10521,0.09287,0.0
1790743012.148633,3.10447,0.09295,0.0
1790743012.1870651,3.1039,0.09312,0.0
1790743012.247085,3.10358,0.09371,0.0
1790743012.305762,3.10372,0.09454,0.0
1790743012.367744,3.10392,0.09481,0.0
1790743012.426058,3.10393,0.09433,0.0
1790743012.465783,3.10412,0.09401,0.0
1790743012.526891,3.10436,0.09424,0.0
1790743012.565923,3.1045,0.09461,0.0
1790743012.6266298,3.10462,0.09519,0.0
1790743012.6882792,3.10467,0.09585,0.0
1790743012.7322502,3.10481,0.09629,0.0
1790743012.785234,3.10482,0.09645,0.0
1790743012.845551,3.10489,0.09648,0.0
1790743012.8855639,3.10476,0.09639,0.0
1790743012.945197,3.1047,0.09667,0.0
1790743013.008895,3.1047,0.09667,0.0
1790743013.065695,3.10469,0.09684,0.0
1790743013.107148,3.10502,0.0969,0.0
1790743013.1655219,3.10517,0.09678,0.0
1790743013.205939,3.10563,0.09702,0.0
1790743013.267147,3.10696,0.09658,0.0
1790743013.326348,3.10803,0.09628,0.0
1790743013.386077,3.10871,0.09645,0.0
1790743013.431691,3.11061,0.09573,0.0
1790743013.486855,3.1112,0.09544,0.0
1790743013.5405262,3.11122,0.09552,0.0
1790743013.5855172,3.11185,0.09562,0.0
1790743013.641424,3.11321,0.09548,0.0
1790743013.686908,3.11534,0.09481,0.0
1790743013.744944,3.11606,0.09379,0.0
1790743013.787402,3.11668,0.09296,0.0
1790743013.8471029,3.11609,0.09296,0.0
1790743013.906757,3.11537,0.09288,0.0
1790743013.9478421,3.11485,0.09278,0.0
1790743014.008628,3.11454,0.09252,0.0
1790743014.065941,3.11398,0.09242,0.0
1790743014.108116,3.1136,0.09237,0.0
1790743014.166655,3.11347,0.09222,0.0
1790743014.226593,3.11337,0.09213,0.0
1790743014.267431,3.1133,0.09212,0.0
1790743014.32581,3.11343,0.09233,0.0
1790743014.365819,3.1135,0.09231,0.0
1790743014.42997,3.11343,0.09226,0.0
1790743014.467045,3.11336,0.09224,0.0
1790743014.526248,3.1133,0.09225,0.0
1790743014.5679061,3.11349,0.09181,0.0
1790743014.625205,3.11351,0.09171,0.0
1790743014.6665049,3.1134,0.09159,0.0
1790743014.7262578,3.11335,0.09137,0.0
1790743014.788325,3.11337,0.09129,0.0
1790743014.8284822,3.11344,0.09131,0.0
1790743014.8868911,3.11345,0.09146,0.0
1790743014.947407,3.1133,0.09148,0.0
1790743014.9987378,3.11308,0.09144,0.0
1790743015.046881,3.11298,0.09167,0.0
1790743015.10566,3.11282,0.09154,0.0
1790743015.168035,3.11284,0.09132,0.0
1790743015.2263339,3.11299,0.09134,0.0
1790743015.286755,3.11314,0.09124,0.0
1790743015.32589,3.11307,0.09104,0.0
1790743015.385459,3.11296,0.09079,0.0
1790743015.4275331,3.11302,0.0905,0.0
1790743015.4867089,3.11314,0.09057,0.0
1790743015.545869,3.11316,0.09319,0.0
1790743015.5882251,3.11302,0.10375,0.0
1790743015.64576,3.11304,0.12239,0.0
1790743015.6855419,3.11249,0.14361,0.0
1790743015.747531,3.11188,0.16527,0.0
1790743015.803315,3.1116,0.18613,0.0
1790743015.8468502,3.11137,0.20463,0.0
1790743015.905868,3.11114,0.22003,0.0
1790743015.9478028,3.11113,0.24387,0.0
1790743016.007533,3.11091,0.25517,0.0
1790743016.070453,3.1104,0.26788,0.0
1790743016.104977,3.11003,0.28288,0.0
1790743016.1649878,3.10903,0.29907,0.0
1790743016.225559,3.10723,0.31608,0.0
1790743016.286619,3.10441,0.33315,0.0
1790743016.3273542,3.10104,0.3493,0.0
1790743016.38699,3.09723,0.36452,0.0
1790743016.427079,3.0927,0.37843,0.0
1790743016.4868522,3.08854,0.39175,0.0
1790743016.5269399,3.08485,0.40542,0.0
1790743016.586976,3.08428,0.4197,0.0
1790743016.62674,3.08548,0.43506,0.0
1790743016.6868129,3.08745,0.45097,0.0
1790743016.725984,3.0901,0.46686,0.0
1790743016.7870028,3.09062,0.48255,0.0
1790743016.846346,3.08918,0.49751,0.0
1790743016.886348,3.08677,0.51187,0.0
1790743016.944403,3.08342,0.52547,0.0
1790743016.987127,3.07916,0.53849,0.0
1790743017.047076,3.07351,0.55061,0.0
1790743017.107123,3.0688,0.56097,0.0
1790743017.1476,3.06776,0.56983,0.0
1790743017.2070389,3.06995,0.57755,0.0
1790743017.267381,3.07061,0.59002,0.0
1790743017.3077602,3.07018,0.59545,0.0
1790743017.366126,3.06974,0.60097,0.0
1790743017.427392,3.06869,0.60652,0.0
1790743017.4874492,3.06672,0.61186,0.0
1790743017.525624,3.06417,0.61678,0.0
1790743017.590416,3.06151,0.62146,0.0
1790743017.624506,3.05892,0.62594,0.0
1790743017.686987,3.05782,0.6294,0.0
1790743017.726511,3.0584,0.63119,0.0
1790743017.787263,3.05867,0.63206,0.0
1790743017.8244858,3.05888,0.63249,0.0
1790743017.889601,3.05895,0.63285,0.0
1790743017.924237,3.0589,0.63308,0.0
1790743017.985408,3.05878,0.63317,0.0
1790743018.025648,3.05776,0.63325,0.0
1790743018.089491,3.05461,0.63336,0.0
1790743018.124948,3.0493,0.63331,0.0
1790743018.187071,3.04272,0.63319,0.0
1790743018.246885,3.03635,0.63297,0.0
1790743018.289309,3.03183,0.6329,0.0
1790743018.3468559,3.03032,0.63351,0.0
1790743018.405317,3.03076,0.6345,0.0
1790743018.4469619,3.03118,0.63528,0.0
1790743018.505412,3.03142,0.63589,0.0
1790743018.5667489,3.03177,0.6363,0.0
1790743018.606936,3.03178,0.63623,0.0
1790743018.665993,3.03172,0.63604,0.0
1790743018.706809,3.03168,0.63512,0.0
1790743018.766773,3.03162,0.63065,0.0
1790743018.821655,3.0314,0.62169,0.0
1790743018.865259,3.03156,0.60901,0.0
1790743018.926948,3.03122,0.59631,0.0
1790743018.987089,3.03119,0.58455,0.0
1790743019.025833,3.03117,0.5757,0.0
1790743019.089942,3.03147,0.56995,0.0
1790743019.145612,3.03167,0.56564,0.0
1790743019.187565,3.03195,0.56378,0.0
1790743019.246424,3.03214,0.5629,0.0
1790743019.3057458,3.03218,0.5625,0.0
1790743019.338531,3.03238,0.56255,0.0
1790743019.4067461,3.03588,0.56186,0.0
1790743019.444981,3.03745,0.56226,0.0
1790743019.5071292,3.03745,0.56226,0.0
1790743019.567786,3.03802,0.56291,0.0
1790743019.6067882,3.03802,0.56291,0.0
1790743019.668382,3.03745,0.56304,0.0
1790743019.728492,3.03706,0.56317,0.0
1790743019.767045,3.03682,0.56355,0.0
1790743019.828059,3.03698,0.56343,0.0
1790743019.884958,3.03663,0.56375,0.0
1790743019.9251451,3.03634,0.5639,0.0
1790743019.9824388,3.036,0.56394,0.0
1790743020.028716,3.03587,0.56399,0.0
1790743020.08847,3.03497,0.56413,0.0
1790743020.1253781,3.03434,0.56424,0.0
1790743020.1876018,3.03401,0.56416,0.0
1790743020.239713,3.03383,0.56384,0.0
1790743020.28823,3.03346,0.56385,0.0
1790743020.346771,3.03356,0.56402,0.0
1790743020.406087,3.0337,0.56401,0.0
1790743020.446677,3.03356,0.56376,0.0
1790743020.507981,3.03312,0.56307,0.0
1790743020.544401,3.03247,0.56285,0.0
1790743020.606102,3.03237,0.56292,0.0
1790743020.643828,3.03132,0.56255,0.0
1790743020.706986,3.03132,0.56255,0.0
1790743020.7650619,3.03028,0.56092,0.0
1790743020.802565,3.03039,0.56006,0.0
1790743020.866268,3.03057,0.5591,0.0
1790743020.926024,3.03084,0.55877,0.0
1790743020.965325,3.03086,0.55807,0.0
1790743021.0272498,3.03047,0.55669,0.0
1790743021.065963,3.02965,0.55487,0.0
1790743021.126034,3.02958,0.55409,0.0
1790743021.168274,3.02968,0.55385,0.0
1790743021.226818,3.02968,0.5544,0.0
1790743021.284945,3.03052,0.55639,0.0
1790743021.328762,3.03128,0.55719,0.0
1790743021.385474,3.03176,0.55756,0.0
1790743021.428561,3.03205,0.55799,0.0
1790743021.512324,3.03222,0.55837,0.0
1790743021.526717,3.03225,0.55848,0.0
1790743021.5857742,3.03242,0.55862,0.0
1790743021.6437,3.03245,0.55869,0.0
1790743021.686671,3.03239,0.5588,0.0
1790743021.749842,3.03218,0.55838,0.0
1790743021.802309,3.03223,0.55832,0.0
1790743021.84572,3.03239,0.55833,0.0
1790743021.926869,3.0328,0.55869,0.0
1790743021.984811,3.0328,0.55848,0.0
1790743022.026589,3.03279,0.55844,0.0
1790743022.0887291,3.03291,0.5585,0.0
1790743022.1279,3.03295,0.55851,0.0
1790743022.185676,3.03304,0.55857,0.0
1790743022.229079,3.03298,0.5586,0.0
1790743022.302523,3.03292,0.55854,0.0
1790743022.3492649,3.03308,0.55857,0.0
1790743022.4054558,3.03322,0.55844,0.0
1790743022.446938,3.03335,0.55847,0.0
1790743022.507443,3.03335,0.55847,0.0
1790743022.561667,3.03353,0.55828,0.0
1790743022.6024299,3.03361,0.55827,0.0
1790743022.6667242,3.03355,0.55824,0.0
1790743022.7260952,3.03348,0.55818,0.0
1790743022.767176,3.03343,0.5583,0.0
1790743022.826847,3.0334,0.55848,0.0
1790743022.88552,3.03332,0.55852,0.0
1790743022.948937,3.03333,0.55842,0.0
1790743023.003073,3.03342,0.55848,0.0
1790743023.049525,3.02383,0.56384,0.0
1790743023.103812,3.00758,0.57083,0.0
1790743023.1681302,2.98832,0.57525,0.0
1790743023.2052941,2.96791,0.57774,0.0
1790743023.287404,2.94725,0.58091,0.0
1790743023.327017,2.92776,0.58473,0.0
1790743023.3810492,2.91086,0.5905,0.0
1790743023.423077,2.89815,0.59673,0.0
1790743023.488943,2.88971,0.60085,0.0
1790743023.527622,2.8837,0.60253,0.0
1790743023.58534,2.87598,0.60016,0.0
1790743023.628173,2.86442,0.59743,0.0
1790743023.687295,2.84904,0.59608,0.0
1790743023.746757,2.83084,0.59563,0.0
1790743023.808224,2.8114,0.59691,0.0
1790743023.847685,2.79245,0.59826,0.0
1790743023.906964,2.77519,0.59819,0.0
1790743023.945584,2.76031,0.59833,0.0
1790743024.008053,2.74739,0.59947,0.0
1790743024.049033,2.72876,0.60535,0.0
1790743024.122347,2.72876,0.60535,0.0
1790743024.166003,2.71119,0.6124,0.0
1790743024.226708,2.69833,0.61577,0.0
1790743024.286756,2.68164,0.61765,0.0
1790743024.3458502,2.66232,0.61723,0.0
1790743024.4062972,2.64262,0.61623,0.0
1790743024.448426,2.62469,0.61515,0.0
1790743024.506079,2.60942,0.61429,0.0
1790743024.560816,2.58367,0.61285,0.0
1790743024.607837,2.57114,0.61278,0.0
1790743024.6672142,2.55803,0.61279,0.0
1790743024.72523,2.54328,0.61259,0.0
1790743024.765834,2.52732,0.61241,0.0
1790743024.822609,2.51084,0.61215,0.0
1790743024.886794,2.49427,0.61202,0.0
1790743024.9242508,2.47873,0.61194,0.0
1790743024.985416,2.46483,0.61194,0.0
1790743025.0254312,2.45372,0.61199,0.0
1790743025.086795,2.44604,0.612,0.0
1790743025.145623,2.44173,0.61201,0.0
1790743025.183994,2.44045,0.61212,0.0
1790743025.254943,2.44019,0.6122,0.0
1790743025.306719,2.44021,0.61208,0.0
1790743025.345336,2.44063,0.61199,0.0
1790743025.399988,2.44137,0.61218,0.0
1790743025.4469419,2.44232,0.61253,0.0
1790743025.506628,2.44332,0.61277,0.0
1790743025.546656,2.44395,0.61291,0.0
1790743025.607831,2.44443,0.61284,0.0
1790743025.646029,2.44494,0.6126,0.0
1790743025.7067368,2.44489,0.61266,0.0
1790743025.7679482,2.44486,0.61269,0.0
1790743025.828216,2.44498,0.61278,0.0
1790743025.8852422,2.44502,0.61287,0.0
1790743025.9271119,2.44506,0.61288,0.0
1790743025.987123,2.44498,0.61303,0.0
1790743026.045901,2.44507,0.61313,0.0
1790743026.087611,2.4451,0.61302,0.0
1790743026.145812,2.44506,0.61272,0.0
1790743026.2047691,2.4449,0.61262,0.0
1790743026.259263,2.4447,0.61265,0.0
1790743026.308369,2.44477,0.61305,0.0
1790743026.366782,2.44517,0.61318,0.0
1790743026.426682,2.44553,0.61311,0.0
1790743026.485253,2.44566,0.61315,0.0
1790743026.546486,2.44558,0.61318,0.0
1790743026.587553,2.44565,0.61321,0.0
1790743026.647799,2.44574,0.61333,0.0
1790743026.70827,2.44554,0.61328,0.0
1790743026.766707,2.4455,0.61335,0.0
1790743026.827775,2.44564,0.61318,0.0
1790743026.86692,2.44578,0.61309,0.0
1790743026.926361,2.44571,0.61297,0.0
1790743026.986645,2.44562,0.61291,0.0
1790743027.025978,2.44553,0.61291,0.0
1790743027.084831,2.44554,0.61283,0.0
1790743027.126838,2.44557,0.61273,0.0
1790743027.186392,2.44561,0.61275,0.0
1790743027.247777,2.44576,0.61282,0.0
1790743027.286936,2.44578,0.61294,0.0
1790743027.347339,2.44543,0.61303,0.0
1790743027.407215,2.44535,0.61295,0.0
1790743027.4654698,2.44555,0.61298,0.0
1790743027.526624,2.4456,0.61315,0.0
1790743027.5670102,2.44541,0.61327,0.0
1790743027.626692,2.44539,0.61309,0.0
1790743027.6669052,2.44544,0.6131,0.0
1790743027.725478,2.44478,0.61309,0.0
1790743027.7836921,2.43972,0.61334,0.0
1790743027.82562,2.42557,0.6141,0.0
1790743027.887872,2.40591,0.61386,0.0
1790743027.92689,2.38536,0.61414,0.0
1790743027.988244,2.36454,0.61421,0.0
1790743028.0465899,2.34447,0.61422,0.0
1790743028.087904,2.32668,0.61428,0.0
1790743028.144866,2.31187,0.614,0.0
1790743028.187405,2.29948,0.61406,0.0
1790743028.248152,2.28813,0.61398,0.0
1790743028.30211,2.27629,0.61406,0.0
1790743028.3457239,2.24784,0.61376,0.0
1790743028.399847,2.2309,0.61348,0.0
1790743028.466557,2.21365,0.61343,0.0
1790743028.502291,2.19702,0.61345,0.0
1790743028.566634,2.18124,0.61325,0.0
1790743028.628886,2.16662,0.61301,0.0
1790743028.6867268,2.15283,0.61308,0.0
1790743028.72689,2.13898,0.61305,0.0
1790743028.786592,2.12491,0.61292,0.0
1790743028.826993,2.10991,0.61293,0.0
1790743028.886823,2.09432,0.61301,0.0
1790743028.948338,2.07832,0.61285,0.0
1790743028.986889,2.06235,0.61304,0.0
1790743029.046535,2.04676,0.61315,0.0
1790743029.0853581,2.03137,0.61323,0.0
1790743029.1467059,2.01695,0.61341,0.0
1790743029.208569,2.0029,0.61319,0.0
1790743029.254804,1.97382,0.61341,0.0
1790743029.3064508,1.97382,0.61341,0.0
1790743029.366855,1.94274,0.6134,0.0
1790743029.406795,1.92709,0.61357,0.0
1790743029.467919,1.9116,0.61349,0.0
1790743029.507798,1.89636,0.61352,0.0
1790743029.5672588,1.88156,0.61374,0.0
1790743029.626915,1.86767,0.61385,0.0
1790743029.660117,1.85633,0.6141,0.0
1790743029.726681,1.84813,0.61439,0.0
1790743029.765339,1.84255,0.61402,0.0
1790743029.8274372,1.84088,0.61404,0.0
1790743029.884943,1.8409,0.61405,0.0
1790743029.9266849,1.84068,0.61411,0.0
1790743029.987443,1.84065,0.61404,0.0
1790743030.04704,1.84073,0.61387,0.0
1790743030.087014,1.84093,0.61367,0.0
1790743030.145248,1.84118,0.61362,0.0
1790743030.206291,1.84148,0.61355,0.0
1790743030.2502441,1.84167,0.61356,0.0
1790743030.305023,1.84187,0.61353,0.0
1790743030.346838,1.84189,0.61358,0.0
1790743030.405293,1.84184,0.61366,0.0
1790743030.4453819,1.83962,0.60976,0.0
1790743030.507931,1.83962,0.60976,0.0
1790743030.558421,1.83964,0.61069,0.0
1790743030.608656,1.83974,0.61096,0.0
1790743030.662412,1.83936,0.6114,0.0
1790743030.706316,1.83916,0.61184,0.0
1790743030.766687,1.83866,0.61241,0.0
1790743030.826804,1.83853,0.6127,0.0
1790743030.886183,1.83794,0.61305,0.0
1790743030.9468539,1.83839,0.61337,0.0
1790743030.986814,1.83874,0.61437,0.0
1790743031.045245,1.8395,0.61513,0.0
1790743031.087507,1.83945,0.61579,0.0
1790743031.1465652,1.83934,0.61617,0.0
1790743031.1867352,1.83925,0.61637,0.0
1790743031.2478201,1.8389,0.6164,0.0
1790743031.286638,1.83865,0.61635,0.0
1790743031.347753,1.83847,0.61642,0.0
1790743031.40489,1.83816,0.6164,0.0
1790743031.44534,1.8377,0.61647,0.0
1790743031.506592,1.83818,0.61671,0.0
1790743031.5463839,1.83918,0.61721,0.0
1790743031.606608,1.84071,0.61795,0.0
1790743031.662087,1.84145,0.61782,0.0
1790743031.706754,1.84145,0.61782,0.0
1790743031.7635179,1.84251,0.61688,0.0
1790743031.822769,1.84316,0.6163,0.0
1790743031.8624341,1.84502,0.61577,0.0
1790743031.926889,1.8449,0.61542,0.0
1790743031.987199,1.84396,0.61492,0.0
1790743032.0223439,1.84377,0.61425,0.0
1790743032.084724,1.84579,0.6135,0.0
1790743032.125525,1.84786,0.61325,0.0
1790743032.186827,1.84929,0.61363,0.0
1790743032.246824,1.84992,0.61411,0.0
1790743032.306726,1.85006,0.61496,0.0
1790743032.345353,1.84711,0.61604,0.0
1790743032.40686,1.84711,0.61604,0.0
1790743032.467693,1.84718,0.61544,0.0
1790743032.5064042,1.84718,0.61512,0.0
1790743032.5687318,1.84695,0.61481,0.0
1790743032.624796,1.84676,0.61456,0.0
1790743032.668041,1.84666,0.61443,0.0
1790743032.726594,1.84665,0.61447,0.0
1790743032.768546,1.84655,0.61446,0.0
1790743032.826714,1.84608,0.61444,0.0
1790743032.872083,1.84569,0.61442,0.0
1790743032.926613,1.8456,0.61444,0.0
1790743032.9804869,1.84517,0.61447,0.0
1790743033.025664,1.84525,0.61425,0.0
1790743033.0847821,1.84506,0.61417,0.0
1790743033.1467469,1.84507,0.6141,0.0
1790743033.205235,1.84526,0.61392,0.0
1790743033.2533278,1.84527,0.61395,0.0
1790743033.3055182,1.8451,0.61383,0.0
1790743033.348928,1.84515,0.61379,0.0
1790743033.405545,1.84502,0.61369,0.0
1790743033.44512,1.84474,0.61344,0.0
1790743033.505173,1.84474,0.61344,0.0
1790743033.566663,1.84452,0.61324,0.0
1790743033.606703,1.84464,0.6133,0.0
1790743033.667073,1.8448,0.61335,0.0
1790743033.7210271,1.84473,0.61312,0.0
1790743033.766722,1.84432,0.61306,0.0
1790743033.808429,1.844,0.61303,0.0
1790743033.867473,1.84391,0.61337,0.0
1790743033.926592,1.84406,0.6136,0.0
1790743033.967304,1.84409,0.61355,0.0
1790743034.026548,1.8441,0.61338,0.0
1790743034.0679328,1.84422,0.61332,0.0
1790743034.12706,1.84442,0.61331,0.0
1790743034.180398,1.84435,0.61315,0.0
1790743034.225303,1.84438,0.61325,0.0
1790743034.279764,1.84432,0.61346,0.0
1790743034.3420758,1.84418,0.61343,0.0
1790743034.383452,1.84421,0.61328,0.0
1790743034.44658,1.84425,0.61304,0.0
1790743034.484672,1.84417,0.61315,0.0
1790743034.546272,1.84402,0.61324,0.0
1790743034.604616,1.84395,0.61338,0.0
1790743034.669575,1.84426,0.61317,0.0
1790743034.705748,1.84442,0.61316,0.0
1790743034.765265,1.84451,0.61333,0.0
1790743034.82669,1.8445,0.61339,0.0
1790743034.868491,1.84446,0.61337,0.0
1790743034.9251251,1.84434,0.61326,0.0
1790743034.9695659,1.84425,0.61319,0.0
1790743035.026536,1.84434,0.61316,0.0
1790743035.070076,1.84442,0.61308,0.0
1790743035.126911,1.84435,0.61274,0.0
1790743035.18357,1.8443,0.61247,0.0
1790743035.228831,1.84433,0.61233,0.0
1790743035.3066082,1.8442,0.61246,0.0
1790743035.3693,1.8445,0.61303,0.0
1790743035.406977,1.84467,0.61331,0.0
1790743035.4676712,1.84462,0.61347,0.0
1790743035.506732,1.84455,0.61355,0.0
1790743035.566628,1.84442,0.61351,0.0
1790743035.626369,1.84433,0.61348,0.0
1790743035.666888,1.84411,0.61322,0.0
1790743035.727285,1.84396,0.613,0.0
1790743035.785182,1.84388,0.61276,0.0
1790743035.828692,1.84352,0.61285,0.0
1790743035.887072,1.84323,0.61316,0.0
1790743035.9267929,1.84295,0.61354,0.0
1790743035.987403,1.84264,0.61361,0.0
1790743036.038788,1.84244,0.61365,0.0
1790743036.087635,1.84232,0.61373,0.0
1790743036.142179,1.84225,0.61385,0.0
1790743036.189031,1.84229,0.61394,0.0
1790743036.2512581,1.84229,0.61508,0.0
1790743036.2875168,1.84241,0.62184,0.0
1790743036.3468459,1.84158,0.6361,0.0
1790743036.390356,1.8403,0.65399,0.0
1790743036.4447958,1.83971,0.67335,0.0
1790743036.5001202,1.83912,0.69194,0.0
1790743036.546587,1.83923,0.70788,0.0
1790743036.60027,1.83943,0.72035,0.0
1790743036.644623,1.83937,0.73035,0.0
1790743036.705174,1.83933,0.7387,0.0
1790743036.768001,1.83972,0.75742,0.0
1790743036.802763,1.83979,0.76983,0.0
1790743036.8652842,1.83962,0.784,0.0
1790743036.9288461,1.83971,0.79915,0.0
1790743036.96698,1.83972,0.81399,0.0
1790743037.028842,1.83975,0.82759,0.0
1790743037.06362,1.83985,0.8396,0.0
1790743037.129726,1.83963,0.85029,0.0
1790743037.1668758,1.83938,0.86018,0.0
1790743037.229558,1.83975,0.8706,0.0
1790743037.286609,1.83977,0.88243,0.0
1790743037.330668,1.84066,0.89558,0.0
1790743037.3871338,1.84318,0.90983,0.0
1790743037.42893,1.84693,0.92434,0.0
1790743037.4865448,1.84995,0.93837,0.0
1790743037.546449,1.85113,0.95108,0.0
1790743037.606577,1.84942,0.96304,0.0
1790743037.663038,1.84195,0.98638,0.0
1790743037.703312,1.83973,0.99881,0.0
1790743037.765244,1.83998,1.01143,0.0
1790743037.804954,1.84141,1.02471,0.0
1790743037.8666291,1.84365,1.03804,0.0
1790743037.926361,1.84637,1.05118,0.0
1790743037.9666612,1.84914,1.06375,0.0
1790743038.027481,1.8506,1.07544,0.0
1790743038.065599,1.85049,1.08716,0.0
1790743038.126409,1.8503,1.09886,0.0
1790743038.165012,1.85055,1.10972,0.0
1790743038.226762,1.8507,1.11986,0.0
1790743038.285507,1.85095,1.12815,0.0
1790743038.326936,1.8507,1.1345,0.0
1790743038.385408,1.85042,1.13932,0.0
1790743038.446781,1.85017,1.14297,0.0
1790743038.486829,1.85006,1.14638,0.0
1790743038.546544,1.85006,1.14986,0.0
1790743038.58697,1.84951,1.15359,0.0
1790743038.645202,1.84927,1.15751,0.0
1790743038.70659,1.84922,1.16073,0.0
1790743038.747496,1.84906,1.16233,0.0
1790743038.8065689,1.84914,1.16342,0.0
1790743038.864358,1.84903,1.16327,0.0
1790743038.905674,1.84891,1.16293,0.0
1790743038.968438,1.8487,1.16273,0.0
1790743039.02757,1.84859,1.16249,0.0
1790743039.067731,1.84876,1.16235,0.0
1790743039.119215,1.84885,1.16221,0.0
1790743039.1865652,1.84884,1.16223,0.0
1790743039.228193,1.84845,1.16168,0.0
1790743039.2866712,1.84826,1.1612,0.0
1790743039.327486,1.84821,1.16128,0.0
1790743039.386537,1.84826,1.16139,0.0
1790743039.445442,1.84821,1.16158,0.0
1790743039.486581,1.84806,1.16163,0.0
1790743039.545622,1.84812,1.16157,0.0
1790743039.5866969,1.84807,1.16171,0.0
1790743039.645321,1.84825,1.1619,0.0
1790743039.706495,1.8483,1.16201,0.0
1790743039.749126,1.8483,1.16205,0.0
1790743039.804661,1.8483,1.16177,0.0
1790743039.869005,1.84844,1.16162,0.0
1790743039.9208949,1.84848,1.16167,0.0
1790743039.970989,1.84843,1.16166,0.0
1790743040.0244732,1.84836,1.16183,0.0
1790743040.066463,1.84823,1.16212,0.0
1790743040.124732,1.84819,1.16237,0.0
1790743040.179616,1.84832,1.16252,0.0
1790743040.224587,1.84847,1.16257,0.0
1790743040.28528,1.84861,1.16261,0.0
1790743040.326977,1.84852,1.16248,0.0
1790743040.390961,1.84872,1.16242,0.0
1790743040.425813,1.8489,1.16243,0.0
1790743040.480501,1.84909,1.16249,0.0
1790743040.545172,1.84927,1.16257,0.0
1790743040.58864,1.84927,1.16263,0.0
1790743040.646386,1.84918,1.16264,0.0
1790743040.690207,1.84906,1.1626,0.0
1790743040.748925,1.84894,1.16258,0.0
1790743040.787004,1.84882,1.16255,0.0
1790743040.8455548,1.84869,1.16255,0.0
1790743040.8796291,1.84856,1.16251,0.0
1790743040.945066,1.84844,1.16251,0.0
1790743041.007732,1.84833,1.16247,0.0
1790743041.045718,1.84822,1.16244,0.0
1790743041.1065128,1.8481,1.16244,0.0
1790743041.1467159,1.84774,1.16229,0.0
1790743041.2067058,1.84774,1.16229,0.0
1790743041.266624,1.84764,1.16221,0.0
1790743041.306633,1.84754,1.1622,0.0
1790743041.366824,1.84733,1.1622,0.0
1790743041.426385,1.84706,1.16198,0.0
1790743041.462261,1.84692,1.16189,0.0
1790743041.52784,1.84697,1.16181,0.0
1790743041.566623,1.84711,1.16189,0.0
1790743041.624927,1.847,1.162,0.0
1790743041.6823559,1.84688,1.16185,0.0
1790743041.7252119,1.84687,1.16171,0.0
1790743041.7823648,1.84664,1.16165,0.0
1790743041.846606,1.84642,1.16174,0.0
1790743041.904632,1.84621,1.16166,0.0
1790743041.9468842,1.84619,1.16128,0.0
1790743042.006863,1.84651,1.16129,0.0
1790743042.0443342,1.84653,1.1613,0.0
1790743042.124798,1.8465,1.16165,0.0
1790743042.181143,1.8463,1.16183,0.0
1790743042.224969,1.84604,1.1618,0.0
1790743042.281307,1.84598,1.16137,0.0
1790743042.345153,1.8459,1.16124,0.0
1790743042.388217,1.84595,1.16126,0.0
1790743042.446618,1.846,1.16125,0.0
1790743042.507245,1.84586,1.16113,0.0
1790743042.5427258,1.84565,1.16102,0.0
1790743042.6054442,1.84553,1.16093,0.0
1790743042.64498,1.84566,1.16125,0.0
1790743042.706789,1.8456,1.16123,0.0
1790743042.768343,1.84563,1.16106,0.0
1790743042.807244,1.84577,1.16103,0.0
1790743042.866515,1.84584,1.16096,0.0
1790743042.926353,1.84577,1.16074,0.0
1790743042.96535,1.84559,1.16075,0.0
1790743043.0330932,1.84562,1.16053,0.0
1790743043.065073,1.84563,1.16079,0.0
1790743043.1303859,1.84542,1.16062,0.0
1790743043.165112,1.84116,1.16188,0.0
1790743043.23071,1.83998,1.16271,0.0
1790743043.284737,1.84232,1.16281,0.0
1790743043.330046,1.84394,1.16281,0.0
1790743043.3852391,1.84413,1.16279,0.0
1790743043.428736,1.84328,1.16246,0.0
1790743043.4851992,1.84101,1.16344,0.0
1790743043.525147,1.83935,1.16401,0.0
1790743043.586028,1.83858,1.16507,0.0
1790743043.644727,1.83887,1.16571,0.0
1790743043.6850739,1.8403,1.16554,0.0
1790743043.7430458,1.84187,1.16524,0.0
1790743043.785271,1.84311,1.16469,0.0
1790743043.8463218,1.84397,1.16421,0.0
1790743043.904881,1.84418,1.16356,0.0
1790743043.943585,1.8443,1.16346,0.0
1790743044.004879,1.84452,1.16339,0.0
1790743044.0431712,1.84523,1.16351,0.0
1790743044.104634,1.84523,1.16351,0.0
1790743044.164799,1.84639,1.16334,0.0
1790743044.20619,1.84707,1.16316,0.0
1790743044.2646751,1.84771,1.16277,0.0
1790743044.32495,1.84792,1.16222,0.0
1790743044.383122,1.84837,1.16151,0.0
1790743044.446486,1.84843,1.16077,0.0
1790743044.480648,1.84854,1.16014,0.0
1790743044.5449028,1.84859,1.15959,0.0
1790743044.585259,1.84824,1.15848,0.0
1790743044.6463602,1.84738,1.15639,0.0
1790743044.7001941,1.84742,1.15641,0.0
1790743044.747678,1.84767,1.15629,0.0
1790743044.8052878,1.84657,1.15418,0.0
1790743044.861258,1.84651,1.15345,0.0
1790743044.905328,1.84581,1.15338,0.0
1790743044.96313,1.84556,1.15399,0.0
1790743045.002037,1.84579,1.15426,0.0
1790743045.064959,1.84665,1.15592,0.0
1790743045.105571,1.84753,1.15711,0.0
1790743045.165113,1.84801,1.15738,0.0
1790743045.204968,1.84822,1.1575,0.0
1790743045.264937,1.8484,1.15784,0.0
1790743045.3249369,1.84825,1.15752,0.0
1790743045.364288,1.84811,1.15742,0.0
1790743045.426692,1.84815,1.15714,0.0
1790743045.484549,1.84804,1.15668,0.0
1790743045.527074,1.84787,1.1565,0.0
1790743045.584496,1.84778,1.15643,0.0
1790743045.627093,1.8478,1.15636,0.0
1790743045.684437,1.84779,1.15644,0.0
1790743045.7502909,1.84782,1.15641,0.0
1790743045.8046982,1.84785,1.15642,0.0
1790743045.8474848,1.84783,1.15618,0.0
1790743045.904756,1.84779,1.15596,0.0
1790743045.9461591,1.8472,1.15601,0.0
1790743046.0044632,1.8472,1.15601,0.0
1790743046.062708,1.84701,1.15589,0.0
1790743046.105061,1.84675,1.15597,0.0
1790743046.160177,1.84663,1.15584,0.0
1790743046.20658,1.84657,1.15586,0.0
1790743046.26888,1.84617,1.15618,0.0
1790743046.3279529,1.84592,1.15626,0.0
1790743046.3855639,1.84599,1.15632,0.0
1790743046.430252,1.8463,1.15637,0.0
1790743046.4828281,1.84619,1.15644,0.0
1790743046.524123,1.84613,1.15656,0.0
1790743046.585163,1.84604,1.15643,0.0
1790743046.64681,1.846,1.15646,0.0
1790743046.704865,1.84602,1.15653,0.0
1790743046.762283,1.84607,1.15663,0.0
1790743046.806696,1.84578,1.15663,0.0
1790743046.864195,1.84565,1.15697,0.0
1790743046.905778,1.84567,1.15723,0.0
1790743046.963553,1.84555,1.15751,0.0
1790743047.005385,1.84525,1.15757,0.0
1790743047.067264,1.8455,1.15728,0.0
1790743047.121973,1.84565,1.15703,0.0
1790743047.1654441,1.84582,1.15693,0.0
1790743047.2262049,1.84593,1.15711,0.0
1790743047.284777,1.84601,1.15743,0.0
1790743047.3445811,1.84623,1.15729,0.0
1790743047.384299,1.84613,1.15732,0.0
1790743047.444799,1.84576,1.15744,0.0
1790743047.4848142,1.84561,1.15755,0.0
1790743047.545342,1.8456,1.15761,0.0
1790743047.6046238,1.84564,1.15772,0.0
1790743047.646212,1.84584,1.15792,0.0
1790743047.704486,1.84573,1.15801,0.0
1790743047.7482371,1.8456,1.15812,0.0
1790743047.805274,1.8459,1.15819,0.0
1790743047.864691,1.84608,1.15801,0.0
1790743047.90479,1.84622,1.15808,0.0
1790743047.964869,1.84603,1.15809,0.0
1790743048.022227,1.8459,1.15802,0.0
1790743048.0664241,1.84566,1.15806,0.0
1790743048.1232991,1.8458,1.15834,0.0
1790743048.165251,1.84918,1.15933,0.0
1790743048.226178,1.85984,1.16071,0.0
1790743048.282613,1.87573,1.162,0.0
1790743048.322932,1.89442,1.16255,0.0
1790743048.388454,1.91345,1.16273,0.0
1790743048.448169,1.93076,1.16472,0.0
1790743048.488559,1.94523,1.16777,0.0
1790743048.5452712,1.95671,1.17063,0.0
1790743048.581121,1.9661,1.17224,0.0
1790743048.644446,1.97502,1.17419,0.0
1790743048.6820621,1.9846,1.17604,0.0
1790743048.7530408,1.99592,1.17831,0.0
1790743048.808735,2.00902,1.18066,0.0
1790743048.864992,2.03802,1.18521,0.0
1790743048.924949,2.05167,1.18811,0.0
1790743048.965002,2.06423,1.19153,0.0
1790743049.024893,2.07569,1.19595,0.0
1790743049.065161,2.08672,1.20049,0.0
1790743049.125437,2.09778,1.20467,0.0
1790743049.1649768,2.10955,1.20869,0.0
1790743049.224648,2.12212,1.21098,0.0
1790743049.284846,2.1349,1.21022,0.0
1790743049.346678,2.14828,1.20911,0.0
1790743049.4070241,2.17448,1.20762,0.0
1790743049.46456,2.18685,1.20758,0.0
1790743049.506803,2.19904,1.20729,0.0
1790743049.5651178,2.21085,1.20702,0.0
1790743049.624631,2.22282,1.20669,0.0
1790743049.682616,2.23472,1.2068,0.0
1790743049.725018,2.24736,1.20658,0.0
1790743049.786657,2.2602,1.20648,0.0
1790743049.8442361,2.27343,1.20549,0.0
1790743049.906456,2.28639,1.20447,0.0
1790743049.9645078,2.31178,1.20443,0.0
1790743050.008469,2.32404,1.20488,0.0
1790743050.0644858,2.33605,1.20581,0.0
1790743050.111213,2.34788,1.20817,0.0
1790743050.1652212,2.35988,1.21139,0.0
1790743050.224525,2.37213,1.21499,0.0
1790743050.286727,2.38503,1.2181,0.0
1790743050.3248699,2.39792,1.21945,0.0
1790743050.386245,2.41108,1.21894,0.0
1790743050.4248478,2.42398,1.21816,0.0
1790743050.488194,2.43547,1.21759,0.0
1790743050.5460129,2.44476,1.21755,0.0
1790743050.589758,2.45116,1.21745,0.0
1790743050.6459641,2.45397,1.21744,0.0
1790743050.701803,2.45413,1.2176,0.0
1790743050.747742,2.45515,1.21794,0.0
1790743050.8113432,2.45515,1.21794,0.0
1790743050.865258,2.45596,1.21801,0.0
1790743050.900835,2.45632,1.21809,0.0
1790743050.964709,2.45624,1.21913,0.0
1790743051.0055208,2.45592,1.22133,0.0
1790743051.084621,2.45547,1.22443,0.0
1790743051.144421,2.45501,1.22662,0.0
1790743051.19795,2.45468,1.22686,0.0
1790743051.2446442,2.45442,1.22665,0.0
1790743051.30656,2.4542,1.22659,0.0
1790743051.364527,2.45372,1.2267,0.0
1790743051.3981051,2.45365,1.2268,0.0
1790743051.464766,2.4538,1.22677,0.0
1790743051.5019782,2.45383,1.2267,0.0
1790743051.56478,2.45398,1.22667,0.0
1790743051.625259,2.454,1.22666,0.0
1790743051.666328,2.4541,1.22675,0.0
1790743051.7247841,2.4542,1.22661,0.0
1790743051.78451,2.4542,1.22659,0.0
1790743051.840378,2.45407,1.2266,0.0
1790743051.8865669,2.45364,1.22687,0.0
1790743051.9445179,2.45339,1.22704,0.0
1790743051.986957,2.45354,1.22688,0.0
1790743052.044929,2.45374,1.22696,0.0
1790743052.1047611,2.45427,1.22703,0.0
1790743052.146282,2.4551,1.22693,0.0
1790743052.206859,2.45524,1.22683,0.0
1790743052.267036,2.45539,1.22664,0.0
1790743052.3244631,2.45542,1.22646,0.0
1790743052.364438,2.45548,1.22644,0.0
1790743052.423569,2.45547,1.22647,0.0
1790743052.48488,2.45553,1.22637,0.0
1790743052.5447328,2.45551,1.22618,0.0
1790743052.604138,2.45552,1.22615,0.0
1790743052.658189,2.45526,1.22649,0.0
1790743052.705693,2.45498,1.22661,0.0
1790743052.762719,2.45487,1.2267,0.0
1790743052.807067,2.45481,1.22668,0.0
1790743052.865014,2.45487,1.22678,0.0
1790743052.905706,2.45478,1.22645,0.0
1790743052.964679,2.45459,1.22658,0.0
1790743053.0245278,2.45459,1.22666,0.0
1790743053.0606961,2.45465,1.22668,0.0
1790743053.1248682,2.45484,1.22653,0.0
1790743053.163241,2.45512,1.22645,0.0
1790743053.225282,2.45526,1.22644,0.0
1790743053.284415,2.45542,1.2263,0.0
1790743053.346163,2.4555,1.2262,0.0
1790743053.404704,2.45561,1.22622,0.0
1790743053.4681978,2.456,1.22617,0.0
1790743053.506181,2.45623,1.22615,0.0
1790743053.566637,2.45645,1.22618,0.0
1790743053.6048992,2.45647,1.22632,0.0
1790743053.668053,2.45641,1.22631,0.0
1790743053.718459,2.45632,1.2263,0.0
1790743053.767519,2.45614,1.22623,0.0
1790743053.824171,2.45614,1.22584,0.0
1790743053.867425,2.4563,1.22557,0.0
1790743053.924879,2.45643,1.22524,0.0
1790743053.97957,2.45643,1.22526,0.0
1790743054.021316,2.45631,1.22518,0.0
1790743054.0848079,2.45653,1.22498,0.0
1790743054.146837,2.45666,1.22494,0.0
1790743054.185003,2.45652,1.22506,0.0
1790743054.24827,2.45641,1.22497,0.0
1790743054.286122,2.45648,1.225,0.0
1790743054.3459399,2.45655,1.22515,0.0
1790743054.404344,2.45663,1.22497,0.0
1790743054.4465432,2.45711,1.22508,0.0
1790743054.505066,2.45711,1.22508,0.0
1790743054.563046,2.4571,1.22539,0.0
1790743054.606442,2.45701,1.22532,0.0
1790743054.6659331,2.457,1.22545,0.0
1790743054.724458,2.45689,1.22573,0.0
1790743054.782871,2.45682,1.22582,0.0
1790743054.82625,2.45687,1.22585,0.0
1790743054.887229,2.45687,1.22569,0.0
1790743054.944458,2.45684,1.22548,0.0
1790743054.983617,2.45724,1.22541,0.0
1790743055.0476632,2.45709,1.22505,0.0
1790743055.104415,2.45686,1.22495,0.0
1790743055.1466072,2.45657,1.22498,0.0
1790743055.2048068,2.45653,1.22487,0.0
1790743055.266249,2.45673,1.22498,0.0
1790743055.318679,2.45684,1.22494,0.0
1790743055.366824,2.4566,1.22496,0.0
1790743055.424937,2.45649,1.22492,0.0
1790743055.4656188,2.45652,1.22489,0.0
1790743055.522251,2.4568,1.22481,0.0
1790743055.604713,2.45693,1.22481,0.0
1790743055.645272,2.45687,1.22492,0.0
1790743055.704577,2.45676,1.22525,0.0
1790743055.74786,2.4566,1.22547,0.0
1790743055.80513,2.45643,1.22566,0.0
1790743055.8649359,2.45683,1.22559,0.0
1790743055.904791,2.45684,1.22559,0.0
1790743055.9650471,2.45654,1.22568,0.0
1790743056.0061948,2.4568,1.22544,0.0
1790743056.066591,2.45686,1.22532,0.0
1790743056.106038,2.457,1.22518,0.0
1790743056.164375,2.4572,1.22508,0.0
1790743056.224601,2.45728,1.22491,0.0
1790743056.286405,2.45733,1.22506,0.0
1790743056.344536,2.45728,1.22517,0.0
1790743056.3851001,2.45696,1.22528,0.0
1790743056.445036,2.45687,1.22524,0.0
1790743056.504354,2.45719,1.22562,0.0
1790743056.544395,2.45732,1.22587,0.0
1790743056.605644,2.45739,1.22622,0.0
1790743056.664736,2.45717,1.22646,0.0
1790743056.704761,2.45717,1.22646,0.0
1790743056.76513,2.45745,1.22685,0.0
1790743056.824394,2.45743,1.227,0.0
1790743056.865335,2.45722,1.22714,0.0
1790743056.924452,2.45706,1.22737,0.0
1790743056.967448,2.45702,1.22752,0.0
1790743057.024388,2.4569,1.22764,0.0
1790743057.080513,2.45679,1.22778,0.0
1790743057.1246521,2.45709,1.22802,0.0
1790743057.180193,2.4616,1.22786,0.0
1790743057.225276,2.47371,1.22708,0.0
1790743057.2852778,2.49086,1.22701,0.0
1790743057.340182,2.50946,1.22653,0.0
1790743057.383497,2.52788,1.22653,0.0
1790743057.443095,2.54472,1.22672,0.0
1790743057.4847429,2.55868,1.22701,0.0
1790743057.536293,2.56916,1.22809,0.0
1790743057.586085,2.57842,1.22882,0.0
1790743057.644649,2.58748,1.22863,0.0
1790743057.6849122,2.59755,1.22834,0.0
1790743057.747175,2.60934,1.22735,0.0
1790743057.806543,2.62281,1.22766,0.0
1790743057.86544,2.65155,1.23191,0.0
1790743057.906049,2.65155,1.23191,0.0
1790743057.964382,2.6782,1.24122,0.0
1790743058.012157,2.68977,1.24569,0.0
1790743058.064364,2.70113,1.25054,0.0
1790743058.1048021,2.7125,1.25376,0.0
1790743058.164321,2.72422,1.25323,0.0
1790743058.219973,2.73679,1.25095,0.0
1790743058.2850912,2.7497,1.24881,0.0
1790743058.3272378,2.76212,1.24746,0.0
1790743058.385243,2.77515,1.24771,0.0
1790743058.426859,2.78791,1.24912,0.0
1790743058.485425,2.80046,1.25111,0.0
1790743058.540135,2.81289,1.25474,0.0
1790743058.5857651,2.82526,1.25845,0.0
1790743058.646218,2.83742,1.26089,0.0
1790743058.70858,2.8496,1.2626,0.0
1790743058.765829,2.87508,1.26178,0.0
1790743058.827669,2.88773,1.26128,0.0
1790743058.865952,2.90078,1.26097,0.0
1790743058.927636,2.91323,1.26142,0.0
1790743058.985573,2.92535,1.26233,0.0
1790743059.0297852,2.93618,1.26406,0.0
1790743059.085592,2.94591,1.26699,0.0
1790743059.129785,2.95526,1.27106,0.0
1790743059.1857631,2.96337,1.27452,0.0
1790743059.250807,2.97007,1.27663,0.0
1790743059.2850041,2.9751,1.27676,0.0
1790743059.345396,2.97931,1.2759,0.0
1790743059.3870668,2.9838,1.27589,0.0
1790743059.4457128,2.98786,1.27606,0.0
1790743059.4889119,2.99035,1.27596,0.0
1790743059.547277,2.99063,1.27573,0.0
1790743059.608163,2.99056,1.27558,0.0
1790743059.662632,2.99023,1.27554,0.0
1790743059.7090309,2.98978,1.27545,0.0
1790743059.785911,2.98946,1.27542,0.0
1790743059.845383,2.98903,1.27543,0.0
1790743059.8874931,2.98877,1.27535,0.0
1790743059.945893,2.98855,1.27532,0.0
1790743060.005383,2.98818,1.27542,0.0
1790743060.0857852,2.98841,1.27578,0.0
1790743060.1456761,2.98827,1.27598,0.0
1790743060.2029812,2.98814,1.27593,0.0
1790743060.2455838,2.98785,1.27577,0.0
1790743060.3087099,2.98767,1.27563,0.0
1790743060.364845,2.98747,1.27547,0.0
1790743060.4068632,2.98742,1.27538,0.0
1790743060.467233,2.98738,1.27536,0.0
1790743060.527874,2.98738,1.27536,0.0
1790743060.565661,2.9875,1.27534,0.0
1790743060.626911,2.98762,1.27529,0.0
1790743060.665822,2.98778,1.27526,0.0
1790743060.726182,2.988,1.27518,0.0
1790743060.786027,2.98794,1.27517,0.0
1790743060.827373,2.98785,1.27507,0.0
1790743060.887707,2.98766,1.27512,0.0
1790743060.927503,2.98761,1.27505,0.0
1790743060.987434,2.98754,1.275,0.0
1790743061.044889,2.98729,1.27498,0.0
1790743061.0855181,2.98715,1.27507,0.0
1790743061.145888,2.98699,1.27514,0.0
1790743061.186931,2.98678,1.27515,0.0
1790743061.2493901,2.98675,1.27519,0.0
1790743061.305526,2.98675,1.27508,0.0
1790743061.346974,2.98656,1.27535,0.0
1790743061.405998,2.98649,1.27552,0.0
1790743061.465409,2.98657,1.27557,0.0
1790743061.505949,2.98661,1.27552,0.0
1790743061.5629911,2.98667,1.27541,0.0
1790743061.625581,2.98665,1.27555,0.0
1790743061.688166,2.98659,1.2756,0.0
1790743061.7254038,2.98649,1.27562,0.0
1790743061.789654,2.98638,1.2756,0.0
1790743061.845427,2.98638,1.27558,0.0
1790743061.907203,2.9864,1.27557,0.0
1790743061.945645,2.98636,1.27555,0.0
1790743062.006069,2.98633,1.27549,0.0
1790743062.046062,2.9863,1.27525,0.0
1790743062.105844,2.98628,1.27503,0.0
1790743062.147104,2.98616,1.27575,0.0
1790743062.205732,2.98607,1.27985,0.0
1790743062.266895,2.98592,1.28844,0.0
1790743062.321802,2.98607,1.29979,0.0
1790743062.366018,2.98541,1.31154,0.0
1790743062.4227781,2.98519,1.32194,0.0
1790743062.4675908,2.9853,1.33079,0.0
1790743062.525375,2.98535,1.33743,0.0
1790743062.5661309,2.98625,1.34291,0.0
1790743062.629766,2.98697,1.3477,0.0
1790743062.689568,2.98705,1.35145,0.0
1790743062.726618,2.98672,1.35194,0.0
1790743062.786997,2.98635,1.35095,0.0
1790743062.845396,2.98622,1.35077,0.0
1790743062.883544,2.98619,1.35047,0.0
1790743062.945427,2.98643,1.35035,0.0
1790743062.9897978,2.98664,1.35023,0.0
1790743063.045565,2.9868,1.35016,0.0
1790743063.105394,2.98677,1.35029,0.0
1790743063.145576,2.98682,1.35029,0.0
1790743063.205627,2.98666,1.34972,0.0
1790743063.2668328,2.98647,1.3498,0.0
1790743063.305442,2.98634,1.34972,0.0
1790743063.3689458,2.98642,1.34977,0.0
1790743063.40583,2.98652,1.34975,0.0
1790743063.466089,2.98652,1.34964,0.0
1790743063.5252118,2.98659,1.34968,0.0
1790743063.564775,2.98654,1.34952,0.0
1790743063.6252291,2.98633,1.34935,0.0
1790743063.666959,2.98625,1.3494,0.0
1790743063.725413,2.98614,1.34931,0.0
1790743063.787661,2.98637,1.34923,0.0
1790743063.825608,2.98649,1.34905,0.0
1790743063.8866382,2.98643,1.34903,0.0
1790743063.9429781,2.98614,1.34899,0.0
1790743063.988645,2.98595,1.34909,0.0
1790743064.0455701,2.98604,1.34927,0.0
1790743064.104985,2.9862,1.34932,0.0
1790743064.145922,2.98625,1.34926,0.0
1790743064.205738,2.98647,1.34912,0.0
1790743064.265279,2.98664,1.34915,0.0
1790743064.30723,2.98664,1.34908,0.0
1790743064.3662,2.98633,1.34895,0.0
1790743064.425328,2.9863,1.34882,0.0
1790743064.467246,2.9864,1.34873,0.0
1790743064.5274382,2.98665,1.34872,0.0
1790743064.586688,2.98678,1.34875,0.0
1790743064.6257331,2.98694,1.34865,0.0
1790743064.687285,2.98576,1.34867,0.0
1790743064.7269702,2.98066,1.34895,0.0
1790743064.787528,2.97107,1.34908,0.0
1790743064.847105,2.95867,1.34924,0.0
1790743064.905631,2.94523,1.34928,0.0
1790743064.940841,2.93382,1.34953,0.0
1790743065.005665,2.925,1.34935,0.0
1790743065.043982,2.916,1.34905,0.0
1790743065.1052978,2.916,1.34905,0.0
1790743065.146546,2.91338,1.34918,0.0
1790743065.206941,2.91268,1.34935,0.0
1790743065.265698,2.91255,1.34861,0.0
1790743065.327807,2.91149,1.34495,0.0
1790743065.385418,2.9116,1.34494,0.0
1790743065.428458,2.9118,1.34535,0.0
1790743065.4855082,2.91237,1.34497,0.0
1790743065.5282729,2.91315,1.3453,0.0
1790743065.5870578,2.9141,1.34481,0.0
1790743065.645288,2.91478,1.34527,0.0
1790743065.686954,2.91476,1.34534,0.0
1790743065.742707,2.91444,1.34571,0.0
1790743065.786977,2.91405,1.34621,0.0
1790743065.8457222,2.91419,1.3468,0.0
1790743065.902611,2.91448,1.34735,0.0
1790743065.94549,2.91559,1.34767,0.0
1790743066.005794,2.91559,1.34767,0.0
1790743066.06537,2.91722,1.34828,0.0
1790743066.105751,2.91732,1.3484,0.0
1790743066.165249,2.91704,1.34834,0.0
1790743066.205719,2.9164,1.34839,0.0
1790743066.266599,2.91603,1.34843,0.0
1790743066.306936,2.91593,1.349,0.0
1790743066.365291,2.91608,1.34936,0.0
1790743066.4002151,2.91624,1.35005,0.0
1790743066.466711,2.91655,1.35055,0.0
1790743066.506527,2.91656,1.35132,0.0
1790743066.566834,2.91697,1.35148,0.0
1790743066.626904,2.91662,1.3518,0.0
1790743066.66684,2.91608,1.35152,0.0
1790743066.7273312,2.91409,1.352,0.0
1790743066.78803,2.91233,1.35222,0.0
1790743066.848898,2.91076,1.35254,0.0
1790743066.8875809,2.91022,1.35264,0.0
1790743066.947186,2.90998,1.35214,0.0
1790743066.988547,2.90877,1.35136,0.0
1790743067.046902,2.90698,1.3512,0.0
1790743067.08548,2.90687,1.35131,0.0
1790743067.1468658,2.90649,1.35171,0.0
1790743067.185664,2.90724,1.35189,0.0
1790743067.249342,2.90795,1.35207,0.0
1790743067.302559,2.90911,1.35182,0.0
1790743067.34947,2.90954,1.35149,0.0
1790743067.402404,2.90971,1.35138,0.0
1790743067.45052,2.90988,1.35092,0.0
1790743067.507605,2.90974,1.35041,0.0
1790743067.56236,2.90979,1.34969,0.0
1790743067.606842,2.90993,1.34924,0.0
1790743067.663399,2.90999,1.34906,0.0
1790743067.7043,2.90991,1.3488,0.0
1790743067.767852,2.91001,1.34872,0.0
1790743067.805397,2.91004,1.34881,0.0
1790743067.865772,2.91002,1.34869,0.0
1790743067.906443,2.90985,1.34848,0.0
1790743067.965585,2.90983,1.34848,0.0
1790743068.0059252,2.90975,1.34875,0.0
1790743068.06565,2.90975,1.3489,0.0
1790743068.1263528,2.90975,1.34869,0.0
1790743068.1667972,2.90969,1.34866,0.0
1790743068.221301,2.90964,1.34896,0.0
1790743068.261313,2.90968,1.34891,0.0
1790743068.326446,2.90984,1.34852,0.0
1790743068.365837,2.90984,1.34823,0.0
1790743068.426902,2.9099,1.34804,0.0
1790743068.466347,2.9099,1.34782,0.0
1790743068.5257258,2.90978,1.34778,0.0
1790743068.585438,2.90965,1.3478,0.0
1790743068.6282508,2.90976,1.34794,0.0
1790743068.685518,2.9099,1.34794,0.0
1790743068.7253592,2.90978,1.34773,0.0
1790743068.786002,2.90979,1.34767,0.0
1790743068.845162,2.90994,1.34775,0.0
1790743068.885726,2.91009,1.34785,0.0
1790743068.945476,2.91005,1.34785,0.0
1790743069.006222,2.91014,1.3478,0.0
1790743069.046222,2.9104,1.34785,0.0
1790743069.105663,2.91045,1.34791,0.0
1790743069.165604,2.91036,1.34765,0.0
1790743069.205744,2.91037,1.34749,0.0
1790743069.285472,2.91063,1.34727,0.0
1790743069.345312,2.91081,1.34727,0.0
1790743069.385138,2.91087,1.34719,0.0
1790743069.445388,2.91092,1.34725,0.0
1790743069.488758,2.91076,1.34704,0.0
1790743069.5453691,2.9107,1.34696,0.0
1790743069.588995,2.91053,1.34724,0.0
1790743069.647176,2.91048,1.34741,0.0
1790743069.68584,2.91045,1.34747,0.0
1790743069.745787,2.91042,1.34777,0.0
1790743069.786462,2.91055,1.34767,0.0
1790743069.847156,2.91063,1.34774,0.0
1790743069.90528,2.9106,1.34782,0.0
1790743069.947181,2.9105,1.34792,0.0
1790743070.005748,2.91043,1.34793,0.0
1790743070.046172,2.9104,1.34792,0.0
1790743070.105567,2.9104,1.34792,0.0
1790743070.145897,2.91043,1.34803,0.0
1790743070.206382,2.91059,1.34805,0.0
1790743070.2654269,2.91555,1.36173,0.0
1790743070.305682,2.91678,1.37787,0.0
1790743070.36542,2.91736,1.3961,0.0
1790743070.4227352,2.9192,1.41493,0.0
1790743070.4656231,2.92218,1.43228,0.0
1790743070.5247612,2.92598,1.44659,0.0
1790743070.566995,2.9282,1.45816,0.0
1790743070.626813,2.92865,1.46763,0.0
1790743070.6669922,2.9285,1.47622,0.0
1790743070.7268858,2.92962,1.48559,0.0
1790743070.785428,2.93197,1.49681,0.0
1790743070.82647,2.93345,1.5099,0.0
1790743070.881193,2.93468,1.52411,0.0
1790743070.9252899,2.93679,1.539,0.0
1790743070.987148,2.94005,1.55343,0.0
1790743071.043085,2.94581,1.56613,0.0
1790743071.086113,2.95322,1.5781,0.0
1790743071.142803,2.961,1.58941,0.0
1790743071.182969,2.96653,1.60036,0.0
1790743071.25075,2.96729,1.61182,0.0
1790743071.3253179,2.96192,1.63645,0.0
1790743071.367098,2.95987,1.6494,0.0
1790743071.425868,2.95915,1.66247,0.0
1790743071.486757,2.95924,1.67585,0.0
1790743071.525696,2.95944,1.68894,0.0
1790743071.587032,2.9603,1.70179,0.0
1790743071.626934,2.96196,1.71443,0.0
1790743071.686513,2.9635,1.72633,0.0
1790743071.72688,2.96443,1.73838,0.0
1790743071.807675,2.96442,1.75039,0.0
1790743071.845657,2.96431,1.76236,0.0
1790743071.908622,2.96417,1.78743,0.0
1790743071.9627478,2.96406,1.80061,0.0
1790743072.024868,2.9638,1.81303,0.0
1790743072.0656729,2.96354,1.82433,0.0
1790743072.126644,2.96348,1.83422,0.0
1790743072.167007,2.96331,1.84265,0.0
1790743072.226633,2.96293,1.8497,0.0
1790743072.2881222,2.96283,1.85531,0.0
1790743072.326941,2.96308,1.86,0.0
1790743072.3893929,2.96311,1.86435,0.0
1790743072.4474409,2.96306,1.86872,0.0
1790743072.4876668,2.96333,1.8732,0.0
1790743072.548516,2.9636,1.87743,0.0
1790743072.6054258,2.96368,1.88106,0.0
1790743072.645702,2.96372,1.88589,0.0
1790743072.7057579,2.96372,1.88589,0.0
1790743072.7653272,2.96341,1.88644,0.0
1790743072.806226,2.96332,1.88583,0.0
1790743072.865223,2.96317,1.88509,0.0
1790743072.907495,2.96307,1.88449,0.0
1790743072.965396,2.9627,1.88396,0.0
1790743073.023968,2.96219,1.88371,0.0
1790743073.065961,2.96255,1.88358,0.0
1790743073.125181,2.96252,1.88331,0.0
1790743073.166027,2.96253,1.88281,0.0
1790743073.225912,2.96234,1.8823,0.0
1790743073.2667809,2.96229,1.88199,0.0
1790743073.32635,2.96216,1.88171,0.0
1790743073.386928,2.962,1.88142,0.0
1790743073.427104,2.96183,1.88131,0.0
1790743073.486867,2.96157,1.88126,0.0
1790743073.543673,2.9616,1.88163,0.0
1790743073.605302,2.96144,1.88184,0.0
1790743073.644258,2.96104,1.88193,0.0
1790743073.706727,2.9608,1.88199,0.0
1790743073.765892,2.96084,1.88184,0.0
1790743073.825324,2.96103,1.88173,0.0
1790743073.8670158,2.96102,1.88155,0.0
1790743073.925246,2.96108,1.8815,0.0
1790743073.985111,2.9612,1.88159,0.0
1790743074.025656,2.96153,1.88169,0.0
1790743074.083303,2.9618,1.88183,0.0
1790743074.125781,2.96194,1.88211,0.0
1790743074.189793,2.96174,1.88215,0.0
1790743074.225711,2.96197,1.8821,0.0
1790743074.305673,2.96221,1.88209,0.0
1790743074.3453188,2.96246,1.88204,0.0
1790743074.409663,2.96246,1.88196,0.0
1790743074.4654899,2.9626,1.88205,0.0
1790743074.525281,2.96262,1.88209,0.0
1790743074.5666828,2.96254,1.88229,0.0
1790743074.626016,2.96271,1.88252,0.0
1790743074.685879,2.9628,1.88254,0.0
1790743074.725733,2.96288,1.8825,0.0
1790743074.785595,2.96298,1.88241,0.0
1790743074.826879,2.96304,1.88233,0.0
1790743074.8854542,2.9631,1.88224,0.0
1790743074.94716,2.96315,1.8822,0.0
1790743075.003808,2.96321,1.88212,0.0
1790743075.045876,2.9633,1.88205,0.0
1790743075.106903,2.96336,1.88199,0.0
1790743075.162529,2.96341,1.88196,0.0
1790743075.205655,2.96345,1.88189,0.0
1790743075.265415,2.9635,1.88186,0.0
1790743075.306409,2.96356,1.88181,0.0
1790743075.367541,2.96362,1.88178,0.0
1790743075.425241,2.96364,1.88155,0.0
1790743075.4675741,2.96344,1.88133,0.0
1790743075.525225,2.96327,1.88119,0.0
1790743075.5676339,2.96016,1.88181,0.0
1790743075.621697,2.95827,1.88274,0.0
1790743075.6853619,2.95849,1.88235,0.0
1790743075.7253609,2.9582,1.88233,0.0
1790743075.806378,2.9585,1.88293,0.0
1790743075.866858,2.95889,1.88355,0.0
1790743075.920141,2.95953,1.8836,0.0
1790743075.9664268,2.96001,1.88368,0.0
1790743076.022902,2.96041,1.88398,0.0
1790743076.067887,2.96043,1.88401,0.0
1790743076.125812,2.9607,1.8839,0.0
1790743076.1672919,2.96067,1.88361,0.0
1790743076.217896,2.96112,1.88362,0.0
1790743076.285064,2.96172,1.8837,0.0
1790743076.321293,2.9627,1.88356,0.0
1790743076.3852,2.96329,1.88314,0.0
1790743076.422859,2.96355,1.88321,0.0
1790743076.486776,2.96353,1.88301,0.0
1790743076.545111,2.96373,1.88263,0.0
1790743076.585717,2.96394,1.88289,0.0
1790743076.6454039,2.96418,1.88289,0.0
1790743076.705089,2.96434,1.88274,0.0
1790743076.7666528,2.96492,1.88241,0.0
1790743076.805669,2.96554,1.88226,0.0
1790743076.865794,2.96613,1.88239,0.0
1790743076.9252942,2.96641,1.88284,0.0
1790743076.967486,2.96658,1.88366,0.0
1790743077.0254312,2.96621,1.88354,0.0
1790743077.080541,2.96598,1.88342,0.0
1790743077.123244,2.96577,1.88268,0.0
1790743077.185652,2.9661,1.88189,0.0
1790743077.245041,2.96644,1.88118,0.0
1790743077.306477,2.96671,1.88072,0.0
1790743077.345736,2.96717,1.88062,0.0
1790743077.4051259,2.96717,1.88062,0.0
1790743077.445339,2.96698,1.88053,0.0
1790743077.505287,2.96686,1.88015,0.0
1790743077.565284,2.96656,1.87993,0.0
1790743077.6062531,2.96615,1.87942,0.0
1790743077.6671932,2.96557,1.87945,0.0
1790743077.706513,2.96576,1.8794,0.0
1790743077.767551,2.96554,1.87949,0.0
1790743077.823283,2.96522,1.87929,0.0
1790743077.865803,2.96558,1.87969,0.0
1790743077.9254882,2.96559,1.87993,0.0
1790743077.966411,2.9652,1.8803,0.0
1790743078.044766,2.96479,1.88046,0.0
1790743078.085994,2.96426,1.87995,0.0
1790743078.145802,2.96317,1.87983,0.0
1790743078.1868968,2.96188,1.87958,0.0
1790743078.246774,2.96058,1.88023,0.0
1790743078.306504,2.95898,1.88155,0.0
1790743078.345655,2.9591,1.88205,0.0
1790743078.405189,2.95997,1.88224,0.0
1790743078.4468071,2.95986,1.88155,0.0
1790743078.5052118,2.95986,1.88155,0.0
1790743078.546725,2.95893,1.88086,0.0
1790743078.605108,2.95861,1.88101,0.0
1790743078.665376,2.95815,1.88155,0.0
1790743078.705591,2.9576,1.88213,0.0
1790743078.765253,2.95776,1.88233,0.0
1790743078.805814,2.95788,1.88205,0.0
1790743078.8657641,2.95796,1.8818,0.0
1790743078.925545,2.95775,1.8816,0.0
1790743078.966109,2.95742,1.88131,0.0
1790743079.025449,2.9576,1.88119,0.0
1790743079.08063,2.95736,1.88114,0.0
1790743079.1254668,2.95718,1.88111,0.0
1790743079.184015,2.95677,1.88141,0.0
1790743079.22579,2.95624,1.8818,0.0
1790743079.285629,2.9559,1.88246,0.0
1790743079.325513,2.95578,1.88286,0.0
1790743079.382365,2.95546,1.88312,0.0
1790743079.447333,2.95459,1.88283,0.0
1790743079.486491,2.95456,1.88236,0.0
1790743079.545612,2.95462,1.88212,0.0
1790743079.586329,2.95467,1.88192,0.0
1790743079.642792,2.95456,1.8819,0.0
1790743079.706186,2.95461,1.88204,0.0
1790743079.746372,2.9548,1.88179,0.0
1790743079.805759,2.9548,1.88179,0.0
1790743079.8652768,2.95486,1.88142,0.0
1790743079.909347,2.95486,1.88142,0.0
1790743079.965989,2.95511,1.88104,0.0
1790743080.006591,2.95531,1.88094,0.0
1790743080.0667799,2.95533,1.88074,0.0
1790743080.10626,2.95535,1.88042,0.0
1790743080.165107,2.95559,1.88031,0.0
1790743080.227764,2.95586,1.88037,0.0
1790743080.300299,2.95594,1.88042,0.0
1790743080.346853,2.95604,1.88035,0.0
1790743080.402409,2.95591,1.88035,0.0
1790743080.4443278,2.95606,1.88004,0.0
1790743080.5053608,2.95606,1.88004,0.0
1790743080.542583,2.95611,1.88,0.0
1790743080.605727,2.95611,1.88,0.0
1790743080.64552,2.95613,1.87984,0.0
1790743080.706265,2.95613,1.87984,0.0
1790743080.765346,2.95607,1.87974,0.0
1790743080.80706,2.95594,1.8797,0.0
1790743080.865846,2.95585,1.87979,0.0
1790743080.907493,2.95592,1.87968,0.0
1790743080.96805,2.95618,1.87954,0.0
1790743081.026578,2.95614,1.87949,0.0
1790743081.085082,2.95616,1.8794,0.0
1790743081.1254332,2.95574,1.87926,0.0
1790743081.185058,2.95563,1.87942,0.0
1790743081.225976,2.95566,1.87926,0.0
1790743081.2855449,2.95573,1.87908,0.0
1790743081.344844,2.9559,1.879,0.0
1790743081.404995,2.95578,1.87883,0.0
1790743081.446742,2.95575,1.87871,0.0
1790743081.485528,2.95589,1.87882,0.0
1790743081.545381,2.9559,1.87886,0.0
1790743081.605199,2.95572,1.87786,0.0
1790743081.64532,2.9518,1.85528,0.0
1790743081.706846,2.95255,1.83469,0.0
1790743081.766042,2.95297,1.81317,0.0
1790743081.825255,2.95293,1.79176,0.0
1790743081.865367,2.95249,1.77204,0.0
1790743081.925364,2.95188,1.75502,0.0
1790743081.984766,2.95133,1.74082,0.0
1790743082.025919,2.95161,1.72897,0.0
1790743082.085547,2.95209,1.718,0.0
1790743082.145938,2.95206,1.7059,0.0
1790743082.205135,2.95197,1.69215,0.0
1790743082.2650619,2.9522,1.66002,0.0
1790743082.325702,2.95232,1.64298,0.0
1790743082.368734,2.95222,1.62619,0.0
1790743082.425401,2.95241,1.61022,0.0
1790743082.4651031,2.95259,1.59576,0.0
1790743082.545032,2.95269,1.58195,0.0
1790743082.582782,2.95274,1.56845,0.0
1790743082.647535,2.95286,1.55428,0.0
1790743082.685444,2.95356,1.53958,0.0
1790743082.745599,2.95499,1.52422,0.0
1790743082.8066719,2.96231,1.4924,0.0
1790743082.8622699,2.96686,1.47671,0.0
1790743082.9072828,2.96965,1.46144,0.0
1790743082.96535,2.96826,1.4465,0.0
1790743083.023249,2.96513,1.43193,0.0
1790743083.066638,2.96222,1.41772,0.0
1790743083.1273139,2.9598,1.40497,0.0
1790743083.1653278,2.9569,1.39349,0.0
1790743083.226848,2.95315,1.38325,0.0
1790743083.285604,2.94966,1.37417,0.0
1790743083.328842,2.94906,1.36628,0.0
1790743083.385226,2.95139,1.35923,0.0
1790743083.42799,2.95453,1.35228,0.0
1790743083.485374,2.95763,1.34517,0.0
1790743083.545394,2.96074,1.33779,0.0
1790743083.5854862,2.96304,1.33092,0.0
1790743083.642889,2.96463,1.32501,0.0
1790743083.685486,2.96387,1.32012,0.0
1790743083.746717,2.96304,1.31732,0.0
1790743083.805142,2.96327,1.31587,0.0
1790743083.8454359,2.96344,1.31475,0.0
1790743083.906124,2.96326,1.31374,0.0
1790743083.945645,2.96317,1.31264,0.0
1790743084.005638,2.96323,1.31265,0.0
1790743084.068819,2.96375,1.31301,0.0
1790743084.123659,2.96555,1.31393,0.0
1790743084.1664472,2.96894,1.31487,0.0
1790743084.22227,2.97459,1.31541,0.0
1790743084.268246,2.98175,1.31536,0.0
1790743084.3288739,2.98852,1.31489,0.0
1790743084.369004,2.99389,1.31417,0.0
1790743084.426652,2.99728,1.31343,0.0
1790743084.480393,2.9989,1.31292,0.0
1790743084.5253289,2.99921,1.31299,0.0
1790743084.5828521,2.99853,1.31325,0.0
1790743084.622976,2.99819,1.31349,0.0
1790743084.6786802,2.99784,1.31364,0.0
1790743084.7289531,2.99768,1.31373,0.0
1790743084.805368,2.99773,1.31401,0.0
1790743084.845488,2.99766,1.3144,0.0
1790743084.9059,2.99748,1.3172,0.0
1790743084.946433,2.99697,1.32442,0.0
1790743085.005549,2.99712,1.33546,0.0
1790743085.046159,2.99702,1.34858,0.0
1790743085.105682,2.9972,1.36108,0.0
1790743085.145538,2.99693,1.37119,0.0
1790743085.205377,2.99691,1.37818,0.0
1790743085.26615,2.9969,1.38194,0.0
1790743085.305463,2.9971,1.38319,0.0
1790743085.365005,2.99707,1.3839,0.0
1790743085.4071832,2.99687,1.38437,0.0
1790743085.4652102,2.99841,1.38405,0.0
1790743085.526568,3.00066,1.38254,0.0
1790743085.587517,3.0005,1.38245,0.0
1790743085.645031,3.00077,1.38185,0.0
1790743085.685822,3.00096,1.38094,0.0
1790743085.748697,3.00063,1.38029,0.0
1790743085.805183,3.00001,1.37997,0.0
1790743085.842939,2.99929,1.38006,0.0
1790743085.905836,2.99878,1.38028,0.0
1790743085.965308,2.99818,1.38067,0.0
1790743086.005523,2.99767,1.38077,0.0
1790743086.0655942,2.9975,1.38077,0.0
1790743086.105421,2.997,1.38068,0.0
1790743086.165937,2.9969,1.38036,0.0
1790743086.228858,2.99648,1.38062,0.0
1790743086.268075,2.99647,1.38077,0.0
1790743086.329207,2.99603,1.38081,0.0
1790743086.3801138,2.99603,1.381,0.0
1790743086.429481,2.99613,1.38121,0.0
1790743086.485506,2.99625,1.38118,0.0
1790743086.5282838,2.99593,1.38118,0.0
1790743086.585571,2.99574,1.38133,0.0
1790743086.6396532,2.99549,1.38207,0.0
1790743086.6847749,2.99484,1.38243,0.0
1790743086.743758,2.99437,1.38284,0.0
1790743086.7883468,2.99428,1.38318,0.0
1790743086.84557,2.99496,1.38477,0.0
1790743086.906104,2.9954,1.38533,0.0
1790743086.944351,2.99561,1.38639,0.0
1790743087.029127,2.99507,1.38751,0.0
1790743087.085102,2.99554,1.38774,0.0
1790743087.140322,2.9968,1.3885,0.0
1790743087.185604,2.99761,1.38892,0.0
1790743087.245279,2.99797,1.3891,0.0
1790743087.29976,2.99825,1.38868,0.0
1790743087.340587,2.99787,1.38697,0.0
1790743087.4051242,2.99765,1.38599,0.0
1790743087.446475,2.99771,1.38486,0.0
1790743087.505316,2.99774,1.38489,0.0
1790743087.565114,2.99772,1.38466,0.0
1790743087.604214,2.99763,1.38443,0.0
1790743087.6668952,2.99755,1.38434,0.0
1790743087.725575,2.99755,1.38425,0.0
1790743087.788016,2.99747,1.3842,0.0
1790743087.825417,2.99745,1.38412,0.0
1790743087.887071,2.9975,1.38402,0.0
1790743087.940269,2.99752,1.3837,0.0
1790743087.985746,2.99733,1.3833,0.0
1790743088.0457542,2.99728,1.38326,0.0
1790743088.0873878,2.99755,1.38333,0.0
1790743088.14532,2.9976,1.38333,0.0
1790743088.202303,2.99752,1.38339,0.0
1790743088.25138,2.99744,1.38357,0.0
1790743088.3055239,2.99753,1.38398,0.0
1790743088.364937,2.99769,1.38397,0.0
1790743088.405422,2.99791,1.384,0.0
1790743088.464963,2.99784,1.38351,0.0
1790743088.501096,2.99445,1.38159,0.0
1790743088.5650291,2.98261,1.37564,0.0
1790743088.603235,2.96488,1.3699,0.0
1790743088.6653178,2.94516,1.36676,0.0
1790743088.706453,2.92422,1.3652,0.0
1790743088.76677,2.90367,1.36441,0.0
1790743088.8268642,2.88485,1.36382,0.0
1790743088.885515,2.86874,1.36288,0.0
1790743088.925897,2.85505,1.36274,0.0
1790743088.9871309,2.84295,1.36276,0.0
1790743089.045195,2.83092,1.36274,0.0
1790743089.085637,2.81819,1.36271,0.0
1790743089.147769,2.80369,1.36248,0.0
1790743089.186831,2.78778,1.36222,0.0
1790743089.265326,2.75437,1.36237,0.0
1790743089.3280032,2.73814,1.36236,0.0
1790743089.384949,2.72328,1.36232,0.0
1790743089.425625,2.70946,1.36226,0.0
1790743089.485307,2.6964,1.36237,0.0
1790743089.525305,2.68261,1.36213,0.0
1790743089.585247,2.66836,1.36183,0.0
1790743089.627053,2.65455,1.36038,0.0
1790743089.684936,2.64381,1.35689,0.0
1790743089.725746,2.63466,1.35302,0.0
1790743089.785616,2.62621,1.34921,0.0
1790743089.8476548,2.61853,1.34582,0.0
1790743089.8854132,2.61465,1.34505,0.0
1790743089.948332,2.61477,1.34557,0.0
1790743090.003312,2.61489,1.3461,0.0
1790743090.048046,2.61524,1.34577,0.0
1790743090.105355,2.61524,1.34577,0.0
1790743090.156886,2.61497,1.33582,0.0
1790743090.2070458,2.61571,1.32553,0.0
1790743090.2649531,2.61639,1.314,0.0
1790743090.3055182,2.61628,1.30293,0.0
1790743090.366604,2.61582,1.29575,0.0
1790743090.405542,2.61544,1.29372,0.0
1790743090.466553,2.61541,1.29487,0.0
1790743090.523229,2.61501,1.29594,0.0
1790743090.563194,2.61179,1.29436,0.0
1790743090.6253052,2.60041,1.28752,0.0
1790743090.684902,2.58367,1.27893,0.0
1790743090.726934,2.56478,1.27121,0.0
1790743090.785524,2.54553,1.26401,0.0
1790743090.846657,2.52692,1.25617,0.0
1790743090.905799,2.50939,1.24749,0.0
1790743090.946351,2.49348,1.24104,0.0
1790743091.0052302,2.46294,1.2372,0.0
1790743091.0485141,2.44856,1.24089,0.0
1790743091.1054301,2.43532,1.24623,0.0
1790743091.165211,2.42465,1.25,0.0
1790743091.205556,2.41845,1.24988,0.0
1790743091.26622,2.41614,1.24842,0.0
1790743091.326655,2.41576,1.24785,0.0
1790743091.387543,2.41536,1.24785,0.0
1790743091.423936,2.4152,1.24779,0.0
1790743091.486465,2.41524,1.24773,0.0
1790743091.546054,2.41538,1.24773,0.0
1790743091.587117,2.41554,1.24734,0.0
1790743091.6473129,2.41594,1.2427,0.0
1790743091.705463,2.41667,1.2378,0.0
1790743091.765014,2.41699,1.23149,0.0
1790743091.823359,2.41681,1.22478,0.0
1790743091.86698,2.41627,1.21878,0.0
1790743091.925201,2.41563,1.21455,0.0
1790743091.987638,2.41519,1.21263,0.0
1790743092.026193,2.41534,1.21258,0.0
1790743092.08754,2.41547,1.21306,0.0
1790743092.137357,2.41539,1.21275,0.0
1790743092.185098,2.41535,1.21282,0.0
1790743092.225188,2.41544,1.21261,0.0
1790743092.288424,2.41563,1.21247,0.0
1790743092.3453171,2.4156,1.21236,0.0
1790743092.40509,2.41558,1.21237,0.0
1790743092.446819,2.41564,1.21233,0.0
1790743092.505406,2.41543,1.21069,0.0
1790743092.545803,2.4138,1.20822,0.0
1790743092.6079,2.41378,1.2086,0.0
1790743092.665356,2.41361,1.20832,0.0
1790743092.70574,2.413,1.20826,0.0
1790743092.765353,2.41261,1.20817,0.0
1790743092.826176,2.41254,1.20876,0.0
1790743092.865522,2.41317,1.20954,0.0
1790743092.925511,2.41355,1.21031,0.0
1790743092.965276,2.41353,1.21087,0.0
1790743093.025167,2.41319,1.21139,0.0
1790743093.082208,2.41279,1.21211,0.0
1790743093.125942,2.41244,1.21274,0.0
1790743093.185371,2.41228,1.21314,0.0
1790743093.248937,2.41234,1.21304,0.0
1790743093.284139,2.41229,1.21286,0.0
1790743093.346026,2.41232,1.21298,0.0
1790743093.4078348,2.4126,1.21293,0.0
1790743093.445059,2.41282,1.21312,0.0
1790743093.507563,2.41342,1.21373,0.0
1790743093.546709,2.41386,1.21423,0.0
1790743093.607687,2.41363,1.21396,0.0
1790743093.64624,2.41347,1.2137,0.0
1790743093.706748,2.41316,1.21354,0.0
1790743093.7850618,2.41332,1.21354,0.0
1790743093.826415,2.41444,1.21349,0.0
1790743093.8871748,2.41556,1.21334,0.0
1790743093.9253929,2.4161,1.21315,0.0
1790743093.985952,2.41734,1.21294,0.0
1790743094.04241,2.41784,1.21211,0.0
1790743094.088604,2.41788,1.21112,0.0
1790743094.140202,2.41834,1.20964,0.0
1790743094.1881988,2.41946,1.20883,0.0
1790743094.2544708,2.42192,1.20776,0.0
1790743094.285413,2.42263,1.20807,0.0
1790743094.3465788,2.42294,1.20893,0.0
1790743094.4072409,2.42194,1.21013,0.0
1790743094.446211,2.4197,1.211,0.0
1790743094.507586,2.4191,1.21079,0.0
1790743094.565095,2.41902,1.21061,0.0
1790743094.605613,2.41884,1.21055,0.0
1790743094.665577,2.41894,1.21071,0.0
1790743094.726015,2.41869,1.21079,0.0
1790743094.7665951,2.41857,1.21089,0.0
1790743094.825278,2.41842,1.2112,0.0
1790743094.88563,2.41834,1.21133,0.0
1790743094.9482298,2.41805,1.21111,0.0
1790743094.9852989,2.41806,1.21093,0.0
1790743095.04568,2.41804,1.21069,0.0
1790743095.104259,2.41782,1.21081,0.0
1790743095.146954,2.4178,1.21102,0.0
1790743095.205174,2.41768,1.21117,0.0
1790743095.248371,2.41772,1.21108,0.0
1790743095.305265,2.41774,1.21124,0.0
1790743095.364885,2.41784,1.21131,0.0
1790743095.405494,2.41826,1.21104,0.0
1790743095.4650161,2.41851,1.21101,0.0
1790743095.5050912,2.41859,1.21117,0.0
1790743095.565634,2.41857,1.21144,0.0
1790743095.60686,2.41841,1.21138,0.0
1790743095.66544,2.41838,1.21127,0.0
1790743095.719594,2.41846,1.21127,0.0
1790743095.766444,2.4184,1.21154,0.0
1790743095.825176,2.41833,1.21169,0.0
1790743095.889097,2.41824,1.21176,0.0
1790743095.925535,2.41819,1.21188,0.0
1790743096.0051022,2.41793,1.21155,0.0
1790743096.047145,2.41784,1.21149,0.0
1790743096.105897,2.41764,1.21166,0.0
1790743096.151204,2.41743,1.21173,0.0
1790743096.205578,2.41732,1.21181,0.0
1790743096.266537,2.41721,1.21186,0.0
1790743096.305641,2.41699,1.21204,0.0
1790743096.360049,2.41681,1.2119,0.0
1790743096.4257002,2.41644,1.21164,0.0
1790743096.465399,2.41624,1.21164,0.0
1790743096.52528,2.41604,1.21178,0.0
1790743096.584925,2.41607,1.2119,0.0
1790743096.627721,2.41592,1.21199,0.0
1790743096.684899,2.41563,1.21206,0.0
1790743096.726397,2.41539,1.2121,0.0
1790743096.786845,2.41529,1.21201,0.0
1790743096.845439,2.41527,1.21195,0.0
1790743096.903541,2.41516,1.21207,0.0
1790743096.945108,2.41513,1.2121,0.0
1790743097.0069928,2.41512,1.21217,0.0
1790743097.059465,2.41511,1.21226,0.0
1790743097.107859,2.41504,1.21245,0.0
1790743097.1665459,2.41511,1.21272,0.0
1790743097.206893,2.41526,1.21278,0.0
1790743097.2649322,2.41532,1.2128,0.0
1790743097.325454,2.4154,1.21281,0.0
1790743097.385163,2.41554,1.21289,0.0
1790743097.425411,2.41569,1.21504,0.0
1790743097.485496,2.41564,1.22388,0.0
1790743097.525814,2.41466,1.24006,0.0
1790743097.584873,2.41353,1.25865,0.0
1790743097.6448698,2.41299,1.27771,0.0
1790743097.685544,2.41254,1.29542,0.0
1790743097.749351,2.4122,1.31005,0.0
1790743097.8053691,2.41217,1.33058,0.0
1790743097.8674262,2.41216,1.33904,0.0
1790743097.907124,2.4121,1.34825,0.0
1790743097.969845,2.41189,1.35897,0.0
1790743098.007437,2.41194,1.37201,0.0
1790743098.068474,2.41105,1.38653,0.0
1790743098.1194408,2.40963,1.40144,0.0
1790743098.167426,2.40892,1.41568,0.0
1790743098.250242,2.40809,1.42903,0.0
1790743098.2853088,2.40622,1.44093,0.0
1790743098.345068,2.40385,1.45172,0.0
1790743098.404812,2.39969,1.4624,0.0
1790743098.44684,2.39463,1.47358,0.0
1790743098.5046642,2.39178,1.48591,0.0
1790743098.5462642,2.39283,1.51312,0.0
1790743098.6064582,2.39283,1.51312,0.0
1790743098.647707,2.3942,1.52671,0.0
1790743098.705652,2.39033,1.54665,0.0
1790743098.762511,2.38722,1.5537,0.0
1790743098.805589,2.38386,1.5602,0.0
1790743098.867876,2.38021,1.56696,0.0
1790743098.906118,2.37553,1.57525,0.0
1790743098.9689999,2.3703,1.58422,0.0
1790743099.0209322,2.36473,1.59391,0.0
1790743099.07014,2.35811,1.6052,0.0
1790743099.124772,2.35055,1.61852,0.0
1790743099.1687748,2.34283,1.63313,0.0
1790743099.2250738,2.33478,1.64828,0.0
1790743099.285425,2.32644,1.66264,0.0
1790743099.3458428,2.3112,1.68805,0.0
1790743099.404823,2.30748,1.69947,0.0
1790743099.467005,2.30714,1.71093,0.0
1790743099.505362,2.3101,1.72253,0.0
1790743099.566696,2.3124,1.73454,0.0
1790743099.622166,2.31392,1.74723,0.0
1790743099.6679392,2.31419,1.7604,0.0
1790743099.720439,2.31389,1.7735,0.0
1790743099.769453,2.31386,1.7866,0.0
1790743099.826169,2.31394,1.79788,0.0
1790743099.882216,2.31474,1.8059,0.0
1790743099.9257238,2.31503,1.80939,0.0
1790743099.984936,2.31463,1.80972,0.0
1790743100.026338,2.31441,1.80959,0.0
1790743100.086401,2.31412,1.80924,0.0
1790743100.145951,2.31378,1.80889,0.0
1790743100.186337,2.31347,1.80845,0.0
1790743100.246096,2.3129,1.80818,0.0
1790743100.283466,2.31104,1.80788,0.0
1790743100.3461351,2.30703,1.80757,0.0
1790743100.405826,2.30131,1.80775,0.0
1790743100.466654,2.28928,1.80875,0.0
1790743100.509821,2.28493,1.80928,0.0
1790743100.5670762,2.28257,1.80958,0.0
1790743100.608887,2.28223,1.80964,0.0
1790743100.66675,2.28295,1.80931,0.0
1790743100.7260008,2.2832,1.80908,0.0
1790743100.787244,2.28316,1.80886,0.0
1790743100.847373,2.28311,1.80885,0.0
1790743100.887128,2.28302,1.80864,0.0
1790743100.9456792,2.28306,1.80848,0.0
1790743101.008641,2.28302,1.80865,0.0
1790743101.044829,2.28345,1.80937,0.0
1790743101.1086452,2.28345,1.80937,0.0
1790743101.167478,2.28384,1.80971,0.0
1790743101.210473,2.28384,1.80971,0.0
1790743101.2668889,2.28369,1.80991,0.0
1790743101.308366,2.28361,1.80977,0.0
1790743101.3681731,2.28356,1.80969,0.0
1790743101.4079201,2.28358,1.80976,0.0
1790743101.467341,2.28352,1.80971,0.0
1790743101.528822,2.28345,1.80941,0.0
1790743101.568338,2.2833,1.80935,0.0
1790743101.629909,2.28317,1.8094,0.0
1790743101.6672928,2.28305,1.8094,0.0
1790743101.7302551,2.28296,1.80948,0.0
1790743101.7872598,2.28286,1.80937,0.0
1790743101.8404422,2.28291,1.80924,0.0
1790743101.887147,2.28311,1.80929,0.0
1790743101.946988,2.2833,1.8094,0.0
1790743101.986717,2.28323,1.80957,0.0
1790743102.048758,2.28328,1.80959,0.0
1790743102.10851,2.28328,1.80954,0.0
1790743102.145225,2.28302,1.80956,0.0
1790743102.209989,2.28277,1.80953,0.0
1790743102.2668421,2.2827,1.80957,0.0
1790743102.312095,2.28264,1.80958,0.0
1790743102.366911,2.2826,1.80959,0.0
1790743102.427053,2.28254,1.80959,0.0
1790743102.466732,2.28248,1.80961,0.0
1790743102.5303879,2.28245,1.80963,0.0
1790743102.586777,2.28241,1.80961,0.0
1790743102.630228,2.28237,1.80963,0.0
1790743102.686789,2.28232,1.80966,0.0
1790743102.748161,2.28229,1.80967,0.0
1790743102.808544,2.2822,1.80974,0.0
1790743102.846028,2.28218,1.80967,0.0
1790743102.90913,2.28218,1.80967,0.0
1790743102.9683032,2.28207,1.80966,0.0
1790743103.005503,2.28194,1.80958,0.0
1790743103.067903,2.28171,1.80942,0.0
1790743103.127538,2.28149,1.80924,0.0
1790743103.166948,2.28146,1.80924,0.0
1790743103.227175,2.28139,1.80928,0.0
1790743103.267245,2.2814,1.80919,0.0
1790743103.328453,2.28131,1.80921,0.0
1790743103.3868601,2.28116,1.8093,0.0
1790743103.42945,2.28119,1.80928,0.0
1790743103.487197,2.28113,1.80935,0.0
1790743103.5468018,2.28111,1.8095,0.0
1790743103.588438,2.28099,1.80974,0.0
1790743103.648523,2.28094,1.80994,0.0
1790743103.708263,2.28071,1.81008,0.0
1790743103.759459,2.28056,1.81023,0.0
1790743103.827472,2.2805,1.81041,0.0
1790743103.867506,2.28041,1.81045,0.0
1790743103.92673,2.28043,1.81057,0.0
1790743103.965014,2.28036,1.81053,0.0
1790743104.0290859,2.28031,1.8105,0.0
1790743104.066922,2.28032,1.81058,0.0
1790743104.128951,2.28037,1.81074,0.0
1790743104.187005,2.28049,1.81088,0.0
1790743104.229187,2.28055,1.81089,0.0
1790743104.287924,2.28047,1.81095,0.0
1790743104.3467672,2.28035,1.81096,0.0
1790743104.389793,2.27999,1.81103,0.0
1790743104.446688,2.27965,1.81114,0.0
1790743104.4884071,2.27929,1.8113,0.0
1790743104.5477812,2.27926,1.81138,0.0
1790743104.606911,2.27923,1.811,0.0
1790743104.648115,2.27932,1.81093,0.0
1790743104.706902,2.27942,1.81141,0.0
1790743104.767724,2.27946,1.81148,0.0
1790743104.807049,2.27952,1.81137,0.0
1790743104.861637,2.27961,1.81134,0.0
1790743104.942474,2.27968,1.81131,0.0
1790743104.988074,2.27948,1.81118,0.0
1790743105.046918,2.2794,1.81115,0.0
1790743105.087363,2.27939,1.81143,0.0
1790743105.147167,2.2793,1.81185,0.0
1790743105.208548,2.27902,1.81214,0.0
1790743105.260597,2.27898,1.81199,0.0
1790743105.306936,2.27929,1.81224,0.0
1790743105.364251,2.27932,1.81225,0.0
1790743105.407403,2.27944,1.81224,0.0
1790743105.467204,2.27958,1.81243,0.0
1790743105.529505,2.27972,1.81236,0.0
1790743105.587229,2.27958,1.81192,0.0
1790743105.624959,2.27937,1.81161,0.0
1790743105.68804,2.27938,1.81157,0.0
1790743105.746988,2.2794,1.8118,0.0
1790743105.80675,2.27942,1.81225,0.0
1790743105.848383,2.2796,1.81298,0.0
1790743105.908941,2.27968,1.81322,0.0
1790743105.9597068,2.27969,1.81335,0.0
1790743106.010284,2.27954,1.81329,0.0
1790743106.066731,2.27931,1.81299,0.0
1790743106.1088839,2.27898,1.81289,0.0
1790743106.166801,2.27906,1.81299,0.0
1790743106.207337,2.2792,1.81329,0.0
1790743106.267137,2.27919,1.81353,0.0
1790743106.327012,2.27927,1.81351,0.0
1790743106.3870778,2.27909,1.8135,0.0
1790743106.4271271,2.27886,1.81367,0.0
1790743106.4900439,2.27905,1.81384,0.0
1790743106.546792,2.27918,1.8138,0.0
1790743106.5916889,2.27899,1.81372,0.0
1790743106.646848,2.27888,1.81391,0.0
1790743106.706757,2.2787,1.81379,0.0
1790743106.7469802,2.27858,1.81395,0.0
1790743106.807534,2.2785,1.81384,0.0
1790743106.868154,2.27854,1.81386,0.0
1790743106.910432,2.27864,1.81395,0.0
1790743106.9678268,2.27862,1.81389,0.0
1790743107.021645,2.27867,1.81381,0.0
1790743107.067712,2.27862,1.81363,0.0
1790743107.126718,2.27854,1.81353,0.0
1790743107.168014,2.27841,1.81356,0.0
1790743107.266749,2.27969,1.82427,0.0
1790743107.307104,2.2832,1.84083,0.0
1790743107.366873,2.28466,1.85922,0.0
1790743107.408417,2.28549,1.87759,0.0
1790743107.467488,2.28593,1.89476,0.0
1790743107.526707,2.28601,1.90965,0.0
1790743107.568442,2.28613,1.92173,0.0
1790743107.626632,2.28617,1.93188,0.0
1790743107.6871948,2.28597,1.94108,0.0
1790743107.7285042,2.28585,1.9507,0.0
1790743107.788946,2.28619,1.96154,0.0
1790743107.846823,2.28634,1.97401,0.0
1790743107.87993,2.28651,1.98798,0.0
1790743107.9472861,2.28655,2.00271,0.0
1790743108.006886,2.28669,2.01718,0.0
1790743108.046974,2.28664,2.03072,0.0
1790743108.106869,2.28646,2.04287,0.0
1790743108.147285,2.2865,2.05366,0.0
1790743108.207146,2.28644,2.06423,0.0
1790743108.245093,2.28605,2.07525,0.0
1790743108.3072078,2.28564,2.08758,0.0
1790743108.367352,2.28274,2.1143,0.0
1790743108.426594,2.28117,2.12823,0.0
1790743108.4678771,2.28089,2.14132,0.0
1790743108.52667,2.28137,2.15398,0.0
1790743108.5681841,2.28143,2.16597,0.0
1790743108.631733,2.28179,2.17787,0.0
1790743108.6867,2.28189,2.18966,0.0
1790743108.729586,2.28213,2.2017,0.0
1790743108.788512,2.28203,2.21404,0.0
1790743108.839308,2.28225,2.22683,0.0
1790743108.8871622,2.28241,2.23987,0.0
1790743108.9474711,2.28235,2.25301,0.0
1790743109.006909,2.28238,2.26601,0.0
1790743109.043113,2.28241,2.27833,0.0
1790743109.107043,2.2823,2.29069,0.0
1790743109.145889,2.2823,2.31504,0.0
1790743109.205256,2.28263,2.32687,0.0
1790743109.267633,2.28282,2.33919,0.0
1790743109.328157,2.28301,2.35181,0.0
1790743109.368939,2.28304,2.36415,0.0
1790743109.427871,2.28313,2.37675,0.0
1790743109.506907,2.28313,2.38958,0.0
1790743109.54631,2.28218,2.41311,0.0
1790743109.607295,2.28218,2.41311,0.0
1790743109.645049,2.2762,2.42703,0.0
1790743109.7087412,2.27458,2.42967,0.0
1790743109.7668748,2.27526,2.43029,0.0
1790743109.80706,2.27547,2.43042,0.0
1790743109.866847,2.27552,2.43005,0.0
1790743109.9283788,2.27544,2.42945,0.0
1790743109.966891,2.27502,2.42891,0.0
1790743110.028928,2.27326,2.4286,0.0
1790743110.0866728,2.26981,2.42814,0.0
1790743110.12877,2.26437,2.42799,0.0
1790743110.187197,2.25732,2.42808,0.0
1790743110.243914,2.25017,2.42873,0.0
1790743110.306741,2.24408,2.42911,0.0
1790743110.349052,2.2388,2.4295,0.0
1790743110.4082959,2.23755,2.42947,0.0
1790743110.466781,2.23567,2.42941,0.0
1790743110.5045419,2.232,2.42905,0.0
1790743110.567107,2.22711,2.42865,0.0
1790743110.63008,2.22104,2.4284,0.0
1790743110.668424,2.21531,2.42844,0.0
1790743110.7294688,2.2109,2.42854,0.0
1790743110.786027,2.20743,2.42909,0.0
1790743110.848254,2.20448,2.42955,0.0
1790743110.9032772,2.20124,2.4297,0.0
1790743110.946968,2.19399,2.42939,0.0
1790743111.0071669,2.19168,2.42939,0.0
1790743111.067161,2.19193,2.42945,0.0
1790743111.102939,2.19256,2.42942,0.0
1790743111.1646621,2.19278,2.4294,0.0
1790743111.204488,2.19266,2.42932,0.0
1790743111.287135,2.19257,2.42905,0.0
1790743111.327253,2.1926,2.42857,0.0
1790743111.388034,2.1926,2.42843,0.0
1790743111.4485161,2.1927,2.42841,0.0
1790743111.5086029,2.19283,2.42843,0.0
1790743111.551285,2.19271,2.42838,0.0
1790743111.605868,2.19275,2.42833,0.0
1790743111.668874,2.19268,2.42828,0.0
1790743111.72756,2.19262,2.42828,0.0
1790743111.788333,2.19265,2.42817,0.0
1790743111.847422,2.19271,2.42801,0.0
1790743111.887273,2.19277,2.42792,0.0
1790743111.946753,2.193,2.4279,0.0
1790743112.0047219,2.19287,2.42798,0.0
1790743112.047679,2.19308,2.42816,0.0
1790743112.1056588,2.19308,2.42816,0.0
1790743112.1598148,2.1933,2.42835,0.0
1790743112.208323,2.19343,2.42834,0.0
1790743112.2633212,2.1934,2.42826,0.0
1790743112.32911,2.19337,2.42833,0.0
1790743112.390259,2.1933,2.42852,0.0
1790743112.42726,2.19328,2.42853,0.0
1790743112.486733,2.1932,2.42847,0.0
1790743112.5268888,2.19313,2.42836,0.0
1790743112.5869598,2.19308,2.42829,0.0
1790743112.647114,2.19304,2.42824,0.0
1790743112.687168,2.19299,2.42819,0.0
1790743112.7471201,2.19293,2.42816,0.0
1790743112.808539,2.19289,2.42814,0.0
1790743112.848001,2.19283,2.42807,0.0
1790743112.906954,2.19283,2.42807,0.0
1790743112.96665,2.19277,2.42796,0.0
1790743113.007062,2.19273,2.42793,0.0
1790743113.067106,2.19267,2.42793,0.0
1790743113.108355,2.19263,2.42788,0.0
1790743113.167077,2.19261,2.4278,0.0
1790743113.2283258,2.19258,2.42779,0.0
1790743113.287054,2.19254,2.42777,0.0
1790743113.326568,2.19253,2.42777,0.0
1790743113.3899012,2.19254,2.42772,0.0
1790743113.447613,2.19261,2.4278,0.0
1790743113.487159,2.19236,2.42805,0.0
1790743113.5466728,2.19216,2.42801,0.0
1790743113.606654,2.19205,2.42796,0.0
1790743113.6474948,2.19205,2.42755,0.0
1790743113.7070458,2.19209,2.42722,0.0
1790743113.766958,2.19207,2.42691,0.0
1790743113.82291,2.19187,2.42686,0.0
1790743113.865058,2.19175,2.42714,0.0
1790743113.946551,2.19161,2.42707,0.0
1790743114.008898,2.19159,2.42719,0.0
1790743114.047245,2.19139,2.42705,0.0
1790743114.109049,2.19136,2.42688,0.0
1790743114.148118,2.1916,2.42659,0.0
1790743114.207053,2.19177,2.42647,0.0
1790743114.266813,2.19181,2.42627,0.0
1790743114.308962,2.1919,2.42612,0.0
1790743114.3670359,2.19197,2.42587,0.0
1790743114.424067,2.19183,2.42585,0.0
1790743114.4694972,2.19169,2.42591,0.0
1790743114.522527,2.19176,2.42575,0.0
1790743114.5868669,2.19183,2.4257,0.0
1790743114.6465979,2.19195,2.42568,0.0
1790743114.688286,2.19209,2.42567,0.0
1790743114.766688,2.19227,2.42587,0.0
1790743114.807646,2.19237,2.42598,0.0
1790743114.867012,2.19227,2.42605,0.0
1790743114.9248462,2.19226,2.42614,0.0
1790743114.967015,2.1923,2.42621,0.0
1790743115.028805,2.19244,2.42637,0.0
1790743115.081963,2.19254,2.42616,0.0
1790743115.1258519,2.19257,2.42609,0.0
1790743115.18442,2.19247,2.42599,0.0
1790743115.247853,2.1924,2.42588,0.0
1790743115.306966,2.19267,2.42552,0.0
1790743115.366643,2.19287,2.42539,0.0
1790743115.409431,2.19304,2.4252,0.0
1790743115.4668128,2.19322,2.42516,0.0
1790743115.5089018,2.19349,2.42498,0.0
1790743115.566986,2.19351,2.42461,0.0
1790743115.6266408,2.19342,2.42437,0.0
1790743115.667883,2.19349,2.4244,0.0
1790743115.7275982,2.19351,2.42445,0.0
1790743115.781724,2.19353,2.42454,0.0
1790743115.823715,2.19358,2.42469,0.0
1790743115.885083,2.19341,2.4245,0.0
1790743115.9425259,2.19335,2.42439,0.0
1790743115.991137,2.1933,2.4243,0.0
1790743116.042846,2.19339,2.42429,0.0
1790743116.082171,2.19348,2.42404,0.0
1790743116.148196,2.19349,2.42395,0.0
1790743116.2070432,2.19338,2.4241,0.0
1790743116.266551,2.19347,2.42399,0.0
1790743116.308862,2.19347,2.42382,0.0
1790743116.366903,2.19347,2.4239,0.0
1790743116.4267719,2.19345,2.42395,0.0
1790743116.467136,2.19361,2.42404,0.0
1790743116.527613,2.19366,2.42424,0.0
1790743116.5884721,2.1937,2.42447,0.0
1790743116.628979,2.19375,2.42435,0.0
1790743116.689698,2.19363,2.42409,0.0
1790743116.750298,2.19382,2.42386,0.0
1790743116.8075678,2.19387,2.42333,0.0
1790743116.866706,2.19381,2.42339,0.0
1790743116.907891,2.1938,2.42342,0.0
1790743116.966917,2.19355,2.42331,0.0
1790743117.027327,2.19335,2.4232,0.0
1790743117.088365,2.19316,2.42327,0.0
1790743117.1280189,2.1931,2.42342,0.0
1790743117.1893,2.19311,2.4233,0.0
1790743117.24722,2.19316,2.42311,0.0
1790743117.299388,2.19315,2.42294,0.0
1790743117.346793,2.19325,2.42284,0.0
1790743117.406683,2.1932,2.42279,0.0
1790743117.4460511,2.19327,2.42263,0.0
1790743117.506777,2.19313,2.42214,0.0
1790743117.5665941,2.19307,2.42182,0.0
1790743117.627258,2.19308,2.42176,0.0
1790743117.6668532,2.19308,2.42179,0.0
1790743117.727016,2.19296,2.42177,0.0
1790743117.7895129,2.19321,2.42181,0.0
1790743117.839535,2.19334,2.4216,0.0
1790743117.8885949,2.19325,2.42144,0.0
1790743117.944893,2.19301,2.42126,0.0
1790743117.989653,2.19287,2.42126,0.0
1790743118.0498502,2.19276,2.42122,0.0
1790743118.087331,2.19275,2.42132,0.0
1790743118.148284,2.19268,2.42144,0.0
1790743118.206866,2.19261,2.42142,0.0
1790743118.24949,2.19248,2.42154,0.0
1790743118.3068001,2.19229,2.42147,0.0
1790743118.3707578,2.19243,2.42126,0.0
1790743118.4375832,2.19258,2.42124,0.0
1790743118.4870908,2.19243,2.42145,0.0
1790743118.55036,2.19237,2.42164,0.0
1790743118.606876,2.19228,2.42157,0.0
1790743118.651445,2.19222,2.42147,0.0
1790743118.6993458,2.19238,2.42142,0.0
1790743118.750966,2.19246,2.42103,0.0
1790743118.806945,2.19248,2.42085,0.0
1790743118.859088,2.1926,2.42084,0.0
1790743118.9061189,2.1927,2.42081,0.0
1790743118.966605,2.19274,2.42076,0.0
1790743119.0276139,2.193,2.42072,0.0
1790743119.08669,2.19311,2.42064,0.0
1790743119.127705,2.19316,2.42059,0.0
1790743119.187367,2.19313,2.42065,0.0
1790743119.248678,2.19305,2.42062,0.0
1790743119.3065238,2.19297,2.42076,0.0
1790743119.347898,2.19291,2.42098,0.0
1790743119.40717,2.1928,2.42102,0.0
1790743119.4619231,2.19279,2.42075,0.0
1790743119.52386,2.19289,2.42055,0.0
1790743119.5661912,2.19288,2.42028,0.0
1790743119.6266901,2.19291,2.42025,0.0
1790743119.6878479,2.19274,2.42032,0.0
1790743119.726892,2.19275,2.42046,0.0
1790743119.786883,2.19287,2.4206,0.0
1790743119.846045,2.19296,2.42073,0.0
1790743119.887244,2.19283,2.42075,0.0
1790743119.939575,2.19282,2.42078,0.0
1790743120.002451,2.19276,2.42094,0.0
1790743120.047949,2.19277,2.4209,0.0
1790743120.107119,2.19296,2.42073,0.0
1790743120.1691399,2.1931,2.42072,0.0
1790743120.207198,2.1932,2.42081,0.0
1790743120.2686138,2.19327,2.42084,0.0
1790743120.319221,2.19324,2.42091,0.0
1790743120.36247,2.19319,2.42101,0.0
1790743120.426861,2.19323,2.42093,0.0
1790743120.486568,2.19312,2.4209,0.0
1790743120.520729,2.19301,2.4208,0.0
1790743120.5869818,2.19289,2.42098,0.0
1790743120.648958,2.19265,2.42115,0.0
1790743120.710422,2.19219,2.42102,0.0
1790743120.768435,2.19217,2.42096,0.0
1790743120.819047,2.19209,2.42105,0.0
1790743120.870465,2.1922,2.42105,0.0
1790743120.927071,2.19218,2.42085,0.0
1790743120.986658,2.19223,2.42059,0.0
1790743121.027329,2.19224,2.42032,0.0
1790743121.0798762,2.19226,2.42005,0.0
1790743121.14707,2.19236,2.41992,0.0
1790743121.1887019,2.1924,2.41977,0.0
1790743121.2499661,2.19237,2.41966,0.0
1790743121.307005,2.1923,2.41947,0.0
1790743121.348507,2.19245,2.41952,0.0
1790743121.4069812,2.19241,2.41951,0.0
1790743121.467055,2.19239,2.41943,0.0
1790743121.510993,2.19253,2.4194,0.0
1790743121.566902,2.19266,2.41931,0.0
1790743121.621784,2.19287,2.41917,0.0
1790743121.66662,2.19294,2.41906,0.0
1790743121.724425,2.19302,2.4189,0.0
1790743121.78168,2.19302,2.41861,0.0
1790743121.82019,2.19305,2.41839,0.0
1790743121.887319,2.1929,2.4182,0.0
1790743121.948085,2.19274,2.41801,0.0
1790743122.0097952,2.1924,2.41783,0.0
1790743122.049689,2.19221,2.41774,0.0
1790743122.1111622,2.192,2.41744,0.0
1790743122.146487,2.19179,2.41749,0.0
1790743122.208284,2.19167,2.41744,0.0
1790743122.266909,2.19173,2.41746,0.0
1790743122.326716,2.19158,2.41743,0.0
1790743122.3680918,2.19142,2.41741,0.0
1790743122.4254642,2.19131,2.41757,0.0
1790743122.487185,2.19114,2.41751,0.0
1790743122.546588,2.19094,2.41744,0.0
1790743122.6067479,2.19097,2.41743,0.0
1790743122.648027,2.19112,2.41773,0.0
1790743122.709857,2.1913,2.41764,0.0
1790743122.769675,2.19144,2.41727,0.0
1790743122.826881,2.19144,2.41712,0.0
1790743122.885857,2.19139,2.41675,0.0
1790743122.9677079,2.19179,2.41638,0.0
1790743123.0095549,2.1919,2.41603,0.0
1790743123.0677671,2.19197,2.41604,0.0
1790743123.128874,2.19204,2.41615,0.0
1790743123.1684852,2.19203,2.41615,0.0
1790743123.22879,2.19214,2.41593,0.0
1790743123.281833,2.19234,2.41577,0.0
1790743123.329291,2.19233,2.41551,0.0
1790743123.380386,2.19221,2.41541,0.0
1790743123.447754,2.19215,2.41529,0.0
1790743123.507277,2.19165,2.41479,0.0
1790743123.567203,2.19163,2.41472,0.0
1790743123.627927,2.19165,2.41433,0.0
1790743123.66919,2.19176,2.41436,0.0
1790743123.726947,2.19181,2.41476,0.0
1790743123.783103,2.1918,2.41484,0.0
1790743123.841702,2.19181,2.41496,0.0
1790743123.884604,2.19192,2.41489,0.0
1790743123.947207,2.19203,2.4148,0.0
1790743124.0069928,2.19203,2.4148,0.0
1790743124.066603,2.19192,2.41442,0.0
1790743124.127855,2.19191,2.41437,0.0
1790743124.1668851,2.19168,2.41445,0.0
1790743124.2274518,2.19153,2.41457,0.0
1790743124.2870688,2.19119,2.41455,0.0
1790743124.346944,2.1913,2.41446,0.0
1790743124.406944,2.19139,2.41449,0.0
1790743124.4446359,2.19124,2.41457,0.0
1790743124.507552,2.19117,2.41495,0.0
1790743124.566436,2.19113,2.415,0.0
1790743124.608432,2.19108,2.41488,0.0
1790743124.6664279,2.19104,2.41483,0.0
1790743124.726917,2.19089,2.41489,0.0
1790743124.7675,2.19083,2.41524,0.0
1790743124.827353,2.19094,2.41536,0.0
1790743124.8669891,2.191,2.41531,0.0
1790743124.929392,2.19104,2.41545,0.0
1790743124.986707,2.1911,2.41553,0.0
1790743125.0416808,2.19114,2.41538,0.0
1790743125.086441,2.19108,2.41542,0.0
1790743125.1644,2.19086,2.41539,0.0
1790743125.206793,2.19071,2.41556,0.0
1790743125.267444,2.19073,2.41544,0.0
1790743125.3088078,2.19065,2.41521,0.0
1790743125.367382,2.19044,2.41488,0.0
1790743125.426665,2.1903,2.41483,0.0
1790743125.481688,2.19038,2.41467,0.0
1790743125.529172,2.19037,2.41447,0.0
1790743125.587308,2.19007,2.4144,0.0
1790743125.6287968,2.18992,2.41412,0.0
1790743125.687055,2.18973,2.4142,0.0
1790743125.747908,2.18957,2.41423,0.0
1790743125.8064818,2.18964,2.41443,0.0
1790743125.859552,2.18988,2.4145,0.0
1790743125.907289,2.18976,2.41439,0.0
1790743125.968506,2.18969,2.41433,0.0
1790743126.026696,2.1897,2.41434,0.0
1790743126.086598,2.18981,2.41433,0.0
1790743126.127103,2.18971,2.41437,0.0
1790743126.186733,2.1897,2.41451,0.0
1790743126.247388,2.18944,2.41456,0.0
1790743126.300389,2.18935,2.41474,0.0
1790743126.347009,2.18945,2.41465,0.0
1790743126.4061382,2.18932,2.41477,0.0
1790743126.44712,2.19,2.41507,0.0
1790743126.508451,2.19394,2.41428,0.0
1790743126.564285,2.1947,2.41434,0.0
1790743126.609887,2.19544,2.41397,0.0
1790743126.667268,2.19574,2.41408,0.0
1790743126.72676,2.19631,2.4144,0.0
1790743126.78663,2.19622,2.4153,0.0
1790743126.846571,2.19636,2.41602,0.0
1790743126.905133,2.19612,2.41652,0.0
1790743126.946848,2.19613,2.41704,0.0
1790743127.0069451,2.19623,2.41842,0.0
1790743127.0664608,2.19613,2.41855,0.0
1790743127.1061099,2.19542,2.4185,0.0
1790743127.166483,2.19508,2.41848,0.0
1790743127.226539,2.19443,2.41835,0.0
1790743127.266807,2.19401,2.41841,0.0
1790743127.326456,2.19299,2.41849,0.0
1790743127.3708951,2.1928,2.41887,0.0
1790743127.4271202,2.1923,2.41913,0.0
1790743127.4888132,2.19198,2.41941,0.0
1790743127.546512,2.19181,2.41977,0.0
1790743127.606422,2.19168,2.41998,0.0
1790743127.6484458,2.19113,2.41909,0.0
1790743127.706841,2.19086,2.41882,0.0
1790743127.7681391,2.19032,2.41856,0.0
1790743127.8246012,2.18963,2.41862,0.0
1790743127.86683,2.18895,2.4184,0.0
1790743127.928459,2.18836,2.41868,0.0
1790743127.9881442,2.18808,2.41733,0.0
1790743128.024995,2.1882,2.41607,0.0
1790743128.090025,2.18885,2.41574,0.0
1790743128.128169,2.18893,2.41568,0.0
1790743128.189277,2.1885,2.41497,0.0
1790743128.247647,2.18798,2.41394,0.0
1790743128.307619,2.18832,2.41395,0.0
1790743128.3492732,2.18848,2.41495,0.0
1790743128.407907,2.18873,2.4163,0.0
1790743128.468116,2.18869,2.41693,0.0
1790743128.508246,2.18846,2.41716,0.0
1790743128.5675678,2.18829,2.41717,0.0
1790743128.628227,2.1881,2.41728,0.0
1790743128.687637,2.18773,2.41736,0.0
1790743128.728477,2.18756,2.41731,0.0
1790743128.808139,2.18741,2.41724,0.0
1790743128.8492649,2.1876,2.41699,0.0
1790743128.907768,2.18779,2.41689,0.0
1790743128.967446,2.18786,2.4168,0.0
1790743129.008466,2.18803,2.4169,0.0
1790743129.068064,2.1883,2.41694,0.0
1790743129.126581,2.18817,2.41722,0.0
1790743129.181939,2.18805,2.41725,0.0
1790743129.22809,2.18806,2.41719,0.0
1790743129.289332,2.18787,2.41743,0.0
1790743129.347679,2.1876,2.41761,0.0
1790743129.3914292,2.18746,2.41783,0.0
1790743129.447627,2.18778,2.41773,0.0
1790743129.508158,2.1877,2.41759,0.0
1790743129.5491278,2.18754,2.41743,0.0
1790743129.607889,2.18737,2.41738,0.0
1790743129.667403,2.18733,2.41732,0.0
1790743129.707881,2.18736,2.4173,0.0
1790743129.768072,2.18727,2.41736,0.0
1790743129.823821,2.18727,2.41731,0.0
1790743129.870633,2.18706,2.41737,0.0
1790743129.925318,2.18686,2.41756,0.0
1790743129.969225,2.18699,2.41761,0.0
1790743130.028008,2.18717,2.41762,0.0
1790743130.0874088,2.18717,2.41759,0.0
1790743130.128294,2.18702,2.41758,0.0
1790743130.187902,2.18694,2.41772,0.0
1790743130.247871,2.18697,2.41777,0.0
1790743130.289087,2.18708,2.41781,0.0
1790743130.342832,2.187,2.41812,0.0
1790743130.407346,2.18729,2.41815,0.0
1790743130.467422,2.18744,2.41795,0.0
1790743130.507804,2.18755,2.41778,0.0
1790743130.56737,2.18753,2.41778,0.0
1790743130.628831,2.18756,2.41774,0.0
1790743130.6677802,2.1873,2.41771,0.0
1790743130.7291079,2.18729,2.41756,0.0
1790743130.7873971,2.18735,2.41745,0.0
1790743130.8290088,2.18749,2.41733,0.0
1790743130.889706,2.18766,2.41747,0.0
1790743130.944065,2.18795,2.41756,0.0
1790743130.99233,2.1883,2.41747,0.0
1790743131.047489,2.18816,2.41737,0.0
1790743131.10767,2.18828,2.41755,0.0
1790743131.14526,2.18873,2.41814,0.0
1790743131.207656,2.18898,2.41822,0.0
1790743131.2673979,2.18911,2.41801,0.0
1790743131.30814,2.18928,2.41786,0.0
1790743131.368072,2.18937,2.41784,0.0
1790743131.427392,2.18941,2.41782,0.0
1790743131.4687319,2.18669,2.4178,0.0
1790743131.527704,2.1767,2.41865,0.0
1790743131.587565,2.1601,2.41839,0.0
1790743131.629148,2.14112,2.41828,0.0
1790743131.687832,2.1221,2.4188,0.0
1790743131.7417002,2.10474,2.41929,0.0
1790743131.787416,2.09033,2.41975,0.0
1790743131.847148,2.07934,2.41977,0.0
1790743131.9075499,2.06232,2.41934,0.0
1790743131.96752,2.05278,2.41817,0.0
1790743132.0071821,2.04125,2.41581,0.0
1790743132.0678248,2.02782,2.41292,0.0
1790743132.127599,2.01327,2.4112,0.0
1790743132.167795,1.99855,2.41056,0.0
1790743132.227849,1.98417,2.41083,0.0
1790743132.288013,1.97081,2.41224,0.0
1790743132.349828,1.95878,2.41401,0.0
1790743132.3883588,1.9477,2.41426,0.0
1790743132.44391,1.93683,2.41276,0.0
1790743132.488561,1.92573,2.41039,0.0
1790743132.54989,1.91371,2.40758,0.0
1790743132.604887,1.9007,2.40604,0.0
1790743132.667795,1.8733,2.40632,0.0
1790743132.707956,1.85939,2.40616,0.0
1790743132.787327,1.84637,2.40487,0.0
1790743132.82796,1.83458,2.40303,0.0
1790743132.8876119,1.82325,2.40058,0.0
1790743132.951387,1.81114,2.39817,0.0
1790743133.007162,1.78626,2.39367,0.0
1790743133.065566,1.7736,2.39278,0.0
1790743133.107718,1.76088,2.39387,0.0
1790743133.1680949,1.7478,2.3947,0.0
1790743133.227438,1.7346,2.39555,0.0
1790743133.287818,1.72167,2.39671,0.0
1790743133.327494,1.70902,2.3968,0.0
1790743133.387795,1.69676,2.39551,0.0
1790743133.449953,1.68457,2.3933,0.0
1790743133.49037,1.67246,2.38996,0.0
1790743133.549483,1.6602,2.38621,0.0
1790743133.589741,1.64741,2.38212,0.0
1790743133.6507258,1.6346,2.38038,0.0
1790743133.70663,1.609,2.38182,0.0
1790743133.765541,1.59722,2.38237,0.0
1790743133.803784,1.58741,2.38244,0.0
1790743133.867636,1.58049,2.38212,0.0
1790743133.9281652,1.57823,2.38169,0.0
1790743133.967253,1.57933,2.38083,0.0
1790743134.0275168,1.58074,2.38086,0.0
1790743134.0876539,1.58149,2.38067,0.0
1790743134.142874,1.58175,2.38053,0.0
1790743134.188954,1.58179,2.38033,0.0
1790743134.2505789,1.58162,2.38012,0.0
1790743134.2877839,1.58136,2.37976,0.0
1790743134.348358,1.58111,2.37967,0.0
1790743134.406657,1.58086,2.37964,0.0
1790743134.447953,1.58088,2.3796,0.0
1790743134.50931,1.58105,2.37952,0.0
1790743134.562541,1.58127,2.37958,0.0
1790743134.607858,1.58142,2.3795,0.0
1790743134.667465,1.58148,2.37956,0.0
1790743134.7080672,1.58152,2.37941,0.0
1790743134.787261,1.58167,2.37911,0.0
1790743134.8488488,1.5817,2.37903,0.0
1790743134.887545,1.58165,2.37899,0.0
1790743134.948528,1.58153,2.37885,0.0
1790743135.008461,1.58145,2.3789,0.0
1790743135.068974,1.58143,2.37888,0.0
1790743135.126747,1.58138,2.37892,0.0
1790743135.168947,1.58124,2.3789,0.0
1790743135.2280982,1.58132,2.37897,0.0
1790743135.307918,1.58162,2.379,0.0
1790743135.366614,1.58176,2.37906,0.0
1790743135.409206,1.58185,2.37917,0.0
1790743135.468215,1.58178,2.37915,0.0
1790743135.529116,1.58186,2.37903,0.0
1790743135.591522,1.58195,2.37909,0.0
1790743135.628315,1.58205,2.37907,0.0
1790743135.6878452,1.58217,2.37915,0.0
1790743135.764401,1.58195,2.37924,0.0
1790743135.813819,1.58174,2.3793,0.0
1790743135.8675892,1.58155,2.37935,0.0
1790743135.929476,1.58132,2.37937,0.0
1790743135.98844,1.58111,2.37939,0.0
1790743136.027929,1.58091,2.37941,0.0
1790743136.088377,1.58073,2.37945,0.0
1790743136.1475399,1.58057,2.37948,0.0
1790743136.1880262,1.58038,2.3795,0.0
1790743136.2525928,1.58021,2.3795,0.0
1790743136.307561,1.58005,2.37953,0.0
1790743136.361693,1.57976,2.37953,0.0
1790743136.427286,1.57956,2.37966,0.0
1790743136.469187,1.57938,2.37978,0.0
1790743136.527329,1.57916,2.37979,0.0
1790743136.5890188,1.57887,2.37972,0.0
1790743136.628852,1.5788,2.37976,0.0
1790743136.687904,1.57863,2.37972,0.0
1790743136.750415,1.57832,2.37954,0.0
1790743136.808892,1.5776,2.37972,0.0
1790743136.848961,1.5773,2.37979,0.0
1790743136.909492,1.57708,2.37977,0.0
1790743136.967359,1.57693,2.37978,0.0
1790743137.025206,1.57675,2.37968,0.0
1790743137.0691001,1.57683,2.37958,0.0
1790743137.127799,1.57683,2.37958,0.0
1790743137.189505,1.57644,2.37956,0.0
1790743137.225517,1.57615,2.37945,0.0
1790743137.287694,1.57593,2.37947,0.0
1790743137.327828,1.57599,2.37936,0.0
1790743137.3883479,1.57593,2.3793,0.0
1790743137.448171,1.57594,2.37916,0.0
1790743137.5081532,1.57599,2.37914,0.0
1790743137.5481322,1.57608,2.37893,0.0
1790743137.611393,1.57601,2.37897,0.0
1790743137.648601,1.57584,2.379,0.0
1790743137.710729,1.57546,2.37888,0.0
1790743137.767756,1.57522,2.37883,0.0
1790743137.827374,1.57507,2.37873,0.0
1790743137.867885,1.57484,2.37868,0.0
1790743137.928069,1.5747,2.37865,0.0
1790743137.969155,1.57458,2.37865,0.0
1790743138.02738,1.57442,2.37866,0.0
1790743138.0688288,1.57465,2.3786,0.0
1790743138.129536,1.57487,2.37853,0.0
1790743138.18923,1.57489,2.37849,0.0
1790743138.2462971,1.57487,2.37847,0.0
1790743138.285538,1.5746,2.37833,0.0
1790743138.346532,1.57456,2.3782,0.0
1790743138.4075992,1.5746,2.37825,0.0
1790743138.4441102,1.57481,2.37805,0.0
1790743138.5086012,1.57471,2.37798,0.0
1790743138.567851,1.57459,2.37812,0.0
1790743138.627918,1.57476,2.37812,0.0
1790743138.688108,1.575,2.37796,0.0
1790743138.728811,1.57539,2.37785,0.0
1790743138.7875378,1.57519,2.37761,0.0
1790743138.84796,1.5749,2.37765,0.0
1790743138.908385,1.57474,2.37778,0.0
1790743138.9675689,1.57468,2.37762,0.0
1790743139.028285,1.57437,2.3775,0.0
1790743139.068089,1.57417,2.37727,0.0
1790743139.1289542,1.57415,2.37733,0.0
1790743139.1876962,1.57427,2.37752,0.0
1790743139.247294,1.57426,2.37768,0.0
1790743139.3087769,1.57424,2.37817,0.0
1790743139.347712,1.57452,2.37832,0.0
1790743139.411232,1.5745,2.37842,0.0
1790743139.4673622,1.57428,2.37851,0.0
1790743139.527369,1.57441,2.37888,0.0
1790743139.5681002,1.57447,2.37909,0.0
1790743139.627834,1.57413,2.37923,0.0
1790743139.688818,1.57404,2.37944,0.0
1790743139.747908,1.57408,2.3795,0.0
1790743139.78896,1.57388,2.37956,0.0
1790743139.8475242,1.57374,2.37961,0.0
1790743139.900222,1.5685,2.37961,0.0
1790743139.967459,1.5565,2.38011,0.0
1790743140.0093749,1.53954,2.37978,0.0
1790743140.068088,1.52031,2.38007,0.0
1790743140.127437,1.50081,2.38068,0.0
1790743140.169306,1.48359,2.38119,0.0
1790743140.227787,1.46992,2.38141,0.0
1790743140.2879648,1.4597,2.38159,0.0
1790743140.348875,1.4516,2.38169,0.0
1790743140.3889332,1.44351,2.38158,0.0
1790743140.4490082,1.42185,2.38184,0.0
1790743140.509281,1.4074,2.38187,0.0
1790743140.5501492,1.39148,2.3817,0.0
1790743140.60874,1.37588,2.38202,0.0
1790743140.670547,1.36188,2.38181,0.0
1790743140.727453,1.34963,2.38162,0.0
1790743140.764286,1.3388,2.38075,0.0
1790743140.828362,1.32848,2.37896,0.0
1790743140.887438,1.31775,2.37607,0.0
1790743140.928267,1.30647,2.37273,0.0
1790743140.9875112,1.29374,2.36837,0.0
1790743141.0276842,1.27998,2.36519,0.0
1790743141.087239,1.26582,2.36452,0.0
1790743141.127761,1.25167,2.36549,0.0
1790743141.187787,1.23874,2.36638,0.0
1790743141.2491488,1.22695,2.36675,0.0
1790743141.30723,1.21553,2.36663,0.0
1790743141.349088,1.19212,2.36707,0.0
1790743141.4074602,1.17939,2.36718,0.0
1790743141.4688551,1.16616,2.36753,0.0
1790743141.5272489,1.15293,2.36799,0.0
1790743141.5872772,1.13935,2.36829,0.0
1790743141.6317692,1.1262,2.36856,0.0
1790743141.68771,1.11353,2.36852,0.0
1790743141.748339,1.1015,2.36859,0.0
1790743141.807643,1.07735,2.36833,0.0
1790743141.863801,1.06521,2.36827,0.0
1790743141.907223,1.05272,2.36842,0.0
1790743141.969978,1.04011,2.36832,0.0
1790743142.027379,1.02747,2.36864,0.0
1790743142.0876129,1.01458,2.36835,0.0
1790743142.12895,1.00201,2.36865,0.0
1790743142.189182,0.98961,2.36867,0.0
1790743142.227805,0.9781,2.36895,0.0
1790743142.288975,0.96883,2.36884,0.0
1790743142.347588,0.96285,2.36884,0.0
1790743142.4080799,0.96082,2.36903,0.0
1790743142.447659,0.96051,2.3691,0.0
1790743142.507318,0.96062,2.36921,0.0
1790743142.568532,0.96105,2.36937,0.0
1790743142.607475,0.96145,2.36924,0.0
1790743142.669975,0.9617,2.36904,0.0
1790743142.72433,0.96184,2.36869,0.0
1790743142.7699819,0.9618,2.36871,0.0
1790743142.829675,0.9617,2.36883,0.0
1790743142.888132,0.96175,2.36875,0.0
1790743142.9471831,0.96178,2.36863,0.0
1790743142.987762,0.96162,2.36863,0.0
1790743143.048022,0.96147,2.36876,0.0
1790743143.109598,0.9612,2.36901,0.0
1790743143.171561,0.96124,2.36901,0.0
1790743143.223979,0.96136,2.36894,0.0
1790743143.270985,0.96162,2.36891,0.0
1790743143.326489,0.96184,2.36884,0.0
1790743143.3690062,0.96228,2.36887,0.0
1790743143.4267688,0.9625,2.36893,0.0
1790743143.46753,0.96248,2.36902,0.0
1790743143.529312,0.9622,2.36881,0.0
1790743143.5688372,0.96204,2.36891,0.0
1790743143.6277409,0.96201,2.36898,0.0
1790743143.6889422,0.96184,2.3691,0.0
1790743143.728116,0.96178,2.36923,0.0
1790743143.807468,0.96188,2.3694,0.0
1790743143.867989,0.96198,2.36973,0.0
1790743143.907347,0.96189,2.36989,0.0
1790743143.969012,0.9617,2.36987,0.0
1790743144.023809,0.96165,2.3699,0.0
1790743144.068343,0.96174,2.37004,0.0
1790743144.123353,0.96186,2.37014,0.0
1790743144.1868548,0.96192,2.37023,0.0
1790743144.227766,0.96202,2.37031,0.0
1790743144.287992,0.96216,2.37035,0.0
1790743144.3476238,0.96239,2.37039,0.0
1790743144.4097888,0.96247,2.37041,0.0
1790743144.467156,0.96255,2.37044,0.0
1790743144.526699,0.96263,2.37044,0.0
1790743144.5676422,0.96275,2.37046,0.0
1790743144.627723,0.96283,2.3705,0.0
1790743144.686549,0.96293,2.3705,0.0
1790743144.726284,0.96301,2.37051,0.0
1790743144.784606,0.96306,2.37052,0.0
1790743144.848137,0.96312,2.37054,0.0
1790743144.885322,0.96322,2.37059,0.0
1790743144.9491699,0.96323,2.37073,0.0
1790743145.0091798,0.96323,2.37073,0.0
1790743145.046817,0.96317,2.37063,0.0
1790743145.107265,0.96317,2.37063,0.0
1790743145.1484401,0.96528,2.3743,0.0
1790743145.2108428,0.96537,2.37473,0.0
1790743145.2672021,0.96537,2.37571,0.0
1790743145.3078022,0.96472,2.37618,0.0
1790743145.368862,0.96432,2.37654,0.0
1790743145.4289129,0.9638,2.37586,0.0
1790743145.469047,0.96382,2.37536,0.0
1790743145.5294878,0.96383,2.3742,0.0
1790743145.587614,0.96403,2.37325,0.0
1790743145.6412082,0.96392,2.37278,0.0
1790743145.687453,0.96363,2.3726,0.0
1790743145.747807,0.96314,2.37277,0.0
1790743145.807921,0.9621,2.37313,0.0
1790743145.8671901,0.96194,2.37274,0.0
1790743145.911092,0.96158,2.37292,0.0
1790743145.979897,0.96185,2.37238,0.0
1790743146.030569,0.9618,2.37208,0.0
1790743146.094551,0.96228,2.37111,0.0
1790743146.144601,0.96231,2.37056,0.0
1790743146.207155,0.96262,2.3699,0.0
1790743146.267746,0.96177,2.36859,0.0
1790743146.3319051,0.96149,2.36847,0.0
1790743146.389566,0.96143,2.36831,0.0
1790743146.429569,0.96188,2.36835,0.0
1790743146.487597,0.96341,2.36781,0.0
1790743146.530732,0.96422,2.36761,0.0
1790743146.5877209,0.967,2.36684,0.0
1790743146.64751,0.96918,2.36682,0.0
1790743146.688894,0.97106,2.36677,0.0
1790743146.752034,0.97187,2.36707,0.0
1790743146.803943,0.97192,2.36748,0.0
1790743146.846851,0.9699,2.36774,0.0
1790743146.907493,0.96964,2.36771,0.0
1790743146.9673338,0.96937,2.36773,0.0
1790743147.0027452,0.9693,2.36786,0.0
1790743147.067301,0.96945,2.36806,0.0
1790743147.127587,0.96966,2.36825,0.0
1790743147.1872902,0.96965,2.36815,0.0
1790743147.227746,0.96966,2.36848,0.0
1790743147.30582,0.96953,2.36873,0.0
1790743147.367148,0.9694,2.36895,0.0
1790743147.407764,0.96941,2.369,0.0
1790743147.467838,0.96949,2.3689,0.0
1790743147.52882,0.96961,2.36872,0.0
1790743147.603787,0.96969,2.36857,0.0
1790743147.64849,0.96969,2.3684,0.0
1790743147.708321,0.96969,2.36848,0.0
1790743147.769121,0.96957,2.36847,0.0
1790743147.8264189,0.9694,2.36865,0.0
1790743147.870188,0.96933,2.36867,0.0
1790743147.910248,0.96926,2.36865,0.0
1790743147.967306,0.96926,2.36871,0.0
1790743148.029786,0.96946,2.36912,0.0
1790743148.072949,0.96954,2.36922,0.0
1790743148.1288488,0.96978,2.36918,0.0
1790743148.1872299,0.97009,2.36913,0.0
1790743148.2278311,0.97013,2.36915,0.0
1790743148.28719,0.97002,2.36909,0.0
1790743148.346069,0.96987,2.36882,0.0
1790743148.3876312,0.96992,2.36882,0.0
1790743148.447511,0.97001,2.3692,0.0
1790743148.487608,0.96985,2.36904,0.0
1790743148.5489001,0.96996,2.3689,0.0
1790743148.607682,0.97004,2.36882,0.0
1790743148.6476622,0.96998,2.36876,0.0
1790743148.708232,0.97,2.36884,0.0
1790743148.767606,0.96995,2.3691,0.0
1790743148.828987,0.96993,2.36898,0.0
1790743148.887809,0.9699,2.36898,0.0
1790743148.943698,0.96973,2.36909,0.0
1790743148.987835,0.96955,2.36918,0.0
1790743149.0475688,0.96948,2.36925,0.0
1790743149.104435,0.96935,2.3695,0.0
1790743149.1476119,0.9692,2.36991,0.0
1790743149.2064939,0.9692,2.36991,0.0
1790743149.247663,0.96859,2.36068,0.0
1790743149.307109,0.9677,2.34609,0.0
1790743149.348098,0.96742,2.32763,0.0
1790743149.406254,0.96711,2.30839,0.0
1790743149.46765,0.96677,2.29002,0.0
1790743149.527457,0.96685,2.27464,0.0
1790743149.5899699,0.96677,2.26298,0.0
1790743149.6279092,0.96653,2.25371,0.0
1790743149.690028,0.96659,2.24535,0.0
1790743149.74735,0.96627,2.23627,0.0
1790743149.810279,0.96589,2.2253,0.0
1790743149.8690429,0.96567,2.19771,0.0
1790743149.9078,0.96577,2.18258,0.0
1790743149.969991,0.96596,2.16781,0.0
1790743150.026847,0.96599,2.15452,0.0
1790743150.068961,0.96605,2.14273,0.0
1790743150.126533,0.96642,2.13199,0.0
1790743150.170177,0.96684,2.12156,0.0
1790743150.227747,0.96811,2.11066,0.0
1790743150.289696,0.97169,2.09839,0.0
1790743150.328854,0.97894,2.08504,0.0
1790743150.389066,0.9891,2.07191,0.0
1790743150.4283662,0.99941,2.05828,0.0
1790743150.491325,1.0092,2.04421,0.0
1790743150.547113,1.01745,2.02996,0.0
1790743150.607141,1.02426,2.01641,0.0
1790743150.647412,1.03382,1.99215,0.0
1790743150.707615,1.0322,1.9802,0.0
1790743150.7657511,1.02884,1.96888,0.0
1790743150.8078,1.02545,1.95744,0.0
1790743150.865887,1.02279,1.94586,0.0
1790743150.9094641,1.02165,1.93366,0.0
1790743150.969575,1.02155,1.92033,0.0
1790743151.024277,1.0219,1.90695,0.0
1790743151.070064,1.02195,1.89376,0.0
1790743151.1287072,1.02201,1.88081,0.0
1790743151.188937,1.02205,1.86836,0.0
1790743151.247317,1.022,1.85672,0.0
1790743151.2909398,1.02194,1.84515,0.0
1790743151.3473191,1.02193,1.83331,0.0
1790743151.406236,1.022,1.82102,0.0
1790743151.44734,1.0221,1.80804,0.0
1790743151.507086,1.02223,1.79487,0.0
1790743151.548832,1.02207,1.77081,0.0
1790743151.6076632,1.022,1.76205,0.0
1790743151.667231,1.022,1.75645,0.0
1790743151.7309382,1.02217,1.75523,0.0
1790743151.7887092,1.02199,1.75618,0.0
1790743151.847353,1.02183,1.757,0.0
1790743151.907249,1.02204,1.75784,0.0
1790743151.947402,1.02209,1.75858,0.0
1790743152.008092,1.02199,1.76003,0.0
1790743152.08705,1.02196,1.76017,0.0
1790743152.131934,1.0218,1.76014,0.0
1790743152.189994,1.02161,1.76005,0.0
1790743152.248713,1.02149,1.76014,0.0
1790743152.2867541,1.02155,1.76033,0.0
1790743152.347754,1.02167,1.76018,0.0
1790743152.38765,1.02165,1.75997,0.0
1790743152.4483762,1.02159,1.75986,0.0
1790743152.508647,1.02132,1.7598,0.0
1790743152.567554,1.02119,1.7597,0.0
1790743152.6299431,1.02113,1.75974,0.0
1790743152.687713,1.02107,1.75978,0.0
1790743152.727521,1.0211,1.76003,0.0
1790743152.789461,1.02114,1.76016,0.0
1790743152.84797,1.02131,1.76031,0.0
1790743152.8876932,1.02129,1.75993,0.0
1790743152.947582,1.02135,1.75975,0.0
1790743152.988758,1.02134,1.75982,0.0
1790743153.04731,1.02128,1.76002,0.0
1790743153.107446,1.02118,1.76009,0.0
1790743153.147367,1.02108,1.76003,0.0
1790743153.2072582,1.02077,1.75986,0.0
1790743153.268279,1.02071,1.75984,0.0
1790743153.327085,1.02073,1.75969,0.0
1790743153.368077,1.02072,1.75957,0.0
1790743153.427701,1.0207,1.75952,0.0
1790743153.487394,1.02081,1.75959,0.0
1790743153.541295,1.02076,1.75961,0.0
1790743153.5872278,1.0206,1.7596,0.0
1790743153.647628,1.02054,1.75959,0.0
1790743153.7074702,1.02056,1.75956,0.0
1790743153.743337,1.02053,1.75951,0.0
1790743153.8071182,1.02051,1.75951,0.0
1790743153.850965,1.02051,1.75946,0.0
1790743153.9071481,1.0205,1.7593,0.0
1790743153.9443042,1.0205,1.7593,0.0
1790743154.007371,1.02049,1.75925,0.0
1790743154.0467572,1.02049,1.75922,0.0
1790743154.107706,1.02049,1.75914,0.0
1790743154.167799,1.02049,1.75912,0.0
1790743154.230759,1.02048,1.75907,0.0
1790743154.2689579,1.02048,1.75907,0.0
1790743154.3411121,1.02047,1.75903,0.0
1790743154.3895302,1.02028,1.75908,0.0
1790743154.449135,1.02039,1.75906,0.0
1790743154.487848,1.02049,1.75927,0.0
1790743154.550602,1.02053,1.75936,0.0
1790743154.601504,1.02027,1.75938,0.0
1790743154.6496818,1.02013,1.75925,0.0
1790743154.70417,1.01999,1.7592,0.0
1790743154.7674088,1.01958,1.75893,0.0
1790743154.821258,1.01939,1.75886,0.0
1790743154.867648,1.01926,1.75894,0.0
1790743154.929065,1.01926,1.759,0.0
1790743154.967503,1.01928,1.75914,0.0
1790743155.0275,1.01922,1.75917,0.0
1790743155.088114,1.01913,1.75945,0.0
1790743155.1275818,1.01895,1.75959,0.0
1790743155.1878881,1.01901,1.75973,0.0
1790743155.22993,1.01905,1.75992,0.0
1790743155.288956,1.0189,1.75984,0.0
1790743155.3502169,1.0187,1.75984,0.0
1790743155.3887842,1.01851,1.75987,0.0
1790743155.450495,1.0186,1.75961,0.0
1790743155.507102,1.01836,1.75942,0.0
1790743155.554807,1.01803,1.75928,0.0
1790743155.607178,1.01798,1.75943,0.0
1790743155.66146,1.0179,1.75964,0.0
1790743155.708674,1.01789,1.75996,0.0
1790743155.765517,1.01809,1.76008,0.0
1790743155.8270981,1.01809,1.76003,0.0
1790743155.887253,1.01798,1.75989,0.0
1790743155.9280078,1.01778,1.75987,0.0
1790743155.9873972,1.01761,1.75992,0.0
1790743156.049611,1.01749,1.75989,0.0
1790743156.102995,1.0175,1.76006,0.0
1790743156.1509771,1.01763,1.76033,0.0
1790743156.2066948,1.01763,1.76033,0.0
1790743156.267254,1.01773,1.76056,0.0
1790743156.308038,1.01765,1.76062,0.0
1790743156.36769,1.01765,1.76075,0.0
1790743156.427213,1.0176,1.76102,0.0
1790743156.467592,1.01752,1.76123,0.0
1790743156.527169,1.01762,1.76125,0.0
1790743156.5886772,1.01764,1.76123,0.0
1790743156.6488059,1.0177,1.76144,0.0
1790743156.7101078,1.01732,1.76119,0.0
1790743156.764002,1.01711,1.76117,0.0
1790743156.80847,1.01706,1.7612,0.0
1790743156.867218,1.01704,1.76098,0.0
1790743156.907798,1.017,1.76094,0.0
1790743156.964244,1.01705,1.76096,0.0
1790743157.028053,1.01712,1.76111,0.0
1790743157.066763,1.01716,1.76131,0.0
1790743157.129927,1.01718,1.7613,0.0
1790743157.1870499,1.01721,1.76116,0.0
1790743157.249716,1.01724,1.76098,0.0
1790743157.307124,1.01711,1.76093,0.0
1790743157.362141,1.01693,1.76123,0.0
1790743157.407478,1.01692,1.76146,0.0
1790743157.468416,1.01696,1.7617,0.0
1790743157.5075881,1.01714,1.76162,0.0
1790743157.567033,1.01728,1.76147,0.0
1790743157.6282072,1.01743,1.7615,0.0
1790743157.6675699,1.01759,1.7616,0.0
1790743157.73001,1.01757,1.76175,0.0
1790743157.7871318,1.01766,1.76183,0.0
1790743157.827793,1.01766,1.76185,0.0
1790743157.887257,1.01787,1.76193,0.0
1790743157.948543,1.01785,1.76181,0.0
1790743157.983957,1.0178,1.76181,0.0
1790743158.0474281,1.01772,1.76183,0.0
1790743158.0874162,1.01778,1.76214,0.0
1790743158.147937,1.01795,1.76258,0.0
1790743158.2073112,1.01794,1.76266,0.0
1790743158.269044,1.01796,1.76266,0.0
1790743158.329386,1.01795,1.76264,0.0
1790743158.368737,1.01797,1.76271,0.0
1790743158.446532,1.01794,1.7628,0.0
1790743158.482599,1.01806,1.76265,0.0
1790743158.526368,1.01803,1.76263,0.0
1790743158.588492,1.01815,1.7628,0.0
1790743158.6495821,1.01815,1.76287,0.0
1790743158.688815,1.01801,1.76288,0.0
1790743158.747925,1.01786,1.76299,0.0
1790743158.821366,1.01781,1.76334,0.0
1790743158.867373,1.0179,1.76343,0.0
1790743158.927352,1.01801,1.76344,0.0
1790743158.9871721,1.01815,1.76311,0.0
1790743159.0526788,1.01826,1.76327,0.0
1790743159.087543,1.01838,1.7635,0.0
1790743159.1473868,1.01838,1.76358,0.0
1790743159.208392,1.01863,1.76357,0.0
1790743159.269092,1.01859,1.76351,0.0
1790743159.3309069,1.0185,1.7633,0.0
1790743159.3872268,1.01845,1.76318,0.0
1790743159.427754,1.01841,1.76301,0.0
1790743159.489541,1.01851,1.76318,0.0
1790743159.547002,1.01863,1.76347,0.0
1790743159.609542,1.01858,1.76365,0.0
1790743159.648889,1.01882,1.76373,0.0
1790743159.7117739,1.01906,1.76378,0.0
1790743159.768076,1.01911,1.76382,0.0
1790743159.828654,1.01911,1.76387,0.0
1790743159.887177,1.01905,1.76404,0.0
1790743159.9472299,1.01922,1.76432,0.0
1790743159.9876108,1.01954,1.76451,0.0
1790743160.04701,1.01956,1.76458,0.0
1790743160.087939,1.01961,1.7645,0.0
1790743160.1478012,1.01972,1.76455,0.0
1790743160.209697,1.01981,1.76452,0.0
1790743160.266291,1.01977,1.7645,0.0
1790743160.327022,1.01984,1.76437,0.0
1790743160.368056,1.0198,1.76414,0.0
1790743160.427356,1.01986,1.76406,0.0
1790743160.4675121,1.02002,1.76413,0.0
1790743160.526979,1.01997,1.76396,0.0
1790743160.5688589,1.01994,1.76382,0.0
1790743160.627213,1.01983,1.76384,0.0
1790743160.689919,1.01968,1.76397,0.0
1790743160.727547,1.01967,1.76393,0.0
1790743160.787922,1.01969,1.76372,0.0
1790743160.848643,1.01989,1.76378,0.0
1790743160.9093702,1.01987,1.76405,0.0
1790743160.967247,1.01986,1.7642,0.0
1790743161.0111182,1.01998,1.7639,0.0
1790743161.089302,1.02003,1.76373,0.0
1790743161.1276422,1.0201,1.76394,0.0
1790743161.190092,1.02026,1.76425,0.0
1790743161.229033,1.02049,1.76441,0.0
1790743161.287423,1.02066,1.76455,0.0
1790743161.3471081,1.02075,1.76436,0.0
1790743161.390663,1.02063,1.76429,0.0
1790743161.442333,1.0209,1.76427,0.0
1790743161.5079029,1.0209,1.76427,0.0
1790743161.547748,1.02112,1.76431,0.0
1790743161.609331,1.02119,1.76433,0.0
1790743161.668638,1.02107,1.76435,0.0
1790743161.7085419,1.02105,1.76439,0.0
1790743161.7676249,1.02096,1.76442,0.0
1790743161.827732,1.021,1.7644,0.0
1790743161.889559,1.02106,1.76437,0.0
1790743161.9278421,1.02086,1.76455,0.0
1790743161.989022,1.0208,1.76464,0.0
1790743162.0469928,1.02081,1.76467,0.0
1790743162.087379,1.02085,1.76437,0.0
1790743162.1445708,1.02104,1.76412,0.0
1790743162.208423,1.02113,1.76421,0.0
1790743162.2677052,1.02149,1.7643,0.0
1790743162.3288891,1.0216,1.7641,0.0
1790743162.388511,1.02177,1.76413,0.0
1790743162.4460568,1.0221,1.76397,0.0
1790743162.507052,1.0221,1.76397,0.0
1790743162.5728672,1.02208,1.76389,0.0
1790743162.629471,1.02191,1.76371,0.0
1790743162.673853,1.02152,1.76373,0.0
1790743162.727296,1.02124,1.76388,0.0
1790743162.788662,1.02106,1.7639,0.0
1790743162.850224,1.02099,1.76397,0.0
1790743162.890165,1.02094,1.76414,0.0
1790743162.9477382,1.02088,1.76418,0.0
1790743163.005566,1.02091,1.76432,0.0
1790743163.050208,1.02084,1.76473,0.0
1790743163.104243,1.02071,1.76484,0.0
1790743163.174073,1.02044,1.76499,0.0
1790743163.227007,1.0203,1.76501,0.0
1790743163.267971,1.02028,1.76497,0.0
1790743163.348199,1.02012,1.76501,0.0
1790743163.405719,1.02005,1.76483,0.0
1790743163.4511669,1.02016,1.76489,0.0
1790743163.505972,1.02016,1.76489,0.0
1790743163.551486,1.0199,1.76541,0.0
1790743163.607148,1.01977,1.76554,0.0
1790743163.6505148,1.01962,1.76547,0.0
1790743163.707239,1.01951,1.76532,0.0
1790743163.760454,1.01954,1.76533,0.0
1790743163.8269901,1.01959,1.7653,0.0
1790743163.8871338,1.01962,1.76522,0.0
1790743163.927319,1.0196,1.76538,0.0
1790743163.9872751,1.01972,1.76557,0.0
1790743164.0252008,1.01982,1.76555,0.0
1790743164.087143,1.01992,1.76553,0.0
1790743164.123879,1.0201,1.76559,0.0
1790743164.1887481,1.02009,1.76539,0.0
1790743164.2471418,1.0201,1.76518,0.0
1790743164.290405,1.02015,1.76519,0.0
1790743164.34729,1.0202,1.76524,0.0
1790743164.407006,1.02045,1.76506,0.0
1790743164.450161,1.02057,1.7649,0.0
1790743164.5074382,1.02096,1.76516,0.0
1790743164.553328,1.02098,1.76537,0.0
1790743164.605437,1.02083,1.76542,0.0
1790743164.669779,1.02061,1.76536,0.0
1790743164.727286,1.02054,1.76537,0.0
1790743164.763982,1.02065,1.76524,0.0
1790743164.825024,1.0207,1.76513,0.0
1790743164.86879,1.02071,1.76492,0.0
1790743164.9264588,1.02089,1.76478,0.0
1790743164.985962,1.021,1.7647,0.0
1790743165.0281768,1.02098,1.76463,0.0
1790743165.0868638,1.02086,1.76455,0.0
1790743165.1241548,1.02086,1.76475,0.0
1790743165.190067,1.02056,1.76498,0.0
1790743165.247854,1.02033,1.7651,0.0
1790743165.307355,1.02041,1.76566,0.0
1790743165.369653,1.02052,1.7659,0.0
1790743165.407729,1.02041,1.76603,0.0
1790743165.468535,1.0204,1.76614,0.0
1790743165.506614,1.02065,1.76637,0.0
1790743165.587488,1.02073,1.76638,0.0
1790743165.644199,1.0209,1.76622,0.0
1790743165.7021282,1.02087,1.76621,0.0
1790743165.751925,1.02105,1.76627,0.0
1790743165.807463,1.02155,1.76634,0.0
1790743165.867142,1.0218,1.76661,0.0
1790743165.9074519,1.02191,1.76674,0.0
1790743165.982087,1.02187,1.76678,0.0
1790743166.0274491,1.02175,1.76668,0.0
1790743166.083955,1.02182,1.76638,0.0
1790743166.1280499,1.02185,1.76618,0.0
1790743166.188879,1.02187,1.76592,0.0
1790743166.247985,1.02193,1.7659,0.0
1790743166.307307,1.02203,1.76589,0.0
1790743166.3482938,1.02205,1.76598,0.0
1790743166.409666,1.02219,1.76596,0.0
1790743166.467377,1.02223,1.76596,0.0
1790743166.508894,1.02239,1.766,0.0
1790743166.569438,1.02251,1.76589,0.0
1790743166.626889,1.02292,1.76541,0.0
1790743166.702661,1.023,1.7651,0.0
1790743166.727149,1.02304,1.76488,0.0
1790743166.7799969,1.02274,1.76482,0.0
1790743166.8471282,1.02262,1.76494,0.0
1790743166.882854,1.02245,1.76507,0.0
1790743166.9478242,1.0224,1.76503,0.0
1790743166.986642,1.02222,1.76512,0.0
1790743167.051425,1.022,1.76485,0.0
1790743167.10733,1.0219,1.76489,0.0
1790743167.1503649,1.02185,1.76484,0.0
1790743167.209085,1.02209,1.76467,0.0
1790743167.2668521,1.02206,1.76442,0.0
1790743167.3109481,1.02201,1.76455,0.0
1790743167.368914,1.02197,1.76485,0.0
1790743167.4096808,1.02196,1.76478,0.0
1790743167.467049,1.022,1.76488,0.0
1790743167.509422,1.02199,1.7651,0.0
1790743167.5680158,1.02182,1.7652,0.0
1790743167.62974,1.02193,1.76525,0.0
1790743167.668802,1.02193,1.76522,0.0
1790743167.729055,1.0218,1.7649,0.0
1790743167.810116,1.02208,1.76515,0.0
1790743167.864994,1.02203,1.76519,0.0
1790743167.9090571,1.02214,1.76527,0.0
1790743167.9671922,1.02229,1.76527,0.0
1790743168.011483,1.02234,1.76514,0.0
1790743168.068062,1.02238,1.76504,0.0
1790743168.128812,1.02233,1.76519,0.0
1790743168.167964,1.02234,1.76545,0.0
1790743168.230857,1.02217,1.76557,0.0
1790743168.285832,1.02198,1.76528,0.0
1790743168.329303,1.02193,1.76512,0.0
1790743168.387972,1.02192,1.76496,0.0
1790743168.4296691,1.02186,1.76486,0.0
1790743168.487326,1.02173,1.7649,0.0
1790743168.5484219,1.0215,1.76486,0.0
1790743168.587328,1.02137,1.76474,0.0
1790743168.647402,1.02125,1.7645,0.0
1790743168.710142,1.02116,1.76479,0.0
1790743168.74738,1.02114,1.76465,0.0
1790743168.807638,1.02114,1.76465,0.0
1790743168.846543,1.02103,1.76422,0.0
1790743168.911058,1.02097,1.76402,0.0
1790743168.967814,1.02094,1.76389,0.0
1790743169.009386,1.02103,1.76409,0.0
1790743169.06741,1.02117,1.7642,0.0
1790743169.110246,1.0211,1.76389,0.0
1790743169.167047,1.02106,1.76382,0.0
1790743169.228029,1.0209,1.76392,0.0
1790743169.2682009,1.02092,1.76397,0.0
1790743169.3291898,1.02103,1.76405,0.0
1790743169.370414,1.02096,1.76387,0.0
1790743169.4289339,1.02099,1.76358,0.0
1790743169.470879,1.02115,1.76154,0.0
1790743169.5273979,1.02068,1.75279,0.0
1790743169.587446,1.02058,1.73707,0.0
1790743169.649323,1.01885,1.71864,0.0
1790743169.7089138,1.01688,1.68157,0.0
1790743169.747317,1.01627,1.66688,0.0
1790743169.8077161,1.01597,1.65521,0.0
1790743169.867237,1.0156,1.64621,0.0
1790743169.908365,1.01548,1.63795,0.0
1790743169.967283,1.0154,1.62885,0.0
1790743170.0090501,1.01505,1.61745,0.0
1790743170.087282,1.01465,1.60429,0.0
1790743170.128036,1.01425,1.58973,0.0
1790743170.1873121,1.01428,1.57446,0.0
1790743170.2473931,1.01409,1.55966,0.0
1790743170.307002,1.01405,1.54645,0.0
1790743170.3471968,1.01399,1.535,0.0
1790743170.4071848,1.01347,1.51418,0.0
1790743170.465993,1.0136,1.50298,0.0
1790743170.527483,1.01472,1.49073,0.0
1790743170.572572,1.01722,1.47761,0.0
1790743170.6278222,1.02039,1.4637,0.0
1790743170.66528,1.02189,1.45006,0.0
1790743170.727409,1.02104,1.43707,0.0
1790743170.769333,1.0204,1.42438,0.0
1790743170.82799,1.02051,1.41224,0.0
1790743170.887351,1.021,1.40054,0.0
1790743170.9471612,1.02074,1.38903,0.0
1790743170.989568,1.02096,1.37667,0.0
1790743171.047314,1.02083,1.36388,0.0
1790743171.089025,1.02086,1.35095,0.0
1790743171.148484,1.02086,1.33835,0.0
1790743171.2077599,1.02104,1.3256,0.0
1790743171.265568,1.02111,1.30062,0.0
1790743171.3088052,1.02111,1.28815,0.0
1790743171.3689349,1.02086,1.27568,0.0
1790743171.4279501,1.0207,1.26313,0.0
1790743171.4679198,1.02072,1.25059,0.0
1790743171.531622,1.02058,1.23818,0.0
1790743171.5888152,1.0205,1.22562,0.0
1790743171.628254,1.02059,1.21338,0.0
1790743171.688283,1.02067,1.20068,0.0
1790743171.748928,1.02076,1.18816,0.0
1790743171.7930229,1.0206,1.17583,0.0
1790743171.849012,1.0204,1.15683,0.0
1790743171.9101582,1.02023,1.15195,0.0
1790743171.9472132,1.02014,1.15131,0.0
1790743172.00955,1.01989,1.15221,0.0
1790743172.0694752,1.01963,1.15276,0.0
1790743172.10816,1.01947,1.15322,0.0
1790743172.171016,1.01932,1.15365,0.0
1790743172.210474,1.01934,1.15397,0.0
1790743172.30739,1.0194,1.15433,0.0
1790743172.350156,1.01944,1.1544,0.0
1790743172.408803,1.01964,1.15422,0.0
1790743172.449986,1.01984,1.15446,0.0
1790743172.509572,1.02009,1.15452,0.0
1790743172.567233,1.02006,1.1545,0.0
1790743172.623657,1.01989,1.15445,0.0
1790743172.6723452,1.01992,1.15443,0.0
1790743172.723789,1.01984,1.15425,0.0
1790743172.770981,1.01995,1.1543,0.0
1790743172.829547,1.01994,1.15432,0.0
1790743172.8819,1.01988,1.15442,0.0
1790743172.929178,1.01969,1.1543,0.0
1790743172.9872372,1.01972,1.15424,0.0
1790743173.0282528,1.01958,1.15424,0.0
1790743173.094079,1.01948,1.15413,0.0
1790743173.128355,1.01943,1.15407,0.0
1790743173.182914,1.01935,1.15388,0.0
1790743173.249011,1.01938,1.15378,0.0
1790743173.285564,1.01949,1.15382,0.0
1790743173.348654,1.01962,1.15376,0.0
1790743173.408533,1.01975,1.15386,0.0
1790743173.448965,1.01979,1.15389,0.0
1790743173.507812,1.01997,1.15409,0.0
1790743173.5695271,1.0201,1.1542,0.0
1790743173.609377,1.02018,1.1544,0.0
1790743173.66743,1.02031,1.15457,0.0
1790743173.7076201,1.02018,1.15459,0.0
1790743173.76861,1.02003,1.15465,0.0
1790743173.8278809,1.01995,1.15473,0.0
1790743173.8832262,1.0199,1.15483,0.0
1790743173.925617,1.01986,1.15493,0.0
1790743173.98962,1.01983,1.15499,0.0
1790743174.026033,1.01981,1.15506,0.0
1790743174.089134,1.01978,1.1551,0.0
1790743174.128012,1.01976,1.15514,0.0
1790743174.190874,1.01976,1.15519,0.0
1790743174.247515,1.01974,1.15528,0.0
1790743174.308604,1.0197,1.15531,0.0
1790743174.3706071,1.01968,1.15537,0.0
1790743174.4085681,1.01966,1.15538,0.0
1790743174.469459,1.01963,1.1554,0.0
1790743174.530904,1.0196,1.15544,0.0
1790743174.569998,1.01959,1.15551,0.0
1790743174.628063,1.01959,1.15555,0.0
1790743174.6902149,1.01951,1.15548,0.0
1790743174.728669,1.01943,1.15554,0.0
1790743174.792133,1.0195,1.15551,0.0
1790743174.846794,1.01935,1.15561,0.0
1790743174.88949,1.01921,1.15563,0.0
1790743174.948729,1.01917,1.15592,0.0
1790743175.008985,1.0189,1.15621,0.0
1790743175.049228,1.0187,1.1563,0.0
1790743175.106951,1.01832,1.15619,0.0
1790743175.144387,1.01817,1.15633,0.0
1790743175.207246,1.0181,1.1564,0.0
1790743175.2720299,1.01812,1.15661,0.0
1790743175.324556,1.01808,1.15669,0.0
1790743175.3678951,1.01813,1.15682,0.0
1790743175.427695,1.01969,1.15639,0.0
1790743175.4875698,1.02362,1.15524,0.0
1790743175.5289679,1.02387,1.15555,0.0
1790743175.5865228,1.02386,1.15589,0.0
1790743175.6286972,1.02338,1.15597,0.0
1790743175.687389,1.0232,1.15576,0.0
1790743175.744831,1.02261,1.15534,0.0
1790743175.7893708,1.02268,1.15451,0.0
1790743175.842869,1.02256,1.15367,0.0
1790743175.907804,1.02217,1.15359,0.0
1790743175.9481962,1.02141,1.15396,0.0
1790743176.02592,1.02048,1.15439,0.0
1790743176.069355,1.01996,1.15457,0.0
1790743176.130291,1.01956,1.15435,0.0
1790743176.168778,1.01888,1.15467,0.0
1790743176.2275321,1.01834,1.15469,0.0
1790743176.28849,1.01724,1.15685,0.0
1790743176.346984,1.01664,1.15855,0.0
1790743176.389052,1.01668,1.15814,0.0
1790743176.447552,1.01673,1.15694,0.0
1790743176.4891908,1.01683,1.15539,0.0
1790743176.547348,1.01837,1.15186,0.0
1790743176.605676,1.022,1.14534,0.0
1790743176.652024,1.03437,1.12857,0.0
1790743176.708732,1.04067,1.11934,0.0
1790743176.788254,1.04569,1.11131,0.0
1790743176.849112,1.04799,1.10535,0.0
1790743176.889169,1.04858,1.10402,0.0
1790743176.951047,1.04818,1.10477,0.0
1790743177.003215,1.04823,1.10483,0.0
1790743177.0491579,1.04899,1.10264,0.0
1790743177.104685,1.04899,1.10264,0.0
1790743177.1511319,1.04901,1.10294,0.0
1790743177.2058759,1.04901,1.10294,0.0
1790743177.270772,1.04845,1.10351,0.0
1790743177.3093948,1.04806,1.10411,0.0
1790743177.368375,1.04785,1.10391,0.0
1790743177.4285681,1.04801,1.10323,0.0
1790743177.464145,1.04864,1.10248,0.0
1790743177.529247,1.04907,1.10231,0.0
1790743177.564139,1.04872,1.10286,0.0
1790743177.6295779,1.04835,1.10296,0.0
1790743177.6889741,1.04839,1.10355,0.0
1790743177.729038,1.0479,1.10422,0.0
1790743177.7874298,1.0473,1.10475,0.0
1790743177.851802,1.04743,1.10482,0.0
1790743177.888653,1.04815,1.10505,0.0
1790743177.948927,1.04813,1.10447,0.0
1790743178.00191,1.04818,1.10416,0.0
1790743178.0484538,1.04809,1.10389,0.0
1790743178.1086679,1.04809,1.10389,0.0
1790743178.151245,1.04775,1.10488,0.0
1790743178.208843,1.04784,1.10524,0.0
1790743178.268683,1.04815,1.10588,0.0
1790743178.3334038,1.04788,1.10544,0.0
1790743178.3886049,1.04751,1.10466,0.0
1790743178.4315991,1.04726,1.10448,0.0
1790743178.4882638,1.04735,1.10446,0.0
1790743178.532895,1.04745,1.10485,0.0
1790743178.589391,1.04722,1.10543,0.0
1790743178.631975,1.04718,1.10625,0.0
1790743178.6887062,1.04717,1.10679,0.0
1790743178.750955,1.04701,1.10671,0.0
1790743178.808201,1.04709,1.10639,0.0
1790743178.850334,1.04717,1.10625,0.0
1790743178.908702,1.04702,1.10645,0.0
1790743178.963373,1.0469,1.10622,0.0
1790743179.0315578,1.04723,1.10639,0.0
1790743179.067071,1.0472,1.10666,0.0
1790743179.128618,1.04704,1.10657,0.0
1790743179.1683671,1.04744,1.10668,0.0
1790743179.2304509,1.04732,1.1067,0.0
1790743179.2872891,1.04671,1.10692,0.0
1790743179.328832,1.04618,1.107,0.0
1790743179.391537,1.04657,1.10732,0.0
1790743179.432592,1.04681,1.10734,0.0
1790743179.4888132,1.04726,1.10728,0.0
1790743179.549147,1.04763,1.10721,0.0
1790743179.588789,1.04803,1.10688,0.0
1790743179.649311,1.04781,1.10698,0.0
1790743179.707617,1.04738,1.10706,0.0
1790743179.7518551,1.04646,1.10719,0.0
1790743179.807703,1.04693,1.10763,0.0
1790743179.849136,1.04675,1.10794,0.0
1790743179.907639,1.04673,1.10763,0.0
1790743179.967249,1.04689,1.10738,0.0
1790743180.008828,1.04674,1.10746,0.0
1790743180.067501,1.04726,1.10703,0.0
1790743180.10957,1.0482,1.10675,0.0
1790743180.1672661,1.04936,1.10649,0.0
1790743180.231595,1.05011,1.10665,0.0
1790743180.283052,1.0506,1.10687,0.0
1790743180.329121,1.05055,1.10708,0.0
1790743180.385406,1.0505,1.10716,0.0
1790743180.4287841,1.05035,1.10721,0.0
1790743180.488153,1.05028,1.10729,0.0
1790743180.528826,1.05017,1.10721,0.0
1790743180.5881379,1.05008,1.10725,0.0
1790743180.647701,1.05036,1.10721,0.0
1790743180.685889,1.05042,1.10741,0.0
1790743180.747787,1.0505,1.10764,0.0
1790743180.807199,1.05073,1.10797,0.0
1790743180.848926,1.05011,1.10896,0.0
1790743180.9072351,1.04986,1.10929,0.0
1790743180.949897,1.05011,1.10918,0.0
1790743181.008257,1.05008,1.10874,0.0
1790743181.048904,1.05029,1.10805,0.0
1790743181.113516,1.05069,1.10718,0.0
1790743181.168598,1.05126,1.10669,0.0
1790743181.211509,1.05149,1.10646,0.0
1790743181.309111,1.05134,1.10671,0.0
1790743181.348542,1.05104,1.10685,0.0
1790743181.410617,1.0509,1.1068,0.0
1790743181.471728,1.05065,1.10672,0.0
1790743181.509069,1.05058,1.10665,0.0
1790743181.5684412,1.05041,1.10649,0.0
1790743181.6141388,1.0502,1.1064,0.0
1790743181.6686442,1.05,1.10646,0.0
1790743181.710332,1.05003,1.10651,0.0
1790743181.768834,1.05013,1.10648,0.0
1790743181.8290482,1.04999,1.10659,0.0
1790743181.8687181,1.04999,1.1068,0.0
1790743181.929656,1.05004,1.10686,0.0
1790743181.9883032,1.05002,1.1067,0.0
1790743182.027958,1.04989,1.10664,0.0
1790743182.085716,1.04976,1.10667,0.0
1790743182.15082,1.04958,1.10661,0.0
1790743182.189216,1.04935,1.10658,0.0
1790743182.255471,1.04907,1.10651,0.0
1790743182.308345,1.04891,1.10639,0.0
1790743182.3485959,1.04856,1.10627,0.0
1790743182.4080482,1.04839,1.10616,0.0
1790743182.4488409,1.04829,1.1062,0.0
1790743182.5089972,1.04827,1.10634,0.0
1790743182.550501,1.04844,1.10645,0.0
1790743182.608041,1.04856,1.10662,0.0
1790743182.668745,1.04855,1.10671,0.0
1790743182.709065,1.04851,1.1068,0.0
1790743182.7690408,1.04812,1.10669,0.0
1790743182.8317,1.04802,1.10677,0.0
1790743182.868795,1.04794,1.10638,0.0
1790743182.929447,1.04784,1.10623,0.0
1790743182.968842,1.04787,1.10617,0.0
1790743183.027145,1.04789,1.10626,0.0
1790743183.089891,1.04792,1.10637,0.0
1790743183.12933,1.04791,1.10622,0.0
1790743183.1888618,1.04795,1.10608,0.0
1790743183.228697,1.04783,1.10609,0.0
1790743183.309301,1.04795,1.10848,0.0
1790743183.3486779,1.04776,1.11902,0.0
1790743183.411592,1.04823,1.13765,0.0
1790743183.448012,1.0485,1.15845,0.0
1790743183.5272021,1.04893,1.17963,0.0
1790743183.569057,1.04899,1.20025,0.0
1790743183.628812,1.04901,1.2189,0.0
1790743183.691444,1.04945,1.2348,0.0
1790743183.7286882,1.04936,1.24763,0.0
1790743183.788705,1.04937,1.25901,0.0
1790743183.847868,1.04924,1.2701,0.0
1790743183.892129,1.04935,1.28282,0.0
1790743183.947349,1.04956,1.29742,0.0
1790743184.005224,1.04942,1.314,0.0
1790743184.047162,1.04911,1.34788,0.0
1790743184.106518,1.04911,1.34788,0.0
1790743184.1479979,1.04881,1.37892,0.0
1790743184.2094579,1.0488,1.39295,0.0
1790743184.2673018,1.04871,1.40592,0.0
1790743184.328566,1.04888,1.41913,0.0
1790743184.391841,1.05001,1.43321,0.0
1790743184.4289122,1.05244,1.44853,0.0
1790743184.487654,1.0552,1.46467,0.0
1790743184.546705,1.05677,1.48126,0.0
1790743184.589715,1.0572,1.49742,0.0
1790743184.649258,1.05677,1.52796,0.0
1790743184.708759,1.05656,1.54236,0.0
1790743184.7677388,1.05635,1.55642,0.0
1790743184.8275352,1.05599,1.57089,0.0
1790743184.869123,1.05595,1.58582,0.0
1790743184.928614,1.05556,1.60122,0.0
1790743184.9680388,1.0553,1.61681,0.0
1790743185.028859,1.05527,1.63263,0.0
1790743185.089886,1.05509,1.64802,0.0
1790743185.128832,1.05503,1.66277,0.0
1790743185.192873,1.05501,1.67685,0.0
1790743185.249064,1.05503,1.68981,0.0
1790743185.3091662,1.05515,1.70877,0.0
1790743185.363845,1.05521,1.71432,0.0
1790743185.407567,1.05501,1.71688,0.0
1790743185.467187,1.05499,1.71751,0.0
1790743185.511471,1.05503,1.71803,0.0
1790743185.574247,1.05503,1.71831,0.0
1790743185.627102,1.05478,1.71804,0.0
1790743185.665407,1.05477,1.71765,0.0
1790743185.76794,1.05481,1.71664,0.0
1790743185.807383,1.05482,1.71629,0.0
1790743185.870264,1.05475,1.71612,0.0
1790743185.929127,1.05498,1.71616,0.0
1790743185.970345,1.05499,1.71624,0.0
1790743186.026304,1.05548,1.71658,0.0
1790743186.0741272,1.05884,1.71471,0.0
1790743186.128809,1.05941,1.71446,0.0
1790743186.171249,1.05965,1.71407,0.0
1790743186.229089,1.05989,1.71428,0.0
1790743186.288664,1.05959,1.71487,0.0
1790743186.3494232,1.05913,1.71553,0.0
1790743186.387869,1.05884,1.71647,0.0
1790743186.447291,1.05897,1.71724,0.0
1790743186.508857,1.05957,1.71729,0.0
1790743186.562778,1.05979,1.71695,0.0
1790743186.609601,1.05933,1.71696,0.0
1790743186.670181,1.05906,1.7169,0.0
1790743186.72872,1.05835,1.71707,0.0
1790743186.787603,1.05797,1.71737,0.0
1790743186.82403,1.05768,1.71757,0.0
1790743186.888767,1.05755,1.71761,0.0
1790743186.9240289,1.05714,1.71805,0.0
1790743186.988211,1.05693,1.71866,0.0
1790743187.02647,1.05675,1.71847,0.0
1790743187.092531,1.05675,1.71862,0.0
1790743187.150374,1.05677,1.71894,0.0
1790743187.18942,1.05588,1.71933,0.0
1790743187.2523499,1.05539,1.71957,0.0
1790743187.308545,1.05481,1.71864,0.0
1790743187.349515,1.05453,1.71795,0.0
1790743187.408643,1.05462,1.7174,0.0
1790743187.468649,1.05454,1.71646,0.0
1790743187.509216,1.05388,1.7154,0.0
1790743187.5690172,1.05388,1.71602,0.0
1790743187.609618,1.05397,1.71674,0.0
1790743187.6680598,1.0542,1.71668,0.0
1790743187.7281249,1.05416,1.71518,0.0
1790743187.770369,1.05389,1.71379,0.0
1790743187.8285592,1.05344,1.71284,0.0
1790743187.88542,1.05335,1.71232,0.0
1790743187.92542,1.05377,1.71211,0.0
1790743188.0000472,1.05452,1.71355,0.0
1790743188.051845,1.05535,1.71436,0.0
1790743188.108447,1.05545,1.71463,0.0
1790743188.16766,1.05552,1.71493,0.0
1790743188.2094028,1.0557,1.71501,0.0
1790743188.2678678,1.056,1.71515,0.0
1790743188.308964,1.05635,1.71532,0.0
1790743188.369438,1.05661,1.71537,0.0
1790743188.428777,1.05669,1.71524,0.0
1790743188.487433,1.05669,1.71519,0.0
1790743188.52922,1.0568,1.71547,0.0
1790743188.588417,1.05671,1.71571,0.0
1790743188.6280031,1.05657,1.71603,0.0
1790743188.687319,1.05639,1.71627,0.0
1790743188.7277498,1.05643,1.71645,0.0
1790743188.7886431,1.0563,1.71631,0.0
1790743188.8494499,1.0562,1.71616,0.0
1790743188.908638,1.05618,1.71631,0.0
1790743188.949506,1.05605,1.71608,0.0
1790743189.008946,1.05594,1.71608,0.0
1790743189.067958,1.05583,1.71645,0.0
1790743189.108356,1.05581,1.71661,0.0
1790743189.1710532,1.05593,1.71678,0.0
1790743189.225479,1.05605,1.71689,0.0
1790743189.2716548,1.05621,1.71685,0.0
1790743189.334305,1.05652,1.71655,0.0
1790743189.387454,1.05663,1.71634,0.0
1790743189.429118,1.05662,1.7162,0.0
1790743189.4878159,1.05662,1.71621,0.0
1790743189.529619,1.05668,1.71619,0.0
1790743189.5874329,1.05686,1.71602,0.0
1790743189.64688,1.05679,1.71597,0.0
1790743189.6887329,1.05669,1.71583,0.0
1790743189.748157,1.05682,1.71562,0.0
1790743189.7889018,1.05688,1.71547,0.0
1790743189.8487659,1.0569,1.71544,0.0
1790743189.9089,1.05693,1.71536,0.0
1790743189.96855,1.0568,1.71533,0.0
1790743190.011192,1.05639,1.71516,0.0
1790743190.0685928,1.05606,1.71503,0.0
1790743190.1088,1.05603,1.71492,0.0
1790743190.170778,1.05608,1.71489,0.0
1790743190.208572,1.05629,1.71495,0.0
1790743190.287519,1.0564,1.71498,0.0
1790743190.331263,1.05635,1.71502,0.0
1790743190.387397,1.05625,1.71499,0.0
1790743190.447215,1.05611,1.71504,0.0
1790743190.488176,1.05621,1.71514,0.0
1790743190.548527,1.05666,1.71477,0.0
1790743190.608595,1.05676,1.71466,0.0
1790743190.6476018,1.05692,1.71443,0.0
1790743190.708481,1.05692,1.71443,0.0
1790743190.7469811,1.05697,1.71466,0.0
1790743190.8071759,1.05708,1.71476,0.0
1790743190.8481832,1.05724,1.71478,0.0
1790743190.907288,1.05735,1.71488,0.0
1790743190.967942,1.05752,1.71491,0.0
1790743191.007541,1.05739,1.71494,0.0
1790743191.0666518,1.05731,1.71494,0.0
1790743191.108877,1.0572,1.71493,0.0
1790743191.168565,1.05732,1.71489,0.0
1790743191.229059,1.05739,1.715,0.0
1790743191.26915,1.05754,1.71513,0.0
1790743191.328759,1.05739,1.7154,0.0
1790743191.368979,1.05721,1.71567,0.0
1790743191.43171,1.05731,1.71565,0.0
1790743191.4872801,1.05739,1.71555,0.0
1790743191.530231,1.05741,1.71528,0.0
1790743191.588486,1.05743,1.71517,0.0
1790743191.630872,1.05747,1.71515,0.0
1790743191.689909,1.05737,1.7152,0.0
1790743191.748571,1.05597,1.71515,0.0
1790743191.788508,1.0491,1.71562,0.0
1790743191.84602,1.0342,1.71509,0.0
1790743191.8870301,1.0156,1.71468,0.0
1790743191.948697,0.99562,1.71504,0.0
1790743191.9893692,0.9768,1.71512,0.0
1790743192.047043,0.9612,1.71512,0.0
1790743192.107197,0.94941,1.71529,0.0
1790743192.148726,0.93278,1.71863,0.0
1790743192.207475,0.92389,1.72154,0.0
1790743192.265257,0.9131,1.72378,0.0
1790743192.308455,0.9003,1.72473,0.0
1790743192.367938,0.88541,1.72476,0.0
1790743192.432003,0.87015,1.72459,0.0
1790743192.494022,0.8553,1.72436,0.0
1790743192.548487,0.84206,1.72442,0.0
1790743192.587807,0.83031,1.72451,0.0
1790743192.648704,0.81939,1.72438,0.0
1790743192.6880262,0.80885,1.72469,0.0
1790743192.748655,0.79744,1.72478,0.0
1790743192.804963,0.78536,1.72488,0.0
1790743192.848463,0.75896,1.72503,0.0
1790743192.906132,0.74544,1.72458,0.0
1790743192.947383,0.73245,1.72337,0.0
1790743193.008592,0.72062,1.72377,0.0
1790743193.0623949,0.71236,1.72652,0.0
1790743193.107456,0.70705,1.7296,0.0
1790743193.169062,0.7048,1.72998,0.0
1790743193.228492,0.70435,1.72914,0.0
1790743193.2684622,0.70395,1.72883,0.0
1790743193.327286,0.70377,1.72862,0.0
1790743193.388705,0.70383,1.72897,0.0
1790743193.442817,0.70407,1.73108,0.0
1790743193.488405,0.70386,1.73763,0.0
1790743193.548602,0.70415,1.74759,0.0
1790743193.5875049,0.70428,1.75926,0.0
1790743193.649054,0.70453,1.77087,0.0
1790743193.68716,0.70524,1.78125,0.0
1790743193.749611,0.70536,1.78934,0.0
1790743193.806786,0.70571,1.79569,0.0
1790743193.8486059,0.70617,1.79482,0.0
1790743193.908473,0.7066,1.79424,0.0
1790743193.964532,0.70597,1.79461,0.0
1790743194.0096378,0.69938,1.79864,0.0
1790743194.069302,0.68628,1.80421,0.0
1790743194.128211,0.67016,1.80832,0.0
1790743194.1648278,0.65242,1.8111,0.0
1790743194.228729,0.63429,1.81512,0.0
1790743194.288775,0.61722,1.81996,0.0
1790743194.328893,0.60283,1.82554,0.0
1790743194.38725,0.59078,1.83121,0.0
1790743194.4286568,0.58091,1.83621,0.0
1790743194.496398,0.57184,1.83961,0.0
1790743194.548546,0.56222,1.84094,0.0
1790743194.59406,0.55131,1.83955,0.0
1790743194.649815,0.53872,1.83798,0.0
1790743194.7283351,0.51009,1.83573,0.0
1790743194.789469,0.49597,1.83479,0.0
1790743194.848253,0.48331,1.8346,0.0
1790743194.892138,0.47301,1.83563,0.0
1790743194.947175,0.46592,1.83762,0.0
1790743195.0065558,0.46297,1.83796,0.0
1790743195.047185,0.46471,1.83686,0.0
1790743195.108491,0.46555,1.83654,0.0
1790743195.1672509,0.46549,1.83663,0.0
1790743195.2086022,0.46529,1.8366,0.0
1790743195.269265,0.46496,1.83681,0.0
1790743195.328508,0.4647,1.83782,0.0
1790743195.381828,0.46471,1.83977,0.0
1790743195.427247,0.46475,1.84307,0.0
1790743195.493058,0.46471,1.84733,0.0
1790743195.548492,0.46526,1.85186,0.0
1790743195.5826461,0.46572,1.85447,0.0
1790743195.647124,0.46586,1.8547,0.0
1790743195.685914,0.46607,1.85428,0.0
1790743195.7483919,0.4661,1.85419,0.0
1790743195.8086421,0.46622,1.85373,0.0
1790743195.8489,0.46618,1.85369,0.0
1790743195.908628,0.46594,1.85354,0.0
1790743195.9699662,0.46576,1.85332,0.0
1790743196.007209,0.4656,1.85329,0.0
1790743196.0673,0.46552,1.85345,0.0
1790743196.128948,0.46536,1.85379,0.0
1790743196.169044,0.46517,1.85395,0.0
1790743196.2296839,0.46514,1.85387,0.0
1790743196.286751,0.46529,1.85382,0.0
1790743196.3291352,0.46535,1.85377,0.0
1790743196.368716,0.46537,1.85375,0.0
1790743196.428512,0.46538,1.85372,0.0
1790743196.4684951,0.46551,1.85373,0.0
1790743196.5295901,0.46567,1.85367,0.0
1790743196.585813,0.46579,1.85366,0.0
1790743196.6258528,0.46562,1.85376,0.0
1790743196.6901078,0.46555,1.85376,0.0
1790743196.7317498,0.46537,1.85385,0.0
1790743196.7888992,0.46517,1.85401,0.0
1790743196.84763,0.46514,1.85407,0.0
1790743196.889668,0.46525,1.85401,0.0
1790743196.968388,0.46498,1.85422,0.0
1790743197.0273259,0.46486,1.85434,0.0
1790743197.0670872,0.46478,1.85447,0.0
1790743197.128116,0.46466,1.8545,0.0
1790743197.169683,0.46454,1.85452,0.0
1790743197.228607,0.46442,1.85455,0.0
1790743197.2689862,0.46429,1.85458,0.0
1790743197.329221,0.46417,1.85457,0.0
1790743197.36889,0.46405,1.85453,0.0
1790743197.430429,0.4639,1.85452,0.0
1790743197.487051,0.46379,1.85454,0.0
1790743197.528277,0.4637,1.85457,0.0
1790743197.587154,0.46358,1.85458,0.0
1790743197.62717,0.4635,1.85456,0.0
1790743197.688779,0.46344,1.85459,0.0
1790743197.74911,0.46335,1.85458,0.0
1790743197.7888331,0.46324,1.85459,0.0
1790743197.8472,0.46315,1.85458,0.0
1790743197.906944,0.46309,1.85459,0.0
1790743197.948679,0.46308,1.85461,0.0
1790743198.0086558,0.46304,1.85455,0.0
1790743198.06655,0.4629,1.85463,0.0
1790743198.102902,0.46274,1.8546,0.0
1790743198.1671019,0.46277,1.85446,0.0
1790743198.22991,0.46288,1.85421,0.0
1790743198.268455,0.46295,1.85425,0.0
1790743198.329959,0.46296,1.85426,0.0
1790743198.390933,0.46299,1.85414,0.0
1790743198.42844,0.46299,1.85408,0.0
1790743198.488589,0.46301,1.85396,0.0
1790743198.5270212,0.463,1.85386,0.0
1790743198.590726,0.46318,1.85359,0.0
1790743198.629235,0.46305,1.85337,0.0
1790743198.68725,0.4631,1.85322,0.0
1790743198.725075,0.46306,1.85326,0.0
1790743198.790987,0.46312,1.85341,0.0
1790743198.847043,0.46337,1.8535,0.0
1790743198.888469,0.46358,1.8534,0.0
1790743198.952578,0.46373,1.85328,0.0
1790743198.9877608,0.46351,1.85359,0.0
1790743199.0552478,0.46348,1.8539,0.0
1790743199.106791,0.46356,1.85403,0.0
1790743199.153192,0.46351,1.85422,0.0
1790743199.226558,0.46355,1.85436,0.0
1790743199.28713,0.46357,1.85424,0.0
1790743199.328279,0.46361,1.85413,0.0
1790743199.388153,0.46385,1.85421,0.0
1790743199.4476302,0.46398,1.85429,0.0
1790743199.490964,0.46412,1.85428,0.0
1790743199.548419,0.46423,1.85416,0.0
1790743199.588613,0.46416,1.8541,0.0
1790743199.6495209,0.46409,1.85404,0.0
1790743199.708734,0.46398,1.85412,0.0
1790743199.7566662,0.46395,1.85428,0.0
1790743199.806043,0.46424,1.85422,0.0
1790743199.853127,0.46421,1.85428,0.0
1790743199.907121,0.46421,1.85428,0.0
1790743199.954412,0.46417,1.85409,0.0
1790743200.0073931,0.46427,1.85411,0.0
1790743200.0604951,0.4644,1.85413,0.0
1790743200.1041589,0.46446,1.85418,0.0
1790743200.157287,0.46444,1.85411,0.0
1790743200.2082639,0.46446,1.85413,0.0
1790743200.289206,0.46449,1.85413,0.0
1790743200.3285499,0.46447,1.85412,0.0
1790743200.387089,0.46445,1.85384,0.0
1790743200.452182,0.46439,1.85371,0.0
1790743200.487401,0.46441,1.85367,0.0
1790743200.5498219,0.4644,1.85374,0.0
1790743200.608478,0.46467,1.85398,0.0
1790743200.6626198,0.4649,1.85434,0.0
1790743200.7083452,0.46502,1.85461,0.0
1790743200.761578,0.46504,1.85456,0.0
1790743200.827669,0.46503,1.85449,0.0
1790743200.864199,0.46516,1.85469,0.0
1790743200.928788,0.46545,1.85505,0.0
1790743200.988978,0.4657,1.85505,0.0
1790743201.0307279,0.4656,1.85518,0.0
1790743201.086694,0.46556,1.85508,0.0
1790743201.12733,0.46541,1.85523,0.0
1790743201.187519,0.46533,1.85544,0.0
1790743201.255491,0.46519,1.8553,0.0
1790743201.3064451,0.46517,1.85522,0.0
1790743201.367348,0.46528,1.85506,0.0
1790743201.4081018,0.4651,1.85518,0.0
1790743201.4685051,0.46487,1.85549,0.0
1790743201.527301,0.46474,1.8556,0.0
1790743201.56758,0.46476,1.85575,0.0
1790743201.6297548,0.46463,1.85582,0.0
1790743201.68832,0.46462,1.85582,0.0
1790743201.728544,0.46436,1.85582,0.0
1790743201.807146,0.46445,1.8557,0.0
1790743201.848895,0.46442,1.85547,0.0
1790743201.906795,0.46455,1.85561,0.0
1790743201.948938,0.46477,1.85574,0.0
1790743202.0085561,0.46492,1.85583,0.0
1790743202.06646,0.46506,1.85575,0.0
1790743202.10849,0.46506,1.85586,0.0
1790743202.168111,0.46485,1.85607,0.0
1790743202.20874,0.46473,1.85627,0.0
1790743202.2698839,0.46463,1.85623,0.0
1790743202.328778,0.46436,1.85614,0.0
1790743202.388741,0.46447,1.85616,0.0
1790743202.427777,0.46447,1.85621,0.0
1790743202.4879959,0.46448,1.85597,0.0
1790743202.527654,0.46462,1.85595,0.0
1790743202.591316,0.46455,1.85609,0.0
1790743202.6468081,0.46447,1.85643,0.0
1790743202.689835,0.46456,1.85672,0.0
1790743202.7528498,0.46471,1.85689,0.0
1790743202.806876,0.46464,1.85653,0.0
1790743202.84891,0.46476,1.8563,0.0
1790743202.9134989,0.46457,1.85633,0.0
1790743202.969368,0.46438,1.85622,0.0
1790743203.009143,0.46434,1.85604,0.0
1790743203.066723,0.46459,1.85595,0.0
1790743203.107488,0.4648,1.85591,0.0
1790743203.167825,0.46453,1.85589,0.0
1790743203.227139,0.46445,1.85581,0.0
1790743203.287832,0.46467,1.85581,0.0
1790743203.327709,0.46494,1.85579,0.0
1790743203.38718,0.46489,1.85581,0.0
1790743203.4285262,0.46472,1.85571,0.0
1790743203.491092,0.46448,1.8556,0.0
1790743203.548915,0.46416,1.85584,0.0
1790743203.592923,0.46419,1.85613,0.0
1790743203.647189,0.46443,1.85617,0.0
1790743203.708728,0.46424,1.85624,0.0
1790743203.768642,0.46405,1.85619,0.0
1790743203.829222,0.46396,1.8562,0.0
1790743203.886354,0.46391,1.8561,0.0
1790743203.9276109,0.46366,1.85622,0.0
1790743203.9906309,0.46354,1.8564,0.0
1790743204.044569,0.46376,1.8564,0.0
1790743204.087202,0.4639,1.85631,0.0
1790743204.148442,0.46352,1.85628,0.0
1790743204.207904,0.46325,1.85627,0.0
1790743204.245573,0.46342,1.85637,0.0
1790743204.308735,0.46342,1.8563,0.0
1790743204.349847,0.46368,1.85622,0.0
1790743204.407496,0.46395,1.85622,0.0
1790743204.446667,0.46376,1.85627,0.0
1790743204.507604,0.46357,1.85636,0.0
1790743204.566414,0.46379,1.85631,0.0
1790743204.611341,0.46398,1.8563,0.0
1790743204.668309,0.46404,1.85638,0.0
1790743204.728273,0.46423,1.85616,0.0
1790743204.7684412,0.46435,1.85596,0.0
1790743204.828385,0.46437,1.85584,0.0
1790743204.885803,0.46282,1.85542,0.0
1790743204.927312,0.45544,1.85344,0.0
1790743204.987925,0.44018,1.84937,0.0
1790743205.029033,0.42224,1.84781,0.0
1790743205.0884202,0.4039,1.84836,0.0
1790743205.144737,0.38645,1.84948,0.0
1790743205.189947,0.37105,1.85145,0.0
1790743205.2509818,0.35809,1.85401,0.0
1790743205.309781,0.33778,1.8598,0.0
1790743205.368264,0.32796,1.86331,0.0
1790743205.4093282,0.31705,1.86617,0.0
1790743205.466818,0.30479,1.86784,0.0
1790743205.528337,0.2911,1.86788,0.0
1790743205.568989,0.2772,1.86762,0.0
1790743205.6281128,0.26329,1.86727,0.0
1790743205.6695318,0.24979,1.86648,0.0
1790743205.72689,0.23738,1.86679,0.0
1790743205.788769,0.22613,1.86778,0.0
1790743205.8518138,0.21517,1.86941,0.0
1790743205.88776,0.20389,1.87146,0.0
1790743205.968391,0.17948,1.87564,0.0
1790743206.0170739,0.16655,1.87681,0.0
1790743206.067106,0.1533,1.87875,0.0
1790743206.1134248,0.14012,1.8809,0.0
1790743206.166883,0.12757,1.8823,0.0
1790743206.227658,0.11551,1.88233,0.0
1790743206.288329,0.10331,1.8819,0.0
1790743206.3291469,0.09135,1.88146,0.0
1790743206.389179,0.07914,1.88149,0.0
1790743206.429648,0.06642,1.8817,0.0
1790743206.4886668,0.05341,1.88148,0.0
1790743206.526804,0.04071,1.88128,0.0
1790743206.5882938,0.02781,1.88109,0.0
1790743206.647146,0.01485,1.88123,0.0
1790743206.6890318,0.00187,1.88107,0.0
1790743206.754108,-0.01074,1.88108,0.0
1790743206.807168,-0.03539,1.88106,0.0
1790743206.850025,-0.04765,1.88107,0.0
1790743206.907179,-0.06035,1.88135,0.0
1790743206.962931,-0.07276,1.88171,0.0
1790743207.0093,-0.0846,1.88196,0.0
1790743207.067723,-0.09511,1.88197,0.0
1790743207.108829,-0.10441,1.88202,0.0
1790743207.167831,-0.11227,1.88207,0.0
1790743207.207978,-0.11903,1.88224,0.0
1790743207.287144,-0.12418,1.88231,0.0
1790743207.3283882,-0.12756,1.88239,0.0
1790743207.3882968,-0.12938,1.88207,0.0
1790743207.448189,-0.13046,1.88187,0.0
1790743207.488408,-0.13076,1.88169,0.0
1790743207.5483992,-0.13048,1.88169,0.0
1790743207.6074932,-0.13,1.88168,0.0
1790743207.650006,-0.12891,1.88146,0.0
1790743207.709395,-0.12847,1.88124,0.0
1790743207.762462,-0.12801,1.8812,0.0
1790743207.808624,-0.12763,1.88116,0.0
1790743207.8648891,-0.12709,1.88109,0.0
1790743207.908801,-0.12624,1.88102,0.0
1790743207.972554,-0.12543,1.8813,0.0
1790743208.022774,-0.12471,1.8811,0.0
1790743208.071019,-0.12412,1.88084,0.0
1790743208.122504,-0.12383,1.88054,0.0
1790743208.17551,-0.12359,1.88036,0.0
1790743208.22823,-0.12348,1.88037,0.0
1790743208.289572,-0.12347,1.8804,0.0
1790743208.3224242,-0.1234,1.88037,0.0
1790743208.3888168,-0.12339,1.88023,0.0
1790743208.4283981,-0.12326,1.8802,0.0
1790743208.489627,-0.12319,1.88008,0.0
1790743208.528041,-0.1233,1.88013,0.0
1790743208.5898151,-0.12346,1.88004,0.0
1790743208.649687,-0.12365,1.87991,0.0
1790743208.688295,-0.12389,1.87988,0.0
1790743208.7482119,-0.12398,1.87975,0.0
1790743208.787263,-0.1241,1.87953,0.0
1790743208.846764,-0.12403,1.87951,0.0
1790743208.910221,-0.12394,1.87955,0.0
1790743208.948278,-0.1239,1.87954,0.0
1790743209.0090659,-0.12396,1.87945,0.0
1790743209.065578,-0.12385,1.87945,0.0
1790743209.1221561,-0.12368,1.8795,0.0
1790743209.165531,-0.12348,1.87952,0.0
1790743209.22732,-0.12329,1.87954,0.0
1790743209.288546,-0.1231,1.87955,0.0
1790743209.3263218,-0.1229,1.87956,0.0
1790743209.382614,-0.12274,1.87957,0.0
1790743209.448552,-0.12258,1.87961,0.0
1790743209.4827678,-0.12242,1.87963,0.0
1790743209.548197,-0.12229,1.87963,0.0
1790743209.5855649,-0.12216,1.87965,0.0
1790743209.646958,-0.12201,1.87964,0.0
1790743209.7063859,-0.12187,1.87965,0.0
1790743209.749666,-0.12177,1.87968,0.0
1790743209.809331,-0.12155,1.8797,0.0
1790743209.8494651,-0.12149,1.8797,0.0
1790743209.908365,-0.12226,1.87983,0.0
1790743209.967005,-0.1262,1.88039,0.0
1790743210.009674,-0.13512,1.88092,0.0
1790743210.0678442,-0.14661,1.88146,0.0
1790743210.1084821,-0.15922,1.88179,0.0
1790743210.168567,-0.17102,1.8817,0.0
1790743210.222497,-0.18012,1.8816,0.0
1790743210.282254,-0.18573,1.88141,0.0
1790743210.326824,-0.18751,1.88118,0.0
1790743210.386111,-0.18757,1.88119,0.0
1790743210.450804,-0.18731,1.88134,0.0
1790743210.508208,-0.18674,1.88121,0.0
1790743210.550111,-0.1856,1.88133,0.0
1790743210.608309,-0.1856,1.88133,0.0
1790743210.650075,-0.18606,1.87784,0.0
1790743210.707236,-0.18619,1.87802,0.0
1790743210.7688751,-0.1871,1.87793,0.0
1790743210.808488,-0.18788,1.87831,0.0
1790743210.869303,-0.18833,1.87921,0.0
1790743210.927685,-0.18872,1.87979,0.0
1790743210.9675891,-0.18896,1.88014,0.0
1790743211.026784,-0.18902,1.88086,0.0
1790743211.0727239,-0.18863,1.88109,0.0
1790743211.1272142,-0.18868,1.88147,0.0
1790743211.18338,-0.18886,1.8814,0.0
1790743211.229038,-0.189,1.88146,0.0
1790743211.288627,-0.18931,1.88162,0.0
1790743211.3266182,-0.18925,1.882,0.0
1790743211.387902,-0.189,1.88246,0.0
1790743211.448331,-0.18878,1.88267,0.0
1790743211.487447,-0.18878,1.88258,0.0
1790743211.549551,-0.18938,1.88228,0.0
1790743211.6116428,-0.18926,1.88264,0.0
1790743211.648417,-0.18856,1.88274,0.0
1790743211.710923,-0.18856,1.88274,0.0
1790743211.748084,-0.18697,1.88319,0.0
1790743211.810338,-0.18663,1.88331,0.0
1790743211.868425,-0.18616,1.88303,0.0
1790743211.907744,-0.18569,1.88266,0.0
1790743211.9681878,-0.18501,1.8822,0.0
1790743212.008555,-0.18351,1.88117,0.0
1790743212.068404,-0.18105,1.87986,0.0
1790743212.1272252,-0.17992,1.87945,0.0
1790743212.1688309,-0.17867,1.87973,0.0
1790743212.232697,-0.17775,1.88021,0.0
1790743212.268497,-0.17582,1.8797,0.0
1790743212.3269892,-0.17567,1.87983,0.0
1790743212.367559,-0.17623,1.87942,0.0
1790743212.434748,-0.17679,1.87895,0.0
1790743212.487078,-0.17679,1.87818,0.0
1790743212.533412,-0.17751,1.87776,0.0
1790743212.588361,-0.17914,1.8781,0.0
1790743212.6471941,-0.18047,1.87923,0.0
1790743212.7299972,-0.18104,1.8799,0.0
1790743212.788336,-0.18136,1.88033,0.0
1790743212.827807,-0.1816,1.8805,0.0
1790743212.886849,-0.18172,1.88049,0.0
1790743212.942765,-0.18184,1.88064,0.0
1790743212.98814,-0.18223,1.88063,0.0
1790743213.043874,-0.18226,1.88084,0.0
1790743213.087353,-0.18229,1.881,0.0
1790743213.149102,-0.18238,1.88114,0.0
1790743213.188719,-0.18251,1.88117,0.0
1790743213.2474308,-0.18271,1.88125,0.0
1790743213.3090649,-0.18289,1.8814,0.0
1790743213.368317,-0.18287,1.88206,0.0
1790743213.4103098,-0.18277,1.88235,0.0
1790743213.4683928,-0.18251,1.8826,0.0
1790743213.51087,-0.18206,1.88299,0.0
1790743213.567054,-0.18189,1.88293,0.0
1790743213.625062,-0.18183,1.88294,0.0
1790743213.668073,-0.18179,1.88287,0.0
1790743213.7290828,-0.18175,1.88292,0.0
1790743213.769886,-0.1816,1.88278,0.0
1790743213.8289778,-0.18171,1.88277,0.0
1790743213.886486,-0.18191,1.88282,0.0
1790743213.947202,-0.18207,1.88292,0.0
1790743213.988346,-0.18201,1.883,0.0
1790743214.0507069,-0.18206,1.88291,0.0
1790743214.087616,-0.182,1.88265,0.0
1790743214.148275,-0.18185,1.88259,0.0
1790743214.20782,-0.1819,1.88272,0.0
1790743214.270727,-0.18205,1.88336,0.0
1790743214.32719,-0.18219,1.88337,0.0
1790743214.36888,-0.18234,1.88319,0.0
1790743214.426985,-0.18267,1.88338,0.0
1790743214.4870179,-0.18275,1.88345,0.0
1790743214.528764,-0.18272,1.88341,0.0
1790743214.588224,-0.1826,1.88342,0.0
1790743214.628693,-0.18247,1.88347,0.0
1790743214.68845,-0.18242,1.88363,0.0
1790743214.749117,-0.18237,1.88369,0.0
1790743214.7890508,-0.18223,1.88374,0.0
1790743214.848523,-0.1821,1.88389,0.0
1790743214.907469,-0.18221,1.88383,0.0
1790743214.967541,-0.18225,1.88371,0.0
1790743215.029419,-0.18232,1.88344,0.0
1790743215.067959,-0.18246,1.88348,0.0
1790743215.1267579,-0.1823,1.88373,0.0
1790743215.168257,-0.18225,1.88377,0.0
1790743215.230752,-0.18214,1.88356,0.0
1790743215.287339,-0.18208,1.88339,0.0
1790743215.330218,-0.18196,1.88323,0.0
1790743215.388222,-0.18191,1.8833,0.0
1790743215.428756,-0.18181,1.88326,0.0
1790743215.4867141,-0.18173,1.88328,0.0
1790743215.548193,-0.18199,1.88345,0.0
1790743215.587258,-0.18205,1.88366,0.0
1790743215.647143,-0.18215,1.88358,0.0
1790743215.710183,-0.18214,1.88313,0.0
1790743215.76059,-0.18208,1.88233,0.0
1790743215.810924,-0.18209,1.882,0.0
1790743215.869133,-0.1822,1.8816,0.0
1790743215.910906,-0.18232,1.88141,0.0
1790743215.96913,-0.18232,1.88123,0.0
1790743216.0261362,-0.18233,1.881,0.0
1790743216.0716941,-0.18234,1.88094,0.0
1790743216.1276789,-0.18257,1.88095,0.0
1790743216.1692858,-0.18262,1.88115,0.0
1790743216.223619,-0.18274,1.88094,0.0
1790743216.289879,-0.18275,1.88048,0.0
1790743216.3310668,-0.18281,1.88013,0.0
1790743216.3880582,-0.18299,1.87998,0.0
1790743216.4473789,-0.18273,1.87995,0.0
1790743216.492688,-0.18264,1.88006,0.0
1790743216.54938,-0.18263,1.88016,0.0
1790743216.591521,-0.18274,1.88023,0.0
1790743216.649169,-0.18259,1.88033,0.0
1790743216.695499,-0.18259,1.88023,0.0
1790743216.74896,-0.18265,1.88018,0.0
1790743216.808209,-0.18269,1.88057,0.0
1790743216.869077,-0.18272,1.88039,0.0
1790743216.912216,-0.1827,1.88025,0.0
1790743216.969631,-0.18259,1.88007,0.0
1790743217.009451,-0.18257,1.88009,0.0
1790743217.0691469,-0.18256,1.88009,0.0
1790743217.1089,-0.18264,1.88015,0.0
1790743217.1836941,-0.18266,1.88013,0.0
1790743217.228342,-0.1827,1.881,0.0
1790743217.293225,-0.18278,1.88649,0.0
1790743217.327677,-0.18347,1.89969,0.0
1790743217.3967218,-0.18228,1.91819,0.0
1790743217.4489658,-0.18109,1.93852,0.0
1790743217.496053,-0.18022,1.95746,0.0
1790743217.549289,-0.18039,1.97328,0.0
1790743217.5967171,-0.18039,1.98533,0.0
1790743217.649162,-0.18023,1.99459,0.0
1790743217.693025,-0.18035,2.0028,0.0
1790743217.749387,-0.18041,2.02192,0.0
1790743217.809914,-0.18041,2.02192,0.0
1790743217.847394,-0.17982,2.04904,0.0
1790743217.9094589,-0.17877,2.06463,0.0
1790743217.971715,-0.17771,2.07976,0.0
1790743218.0100539,-0.17646,2.09357,0.0
1790743218.06775,-0.17454,2.1058,0.0
1790743218.129323,-0.17253,2.11655,0.0
1790743218.17153,-0.17005,2.1268,0.0
1790743218.226485,-0.16681,2.13755,0.0
1790743218.273015,-0.16387,2.14914,0.0
1790743218.328969,-0.16216,2.16181,0.0
1790743218.3836858,-0.16094,2.17529,0.0
1790743218.430252,-0.16045,2.18934,0.0
1790743218.49046,-0.16048,2.20303,0.0
1790743218.530398,-0.15966,2.21643,0.0
1790743218.5925848,-0.15735,2.22888,0.0
1790743218.6291971,-0.15612,2.24093,0.0
1790743218.6897979,-0.15555,2.25248,0.0
1790743218.7468271,-0.15624,2.26434,0.0
1790743218.793477,-0.15595,2.27646,0.0
1790743218.849746,-0.15705,2.28919,0.0
1790743218.906389,-0.16706,2.31517,0.0
1790743218.947121,-0.1716,2.32768,0.0
1790743219.0078201,-0.17348,2.34027,0.0
1790743219.0474849,-0.17367,2.35274,0.0
1790743219.107786,-0.1714,2.36529,0.0
1790743219.147166,-0.16792,2.37788,0.0
1790743219.2091992,-0.16305,2.3903,0.0
1790743219.270619,-0.15724,2.40208,0.0
1790743219.329108,-0.15242,2.41213,0.0
1790743219.369973,-0.15127,2.42036,0.0
1790743219.445618,-0.15322,2.42658,0.0
1790743219.48825,-0.1545,2.42918,0.0
1790743219.5453272,-0.15458,2.4299,0.0
1790743219.585045,-0.15446,2.42975,0.0
1790743219.6478798,-0.15445,2.42912,0.0
1790743219.709347,-0.15429,2.42772,0.0
1790743219.7448251,-0.15429,2.42772,0.0
1790743219.8073769,-0.15372,2.42747,0.0
1790743219.847594,-0.15332,2.42711,0.0
1790743219.9091892,-0.1523,2.42708,0.0
1790743219.9674299,-0.14939,2.42723,0.0
1790743220.007096,-0.14403,2.42759,0.0
1790743220.069234,-0.1379,2.42814,0.0
1790743220.1278489,-0.13279,2.42864,0.0
1790743220.169378,-0.13127,2.4284,0.0
1790743220.227742,-0.13186,2.42777,0.0
1790743220.287515,-0.13149,2.42735,0.0
1790743220.327788,-0.12953,2.42726,0.0
1790743220.3877819,-0.12585,2.42743,0.0
1790743220.4280372,-0.12055,2.42815,0.0
1790743220.487912,-0.11453,2.42917,0.0
1790743220.5295439,-0.10857,2.43006,0.0
1790743220.5894191,-0.10333,2.43019,0.0
1790743220.644556,-0.09985,2.42927,0.0
1790743220.689465,-0.09909,2.42842,0.0
1790743220.7473779,-0.09974,2.42785,0.0
1790743220.8046641,-0.10002,2.42774,0.0
1790743220.8458219,-0.10017,2.4283,0.0
1790743220.909645,-0.10001,2.42872,0.0
1790743220.954041,-0.09987,2.42869,0.0
1790743221.0022662,-0.09984,2.42866,0.0
1790743221.069055,-0.09997,2.42857,0.0
1790743221.1074188,-0.09993,2.42867,0.0
1790743221.1689641,-0.09998,2.4286,0.0
1790743221.206408,-0.1,2.42842,0.0
1790743221.27023,-0.09991,2.4284,0.0
1790743221.329341,-0.09994,2.42829,0.0
1790743221.367669,-0.1,2.42833,0.0
1790743221.427571,-0.10016,2.42837,0.0
1790743221.46711,-0.10011,2.42828,0.0
1790743221.528672,-0.09997,2.42823,0.0
1790743221.5891042,-0.10013,2.42849,0.0
1790743221.6278021,-0.10007,2.4286,0.0
1790743221.7018912,-0.10001,2.42858,0.0
1790743221.7576609,-0.10005,2.42855,0.0
1790743221.811473,-0.10017,2.42839,0.0
1790743221.851952,-0.10029,2.42833,0.0
1790743221.907627,-0.10047,2.4282,0.0
1790743221.957087,-0.10042,2.42827,0.0
1790743222.008978,-0.10058,2.42819,0.0
1790743222.0617752,-0.10059,2.42818,0.0
1790743222.1088629,-0.10056,2.42822,0.0
1790743222.165663,-0.10051,2.42828,0.0
1790743222.205109,-0.10046,2.42835,0.0
1790743222.2675142,-0.1004,2.42836,0.0
1790743222.307349,-0.10034,2.42837,0.0
1790743222.3695638,-0.1003,2.42836,0.0
1790743222.430478,-0.10022,2.42834,0.0
1790743222.465132,-0.10017,2.42835,0.0
1790743222.5306082,-0.10014,2.42837,0.0
1790743222.566592,-0.10009,2.42837,0.0
1790743222.633941,-0.10005,2.42836,0.0
1790743222.667594,-0.10002,2.42835,0.0
1790743222.728655,-0.09998,2.42837,0.0
1790743222.808218,-0.09993,2.42837,0.0
1790743222.8359659,-0.0999,2.42838,0.0
1790743222.8914938,-0.09987,2.42839,0.0
1790743222.947805,-0.09985,2.42839,0.0
1790743223.007968,-0.09977,2.42844,0.0
1790743223.049393,-0.09955,2.43146,0.0
1790743223.103405,-0.09955,2.43146,0.0
1790743223.1492229,-0.09922,2.44897,0.0
1790743223.209853,-0.09898,2.46183,0.0
1790743223.255108,-0.09898,2.46183,0.0
1790743223.3075662,-0.09865,2.48492,0.0
1790743223.367075,-0.09831,2.49219,0.0
1790743223.4093812,-0.09828,2.49715,0.0
1790743223.4681118,-0.09834,2.50092,0.0
1790743223.509301,-0.09828,2.50491,0.0
1790743223.5692139,-0.09818,2.51042,0.0
1790743223.628994,-0.09815,2.51792,0.0
1790743223.66486,-0.09832,2.52486,0.0
1790743223.727787,-0.09813,2.52784,0.0
1790743223.767394,-0.09756,2.52787,0.0
1790743223.8291168,-0.09724,2.52771,0.0
1790743223.902994,-0.09693,2.52779,0.0
1790743223.948355,-0.10142,2.52843,0.0
1790743224.009859,-0.10142,2.52843,0.0
1790743224.049209,-0.10189,2.52815,0.0
1790743224.1110349,-0.10206,2.52792,0.0
1790743224.166601,-0.1025,2.52826,0.0
1790743224.209235,-0.10224,2.52859,0.0
1790743224.268862,-0.10184,2.52898,0.0
1790743224.309584,-0.10106,2.52932,0.0
1790743224.367611,-0.10049,2.52957,0.0
1790743224.4080791,-0.09975,2.52985,0.0
1790743224.4680882,-0.09712,2.52655,0.0
1790743224.52863,-0.09608,2.52454,0.0
1790743224.5677881,-0.0964,2.52342,0.0
1790743224.6290271,-0.09675,2.52279,0.0
1790743224.683433,-0.09603,2.52156,0.0
1790743224.72782,-0.09284,2.51951,0.0
1790743224.7888908,-0.08621,2.51548,0.0
1790743224.84901,-0.07806,2.51027,0.0
1790743224.890315,-0.06891,2.50437,0.0
1790743224.9471638,-0.05935,2.49762,0.0
1790743224.982172,-0.05135,2.49141,0.0
1790743225.048987,-0.04541,2.48662,0.0
1790743225.0875268,-0.04294,2.48443,0.0
1790743225.149033,-0.04321,2.48435,0.0
1790743225.204654,-0.04321,2.48435,0.0
1790743225.2688682,-0.04506,2.48706,0.0
1790743225.313776,-0.04537,2.4873,0.0
1790743225.369953,-0.04576,2.48714,0.0
1790743225.414647,-0.046,2.48688,0.0
1790743225.467532,-0.04582,2.48663,0.0
1790743225.5133,-0.04542,2.48626,0.0
1790743225.567769,-0.0452,2.48623,0.0
1790743225.627945,-0.04493,2.48621,0.0
1790743225.669195,-0.0446,2.48657,0.0
1790743225.727797,-0.04468,2.4867,0.0
1790743225.784669,-0.04454,2.48655,0.0
1790743225.829095,-0.04444,2.48639,0.0
1790743225.894041,-0.04456,2.48641,0.0
1790743225.927985,-0.04443,2.48617,0.0
1790743225.9890718,-0.0441,2.48611,0.0
1790743226.029254,-0.04394,2.48599,0.0
1790743226.09131,-0.04385,2.48579,0.0
1790743226.129109,-0.04378,2.48572,0.0
1790743226.1890738,-0.04418,2.48591,0.0
1790743226.249519,-0.04461,2.48616,0.0
1790743226.310418,-0.04452,2.48638,0.0
1790743226.344479,-0.04431,2.48656,0.0
1790743226.411229,-0.04461,2.48636,0.0
1790743226.4446442,-0.04422,2.48504,0.0
1790743226.5134988,-0.04422,2.48504,0.0
1790743226.5473878,-0.04386,2.48497,0.0
1790743226.6127841,-0.04345,2.48526,0.0
1790743226.6687748,-0.04385,2.48442,0.0
1790743226.7101288,-0.0451,2.48267,0.0
1790743226.7693388,-0.04579,2.48189,0.0
1790743226.815958,-0.0462,2.482,0.0
1790743226.872333,-0.04642,2.4823,0.0
1790743226.912951,-0.04647,2.48251,0.0
1790743226.96903,-0.04666,2.48272,0.0
1790743227.02953,-0.04652,2.48276,0.0
1790743227.069361,-0.04616,2.48273,0.0
1790743227.127813,-0.04605,2.4828,0.0
1790743227.167718,-0.04635,2.48305,0.0
1790743227.2280178,-0.04679,2.4833,0.0
1790743227.3003352,-0.04704,2.48336,0.0
1790743227.387648,-0.04749,2.48398,0.0
1790743227.43021,-0.04768,2.48395,0.0
1790743227.487604,-0.0481,2.48399,0.0
1790743227.547147,-0.04856,2.48395,0.0
1790743227.589178,-0.04907,2.48401,0.0
1790743227.6492002,-0.04995,2.48372,0.0
1790743227.709026,-0.05108,2.48339,0.0
1790743227.754975,-0.05254,2.4827,0.0
1790743227.809215,-0.05284,2.48267,0.0
1790743227.867927,-0.05285,2.4829,0.0
1790743227.909156,-0.05287,2.48295,0.0
1790743227.967957,-0.05291,2.48285,0.0
1790743228.0279949,-0.05282,2.48278,0.0
1790743228.0681012,-0.05272,2.48268,0.0
1790743228.128661,-0.05281,2.48287,0.0
1790743228.1909702,-0.05288,2.48326,0.0
1790743228.229335,-0.05306,2.48327,0.0
1790743228.2913768,-0.05279,2.48318,0.0
1790743228.347806,-0.05266,2.48321,0.0
1790743228.431448,-0.05282,2.48349,0.0
1790743228.469246,-0.05291,2.48354,0.0
1790743228.527544,-0.05335,2.48369,0.0
1790743228.589934,-0.05351,2.48372,0.0
1790743228.628885,-0.05338,2.48364,0.0
1790743228.69002,-0.05334,2.48326,0.0
1790743228.751807,-0.0534,2.48329,0.0
1790743228.789249,-0.05354,2.48322,0.0
1790743228.847256,-0.05364,2.48324,0.0
1790743228.89335,-0.05382,2.48305,0.0
1790743228.949153,-0.05362,2.48295,0.0
1790743229.004601,-0.05359,2.48269,0.0
1790743229.047915,-0.05387,2.48252,0.0
1790743229.1091578,-0.05376,2.48255,0.0
1790743229.16227,-0.05368,2.48243,0.0
1790743229.2074518,-0.05365,2.48218,0.0
1790743229.2688792,-0.05359,2.48208,0.0
1790743229.329139,-0.05337,2.48208,0.0
1790743229.36735,-0.05301,2.48196,0.0
1790743229.4250119,-0.05297,2.48186,0.0
1790743229.488965,-0.05325,2.48206,0.0
1790743229.529183,-0.05325,2.48197,0.0
1790743229.590292,-0.0531,2.48184,0.0
1790743229.6494222,-0.05298,2.48169,0.0
1790743229.689012,-0.0529,2.48164,0.0
1790743229.752189,-0.05271,2.48159,0.0
1790743229.789579,-0.05258,2.48159,0.0
1790743229.8488278,-0.05258,2.48161,0.0
1790743229.889338,-0.05266,2.48169,0.0
1790743229.9489899,-0.05282,2.48188,0.0
1790743229.988981,-0.05264,2.4819,0.0
1790743230.050734,-0.05229,2.48167,0.0
1790743230.089047,-0.05235,2.48181,0.0
1790743230.147022,-0.0525,2.48205,0.0
1790743230.189128,-0.05245,2.48217,0.0
1790743230.248415,-0.05233,2.48224,0.0
1790743230.307741,-0.0522,2.48244,0.0
1790743230.3491871,-0.05214,2.48239,0.0
1790743230.409012,-0.05203,2.48218,0.0
1790743230.4707289,-0.05206,2.48181,0.0
1790743230.509063,-0.05215,2.48173,0.0
1790743230.574369,-0.05228,2.48174,0.0
1790743230.627924,-0.05025,2.48199,0.0
1790743230.689088,-0.04102,2.48192,0.0
1790743230.748405,-0.02532,2.48162,0.0
1790743230.808979,-0.00657,2.48258,0.0
1790743230.86258,0.0296,2.48331,0.0
1790743230.909083,0.04464,2.4834,0.0
1790743230.9733891,0.05664,2.48331,0.0
1790743231.027903,0.06649,2.4833,0.0
1790743231.075882,0.07559,2.48315,0.0
1790743231.130857,0.08531,2.48335,0.0
1790743231.190997,0.09651,2.4831,0.0
1790743231.22701,0.10945,2.48297,0.0
1790743231.28784,0.12401,2.48264,0.0
1790743231.3476312,0.13901,2.48198,0.0
1790743231.3896801,0.15355,2.48074,0.0
1790743231.451711,0.16643,2.47843,0.0
1790743231.508737,0.17795,2.47573,0.0
1790743231.548384,0.1999,2.46995,0.0
1790743231.608856,0.1999,2.46995,0.0
1790743231.64908,0.22409,2.46803,0.0
1790743231.7072132,0.237,2.46831,0.0
1790743231.770324,0.25031,2.46818,0.0
1790743231.807584,0.26375,2.46824,0.0
1790743231.8703969,0.27711,2.46877,0.0
1790743231.911871,0.28968,2.4694,0.0
1790743231.971236,0.30171,2.47035,0.0
1790743232.023157,0.31355,2.47099,0.0
1790743232.069452,0.3257,2.47107,0.0
1790743232.1244678,0.33793,2.47131,0.0
1790743232.168926,0.35093,2.47159,0.0
1790743232.2271569,0.36392,2.47149,0.0
1790743232.284619,0.37683,2.47129,0.0
1790743232.325669,0.3898,2.47128,0.0
1790743232.385705,0.40279,2.47185,0.0
1790743232.427168,0.41549,2.47172,0.0
1790743232.488943,0.42815,2.4714,0.0
1790743232.526975,0.44073,2.47174,0.0
1790743232.5821471,0.45349,2.47175,0.0
1790743232.6498728,0.46591,2.47156,0.0
1790743232.682781,0.47846,2.47129,0.0
1790743232.751549,0.49097,2.47136,0.0
1790743232.7871392,0.50352,2.47122,0.0
1790743232.8492842,0.51637,2.47121,0.0
1790743232.928946,0.54082,2.47128,0.0
1790743232.970319,0.55039,2.47128,0.0
1790743233.03421,0.55707,2.47148,0.0
1790743233.072117,0.56154,2.47155,0.0
1790743233.13617,0.56382,2.47164,0.0
1790743233.184323,0.56433,2.47198,0.0
1790743233.233084,0.56447,2.47226,0.0
1790743233.287225,0.56445,2.47247,0.0
1790743233.3324292,0.56416,2.47266,0.0
1790743233.39245,0.56373,2.47262,0.0
1790743233.4454432,0.56332,2.47242,0.0
1790743233.487262,0.56317,2.47209,0.0
1790743233.552563,0.56314,2.47178,0.0
1790743233.589691,0.56307,2.47158,0.0
1790743233.649947,0.56262,2.4714,0.0
1790743233.7156632,0.56262,2.4714,0.0
1790743233.749789,0.56288,2.47121,0.0
1790743233.8085492,0.56298,2.4712,0.0
1790743233.872027,0.56317,2.47115,0.0
1790743233.9132779,0.5633,2.47108,0.0
1790743233.969252,0.56342,2.47105,0.0
1790743234.012757,0.56365,2.47096,0.0
1790743234.072181,0.5637,2.47104,0.0
1790743234.138496,0.56349,2.4711,0.0
1790743234.1718311,0.56327,2.47115,0.0
1790743234.235326,0.56326,2.47126,0.0
1790743234.2928078,0.56344,2.47136,0.0
1790743234.344905,0.56349,2.47139,0.0
1790743234.391039,0.56363,2.47132,0.0
1790743234.4520352,0.5636,2.47132,0.0
1790743234.487093,0.56374,2.4713,0.0
1790743234.550246,0.56388,2.4713,0.0
1790743234.611167,0.56398,2.47117,0.0
1790743234.648366,0.56407,2.47131,0.0
1790743234.712061,0.56409,2.47148,0.0
1790743234.749845,0.56424,2.47171,0.0
1790743234.815846,0.56436,2.47168,0.0
1790743234.871318,0.56441,2.47181,0.0
1790743234.9101398,0.56443,2.47208,0.0
1790743234.9694562,0.56431,2.47213,0.0
1790743235.035167,0.56428,2.47197,0.0
1790743235.071626,0.56424,2.47198,0.0
1790743235.139081,0.56419,2.47204,0.0
1790743235.194199,0.56414,2.47209,0.0
1790743235.249946,0.56407,2.47218,0.0
1790743235.293482,0.56404,2.47229,0.0
1790743235.351818,0.56398,2.47235,0.0
1790743235.390599,0.56395,2.47243,0.0
1790743235.4531898,0.56382,2.47259,0.0
1790743235.50973,0.56382,2.47259,0.0
1790743235.55357,0.56374,2.47269,0.0
1790743235.612501,0.56368,2.47272,0.0
1790743235.672273,0.56363,2.47276,0.0
1790743235.7324748,0.5636,2.47277,0.0
1790743235.767478,0.56365,2.47316,0.0
1790743235.8318348,0.5635,2.47539,0.0
1790743235.8685281,0.56281,2.48097,0.0
1790743235.933909,0.56247,2.49025,0.0
1790743235.975691,0.56227,2.50263,0.0
1790743236.033909,0.56153,2.51417,0.0
1790743236.090102,0.56105,2.52428,0.0
1790743236.132993,0.56154,2.53239,0.0
1790743236.191777,0.56249,2.53843,0.0
1790743236.250506,0.56387,2.54329,0.0
1790743236.293934,0.56481,2.54516,0.0
1790743236.3488379,0.56564,2.54437,0.0
1790743236.4124951,0.56586,2.54448,0.0
1790743236.4517262,0.56588,2.54461,0.0
1790743236.5096982,0.56547,2.54263,0.0
1790743236.562786,0.56511,2.53977,0.0
1790743236.611597,0.56496,2.53968,0.0
1790743236.669954,0.56464,2.53926,0.0
1790743236.7290492,0.56435,2.53874,0.0
1790743236.768072,0.56446,2.53885,0.0
1790743236.828268,0.56561,2.53928,0.0
1790743236.8699,0.5666,2.53984,0.0
1790743236.9293902,0.56775,2.54004,0.0
1790743236.969321,0.56862,2.54043,0.0
1790743237.035605,0.56901,2.5406,0.0
1790743237.090373,0.5688,2.54112,0.0
1790743237.129328,0.56866,2.54109,0.0
1790743237.188607,0.56856,2.54153,0.0
1790743237.2303748,0.56851,2.5415,0.0
1790743237.288815,0.56836,2.5421,0.0
1790743237.358898,0.56886,2.54227,0.0
1790743237.412052,0.57038,2.5429,0.0
1790743237.47,0.57098,2.54283,0.0
1790743237.51316,0.57086,2.54282,0.0
1790743237.574097,0.57053,2.54271,0.0
1790743237.6286678,0.5702,2.54309,0.0
1790743237.671944,0.56979,2.54325,0.0
1790743237.731946,0.57003,2.54363,0.0
1790743237.792844,0.57018,2.54387,0.0
1790743237.828867,0.57026,2.54463,0.0
1790743237.8920472,0.57005,2.54471,0.0
1790743237.951627,0.57019,2.54509,0.0
1790743237.993768,0.56844,2.54561,0.0
1790743238.048599,0.56654,2.54506,0.0
1790743238.0963871,0.56522,2.5439,0.0
1790743238.1483011,0.56452,2.54322,0.0
1790743238.2108202,0.56371,2.54327,0.0
1790743238.252285,0.56154,2.5442,0.0
1790743238.310076,0.56154,2.5442,0.0
1790743238.349928,0.56134,2.54429,0.0
1790743238.410872,0.56251,2.54366,0.0
1790743238.462898,0.56402,2.54261,0.0
1790743238.511431,0.56429,2.54222,0.0
1790743238.574399,0.5644,2.54212,0.0
1790743238.6298912,0.56446,2.54211,0.0
1790743238.6707041,0.56491,2.54198,0.0
1790743238.72994,0.5652,2.54196,0.0
1790743238.773109,0.56545,2.54201,0.0
1790743238.831445,0.56562,2.54196,0.0
1790743238.894907,0.56564,2.54199,0.0
1790743238.944355,0.56563,2.54211,0.0
1790743238.99555,0.56574,2.54215,0.0
1790743239.051668,0.56587,2.54203,0.0
1790743239.109834,0.56645,2.54149,0.0
1790743239.150762,0.56644,2.54156,0.0
1790743239.208034,0.56664,2.54192,0.0
1790743239.2682939,0.56672,2.54201,0.0
1790743239.308924,0.56676,2.54175,0.0
1790743239.374528,0.56671,2.54175,0.0
1790743239.429983,0.56668,2.54195,0.0
1790743239.474593,0.56659,2.54182,0.0
1790743239.530497,0.56674,2.54168,0.0
1790743239.5738711,0.56686,2.54157,0.0
1790743239.647935,0.5671,2.54152,0.0
1790743239.687566,0.56697,2.54134,0.0
1790743239.7497332,0.56686,2.54146,0.0
1790743239.794163,0.56685,2.54188,0.0
1790743239.848642,0.56694,2.54205,0.0
1790743239.9099379,0.56711,2.54201,0.0
1790743239.948606,0.56732,2.54185,0.0
1790743240.009142,0.56737,2.54178,0.0
1790743240.048715,0.56747,2.54183,0.0
1790743240.109021,0.56759,2.54176,0.0
1790743240.1692748,0.56763,2.54142,0.0
1790743240.212336,0.56765,2.5413,0.0
1790743240.270032,0.56756,2.54141,0.0
1790743240.3108869,0.56773,2.54164,0.0
1790743240.371725,0.5679,2.54158,0.0
1790743240.4096189,0.56793,2.54162,0.0
1790743240.469701,0.56785,2.54189,0.0
1790743240.5100281,0.56789,2.54211,0.0
1790743240.568555,0.56811,2.54201,0.0
1790743240.630523,0.5681,2.54164,0.0
1790743240.670249,0.56833,2.54129,0.0
1790743240.729887,0.56841,2.54114,0.0
1790743240.7828522,0.56855,2.54138,0.0
1790743240.828866,0.56858,2.54166,0.0
1790743240.8879519,0.5687,2.54194,0.0
1790743240.9298592,0.56896,2.54195,0.0
1790743240.990583,0.5689,2.5416,0.0
1790743241.044917,0.56912,2.54179,0.0
1790743241.092063,0.5693,2.54214,0.0
1790743241.146625,0.56933,2.54234,0.0
1790743241.194138,0.56924,2.54231,0.0
1790743241.249492,0.56917,2.54218,0.0
1790743241.3096771,0.56904,2.54197,0.0
1790743241.353934,0.56903,2.54194,0.0
1790743241.410005,0.56909,2.54185,0.0
1790743241.4499671,0.56915,2.54202,0.0
1790743241.5085618,0.56949,2.54567,0.0
1790743241.553792,0.56981,2.55707,0.0
1790743241.613137,0.56973,2.5741,0.0
1790743241.653567,0.56941,2.59287,0.0
1790743241.710409,0.56944,2.61154,0.0
1790743241.772641,0.56928,2.62913,0.0
1790743241.8101718,0.56933,2.64362,0.0
1790743241.871555,0.56921,2.65475,0.0
1790743241.9284961,0.56933,2.66367,0.0
1790743241.971672,0.56927,2.67202,0.0
1790743242.030644,0.56955,2.68141,0.0
1790743242.070817,0.56965,2.69274,0.0
1790743242.131209,0.56959,2.70621,0.0
1790743242.188145,0.56978,2.72099,0.0
1790743242.232318,0.56976,2.73617,0.0
1790743242.2906659,0.56968,2.75031,0.0
1790743242.340985,0.56949,2.76295,0.0
1790743242.390505,0.56967,2.7739,0.0
1790743242.45249,0.57035,2.7841,0.0
1790743242.507446,0.57145,2.80591,0.0
1790743242.547502,0.57365,2.81885,0.0
1790743242.609638,0.57701,2.83236,0.0
1790743242.673173,0.58069,2.8462,0.0
1790743242.705342,0.58481,2.85998,0.0
1790743242.771345,0.58818,2.87312,0.0
1790743242.831939,0.59088,2.88537,0.0
1790743242.890153,0.59135,2.89691,0.0
1790743242.9302342,0.59054,2.90815,0.0
1790743242.989959,0.59071,2.91934,0.0
1790743243.033319,0.59209,2.93123,0.0
1790743243.088532,0.59473,2.94396,0.0
1790743243.1273432,0.59843,2.95722,0.0
1790743243.18826,0.60256,2.9708,0.0
1790743243.235014,0.60653,2.98348,0.0
1790743243.30439,0.60842,2.99523,0.0
1790743243.347606,0.60904,3.01408,0.0
1790743243.4075289,0.61009,3.0215,0.0
1790743243.45582,0.61124,3.02679,0.0
1790743243.5093498,0.6113,3.02845,0.0
1790743243.5555499,0.61066,3.02784,0.0
1790743243.6098611,0.60998,3.02697,0.0
1790743243.666852,0.60977,3.02654,0.0
1790743243.70856,0.6096,3.02631,0.0
1790743243.770421,0.60961,3.02466,0.0
1790743243.807219,0.60904,3.01771,0.0
1790743243.8689878,0.60836,3.0053,0.0
1790743243.908202,0.60852,2.98977,0.0
1790743243.968599,0.60829,2.97357,0.0
1790743244.0102808,0.60786,2.95843,0.0
1790743244.0739882,0.60778,2.94679,0.0
1790743244.154279,0.60806,2.93847,0.0
1790743244.188255,0.60821,2.93252,0.0
1790743244.255477,0.60824,2.92692,0.0
1790743244.30866,0.60889,2.91076,0.0
1790743244.368117,0.60866,2.89946,0.0
1790743244.4042292,0.60893,2.88678,0.0
1790743244.469197,0.60875,2.87414,0.0
1790743244.5067232,0.6089,2.86248,0.0
1790743244.571578,0.60887,2.85222,0.0
1790743244.631565,0.60856,2.84356,0.0
1790743244.688394,0.60855,2.83531,0.0
1790743244.729941,0.60845,2.82719,0.0
1790743244.788542,0.6085,2.8185,0.0
1790743244.848213,0.60851,2.80843,0.0
1790743244.889518,0.60835,2.79776,0.0
1790743244.94995,0.6085,2.78623,0.0
1790743244.988692,0.6086,2.7748,0.0
1790743245.048969,0.60847,2.76403,0.0
1790743245.0899,0.60826,2.75398,0.0
1790743245.1499882,0.60788,2.74483,0.0
1790743245.210034,0.60781,2.72676,0.0
1790743245.265406,0.60774,2.71726,0.0
1790743245.309309,0.60763,2.70687,0.0
1790743245.3724658,0.60765,2.69622,0.0
1790743245.411018,0.60755,2.68584,0.0
1790743245.473516,0.6077,2.67522,0.0
1790743245.511043,0.6074,2.66507,0.0
1790743245.572914,0.60738,2.65512,0.0
1790743245.628007,0.60728,2.64546,0.0
1790743245.667049,0.60719,2.63584,0.0
1790743245.729694,0.60723,2.62622,0.0
1790743245.792372,0.60717,2.61656,0.0
1790743245.830326,0.60696,2.60651,0.0
1790743245.8895922,0.60714,2.5963,0.0
1790743245.9284601,0.60695,2.58579,0.0
1790743245.9935129,0.60681,2.57524,0.0
1790743246.052458,0.60667,2.56497,0.0
1790743246.092932,0.60661,2.5549,0.0
1790743246.149924,0.60684,2.54515,0.0
1790743246.191987,0.60682,2.53521,0.0
1790743246.265534,0.60654,2.51482,0.0
1790743246.314545,0.60614,2.50532,0.0
1790743246.3788009,0.60586,2.49558,0.0
1790743246.427546,0.60503,2.48629,0.0
1790743246.489716,0.60472,2.47653,0.0
1790743246.530389,0.6044,2.46629,0.0
1790743246.5942059,0.60417,2.45598,0.0
1790743246.648559,0.60384,2.4458,0.0
1790743246.691657,0.60365,2.43596,0.0
1790743246.752047,0.60329,2.42637,0.0
1790743246.8147168,0.60307,2.40977,0.0
1790743246.8497531,0.60333,2.40735,0.0
1790743246.912075,0.60326,2.40708,0.0
1790743246.9503438,0.60315,2.40687,0.0
1790743247.012224,0.60306,2.40661,0.0
1790743247.050928,0.60317,2.40645,0.0
1790743247.1129642,0.60296,2.40659,0.0
1790743247.170986,0.60294,2.40661,0.0
1790743247.2129421,0.60285,2.40659,0.0
1790743247.269043,0.60269,2.40662,0.0
1790743247.315487,0.60273,2.40666,0.0
1790743247.370731,0.60276,2.40674,0.0
1790743247.429027,0.60277,2.40629,0.0
1790743247.4696362,0.60006,2.40713,0.0
1790743247.5309708,0.59866,2.40781,0.0
1790743247.570068,0.59798,2.40794,0.0
1790743247.628781,0.59698,2.40841,0.0
1790743247.669722,0.59659,2.40868,0.0
1790743247.729643,0.59711,2.40825,0.0
1790743247.7929752,0.59781,2.40778,0.0
1790743247.849632,0.59915,2.40762,0.0
1790743247.884413,0.60037,2.40806,0.0
1790743247.9498281,0.60183,2.40826,0.0
1790743247.9870698,0.60241,2.40907,0.0
1790743248.048363,0.60207,2.40938,0.0
1790743248.092505,0.60148,2.40983,0.0
1790743248.150509,0.6006,2.4096,0.0
1790743248.211988,0.60079,2.40981,0.0
1790743248.2554839,0.60079,2.40981,0.0
1790743248.312299,0.60245,2.40917,0.0
1790743248.353327,0.60337,2.40888,0.0
1790743248.414845,0.60401,2.40873,0.0
1790743248.450953,0.60419,2.40892,0.0
1790743248.510586,0.60414,2.40959,0.0
1790743248.549784,0.60372,2.41011,0.0
1790743248.629419,0.60351,2.40979,0.0
1790743248.6866848,0.60362,2.40893,0.0
1790743248.7304971,0.60394,2.4082,0.0
1790743248.7912629,0.60409,2.4073,0.0
1790743248.846848,0.60344,2.40514,0.0
1790743248.887255,0.60309,2.40384,0.0
1790743248.949933,0.60317,2.40282,0.0
1790743249.011893,0.60362,2.40212,0.0
1790743249.0499709,0.6041,2.40188,0.0
1790743249.090108,0.6038,2.40056,0.0
1790743249.149983,0.6028,2.4,0.0
1790743249.21402,0.60108,2.39928,0.0
1790743249.268645,0.60058,2.39935,0.0
1790743249.33072,0.60123,2.40105,0.0
1790743249.3747258,0.60158,2.40177,0.0
1790743249.430031,0.60163,2.40209,0.0
1790743249.473814,0.60143,2.40246,0.0
1790743249.528322,0.60116,2.40248,0.0
1790743249.5899441,0.60093,2.4029,0.0
1790743249.630322,0.60063,2.40301,0.0
1790743249.690179,0.60055,2.40289,0.0
1790743249.731466,0.6006,2.40291,0.0
1790743249.791612,0.60057,2.40292,0.0
1790743249.844394,0.60051,2.40283,0.0
1790743249.88989,0.60043,2.40286,0.0
1790743249.94911,0.60036,2.40302,0.0
1790743249.991918,0.60036,2.40301,0.0
1790743250.053028,0.60014,2.40298,0.0
1790743250.091667,0.59993,2.40292,0.0
1790743250.1517498,0.59967,2.40277,0.0
1790743250.208714,0.59969,2.40296,0.0
1790743250.25131,0.59958,2.40292,0.0
1790743250.3100631,0.59926,2.40295,0.0
1790743250.3688278,0.59923,2.40296,0.0
1790743250.408288,0.59944,2.40287,0.0
1790743250.469495,0.5995,2.40288,0.0
1790743250.526907,0.59941,2.40272,0.0
1790743250.574759,0.59931,2.40261,0.0
1790743250.62885,0.59922,2.40265,0.0
1790743250.6750631,0.59937,2.40274,0.0
1790743250.730886,0.59922,2.40284,0.0
1790743250.7895172,0.599,2.40275,0.0
1790743250.848557,0.59888,2.40274,0.0
1790743250.890688,0.59886,2.40279,0.0
1790743250.952278,0.59914,2.40276,0.0
1790743251.0126112,0.59931,2.40283,0.0
1790743251.050997,0.59905,2.4027,0.0
1790743251.1081622,0.59899,2.40274,0.0
1790743251.151212,0.5991,2.40285,0.0
1790743251.211359,0.59908,2.40291,0.0
1790743251.275105,0.59907,2.40287,0.0
1790743251.3103528,0.59905,2.40294,0.0
1790743251.3738828,0.59903,2.403,0.0
1790743251.43188,0.59915,2.40296,0.0
1790743251.464232,0.59927,2.40297,0.0
1790743251.5303822,0.599,2.40299,0.0
1790743251.5671082,0.5989,2.4029,0.0
1790743251.629229,0.59871,2.40273,0.0
1790743251.693193,0.59892,2.40255,0.0
1790743251.7544792,0.599,2.40268,0.0
1790743251.809707,0.59903,2.40266,0.0
1790743251.863038,0.59905,2.40269,0.0
1790743251.909631,0.59893,2.40266,0.0
1790743251.9669352,0.59882,2.40262,0.0
1790743252.009962,0.59883,2.40261,0.0
1790743252.0750139,0.59873,2.40284,0.0
1790743252.129503,0.59846,2.40313,0.0
1790743252.172881,0.59853,2.40305,0.0
1790743252.2295291,0.59891,2.40285,0.0
1790743252.288825,0.59887,2.40263,0.0
1790743252.331501,0.59874,2.40247,0.0
1790743252.3885179,0.59846,2.40238,0.0
1790743252.4305978,0.59823,2.40229,0.0
1790743252.489697,0.59806,2.40217,0.0
1790743252.54996,0.59805,2.40211,0.0
1790743252.591105,0.59919,2.40282,0.0
1790743252.650281,0.60662,2.40851,0.0
1790743252.692788,0.62153,2.41784,0.0
1790743252.752565,0.65896,2.4329,0.0
1790743252.810621,0.6785,2.44025,0.0
1790743252.875099,0.69696,2.4488,0.0
1790743252.923999,0.71405,2.45846,0.0
1790743252.974951,0.72976,2.46858,0.0
1790743253.027002,0.74447,2.4786,0.0
1790743253.078563,0.75859,2.48669,0.0
1790743253.151903,0.77332,2.491,0.0
1790743253.191745,0.78873,2.49002,0.0
1790743253.25135,0.8037,2.48687,0.0
1790743253.310963,0.81832,2.48383,0.0
1790743253.350685,0.8477,2.48111,0.0
1790743253.41193,0.86277,2.48103,0.0
1790743253.450469,0.87822,2.48164,0.0
1790743253.510543,0.8935,2.48264,0.0
1790743253.5517461,0.90857,2.48457,0.0
1790743253.60921,0.92366,2.48563,0.0
1790743253.65068,0.93825,2.48508,0.0
1790743253.712577,0.95275,2.48475,0.0
1790743253.7738628,0.96712,2.48442,0.0
1790743253.822765,0.98169,2.48423,0.0
1790743253.8739982,0.99657,2.48434,0.0
1790743253.926063,1.01126,2.48447,0.0
1790743253.972245,1.02635,2.48464,0.0
1790743254.0291772,1.04153,2.48519,0.0
1790743254.073729,1.05645,2.48667,0.0
1790743254.136053,1.07125,2.48919,0.0
1790743254.189226,1.08583,2.49182,0.0
1790743254.2342389,1.10102,2.49354,0.0
1790743254.291339,1.11596,2.49335,0.0
1790743254.351378,1.1311,2.49285,0.0
1790743254.391684,1.14612,2.49232,0.0
1790743254.4512682,1.16088,2.49158,0.0
1790743254.4933991,1.17537,2.49144,0.0
1790743254.550814,1.19943,2.49082,0.0
1790743254.6092522,1.19943,2.49082,0.0
1790743254.651859,1.20971,2.49101,0.0
1790743254.7109709,1.208,2.49066,0.0
1790743254.770387,1.20482,2.49102,0.0
1790743254.817159,1.20278,2.49108,0.0
1790743254.8699572,1.20185,2.49114,0.0
1790743254.9128692,1.20158,2.49125,0.0
1790743254.971765,1.20145,2.49125,0.0
1790743255.0264351,1.20143,2.49111,0.0
1790743255.0706491,1.20148,2.49123,0.0
1790743255.128174,1.20148,2.49128,0.0
1790743255.170948,1.20159,2.49118,0.0
1790743255.227684,1.2017,2.49107,0.0
1790743255.271342,1.20195,2.49084,0.0
1790743255.3348532,1.20057,2.48773,0.0
1790743255.3934379,1.19997,2.48663,0.0
1790743255.4320378,1.19988,2.48635,0.0
1790743255.492836,1.20015,2.48587,0.0
1790743255.548743,1.20065,2.48565,0.0
1790743255.590333,1.20081,2.48613,0.0
1790743255.649322,1.20114,2.48651,0.0
1790743255.690909,1.20142,2.48715,0.0
1790743255.750657,1.20175,2.48791,0.0
1790743255.8026052,1.20177,2.48784,0.0
1790743255.850299,1.20241,2.48792,0.0
1790743255.909878,1.20241,2.48792,0.0
1790743255.949742,1.20278,2.4881,0.0
1790743256.0103118,1.20318,2.48819,0.0
1790743256.069598,1.20337,2.48852,0.0
1790743256.112011,1.20336,2.48896,0.0
1790743256.1717389,1.20346,2.48957,0.0
1790743256.2106571,1.20369,2.49008,0.0
1790743256.271046,1.20373,2.49016,0.0
1790743256.311139,1.20367,2.49007,0.0
1790743256.371853,1.2035,2.48988,0.0
1790743256.4334111,1.20365,2.4901,0.0
1790743256.468978,1.20373,2.49017,0.0
1790743256.5329869,1.20447,2.49013,0.0
1790743256.588732,1.20482,2.49025,0.0
1790743256.633249,1.2046,2.49111,0.0
1790743256.690811,1.2046,2.49137,0.0
1790743256.749299,1.20362,2.49113,0.0
1790743256.786981,1.20157,2.49141,0.0
1790743256.84869,1.20172,2.49148,0.0
1790743256.888082,1.20229,2.49187,0.0
1790743256.9528131,1.20246,2.49229,0.0
1790743257.0093188,1.19998,2.49277,0.0
1790743257.046697,1.1967,2.49176,0.0
1790743257.112323,1.19612,2.49092,0.0
1790743257.169257,1.19632,2.49054,0.0
1790743257.2107708,1.19796,2.4897,0.0
1790743257.269472,1.19879,2.48917,0.0
1790743257.310784,1.19906,2.48888,0.0
1790743257.370908,1.19916,2.48881,0.0
1790743257.4127848,1.19924,2.48882,0.0
1790743257.471633,1.19945,2.48889,0.0
1790743257.53179,1.1997,2.48914,0.0
1790743257.606718,1.19946,2.48953,0.0
1790743257.649385,1.1992,2.48947,0.0
1790743257.710928,1.19922,2.48928,0.0
1790743257.7697449,1.19903,2.48919,0.0
1790743257.834476,1.19915,2.48925,0.0
1790743257.871768,1.19922,2.48915,0.0
1790743257.927573,1.19934,2.48916,0.0
1790743257.970291,1.19959,2.48929,0.0
1790743258.032597,1.19994,2.48929,0.0
1790743258.0936089,1.20026,2.48898,0.0
1790743258.1336262,1.20045,2.48876,0.0
1790743258.193818,1.20071,2.4885,0.0
1790743258.2505841,1.20084,2.48844,0.0
1790743258.2950559,1.20122,2.4883,0.0
1790743258.352661,1.20147,2.48857,0.0
1790743258.4077098,1.20136,2.48854,0.0
1790743258.467016,1.20137,2.48841,0.0
1790743258.534667,1.20135,2.48822,0.0
1790743258.572693,1.20122,2.48837,0.0
1790743258.630336,1.20133,2.48853,0.0
1790743258.6695738,1.20156,2.48875,0.0
1790743258.733133,1.2017,2.48862,0.0
1790743258.78912,1.20189,2.48848,0.0
1790743258.833453,1.20194,2.48852,0.0
1790743258.8933802,1.20192,2.4886,0.0
1790743258.950725,1.20188,2.48875,0.0
1790743258.9859278,1.20177,2.48913,0.0
1790743259.050359,1.20177,2.48933,0.0
1790743259.095188,1.2019,2.4892,0.0
1790743259.150881,1.20204,2.48902,0.0
1790743259.2048872,1.20196,2.48874,0.0
1790743259.264852,1.20217,2.4884,0.0
1790743259.31305,1.20226,2.48839,0.0
1790743259.3644218,1.2022,2.48813,0.0
1790743259.4076412,1.20217,2.48788,0.0
1790743259.467117,1.20212,2.48769,0.0
1790743259.512137,1.202,2.48767,0.0
1790743259.570815,1.20185,2.48789,0.0
1790743259.634092,1.20192,2.48781,0.0
1790743259.69268,1.20195,2.48787,0.0
1790743259.73051,1.20206,2.48796,0.0
1790743259.79216,1.20219,2.488,0.0
1790743259.850533,1.20242,2.48756,0.0
1790743259.910624,1.20246,2.48828,0.0
1790743259.968844,1.20256,2.49417,0.0
1790743260.008924,1.20313,2.50774,0.0
1790743260.0652921,1.20416,2.5252,0.0
1790743260.126921,1.20492,2.54421,0.0
1790743260.170187,1.2056,2.56299,0.0
1790743260.2322738,1.2067,2.57928,0.0
1790743260.2933838,1.20669,2.59257,0.0
1790743260.328067,1.20674,2.60269,0.0
1790743260.3923671,1.20663,2.61139,0.0
1790743260.450006,1.20689,2.61995,0.0
1790743260.495619,1.20692,2.63006,0.0
1790743260.550515,1.20708,2.64226,0.0
1790743260.5930848,1.20722,2.65641,0.0
1790743260.650181,1.20756,2.67195,0.0
1790743260.693596,1.20749,2.68676,0.0
1790743260.749183,1.20731,2.70078,0.0
1790743260.811258,1.20689,2.71324,0.0
1790743260.8493,1.20327,2.73529,0.0
1790743260.911581,1.20327,2.73529,0.0
1790743260.94947,1.20021,2.74608,0.0
1790743261.011803,1.19934,2.75594,0.0
1790743261.049814,1.20525,2.76998,0.0
1790743261.1102028,1.20935,2.7782,0.0
1790743261.1669939,1.21293,2.78528,0.0
1790743261.214358,1.21419,2.78799,0.0
1790743261.271646,1.21371,2.78724,0.0
1790743261.331054,1.21285,2.78671,0.0
1790743261.3721862,1.21268,2.78632,0.0
1790743261.431196,1.21312,2.78596,0.0
1790743261.486615,1.21595,2.78611,0.0
1790743261.526691,1.2235,2.7868,0.0
1790743261.595357,1.23396,2.78673,0.0
1790743261.6513028,1.24612,2.78574,0.0
1790743261.695103,1.25747,2.78545,0.0
1790743261.7502909,1.26745,2.7855,0.0
1790743261.8090482,1.27198,2.78584,0.0
1790743261.850531,1.27209,2.78653,0.0
1790743261.910487,1.26969,2.7885,0.0
1790743261.951062,1.26798,2.79142,0.0
1790743262.0091908,1.26323,2.79812,0.0
1790743262.060791,1.25849,2.80456,0.0
1790743262.125115,1.25491,2.80929,0.0
1790743262.172821,1.25458,2.81147,0.0
1790743262.231694,1.25495,2.81196,0.0
1790743262.2906728,1.2549,2.81207,0.0
1790743262.329227,1.25383,2.81187,0.0
1790743262.3950331,1.25009,2.81114,0.0
1790743262.449607,1.24202,2.81079,0.0
1790743262.495732,1.2307,2.81122,0.0
1790743262.5512562,1.20802,2.81151,0.0
1790743262.6107461,1.19974,2.81149,0.0
1790743262.649319,1.19669,2.81213,0.0
1790743262.7098508,1.19756,2.81276,0.0
1790743262.771456,1.1987,2.81309,0.0
1790743262.8124878,1.19919,2.81357,0.0
1790743262.8711438,1.20245,2.81804,0.0
1790743262.9300249,1.21129,2.83024,0.0
1790743262.973349,1.22034,2.84485,0.0
1790743263.03165,1.22794,2.85729,0.0
1790743263.083037,1.23364,2.86628,0.0
1790743263.130543,1.23572,2.86951,0.0
1790743263.19058,1.23481,2.87027,0.0
1790743263.230956,1.23393,2.86991,0.0
1790743263.291053,1.23379,2.86975,0.0
1790743263.3488572,1.23479,2.86997,0.0
1790743263.411146,1.23878,2.86964,0.0
1790743263.4489741,1.25726,2.86997,0.0
1790743263.509841,1.26918,2.86968,0.0
1790743263.549155,1.2795,2.86896,0.0
1790743263.6098728,1.28452,2.86861,0.0
1790743263.670503,1.28511,2.86786,0.0
1790743263.709074,1.28409,2.86717,0.0
1790743263.7693892,1.28362,2.86704,0.0
1790743263.809393,1.28159,2.87013,0.0
1790743263.870336,1.27646,2.87733,0.0
1790743263.931359,1.27021,2.88559,0.0
1790743263.9713202,1.2658,2.89238,0.0
1790743264.029453,1.26389,2.8966,0.0
1790743264.069727,1.26417,2.898,0.0
1790743264.1345332,1.26422,2.89862,0.0
1790743264.187546,1.26419,2.89871,0.0
1790743264.231754,1.26328,2.8984,0.0
1790743264.2906392,1.25884,2.89805,0.0
1790743264.3517811,1.23963,2.89754,0.0
1790743264.406396,1.22783,2.89669,0.0
1790743264.445943,1.21682,2.8967,0.0
1790743264.506542,1.2082,2.89723,0.0
1790743264.552611,1.20428,2.89783,0.0
1790743264.61025,1.20419,2.89791,0.0
1790743264.668942,1.20531,2.89805,0.0
1790743264.711021,1.20581,2.89837,0.0
1790743264.770286,1.20765,2.9013,0.0
1790743264.8084219,1.2129,2.90895,0.0
1790743264.869955,1.21966,2.91891,0.0
1790743264.9332979,1.22646,2.92833,0.0
1790743264.96974,1.23295,2.93809,0.0
1790743265.030232,1.239,2.94781,0.0
1790743265.0891771,1.24396,2.95706,0.0
1790743265.133279,1.2482,2.96545,0.0
1790743265.1907961,1.25222,2.97318,0.0
1790743265.251688,1.25565,2.98013,0.0
1790743265.302075,1.25856,2.98659,0.0
1790743265.346501,1.25982,2.99176,0.0
1790743265.408898,1.25939,2.99187,0.0
1790743265.470496,1.25931,2.99141,0.0
1790743265.504894,1.25968,2.99069,0.0
1790743265.570879,1.2613,2.98992,0.0
1790743265.610912,1.26697,2.99003,0.0
1790743265.670839,1.27677,2.99029,0.0
1790743265.7303412,1.28774,2.99043,0.0
1790743265.788679,1.29891,2.9911,0.0
1790743265.831329,1.30993,2.99149,0.0
1790743265.889075,1.3167,2.99138,0.0
1790743265.951143,1.31867,2.99103,0.0
1790743265.9932952,1.31866,2.99021,0.0
1790743266.051511,1.31774,2.98977,0.0
1790743266.1022139,1.31689,2.99021,0.0
1790743266.153919,1.30711,3.00362,0.0
1790743266.211352,1.30137,3.0128,0.0
1790743266.267429,1.29496,3.02292,0.0
1790743266.31181,1.28837,3.03243,0.0
1790743266.371779,1.28388,3.03876,0.0
1790743266.4307148,1.28365,3.04091,0.0
1790743266.471328,1.28477,3.04067,0.0
1790743266.5305479,1.28555,3.03962,0.0
1790743266.589531,1.28566,3.03917,0.0
1790743266.65086,1.28416,3.03889,0.0
1790743266.690399,1.27841,3.03871,0.0
1790743266.754421,1.25726,3.0392,0.0
1790743266.810716,1.24599,3.0388,0.0
1790743266.862478,1.23567,3.0388,0.0
1790743266.909714,1.22836,3.03931,0.0
1790743266.9697971,1.22622,3.03973,0.0
1790743267.010991,1.22693,3.03957,0.0
1790743267.070861,1.22785,3.03946,0.0
1790743267.113869,1.22794,3.03936,0.0
1790743267.17041,1.22794,3.03932,0.0
1790743267.209067,1.22783,3.0395,0.0
1790743267.2713442,1.22779,3.0397,0.0
1790743267.329219,1.2278,3.03969,0.0
1790743267.3714392,1.22778,3.03968,0.0
1790743267.4292428,1.22813,3.0398,0.0
1790743267.492689,1.22918,3.04014,0.0
1790743267.54973,1.23172,3.04028,0.0
1790743267.58907,1.23654,3.04046,0.0
1790743267.652499,1.2503,3.04088,0.0
1790743267.709203,1.25525,3.04162,0.0
1790743267.769651,1.25671,3.04204,0.0
1790743267.829916,1.25619,3.04203,0.0
1790743267.890199,1.25571,3.04188,0.0
1790743267.9336529,1.25556,3.04153,0.0
1790743267.990587,1.25541,3.04104,0.0
1790743268.0502038,1.25537,3.04056,0.0
1790743268.090813,1.25533,3.04015,0.0
1790743268.151216,1.25533,3.03999,0.0
1790743268.2128372,1.25541,3.04005,0.0
1790743268.270666,1.25531,3.04015,0.0
1790743268.3133981,1.25537,3.04025,0.0
1790743268.366632,1.2553,3.04018,0.0
1790743268.428942,1.25503,3.04015,0.0
1790743268.470403,1.25498,3.04006,0.0
1790743268.530567,1.25484,3.04003,0.0
1790743268.5832791,1.25484,3.03988,0.0
1790743268.6492648,1.25484,3.03993,0.0
1790743268.693301,1.25472,3.03991,0.0
1790743268.7705631,1.25466,3.03998,0.0
1790743268.831382,1.25454,3.03987,0.0
1790743268.882266,1.25449,3.03966,0.0
1790743268.929636,1.25442,3.03949,0.0
1790743268.9906151,1.2544,3.03923,0.0
1790743269.026516,1.25448,3.0392,0.0
1790743269.0913641,1.25464,3.03916,0.0
1790743269.149666,1.25473,3.0391,0.0
1790743269.188713,1.25477,3.03906,0.0
1790743269.252759,1.25487,3.03899,0.0
1790743269.3116539,1.25478,3.0384,0.0
1790743269.370338,1.2548,3.03833,0.0
1790743269.4113111,1.2548,3.03817,0.0
1790743269.470217,1.25517,3.03825,0.0
1790743269.524599,1.25536,3.0382,0.0
1790743269.571775,1.25543,3.03816,0.0
1790743269.629809,1.25539,3.03819,0.0
1790743269.669166,1.25511,3.03814,0.0
1790743269.728985,1.25499,3.03812,0.0
1790743269.813123,1.25499,3.03811,0.0
1790743269.85,1.25488,3.03811,0.0
1790743269.91051,1.25475,3.03818,0.0
1790743269.971479,1.25447,3.03973,0.0
1790743270.012138,1.25462,3.04509,0.0
1790743270.070587,1.25479,3.05514,0.0
1790743270.1127481,1.25523,3.06781,0.0
1790743270.171447,1.25551,3.08061,0.0
1790743270.2284732,1.25594,3.09182,0.0
1790743270.271411,1.25589,3.10002,0.0
1790743270.3288782,1.25573,3.10559,0.0
1790743270.371805,1.25612,3.11001,0.0
1790743270.430829,1.25625,3.11398,0.0
1790743270.490298,1.25627,3.11873,0.0
1790743270.529105,1.25622,3.12597,0.0
1790743270.590345,1.25632,3.13488,0.0
1790743270.6527228,1.25654,3.14466,0.0
1790743270.690971,1.25655,3.15461,0.0
1790743270.7428591,1.2561,3.16979,0.0
1790743270.8126562,1.25639,3.17164,0.0
1790743270.86883,1.25652,3.17113,0.0
1790743270.91085,1.25657,3.17042,0.0
1790743270.971037,1.25672,3.16976,0.0
1790743271.027148,1.25682,3.16921,0.0
1790743271.089702,1.25539,3.16947,0.0
1790743271.151316,1.25335,3.16974,0.0
1790743271.21195,1.25335,3.16974,0.0
1790743271.269603,1.25242,3.17063,0.0
1790743271.328956,1.25258,3.17085,0.0
1790743271.370013,1.25364,3.17098,0.0
1790743271.429046,1.25462,3.17081,0.0
1790743271.486619,1.25513,3.17007,0.0
1790743271.544767,1.25561,3.16967,0.0
1790743271.5887392,1.25547,3.16988,0.0
1790743271.650041,1.25467,3.17043,0.0
1790743271.688682,1.2542,3.1712,0.0
1790743271.751508,1.25435,3.17165,0.0
1790743271.812513,1.25519,3.17192,0.0
1790743271.848046,1.25691,3.17052,0.0
1790743271.909726,1.25798,3.16987,0.0
1790743271.9685388,1.25811,3.17005,0.0
1790743272.029307,1.25835,3.17035,0.0
1790743272.0687099,1.25768,3.16953,0.0
1790743272.128515,1.25441,3.1658,0.0
1790743272.190505,1.24909,3.15786,0.0
1790743272.2309031,1.24222,3.14708,0.0
1790743272.293432,1.23526,3.13606,0.0
1790743272.350167,1.22897,3.12622,0.0
1790743272.410445,1.22149,3.11411,0.0
1790743272.449208,1.21923,3.11078,0.0
1790743272.504077,1.21821,3.10929,0.0
1790743272.573189,1.218,3.10879,0.0
1790743272.609591,1.21802,3.10864,0.0
1790743272.6722372,1.21759,3.1089,0.0
1790743272.730664,1.21616,3.11065,0.0
1790743272.7910762,1.21599,3.11049,0.0
1790743272.851251,1.21563,3.11112,0.0
1790743272.905632,1.21575,3.1114,0.0
1790743272.951072,1.21596,3.11154,0.0
1790743273.0103302,1.21637,3.11092,0.0
1790743273.071646,1.21676,3.10986,0.0
1790743273.108104,1.21681,3.10951,0.0
1790743273.1720908,1.21739,3.10798,0.0
1790743273.22977,1.21744,3.1079,0.0
1790743273.290712,1.21737,3.10826,0.0
1790743273.3495622,1.2171,3.10849,0.0
1790743273.404608,1.21466,3.10706,0.0
1790743273.450216,1.19988,3.09653,0.0
1790743273.505117,1.19011,3.08827,0.0
1790743273.5490172,1.18043,3.08067,0.0
1790743273.606053,1.17243,3.07395,0.0
1790743273.6722481,1.16652,3.06906,0.0
1790743273.712081,1.16225,3.0658,0.0
1790743273.7737548,1.15931,3.06353,0.0
1790743273.828968,1.158,3.06258,0.0
1790743273.88958,1.15757,3.06236,0.0
1790743273.9305851,1.15755,3.06245,0.0
1790743273.989543,1.15721,3.06335,0.0
1790743274.03109,1.15743,3.06515,0.0
1790743274.0895061,1.15747,3.06557,0.0
1790743274.128982,1.15707,3.06625,0.0
1790743274.190339,1.15633,3.06706,0.0
1790743274.2490282,1.15616,3.06674,0.0
1790743274.290328,1.15585,3.06598,0.0
1790743274.350691,1.15546,3.06501,0.0
1790743274.410769,1.15513,3.06389,0.0
1790743274.450152,1.15568,3.06275,0.0
1790743274.508817,1.15594,3.06326,0.0
1790743274.57293,1.15615,3.06383,0.0
1790743274.6118872,1.15625,3.06438,0.0
1790743274.6730711,1.15595,3.06485,0.0
1790743274.731485,1.1557,3.06505,0.0
1790743274.773761,1.1556,3.06464,0.0
1790743274.830663,1.15557,3.0641,0.0
1790743274.889499,1.15547,3.06356,0.0
1790743274.928761,1.15603,3.06341,0.0
1790743274.99223,1.15651,3.06322,0.0
1790743275.049531,1.15663,3.06349,0.0
1790743275.109372,1.15666,3.06431,0.0
1790743275.172132,1.15668,3.0644,0.0
1790743275.210093,1.15646,3.06446,0.0
1790743275.271549,1.15624,3.06427,0.0
1790743275.310623,1.15586,3.06409,0.0
1790743275.368861,1.1556,3.064,0.0
1790743275.424661,1.15558,3.06399,0.0
1790743275.4698958,1.15563,3.06429,0.0
1790743275.529206,1.15599,3.06482,0.0
1790743275.5847208,1.15624,3.06502,0.0
1790743275.623623,1.1559,3.0652,0.0
1790743275.689108,1.15547,3.06571,0.0
1790743275.7225542,1.15516,3.06567,0.0
1790743275.790407,1.15509,3.06509,0.0
1790743275.849355,1.15536,3.06458,0.0
1790743275.9103072,1.15552,3.06426,0.0
1790743275.949051,1.15578,3.06415,0.0
1790743276.024621,1.15604,3.06465,0.0
1790743276.0698,1.15579,3.06503,0.0
1790743276.132927,1.15569,3.06513,0.0
1790743276.186475,1.15576,3.06496,0.0
1790743276.270776,1.15545,3.06428,0.0
1790743276.309168,1.15544,3.0641,0.0
1790743276.370677,1.15546,3.06434,0.0
1790743276.424818,1.15595,3.06495,0.0
1790743276.481997,1.15677,3.0656,0.0
1790743276.54948,1.15668,3.0658,0.0
1790743276.610868,1.15624,3.06599,0.0
1790743276.649209,1.15487,3.0661,0.0
1790743276.710272,1.15432,3.06582,0.0
1790743276.771338,1.15433,3.06548,0.0
1790743276.822904,1.155,3.06491,0.0
1790743276.8724322,1.15564,3.06476,0.0
1790743276.9333801,1.15658,3.06538,0.0
1790743276.990536,1.15759,3.06593,0.0
1790743277.049628,1.15782,3.06618,0.0
1790743277.11163,1.15748,3.06665,0.0
1790743277.148423,1.157,3.06613,0.0
1790743277.209823,1.15654,3.06558,0.0
1790743277.281823,1.15572,3.06562,0.0
1790743277.3265228,1.15428,3.06632,0.0
1790743277.386393,1.15409,3.06659,0.0
1790743277.4499378,1.15477,3.06663,0.0
1790743277.505441,1.15458,3.06685,0.0
1790743277.5723178,1.15447,3.06698,0.0
1790743277.6106691,1.15461,3.067,0.0
1790743277.672765,1.15493,3.06702,0.0
1790743277.710114,1.1552,3.06715,0.0
1790743277.770678,1.15574,3.0671,0.0
1790743277.832021,1.15622,3.06704,0.0
1790743277.8905752,1.15633,3.06692,0.0
1790743277.932128,1.15652,3.06657,0.0
1790743277.9903219,1.15673,3.06621,0.0
1790743278.049881,1.15699,3.06606,0.0
1790743278.084992,1.1572,3.06585,0.0
1790743278.149817,1.15743,3.06515,0.0
1790743278.2100968,1.15743,3.06515,0.0
1790743278.2465322,1.15731,3.06429,0.0
1790743278.3099,1.15771,3.06394,0.0
1790743278.368503,1.15802,3.06386,0.0
1790743278.409981,1.15824,3.06402,0.0
1790743278.472202,1.15871,3.06399,0.0
1790743278.5312781,1.15894,3.06402,0.0
1790743278.5709262,1.15906,3.06414,0.0
1790743278.6315079,1.15931,3.06446,0.0
1790743278.672493,1.15939,3.0647,0.0
1790743278.731113,1.15946,3.06497,0.0
1790743278.7867799,1.15958,3.06506,0.0
1790743278.835108,1.1595,3.06528,0.0
1790743278.888545,1.15954,3.06527,0.0
1790743278.942063,1.15958,3.06507,0.0
1790743278.989068,1.15983,3.06504,0.0
1790743279.0460072,1.15998,3.06483,0.0
1790743279.091707,1.16023,3.06465,0.0
1790743279.1490319,1.16043,3.06457,0.0
1790743279.191929,1.16045,3.06471,0.0
1790743279.2520661,1.1606,3.0652,0.0
1790743279.308418,1.16055,3.06542,0.0
1790743279.3454452,1.1605,3.06547,0.0
1790743279.409982,1.16059,3.0655,0.0
1790743279.447616,1.1607,3.06556,0.0
1790743279.50541,1.16072,3.06567,0.0
1790743279.5687869,1.16085,3.0657,0.0
1790743279.6311412,1.16092,3.06563,0.0
1790743279.670725,1.16098,3.06573,0.0
1790743279.731627,1.16089,3.06568,0.0
1790743279.7903621,1.16077,3.0658,0.0
1790743279.8490398,1.16082,3.0661,0.0
1790743279.906401,1.16104,3.06639,0.0
1790743279.9724858,1.16146,3.06674,0.0
1790743280.011447,1.16156,3.06663,0.0
1790743280.092766,1.16153,3.06651,0.0
1790743280.134785,1.16181,3.06662,0.0
1790743280.188531,1.16213,3.06662,0.0
1790743280.248697,1.16228,3.06625,0.0
1790743280.3065841,1.1623,3.06642,0.0
1790743280.347284,1.16224,3.06648,0.0
1790743280.4088588,1.16206,3.06642,0.0
1790743280.469907,1.16191,3.0662,0.0
1790743280.5322518,1.16225,3.06554,0.0
1790743280.588557,1.16621,3.0601,0.0
1790743280.649139,1.1751,3.04552,0.0
1790743280.6943748,1.18261,3.02761,0.0
1790743280.750298,1.1891,3.00842,0.0
1790743280.8011699,1.19596,2.98869,0.0
1790743280.850604,1.21359,2.95273,0.0
1790743280.908383,1.22379,2.93659,0.0
1790743280.967621,1.23301,2.92164,0.0
1790743281.0312908,1.23863,2.90724,0.0
1790743281.0897121,1.23904,2.89277,0.0
1790743281.131826,1.23623,2.87845,0.0
1790743281.191963,1.23237,2.86414,0.0
1790743281.26232,1.223,2.83509,0.0
1790743281.308807,1.22081,2.82402,0.0
1790743281.371605,1.22017,2.81998,0.0
1790743281.412301,1.22029,2.82107,0.0
1790743281.471756,1.22105,2.82407,0.0
1790743281.5075169,1.22118,2.8277,0.0
1790743281.570286,1.21925,2.83137,0.0
1790743281.6294138,1.21256,2.83353,0.0
1790743281.663851,1.20233,2.83333,0.0
1790743281.7283251,1.19155,2.83346,0.0
1790743281.793034,1.18083,2.83312,0.0
1790743281.83173,1.17136,2.83195,0.0
1790743281.893686,1.16703,2.83088,0.0
1790743281.950345,1.16737,2.83136,0.0
1790743282.008084,1.16991,2.83134,0.0
1790743282.0512938,1.17328,2.82475,0.0
1790743282.110133,1.17851,2.80891,0.0
1790743282.172489,1.18248,2.78929,0.0
1790743282.225836,1.18434,2.76877,0.0
1790743282.2966201,1.18644,2.74824,0.0
1790743282.348738,1.19183,2.72888,0.0
1790743282.3926,1.1979,2.71137,0.0
1790743282.4501069,1.20391,2.68341,0.0
1790743282.508687,1.20286,2.67157,0.0
1790743282.568602,1.20189,2.65939,0.0
1790743282.622164,1.20154,2.64631,0.0
1790743282.664271,1.20146,2.63144,0.0
1790743282.724525,1.2014,2.6152,0.0
1790743282.76602,1.20143,2.59849,0.0
1790743282.8244522,1.20239,2.58175,0.0
1790743282.891105,1.20495,2.56596,0.0
1790743282.9251788,1.20796,2.55118,0.0
1790743282.991265,1.20991,2.53736,0.0
1790743283.033134,1.21032,2.52394,0.0
1790743283.092491,1.20956,2.5103,0.0
1790743283.1495302,1.20928,2.49645,0.0
1790743283.1933079,1.20876,2.48283,0.0
1790743283.2486558,1.20899,2.45984,0.0
1790743283.30958,1.20916,2.45222,0.0
1790743283.37024,1.2095,2.44942,0.0
1790743283.4087,1.20975,2.44962,0.0
1790743283.469739,1.20968,2.44976,0.0
1790743283.527526,1.20972,2.44981,0.0
1790743283.59356,1.20981,2.44975,0.0
1790743283.649803,1.20973,2.44961,0.0
1790743283.709593,1.20967,2.44941,0.0
1790743283.7702231,1.20956,2.44907,0.0
1790743283.810356,1.20957,2.44896,0.0
1790743283.8727932,1.20954,2.44886,0.0
1790743283.9266372,1.20965,2.4486,0.0
1790743283.99084,1.2097,2.44836,0.0
1790743284.048509,1.20969,2.44816,0.0
1790743284.08312,1.20956,2.44799,0.0
1790743284.148439,1.20928,2.44763,0.0
1790743284.2100558,1.20912,2.44717,0.0
1790743284.250394,1.20901,2.44676,0.0
1790743284.310019,1.20863,2.43875,0.0
1790743284.368639,1.20851,2.42342,0.0
1790743284.410634,1.20915,2.40342,0.0
1790743284.469244,1.20896,2.38188,0.0
1790743284.537529,1.20865,2.36027,0.0
1790743284.592483,1.20838,2.34028,0.0
1790743284.650429,1.20818,2.32373,0.0
1790743284.7096949,1.20726,2.29868,0.0
1790743284.7705832,1.20531,2.28772,0.0
1790743284.830048,1.20159,2.27518,0.0
1790743284.882285,1.19685,2.26095,0.0
1790743284.928828,1.19374,2.2454,0.0
1790743284.982338,1.1928,2.22884,0.0
1790743285.0302029,1.19332,2.21165,0.0
1790743285.0927129,1.19449,2.19529,0.0
1790743285.145338,1.19669,2.17991,0.0
1790743285.182633,1.19876,2.16552,0.0
1790743285.245664,1.19972,2.15181,0.0
1790743285.282481,1.19962,2.13815,0.0
1790743285.346009,1.19741,2.12569,0.0
1790743285.383479,1.19306,2.11572,0.0
1790743285.4502232,1.18868,2.10693,0.0
1790743285.489623,1.18423,2.09875,0.0
1790743285.540969,1.17968,2.09018,0.0
1790743285.609355,1.17447,2.06847,0.0
1790743285.646057,1.17661,2.05265,0.0
1790743285.709594,1.17832,2.03498,0.0
1790743285.769883,1.178,2.01626,0.0
1790743285.833076,1.17769,1.99794,0.0
1790743285.888764,1.1773,1.98076,0.0
1790743285.9447591,1.17701,1.96546,0.0
1790743286.010425,1.17714,1.95228,0.0
1790743286.042568,1.17707,1.92704,0.0
1790743286.10832,1.17688,1.91327,0.0
1790743286.147624,1.17675,1.8985,0.0
1790743286.2112582,1.17664,1.88273,0.0
1790743286.270161,1.17649,1.86738,0.0
1790743286.33055,1.17637,1.85378,0.0
1790743286.3892229,1.17613,1.84306,0.0
1790743286.430153,1.17623,1.83605,0.0
1790743286.489276,1.17626,1.8335,0.0
1790743286.5428748,1.17649,1.8333,0.0
1790743286.589716,1.17654,1.83303,0.0
1790743286.652381,1.17642,1.83307,0.0
1790743286.706773,1.1761,1.83393,0.0
1790743286.778087,1.17606,1.83439,0.0
1790743286.83339,1.17613,1.83495,0.0
1790743286.888719,1.1761,1.83526,0.0
1790743286.950788,1.17631,1.83541,0.0
1790743286.993181,1.17631,1.8355,0.0
1790743287.042321,1.17621,1.83539,0.0
1790743287.1061,1.17374,1.83591,0.0
1790743287.142674,1.17207,1.83645,0.0
1790743287.207097,1.17162,1.83557,0.0
1790743287.268158,1.17018,1.83505,0.0
1790743287.3053482,1.16985,1.83435,0.0
1790743287.369817,1.16999,1.83389,0.0
1790743287.429755,1.17019,1.83375,0.0
1790743287.48831,1.17097,1.83361,0.0
1790743287.530165,1.17109,1.8332,0.0
1790743287.590251,1.17144,1.8327,0.0
1790743287.645995,1.17145,1.83185,0.0
1790743287.704866,1.1713,1.83097,0.0
1790743287.761912,1.17154,1.83081,0.0
1790743287.8049762,1.17191,1.83081,0.0
1790743287.868457,1.1719,1.83097,0.0
1790743287.9287412,1.17237,1.83098,0.0
1790743287.990419,1.17268,1.83083,0.0
1790743288.0298471,1.17339,1.83055,0.0
1790743288.0886478,1.17351,1.82991,0.0
1790743288.153006,1.1742,1.82966,0.0
1790743288.2048252,1.17421,1.82904,0.0
1790743288.264392,1.17432,1.82842,0.0
1790743288.30552,1.17425,1.82795,0.0
1790743288.3703208,1.1745,1.8282,0.0
1790743288.429076,1.17445,1.8289,0.0
1790743288.4637618,1.17471,1.83,0.0
1790743288.528356,1.1747,1.8302,0.0
1790743288.592347,1.17521,1.83057,0.0
1790743288.628217,1.17541,1.8312,0.0
1790743288.6914282,1.17462,1.83068,0.0
1790743288.72864,1.17385,1.83,0.0
1790743288.792872,1.17336,1.83008,0.0
1790743288.8521678,1.17371,1.83156,0.0
1790743288.893676,1.17386,1.83166,0.0
1790743288.950613,1.17402,1.83195,0.0
1790743289.015542,1.17402,1.83195,0.0
1790743289.067477,1.17248,1.82978,0.0
1790743289.1108139,1.17162,1.8297,0.0
1790743289.172312,1.171,1.82976,0.0
1790743289.210976,1.17033,1.82945,0.0
1790743289.269973,1.1699,1.82923,0.0
1790743289.31876,1.16955,1.82923,0.0
1790743289.392472,1.16916,1.8291,0.0
1790743289.428998,1.16882,1.82907,0.0
1790743289.492633,1.16855,1.82904,0.0
1790743289.552426,1.16835,1.82894,0.0
1790743289.590632,1.16796,1.82897,0.0
1790743289.652389,1.1673,1.82889,0.0
1790743289.6935098,1.16677,1.82893,0.0
1790743289.7515259,1.16648,1.82882,0.0
1790743289.792487,1.16623,1.82859,0.0
1790743289.8514292,1.16581,1.82834,0.0
1790743289.912051,1.16564,1.82797,0.0
1790743289.9540942,1.16527,1.82786,0.0
1790743290.014024,1.16522,1.82788,0.0
1790743290.053198,1.16544,1.8278,0.0
1790743290.1125069,1.16568,1.82755,0.0
1790743290.153124,1.16557,1.82734,0.0
1790743290.2121222,1.16545,1.82713,0.0
1790743290.265429,1.16541,1.82699,0.0
1790743290.313139,1.16541,1.82673,0.0
1790743290.3650932,1.16534,1.82647,0.0
1790743290.4310012,1.16522,1.82634,0.0
1790743290.489789,1.1652,1.82614,0.0
1790743290.550272,1.16542,1.8261,0.0
1790743290.592461,1.16518,1.82623,0.0
1790743290.6510952,1.16482,1.82629,0.0
1790743290.7124548,1.16465,1.82608,0.0
1790743290.770185,1.16468,1.82586,0.0
1790743290.825417,1.16469,1.82593,0.0
1790743290.870147,1.1646,1.82601,0.0
1790743290.9274292,1.16468,1.82596,0.0
1790743290.989556,1.16463,1.82597,0.0
1790743291.0228539,1.16465,1.82598,0.0
1790743291.092012,1.16444,1.82599,0.0
1790743291.1498291,1.16453,1.82583,0.0
1790743291.212686,1.16441,1.82566,0.0
1790743291.262719,1.16444,1.82556,0.0
1790743291.324605,1.16447,1.82572,0.0
1790743291.370755,1.16421,1.82579,0.0
1790743291.429844,1.16396,1.82577,0.0
1790743291.494347,1.16395,1.82567,0.0
1790743291.549515,1.16408,1.82575,0.0
1790743291.612397,1.164,1.82607,0.0
1790743291.669386,1.16375,1.82629,0.0
1790743291.729378,1.16354,1.82644,0.0
1790743291.792746,1.16344,1.82662,0.0
1790743291.8495831,1.16333,1.82655,0.0
1790743291.889923,1.16312,1.82646,0.0
1790743291.949358,1.16455,1.82646,0.0
1790743292.0101812,1.17187,1.82555,0.0
1790743292.051622,1.20514,1.82509,0.0
1790743292.112952,1.22434,1.82427,0.0
1790743292.169499,1.24251,1.82362,0.0
1790743292.2136478,1.25815,1.82323,0.0
1790743292.269618,1.27024,1.82323,0.0
1790743292.3287628,1.27978,1.82319,0.0
1790743292.3711512,1.288,1.82332,0.0
1790743292.4292722,1.29693,1.82334,0.0
1790743292.490164,1.30755,1.82333,0.0
1790743292.529707,1.32039,1.82311,0.0
1790743292.590624,1.33509,1.82297,0.0
1790743292.643479,1.35046,1.82268,0.0
1790743292.690124,1.36492,1.82214,0.0
1790743292.752702,1.37821,1.82116,0.0
1790743292.790389,1.39025,1.82009,0.0
1790743292.854412,1.41174,1.82007,0.0
1790743292.9120991,1.42313,1.81809,0.0
1790743292.950112,1.43536,1.81339,0.0
1790743293.01268,1.44824,1.80733,0.0
1790743293.069848,1.46166,1.79947,0.0
1790743293.113732,1.47538,1.79019,0.0
1790743293.1694,1.4895,1.78185,0.0
1790743293.22947,1.50285,1.77795,0.0
1790743293.290281,1.51555,1.77809,0.0
1790743293.3299189,1.5277,1.78141,0.0
1790743293.3894458,1.53917,1.78484,0.0
1790743293.4532301,1.56238,1.79175,0.0
1790743293.512033,1.57485,1.79213,0.0
1790743293.570359,1.58781,1.78955,0.0
1790743293.630393,1.60107,1.78602,0.0
1790743293.681877,1.61348,1.78085,0.0
1790743293.729648,1.62445,1.77516,0.0
1790743293.7899258,1.63352,1.77113,0.0
1790743293.84234,1.63713,1.77073,0.0
1790743293.89087,1.63527,1.77258,0.0
1790743293.949588,1.63272,1.77403,0.0
1790743294.009977,1.63147,1.77484,0.0
1790743294.050966,1.63127,1.77471,0.0
1790743294.113895,1.63202,1.76501,0.0
1790743294.149746,1.63197,1.75493,0.0
1790743294.210817,1.63189,1.74334,0.0
1790743294.269396,1.63152,1.73119,0.0
1790743294.3111072,1.63167,1.72117,0.0
1790743294.3739252,1.63151,1.71514,0.0
1790743294.4296162,1.63109,1.71419,0.0
1790743294.4728901,1.63051,1.71504,0.0
1790743294.529956,1.63035,1.716,0.0
1790743294.589577,1.63175,1.71735,0.0
1790743294.6496372,1.63617,1.72039,0.0
1790743294.710453,1.64969,1.72625,0.0
1790743294.7621388,1.65691,1.72885,0.0
1790743294.8108978,1.66313,1.73078,0.0
1790743294.871757,1.66776,1.73194,0.0
1790743294.910063,1.6712,1.73206,0.0
1790743294.973238,1.6729,1.7319,0.0
1790743295.02977,1.67338,1.7318,0.0
1790743295.072432,1.67335,1.7317,0.0
1790743295.1296499,1.67339,1.73175,0.0
1790743295.189842,1.67322,1.73189,0.0
1790743295.249577,1.67284,1.73194,0.0
1790743295.310095,1.67219,1.73284,0.0
1790743295.350323,1.67206,1.73518,0.0
1790743295.4095428,1.67188,1.73948,0.0
1790743295.461731,1.67114,1.74468,0.0
1790743295.5117812,1.6714,1.75041,0.0
1790743295.573459,1.67178,1.75572,0.0
1790743295.62957,1.67217,1.75869,0.0
1790743295.666532,1.67237,1.75931,0.0
1790743295.759676,1.67252,1.7588,0.0
1790743295.8041642,1.67179,1.75877,0.0
1790743295.8473759,1.67134,1.75894,0.0
1790743295.904695,1.6709,1.75881,0.0
1790743295.951128,1.67028,1.75882,0.0
1790743296.007465,1.66971,1.75879,0.0
1790743296.050797,1.66923,1.75864,0.0
1790743296.106834,1.66896,1.75841,0.0
1790743296.171463,1.66898,1.75821,0.0
1790743296.212739,1.66901,1.75799,0.0
1790743296.265892,1.66907,1.75802,0.0
1790743296.329608,1.66952,1.75854,0.0
1790743296.389257,1.66975,1.75877,0.0
1790743296.430179,1.66962,1.75898,0.0
1790743296.4896462,1.6692,1.75901,0.0
1790743296.531001,1.66911,1.75896,0.0
1790743296.589516,1.66892,1.75892,0.0
1790743296.630752,1.66877,1.75896,0.0
1790743296.690597,1.66861,1.75887,0.0
1790743296.7498848,1.66867,1.75908,0.0
1790743296.8120651,1.66845,1.75911,0.0
1790743296.873319,1.66827,1.75918,0.0
1790743296.910192,1.66821,1.75923,0.0
1790743296.974708,1.66821,1.75916,0.0
1790743297.026597,1.66805,1.75928,0.0
1790743297.065503,1.66797,1.75938,0.0
1790743297.129641,1.66792,1.7593,0.0
1790743297.172895,1.66781,1.75935,0.0
1790743297.229845,1.66774,1.75941,0.0
1790743297.289403,1.66766,1.75948,0.0
1790743297.3512168,1.66765,1.75951,0.0
1790743297.390645,1.66769,1.75947,0.0
1790743297.4495308,1.6679,1.75934,0.0
1790743297.5093608,1.66801,1.75928,0.0
1790743297.55002,1.66807,1.75922,0.0
1790743297.609473,1.66814,1.75915,0.0
1790743297.649961,1.66825,1.75908,0.0
1790743297.71106,1.66834,1.759,0.0
1790743297.764481,1.66842,1.75893,0.0
1790743297.812077,1.66848,1.75889,0.0
1790743297.8713112,1.66854,1.75882,0.0
1790743297.9096131,1.66863,1.75881,0.0
1790743297.981131,1.6687,1.75876,0.0
1790743298.049639,1.66883,1.75868,0.0
1790743298.1104739,1.66883,1.75868,0.0
1790743298.149618,1.66899,1.75845,0.0
1790743298.2128289,1.66899,1.75845,0.0
1790743298.251596,1.66898,1.75846,0.0
1790743298.3093839,1.66854,1.75873,0.0
1790743298.349675,1.66835,1.75887,0.0
1790743298.4105558,1.66838,1.75875,0.0
1790743298.449589,1.66849,1.75865,0.0
1790743298.51007,1.66838,1.75834,0.0
1790743298.5499442,1.66826,1.75853,0.0
1790743298.633392,1.6682,1.75855,0.0
1790743298.6700659,1.66798,1.75868,0.0
1790743298.733363,1.66796,1.7585,0.0
1790743298.771384,1.66793,1.75872,0.0
1790743298.833997,1.66789,1.75863,0.0
1790743298.8702269,1.66799,1.75844,0.0
1790743298.930324,1.66813,1.75843,0.0
1790743298.9841568,1.66803,1.75845,0.0
1790743299.027317,1.6679,1.75842,0.0
1790743299.08778,1.66785,1.75832,0.0
1790743299.1329348,1.66774,1.75833,0.0
1790743299.189358,1.6678,1.75833,0.0
1790743299.249859,1.66795,1.7584,0.0
1790743299.310376,1.66816,1.75841,0.0
1790743299.350794,1.6682,1.75861,0.0
1790743299.4097438,1.66832,1.75891,0.0
1790743299.4719229,1.66847,1.75904,0.0
1790743299.5314848,1.66851,1.75908,0.0
1790743299.571137,1.66847,1.75922,0.0
1790743299.6318378,1.66847,1.7592,0.0
1790743299.6879601,1.66855,1.75931,0.0
1790743299.7521658,1.66866,1.75928,0.0
1790743299.8099608,1.66835,1.75962,0.0
1790743299.869399,1.66829,1.75985,0.0
1790743299.911167,1.6682,1.75996,0.0
1790743299.969019,1.66828,1.75999,0.0
1790743300.0107388,1.66832,1.75999,0.0
1790743300.06967,1.66845,1.75979,0.0
1790743300.1310332,1.66874,1.75937,0.0
1790743300.1895192,1.66885,1.75912,0.0
1790743300.267058,1.66914,1.7589,0.0
1790743300.310153,1.66911,1.75885,0.0
1790743300.3696058,1.66914,1.75879,0.0
1790743300.410671,1.66933,1.75839,0.0
1790743300.4695182,1.66932,1.75818,0.0
1790743300.5308,1.66936,1.75801,0.0
1790743300.5724218,1.66956,1.75811,0.0
1790743300.630492,1.66947,1.75813,0.0
1790743300.685015,1.6693,1.75822,0.0
1790743300.731413,1.6695,1.75823,0.0
1790743300.7913458,1.66983,1.75817,0.0
1790743300.846963,1.67,1.75824,0.0
1790743300.8871691,1.66998,1.75827,0.0
1790743300.945647,1.66995,1.75776,0.0
1790743301.0107641,1.67,1.75773,0.0
1790743301.069064,1.66995,1.75777,0.0
1790743301.1325178,1.66989,1.75778,0.0
1790743301.169734,1.66978,1.75763,0.0
1790743301.232637,1.66981,1.75757,0.0
1790743301.289424,1.66983,1.75754,0.0
1790743301.333337,1.66987,1.75763,0.0
1790743301.389369,1.67008,1.75756,0.0
1790743301.444312,1.67038,1.75756,0.0
1790743301.4902499,1.6703,1.75757,0.0
1790743301.5497139,1.67019,1.7575,0.0
1790743301.59073,1.6699,1.75747,0.0
1790743301.650704,1.66978,1.75759,0.0
1790743301.70492,1.66968,1.7577,0.0
1790743301.77005,1.6695,1.75762,0.0
1790743301.804807,1.66942,1.75774,0.0
1790743301.8690119,1.66956,1.75782,0.0
1790743301.9106371,1.66965,1.75783,0.0
1790743301.969377,1.66973,1.75782,0.0
1790743302.032811,1.66982,1.75771,0.0
1790743302.090307,1.66987,1.75753,0.0
1790743302.130506,1.66994,1.75755,0.0
1790743302.194023,1.66997,1.75766,0.0
1790743302.2493281,1.67005,1.75768,0.0
1790743302.285813,1.6702,1.75758,0.0
1790743302.349503,1.6705,1.75749,0.0
1790743302.39061,1.6707,1.75737,0.0
1790743302.449895,1.67084,1.75719,0.0
1790743302.532516,1.671,1.75703,0.0
1790743302.58949,1.67126,1.75719,0.0
1790743302.6496599,1.67141,1.7571,0.0
1790743302.690518,1.67139,1.75714,0.0
1790743302.7494872,1.67198,1.75688,0.0
1790743302.808125,1.67217,1.75684,0.0
1790743302.849685,1.67213,1.75699,0.0
1790743302.909079,1.67194,1.75691,0.0
1790743302.966244,1.672,1.75694,0.0
1790743303.005437,1.67217,1.75689,0.0
1790743303.070538,1.67223,1.7565,0.0
1790743303.130384,1.67218,1.75638,0.0
1790743303.171208,1.67231,1.7564,0.0
1790743303.2309241,1.67229,1.75622,0.0
1790743303.291862,1.67224,1.75604,0.0
1790743303.332015,1.67025,1.75616,0.0
1790743303.393247,1.66414,1.75685,0.0
1790743303.450784,1.65393,1.75735,0.0
1790743303.504598,1.64079,1.7576,0.0
1790743303.549388,1.61702,1.75882,0.0
1790743303.608454,1.60936,1.75896,0.0
1790743303.669684,1.60441,1.75891,0.0
1790743303.731765,1.60142,1.75901,0.0
1790743303.792639,1.60033,1.75901,0.0
1790743303.849442,1.59957,1.75915,0.0
1790743303.892048,1.59913,1.7592,0.0
1790743303.949389,1.59936,1.76069,0.0
1790743303.9919229,1.60014,1.76118,0.0
1790743304.049549,1.60029,1.76046,0.0
1790743304.09293,1.60101,1.76029,0.0
1790743304.149299,1.6017,1.76044,0.0
1790743304.192076,1.60204,1.76045,0.0
1790743304.249517,1.60199,1.76086,0.0
1790743304.309151,1.60091,1.76029,0.0
1790743304.349565,1.59981,1.75972,0.0
1790743304.4091089,1.59967,1.75918,0.0
1790743304.450289,1.60012,1.75919,0.0
1790743304.509996,1.60154,1.7605,0.0
1790743304.571168,1.60248,1.76139,0.0
1790743304.60919,1.60253,1.76111,0.0
1790743304.6714098,1.60187,1.76012,0.0
1790743304.733042,1.60132,1.75876,0.0
1790743304.813163,1.59982,1.75764,0.0
1790743304.849588,1.59922,1.75831,0.0
1790743304.9094322,1.59922,1.75831,0.0
1790743304.949579,1.59952,1.7591,0.0
1790743305.009266,1.59971,1.76043,0.0
1790743305.0697448,1.59965,1.76013,0.0
1790743305.1110091,1.5997,1.75947,0.0
1790743305.16685,1.59771,1.75812,0.0
1790743305.211026,1.59661,1.75739,0.0
1790743305.26974,1.5958,1.75718,0.0
1790743305.3293922,1.59564,1.75768,0.0
1790743305.371186,1.59705,1.7589,0.0
1790743305.429774,1.60085,1.76204,0.0
1790743305.493123,1.60754,1.76721,0.0
1790743305.533993,1.61545,1.7736,0.0
1790743305.5947552,1.62393,1.78086,0.0
1790743305.649479,1.63195,1.78752,0.0
1790743305.694665,1.63872,1.79314,0.0
1790743305.749444,1.64454,1.79799,0.0
1790743305.784788,1.64758,1.79989,0.0
1790743305.848961,1.64711,1.79928,0.0
1790743305.894324,1.64622,1.79834,0.0
1790743305.969144,1.64802,1.79838,0.0
1790743306.009247,1.64795,1.7985,0.0
1790743306.069997,1.64807,1.79901,0.0
1790743306.1308951,1.64854,1.79939,0.0
1790743306.170424,1.64893,1.79963,0.0
1790743306.229921,1.64883,1.79975,0.0
1790743306.281909,1.64816,1.79996,0.0
1790743306.324623,1.64743,1.79971,0.0
1790743306.390111,1.64722,1.79927,0.0
1790743306.431232,1.64712,1.79892,0.0
1790743306.494383,1.64713,1.79844,0.0
1790743306.549851,1.64764,1.79825,0.0
1790743306.5904179,1.64761,1.79831,0.0
1790743306.649451,1.64745,1.79902,0.0
1790743306.709253,1.64745,1.79902,0.0
1790743306.746117,1.64712,1.79946,0.0
1790743306.809088,1.64741,1.80023,0.0
1790743306.855358,1.64751,1.80046,0.0
1790743306.929634,1.6477,1.80065,0.0
1790743306.991987,1.64777,1.80041,0.0
1790743307.049925,1.64752,1.80024,0.0
1790743307.109317,1.64776,1.8002,0.0
1790743307.1521401,1.64816,1.79988,0.0
1790743307.2093298,1.64816,1.79988,0.0
1790743307.247009,1.64678,1.80061,0.0
1790743307.309597,1.64602,1.80062,0.0
1790743307.34467,1.64576,1.80085,0.0
1790743307.4096398,1.64632,1.80087,0.0
1790743307.469407,1.64681,1.80049,0.0
1790743307.509739,1.64752,1.8002,0.0
1790743307.5696409,1.64789,1.80075,0.0
1790743307.631083,1.64761,1.8009,0.0
1790743307.690769,1.64708,1.80071,0.0
1790743307.731647,1.64676,1.80076,0.0
1790743307.7938602,1.64659,1.80091,0.0
1790743307.8311129,1.64674,1.80075,0.0
1790743307.890941,1.64717,1.80062,0.0
1790743307.930613,1.64736,1.80107,0.0
1790743307.993271,1.64707,1.80116,0.0
1790743308.04225,1.64677,1.80119,0.0
1790743308.09356,1.64647,1.80105,0.0
1790743308.1470442,1.64612,1.80098,0.0
1790743308.192256,1.64599,1.80101,0.0
1790743308.252234,1.64606,1.80119,0.0
1790743308.310221,1.64591,1.80194,0.0
1790743308.369219,1.6461,1.80182,0.0
1790743308.4061382,1.64619,1.80122,0.0
1790743308.469565,1.64637,1.80082,0.0
1790743308.529431,1.64678,1.80075,0.0
1790743308.5895731,1.64675,1.80104,0.0
1790743308.64633,1.64649,1.801,0.0
1790743308.69028,1.64669,1.8011,0.0
1790743308.745704,1.64689,1.80128,0.0
1790743308.8105888,1.64688,1.80131,0.0
1790743308.845684,1.6469,1.80185,0.0
1790743308.9077172,1.64672,1.80193,0.0
1790743308.944652,1.64647,1.80211,0.0
1790743309.0099788,1.64631,1.8021,0.0
1790743309.070508,1.64627,1.80165,0.0
1790743309.110084,1.64631,1.80138,0.0
1790743309.1691232,1.64663,1.80132,0.0
1790743309.209866,1.64739,1.80299,0.0
1790743309.2699609,1.64761,1.80447,0.0
1790743309.3295639,1.6484,1.80516,0.0
1790743309.370036,1.64945,1.80539,0.0
1790743309.429996,1.65025,1.80537,0.0
1790743309.4694972,1.65061,1.80514,0.0
1790743309.529394,1.65083,1.8051,0.0
1790743309.570244,1.65085,1.80496,0.0
1790743309.6291041,1.65077,1.80484,0.0
1790743309.690263,1.65069,1.80451,0.0
1790743309.729244,1.65071,1.80433,0.0
1790743309.787061,1.65069,1.80422,0.0
1790743309.8306172,1.65071,1.80376,0.0
1790743309.889667,1.65066,1.80361,0.0
1790743309.9526331,1.65064,1.80352,0.0
1790743309.992827,1.65081,1.80343,0.0
1790743310.0522869,1.65095,1.80345,0.0
1790743310.101773,1.65106,1.80348,0.0
1790743310.154699,1.65051,1.80376,0.0
1790743310.209284,1.65008,1.80383,0.0
1790743310.264011,1.64949,1.80359,0.0
1790743310.3031301,1.64915,1.80339,0.0
1790743310.370524,1.64918,1.80347,0.0
1790743310.429775,1.64903,1.80357,0.0
1790743310.4688482,1.64892,1.80363,0.0
1790743310.529496,1.64878,1.80353,0.0
1790743310.589289,1.64875,1.80336,0.0
1790743310.6296608,1.64877,1.80322,0.0
1790743310.689766,1.64881,1.80318,0.0
1790743310.7515361,1.64894,1.80323,0.0
1790743310.809633,1.64925,1.80277,0.0
1790743310.845634,1.64943,1.80263,0.0
1790743310.909564,1.64939,1.80237,0.0
1790743310.9533608,1.64934,1.80234,0.0
1790743311.009291,1.64918,1.80232,0.0
1790743311.065394,1.64873,1.80266,0.0
1790743311.109119,1.64841,1.80282,0.0
1790743311.169327,1.64833,1.8029,0.0
1790743311.2095401,1.64819,1.80295,0.0
1790743311.269681,1.6481,1.80287,0.0
1790743311.325804,1.64786,1.80289,0.0
1790743311.363786,1.64799,1.80302,0.0
1790743311.425525,1.64832,1.80284,0.0
1790743311.471982,1.64823,1.80266,0.0
1790743311.551672,1.64795,1.80253,0.0
1790743311.591574,1.64791,1.80264,0.0
1790743311.648866,1.64788,1.80275,0.0
1790743311.689549,1.64796,1.8028,0.0
1790743311.7506182,1.64799,1.80273,0.0
1790743311.809485,1.64817,1.80319,0.0
1790743311.8504262,1.64811,1.80322,0.0
1790743311.9101849,1.648,1.80312,0.0
1790743311.961447,1.64545,1.80266,0.0
1790743312.009399,1.63549,1.80205,0.0
1790743312.0683572,1.61726,1.80008,0.0
1790743312.110326,1.59622,1.79759,0.0
1790743312.169151,1.5746,1.79654,0.0
1790743312.209332,1.55376,1.79602,0.0
1790743312.289382,1.53515,1.79626,0.0
1790743312.329401,1.51951,1.79694,0.0
1790743312.391053,1.50677,1.79791,0.0
1790743312.449434,1.49555,1.79855,0.0
1790743312.4899142,1.48406,1.79888,0.0
1790743312.5504498,1.47141,1.79908,0.0
1790743312.5926,1.45665,1.79919,0.0
1790743312.652273,1.44,1.79953,0.0
1790743312.71137,1.42253,1.79935,0.0
1790743312.769027,1.3887,1.79985,0.0
1790743312.813388,1.37357,1.79986,0.0
1790743312.868997,1.35987,1.80019,0.0
1790743312.9118521,1.34666,1.80041,0.0
1790743312.969939,1.3333,1.80056,0.0
1790743313.029098,1.31923,1.80066,0.0
1790743313.0704908,1.30393,1.80066,0.0
1790743313.129042,1.28826,1.80116,0.0
1790743313.189718,1.27183,1.80158,0.0
1790743313.2509592,1.24008,1.80193,0.0
1790743313.311691,1.22518,1.80207,0.0
1790743313.369192,1.21057,1.80209,0.0
1790743313.424049,1.19629,1.80219,0.0
1790743313.471176,1.18199,1.80239,0.0
1790743313.529314,1.16713,1.80243,0.0
1790743313.581685,1.15213,1.80268,0.0
1790743313.626153,1.1366,1.80276,0.0
1790743313.689652,1.12115,1.80283,0.0
1790743313.753987,1.10575,1.80341,0.0
1790743313.8103502,1.07565,1.80692,0.0
1790743313.8693461,1.06194,1.8072,0.0
1790743313.910462,1.05062,1.80692,0.0
1790743313.9694238,1.04322,1.80726,0.0
1790743314.010528,1.04106,1.80778,0.0
1790743314.07036,1.0439,1.80804,0.0
1790743314.128653,1.04798,1.80757,0.0
1790743314.1821718,1.05123,1.80765,0.0
1790743314.252883,1.05307,1.80795,0.0
1790743314.288468,1.05456,1.80802,0.0
1790743314.3492239,1.05685,1.80791,0.0
1790743314.412815,1.05778,1.80796,0.0
1790743314.4691358,1.05832,1.8081,0.0
1790743314.512056,1.05825,1.80814,0.0
1790743314.570533,1.05817,1.80817,0.0
1790743314.629201,1.05719,1.80473,0.0
1790743314.670809,1.05591,1.80329,0.0
1790743314.7288918,1.05535,1.80357,0.0
1790743314.770253,1.05488,1.80362,0.0
1790743314.829461,1.05476,1.80395,0.0
1790743314.88432,1.05496,1.80439,0.0
1790743314.9305332,1.05506,1.80481,0.0
1790743314.98753,1.05546,1.80506,0.0
1790743315.0297651,1.05529,1.80534,0.0
1790743315.089599,1.05528,1.80562,0.0
1790743315.1432378,1.05478,1.80587,0.0
1790743315.189236,1.05415,1.80619,0.0
1790743315.249092,1.05363,1.80661,0.0
1790743315.2889228,1.05381,1.80679,0.0
1790743315.349684,1.05421,1.80747,0.0
1790743315.411801,1.05457,1.80773,0.0
1790743315.453417,1.05481,1.80821,0.0
1790743315.51632,1.0551,1.80848,0.0
1790743315.569516,1.05514,1.80913,0.0
1790743315.629805,1.05555,1.80929,0.0
1790743315.669466,1.05547,1.80944,0.0
1790743315.728937,1.05517,1.80941,0.0
1790743315.7885818,1.05519,1.80935,0.0
1790743315.8291998,1.05529,1.80907,0.0
1790743315.890068,1.05539,1.80875,0.0
1790743315.9521868,1.05541,1.8088,0.0
1790743316.011101,1.05838,1.80797,0.0
1790743316.048615,1.06055,1.80751,0.0
1790743316.108861,1.06144,1.80711,0.0
1790743316.169468,1.06198,1.80637,0.0
1790743316.228868,1.06224,1.80616,0.0
1790743316.2890189,1.06424,1.8051,0.0
1790743316.329536,1.06488,1.80515,0.0
1790743316.389129,1.06555,1.80566,0.0
1790743316.431029,1.06588,1.80619,0.0
1790743316.4892201,1.0662,1.80602,0.0
1790743316.548955,1.06345,1.80681,0.0
1790743316.589338,1.06276,1.80707,0.0
1790743316.644992,1.06254,1.80719,0.0
1790743316.689627,1.06217,1.80734,0.0
1790743316.7520719,1.06148,1.80758,0.0
1790743316.81354,1.06123,1.8078,0.0
1790743316.870364,1.06094,1.80789,0.0
1790743316.911681,1.06068,1.80794,0.0
1790743316.972542,1.06052,1.80787,0.0
1790743317.02898,1.06027,1.80782,0.0
1790743317.089231,1.05985,1.80809,0.0
1790743317.129705,1.05949,1.80835,0.0
1790743317.1895082,1.05912,1.80915,0.0
1790743317.25265,1.059,1.80956,0.0
1790743317.308222,1.059,1.80982,0.0
1790743317.3716831,1.05908,1.80977,0.0
1790743317.404963,1.05912,1.80968,0.0
1790743317.4711628,1.05912,1.80967,0.0
1790743317.512217,1.05893,1.80979,0.0
1790743317.5736299,1.05867,1.81228,0.0
1790743317.609982,1.05812,1.82288,0.0
1790743317.673412,1.05809,1.8414,0.0
1790743317.709996,1.0574,1.86248,0.0
1790743317.7672691,1.05689,1.88391,0.0
1790743317.829241,1.05619,1.90449,0.0
1790743317.889455,1.05564,1.9227,0.0
1790743317.929893,1.05536,1.93768,0.0
1790743317.99344,1.05497,1.95059,0.0
1790743318.0301492,1.05457,1.9619,0.0
1790743318.0893052,1.0544,1.97354,0.0
1790743318.149106,1.05414,1.98654,0.0
1790743318.2315478,1.05401,2.01819,0.0
1790743318.289601,1.05437,2.03568,0.0
1790743318.351425,1.05474,2.0527,0.0
1790743318.388851,1.05484,2.06876,0.0
1790743318.4490461,1.0547,2.08352,0.0
1790743318.511746,1.05509,2.11077,0.0
1790743318.548954,1.05692,2.12368,0.0
1790743318.609961,1.06285,2.13322,0.0
1790743318.6719959,1.06988,2.13978,0.0
1790743318.728925,1.07382,2.14757,0.0
1790743318.789279,1.07331,2.15844,0.0
1790743318.829278,1.07125,2.17348,0.0
1790743318.889887,1.06944,2.19124,0.0
1790743318.949143,1.06603,2.21041,0.0
1790743319.008961,1.06194,2.22886,0.0
1790743319.051019,1.0605,2.2549,0.0
1790743319.108984,1.06326,2.26251,0.0
1790743319.161464,1.06586,2.26922,0.0
1790743319.2104168,1.0688,2.2764,0.0
1790743319.288882,1.07276,2.285,0.0
1790743319.329213,1.07638,2.29634,0.0
1790743319.38917,1.07785,2.31156,0.0
1790743319.429493,1.07724,2.32918,0.0
1790743319.487723,1.07637,2.34839,0.0
1790743319.548877,1.07666,2.36727,0.0
1790743319.608853,1.0784,2.38446,0.0
1790743319.651198,1.08226,2.40892,0.0
1790743319.710092,1.08305,2.41644,0.0
1790743319.771049,1.08286,2.42126,0.0
1790743319.8219242,1.08249,2.42343,0.0
1790743319.871727,1.08225,2.42394,0.0
1790743319.929535,1.08178,2.42418,0.0
1790743319.972766,1.08122,2.424,0.0
1790743320.023228,1.081,2.42371,0.0
1790743320.086636,1.08097,2.42333,0.0
1790743320.129964,1.08098,2.42287,0.0
1790743320.1901991,1.08117,2.42265,0.0
1790743320.2495098,1.08126,2.42259,0.0
1790743320.30962,1.08133,2.42236,0.0
1790743320.3712242,1.08126,2.42226,0.0
1790743320.421324,1.08061,2.42211,0.0
1790743320.485875,1.07651,2.42336,0.0
1790743320.54917,1.07644,2.42318,0.0
1790743320.585056,1.07627,2.42295,0.0
1790743320.64939,1.07651,2.42304,0.0
1790743320.7092218,1.07664,2.42317,0.0
1790743320.748953,1.07712,2.42352,0.0
1790743320.8091142,1.0776,2.42379,0.0
1790743320.8492858,1.07767,2.42399,0.0
1790743320.90919,1.07795,2.42378,0.0
1790743320.970895,1.07826,2.42342,0.0
1790743321.009451,1.0786,2.42345,0.0
1790743321.0722811,1.07886,2.42366,0.0
1790743321.12919,1.07922,2.42353,0.0
1790743321.170804,1.07931,2.42354,0.0
1790743321.232515,1.07948,2.42365,0.0
1790743321.289564,1.07981,2.42356,0.0
1790743321.349531,1.08072,2.42323,0.0
1790743321.4120388,1.08113,2.42327,0.0
1790743321.4506052,1.08128,2.42282,0.0
1790743321.509886,1.08122,2.42312,0.0
1790743321.5725179,1.08158,2.42361,0.0
1790743321.626919,1.0821,2.42371,0.0
1790743321.6700191,1.0824,2.42336,0.0
1790743321.7290812,1.08242,2.42239,0.0
1790743321.7699342,1.08242,2.42163,0.0
1790743321.830749,1.08213,2.42089,0.0
1790743321.869594,1.08144,2.41908,0.0
1790743321.931504,1.08093,2.41829,0.0
1790743321.96931,1.08062,2.41849,0.0
1790743322.031301,1.07989,2.41845,0.0
1790743322.089375,1.07924,2.4181,0.0
1790743322.132122,1.07808,2.41706,0.0
1790743322.182751,1.07788,2.41675,0.0
1790743322.249459,1.07861,2.41635,0.0
1790743322.309023,1.07986,2.41693,0.0
1790743322.3491771,1.07963,2.41857,0.0
1790743322.409354,1.07937,2.41926,0.0
1790743322.4702861,1.07927,2.41951,0.0
1790743322.510525,1.07915,2.41949,0.0
1790743322.569951,1.07905,2.41984,0.0
1790743322.6104572,1.079,2.42004,0.0
1790743322.675184,1.0787,2.42015,0.0
1790743322.732054,1.07845,2.42028,0.0
1790743322.789547,1.07817,2.42027,0.0
1790743322.850424,1.07825,2.42034,0.0
1790743322.909166,1.07825,2.42034,0.0
1790743322.952706,1.07874,2.42038,0.0
1790743323.0115159,1.07882,2.42022,0.0
1790743323.0687842,1.0786,2.4204,0.0
1790743323.112535,1.07858,2.42036,0.0
1790743323.169017,1.07881,2.42041,0.0
1790743323.2321432,1.07877,2.42048,0.0
1790743323.289622,1.07878,2.42043,0.0
1790743323.34895,1.07859,2.42059,0.0
1790743323.390749,1.07835,2.4208,0.0
1790743323.449301,1.07871,2.42154,0.0
1790743323.507725,1.08346,2.42336,0.0
1790743323.550302,1.09688,2.42827,0.0
1790743323.60943,1.116,2.43218,0.0
1790743323.668869,1.13695,2.43394,0.0
1790743323.709881,1.15844,2.43479,0.0
1790743323.769272,1.17844,2.43571,0.0
1790743323.8328488,1.19619,2.43661,0.0
1790743323.889308,1.21103,2.43778,0.0
1790743323.933625,1.22344,2.43908,0.0
1790743323.989032,1.23486,2.43999,0.0
1790743324.034401,1.24673,2.44043,0.0
1790743324.089033,1.25988,2.44039,0.0
1790743324.144286,1.27503,2.44049,0.0
1790743324.1892931,1.29191,2.44098,0.0
1790743324.252641,1.32604,2.44112,0.0
1790743324.309422,1.34171,2.44153,0.0
1790743324.369035,1.35608,2.44188,0.0
1790743324.409954,1.36964,2.44244,0.0
1790743324.4646862,1.38298,2.44234,0.0
1790743324.5306828,1.39656,2.44235,0.0
1790743324.569474,1.41102,2.44251,0.0
1790743324.629507,1.42634,2.44235,0.0
1790743324.689415,1.44226,2.44199,0.0
1790743324.729579,1.45843,2.44083,0.0
1790743324.789827,1.47411,2.43774,0.0
1790743324.849312,1.50351,2.43366,0.0
1790743324.90264,1.51738,2.43382,0.0
1790743324.9907131,1.53142,2.43394,0.0
1790743325.032065,1.54597,2.43293,0.0
1790743325.0889652,1.56115,2.42906,0.0
1790743325.1490948,1.57724,2.42137,0.0
1790743325.1889842,1.59272,2.41127,0.0
1790743325.26284,1.62311,2.38889,0.0
1790743325.3070679,1.63787,2.37848,0.0
1790743325.367407,1.6525,2.36984,0.0
1790743325.410302,1.66553,2.36455,0.0
1790743325.471884,1.67475,2.3643,0.0
1790743325.531355,1.67992,2.36633,0.0
1790743325.565608,1.6819,2.36802,0.0
1790743325.62901,1.68148,2.36917,0.0
1790743325.6890502,1.68126,2.36969,0.0
1790743325.729398,1.6814,2.36983,0.0
1790743325.7939231,1.68149,2.36968,0.0
1790743325.849036,1.68188,2.36936,0.0
1790743325.9092429,1.68185,2.3694,0.0
1790743325.9640288,1.68185,2.36949,0.0
1790743326.008152,1.68192,2.36949,0.0
1790743326.069526,1.68191,2.36952,0.0
1790743326.1297238,1.68203,2.36941,0.0
1790743326.190839,1.68216,2.3693,0.0
1790743326.2292428,1.68226,2.36912,0.0
1790743326.2907772,1.6823,2.36901,0.0
1790743326.329629,1.68239,2.36902,0.0
1790743326.3919842,1.68417,2.36901,0.0
1790743326.448999,1.69213,2.36857,0.0
1790743326.4918048,1.7088,2.36783,0.0
1790743326.5487628,1.72941,2.36819,0.0
1790743326.593035,1.75075,2.36765,0.0
1790743326.649139,1.79118,2.3676,0.0
1790743326.708304,1.80788,2.36724,0.0
1790743326.7504508,1.82177,2.36646,0.0
1790743326.8090901,1.83347,2.36449,0.0
1790743326.8643,1.84495,2.36186,0.0
1790743326.909138,1.85753,2.35808,0.0
1790743326.963451,1.87188,2.35299,0.0
1790743327.0299761,1.88777,2.34779,0.0
1790743327.084178,1.9047,2.34302,0.0
1790743327.149112,1.92172,2.33994,0.0
1790743327.195725,1.93813,2.33929,0.0
1790743327.2708511,1.96787,2.34131,0.0
1790743327.310527,1.98168,2.34135,0.0
1790743327.370125,1.99548,2.34005,0.0
1790743327.410518,2.00946,2.33812,0.0
1790743327.4705029,2.02428,2.33494,0.0
1790743327.52989,2.03982,2.33063,0.0
1790743327.582776,2.05274,2.32714,0.0
1790743327.624981,2.05839,2.32602,0.0
1790743327.694644,2.06017,2.32638,0.0
1790743327.7487712,2.06128,2.3271,0.0
1790743327.7952142,2.0615,2.32772,0.0
1790743327.849163,2.0615,2.3233,0.0
1790743327.908756,2.06129,2.31539,0.0
1790743327.9705331,2.06071,2.30444,0.0
1790743328.009282,2.0601,2.29241,0.0
1790743328.069248,2.05987,2.28141,0.0
1790743328.1291578,2.05938,2.27188,0.0
1790743328.181521,2.05973,2.26784,0.0
1790743328.230491,2.06009,2.26742,0.0
1790743328.292935,2.06035,2.26886,0.0
1790743328.348816,2.06074,2.26942,0.0
1790743328.408884,2.07656,2.27331,0.0
1790743328.449339,2.09496,2.27498,0.0
1790743328.509401,2.11588,2.27686,0.0
1790743328.569401,2.13727,2.278,0.0
1790743328.611259,2.1576,2.27986,0.0
1790743328.670086,2.17518,2.28578,0.0
1790743328.7247,2.19012,2.2936,0.0
1790743328.770011,2.20405,2.29815,0.0
1790743328.832478,2.2172,2.29847,0.0
1790743328.892006,2.2301,2.2963,0.0
1790743328.948999,2.24301,2.29419,0.0
1790743328.992525,2.25541,2.29254,0.0
1790743329.049779,2.26735,2.29207,0.0
1790743329.109024,2.28576,2.29177,0.0
1790743329.142804,2.29111,2.29178,0.0
1790743329.209134,2.29267,2.29192,0.0
1790743329.268849,2.29273,2.29173,0.0
1790743329.334146,2.29274,2.29169,0.0
1790743329.369618,2.29264,2.29173,0.0
1790743329.430644,2.29241,2.29173,0.0
1790743329.493433,2.2921,2.29178,0.0
1790743329.544197,2.29186,2.29152,0.0
1790743329.581905,2.29166,2.29148,0.0
1790743329.640419,2.29167,2.29148,0.0
1790743329.70884,2.29158,2.29152,0.0
1790743329.7466,2.29125,2.2913,0.0
1790743329.808939,2.29095,2.29131,0.0
1790743329.848989,2.29061,2.29117,0.0
1790743329.909703,2.29005,2.29118,0.0
1790743329.9691231,2.28958,2.29127,0.0
1790743330.010719,2.28942,2.29148,0.0
1790743330.071131,2.28924,2.29154,0.0
1790743330.13137,2.28915,2.29157,0.0
1790743330.1895418,2.28912,2.2916,0.0
1790743330.230369,2.28906,2.29138,0.0
1790743330.291445,2.28905,2.29134,0.0
1790743330.341376,2.28911,2.29138,0.0
1790743330.3918898,2.2891,2.29125,0.0
1790743330.4439108,2.28891,2.29118,0.0
1790743330.49245,2.28852,2.29121,0.0
1790743330.550966,2.28832,2.29098,0.0
1790743330.6017249,2.28812,2.2908,0.0
1790743330.6514099,2.28778,2.29082,0.0
1790743330.701268,2.28778,2.29082,0.0
1790743330.751002,2.28798,2.29086,0.0
1790743330.8089778,2.28815,2.2909,0.0
1790743330.851134,2.28813,2.29097,0.0
1790743330.909653,2.28788,2.29104,0.0
1790743330.968862,2.28746,2.29119,0.0
1790743331.00947,2.28729,2.29126,0.0
1790743331.069173,2.28725,2.29119,0.0
1790743331.128883,2.28713,2.29101,0.0
1790743331.168988,2.28689,2.29105,0.0
1790743331.228791,2.28657,2.29122,0.0
1790743331.2908921,2.28613,2.29145,0.0
1790743331.332604,2.28606,2.29136,0.0
1790743331.389293,2.28612,2.29121,0.0
1790743331.45215,2.286,2.29115,0.0
1790743331.5034502,2.2858,2.29137,0.0
1790743331.5509021,2.28572,2.2914,0.0
1790743331.60742,2.28552,2.29144,0.0
1790743331.6531048,2.28541,2.29169,0.0
1790743331.7017338,2.2855,2.29202,0.0
1790743331.769078,2.28549,2.29226,0.0
1790743331.829411,2.28593,2.29243,0.0
1790743331.869161,2.29027,2.29271,0.0
1790743331.929665,2.30219,2.29298,0.0
1790743331.969721,2.31948,2.29236,0.0
1790743332.029917,2.33836,2.29207,0.0
1790743332.088866,2.3569,2.2918,0.0
1790743332.133035,2.37375,2.29185,0.0
1790743332.189656,2.38786,2.29195,0.0
1790743332.2533529,2.39917,2.29173,0.0
1790743332.289877,2.40851,2.29156,0.0
1790743332.3520582,2.42699,2.29126,0.0
1790743332.403986,2.43867,2.29135,0.0
1790743332.452501,2.45271,2.29128,0.0
1790743332.508706,2.46768,2.29147,0.0
1790743332.5695481,2.48247,2.29165,0.0
1790743332.609486,2.49631,2.29161,0.0
1790743332.6663659,2.50889,2.29192,0.0
1790743332.730835,2.52025,2.29195,0.0
1790743332.78882,2.53104,2.29206,0.0
1790743332.831478,2.5421,2.29191,0.0
1790743332.8894238,2.55381,2.29212,0.0
1790743332.951354,2.56596,2.29229,0.0
1790743332.9895391,2.57913,2.29232,0.0
1790743333.052224,2.59263,2.29234,0.0
1790743333.1085608,2.60617,2.29292,0.0
1790743333.151882,2.63173,2.29347,0.0
1790743333.208822,2.64329,2.29336,0.0
1790743333.2688599,2.65457,2.29343,0.0
1790743333.3218062,2.66613,2.29341,0.0
1790743333.36908,2.67829,2.29337,0.0
1790743333.4303958,2.6912,2.29314,0.0
1790743333.488897,2.70435,2.29229,0.0
1790743333.529,2.71759,2.29,0.0
1790743333.589335,2.73041,2.28721,0.0
1790743333.630595,2.74271,2.28548,0.0
1790743333.6891782,2.75494,2.28305,0.0
1790743333.730313,2.76697,2.2797,0.0
1790743333.789088,2.77897,2.27505,0.0
1790743333.851029,2.79113,2.26949,0.0
1790743333.8910851,2.80324,2.26605,0.0
1790743333.9664462,2.82801,2.26477,0.0
1790743334.0291588,2.8407,2.26377,0.0
1790743334.088873,2.85352,2.26142,0.0
1790743334.130332,2.86584,2.25716,0.0
1790743334.190038,2.87651,2.2521,0.0
1790743334.2519438,2.88546,2.24728,0.0
1790743334.3103628,2.89213,2.2466,0.0
1790743334.363133,2.89028,2.24802,0.0
1790743334.409308,2.88919,2.24912,0.0
1790743334.4689221,2.88887,2.24928,0.0
1790743334.524679,2.88869,2.24931,0.0
1790743334.5701718,2.88874,2.24821,0.0
1790743334.6278012,2.88881,2.24509,0.0
1790743334.691917,2.88858,2.23982,0.0
1790743334.7509818,2.88805,2.23319,0.0
1790743334.814989,2.88794,2.22073,0.0
1790743334.867776,2.88798,2.21676,0.0
1790743334.911264,2.88787,2.2143,0.0
1790743334.969507,2.88778,2.2129,0.0
1790743335.028929,2.88789,2.21189,0.0
1790743335.09268,2.8882,2.20988,0.0
1790743335.148742,2.88822,2.20658,0.0
1790743335.194728,2.88763,2.20124,0.0
1790743335.2512882,2.88749,2.19437,0.0
1790743335.311742,2.88722,2.18172,0.0
1790743335.368895,2.88711,2.17827,0.0
1790743335.411649,2.88698,2.17635,0.0
1790743335.4688199,2.88704,2.17589,0.0
1790743335.525918,2.88735,2.17631,0.0
1790743335.569365,2.8878,2.17655,0.0
1790743335.630924,2.88808,2.17662,0.0
1790743335.685077,2.88821,2.17667,0.0
1790743335.72926,2.88843,2.17671,0.0
1790743335.790147,2.88835,2.1769,0.0
1790743335.849656,2.88788,2.17735,0.0
1790743335.9116218,2.8879,2.17745,0.0
1790743335.968714,2.88809,2.17746,0.0
1790743336.024095,2.88834,2.17751,0.0
1790743336.0694752,2.88836,2.17764,0.0
1790743336.128587,2.88818,2.1777,0.0
1790743336.1898181,2.88817,2.17783,0.0
1790743336.25057,2.88829,2.17806,0.0
1790743336.3108742,2.88818,2.17799,0.0
1790743336.348994,2.88817,2.178,0.0
1790743336.4139001,2.88816,2.17794,0.0
1790743336.4686809,2.88825,2.17786,0.0
1790743336.513113,2.88842,2.17802,0.0
1790743336.569041,2.8884,2.17813,0.0
1790743336.6288152,2.88846,2.17828,0.0
1790743336.6690419,2.88842,2.17828,0.0
1790743336.7288792,2.8883,2.1784,0.0
1790743336.787374,2.88823,2.17857,0.0
1790743336.849157,2.88823,2.17853,0.0
1790743336.911773,2.88811,2.17826,0.0
1790743336.9502459,2.88809,2.17817,0.0
1790743337.0118499,2.88802,2.17813,0.0
1790743337.0687099,2.88802,2.17816,0.0
1790743337.1125,2.88816,2.17813,0.0
1790743337.168579,2.88835,2.17811,0.0
1790743337.2143092,2.88853,2.17805,0.0
1790743337.269123,2.88871,2.178,0.0
1790743337.330404,2.88891,2.17794,0.0
1790743337.389408,2.88909,2.1779,0.0
1790743337.4486341,2.8893,2.17787,0.0
1790743337.489428,2.88949,2.17783,0.0
1790743337.5486279,2.88966,2.17779,0.0
1790743337.585079,2.88982,2.17776,0.0
1790743337.6492422,2.88999,2.17771,0.0
1790743337.6894999,2.89016,2.17768,0.0
1790743337.75058,2.89029,2.17765,0.0
1790743337.80954,2.89059,2.17765,0.0
1790743337.872575,2.89071,2.17761,0.0
1790743337.902389,2.89085,2.17763,0.0
1790743337.968982,2.89115,2.1775,0.0
1790743338.029098,2.89116,2.17745,0.0
1790743338.069098,2.89109,2.17733,0.0
1790743338.128994,2.89127,2.17721,0.0
1790743338.1697888,2.8914,2.17776,0.0
1790743338.2292538,2.89186,2.17781,0.0
1790743338.29003,2.89208,2.17757,0.0
1790743338.351938,2.89197,2.17763,0.0
1790743338.404032,2.89214,2.17767,0.0
1790743338.46931,2.89218,2.17775,0.0
1790743338.5091698,2.89224,2.17785,0.0
1790743338.568927,2.89227,2.17796,0.0
1790743338.61339,2.89247,2.17791,0.0
1790743338.6690729,2.89255,2.17787,0.0
1790743338.7125618,2.89239,2.17785,0.0
1790743338.769119,2.89231,2.17799,0.0
1790743338.828803,2.89202,2.17836,0.0
1790743338.893792,2.89464,2.17846,0.0
1790743338.948986,2.90173,2.17848,0.0
1790743338.992085,2.91289,2.17838,0.0
1790743339.0493288,2.93863,2.17795,0.0
1790743339.109972,2.94908,2.17796,0.0
1790743339.161152,2.95644,2.17815,0.0
1790743339.2016482,2.96098,2.17777,0.0
1790743339.271991,2.96403,2.17766,0.0
1790743339.328993,2.96792,2.17742,0.0
1790743339.391361,2.97369,2.17715,0.0
1790743339.450253,2.98233,2.17678,0.0
1790743339.490644,2.99237,2.17658,0.0
1790743339.553026,3.01256,2.17649,0.0
1790743339.610615,3.02039,2.17654,0.0
1790743339.651526,3.02508,2.17635,0.0
1790743339.711314,3.02549,2.17549,0.0
1790743339.76301,3.02462,2.17554,0.0
1790743339.828969,3.02401,2.17545,0.0
1790743339.863059,3.02346,2.17551,0.0
1790743339.9298692,3.02318,2.17563,0.0
1790743339.99,3.02332,2.17569,0.0
1790743340.030088,3.02351,2.17568,0.0
1790743340.086661,3.02363,2.17569,0.0
1790743340.131361,3.0234,2.17557,0.0
1790743340.19027,3.02314,2.17559,0.0
1790743340.273943,3.023,2.17585,0.0
1790743340.311405,3.02311,2.17586,0.0
1790743340.373631,3.02333,2.17583,0.0
1790743340.430624,3.0233,2.17593,0.0
1790743340.473124,3.0234,2.17602,0.0
1790743340.530563,3.02356,2.17599,0.0
1790743340.573449,3.02365,2.17603,0.0
1790743340.630162,3.02368,2.17608,0.0
1790743340.689781,3.02388,2.176,0.0
1790743340.764064,3.02405,2.176,0.0
1790743340.8094988,3.02424,2.17626,0.0
1790743340.8725262,3.02425,2.17629,0.0
1790743340.929739,3.02419,2.17661,0.0
1790743340.964344,3.02408,2.17668,0.0
1790743341.0289228,3.0242,2.17679,0.0
1790743341.088613,3.02424,2.17699,0.0
1790743341.1302469,3.0243,2.17691,0.0
1790743341.191467,3.0243,2.17687,0.0
1790743341.2503119,3.02456,2.17691,0.0
1790743341.291221,3.02472,2.17687,0.0
1790743341.350027,3.0251,2.17689,0.0
1790743341.4095511,3.02509,2.17712,0.0
1790743341.450929,3.0251,2.17695,0.0
1790743341.511873,3.02519,2.17682,0.0
1790743341.571938,3.02526,2.17683,0.0
1790743341.6139698,3.02529,2.17683,0.0
1790743341.672299,3.02502,2.17669,0.0
1790743341.724631,3.02506,2.17662,0.0
1790743341.78956,3.02519,2.17657,0.0
1790743341.830413,3.02543,2.17649,0.0
1790743341.889633,3.02573,2.17658,0.0
1790743341.929396,3.02591,2.1764,0.0
1790743341.9898088,3.02591,2.17617,0.0
1790743342.050009,3.02568,2.17634,0.0
1790743342.1095822,3.02538,2.17632,0.0
1790743342.149987,3.02537,2.17654,0.0
1790743342.2094889,3.02547,2.17661,0.0
1790743342.2502,3.02545,2.17666,0.0
1790743342.3104808,3.02551,2.17668,0.0
1790743342.351177,3.02549,2.17656,0.0
1790743342.4098618,3.02521,2.17642,0.0
1790743342.471617,3.02512,2.17653,0.0
1790743342.510779,3.02514,2.17655,0.0
1790743342.572928,3.02537,2.17668,0.0
1790743342.623611,3.02549,2.17689,0.0
1790743342.672514,3.02537,2.177,0.0
1790743342.729614,3.02536,2.17685,0.0
1790743342.791523,3.02471,2.17726,0.0
1790743342.849538,3.02458,2.17718,0.0
1790743342.9131908,3.02471,2.17736,0.0
1790743342.970957,3.02468,2.17756,0.0
1790743343.030234,3.0247,2.17741,0.0
1790743343.088934,3.0246,2.1773,0.0
1790743343.124305,3.02451,2.17715,0.0
1790743343.190228,3.02459,2.17723,0.0
1790743343.2298281,3.02473,2.17723,0.0
1790743343.308644,3.02475,2.17721,0.0
1790743343.3505652,3.02475,2.17716,0.0
1790743343.412595,3.02488,2.17714,0.0
1790743343.449931,3.02501,2.177,0.0
1790743343.5099368,3.0252,2.17711,0.0
1790743343.549897,3.02551,2.17708,0.0
1790743343.6103501,3.02561,2.17722,0.0
1790743343.6701329,3.02549,2.17708,0.0
1790743343.711874,3.02535,2.1769,0.0
1790743343.770306,3.0252,2.17686,0.0
1790743343.828597,3.02506,2.17669,0.0
1790743343.871283,3.02506,2.17652,0.0
1790743343.931115,3.02521,2.17641,0.0
1790743343.9715672,3.02543,2.17624,0.0
1790743344.032768,3.0257,2.1761,0.0
1790743344.083915,3.02572,2.17596,0.0
1790743344.131706,3.02591,2.17594,0.0
1790743344.189227,3.02605,2.17591,0.0
1790743344.243938,3.02615,2.17593,0.0
1790743344.290036,3.02648,2.17579,0.0
1790743344.344214,3.02657,2.17566,0.0
1790743344.3912919,3.02665,2.17554,0.0
1790743344.448859,3.0268,2.17545,0.0
1790743344.509484,3.0269,2.17553,0.0
1790743344.5513039,3.02697,2.17541,0.0
1790743344.60959,3.02676,2.17536,0.0
1790743344.6502411,3.02654,2.17538,0.0
1790743344.7097101,3.02654,2.17545,0.0
1790743344.7687418,3.02658,2.17551,0.0
1790743344.809914,3.02647,2.1756,0.0
1790743344.871294,3.02659,2.17575,0.0
1790743344.910026,3.02673,2.17566,0.0
1790743344.971689,3.02697,2.1757,0.0
1790743345.031074,3.027,2.17578,0.0
1790743345.072002,3.02702,2.17584,0.0
1790743345.1311302,3.02695,2.17588,0.0
1790743345.1886039,3.02697,2.17578,0.0
1790743345.242304,3.02713,2.17569,0.0
1790743345.289567,3.02725,2.17558,0.0
1790743345.35118,3.02734,2.17541,0.0
1790743345.392266,3.02734,2.17541,0.0
1790743345.448798,3.02768,2.17522,0.0
1790743345.509502,3.02793,2.1753,0.0
1790743345.5695732,3.02806,2.1752,0.0
1790743345.611677,3.02819,2.17497,0.0
1790743345.670027,3.02831,2.17481,0.0
1790743345.73165,3.02836,2.17485,0.0
1790743345.771282,3.02837,2.17497,0.0
1790743345.834347,3.02851,2.17508,0.0
1790743345.889676,3.02857,2.17536,0.0
1790743345.948459,3.02854,2.1755,0.0
1790743345.98999,3.02836,2.17568,0.0
1790743346.044117,3.02835,2.17564,0.0
1790743346.107081,3.02814,2.17557,0.0
1790743346.148176,3.02804,2.17566,0.0
1790743346.208885,3.02796,2.1758,0.0
1790743346.25039,3.02809,2.17581,0.0
1790743346.3057542,3.02728,2.1761,0.0
1790743346.370604,3.02294,2.17686,0.0
1790743346.410253,3.01407,2.17763,0.0
1790743346.4699268,3.00222,2.17841,0.0
1790743346.523608,2.98928,2.1789,0.0
1790743346.569841,2.97753,2.17931,0.0
1790743346.629626,2.96829,2.17955,0.0
1790743346.671086,2.9623,2.17959,0.0
1790743346.731203,2.95854,2.17982,0.0
1790743346.789576,2.95705,2.17985,0.0
1790743346.831873,2.95665,2.18007,0.0
1790743346.889965,2.95627,2.18012,0.0
1790743346.933533,2.95626,2.17995,0.0
1790743346.989732,2.95534,2.17616,0.0
1790743347.049675,2.95578,2.17523,0.0
1790743347.089918,2.95672,2.17518,0.0
1790743347.15007,2.95747,2.17472,0.0
1790743347.20802,2.95793,2.17459,0.0
1790743347.2516081,2.95853,2.17453,0.0
1790743347.310934,2.95882,2.17489,0.0
1790743347.3702369,2.95898,2.17536,0.0
1790743347.4170282,2.95898,2.17536,0.0
1790743347.4712489,2.9597,2.17655,0.0
1790743347.531245,2.95999,2.17742,0.0
1790743347.569412,2.9601,2.17746,0.0
1790743347.630877,2.96014,2.17825,0.0
1790743347.6920462,2.96073,2.17818,0.0
1790743347.731162,2.96111,2.1782,0.0
1790743347.792063,2.96158,2.1781,0.0
1790743347.8510878,2.96197,2.17831,0.0
1790743347.892662,2.96223,2.17839,0.0
1790743347.949632,2.96235,2.17863,0.0
1790743347.991959,2.96239,2.17923,0.0
1790743348.049738,2.96269,2.18015,0.0
1790743348.1112452,2.96311,2.17996,0.0
1790743348.168538,2.96351,2.18016,0.0
1790743348.210918,2.96372,2.18049,0.0
1790743348.2709289,2.96379,2.18126,0.0
1790743348.312203,2.96283,2.18162,0.0
1790743348.369827,2.96097,2.18237,0.0
1790743348.4295008,2.95938,2.18279,0.0
1790743348.4703538,2.95766,2.18311,0.0
1790743348.530257,2.95758,2.18279,0.0
1790743348.591579,2.95771,2.1821,0.0
1790743348.631124,2.95746,2.18125,0.0
1790743348.692209,2.95597,2.18089,0.0
1790743348.7495701,2.95539,2.18164,0.0
1790743348.805161,2.95432,2.18283,0.0
1790743348.850073,2.95563,2.18284,0.0
1790743348.9099789,2.95642,2.1823,0.0
1790743348.9500759,2.95658,2.1815,0.0
1790743349.0094578,2.95668,2.18059,0.0
1790743349.0499809,2.95686,2.17984,0.0
1790743349.115723,2.95682,2.17948,0.0
1790743349.169625,2.95682,2.17939,0.0
1790743349.225263,2.95673,2.17923,0.0
1790743349.290247,2.95681,2.17928,0.0
1790743349.329667,2.95667,2.17919,0.0
1790743349.393344,2.95676,2.17916,0.0
1790743349.449999,2.95694,2.17919,0.0
1790743349.4911182,2.95716,2.17923,0.0
1790743349.549611,2.95746,2.17909,0.0
1790743349.609707,2.95764,2.17909,0.0
1790743349.670357,2.9579,2.17888,0.0
1790743349.723732,2.95796,2.17853,0.0
1790743349.769821,2.9579,2.17828,0.0
1790743349.831539,2.95782,2.17835,0.0
1790743349.871884,2.95786,2.17852,0.0
1790743349.934196,2.95773,2.17857,0.0
1790743349.9910522,2.9577,2.17849,0.0
1790743350.0325198,2.95811,2.17831,0.0
1790743350.094033,2.9583,2.17816,0.0
1790743350.149486,2.95844,2.17796,0.0
1790743350.209356,2.95866,2.17804,0.0
1790743350.2496939,2.9587,2.17803,0.0
1790743350.312023,2.95853,2.17794,0.0
1790743350.369615,2.95864,2.17799,0.0
1790743350.409813,2.95881,2.17803,0.0
1790743350.469721,2.95898,2.17803,0.0
1790743350.5244071,2.95921,2.17792,0.0
1790743350.570587,2.9593,2.17783,0.0
1790743350.629899,2.95947,2.17788,0.0
1790743350.672884,2.95949,2.17768,0.0
1790743350.729364,2.95941,2.1776,0.0
1790743350.7835672,2.95952,2.17754,0.0
1790743350.828958,2.95963,2.17786,0.0
1790743350.889502,2.95978,2.17792,0.0
1790743350.9308941,2.95994,2.17805,0.0
1790743350.993184,2.96002,2.17817,0.0
1790743351.051729,2.95999,2.17826,0.0
1790743351.084157,2.96013,2.17807,0.0
1790743351.149763,2.96025,2.17831,0.0
1790743351.209895,2.96027,2.17856,0.0
1790743351.249852,2.96027,2.17856,0.0
1790743351.308985,2.96011,2.17886,0.0
1790743351.351309,2.96001,2.17878,0.0
1790743351.4098291,2.96005,2.17873,0.0
1790743351.450176,2.9602,2.17865,0.0
1790743351.5105011,2.96031,2.17867,0.0
1790743351.569448,2.96027,2.1786,0.0
1790743351.6110651,2.96024,2.17855,0.0
1790743351.66977,2.96031,2.17863,0.0
1790743351.71008,2.96023,2.182,0.0
1790743351.7700632,2.96019,2.19301,0.0
1790743351.82941,2.96052,2.20956,0.0
1790743351.894206,2.96049,2.22828,0.0
1790743351.943907,2.96039,2.24723,0.0
1790743351.991192,2.96114,2.26449,0.0
1790743352.0520902,2.96411,2.27829,0.0
1790743352.091368,2.96735,2.28982,0.0
1790743352.144761,2.97007,2.30828,0.0
1790743352.209735,2.96998,2.31739,0.0
1790743352.243971,2.97018,2.32822,0.0
1790743352.309864,2.97012,2.34135,0.0
1790743352.349128,2.96935,2.35588,0.0
1790743352.4097211,2.9672,2.37059,0.0
1790743352.450706,2.96419,2.3847,0.0
1790743352.509538,2.96202,2.3979,0.0
1790743352.570514,2.96189,2.40922,0.0
1790743352.611039,2.96267,2.42052,0.0
1790743352.670121,2.96304,2.4318,0.0
1790743352.730218,2.96232,2.44339,0.0
1790743352.769824,2.96109,2.45561,0.0
1790743352.834868,2.95946,2.46861,0.0
1790743352.8904362,2.95899,2.48191,0.0
1790743352.9437969,2.95924,2.49533,0.0
1790743352.991012,2.95801,2.50833,0.0
1790743353.051599,2.95532,2.52084,0.0
1790743353.10718,2.94667,2.54401,0.0
1790743353.1543481,2.94158,2.55576,0.0
1790743353.205256,2.93653,2.56785,0.0
1790743353.26964,2.93211,2.58055,0.0
1790743353.310457,2.92856,2.59358,0.0
1790743353.369835,2.92654,2.6064,0.0
1790743353.409879,2.92687,2.61948,0.0
1790743353.4695969,2.92835,2.63215,0.0
1790743353.5101671,2.92896,2.6446,0.0
1790743353.569515,2.92937,2.65701,0.0
1790743353.629447,2.9293,2.66905,0.0
1790743353.669889,2.92946,2.68137,0.0
1790743353.729834,2.92943,2.69396,0.0
1790743353.791125,2.93073,2.70702,0.0
1790743353.828725,2.93252,2.71927,0.0
1790743353.88977,2.93328,2.73037,0.0
1790743353.950714,2.93326,2.73996,0.0
1790743353.9906151,2.93292,2.74709,0.0
1790743354.0512938,2.93263,2.7498,0.0
1790743354.089864,2.93248,2.75008,0.0
1790743354.1677032,2.93233,2.75002,0.0
1790743354.210262,2.93227,2.74986,0.0
1790743354.270245,2.93208,2.74971,0.0
1790743354.3089778,2.932,2.74934,0.0
1790743354.3717399,2.93201,2.7489,0.0
1790743354.430919,2.93197,2.74859,0.0
1790743354.4667819,2.93199,2.74863,0.0
1790743354.5295238,2.93204,2.74857,0.0
1790743354.589321,2.93191,2.74843,0.0
1790743354.630358,2.93202,2.74823,0.0
1790743354.690059,2.9321,2.74786,0.0
1790743354.751402,2.93216,2.74795,0.0
1790743354.8087108,2.93194,2.74842,0.0
1790743354.869324,2.93178,2.74856,0.0
1790743354.910026,2.93173,2.74875,0.0
1790743354.969383,2.9319,2.74884,0.0
1790743355.007877,2.93212,2.74863,0.0
1790743355.0696151,2.93218,2.74849,0.0
1790743355.129449,2.93219,2.74836,0.0
1790743355.189439,2.93211,2.74835,0.0
1790743355.231673,2.93221,2.74842,0.0
1790743355.29481,2.93228,2.74866,0.0
1790743355.350752,2.93226,2.74875,0.0
1790743355.391762,2.93239,2.7489,0.0
1790743355.4511712,2.93237,2.74887,0.0
1790743355.4911308,2.93228,2.74878,0.0
1790743355.550803,2.93227,2.7486,0.0
1790743355.610131,2.93199,2.74847,0.0
1790743355.66612,2.93185,2.74838,0.0
1790743355.7106729,2.93178,2.74838,0.0
1790743355.770118,2.93171,2.74847,0.0
1790743355.825844,2.9317,2.74831,0.0
1790743355.869494,2.93176,2.74821,0.0
1790743355.929421,2.93168,2.74833,0.0
1790743355.9907699,2.93164,2.74838,0.0
1790743356.050072,2.9316,2.74837,0.0
1790743356.089597,2.93158,2.74835,0.0
1790743356.150332,2.93156,2.74831,0.0
1790743356.191839,2.93155,2.74832,0.0
1790743356.250926,2.93152,2.74825,0.0
1790743356.309346,2.9315,2.74825,0.0
1790743356.3697941,2.93148,2.74821,0.0
1790743356.430432,2.93148,2.7482,0.0
1790743356.47009,2.93147,2.74822,0.0
1790743356.53165,2.93145,2.7482,0.0
1790743356.590108,2.93143,2.74817,0.0
1790743356.630146,2.93141,2.74814,0.0
1790743356.691339,2.93163,2.74815,0.0
1790743356.750087,2.93167,2.74843,0.0
1790743356.8093271,2.93139,2.74845,0.0
1790743356.849775,2.9312,2.74828,0.0
1790743356.912676,2.9309,2.74828,0.0
1790743356.969876,2.93086,2.74822,0.0
1790743357.010148,2.93096,2.74822,0.0
1790743357.0698502,2.93116,2.74843,0.0
1790743357.129375,2.9313,2.74843,0.0
1790743357.1709912,2.93146,2.74837,0.0
1790743357.229729,2.93146,2.74838,0.0
1790743357.2901618,2.93153,2.74841,0.0
1790743357.351557,2.93161,2.74834,0.0
1790743357.4114099,2.93141,2.74839,0.0
1790743357.4512289,2.93125,2.74841,0.0
1790743357.512181,2.93126,2.74848,0.0
1790743357.569489,2.93145,2.7484,0.0
1790743357.612308,2.93153,2.74813,0.0
1790743357.669407,2.93176,2.74793,0.0
1790743357.711512,2.93179,2.74764,0.0
1790743357.769603,2.93204,2.74771,0.0
1790743357.8301609,2.93206,2.74792,0.0
1790743357.8695738,2.932,2.74815,0.0
1790743357.929579,2.9319,2.74814,0.0
1790743357.987787,2.93191,2.74811,0.0
1790743358.029833,2.93198,2.74812,0.0
1790743358.0897439,2.93204,2.74817,0.0
1790743358.149733,2.93207,2.74813,0.0
1790743358.2110238,2.93209,2.74819,0.0
1790743358.268657,2.93223,2.74835,0.0
1790743358.310987,2.93229,2.74844,0.0
1790743358.371001,2.93247,2.74868,0.0
1790743358.4099982,2.93255,2.7489,0.0
1790743358.469505,2.93258,2.74904,0.0
1790743358.528339,2.9327,2.74909,0.0
1790743358.569837,2.93277,2.74912,0.0
1790743358.613077,2.93298,2.74887,0.0
1790743358.6894,2.93315,2.7488,0.0
1790743358.730023,2.93322,2.74883,0.0
1790743358.7881951,2.93323,2.74871,0.0
1790743358.851308,2.93329,2.74867,0.0
1790743358.89135,2.93333,2.74869,0.0
1790743358.9514601,2.93322,2.74863,0.0
1790743359.010072,2.93278,2.74848,0.0
1790743359.050252,2.93281,2.74837,0.0
1790743359.109853,2.93292,2.7482,0.0
1790743359.1697228,2.93303,2.74815,0.0
1790743359.2291992,2.93315,2.74816,0.0
1790743359.269705,2.93316,2.74819,0.0
1790743359.324661,2.93326,2.74819,0.0
1790743359.383337,2.93323,2.74806,0.0
1790743359.430957,2.93325,2.74813,0.0
1790743359.486752,2.93321,2.75073,0.0
1790743359.529858,2.93382,2.75766,0.0
1790743359.5902069,2.93464,2.76838,0.0
1790743359.631092,2.93498,2.78142,0.0
1790743359.690957,2.93536,2.79376,0.0
1790743359.7508512,2.93527,2.80403,0.0
1790743359.810991,2.93534,2.81563,0.0
1790743359.8491788,2.93545,2.81661,0.0
1790743359.984094,2.93549,2.81663,0.0
1790743360.029909,2.93535,2.8155,0.0
1790743360.0698261,2.93539,2.81467,0.0
1790743360.1292958,2.93554,2.81433,0.0
1790743360.170996,2.93558,2.81398,0.0
1790743360.230932,2.93565,2.81407,0.0
1790743360.292873,2.93568,2.81406,0.0
1790743360.3500218,2.9359,2.81386,0.0
1790743360.414609,2.93607,2.81373,0.0
1790743360.469585,2.93623,2.81369,0.0
1790743360.511477,2.93643,2.81391,0.0
1790743360.5699918,2.93674,2.81418,0.0
1790743360.629792,2.93691,2.8144,0.0
1790743360.6695812,2.93695,2.81453,0.0
1790743360.730377,2.93706,2.81473,0.0
1790743360.789488,2.93675,2.81461,0.0
1790743360.8298671,2.93677,2.81452,0.0
1790743360.890757,2.93661,2.81445,0.0
1790743360.948338,2.93642,2.81431,0.0
1790743360.989721,2.93642,2.8142,0.0
1790743361.049479,2.9366,2.81403,0.0
1790743361.090244,2.93684,2.81374,0.0
1790743361.148642,2.93682,2.81392,0.0
1790743361.20958,2.93667,2.814,0.0
1790743361.2697,2.93668,2.81403,0.0
1790743361.31126,2.9368,2.81394,0.0
1790743361.3695319,2.9368,2.81385,0.0
1790743361.429441,2.93679,2.81385,0.0
1790743361.471833,2.93662,2.81369,0.0
1790743361.529282,2.9365,2.81357,0.0
1790743361.56987,2.93645,2.81364,0.0
1790743361.6292648,2.93658,2.8132,0.0
1790743361.673036,2.93671,2.81302,0.0
1790743361.729253,2.93671,2.81322,0.0
1790743361.790007,2.93657,2.81332,0.0
1790743361.849329,2.93652,2.81354,0.0
1790743361.889874,2.9365,2.81409,0.0
1790743361.9497778,2.93661,2.81426,0.0
1790743362.005638,2.93671,2.81473,0.0
1790743362.050263,2.93671,2.81473,0.0
1790743362.109169,2.93665,2.81455,0.0
1790743362.149502,2.93653,2.81445,0.0
1790743362.2113569,2.9365,2.81445,0.0
1790743362.270835,2.93641,2.81438,0.0
1790743362.313726,2.93638,2.81446,0.0
1790743362.370807,2.93644,2.81458,0.0
1790743362.4292061,2.93647,2.8147,0.0
1790743362.47001,2.93654,2.81475,0.0
1790743362.530964,2.93663,2.81479,0.0
1790743362.590262,2.93666,2.81479,0.0
1790743362.629857,2.93673,2.81481,0.0
1790743362.689394,2.93679,2.81482,0.0
1790743362.729725,2.93685,2.81472,0.0
1790743362.7908769,2.93674,2.81473,0.0
1790743362.849325,2.93667,2.81471,0.0
1790743362.88976,2.93661,2.81466,0.0
1790743362.9498649,2.93656,2.81465,0.0
1790743362.9897568,2.93658,2.81458,0.0
1790743363.049645,2.93651,2.81445,0.0
1790743363.1147149,2.93644,2.81422,0.0
1790743363.172204,2.93637,2.81417,0.0
1790743363.210952,2.93652,2.81439,0.0
1790743363.28966,2.9367,2.81453,0.0
1790743363.3294451,2.93689,2.81454,0.0
1790743363.38917,2.93697,2.81467,0.0
1790743363.42959,2.93688,2.81482,0.0
1790743363.489132,2.93693,2.81495,0.0
1790743363.528849,2.93688,2.815,0.0
1790743363.5896661,2.93664,2.815,0.0
1790743363.629023,2.93656,2.81519,0.0
1790743363.689811,2.9365,2.81535,0.0
1790743363.749059,2.9365,2.81536,0.0
1790743363.789784,2.93641,2.81534,0.0
1790743363.849578,2.93626,2.81526,0.0
1790743363.909512,2.9363,2.81533,0.0
1790743363.9498072,2.93621,2.81526,0.0
1790743364.009484,2.93609,2.81524,0.0
1790743364.049912,2.93602,2.81509,0.0
1790743364.109696,2.93601,2.81498,0.0
1790743364.171732,2.93607,2.81521,0.0
1790743364.209646,2.93614,2.81542,0.0
1790743364.272011,2.93627,2.81542,0.0
1790743364.3303602,2.93636,2.81527,0.0
1790743364.371822,2.93645,2.81529,0.0
1790743364.429686,2.93651,2.81521,0.0
1790743364.4893482,2.93655,2.81505,0.0
1790743364.5295548,2.93655,2.81481,0.0
1790743364.590118,2.93665,2.81494,0.0
1790743364.629452,2.93664,2.81515,0.0
1790743364.688082,2.93658,2.81501,0.0
1790743364.7490702,2.93651,2.8147,0.0
1790743364.809512,2.93663,2.81446,0.0
1790743364.8495302,2.9369,2.81445,0.0
1790743364.9092622,2.93708,2.81442,0.0
1790743364.949717,2.93705,2.81296,0.0
1790743365.010726,2.9364,2.80762,0.0
1790743365.049931,2.93547,2.79808,0.0
1790743365.112019,2.93505,2.78499,0.0
1790743365.171638,2.93469,2.77176,0.0
1790743365.21144,2.93402,2.76011,0.0
1790743365.272117,2.93369,2.75189,0.0
1790743365.329472,2.93335,2.74671,0.0
1790743365.390062,2.93311,2.74352,0.0
1790743365.4286022,2.93294,2.74204,0.0
1790743365.489957,2.93268,2.74131,0.0
1790743365.53023,2.93266,2.74124,0.0
1790743365.584926,2.93292,2.74154,0.0
1790743365.649303,2.93657,2.74076,0.0
1790743365.6907232,2.93787,2.74169,0.0
1790743365.74942,2.93889,2.74239,0.0
1790743365.8092859,2.93926,2.74202,0.0
1790743365.849546,2.93827,2.74174,0.0
1790743365.909512,2.93784,2.74169,0.0
1790743365.9497678,2.93716,2.74186,0.0
1790743366.0128279,2.93706,2.74273,0.0
1790743366.0698292,2.93681,2.74323,0.0
1790743366.110708,2.93689,2.74387,0.0
1790743366.1692832,2.93712,2.74392,0.0
1790743366.2304509,2.93696,2.74411,0.0
1790743366.270506,2.93706,2.74409,0.0
1790743366.331677,2.93688,2.74429,0.0
1790743366.3716118,2.93673,2.74465,0.0
1790743366.4317381,2.93626,2.74461,0.0
1790743366.481494,2.93591,2.7449,0.0
1790743366.5307672,2.93536,2.74469,0.0
1790743366.588267,2.9344,2.74418,0.0
1790743366.6308548,2.93391,2.74392,0.0
1790743366.6895711,2.93334,2.74409,0.0
1790743366.7433631,2.93326,2.74422,0.0
1790743366.790397,2.93275,2.74425,0.0
1790743366.852868,2.93232,2.74428,0.0
1790743366.910146,2.93223,2.74377,0.0
1790743366.9464629,2.93176,2.74276,0.0
1790743367.009656,2.93123,2.74237,0.0
1790743367.049628,2.93069,2.74167,0.0
1790743367.109566,2.92992,2.73985,0.0
1790743367.171655,2.9297,2.73966,0.0
1790743367.230496,2.92923,2.73926,0.0
1790743367.288526,2.92888,2.73911,0.0
1790743367.3325598,2.92825,2.73754,0.0
1790743367.388423,2.92806,2.73672,0.0
1790743367.431835,2.92848,2.73619,0.0
1790743367.491853,2.92911,2.73569,0.0
1790743367.5432708,2.92979,2.73669,0.0
1790743367.612004,2.93,2.73855,0.0
1790743367.650526,2.93004,2.73882,0.0
1790743367.711545,2.93016,2.73898,0.0
1790743367.770163,2.93031,2.73903,0.0
1790743367.811338,2.93029,2.73888,0.0
1790743367.870207,2.93055,2.73905,0.0
1790743367.911263,2.93085,2.7391,0.0
1790743367.97247,2.93122,2.7392,0.0
1790743368.0119228,2.93159,2.73933,0.0
1790743368.0710988,2.9319,2.73935,0.0
1790743368.1307788,2.93209,2.73926,0.0
1790743368.172597,2.93234,2.73907,0.0
1790743368.231327,2.93275,2.73889,0.0
1790743368.2903922,2.93301,2.73881,0.0
1790743368.331103,2.93293,2.73886,0.0
1790743368.3905768,2.93308,2.73913,0.0
1790743368.448373,2.93332,2.73933,0.0
1790743368.491141,2.93354,2.73952,0.0
1790743368.548846,2.93386,2.73957,0.0
1790743368.5903869,2.93422,2.73954,0.0
1790743368.650669,2.93448,2.7395,0.0
1790743368.711383,2.93444,2.73959,0.0
1790743368.7489762,2.93453,2.73938,0.0
1790743368.810656,2.93474,2.73934,0.0
1790743368.864678,2.93481,2.73941,0.0
1790743368.9105742,2.93494,2.73941,0.0
1790743368.970567,2.93479,2.73923,0.0
1790743369.010566,2.93466,2.73896,0.0
1790743369.068682,2.93454,2.73903,0.0
1790743369.111692,2.93491,2.73915,0.0
1790743369.171861,2.93505,2.73894,0.0
1790743369.2319171,2.9354,2.73904,0.0
1790743369.2712278,2.93556,2.73905,0.0
1790743369.3311071,2.93554,2.73934,0.0
1790743369.393316,2.93558,2.73942,0.0
1790743369.430768,2.93545,2.73942,0.0
1790743369.4937432,2.93514,2.73968,0.0
1790743369.533484,2.93486,2.73984,0.0
1790743369.592609,2.93469,2.7397,0.0
1790743369.6350698,2.93459,2.73984,0.0
1790743369.6905441,2.93454,2.73957,0.0
1790743369.750561,2.93471,2.73943,0.0
1790743369.792825,2.9348,2.7393,0.0
1790743369.851022,2.93492,2.7393,0.0
1790743369.8926451,2.93492,2.7393,0.0
1790743369.9503949,2.93503,2.73889,0.0
1790743370.0078871,2.93507,2.73862,0.0
1790743370.0508292,2.93481,2.73826,0.0
1790743370.1108181,2.93466,2.73822,0.0
1790743370.163424,2.93478,2.73819,0.0
1790743370.210508,2.9348,2.73811,0.0
1790743370.268288,2.93483,2.73812,0.0
1790743370.3109372,2.9347,2.73809,0.0
1790743370.3704472,2.93469,2.73798,0.0
1790743370.430441,2.93384,2.73828,0.0
1790743370.471189,2.92853,2.73946,0.0
1790743370.531878,2.91526,2.74113,0.0
1790743370.5910459,2.89768,2.74443,0.0
1790743370.632426,2.8788,2.74737,0.0
1790743370.690806,2.86095,2.7514,0.0
1790743370.731104,2.84489,2.75694,0.0
1790743370.7904289,2.83159,2.76286,0.0
1790743370.832536,2.82047,2.76843,0.0
1790743370.891179,2.81065,2.77351,0.0
1790743370.9249148,2.80136,2.77764,0.0
1790743370.9904919,2.79147,2.78132,0.0
1790743371.032418,2.77962,2.78431,0.0
1790743371.09041,2.76661,2.78624,0.0
1790743371.151345,2.75255,2.78547,0.0
1790743371.190529,2.73859,2.78531,0.0
1790743371.2507,2.71242,2.78937,0.0
1790743371.310071,2.70048,2.79358,0.0
1790743371.350715,2.68924,2.79925,0.0
1790743371.410057,2.67799,2.80535,0.0
1790743371.4509451,2.66646,2.81116,0.0
1790743371.510294,2.65472,2.8164,0.0
1790743371.5677152,2.64234,2.82016,0.0
1790743371.6117618,2.62934,2.82315,0.0
1790743371.6685078,2.61636,2.82401,0.0
1790743371.7117581,2.60322,2.82333,0.0
1790743371.769871,2.59035,2.82291,0.0
1790743371.835073,2.57788,2.82468,0.0
1790743371.890625,2.56595,2.82762,0.0
1790743371.9290712,2.5542,2.83201,0.0
1790743371.991138,2.54217,2.83808,0.0
1790743372.0567129,2.52974,2.84445,0.0
1790743372.132884,2.50423,2.85347,0.0
1790743372.1718342,2.49164,2.85516,0.0
1790743372.232362,2.47929,2.85463,0.0
1790743372.27207,2.46696,2.85361,0.0
1790743372.3322308,2.45473,2.85319,0.0
1790743372.392498,2.44241,2.85231,0.0
1790743372.429781,2.42994,2.85024,0.0
1790743372.490334,2.41744,2.8484,0.0
1790743372.550375,2.40469,2.84774,0.0
1790743372.590562,2.39234,2.84807,0.0
1790743372.650275,2.37973,2.84798,0.0
1790743372.690686,2.3674,2.84788,0.0
1790743372.750666,2.34802,2.84816,0.0
1790743372.810246,2.34204,2.84771,0.0
1790743372.8507679,2.3402,2.84704,0.0
1790743372.910492,2.33994,2.84669,0.0
1790743372.970034,2.33942,2.84637,0.0
1790743373.011425,2.33868,2.84639,0.0
1790743373.0678332,2.33785,2.84624,0.0
1790743373.110687,2.33712,2.84622,0.0
1790743373.170571,2.33654,2.84625,0.0
1790743373.2284448,2.33596,2.84646,0.0
1790743373.290636,2.33525,2.84653,0.0
1790743373.3285592,2.33462,2.84641,0.0
1790743373.391548,2.33422,2.84614,0.0
1790743373.450112,2.33345,2.84576,0.0
1790743373.493302,2.33233,2.84546,0.0
1790743373.550122,2.33114,2.84515,0.0
1790743373.593502,2.33029,2.845,0.0
1790743373.650712,2.32903,2.84505,0.0
1790743373.710548,2.32841,2.84511,0.0
1790743373.7488792,2.32796,2.84516,0.0
1790743373.810648,2.3276,2.84507,0.0
1790743373.874132,2.32735,2.84508,0.0
1790743373.910729,2.32715,2.84516,0.0
1790743373.970303,2.32683,2.84534,0.0
1790743374.010634,2.32659,2.84536,0.0
1790743374.073209,2.32636,2.8455,0.0
1790743374.110634,2.32618,2.8455,0.0
1790743374.1702762,2.32589,2.84548,0.0
1790743374.232407,2.32564,2.84543,0.0
1790743374.2953532,2.32541,2.84539,0.0
1790743374.345495,2.32453,2.84514,0.0
1790743374.410694,2.32426,2.84504,0.0
1790743374.450049,2.32391,2.84497,0.0
1790743374.510724,2.32357,2.84498,0.0
1790743374.550069,2.32345,2.84515,0.0
1790743374.611604,2.32342,2.84531,0.0
1790743374.6701682,2.32325,2.84546,0.0
1790743374.7306821,2.32299,2.84558,0.0
1790743374.771748,2.32279,2.84544,0.0
1790743374.830424,2.32247,2.84521,0.0
1790743374.871274,2.32233,2.84512,0.0
1790743374.931252,2.32226,2.84507,0.0
1790743374.989931,2.32222,2.84498,0.0
1790743375.0305831,2.32218,2.84498,0.0
1790743375.091755,2.32215,2.84498,0.0
1790743375.143096,2.32211,2.84495,0.0
1790743375.191673,2.32211,2.84494,0.0
1790743375.252249,2.32204,2.84493,0.0
1790743375.310112,2.32201,2.84494,0.0
1790743375.353811,2.32196,2.84494,0.0
1790743375.411789,2.32192,2.8449,0.0
1790743375.453738,2.32179,2.84494,0.0
1790743375.5104692,2.3217,2.84502,0.0
1790743375.570863,2.32154,2.845,0.0
1790743375.610413,2.32145,2.84515,0.0
1790743375.670489,2.32134,2.84508,0.0
1790743375.7105029,2.32111,2.84517,0.0
1790743375.7711492,2.32118,2.8451,0.0
1790743375.8104792,2.32092,2.84531,0.0
1790743375.8711932,2.32106,2.8456,0.0
1790743375.911367,2.32116,2.8457,0.0
1790743375.9663732,2.32094,2.8457,0.0
1790743376.030155,2.3208,2.8456,0.0
1790743376.0704708,2.32065,2.84563,0.0
1790743376.13066,2.32057,2.84571,0.0
1790743376.190001,2.32036,2.84567,0.0
1790743376.2305589,2.32023,2.84595,0.0
1790743376.2902982,2.32013,2.84617,0.0
1790743376.352113,2.31987,2.84623,0.0
1790743376.390524,2.31967,2.84624,0.0
1790743376.4521432,2.31932,2.8461,0.0
1790743376.508189,2.31921,2.84607,0.0
1790743376.573264,2.31915,2.84609,0.0
1790743376.630064,2.31921,2.84612,0.0
1790743376.6657221,2.3193,2.84615,0.0
1790743376.730038,2.31945,2.84615,0.0
1790743376.769918,2.31972,2.84611,0.0
1790743376.830664,2.32,2.84606,0.0
1790743376.891198,2.32006,2.84597,0.0
1790743376.9295738,2.31983,2.84586,0.0
1790743376.99343,2.31964,2.84589,0.0
1790743377.050143,2.31958,2.84577,0.0
1790743377.1081758,2.31959,2.84588,0.0
1790743377.151,2.3194,2.84718,0.0
1790743377.211669,2.31916,2.852,0.0
1790743377.269728,2.31841,2.86071,0.0
1790743377.308331,2.31801,2.8721,0.0
1790743377.372937,2.31833,2.88336,0.0
1790743377.425964,2.31827,2.8938,0.0
1790743377.47192,2.31914,2.9026,0.0
1790743377.52862,2.31983,2.90969,0.0
1790743377.571053,2.3201,2.91536,0.0
1790743377.630046,2.32009,2.92028,0.0
1790743377.6711009,2.31939,2.92581,0.0
1790743377.730561,2.31869,2.93293,0.0
1790743377.791797,2.31862,2.94108,0.0
1790743377.831799,2.31866,2.94977,0.0
1790743377.892886,2.31903,2.95902,0.0
1790743377.951135,2.31961,2.96725,0.0
1790743377.9926012,2.31995,2.97305,0.0
1790743378.052683,2.32009,2.9744,0.0
1790743378.110084,2.31996,2.97343,0.0
1790743378.153184,2.32013,2.97309,0.0
1790743378.21017,2.3204,2.97292,0.0
1790743378.2632608,2.32029,2.97284,0.0
1790743378.314922,2.32014,2.97264,0.0
1790743378.3633752,2.32,2.97285,0.0
1790743378.4101279,2.31987,2.97313,0.0
1790743378.467042,2.3196,2.97319,0.0
1790743378.5104692,2.31976,2.97341,0.0
1790743378.5684228,2.31969,2.97352,0.0
1790743378.610527,2.31967,2.97339,0.0
1790743378.67063,2.3198,2.97339,0.0
1790743378.714474,2.31982,2.97346,0.0
1790743378.768994,2.31966,2.97367,0.0
1790743378.8508449,2.31958,2.97367,0.0
1790743378.8933928,2.31954,2.97367,0.0
1790743378.950038,2.31957,2.97364,0.0
1790743378.9944682,2.31957,2.97376,0.0
1790743379.050399,2.31984,2.97378,0.0
1790743379.091323,2.31998,2.97383,0.0
1790743379.150091,2.32033,2.97396,0.0
1790743379.211636,2.32032,2.97379,0.0
1790743379.2709591,2.32027,2.97367,0.0
1790743379.312366,2.32034,2.97366,0.0
1790743379.3700259,2.32003,2.97367,0.0
1790743379.4126458,2.31989,2.97359,0.0
1790743379.470494,2.31989,2.97353,0.0
1790743379.5257542,2.3203,2.97333,0.0
1790743379.5715961,2.32046,2.97331,0.0
1790743379.631773,2.32053,2.97338,0.0
1790743379.671768,2.32054,2.97353,0.0
1790743379.731719,2.32045,2.97349,0.0
1790743379.770779,2.32043,2.97345,0.0
1790743379.831806,2.3206,2.97352,0.0
1790743379.870498,2.32055,2.97371,0.0
1790743379.9253151,2.32049,2.97377,0.0
1790743379.970578,2.32045,2.97383,0.0
1790743380.0304372,2.32039,2.97404,0.0
1790743380.083071,2.32033,2.97413,0.0
1790743380.130656,2.32023,2.9744,0.0
1790743380.1830301,2.32011,2.97456,0.0
1790743380.2303119,2.31995,2.97467,0.0
1790743380.281676,2.3201,2.97477,0.0
1790743380.349972,2.32034,2.97492,0.0
1790743380.389955,2.3203,2.97508,0.0
1790743380.4487019,2.32028,2.97501,0.0
1790743380.512286,2.31976,2.97503,0.0
1790743380.551649,2.31976,2.97503,0.0
1790743380.611338,2.31963,2.97508,0.0
1790743380.6632352,2.31968,2.97504,0.0
1790743380.711744,2.31988,2.97488,0.0
1790743380.771635,2.31994,2.97473,0.0
1790743380.829151,2.31995,2.97463,0.0
1790743380.8700328,2.31981,2.97469,0.0
1790743380.928002,2.31978,2.97452,0.0
1790743380.972491,2.32,2.97433,0.0
1790743381.032392,2.32024,2.97432,0.0
1790743381.090367,2.32037,2.97435,0.0
1790743381.149892,2.32056,2.97438,0.0
1790743381.1907892,2.32065,2.97425,0.0
1790743381.25045,2.32077,2.97406,0.0
1790743381.3102431,2.32054,2.97379,0.0
1790743381.351398,2.3204,2.97375,0.0
1790743381.410927,2.32038,2.97362,0.0
1790743381.4701738,2.32034,2.97348,0.0
1790743381.5098932,2.32038,2.97342,0.0
1790743381.5701241,2.32056,2.97341,0.0
1790743381.614797,2.32065,2.97341,0.0
1790743381.670443,2.32066,2.97347,0.0
1790743381.730679,2.32072,2.97348,0.0
1790743381.787945,2.32078,2.97344,0.0
1790743381.831792,2.32107,2.97362,0.0
1790743381.8901918,2.32092,2.97377,0.0
1790743381.947294,2.32085,2.97389,0.0
1790743381.988069,2.32093,2.97385,0.0
1790743382.049786,2.32111,2.974,0.0
1790743382.089761,2.32125,2.97433,0.0
1790743382.150306,2.32139,2.97446,0.0
1790743382.210847,2.3214,2.97472,0.0
1790743382.249072,2.3214,2.97472,0.0
1790743382.310215,2.32141,2.97509,0.0
1790743382.350083,2.32154,2.97524,0.0
1790743382.4122398,2.32173,2.97531,0.0
1790743382.4716108,2.32185,2.97538,0.0
1790743382.511342,2.322,2.97541,0.0
1790743382.5717719,2.32208,2.97557,0.0
1790743382.6300302,2.32224,2.97562,0.0
1790743382.670943,2.32237,2.97575,0.0
1790743382.730418,2.3223,2.97573,0.0
1790743382.790077,2.32229,2.97578,0.0
1790743382.8301811,2.32237,2.97587,0.0
1790743382.890074,2.32242,2.9759,0.0
1790743382.9313521,2.32239,2.97586,0.0
1790743382.9912262,2.32232,2.9757,0.0
1790743383.031456,2.32234,2.97554,0.0
1790743383.0916228,2.32259,2.97517,0.0
1790743383.1469839,2.32263,2.97505,0.0
1790743383.1916401,2.32252,2.97502,0.0
1790743383.251437,2.32253,2.975,0.0
1790743383.314005,2.3225,2.97516,0.0
1790743383.351574,2.32249,2.97499,0.0
1790743383.410301,2.32256,2.97486,0.0
1790743383.452173,2.32243,2.97478,0.0
1790743383.5138812,2.32249,2.97458,0.0
1790743383.557496,2.32246,2.97468,0.0
1790743383.61298,2.32223,2.97486,0.0
1790743383.67379,2.32224,2.97504,0.0
1790743383.712204,2.32237,2.97517,0.0
1790743383.790942,2.32243,2.97528,0.0
1790743383.832693,2.32257,2.97525,0.0
1790743383.8910332,2.32267,2.97514,0.0
1790743383.9315991,2.32262,2.97517,0.0
1790743383.991246,2.32247,2.97523,0.0
1790743384.050772,2.32232,2.97529,0.0
1790743384.0914161,2.32247,2.97534,0.0
1790743384.151232,2.32237,2.97554,0.0
1790743384.191372,2.32237,2.97554,0.0
1790743384.2513762,2.32236,2.97582,0.0
1790743384.308295,2.32229,2.97582,0.0
1790743384.352444,2.32228,2.97572,0.0
1790743384.412448,2.32232,2.97565,0.0
1790743384.474015,2.32249,2.97563,0.0
1790743384.5098848,2.32247,2.97571,0.0
1790743384.572534,2.32236,2.97589,0.0
1790743384.612826,2.32223,2.97593,0.0
1790743384.672498,2.32195,2.97598,0.0
1790743384.732259,2.32188,2.97596,0.0
1790743384.792534,2.32225,2.97592,0.0
1790743384.834002,2.32251,2.97591,0.0
1790743384.89252,2.32235,2.9757,0.0
1790743384.931184,2.32231,2.97561,0.0
1790743384.992598,2.32233,2.97537,0.0
1790743385.052025,2.32235,2.97521,0.0
1790743385.108535,2.32243,2.97513,0.0
1790743385.15244,2.32246,2.97516,0.0
1790743385.211216,2.32243,2.97513,0.0
1790743385.2737112,2.32267,2.97513,0.0
1790743385.311834,2.32254,2.97524,0.0
1790743385.372797,2.32246,2.97554,0.0
1790743385.412118,2.32241,2.97572,0.0
1790743385.472029,2.32256,2.97573,0.0
1790743385.54058,2.3225,2.97576,0.0
1790743385.5925162,2.32243,2.97576,0.0
1790743385.6330292,2.32242,2.97594,0.0
1790743385.692063,2.32234,2.97605,0.0
1790743385.73745,2.32202,2.97605,0.0
1790743385.792576,2.32202,2.97597,0.0
1790743385.852457,2.32162,2.97558,0.0
1790743385.893648,2.3217,2.97546,0.0
1790743385.9526432,2.32152,2.97527,0.0
1790743386.011992,2.3211,2.97513,0.0
1790743386.0524852,2.32077,2.97504,0.0
1790743386.1123269,2.32063,2.97478,0.0
1790743386.1524742,2.32027,2.97489,0.0
1790743386.212121,2.32008,2.97522,0.0
1790743386.272285,2.32007,2.97543,0.0
1790743386.312963,2.32027,2.9755,0.0
1790743386.370836,2.3203,2.97571,0.0
1790743386.413295,2.32044,2.97576,0.0
1790743386.470928,2.32045,2.97575,0.0
1790743386.512508,2.32045,2.97561,0.0
1790743386.569731,2.3206,2.9755,0.0
1790743386.612402,2.32089,2.97529,0.0
1790743386.671814,2.32088,2.97513,0.0
1790743386.712778,2.32051,2.97508,0.0
1790743386.772532,2.32043,2.97509,0.0
1790743386.8310452,2.32039,2.97491,0.0
1790743386.87313,2.32034,2.97492,0.0
1790743386.934589,2.32032,2.97501,0.0
1790743386.972735,2.32013,2.97506,0.0
1790743387.034637,2.32005,2.97515,0.0
1790743387.091985,2.32011,2.97525,0.0
1790743387.133418,2.32035,2.975,0.0
1790743387.1910982,2.32055,2.97488,0.0
1790743387.235989,2.32065,2.97481,0.0
1790743387.2927208,2.31862,2.97494,0.0
1790743387.3523068,2.30976,2.97776,0.0
1790743387.392816,2.29424,2.98125,0.0
1790743387.452064,2.27633,2.98283,0.0
1790743387.49262,2.25743,2.98391,0.0
1790743387.5520372,2.23965,2.9859,0.0
1790743387.5926049,2.22468,2.98934,0.0
1790743387.652095,2.20256,2.998,0.0
1790743387.690173,2.20256,2.998,0.0
1790743387.774837,2.18387,3.00682,0.0
1790743387.826359,2.17275,3.01068,0.0
1790743387.8727648,2.15986,3.01393,0.0
1790743387.928465,2.14581,3.01699,0.0
1790743387.9727051,2.13131,3.01835,0.0
1790743388.0285,2.11734,3.01783,0.0
1790743388.072344,2.10415,3.01686,0.0
1790743388.133533,2.09168,3.01657,0.0
1790743388.188979,2.08008,3.0174,0.0
1790743388.235532,2.06844,3.01916,0.0
1790743388.292064,2.05714,3.02282,0.0
1790743388.3513448,2.036,3.03358,0.0
1790743388.392156,2.02726,3.03926,0.0
1790743388.452647,2.01933,3.04357,0.0
1790743388.5119202,2.01258,3.04677,0.0
1790743388.548588,2.00633,3.04835,0.0
1790743388.611912,2.00068,3.0483,0.0
1790743388.651226,1.99614,3.04701,0.0
1790743388.7128232,1.99248,3.04653,0.0
1790743388.772513,1.98969,3.04747,0.0
1790743388.832643,1.98674,3.04816,0.0
1790743388.8728042,1.98483,3.04805,0.0
1790743388.9321442,1.98417,3.04778,0.0
1790743388.9702249,1.98369,3.04761,0.0
1790743389.0331619,1.98335,3.04757,0.0
1790743389.0724711,1.98307,3.04749,0.0
1790743389.132858,1.98314,3.0473,0.0
1790743389.1724439,1.98332,3.04754,0.0
1790743389.2405918,1.9833,3.04919,0.0
1790743389.291915,1.98318,3.05319,0.0
1790743389.3329542,1.98307,3.05934,0.0
1790743389.390595,1.98287,3.06587,0.0
1790743389.4329312,1.98266,3.07149,0.0
1790743389.490657,1.9826,3.07607,0.0
1790743389.532547,1.98279,3.07982,0.0
1790743389.590591,1.98308,3.08251,0.0
1790743389.651314,1.98308,3.08381,0.0
1790743389.691255,1.98323,3.08289,0.0
1790743389.752218,1.98349,3.0828,0.0
1790743389.812177,1.98356,3.08292,0.0
1790743389.871834,1.98349,3.08308,0.0
1790743389.912197,1.9836,3.0832,0.0
1790743389.970515,1.98372,3.08328,0.0
1790743390.05352,1.98352,3.08326,0.0
1790743390.1083179,1.98308,3.08327,0.0
1790743390.1472719,1.98304,3.08325,0.0
1790743390.211942,1.98303,3.08307,0.0
1790743390.272793,1.98304,3.083,0.0
1790743390.31198,1.98308,3.08302,0.0
1790743390.372162,1.98322,3.08295,0.0
1790743390.4148638,1.98343,3.08272,0.0
1790743390.472067,1.98373,3.08257,0.0
1790743390.5126579,1.98384,3.08257,0.0
1790743390.572559,1.98374,3.08252,0.0
1790743390.631865,1.98372,3.08246,0.0
1790743390.67426,1.98356,3.08234,0.0
1790743390.73187,1.98348,3.08238,0.0
1790743390.79257,1.98343,3.08249,0.0
1790743390.832962,1.98323,3.0825,0.0
1790743390.895692,1.98317,3.08261,0.0
1790743390.947958,1.98305,3.08263,0.0
1790743390.99556,1.98304,3.08276,0.0
1790743391.0493708,1.9831,3.08285,0.0
1790743391.1120808,1.98318,3.08296,0.0
1790743391.152274,1.98324,3.08299,0.0
1790743391.2122931,1.98334,3.08304,0.0
1790743391.2736661,1.98347,3.08308,0.0
1790743391.3126101,1.98356,3.08311,0.0
1790743391.372708,1.98365,3.08318,0.0
1790743391.413564,1.98375,3.08328,0.0
1790743391.472341,1.98386,3.0833,0.0
1790743391.532347,1.98395,3.08329,0.0
1790743391.568598,1.98403,3.08324,0.0
1790743391.632738,1.98405,3.08329,0.0
1790743391.694231,1.98417,3.08343,0.0
1790743391.732668,1.98424,3.08336,0.0
1790743391.7941608,1.98435,3.08341,0.0
1790743391.8519669,1.98454,3.08334,0.0
1790743391.8946729,1.98447,3.08332,0.0
1790743391.95231,1.9845,3.08332,0.0
1790743391.995052,1.98421,3.08335,0.0
1790743392.049292,1.98417,3.0833,0.0
1790743392.111068,1.98407,3.08338,0.0
1790743392.152491,1.98416,3.0834,0.0
1790743392.2108731,1.98398,3.08359,0.0
1790743392.293238,1.98401,3.08364,0.0
1790743392.333468,1.98413,3.08368,0.0
1790743392.393164,1.98411,3.08368,0.0
1790743392.434329,1.98392,3.08358,0.0
1790743392.495059,1.98383,3.08354,0.0
1790743392.532246,1.98397,3.0833,0.0
1790743392.595175,1.98394,3.0832,0.0
1790743392.631252,1.98388,3.08285,0.0
1790743392.6945438,1.98413,3.08244,0.0
1790743392.75245,1.98445,3.0822,0.0
1790743392.793956,1.98445,3.0822,0.0
1790743392.852231,1.98453,3.08196,0.0
1790743392.895145,1.98463,3.08194,0.0
1790743392.9526331,1.98481,3.08193,0.0
1790743393.0119328,1.98484,3.08177,0.0
1790743393.052651,1.98496,3.08173,0.0
1790743393.111228,1.9851,3.08168,0.0
1790743393.1525152,1.985,3.08184,0.0
1790743393.212662,1.98492,3.08184,0.0
1790743393.2669098,1.985,3.08193,0.0
1790743393.312329,1.98503,3.08186,0.0
1790743393.370097,1.98497,3.08191,0.0
1790743393.4125519,1.98498,3.08192,0.0
1790743393.471922,1.98496,3.0819,0.0
1790743393.512595,1.98486,3.08203,0.0
1790743393.567504,1.9847,3.08196,0.0
1790743393.612598,1.98451,3.08172,0.0
1790743393.667611,1.98454,3.08168,0.0
1790743393.7124171,1.98471,3.08139,0.0
1790743393.76806,1.9848,3.08128,0.0
1790743393.812674,1.98461,3.08139,0.0
1790743393.8717911,1.98457,3.08163,0.0
1790743393.914387,1.98459,3.08181,0.0
1790743393.972427,1.98464,3.08196,0.0
1790743394.031029,1.98481,3.08197,0.0
1790743394.071111,1.98467,3.08213,0.0
1790743394.126292,1.98458,3.08215,0.0
1790743394.17226,1.98444,3.08203,0.0
1790743394.2310321,1.98435,3.0817,0.0
1790743394.292592,1.98464,3.08164,0.0
1790743394.353295,1.98403,3.08183,0.0
1790743394.4118981,1.98359,3.08208,0.0
1790743394.452044,1.98362,3.08211,0.0
1790743394.512255,1.9836,3.0819,0.0
1790743394.556044,1.98356,3.08175,0.0
1790743394.6121101,1.98356,3.08164,0.0
1790743394.656048,1.98365,3.08162,0.0
1790743394.7119858,1.98355,3.08179,0.0
1790743394.7555351,1.98335,3.08205,0.0
1790743394.8122509,1.98328,3.08212,0.0
1790743394.873748,1.98307,3.08214,0.0
1790743394.912713,1.98277,3.08222,0.0
1790743394.973332,1.98266,3.08228,0.0
1790743395.012178,1.98306,3.08207,0.0
1790743395.0721412,1.9834,3.08197,0.0
1790743395.11374,1.98332,3.08185,0.0
1790743395.1726642,1.98313,3.08201,0.0
1790743395.228103,1.98316,3.082,0.0
1790743395.2737112,1.9833,3.0819,0.0
1790743395.332159,1.98317,3.08197,0.0
1790743395.3722901,1.98312,3.08199,0.0
1790743395.430646,1.98346,3.08176,0.0
1790743395.492078,1.98385,3.08172,0.0
1790743395.5338151,1.98395,3.08178,0.0
1790743395.5925179,1.98381,3.08181,0.0
1790743395.653665,1.98356,3.08197,0.0
1790743395.691616,1.98371,3.08232,0.0
1790743395.755313,1.98371,3.08232,0.0
1790743395.793272,1.98354,3.08273,0.0
1790743395.854056,1.98348,3.08275,0.0
1790743395.911959,1.98336,3.08272,0.0
1790743395.9536269,1.98334,3.08269,0.0
1790743396.012032,1.98334,3.08255,0.0
1790743396.0719092,1.98338,3.08244,0.0
1790743396.1123059,1.98346,3.08239,0.0
1790743396.172099,1.98349,3.0823,0.0
1790743396.213692,1.98337,3.08233,0.0
1790743396.27179,1.98326,3.08238,0.0
1790743396.3318532,1.98331,3.08215,0.0
1790743396.372233,1.98338,3.082,0.0
1790743396.43236,1.98329,3.08207,0.0
1790743396.492021,1.98309,3.08206,0.0
1790743396.5335932,1.98309,3.08211,0.0
1790743396.59199,1.98311,3.08213,0.0
1790743396.633816,1.98312,3.08219,0.0
1790743396.693643,1.98297,3.08237,0.0
1790743396.7722409,1.98286,3.08256,0.0
1790743396.831805,1.98308,3.08237,0.0
1790743396.872215,1.98325,3.0822,0.0
1790743396.932409,1.9832,3.0823,0.0
1790743396.972341,1.98328,3.0824,0.0
1790743397.032235,1.98339,3.08238,0.0
1790743397.092312,1.98339,3.08218,0.0
1790743397.133462,1.98341,3.08194,0.0
1790743397.19239,1.98327,3.08205,0.0
1790743397.25265,1.98328,3.08223,0.0
1790743397.309471,1.98319,3.08244,0.0
1790743397.352455,1.98323,3.08269,0.0
1790743397.4121048,1.98312,3.08269,0.0
1790743397.452523,1.98295,3.0828,0.0
1790743397.51244,1.98299,3.08277,0.0
1790743397.571809,1.9831,3.08274,0.0
1790743397.612423,1.98299,3.08268,0.0
1790743397.671962,1.98276,3.08291,0.0
1790743397.71231,1.98247,3.08289,0.0
1790743397.774344,1.98238,3.08301,0.0
1790743397.812285,1.98252,3.08312,0.0
1790743397.873834,1.98245,3.08323,0.0
1790743397.93173,1.98252,3.08339,0.0
1790743397.9722571,1.98247,3.08329,0.0
1790743398.031774,1.98244,3.08321,0.0
1790743398.071258,1.98243,3.08307,0.0
1790743398.132087,1.98244,3.08309,0.0
1790743398.173429,1.98216,3.08336,0.0
1790743398.23209,1.98183,3.08347,0.0
1790743398.273442,1.98155,3.08314,0.0
1790743398.3334148,1.98142,3.08301,0.0
1790743398.392264,1.98154,3.08305,0.0
1790743398.4336572,1.9816,3.08316,0.0
1790743398.492057,1.98153,3.08333,0.0
1790743398.550736,1.98152,3.08337,0.0
1790743398.592247,1.98151,3.08339,0.0
1790743398.652502,1.98121,3.08321,0.0
1790743398.6928031,1.98122,3.08314,0.0
1790743398.754508,1.98129,3.08312,0.0
1790743398.8118038,1.98117,3.08315,0.0
1790743398.852633,1.9813,3.08307,0.0
1790743398.911896,1.98138,3.08306,0.0
1790743398.972301,1.98129,3.08322,0.0
1790743399.033221,1.98122,3.08332,0.0
1790743399.091768,1.9812,3.08313,0.0
1790743399.130005,1.98118,3.08301,0.0
1790743399.191825,1.981,3.08295,0.0
1790743399.2320561,1.98093,3.08298,0.0
1790743399.308086,1.98091,3.0833,0.0
1790743399.353396,1.98089,3.08332,0.0
1790743399.410723,1.9809,3.08332,0.0
1790743399.465634,1.98092,3.08332,0.0
1790743399.516057,1.98092,3.08334,0.0
1790743399.5707479,1.98092,3.0833,0.0
1790743399.609619,1.98091,3.08329,0.0
1790743399.673323,1.98091,3.08327,0.0
1790743399.7316768,1.98092,3.08325,0.0
1790743399.792709,1.98093,3.08328,0.0
1790743399.832342,1.98094,3.0833,0.0
1790743399.8923478,1.98095,3.08332,0.0
1790743399.951702,1.98093,3.08329,0.0
1790743399.99281,1.98088,3.08329,0.0
1790743400.0524118,1.9809,3.0833,0.0
1790743400.112997,1.98091,3.08331,0.0
1790743400.1520882,1.9809,3.08331,0.0
1790743400.213793,1.98089,3.08329,0.0
1790743400.271764,1.98089,3.08328,0.0
1790743400.314315,1.98089,3.08328,0.0
1790743400.372389,1.98091,3.08326,0.0
1790743400.415796,1.98092,3.08325,0.0
1790743400.4683032,1.98091,3.08322,0.0
1790743400.530803,1.9809,3.08322,0.0
1790743400.5722759,1.98088,3.0832,0.0
1790743400.629611,1.98088,3.08322,0.0
1790743400.6917791,1.9809,3.08322,0.0
1790743400.730845,1.98089,3.08323,0.0
1790743400.794741,1.98087,3.08325,0.0
1790743400.832001,1.98087,3.08328,0.0
1790743400.893543,1.98087,3.08331,0.0
1790743400.931404,1.98088,3.08331,0.0
1790743400.993623,1.98091,3.08329,0.0
1790743401.0523362,1.98089,3.08328,0.0
1790743401.113199,1.98087,3.08329,0.0
1790743401.152094,1.98086,3.08328,0.0
1790743401.21372,1.98088,3.08327,0.0
1790743401.272126,1.98088,3.08327,0.0
1790743401.33342,1.98087,3.08327,0.0
1790743401.372847,1.98086,3.08327,0.0
1790743401.432299,1.98087,3.08326,0.0
1790743401.471284,1.98089,3.08328,0.0
1790743401.524045,1.98088,3.08331,0.0
1790743401.59184,1.98084,3.08331,0.0
1790743401.629625,1.98082,3.08329,0.0
1790743401.69188,1.98087,3.08327,0.0
1790743401.7522292,1.98094,3.0833,0.0
1790743401.814345,1.98092,3.08331,0.0
1790743401.852225,1.98091,3.08334,0.0
1790743401.913385,1.9809,3.08337,0.0
1790743401.952502,1.98088,3.08339,0.0
1790743402.012436,1.98087,3.08334,0.0
1790743402.0718248,1.98088,3.08332,0.0
1790743402.1281128,1.98087,3.08333,0.0
1790743402.1724439,1.98087,3.08335,0.0
1790743402.227231,1.98087,3.08333,0.0
1790743402.288961,1.98087,3.0833,0.0
1790743402.332042,1.98088,3.08331,0.0
1790743402.394041,1.98088,3.08331,0.0
1790743402.431893,1.98089,3.08331,0.0
1790743402.4941099,1.98088,3.08323,0.0
1790743402.5516522,1.98088,3.08325,0.0
1790743402.59274,1.9809,3.08322,0.0
1790743402.651654,1.98089,3.08318,0.0
1790743402.712009,1.98089,3.0832,0.0
1790743402.771904,1.98089,3.08322,0.0
1790743402.813893,1.98091,3.08322,0.0
1790743402.872118,1.98093,3.08322,0.0
1790743402.9131572,1.98093,3.08322,0.0
1790743402.9727502,1.98089,3.08324,0.0
1790743403.0336509,1.98087,3.08323,0.0
1790743403.0726578,1.98088,3.08325,0.0
1790743403.1329532,1.98099,3.08328,0.0
1790743403.192039,1.98115,3.08329,0.0
1790743403.237115,1.98115,3.08318,0.0
1790743403.2941911,1.98116,3.0831,0.0
1790743403.348774,1.98102,3.08321,0.0
1790743403.39192,1.98102,3.08322,0.0
1790743403.4506161,1.98099,3.0832,0.0
1790743403.511623,1.98099,3.08321,0.0
1790743403.5495,1.981,3.08323,0.0
1790743403.612376,1.981,3.08323,0.0
1790743403.66701,1.98101,3.08325,0.0
1790743403.713174,1.98101,3.08323,0.0
1790743403.775904,1.98098,3.08323,0.0
1790743403.8318012,1.98097,3.08324,0.0
1790743403.875304,1.98096,3.08323,0.0
1790743403.932101,1.98097,3.08321,0.0
1790743403.9760482,1.98098,3.08322,0.0
1790743404.032039,1.98098,3.0832,0.0
1790743404.089411,1.98096,3.0832,0.0
1790743404.132129,1.98093,3.08322,0.0
1790743404.193435,1.98093,3.08321,0.0
1790743404.233448,1.98093,3.08321,0.0
1790743404.290499,1.98093,3.08321,0.0
1790743404.352715,1.98092,3.08325,0.0
1790743404.412022,1.98092,3.08326,0.0
1790743404.4495108,1.9809,3.08325,0.0
1790743404.5116348,1.9809,3.08325,0.0
1790743404.548377,1.98089,3.08327,0.0
1790743404.611712,1.9809,3.08326,0.0
1790743404.653889,1.98092,3.08328,0.0
1790743404.712329,1.98092,3.08328,0.0
1790743404.774013,1.98091,3.08323,0.0
1790743404.8147829,1.98089,3.08321,0.0
1790743404.874204,1.98088,3.08321,0.0
1790743404.932683,1.98092,3.08318,0.0
1790743404.974475,1.98096,3.08319,0.0
1790743405.032109,1.98095,3.08318,0.0
1790743405.075086,1.98091,3.08315,0.0
1790743405.131697,1.98088,3.08317,0.0
1790743405.176287,1.98087,3.08318,0.0
1790743405.232082,1.98087,3.0832,0.0
1790743405.291787,1.98087,3.08319,0.0
1790743405.332203,1.98088,3.08321,0.0
1790743405.391814,1.98088,3.08321,0.0
1790743405.448436,1.98087,3.0832,0.0
1790743405.4919832,1.98087,3.08324,0.0
1790743405.551418,1.98086,3.08324,0.0
1790743405.610225,1.98087,3.08323,0.0
1790743405.649162,1.98086,3.08325,0.0
1790743405.731133,1.98085,3.08322,0.0
1790743405.775358,1.98086,3.08321,0.0
1790743405.8326888,1.98089,3.08322,0.0
1790743405.873575,1.98088,3.08319,0.0
1790743405.932092,1.98088,3.08318,0.0
1790743405.972281,1.98089,3.0832,0.0
1790743406.031984,1.98091,3.08322,0.0
1790743406.0918221,1.98091,3.08325,0.0
1790743406.152298,1.9809,3.08329,0.0
1790743406.192132,1.98087,3.08327,0.0
1790743406.252464,1.98089,3.08325,0.0
1790743406.3098218,1.98091,3.08322,0.0
1790743406.3519921,1.9809,3.08322,0.0
1790743406.410767,1.98088,3.08324,0.0
1790743406.4519858,1.98086,3.08324,0.0
1790743406.511014,1.98088,3.08326,0.0
1790743406.5521212,1.98091,3.08326,0.0
1790743406.6121652,1.98091,3.08326,0.0
1790743406.6680589,1.98089,3.08328,0.0
1790743406.7098072,1.98088,3.08325,0.0
1790743406.7725298,1.98086,3.0833,0.0
1790743406.82889,1.98089,3.08331,0.0
1790743406.874283,1.98091,3.08333,0.0
1790743406.9317188,1.98091,3.08332,0.0
1790743406.973522,1.98089,3.08329,0.0
1790743407.032008,1.98088,3.08329,0.0
1790743407.091985,1.98087,3.08326,0.0
1790743407.132108,1.98087,3.08325,0.0
1790743407.191926,1.98088,3.08326,0.0
1790743407.232147,1.98089,3.08325,0.0
1790743407.291657,1.98087,3.08322,0.0
1790743407.3521018,1.98085,3.0832,0.0
1790743407.392482,1.98087,3.08322,0.0
1790743407.452203,1.98089,3.08318,0.0
1790743407.511596,1.98088,3.08321,0.0
1790743407.552133,1.98087,3.08322,0.0
1790743407.6119628,1.98088,3.0832,0.0
1790743407.65257,1.98089,3.08321,0.0
1790743407.711963,1.98091,3.0832,0.0
1790743407.79163,1.98091,3.08316,0.0
1790743407.832204,1.98092,3.08315,0.0
1790743407.888582,1.98092,3.08316,0.0
1790743407.9297018,1.98092,3.08316,0.0
1790743407.992675,1.9809,3.08323,0.0
1790743408.049212,1.9809,3.08322,0.0
1790743408.0924459,1.98092,3.08325,0.0
1790743408.1526248,1.98096,3.08324,0.0
1790743408.21173,1.98092,3.0832,0.0
1790743408.253267,1.98088,3.08322,0.0
1790743408.3145769,1.98089,3.08322,0.0
1790743408.351847,1.98092,3.08324,0.0
1790743408.412586,1.98094,3.08324,0.0
1790743408.4715729,1.98095,3.08327,0.0
1790743408.5306492,1.98093,3.08326,0.0
1790743408.591674,1.98089,3.08328,0.0
1790743408.63434,1.98089,3.08324,0.0
1790743408.691932,1.98092,3.08323,0.0
1790743408.7295759,1.98094,3.08323,0.0
1790743408.792303,1.98092,3.08328,0.0
1790743408.853782,1.98093,3.08326,0.0
1790743408.913783,1.98094,3.08328,0.0
1790743408.952018,1.98093,3.08328,0.0
1790743409.0126772,1.98093,3.0833,0.0
1790743409.050785,1.98094,3.08327,0.0
1790743409.112962,1.98094,3.08325,0.0
1790743409.153603,1.98094,3.08325,0.0
1790743409.211757,1.98094,3.08327,0.0
1790743409.2719302,1.98095,3.08327,0.0
1790743409.314784,1.98094,3.08327,0.0
1790743409.371856,1.98094,3.08326,0.0
1790743409.4255629,1.98096,3.08325,0.0
1790743409.4734259,1.98097,3.08328,0.0
1790743409.530424,1.98096,3.08325,0.0
1790743409.57279,1.98095,3.08324,0.0
1790743409.634012,1.98093,3.08324,0.0
1790743409.673507,1.98094,3.08324,0.0
1790743409.739969,1.98094,3.0832,0.0
1790743409.789834,1.98095,3.0832,0.0
1790743409.851744,1.98097,3.08324,0.0
1790743409.8893068,1.98097,3.08324,0.0
1790743409.951644,1.98096,3.08323,0.0
1790743410.011894,1.98097,3.08319,0.0
1790743410.0522938,1.98097,3.0832,0.0
1790743410.111958,1.98098,3.08319,0.0
1790743410.1714659,1.98097,3.0832,0.0
1790743410.232076,1.98098,3.08318,0.0
1790743410.2923908,1.98099,3.08321,0.0
1790743410.353909,1.98099,3.0832,0.0
1790743410.3906748,1.98099,3.0832,0.0
1790743410.4505868,1.98097,3.08319,0.0
1790743410.4914188,1.98097,3.08319,0.0
1790743410.552043,1.98096,3.08317,0.0
1790743410.59253,1.98096,3.08317,0.0
1790743410.65262,1.98095,3.0832,0.0
1790743410.6917021,1.98095,3.0832,0.0
1790743410.751949,1.98095,3.08319,0.0
1790743410.811716,1.98094,3.08321,0.0
1790743410.852426,1.98095,3.08323,0.0
1790743410.911763,1.98096,3.08326,0.0
1790743410.971701,1.98095,3.08323,0.0
1790743411.012685,1.98093,3.08322,0.0
1790743411.06879,1.98091,3.08323,0.0
1790743411.113266,1.9809,3.08323,0.0
1790743411.171529,1.98091,3.08323,0.0
1790743411.213256,1.98089,3.08323,0.0
1790743411.2742422,1.98089,3.08322,0.0
1790743411.333395,1.98088,3.08322,0.0
1790743411.3726962,1.98086,3.0832,0.0
1790743411.432341,1.98088,3.08322,0.0
1790743411.474485,1.9809,3.08324,0.0
1790743411.531685,1.98091,3.08322,0.0
1790743411.5720801,1.98091,3.08319,0.0
1790743411.632231,1.98091,3.08319,0.0
1790743411.689991,1.98092,3.08318,0.0
1790743411.732594,1.98093,3.0832,0.0
1790743411.790393,1.98092,3.08316,0.0
1790743411.8378491,1.98093,3.08315,0.0
1790743411.891398,1.98094,3.08316,0.0
1790743411.93342,1.98094,3.0832,0.0
1790743411.991921,1.98093,3.08323,0.0
1790743412.033194,1.98093,3.08323,0.0
1790743412.090772,1.98093,3.08321,0.0
1790743412.1321878,1.98094,3.08324,0.0
1790743412.196641,1.98096,3.08323,0.0
1790743412.2331321,1.98095,3.08324,0.0
1790743412.292119,1.98094,3.08324,0.0
1790743412.351766,1.98095,3.08324,0.0
1790743412.391955,1.98093,3.08324,0.0
1790743412.456508,1.98094,3.0832,0.0
1790743412.510738,1.98093,3.08319,0.0
1790743412.553349,1.98091,3.08323,0.0
1790743412.614472,1.98092,3.08324,0.0
1790743412.6523352,1.98093,3.08324,0.0
1790743412.7140899,1.98096,3.08323,0.0
1790743412.7720692,1.98095,3.08323,0.0
1790743412.8318,1.98094,3.08322,0.0
1790743412.874542,1.98093,3.08324,0.0
1790743412.931526,1.98092,3.08325,0.0
1790743412.973997,1.98092,3.08325,0.0
1790743413.032143,1.98096,3.08324,0.0
1790743413.094275,1.98096,3.08322,0.0
1790743413.1356,1.98094,3.08323,0.0
1790743413.1969202,1.98092,3.08325,0.0
1790743413.232626,1.98093,3.08324,0.0
1790743413.294631,1.98094,3.08325,0.0
1790743413.3509948,1.98094,3.08322,0.0
1790743413.393559,1.98093,3.08323,0.0
1790743413.451721,1.98091,3.08322,0.0
1790743413.4935071,1.98092,3.08321,0.0
1790743413.551719,1.98092,3.08321,0.0
1790743413.5945642,1.98092,3.08321,0.0
1790743413.6520152,1.9809,3.08316,0.0
1790743413.711793,1.9809,3.08317,0.0
1790743413.752521,1.98088,3.08317,0.0
1790743413.812085,1.9809,3.08316,0.0
1790743413.851905,1.98092,3.08313,0.0
1790743413.912288,1.98092,3.08315,0.0
1790743413.9684029,1.9809,3.08312,0.0
1790743414.011853,1.98087,3.08313,0.0
1790743414.071917,1.98088,3.08315,0.0
1790743414.1147919,1.9809,3.08315,0.0
1790743414.169228,1.98092,3.08314,0.0
1790743414.231477,1.98091,3.08313,0.0
1790743414.297131,1.98088,3.08316,0.0
1790743414.3319738,1.98084,3.08319,0.0
1790743414.394197,1.98082,3.08318,0.0
1790743414.4516969,1.98084,3.08318,0.0
1790743414.492206,1.98087,3.08317,0.0
1790743414.55175,1.98088,3.08317,0.0
1790743414.596997,1.98086,3.0832,0.0
1790743414.65201,1.98087,3.0832,0.0
1790743414.736246,1.98086,3.08323,0.0
1790743414.794284,1.98089,3.08322,0.0
1790743414.8341818,1.98091,3.08322,0.0
1790743414.893394,1.9809,3.08321,0.0
1790743414.951654,1.9809,3.08324,0.0
1790743414.993381,1.98088,3.08325,0.0
1790743415.051967,1.98088,3.08323,0.0
1790743415.095304,1.98089,3.08318,0.0
1790743415.1532822,1.98086,3.08315,0.0
1790743415.211628,1.98085,3.08318,0.0
1790743415.2666821,1.98086,3.08321,0.0
1790743415.330842,1.98086,3.08321,0.0
1790743415.3689148,1.98085,3.08324,0.0
1790743415.4334762,1.98085,3.08326,0.0
1790743415.492003,1.98086,3.08328,0.0
1790743415.534234,1.98088,3.08326,0.0
1790743415.592014,1.98088,3.08324,0.0
1790743415.6516721,1.98088,3.08325,0.0
1790743415.692093,1.98085,3.08327,0.0
1790743415.751495,1.98086,3.08325,0.0
1790743415.793437,1.98088,3.08325,0.0
1790743415.851615,1.98091,3.08326,0.0
1790743415.8932621,1.98091,3.08326,0.0
1790743415.951811,1.98084,3.08326,0.0
1790743415.993504,1.98085,3.08329,0.0
1790743416.0533671,1.98089,3.08332,0.0
1790743416.090849,1.98094,3.08333,0.0
1790743416.151812,1.98096,3.08333,0.0
1790743416.190963,1.98091,3.08336,0.0
1790743416.2524931,1.98087,3.08333,0.0
1790743416.311626,1.98087,3.08332,0.0
1790743416.3528802,1.98091,3.08333,0.0
1790743416.411783,1.98094,3.08329,0.0
1790743416.471516,1.98094,3.08328,0.0
1790743416.511924,1.98093,3.08328,0.0
1790743416.5715241,1.98093,3.08326,0.0
1790743416.612045,1.98092,3.08325,0.0
1790743416.677483,1.98091,3.08322,0.0
1790743416.7126248,1.98091,3.08323,0.0
1790743416.771914,1.98093,3.08322,0.0
1790743416.8288362,1.98095,3.08321,0.0
1790743416.871826,1.98093,3.08321,0.0
1790743416.934921,1.9809,3.08319,0.0
1790743416.990392,1.98089,3.08319,0.0
1790743417.034875,1.98091,3.08318,0.0
1790743417.087869,1.9809,3.08321,0.0
1790743417.136118,1.9809,3.08323,0.0
1790743417.1930292,1.98081,3.08318,0.0
1790743417.233998,1.98064,3.08325,0.0
1790743417.2953029,1.98002,3.08343,0.0
1790743417.350367,1.97728,3.08344,0.0
1790743417.388915,1.97728,3.08344,0.0
1790743417.454154,1.97301,3.0837,0.0
1790743417.491832,1.97257,3.08303,0.0
1790743417.55387,1.97336,3.08181,0.0
1790743417.592829,1.97442,3.08126,0.0
1790743417.652276,1.97476,3.08139,0.0
1790743417.691345,1.97451,3.0818,0.0
1790743417.754962,1.97478,3.08254,0.0
1790743417.813057,1.97523,3.08243,0.0
1790743417.85442,1.97505,3.08124,0.0
1790743417.9120378,1.97358,3.07996,0.0
1790743417.9547021,1.97217,3.07926,0.0
1790743418.011652,1.97095,3.0785,0.0
1790743418.046769,1.96972,3.07741,0.0
1790743418.11157,1.96868,3.07633,0.0
1790743418.172189,1.96755,3.07555,0.0
1790743418.2119071,1.9663,3.07517,0.0
1790743418.273313,1.96588,3.07492,0.0
1790743418.331485,1.96638,3.07464,0.0
1790743418.373832,1.96683,3.07456,0.0
1790743418.432458,1.96696,3.07519,0.0
1790743418.474533,1.96718,3.07632,0.0
1790743418.531562,1.96769,3.07728,0.0
1790743418.573303,1.9682,3.07862,0.0
1790743418.633506,1.96788,3.0804,0.0
1790743418.672191,1.96675,3.08334,0.0
1790743418.731414,1.96483,3.08731,0.0
1790743418.7928991,1.96212,3.09188,0.0
1790743418.83583,1.9595,3.09641,0.0
1790743418.891683,1.95714,3.10046,0.0
1790743418.933814,1.95582,3.10486,0.0
1790743418.9920828,1.95507,3.10866,0.0
1790743419.0529659,1.95326,3.11352,0.0
1790743419.094445,1.95208,3.11388,0.0
1790743419.1549408,1.95125,3.11182,0.0
1790743419.232233,1.95046,3.10797,0.0
