unix_timestamp,esc_data
1790595221.7681527,4,0,0,-2,8437,15111,9367,17356,532356,532357,532359,532360,0,0,0,0
1790595221.8676374,0,-4,-1,-1,8437,15113,9368,17355,532386,532387,532389,532390,0,0,0,0
1790595221.8676374,2,4,4,-1,8433,15116,9373,17353,532416,532417,532419,532420,0,0,0,0
1790595222.0184245,-2,0,2,-3,8432,15116,9373,17352,532446,532447,532449,532450,0,0,0,0
1790595222.0184245,0,-3,-1,1,8433,15115,9371,17354,532476,532477,532479,532480,0,0,0,0
1790595222.0281162,1,1,0,-2,8437,15113,9369,17356,532506,532507,532509,532510,0,0,0,0
1790595222.1629412,-2,0,6,-1,8437,15113,9370,17356,532536,532537,532539,532540,0,0,0,0
1790595222.1877084,-1,-2,1,5,8434,15114,9370,17355,532596,532597,532599,532600,0,0,0,0
1790595222.3176634,-1,2,-3,-2,8434,15114,9370,17355,532626,532627,532629,532630,0,0,0,0
1790595222.3349056,-4,1,-4,0,8434,15114,9371,17355,532656,532657,532659,532660,0,0,0,0
1790595222.352757,-5,0,1,-1,8435,15113,9369,17356,532686,532687,532689,532690,0,0,0,0
1790595222.4681284,1,1,-2,-1,8434,15114,9370,17354,532746,532747,532749,532750,0,0,0,0
1790595222.4875777,0,9,1,1,8433,15116,9372,17353,532776,532777,532779,532780,0,0,0,0
1790595222.5978384,3,2,-2,-2,8432,15117,9373,17352,532806,532807,532809,532810,0,0,0,0
1790595222.612007,-2,0,2,-2,8433,15115,9371,17353,532836,532837,532839,532840,0,0,0,0
1790595222.652756,-7,1,0,-6,8435,15115,9370,17355,532866,532867,532869,532870,0,0,0,0
1790595222.7480462,4,1,-5,-1,8435,15114,9370,17354,532896,532897,532899,532900,0,0,0,0
1790595222.7480462,-1,-2,-1,-4,8434,15115,9371,17354,532926,532927,532929,532930,0,0,0,0
1790595222.8911135,0,4,1,3,8433,15115,9371,17354,532956,532957,532959,532960,0,0,0,0
1790595222.8911135,-1,3,-1,-1,8432,15117,9372,17353,532986,532987,532989,532990,0,0,0,0
1790595222.9181867,-2,1,0,-2,8433,15116,9371,17354,533016,533017,533019,533020,0,0,0,0
1790595222.9482229,3,-4,-3,0,8440,15117,9368,17354,533046,533047,533049,533050,0,0,0,0
1790595223.0477133,0,-1,2,1,8441,15114,9368,17358,533076,533077,533079,533080,0,0,0,0
1790595223.0678427,-2,-4,-3,0,8437,15114,9372,17358,533106,533107,533109,533110,0,0,0,0
1790595223.1826339,0,0,-3,3,8432,15115,9371,17354,533136,533137,533139,533140,0,0,0,0
1790595223.1826339,2,-3,-2,0,8431,15115,9371,17353,533166,533167,533169,533170,0,0,0,0
1790595223.2125742,-3,-1,1,-2,8432,15114,9370,17354,533196,533197,533199,533200,0,0,0,0
1790595223.3126945,-4,-2,-3,-2,8435,15112,9368,17356,533256,533257,533259,533260,0,0,0,0
1790595223.4366045,-2,-1,-6,-7,8431,15116,9372,17351,533316,533317,533319,533320,0,0,0,0
1790595223.4501357,-1,2,1,-5,8431,15115,9371,17352,533346,533347,533349,533350,0,0,0,0
1790595223.4678228,1,0,-8,0,8435,15112,9367,17355,533376,533377,533379,533380,0,0,0,0
1790595223.607716,-1,2,1,4,8439,15111,9368,17358,533406,533407,533409,533410,0,0,0,0
1790595223.607716,-3,0,0,1,8436,15114,9368,17355,533436,533437,533439,533440,0,0,0,0
1790595223.6275675,3,0,2,16,8434,15115,9371,17354,533466,533467,533469,533470,0,0,0,0
1790595223.7849164,-2,-1,3,4,8434,15114,9370,17355,533496,533497,533499,533500,0,0,0,0
1790595223.7879326,2,-2,-2,2,8436,15114,9369,17356,533556,533557,533559,533560,0,0,0,0
1790595223.827612,0,-8,-4,-5,8434,15108,9360,17337,533586,533587,533589,533590,0,0,0,0
1790595223.9141889,-14,-24,-19,-19,8027,14678,8989,16925,533616,533617,533619,533620,0,0,0,0
1790595223.9278362,-14,-19,-13,-15,7517,14228,8492,16441,533646,533647,533649,533650,0,0,0,0
1790595223.9745002,-12,-16,-17,-15,7111,13858,8041,16084,533676,533677,533679,533680,0,0,0,0
1790595224.0525362,-13,-19,-21,-21,6720,13422,7477,15527,533706,533707,533709,533710,0,0,0,0
1790595224.2616942,-14,-18,-18,-19,6293,12954,6956,15030,533736,533737,533739,533740,0,0,0,0
1790595224.2637174,-27,-18,-18,-12,5245,11922,5985,13922,533796,533797,533799,533800,0,0,0,0
1790595224.2758322,-16,-21,-21,-18,4644,11360,5499,13452,533826,533827,533829,533830,0,0,0,0
1790595224.2947264,-17,-24,-17,-17,4137,10753,4939,12949,533856,533857,533859,533860,0,0,0,0
1790595224.3273895,-18,-16,-21,-15,3631,10159,4435,12560,533886,533887,533889,533890,0,0,0,0
1790595224.428103,-11,-7,-17,-8,3219,9672,3841,12109,533916,533917,533919,533920,0,0,0,0
1790595224.4636114,-1,-4,5,1,3125,9563,3791,12046,533946,533947,533949,533950,0,0,0,0
1790595224.5982337,-1,-3,-2,0,3060,9573,3788,11949,534006,534007,534009,534010,0,0,0,0
1790595224.6326036,-1,-1,-2,3,3028,9542,3764,11936,534066,534067,534069,534070,0,0,0,0
1790595224.837974,1,-5,-7,11,3070,9490,3712,11990,534096,534097,534099,534100,0,0,0,0
1790595224.847677,9,-14,-8,14,3165,9367,3599,12147,534126,534127,534129,534130,0,0,0,0
1790595224.847677,-16,-43,-40,-58,3298,8748,3239,12152,534156,534157,534159,534160,0,0,0,0
1790595224.8525207,8,-33,10,-12,3194,7559,2177,10331,534186,534187,534189,534190,0,0,0,0
1790595224.9480698,12,18,12,41,3901,7561,3049,11281,534216,534217,534219,534220,0,0,0,0
1790595224.9480698,-34,-37,-46,-60,3349,7433,2613,11355,534246,534247,534249,534250,0,0,0,0
1790595225.0880125,-102,-48,-84,-41,1789,6382,528,9320,534276,534277,534279,534280,0,0,0,0
1790595225.0880125,-78,-61,-109,-93,19,4990,30934,7599,534306,534307,534309,534310,0,0,0,0
1790595225.1379783,-110,-91,-107,-141,30118,2974,28273,3983,534336,534337,534339,534340,0,0,0,0
1790595225.1491237,-83,-112,-37,-37,26850,32672,26167,1600,534366,534367,534369,534370,0,0,0,0
1790595225.2178392,9,-116,-56,-37,26551,29531,25655,1180,534396,534397,534399,534400,0,0,0,0
1790595225.282528,-117,-108,-108,-105,25056,26649,23121,31456,534426,534427,534429,534430,0,0,0,0
1790595225.3082244,-134,-75,-89,-120,22384,24638,20024,28334,534456,534457,534459,534460,0,0,0,0
1790595225.3926404,-192,-109,-181,-137,17350,21798,16210,24272,534486,534487,534489,534490,0,0,0,0
1790595225.4126346,-173,-164,-190,-172,12087,18172,11073,19408,534516,534517,534519,534520,0,0,0,0
1790595225.4928389,-110,-144,-126,-133,7983,13779,7025,15191,534546,534547,534549,534550,0,0,0,0
1790595225.6079242,-28,-76,-84,-158,3126,6713,1093,12318,534606,534607,534609,534610,0,0,0,0
1790595225.6079242,-95,-70,-61,-113,874,4652,31644,8793,534636,534637,534639,534640,0,0,0,0
1790595225.698019,-41,-83,-38,-49,31407,2305,30107,6989,534666,534667,534669,534670,0,0,0,0
1790595225.7181568,-73,-56,-75,-84,30088,273,28716,4767,534696,534697,534699,534700,0,0,0,0
1790595225.897797,-37,-9,-12,-42,24976,30072,25269,1282,534816,534817,534819,534820,0,0,0,0
1790595226.0978382,8,-11,-9,5,23604,29714,24351,32282,534936,534937,534939,534940,0,0,0,0
1790595226.2146015,7,-11,-15,6,23732,29368,24016,32398,534966,534967,534969,534970,0,0,0,0
1790595226.217807,1,-5,-4,10,24069,28930,23432,32583,535026,535027,535029,535030,0,0,0,0
1790595226.3105688,5,-3,-4,-2,24165,28849,23348,32657,535056,535057,535059,535060,0,0,0,0
1790595226.429165,-1,2,2,-3,24143,28834,23328,32575,535146,535147,535149,535150,0,0,0,0
1790595226.508281,-1,5,0,-4,24100,28878,23372,32538,535176,535177,535179,535180,0,0,0,0
1790595226.609508,0,-3,-1,0,24058,28917,23410,32495,535206,535207,535209,535210,0,0,0,0
1790595226.614549,-5,0,-4,-3,24015,28944,23443,32460,535236,535237,535239,535240,0,0,0,0
1790595226.682557,-3,2,4,-4,23960,28977,23485,32416,535296,535297,535299,535300,0,0,0,0
1790595226.92253,1,-4,-4,3,23981,28954,23452,32432,535386,535387,535389,535390,0,0,0,0
1790595227.128085,-3,1,1,3,23961,28969,23471,32415,535446,535447,535449,535450,0,0,0,0
1790595227.128085,-3,3,-4,-1,23947,28977,23482,32405,535476,535477,535479,535480,0,0,0,0
1790595227.128085,-2,-3,-1,4,23928,28987,23496,32392,535536,535537,535539,535540,0,0,0,0
1790595227.3326972,2,3,3,0,23921,28995,23505,32386,535596,535597,535599,535600,0,0,0,0
1790595227.3326972,0,-1,5,1,23911,28994,23497,32371,535656,535657,535659,535660,0,0,0,0
1790595227.5177386,0,5,-3,-1,23913,28992,23503,32376,535686,535687,535689,535690,0,0,0,0
1790595227.5177386,0,-2,-1,-2,23914,28998,23508,32376,535776,535777,535779,535780,0,0,0,0
1790595227.6124947,3,-1,0,2,23916,28999,23508,32379,535806,535807,535809,535810,0,0,0,0
1790595227.6124947,-1,-2,4,0,23925,29005,23519,32390,535836,535837,535839,535840,0,0,0,0
1790595227.7427623,0,2,-2,2,23921,28999,23515,32387,535866,535867,535869,535870,0,0,0,0
1790595227.752781,-3,1,8,-4,23920,29008,23528,32385,535926,535927,535929,535930,0,0,0,0
1790595227.9526372,-3,-1,-4,2,23925,29008,23526,32385,536016,536017,536019,536020,0,0,0,0
1790595227.9536679,-2,-1,6,-5,23927,29008,23528,32386,536046,536047,536049,536050,0,0,0,0
1790595228.1482186,-5,3,-4,0,23925,29005,23523,32384,536106,536107,536109,536110,0,0,0,0
1790595228.3178682,4,2,-1,-2,23955,28985,23497,32406,536196,536197,536199,536200,0,0,0,0
1790595228.3277395,-1,0,2,-3,23938,28997,23511,32388,536256,536257,536259,536260,0,0,0,0
1790595228.5625863,0,1,3,-3,23948,28980,23486,32395,536376,536377,536379,536380,0,0,0,0
1790595228.569182,-5,-4,-6,-1,23925,28992,23501,32373,536436,536437,536439,536440,0,0,0,0
1790595228.6278663,-6,-3,-11,-5,23915,28998,23509,32366,536466,536467,536469,536470,0,0,0,0
1790595228.7730286,2,0,3,-3,23909,29000,23513,32364,536496,536497,536499,536500,0,0,0,0
1790595228.7784202,-2,2,0,1,23905,29000,23514,32362,536526,536527,536529,536530,0,0,0,0
1790595228.7901285,1,-3,3,-1,23904,29001,23515,32364,536556,536557,536559,536560,0,0,0,0
1790595228.9678109,4,4,-2,0,23907,29004,23517,32367,536616,536617,536619,536620,0,0,0,0
1790595228.9678109,1,0,0,2,23908,29006,23520,32367,536646,536647,536649,536650,0,0,0,0
1790595229.1788623,2,0,-2,0,23916,29006,23518,32373,536766,536767,536769,536770,0,0,0,0
1790595229.1878917,-1,-1,-4,-2,23918,29006,23518,32373,536796,536797,536799,536800,0,0,0,0
1790595229.3788872,-1,-2,-1,4,23920,29007,23519,32373,536826,536827,536829,536830,0,0,0,0
1790595229.3877885,0,-2,0,-1,23925,29002,23513,32375,536916,536917,536919,536920,0,0,0,0
1790595229.578205,-1,2,-4,-1,23926,28999,23511,32376,536946,536947,536949,536950,0,0,0,0
1790595229.589382,-3,-7,-1,1,23929,28994,23503,32377,537036,537037,537039,537040,0,0,0,0
1790595229.7898176,-2,-3,3,-5,23931,28988,23499,32381,537066,537067,537069,537070,0,0,0,0
1790595229.7898176,0,3,-2,1,23933,28983,23492,32385,537126,537127,537129,537130,0,0,0,0
1790595229.992868,-3,-1,-4,3,23930,28983,23491,32380,537156,537157,537159,537160,0,0,0,0
1790595229.9979162,0,-1,-1,-2,23937,28989,23495,32382,537246,537247,537249,537250,0,0,0,0
1790595230.187705,3,5,2,2,23932,28994,23502,32379,537276,537277,537279,537280,0,0,0,0
1790595230.187705,2,-3,-6,-1,23919,29001,23511,32369,537366,537367,537369,537370,0,0,0,0
1790595230.4027052,-1,-3,3,0,23915,29000,23512,32368,537396,537397,537399,537400,0,0,0,0
1790595230.4100294,-3,-4,-1,-3,23935,28991,23500,32391,537516,537517,537519,537520,0,0,0,0
1790595230.607866,-5,-1,-7,-1,23933,28997,23506,32388,537576,537577,537579,537580,0,0,0,0
1790595230.613014,-2,1,-4,-1,23931,29003,23513,32384,537636,537637,537639,537640,0,0,0,0
1790595230.8128047,3,-2,-1,-3,23932,29002,23513,32384,537666,537667,537669,537670,0,0,0,0
1790595230.8128047,-3,1,1,5,23932,29001,23512,32382,537696,537697,537699,537700,0,0,0,0
1790595230.8178458,3,1,-2,5,23909,29004,23511,32353,537726,537727,537729,537730,0,0,0,0
1790595230.9478807,-1,-6,-7,-15,23891,29030,23549,32346,537816,537817,537819,537820,0,0,0,0
1790595231.0176694,1,-3,0,-5,23901,29022,23538,32354,537846,537847,537849,537850,0,0,0,0
1790595231.0270424,0,-4,3,-1,23909,29016,23531,32361,537876,537877,537879,537880,0,0,0,0
1790595231.1525555,-3,3,-3,0,23912,29015,23526,32363,537906,537907,537909,537910,0,0,0,0
1790595231.1578348,1,-1,-7,-5,23908,29013,23527,32360,537936,537937,537939,537940,0,0,0,0
1790595231.197818,-1,-1,5,0,23905,29012,23528,32358,537966,537967,537969,537970,0,0,0,0
1790595231.2176175,-4,3,-1,-7,23902,29013,23530,32355,537996,537997,537999,538000,0,0,0,0
1790595231.2747395,1,0,1,-3,23942,29056,23579,32409,538026,538027,538029,538030,0,0,0,0
1790595231.328293,-1,-2,8,0,23977,29088,23660,32484,538056,538057,538059,538060,0,0,0,0
1790595231.3876762,3,4,6,8,24020,29130,23764,32575,538086,538087,538089,538090,0,0,0,0
1790595231.427724,0,2,0,6,24166,29297,24238,146,538146,538147,538149,538150,0,0,0,0
1790595231.5177689,5,5,3,14,24248,29418,24490,363,538176,538177,538179,538180,0,0,0,0
1790595231.5282164,3,8,7,5,24379,29584,24747,607,538206,538207,538209,538210,0,0,0,0
1790595231.592602,7,7,3,5,24596,29825,24934,798,538236,538237,538239,538240,0,0,0,0
1790595231.6281917,14,6,-1,5,24905,30087,25019,913,538266,538267,538269,538270,0,0,0,0
1790595231.6979797,12,10,3,5,25231,30327,25097,1019,538296,538297,538299,538300,0,0,0,0
1790595231.7629082,8,11,8,6,25477,30542,25228,1154,538326,538327,538329,538330,0,0,0,0
1790595231.7733707,3,3,6,9,25605,30722,25438,1340,538356,538357,538359,538360,0,0,0,0
1790595231.8357606,-2,7,10,7,25672,30905,25741,1593,538386,538387,538389,538390,0,0,0,0
1790595231.8876655,4,11,6,5,25714,31072,26046,1803,538416,538417,538419,538420,0,0,0,0
1790595231.9679163,9,10,4,7,25808,31241,26310,1995,538446,538447,538449,538450,0,0,0,0
1790595231.9679163,11,7,4,4,25964,31386,26490,2154,538476,538477,538479,538480,0,0,0,0
1790595232.037725,9,4,0,5,26208,31534,26605,2327,538506,538507,538509,538510,0,0,0,0
1790595232.2475314,8,12,2,9,26488,31676,26684,2527,538536,538537,538539,538540,0,0,0,0
1790595232.2517326,1,-6,-1,0,26823,31657,26639,2764,538626,538627,538629,538630,0,0,0,0
1790595232.4516418,3,-2,0,-4,26847,31634,26620,2787,538656,538657,538659,538660,0,0,0,0
1790595232.4528153,3,-2,1,2,26855,31621,26611,2796,538686,538687,538689,538690,0,0,0,0
1790595232.4528153,-5,3,1,-3,26847,31630,26618,2784,538746,538747,538749,538750,0,0,0,0
1790595232.6585383,1,-3,-3,0,26837,31641,26629,2777,538776,538777,538779,538780,0,0,0,0
1790595232.6625524,0,-2,-4,11,26836,31652,26648,2786,538866,538867,538869,538870,0,0,0,0
1790595232.7686248,-1,-3,-3,-2,26847,31641,26643,2799,538896,538897,538899,538900,0,0,0,0
1790595232.777689,3,-3,-2,1,26850,31642,26642,2803,538926,538927,538929,538930,0,0,0,0
1790595232.7929866,-2,0,4,5,26850,31647,26644,2800,538956,538957,538959,538960,0,0,0,0
1790595232.8698723,1,1,-3,-3,26848,31651,26646,2800,538986,538987,538989,538990,0,0,0,0
1790595232.9224753,1,-1,4,6,26848,31652,26646,2802,539016,539017,539019,539020,0,0,0,0
1790595232.9522276,5,1,0,1,26861,31644,26639,2816,539046,539047,539049,539050,0,0,0,0
1790595233.027995,19,-15,-10,20,27067,31454,26491,3064,539076,539077,539079,539080,0,0,0,0
1790595233.0758502,71,-73,-51,57,28233,30429,25675,4022,539106,539107,539109,539110,0,0,0,0
1790595233.270416,43,-72,-60,60,30229,28290,24095,5688,539136,539137,539139,539140,0,0,0,0
1790595233.270416,64,-67,-77,86,1066,24565,20003,9669,539196,539197,539199,539200,0,0,0,0
1790595233.270416,67,-80,-87,70,3116,22549,17978,11737,539226,539227,539229,539230,0,0,0,0
1790595233.4826205,49,-45,-51,53,8258,17498,12830,16761,539316,539317,539319,539320,0,0,0,0
1790595233.4880269,43,-30,-37,51,9657,16316,11628,18035,539346,539347,539349,539350,0,0,0,0
1790595233.548311,44,-42,-42,47,10820,15020,10371,19320,539376,539377,539379,539380,0,0,0,0
1790595233.673039,56,-45,-52,48,12196,13745,9132,20732,539406,539407,539409,539410,0,0,0,0
1790595233.673039,64,-63,-61,66,15338,10533,5853,23980,539466,539467,539469,539470,0,0,0,0
1790595233.8896174,56,-56,-53,48,23620,2249,30220,32420,539616,539617,539619,539620,0,0,0,0
1790595234.0875351,62,-48,-46,43,25093,780,28813,984,539646,539647,539649,539650,0,0,0,0
1790595234.0875351,63,-49,-55,55,29476,29012,24277,5446,539736,539737,539739,539740,0,0,0,0
1790595234.2926395,56,-64,-60,64,32767,25648,20848,8777,539796,539797,539799,539800,0,0,0,0
1790595234.2979314,51,-58,-54,56,3209,22313,17509,11966,539856,539857,539859,539860,0,0,0,0
1790595234.4977098,52,-51,-63,62,4775,20860,16045,13536,539886,539887,539889,539890,0,0,0,0
1790595234.4977098,58,-70,-64,59,7872,17737,12820,16598,539946,539947,539949,539950,0,0,0,0
1790595234.5173972,51,-49,-49,62,9409,16244,11331,18181,539976,539977,539979,539980,0,0,0,0
1790595234.5580575,58,-57,-53,53,10853,14540,9738,19680,540006,540007,540009,540010,0,0,0,0
1790595234.678336,66,-64,-57,49,15570,9824,4894,24409,540096,540097,540099,540100,0,0,0,0
1790595234.7491407,61,-47,-48,58,17166,8175,3296,25982,540126,540127,540129,540130,0,0,0,0
1790595234.9176345,49,-36,-60,51,18684,6857,1722,27388,540156,540157,540159,540160,0,0,0,0
1790595234.9176345,62,-31,-42,15,21426,5078,31495,29018,540216,540217,540219,540220,0,0,0,0
1790595235.0376794,51,-8,-52,22,23023,4568,30073,29564,540246,540247,540249,540250,0,0,0,0
1790595235.1076639,42,-18,-35,17,27349,3184,25943,31161,540336,540337,540339,540340,0,0,0,0
1790595235.3203857,23,-21,-29,20,30447,1313,22970,206,540456,540457,540459,540460,0,0,0,0
1790595235.336093,36,-13,-30,12,31374,838,22007,691,540486,540487,540489,540490,0,0,0,0
1790595235.4048774,37,-22,-39,18,32451,378,20921,1143,540516,540517,540519,540520,0,0,0,0
1790595235.517772,33,-16,-33,22,687,32640,19882,1778,540546,540547,540549,540550,0,0,0,0
1790595235.517772,17,-20,-19,16,1356,32127,19227,2222,540576,540577,540579,540580,0,0,0,0
1790595235.678278,2,-12,-9,3,1657,31715,18922,2493,540606,540607,540609,540610,0,0,0,0
1790595235.678278,0,-4,-8,12,1837,31560,18788,2634,540636,540637,540639,540640,0,0,0,0
1790595235.678278,1,1,-2,4,1944,31473,18697,2739,540666,540667,540669,540670,0,0,0,0
1790595235.7282226,5,-1,-4,11,2011,31416,18635,2810,540696,540697,540699,540700,0,0,0,0
1790595235.90272,14,4,-3,-2,2053,31376,18594,2857,540726,540727,540729,540730,0,0,0,0
1790595235.907926,-5,3,2,-1,2095,31340,18557,2901,540816,540817,540819,540820,0,0,0,0
1790595236.1374578,0,-3,0,-2,2090,31345,18565,2894,540846,540847,540849,540850,0,0,0,0
1790595236.1374578,1,0,3,0,2069,31362,18583,2878,540936,540937,540939,540940,0,0,0,0
1790595236.1486921,-2,0,-5,-2,2073,31360,18581,2883,540966,540967,540969,540970,0,0,0,0
1790595236.337829,-4,0,-2,-2,2076,31358,18579,2887,540996,540997,540999,541000,0,0,0,0
1790595236.342718,3,1,0,-4,2073,31360,18582,2885,541086,541087,541089,541090,0,0,0,0
1790595236.468649,-6,-1,4,-2,2075,31358,18579,2888,541146,541147,541149,541150,0,0,0,0
1790595236.468649,1,-4,1,6,2074,31359,18580,2888,541176,541177,541179,541180,0,0,0,0
1790595236.5516365,5,-1,-1,1,2074,31359,18581,2888,541206,541207,541209,541210,0,0,0,0
1790595236.6377559,-2,-3,-2,1,2073,31358,18581,2888,541266,541267,541269,541270,0,0,0,0
1790595236.6977003,5,-2,-2,-6,2073,31359,18582,2888,541296,541297,541299,541300,0,0,0,0
1790595236.7553499,-3,-5,0,-5,2095,31354,18573,2915,541326,541327,541329,541330,0,0,0,0
1790595236.9587948,4,-3,3,-1,2105,31338,18556,2926,541356,541357,541359,541360,0,0,0,0
1790595236.96843,0,3,1,-4,2063,31373,18597,2877,541476,541477,541479,541480,0,0,0,0
1790595237.1629117,-1,-2,-4,3,2059,31376,18601,2874,541506,541507,541509,541510,0,0,0,0
1790595237.1629117,-4,1,-3,0,2063,31372,18596,2881,541566,541567,541569,541570,0,0,0,0
1790595237.176113,-2,-4,-7,5,2064,31371,18596,2881,541596,541597,541599,541600,0,0,0,0
1790595237.3689284,3,-3,3,1,2083,31367,18587,2899,541686,541687,541689,541690,0,0,0,0
1790595237.3726814,-2,-3,-3,2,2085,31364,18583,2901,541716,541717,541719,541720,0,0,0,0
1790595237.5419104,3,-1,0,2,2086,31357,18576,2903,541806,541807,541809,541810,0,0,0,0
1790595237.7026157,0,2,0,-1,2087,31355,18576,2907,541836,541837,541839,541840,0,0,0,0
1790595237.7026157,-2,1,0,5,2085,31365,18591,2908,541896,541897,541899,541900,0,0,0,0
1790595237.7779818,3,-4,4,-4,2077,31368,18596,2902,541926,541927,541929,541930,0,0,0,0
1790595237.9828982,-7,-4,0,-1,2078,31366,18594,2904,541986,541987,541989,541990,0,0,0,0
1790595237.9839566,-1,-7,2,1,2086,31358,18586,2911,542046,542047,542049,542050,0,0,0,0
1790595237.9874663,-2,0,2,5,2086,31360,18586,2911,542076,542077,542079,542080,0,0,0,0
1790595238.1777523,-2,-1,-2,2,2083,31362,18589,2909,542106,542107,542109,542110,0,0,0,0
1790595238.1877906,-4,-3,2,2,2092,31344,18566,2922,542166,542167,542169,542170,0,0,0,0
1790595238.1900125,2,-1,5,-2,2115,31341,18559,2937,542196,542197,542199,542200,0,0,0,0
1790595238.3722246,-3,2,4,-4,2113,31342,18563,2937,542226,542227,542229,542230,0,0,0,0
1790595238.598149,-4,-3,0,2,2097,31341,18563,2923,542346,542347,542349,542350,0,0,0,0
1790595238.598149,-2,0,-3,-3,2130,31323,18544,2960,542436,542437,542439,542440,0,0,0,0
1790595238.7076724,-5,3,-1,-4,2114,31336,18559,2942,542466,542467,542469,542470,0,0,0,0
1790595238.7281876,2,-2,-4,-2,2100,31347,18573,2926,542496,542497,542499,542500,0,0,0,0
1790595238.7329617,-2,-1,-5,-2,2093,31353,18579,2919,542526,542527,542529,542530,0,0,0,0
1790595238.8080952,-3,7,-4,1,2096,31351,18577,2924,542556,542557,542559,542560,0,0,0,0
1790595239.007975,-3,1,0,-2,2104,31347,18571,2932,542646,542647,542649,542650,0,0,0,0
1790595239.0127823,3,2,1,-6,2102,31351,18574,2928,542676,542677,542679,542680,0,0,0,0
1790595239.2129266,0,1,-1,3,2101,31351,18575,2926,542706,542707,542709,542710,0,0,0,0
1790595239.2129266,2,0,4,3,2105,31344,18566,2933,542796,542797,542799,542800,0,0,0,0
1790595239.4129517,-4,0,-1,-1,2103,31345,18569,2930,542826,542827,542829,542830,0,0,0,0
1790595239.41755,-1,0,-4,-5,2102,31344,18570,2931,542886,542887,542889,542890,0,0,0,0
1790595239.618434,1,1,-4,1,2108,31343,18567,2940,543006,543007,543009,543010,0,0,0,0
1790595239.6340053,0,-4,2,-2,2110,31341,18567,2942,543036,543037,543039,543040,0,0,0,0
1790595239.7177937,-2,0,-5,0,2112,31341,18565,2944,543066,543067,543069,543070,0,0,0,0
1790595239.7276874,-3,0,0,3,2115,31340,18563,2947,543096,543097,543099,543100,0,0,0,0
1790595239.822645,6,7,-1,1,2119,31340,18561,2948,543126,543127,543129,543130,0,0,0,0
1790595239.8278582,-2,-1,-3,-4,2119,31338,18560,2948,543156,543157,543159,543160,0,0,0,0
1790595240.027666,2,9,-4,-4,2132,31341,18559,2956,543276,543277,543279,543280,0,0,0,0
1790595240.2075424,1,2,-3,0,2127,31341,18562,2958,543306,543307,543309,543310,0,0,0,0
1790595240.437486,5,-1,-2,-6,2127,31340,18561,2960,543426,543427,543429,543430,0,0,0,0
1790595240.437486,-3,-8,0,8,2132,31341,18561,2964,543516,543517,543519,543520,0,0,0,0
1790595240.457762,3,2,1,2,2134,31340,18561,2966,543546,543547,543549,543550,0,0,0,0
1790595240.5148797,3,-1,-4,-1,2132,31340,18561,2963,543576,543577,543579,543580,0,0,0,0
1790595240.6456466,3,-3,-1,0,2131,31340,18560,2962,543606,543607,543609,543610,0,0,0,0
1790595240.649695,-4,-2,0,-1,2131,31338,18557,2964,543636,543637,543639,543640,0,0,0,0
1790595240.649695,1,-1,1,2,2130,31337,18557,2963,543666,543667,543669,543670,0,0,0,0
1790595240.741142,1,5,-3,-4,2127,31338,18559,2959,543696,543697,543699,543700,0,0,0,0
1790595240.849717,3,0,5,-5,2117,31334,18560,2944,543726,543727,543729,543730,0,0,0,0
1790595240.8579898,1,-3,2,-3,2093,31361,18594,2927,543756,543757,543759,543760,0,0,0,0
1790595240.8754606,-2,-7,-6,0,2096,31367,18594,2927,543786,543787,543789,543790,0,0,0,0
1790595241.0560749,5,-1,3,-1,2102,31359,18587,2937,543816,543817,543819,543820,0,0,0,0
1790595241.0575807,5,1,-4,-2,2126,31341,18564,2963,543876,543877,543879,543880,0,0,0,0
1790595241.0736647,0,4,-1,2,2127,31341,18565,2964,543906,543907,543909,543910,0,0,0,0
1790595241.2624445,2,2,3,2,2120,31353,18577,2956,543996,543997,543999,544000,0,0,0,0
1790595241.273387,-2,0,-8,-1,2121,31353,18577,2958,544026,544027,544029,544030,0,0,0,0
1790595241.4605885,3,5,4,-3,2124,31351,18574,2958,544056,544057,544059,544060,0,0,0,0
1790595241.4605885,4,-1,-2,-1,2124,31354,18577,2956,544116,544117,544119,544120,0,0,0,0
1790595241.4748194,5,0,-1,-1,2122,31354,18577,2954,544146,544147,544149,544150,0,0,0,0
1790595241.6676874,-2,-1,-4,6,2125,31346,18571,2959,544236,544237,544239,544240,0,0,0,0
1790595241.6716363,-3,-5,-1,0,2125,31345,18574,2964,544266,544267,544269,544270,0,0,0,0
1790595241.751016,2,2,1,-4,2123,31348,18574,2960,544296,544297,544299,544300,0,0,0,0
1790595241.789787,1,2,-3,-1,2121,31353,18577,2954,544326,544327,544329,544330,0,0,0,0
1790595241.8680396,-1,6,2,-5,2117,31355,18579,2950,544356,544357,544359,544360,0,0,0,0
1790595241.8776276,4,-5,0,6,2115,31355,18581,2948,544386,544387,544389,544390,0,0,0,0
1790595242.0791626,2,-2,-1,-1,2124,31345,18570,2962,544506,544507,544509,544510,0,0,0,0
1790595242.0927694,-1,0,-2,0,2122,31349,18576,2961,544536,544537,544539,544540,0,0,0,0
1790595242.1552489,0,1,-7,0,2118,31354,18581,2958,544566,544567,544569,544570,0,0,0,0
1790595242.2804732,4,-22,-2,15,2141,31165,18553,3165,544596,544597,544599,544600,0,0,0,0
1790595242.2804732,20,-93,-15,55,2438,29735,18346,4224,544626,544627,544629,544630,0,0,0,0
1790595242.2942164,37,-91,-40,101,3234,26893,17447,6242,544656,544657,544659,544660,0,0,0,0
1790595242.3569024,52,-70,-53,100,4503,24775,16290,8560,544686,544687,544689,544690,0,0,0,0
1790595242.4327252,51,-89,-63,82,5872,22682,14589,10633,544716,544717,544719,544720,0,0,0,0
1790595242.4955437,62,-85,-55,108,7456,20538,12888,13091,544746,544747,544749,544750,0,0,0,0
1790595242.4975808,50,-90,-47,104,8861,18239,11537,15601,544776,544777,544779,544780,0,0,0,0
1790595242.592109,39,-89,-41,102,10025,15864,10310,18042,544806,544807,544809,544810,0,0,0,0
1790595242.693221,31,-72,-38,80,11814,11411,8527,22523,544866,544867,544869,544870,0,0,0,0
1790595242.693221,38,-61,-43,50,12761,9515,7545,24339,544896,544897,544899,544900,0,0,0,0
1790595242.7525067,34,-50,-45,53,13928,7898,6377,25870,544926,544927,544929,544930,0,0,0,0
1790595242.8149214,46,-66,-53,64,15205,6430,5027,27321,544956,544957,544959,544960,0,0,0,0
1790595242.8978221,61,-52,-63,51,16679,4841,3503,28921,544986,544987,544989,544990,0,0,0,0
1790595243.102894,82,-44,-71,37,24049,31797,28850,2159,545106,545107,545109,545110,0,0,0,0
1790595243.1074717,78,-37,-64,37,26050,30653,26734,3298,545136,545137,545139,545140,0,0,0,0
1790595243.18798,59,-40,-75,30,28117,29615,24739,4299,545166,545167,545169,545170,0,0,0,0
1790595243.217452,61,-46,-72,38,30124,28629,22693,5273,545196,545197,545199,545200,0,0,0,0
1790595243.3026369,74,-49,-61,55,31949,27481,20918,6517,545226,545227,545229,545230,0,0,0,0
1790595243.3076835,51,-60,-55,48,857,26099,19318,7871,545256,545257,545259,545260,0,0,0,0
1790595243.354709,38,-57,-52,63,2315,24423,17820,9459,545286,545287,545289,545290,0,0,0,0
1790595243.5126607,42,-65,-35,89,6053,18562,14135,15527,545376,545377,545379,545380,0,0,0,0
1790595243.5937197,42,-62,-39,87,7117,16384,13007,17773,545406,545407,545409,545410,0,0,0,0
1790595243.7081137,34,-68,-30,74,10237,10226,9929,23932,545496,545497,545499,545500,0,0,0,0
1790595243.7762315,37,-70,-35,69,11283,8184,8963,25932,545526,545527,545529,545530,0,0,0,0
1790595243.9178588,52,-79,-50,65,13558,4258,6744,30005,545586,545587,545589,545590,0,0,0,0
1790595243.9947264,57,-48,-73,58,16503,886,3574,560,545646,545647,545649,545650,0,0,0,0
1790595244.127609,49,-21,-47,24,22943,29491,29988,4677,545766,545767,545769,545770,0,0,0,0
1790595244.194782,42,-25,-46,11,24160,28845,28777,5285,545796,545797,545799,545800,0,0,0,0
1790595244.3279312,26,-11,-21,4,26141,27895,26786,6115,545856,545857,545859,545860,0,0,0,0
1790595244.3279312,8,-10,-12,8,26635,27596,26462,6466,545886,545887,545889,545890,0,0,0,0
1790595244.5281777,0,3,0,-6,26797,27439,26349,6586,545976,545977,545979,545980,0,0,0,0
1790595244.6881428,-5,1,0,-3,26665,27578,26473,6445,546036,546037,546039,546040,0,0,0,0
1790595244.6975582,0,-1,2,-1,26583,27656,26544,6356,546066,546067,546069,546070,0,0,0,0
1790595244.7383013,-3,2,2,-6,26503,27725,26608,6269,546096,546097,546099,546100,0,0,0,0
1790595244.7520268,-2,2,-4,-2,26437,27782,26659,6197,546126,546127,546129,546130,0,0,0,0
1790595244.9401612,-9,1,1,-3,26381,27828,26703,6137,546156,546157,546159,546160,0,0,0,0
1790595244.947911,0,24,3,0,26292,27899,26770,6043,546216,546217,546219,546220,0,0,0,0
1790595244.9560087,-2,1,2,-4,26254,27929,26800,6003,546246,546247,546249,546250,0,0,0,0
1790595245.1176162,-2,-1,3,-4,26217,27959,26829,5966,546276,546277,546279,546280,0,0,0,0
1790595245.1176162,0,6,-3,-1,26182,27988,26858,5931,546306,546307,546309,546310,0,0,0,0
1790595245.127751,-3,2,1,-2,26144,28017,26888,5895,546336,546337,546339,546340,0,0,0,0
1790595245.348455,-3,3,-1,-1,26108,28047,26918,5859,546366,546367,546369,546370,0,0,0,0
1790595245.3577602,8,-4,1,5,26024,28122,26970,5783,546486,546487,546489,546490,0,0,0,0
1790595245.457921,1,2,-5,-2,26023,28123,26972,5783,546516,546517,546519,546520,0,0,0,0
1790595245.457921,0,-5,-5,5,26024,28120,26971,5786,546546,546547,546549,546550,0,0,0,0
1790595245.5605264,-2,-3,-6,-1,26026,28121,26971,5787,546606,546607,546609,546610,0,0,0,0
1790595245.72788,0,-4,-5,-2,26023,28125,26975,5783,546636,546637,546639,546640,0,0,0,0
1790595245.7309732,-4,0,4,-3,26013,28131,26982,5775,546696,546697,546699,546700,0,0,0,0
1790595245.7528389,2,4,-1,-3,26010,28133,26984,5772,546726,546727,546729,546730,0,0,0,0
1790595245.967832,-4,3,2,3,26028,28120,26968,5787,546816,546817,546819,546820,0,0,0,0
1790595245.967832,3,-4,0,-1,26015,28131,26982,5775,546846,546847,546849,546850,0,0,0,0
1790595246.172664,2,-1,3,0,26001,28143,26995,5764,546876,546877,546879,546880,0,0,0,0
1790595246.1751165,1,4,4,0,25988,28158,27008,5752,546966,546967,546969,546970,0,0,0,0
1790595246.3776965,1,-1,4,-3,25988,28155,27005,5754,547026,547027,547029,547030,0,0,0,0
1790595246.3827782,1,3,-2,-5,25986,28148,26997,5745,547056,547057,547059,547060,0,0,0,0
1790595246.5608335,-1,3,-5,-3,25997,28138,26989,5759,547116,547117,547119,547120,0,0,0,0
1790595246.5608335,0,-5,0,1,26002,28148,26995,5759,547206,547207,547209,547210,0,0,0,0
1790595246.7583845,-1,-1,3,2,25994,28155,27000,5753,547236,547237,547239,547240,0,0,0,0
1790595246.7676558,1,-4,0,2,25974,28169,27026,5745,547296,547297,547299,547300,0,0,0,0
1790595246.7705827,-2,-6,4,0,25966,28179,27035,5735,547326,547327,547329,547330,0,0,0,0
1790595247.0025284,0,-1,-3,0,25969,28180,27035,5741,547476,547477,547479,547480,0,0,0,0
1790595247.1986284,0,0,-4,-8,25968,28182,27035,5739,547506,547507,547509,547510,0,0,0,0
1790595247.1996632,2,2,0,2,26003,28156,27008,5775,547596,547597,547599,547600,0,0,0,0
1790595247.3874962,0,4,-2,1,26008,28148,27000,5778,547626,547627,547629,547630,0,0,0,0
1790595247.3926322,-1,1,-1,4,25973,28176,27029,5743,547716,547717,547719,547720,0,0,0,0
1790595247.6129105,-1,2,1,2,25998,28149,27003,5765,547836,547837,547839,547840,0,0,0,0
1790595247.757967,0,3,5,-1,25984,28162,27017,5752,547866,547867,547869,547870,0,0,0,0
1790595247.7679415,-2,2,0,-1,25960,28192,27046,5728,547926,547927,547929,547930,0,0,0,0
1790595247.7719455,-1,3,-3,-8,25957,28196,27049,5725,547956,547957,547959,547960,0,0,0,0
1790595248.0076072,-2,3,2,-1,25959,28195,27048,5727,547986,547987,547989,547990,0,0,0,0
1790595248.0076072,1,0,-1,-1,25962,28191,27045,5730,548076,548077,548079,548080,0,0,0,0
1790595248.0197058,2,-5,4,0,25963,28196,27047,5730,548106,548107,548109,548110,0,0,0,0
1790595248.2225933,-4,2,0,-2,25957,28201,27053,5725,548196,548197,548199,548200,0,0,0,0
1790595248.2225933,-3,1,1,-3,25957,28202,27053,5727,548226,548227,548229,548230,0,0,0,0
1790595248.427713,0,5,0,1,25962,28193,27047,5732,548316,548317,548319,548320,0,0,0,0
1790595248.4329636,0,-4,5,-4,25962,28193,27045,5733,548346,548347,548349,548350,0,0,0,0
1790595248.637806,2,3,-1,0,25963,28189,27042,5736,548466,548467,548469,548470,0,0,0,0
1790595248.767794,-1,3,-7,-2,25962,28189,27043,5736,548496,548497,548499,548500,0,0,0,0
1790595248.7727146,3,0,-5,-1,25963,28187,27043,5736,548526,548527,548529,548530,0,0,0,0
1790595248.8427982,3,3,0,-1,25964,28185,27040,5737,548556,548557,548559,548560,0,0,0,0
1790595248.8475912,-3,0,-1,-4,25966,28186,27038,5738,548586,548587,548589,548590,0,0,0,0
1790595249.042706,-3,-2,-2,0,25979,28195,27046,5745,548676,548677,548679,548680,0,0,0,0
1790595249.048698,2,2,1,-2,25959,28181,27047,5739,548706,548707,548709,548710,0,0,0,0
1790595249.2176836,-1,-2,1,-1,25960,28194,27050,5733,548796,548797,548799,548800,0,0,0,0
1790595249.4478812,1,-1,5,0,25970,28189,27043,5740,548826,548827,548829,548830,0,0,0,0
1790595249.4478812,-4,-2,-4,-1,25977,28190,27039,5739,548886,548887,548889,548890,0,0,0,0
1790595249.4478812,-1,2,-2,-4,25975,28188,27038,5739,548916,548917,548919,548920,0,0,0,0
1790595249.4478812,3,3,0,0,25974,28187,27037,5741,548946,548947,548949,548950,0,0,0,0
1790595249.6524892,1,1,2,-3,25970,28192,27044,5739,549036,549037,549039,549040,0,0,0,0
1790595249.667661,0,3,1,-2,25969,28194,27045,5738,549066,549067,549069,549070,0,0,0,0
1790595249.7777941,-1,5,0,-1,25970,28194,27045,5739,549096,549097,549099,549100,0,0,0,0
1790595249.85829,-7,2,-1,2,25945,28208,27056,5705,549156,549157,549159,549160,0,0,0,0
1790595249.8709831,-3,-3,-2,0,25944,28232,27081,5705,549186,549187,549189,549190,0,0,0,0
1790595249.9077175,-5,3,-2,-4,25945,28234,27081,5708,549216,549217,549219,549220,0,0,0,0
1790595250.057468,-1,-1,-3,-1,25954,28229,27074,5715,549246,549247,549249,549250,0,0,0,0
1790595250.0726678,-1,-1,-3,-3,25966,28217,27063,5728,549306,549307,549309,549310,0,0,0,0
1790595250.267661,2,0,3,7,25968,28219,27064,5729,549396,549397,549399,549400,0,0,0,0
1790595250.2756627,-4,-2,-1,-1,25964,28223,27069,5726,549426,549427,549429,549430,0,0,0,0
1790595250.4735618,-4,-1,-3,-1,25965,28222,27067,5729,549516,549517,549519,549520,0,0,0,0
1790595250.5254505,-2,5,0,0,25965,28220,27066,5730,549546,549547,549549,549550,0,0,0,0
1790595250.5338688,4,0,1,-1,25966,28220,27065,5730,549576,549577,549579,549580,0,0,0,0
1790595250.677821,2,0,2,0,25959,28214,27065,5730,549636,549637,549639,549640,0,0,0,0
1790595250.677821,1,0,0,3,25960,28212,27067,5730,549666,549667,549669,549670,0,0,0,0
1790595250.682546,-1,-1,-3,-3,25958,28217,27073,5728,549696,549697,549699,549700,0,0,0,0
1790595250.778315,3,-3,-3,1,25960,28220,27072,5728,549726,549727,549729,549730,0,0,0,0
1790595250.792852,-1,1,5,0,25962,28215,27068,5728,549756,549757,549759,549760,0,0,0,0
1790595250.885085,-5,0,-2,3,25964,28216,27067,5730,549816,549817,549819,549820,0,0,0,0
1790595250.9677446,-4,-1,-2,2,25961,28218,27071,5727,549846,549847,549849,549850,0,0,0,0
1790595251.0876887,7,-2,-6,6,26001,28173,27030,5774,549876,549877,549879,549880,0,0,0,0
1790595251.0876887,46,-38,-22,32,26542,27684,26706,6296,549906,549907,549909,549910,0,0,0,0
1790595251.0912309,72,-76,-42,77,28154,26047,25592,7559,549936,549937,549939,549940,0,0,0,0
1790595251.153983,62,-52,-54,61,30055,24401,24039,9574,549966,549967,549969,549970,0,0,0,0
1790595251.2928376,79,-78,-67,63,31887,22581,21931,11577,549996,549997,549999,550000,0,0,0,0
1790595251.2928376,64,-60,-78,84,3287,18672,17721,15736,550056,550057,550059,550060,0,0,0,0
1790595251.358235,71,-57,-80,56,5319,16868,15898,17486,550086,550087,550089,550090,0,0,0,0
1790595251.4385366,50,-61,-56,57,6955,15244,14269,19135,550116,550117,550119,550120,0,0,0,0
1790595251.4549425,48,-45,-45,51,8352,13902,12764,20530,550146,550147,550149,550150,0,0,0,0
1790595251.5149188,45,-45,-40,42,9635,12550,11614,21805,550176,550177,550179,550180,0,0,0,0
1790595251.7022512,41,-55,-42,42,10734,11290,10379,23158,550206,550207,550209,550210,0,0,0,0
1790595251.7094297,59,-58,-46,61,13523,8166,7785,26329,550266,550267,550269,550270,0,0,0,0
1790595251.7094297,43,-83,-62,69,15001,6346,6204,28233,550296,550297,550299,550300,0,0,0,0
1790595251.7674954,59,-75,-56,77,16511,4313,4569,30250,550326,550327,550329,550330,0,0,0,0
1790595251.8578014,55,-65,-55,70,18171,2385,3013,32387,550356,550357,550359,550360,0,0,0,0
1790595251.8660467,50,-65,-49,75,19658,527,1511,1365,550386,550387,550389,550390,0,0,0,0
1790595252.112437,55,-52,-51,55,21054,31660,80,3043,550416,550417,550419,550420,0,0,0,0
1790595252.112437,61,-37,-74,35,27981,26817,25892,7844,550536,550537,550539,550540,0,0,0,0
1790595252.3176959,73,-49,-57,43,3613,22243,17330,12372,550656,550657,550659,550660,0,0,0,0
1790595252.3275292,70,-38,-78,43,5594,21042,15360,13703,550686,550687,550689,550690,0,0,0,0
1790595252.3888495,78,-43,-71,39,7434,19729,13625,14967,550716,550717,550719,550720,0,0,0,0
1790595252.5181942,49,-50,-54,46,9177,18419,11841,16372,550746,550747,550749,550750,0,0,0,0
1790595252.5181942,52,-58,-54,64,10603,16910,10309,17803,550776,550777,550779,550780,0,0,0,0
1790595252.5378757,58,-63,-58,52,12128,15426,8883,19325,550806,550807,550809,550810,0,0,0,0
1790595252.589386,53,-47,-62,51,13766,13871,7328,20887,550836,550837,550839,550840,0,0,0,0
1790595252.7176714,72,-66,-58,61,16819,10616,4058,24089,550896,550897,550899,550900,0,0,0,0
1790595252.7297814,50,-56,-66,46,18485,9047,2435,25701,550926,550927,550929,550930,0,0,0,0
1790595252.7934308,58,-60,-55,70,20028,7439,867,27335,550956,550957,550959,550960,0,0,0,0
1790595252.928237,47,-35,-45,41,22742,4654,30860,29995,551016,551017,551019,551020,0,0,0,0
1790595252.928237,33,-30,-36,25,23635,3661,29867,30927,551046,551047,551049,551050,0,0,0,0
1790595252.9978344,15,-23,-17,12,24285,3061,29217,31495,551076,551077,551079,551080,0,0,0,0
1790595253.0777183,17,-17,-18,12,24723,2620,28847,31899,551106,551107,551109,551110,0,0,0,0
1790595253.0908546,13,-9,-13,11,25108,2266,28508,32256,551136,551137,551139,551140,0,0,0,0
1790595253.3427184,11,-11,-15,9,25428,1943,28188,32552,551166,551167,551169,551170,0,0,0,0
1790595253.3477142,-2,1,-6,0,25996,1192,27523,366,551286,551287,551289,551290,0,0,0,0
1790595253.5433197,1,0,0,0,26043,1150,27479,403,551346,551347,551349,551350,0,0,0,0
1790595253.548027,2,4,1,-2,26037,1155,27487,394,551376,551377,551379,551380,0,0,0,0
1790595253.578292,-5,2,3,-2,26026,1169,27503,381,551406,551407,551409,551410,0,0,0,0
1790595253.7529724,0,-5,3,-5,26015,1183,27518,369,551436,551437,551439,551440,0,0,0,0
1790595253.7529724,2,-4,2,0,26005,1188,27523,361,551496,551497,551499,551500,0,0,0,0
1790595253.7983732,1,1,-3,-3,26007,1187,27523,363,551526,551527,551529,551530,0,0,0,0
1790595253.8096735,0,5,-3,-2,26007,1185,27522,363,551586,551587,551589,551590,0,0,0,0
1790595253.9525554,0,5,-3,-2,26007,1185,27522,363,551586,551587,551589,551590,0,0,0,0
1790595254.0031278,-2,1,-5,-6,26008,1186,27524,361,551676,551677,551679,551680,0,0,0,0
1790595254.15779,-1,3,4,-9,26007,1187,27524,361,551706,551707,551709,551710,0,0,0,0
1790595254.1630952,0,-4,0,-2,26011,1190,27523,363,551766,551767,551769,551770,0,0,0,0
1790595254.2856576,7,-2,0,-5,26008,1186,27524,361,551796,551797,551799,551800,0,0,0,0
1790595254.2951024,1,2,-2,1,26005,1186,27525,360,551856,551857,551859,551860,0,0,0,0
1790595254.372879,-3,1,-3,2,26007,1185,27524,360,551886,551887,551889,551890,0,0,0,0
1790595254.5700197,1,-5,-2,-1,26009,1182,27521,363,551916,551917,551919,551920,0,0,0,0
1790595254.5700197,1,1,0,1,26023,1173,27510,374,552006,552007,552009,552010,0,0,0,0
1790595254.737639,-1,-4,-1,-2,26023,1173,27510,375,552036,552037,552039,552040,0,0,0,0
1790595254.737639,-1,2,-1,-4,26022,1175,27512,373,552066,552067,552069,552070,0,0,0,0
1790595254.7436864,-1,0,0,0,26026,1171,27507,380,552126,552127,552129,552130,0,0,0,0
1790595254.8132195,-2,2,-2,-5,26030,1166,27503,388,552156,552157,552159,552160,0,0,0,0
1790595254.9797385,1,-3,-5,-5,26066,1156,27498,377,552186,552187,552189,552190,0,0,0,0
1790595254.9797385,2,1,-4,7,26086,1122,27458,392,552246,552247,552249,552250,0,0,0,0
1790595255.183123,1,-1,-2,2,26088,1129,27465,389,552276,552277,552279,552280,0,0,0,0
1790595255.188263,-3,3,-2,-3,26064,1145,27489,369,552336,552337,552339,552340,0,0,0,0
1790595255.188263,1,1,1,-4,26056,1152,27496,361,552366,552367,552369,552370,0,0,0,0
1790595255.3875701,-4,-2,-1,-3,26051,1157,27502,356,552396,552397,552399,552400,0,0,0,0
1790595255.3924835,2,-1,1,2,26050,1134,27466,345,552486,552487,552489,552490,0,0,0,0
1790595255.5674963,-3,0,-5,-22,26071,1133,27466,371,552516,552517,552519,552520,0,0,0,0
1790595255.5674963,2,-1,-1,2,26074,1124,27457,377,552606,552607,552609,552610,0,0,0,0
1790595255.7979505,-1,-4,8,-2,26071,1134,27469,369,552696,552697,552699,552700,0,0,0,0
1790595255.8118777,0,6,-2,4,26058,1144,27484,360,552756,552757,552759,552760,0,0,0,0
1790595256.0075817,5,5,5,-4,26058,1141,27482,362,552846,552847,552849,552850,0,0,0,0
1790595256.0126343,2,3,-4,2,26060,1141,27481,363,552876,552877,552879,552880,0,0,0,0
1790595256.2075274,1,2,-7,2,26085,1103,27444,406,552996,552997,552999,553000,0,0,0,0
1790595256.3879628,1,-5,-2,2,26094,1096,27431,406,553026,553027,553029,553030,0,0,0,0
1790595256.393384,-2,4,-4,1,26096,1109,27443,398,553116,553117,553119,553120,0,0,0,0
1790595256.5376115,-1,2,-7,-6,26089,1112,27446,390,553146,553147,553149,553150,0,0,0,0
1790595256.54275,0,2,-1,0,26085,1097,27426,393,553176,553177,553179,553180,0,0,0,0
1790595256.5476928,-2,1,2,-2,26113,1087,27412,413,553206,553207,553209,553210,0,0,0,0
1790595256.6076171,1,0,-1,1,26115,1086,27413,417,553236,553237,553239,553240,0,0,0,0
1790595256.833808,-2,0,-1,0,26106,1094,27425,408,553266,553267,553269,553270,0,0,0,0
1790595256.833808,-4,1,-6,-3,26095,1102,27436,396,553296,553297,553299,553300,0,0,0,0
1790595256.833808,-2,-3,3,-2,26086,1107,27443,388,553326,553327,553329,553330,0,0,0,0
1790595256.8377593,2,0,1,2,26080,1110,27447,383,553356,553357,553359,553360,0,0,0,0
1790595257.0278518,-6,-2,-4,0,26080,1112,27449,384,553386,553387,553389,553390,0,0,0,0
1790595257.0278518,0,-6,-7,-2,26081,1111,27448,387,553416,553417,553419,553420,0,0,0,0
1790595257.0278518,-3,3,5,0,26085,1107,27443,390,553446,553447,553449,553450,0,0,0,0
1790595257.228349,-5,5,-3,-1,26089,1107,27441,392,553506,553507,553509,553510,0,0,0,0
1790595257.228349,-2,-1,-1,0,26092,1103,27437,395,553596,553597,553599,553600,0,0,0,0
1790595257.439296,-7,4,-1,-2,26107,1092,27422,410,553716,553717,553719,553720,0,0,0,0
1790595257.6425889,-3,-1,-1,2,26101,1094,27427,405,553776,553777,553779,553780,0,0,0,0
1790595257.6425889,0,4,-2,0,26103,1095,27425,406,553836,553837,553839,553840,0,0,0,0
1790595257.6477745,-2,3,2,0,26105,1093,27423,409,553866,553867,553869,553870,0,0,0,0
1790595257.8208196,2,-3,1,0,26111,1088,27418,415,553956,553957,553959,553960,0,0,0,0
1790595257.8339994,-2,-4,3,-5,26110,1088,27417,415,553986,553987,553989,553990,0,0,0,0
1790595258.0527413,4,1,1,-1,26113,1087,27416,417,554016,554017,554019,554020,0,0,0,0
1790595258.0527413,-2,-4,0,-3,26133,1098,27420,429,554076,554077,554079,554080,0,0,0,0
1790595258.0527413,3,-3,-2,-4,26117,1079,27414,434,554106,554107,554109,554110,0,0,0,0
1790595258.2476368,-3,-3,3,1,26125,1082,27408,430,554166,554167,554169,554170,0,0,0,0
1790595258.2476368,1,-2,1,-4,26123,1090,27415,423,554226,554227,554229,554230,0,0,0,0
1790595258.4627004,-1,-2,-1,4,26122,1090,27415,423,554256,554257,554259,554260,0,0,0,0
1790595258.467601,-1,-2,-1,-4,26134,1079,27400,434,554346,554347,554349,554350,0,0,0,0
1790595258.6676087,-2,-2,-7,0,26137,1075,27397,438,554376,554377,554379,554380,0,0,0,0
1790595258.6679404,5,1,-3,0,26142,1075,27395,442,554436,554437,554439,554440,0,0,0,0
1790595258.6779783,-2,10,-6,2,26141,1076,27396,441,554466,554467,554469,554470,0,0,0,0
1790595258.8277345,-2,4,5,3,26138,1076,27398,439,554496,554497,554499,554500,0,0,0,0
1790595258.8277345,-4,2,-1,-4,26115,1068,27401,417,554556,554557,554559,554560,0,0,0,0
1790595258.877664,1,3,4,-1,26091,1098,27444,402,554586,554587,554589,554590,0,0,0,0
1790595258.9576843,-1,-8,0,6,26093,1103,27437,397,554646,554647,554649,554650,0,0,0,0
1790595259.0776181,-3,-2,-3,-1,26121,1094,27417,421,554706,554707,554709,554710,0,0,0,0
1790595259.1677656,-4,-6,-2,2,26134,1081,27405,435,554766,554767,554769,554770,0,0,0,0
1790595259.2775736,-4,0,2,-2,26134,1081,27404,436,554796,554797,554799,554800,0,0,0,0
1790595259.2775736,-2,3,7,0,26132,1081,27404,435,554826,554827,554829,554830,0,0,0,0
1790595259.4867306,0,-3,-4,-1,26133,1080,27404,435,554856,554857,554859,554860,0,0,0,0
1790595259.4877877,1,-5,-1,-3,26135,1074,27396,438,554916,554917,554919,554920,0,0,0,0
1790595259.4887996,-2,0,0,-1,26137,1072,27394,438,554976,554977,554979,554980,0,0,0,0
1790595259.5715237,1,0,0,-2,26134,1074,27396,436,555006,555007,555009,555010,0,0,0,0
1790595259.573034,3,-1,3,-6,26133,1076,27400,433,555036,555037,555039,555040,0,0,0,0
1790595259.6875844,-6,1,-2,-2,26126,1071,27402,436,555096,555097,555099,555100,0,0,0,0
1790595259.798995,-1,0,2,1,26132,1079,27403,432,555156,555157,555159,555160,0,0,0,0
1790595259.8379045,-2,0,2,0,26132,1081,27404,432,555186,555187,555189,555190,0,0,0,0
1790595259.8969555,0,1,0,-1,26131,1079,27404,432,555216,555217,555219,555220,0,0,0,0
1790595260.0976577,4,-8,-5,4,26174,1037,27363,476,555246,555247,555249,555250,0,0,0,0
1790595260.0976577,62,-67,-81,43,28121,31548,25748,2159,555306,555307,555309,555310,0,0,0,0
1790595260.1182084,64,-68,-76,73,29970,29661,23869,3730,555336,555337,555339,555340,0,0,0,0
1790595260.1383672,67,-72,-62,66,31708,27850,21874,5622,555366,555367,555369,555370,0,0,0,0
1790595260.18758,70,-76,-73,69,991,25787,19744,7797,555396,555397,555399,555400,0,0,0,0
1790595260.2707317,62,-58,-84,54,4840,21984,15789,11666,555456,555457,555459,555460,0,0,0,0
1790595260.507616,56,-55,-53,67,6500,20377,14201,13350,555486,555487,555489,555490,0,0,0,0
1790595260.507616,41,-51,-32,46,9200,17663,11575,15995,555546,555547,555549,555550,0,0,0,0
1790595260.5780442,58,-49,-56,41,11757,15025,8932,18590,555606,555607,555609,555610,0,0,0,0
1790595260.583154,66,-63,-63,73,13323,13443,7359,20160,555636,555637,555639,555640,0,0,0,0
1790595260.7224267,64,-64,-61,57,15007,11761,5620,21967,555666,555667,555669,555670,0,0,0,0
1790595260.7282178,77,-60,-63,71,16680,9957,3748,23801,555696,555697,555699,555700,0,0,0,0
1790595260.7359245,55,-59,-62,57,18548,8209,1967,25615,555726,555727,555729,555730,0,0,0,0
1790595260.8547385,56,-67,-66,68,20256,6543,354,27258,555756,555757,555759,555760,0,0,0,0
1790595260.8575706,59,-59,-45,50,21811,4962,31552,28874,555786,555787,555789,555790,0,0,0,0
1790595260.928926,42,-56,-53,50,23251,3489,30122,30258,555816,555817,555819,555820,0,0,0,0
1790595260.9368615,52,-48,-56,45,24641,2163,28703,31684,555846,555847,555849,555850,0,0,0,0
1790595260.9975817,57,-53,-56,60,26044,713,27173,413,555876,555877,555879,555880,0,0,0,0
1790595261.0877082,61,-68,-56,44,27650,31897,25741,2012,555906,555907,555909,555910,0,0,0,0
1790595261.094904,47,-52,-59,56,29171,30360,24178,3532,555936,555937,555939,555940,0,0,0,0
1790595261.1577983,65,-63,-66,66,30823,28750,22467,5192,555966,555967,555969,555970,0,0,0,0
1790595261.3284037,61,-65,-45,44,3018,23708,17455,10199,556056,556057,556059,556060,0,0,0,0
1790595261.3375285,44,-60,-59,48,4613,22187,16001,11739,556086,556087,556089,556090,0,0,0,0
1790595261.402637,113,-50,-58,64,6098,20813,14470,13225,556116,556117,556119,556120,0,0,0,0
1790595261.488377,57,-52,-57,58,7628,19291,12858,14744,556146,556147,556149,556150,0,0,0,0
1790595261.4977942,53,-57,-44,54,9176,17660,11441,16260,556176,556177,556179,556180,0,0,0,0
1790595261.5382316,50,-47,-46,59,10587,16250,9909,17736,556206,556207,556209,556210,0,0,0,0
1790595261.6477711,56,-55,-55,56,12127,14708,8395,19280,556236,556237,556239,556240,0,0,0,0
1790595261.6577084,57,-59,-46,39,13597,13308,7000,20779,556266,556267,556269,556270,0,0,0,0
1790595261.7080047,42,-38,-36,32,14787,12106,5740,21954,556296,556297,556299,556300,0,0,0,0
1790595261.867754,32,-34,-32,36,15788,11132,4758,22958,556326,556327,556329,556330,0,0,0,0
1790595261.867754,22,-20,-26,29,16491,10350,4037,23628,556356,556357,556359,556360,0,0,0,0
1790595261.8778539,20,-20,-17,21,17178,9790,3475,24228,556386,556387,556389,556390,0,0,0,0
1790595261.9279957,22,-16,-24,23,17722,9208,2925,24730,556416,556417,556419,556420,0,0,0,0
1790595262.148798,22,-31,-28,30,18414,8468,2209,25515,556446,556447,556449,556450,0,0,0,0
1790595262.148798,29,-33,-26,31,20792,6054,32571,27950,556536,556537,556539,556540,0,0,0,0
1790595262.218409,24,-26,-22,20,21502,5412,31809,28719,556566,556567,556569,556570,0,0,0,0
1790595262.3574955,12,-15,-10,7,23002,3975,30459,30100,556656,556657,556659,556660,0,0,0,0
1790595262.558018,7,-8,-10,3,23239,3703,30219,30296,556686,556687,556689,556690,0,0,0,0
1790595262.5631282,-2,-1,1,-1,23522,3373,29890,30581,556776,556777,556779,556780,0,0,0,0
1790595262.5778408,1,0,-1,-1,23543,3353,29870,30597,556806,556807,556809,556810,0,0,0,0
1790595262.727976,-1,0,-5,4,23486,3408,29940,30524,556896,556897,556899,556900,0,0,0,0
1790595262.7778943,-5,8,1,1,23462,3430,29967,30496,556926,556927,556929,556930,0,0,0,0
1790595262.8717353,-2,0,-1,-2,23442,3450,29989,30473,556956,556957,556959,556960,0,0,0,0
1790595262.8727412,0,-3,-2,4,23426,3466,30008,30456,556986,556987,556989,556990,0,0,0,0
1790595262.9679224,1,0,3,3,23409,3484,30029,30434,557046,557047,557049,557050,0,0,0,0
1790595262.9679224,-2,-1,0,0,23405,3489,30032,30430,557076,557077,557079,557080,0,0,0,0
1790595263.1588478,5,1,-2,-2,23407,3485,30029,30432,557166,557167,557169,557170,0,0,0,0
1790595263.1777413,-1,3,-1,-2,23406,3486,30030,30431,557196,557197,557199,557200,0,0,0,0
1790595263.3676805,3,0,0,5,23399,3489,30035,30424,557286,557287,557289,557290,0,0,0,0
1790595263.4776196,0,-5,2,-1,23400,3487,30033,30424,557316,557317,557319,557320,0,0,0,0
1790595263.4776196,-1,3,1,-5,23400,3489,30034,30423,557346,557347,557349,557350,0,0,0,0
1790595263.5782845,1,-1,2,-3,23399,3492,30038,30423,557436,557437,557439,557440,0,0,0,0
1790595263.753056,-3,1,-1,2,23400,3489,30035,30424,557466,557467,557469,557470,0,0,0,0
1790595263.753572,4,-4,-1,-6,23403,3487,30033,30426,557496,557497,557499,557500,0,0,0,0
1790595263.757434,-1,10,-3,3,23403,3487,30033,30426,557526,557527,557529,557530,0,0,0,0
1790595263.777773,-4,1,0,2,23402,3488,30035,30424,557556,557557,557559,557560,0,0,0,0
1790595263.8745244,0,1,-2,2,23419,3493,30034,30444,557586,557587,557589,557590,0,0,0,0
1790595263.8777068,-2,-1,-6,2,23421,3461,30007,30455,557616,557617,557619,557620,0,0,0,0
1790595264.1973772,1,-5,17,0,23424,3460,30009,30452,557646,557647,557649,557650,0,0,0,0
1790595264.2010152,0,-5,2,-5,23381,3509,30061,30401,557796,557797,557799,557800,0,0,0,0
1790595264.397581,-2,-2,-1,0,23374,3517,30070,30391,557826,557827,557829,557830,0,0,0,0
1790595264.4027164,-2,-3,0,-5,23353,3529,30074,30359,557916,557917,557919,557920,0,0,0,0
1790595264.5827124,-1,2,0,2,23352,3525,30066,30355,557946,557947,557949,557950,0,0,0,0
1790595264.5876505,0,0,-2,3,23354,3517,30059,30358,558006,558007,558009,558010,0,0,0,0
1790595264.5975523,2,-3,-3,-2,23356,3516,30057,30359,558036,558037,558039,558040,0,0,0,0
1790595264.8080285,0,-3,-1,-3,23353,3533,30075,30352,558126,558127,558129,558130,0,0,0,0
1790595264.8080285,-3,-4,4,-3,23346,3533,30079,30348,558156,558157,558159,558160,0,0,0,0
1790595264.8879244,-3,-1,-1,-3,23344,3530,30075,30347,558186,558187,558189,558190,0,0,0,0
1790595265.0137184,-3,-3,-1,-3,23354,3524,30068,30356,558246,558247,558249,558250,0,0,0,0
1790595265.0176868,-1,-3,3,-2,23353,3523,30068,30355,558276,558277,558279,558280,0,0,0,0
1790595265.2182555,-2,-4,-24,2,23349,3527,30071,30350,558306,558307,558309,558310,0,0,0,0
1790595265.2182555,2,2,3,-8,23345,3529,30071,30343,558366,558367,558369,558370,0,0,0,0
1790595265.4227505,-3,-2,0,1,23374,3509,30049,30373,558486,558487,558489,558490,0,0,0,0
1790595265.627803,-6,-5,-5,-3,23366,3518,30059,30365,558516,558517,558519,558520,0,0,0,0
1790595265.627803,3,-4,-2,-2,23363,3522,30063,30362,558546,558547,558549,558550,0,0,0,0
1790595265.627803,1,3,3,-8,23392,3485,30025,30399,558636,558637,558639,558640,0,0,0,0
1790595265.6577234,4,-2,0,3,23388,3490,30028,30390,558666,558667,558669,558670,0,0,0,0
1790595265.828049,-1,1,-1,-3,23375,3499,30039,30377,558696,558697,558699,558700,0,0,0,0
1790595265.8325732,-1,0,0,-2,23361,3516,30058,30360,558756,558757,558759,558760,0,0,0,0
1790595265.8984115,-3,0,0,1,23360,3518,30058,30360,558786,558787,558789,558790,0,0,0,0
1790595265.9176965,4,-3,-5,-4,23361,3515,30057,30363,558816,558817,558819,558820,0,0,0,0
1790595266.037979,0,0,-1,-4,23364,3513,30054,30365,558846,558847,558849,558850,0,0,0,0
1790595266.2381592,-1,3,-3,-3,23364,3515,30056,30364,558906,558907,558909,558910,0,0,0,0
1790595266.2381592,-2,0,-1,5,23363,3518,30059,30363,558996,558997,558999,559000,0,0,0,0
1790595266.2475307,1,-2,4,-1,23364,3516,30057,30365,559026,559027,559029,559030,0,0,0,0
1790595266.4482784,-8,4,1,-1,23365,3516,30056,30365,559056,559057,559059,559060,0,0,0,0
1790595266.4482784,-5,-3,0,0,23368,3515,30056,30368,559146,559147,559149,559150,0,0,0,0
1790595266.6482904,2,-5,-3,3,23370,3515,30054,30368,559176,559177,559179,559180,0,0,0,0
1790595266.6482904,3,-4,0,-5,23371,3513,30053,30371,559236,559237,559239,559240,0,0,0,0
1790595266.657593,8,5,0,-5,23374,3513,30051,30373,559266,559267,559269,559270,0,0,0,0
1790595266.8577137,-2,1,-1,0,23374,3512,30051,30374,559296,559297,559299,559300,0,0,0,0
1790595266.8627765,-5,1,4,8,23373,3510,30050,30374,559386,559387,559389,559390,0,0,0,0
1790595266.913054,-1,1,0,-2,23375,3508,30047,30375,559416,559417,559419,559420,0,0,0,0
1790595267.062816,14,0,-4,-6,23378,3505,30045,30377,559446,559447,559449,559450,0,0,0,0
1790595267.062816,-2,0,1,1,23390,3517,30053,30389,559476,559477,559479,559480,0,0,0,0
1790595267.069537,-3,-4,3,0,23388,3518,30045,30375,559506,559507,559509,559510,0,0,0,0
1790595267.23748,0,1,-6,-3,23368,3526,30063,30363,559626,559627,559629,559630,0,0,0,0
1790595267.474375,-2,-1,-7,-2,23366,3519,30058,30366,559716,559717,559719,559720,0,0,0,0
1790595267.677799,5,1,1,2,23377,3513,30050,30376,559776,559777,559779,559780,0,0,0,0
1790595267.683133,0,0,-3,3,23371,3520,30058,30370,559836,559837,559839,559840,0,0,0,0
1790595267.6979105,2,-2,0,-2,23368,3523,30060,30366,559866,559867,559869,559870,0,0,0,0
1790595267.8807418,3,-1,0,-1,23367,3525,30062,30366,559896,559897,559899,559900,0,0,0,0
1790595267.8807418,-1,-2,-3,-1,23365,3525,30063,30364,559926,559927,559929,559930,0,0,0,0
1790595267.8878098,4,1,-1,-2,23335,3563,30109,30332,559986,559987,559989,559990,0,0,0,0
1790595267.9226553,3,4,0,3,23332,3561,30105,30329,560016,560017,560019,560020,0,0,0,0
1790595268.018327,-1,-9,-1,-3,23334,3557,30101,30333,560046,560047,560049,560050,0,0,0,0
1790595268.018327,-2,-1,-2,5,23340,3548,30092,30339,560076,560077,560079,560080,0,0,0,0
1790595268.0986478,-2,2,6,-1,23347,3542,30086,30345,560106,560107,560109,560110,0,0,0,0
1790595268.2277582,-2,-5,-2,1,23345,3544,30088,30343,560196,560197,560199,560200,0,0,0,0
1790595268.3376274,3,2,3,-2,23344,3545,30089,30341,560226,560227,560229,560230,0,0,0,0
1790595268.3878407,1,-2,-4,-1,23342,3541,30080,30326,560256,560257,560259,560260,0,0,0,0
1790595268.3975194,-30,-23,-28,-34,22846,2994,29399,29713,560286,560287,560289,560290,0,0,0,0
1790595268.458259,-20,-31,-26,-27,21481,1780,28100,28419,560346,560347,560349,560350,0,0,0,0
1790595268.4974492,-23,-27,-32,-31,20891,1079,27334,27587,560376,560377,560379,560380,0,0,0,0
1790595268.5174792,-27,-30,-25,-21,20190,396,26541,26754,560406,560407,560409,560410,0,0,0,0
1790595268.5776868,-33,-28,-24,-29,19458,32472,25822,26141,560436,560437,560439,560440,0,0,0,0
1790595268.672564,-26,-30,-25,-28,18662,31588,25209,25496,560466,560467,560469,560470,0,0,0,0
1790595268.6777413,-30,-28,-26,-31,17836,30815,24460,24530,560496,560497,560499,560500,0,0,0,0
1790595268.7385466,-35,-30,-25,-33,16990,30021,23689,23863,560526,560527,560529,560530,0,0,0,0
1790595268.7974677,-32,-26,-36,-25,16197,29228,22828,23154,560556,560557,560559,560560,0,0,0,0
1790595268.915526,-29,-35,-29,-26,15427,28447,21987,22239,560586,560587,560589,560590,0,0,0,0
1790595268.9175391,-26,-30,-33,-35,14766,27728,21142,21489,560616,560617,560619,560620,0,0,0,0
1790595268.9374807,-26,-32,-32,-34,14028,26938,20217,20662,560646,560647,560649,560650,0,0,0,0
1790595269.0178652,-34,-44,-26,-20,13158,26176,19476,19715,560676,560677,560679,560680,0,0,0,0
1790595269.06784,-36,-29,-28,-31,12326,25273,18731,18908,560706,560707,560709,560710,0,0,0,0
1790595269.1097908,-27,-23,-35,-29,11479,24457,17907,18205,560736,560737,560739,560740,0,0,0,0
1790595269.1774044,-28,-33,-26,-28,10577,23607,17210,17430,560766,560767,560769,560770,0,0,0,0
1790595269.2292507,-34,-34,-31,-28,9795,22784,16494,16582,560796,560797,560799,560800,0,0,0,0
1790595269.2391458,-35,-29,-39,-33,8993,21912,15586,15877,560826,560827,560829,560830,0,0,0,0
1790595269.2978268,-29,-25,-25,-24,8150,21147,14736,15064,560856,560857,560859,560860,0,0,0,0
1790595269.4082959,-31,-38,-32,-36,7391,20361,13950,14172,560886,560887,560889,560890,0,0,0,0
1790595269.4187813,-31,-31,-32,-32,6624,19514,12985,13324,560916,560917,560919,560920,0,0,0,0
1790595269.4576945,-26,-24,-33,-25,5814,18762,12182,12545,560946,560947,560949,560950,0,0,0,0
1790595269.5305634,-39,-54,-35,-32,4213,17055,10536,10844,561006,561007,561009,561010,0,0,0,0
1790595269.5977228,-29,-26,-28,-30,3319,16354,9806,10098,561036,561037,561039,561040,0,0,0,0
1790595269.6590214,-27,-38,-33,-26,2483,15571,9035,9259,561066,561067,561069,561070,0,0,0,0
1790595269.717584,-36,-32,-26,-33,1665,14635,8189,8373,561096,561097,561099,561100,0,0,0,0
1790595269.7897158,-32,-34,-27,-24,41,12953,6533,6924,561156,561157,561159,561160,0,0,0,0
1790595269.89746,-28,-25,-25,-37,32017,12143,5693,5995,561186,561187,561189,561190,0,0,0,0
1790595269.9182134,-21,-30,-38,-35,31377,11626,4831,5172,561216,561217,561219,561220,0,0,0,0
1790595269.9577725,-23,-31,-31,-22,30772,11001,4010,4333,561246,561247,561249,561250,0,0,0,0
1790595270.0181355,-25,-19,-21,-25,30096,10200,3339,3588,561276,561277,561279,561280,0,0,0,0
1790595270.0679035,-19,-19,-11,-13,29490,9551,2909,3194,561306,561307,561309,561310,0,0,0,0
1790595270.1826277,-21,-21,-20,-19,28991,9023,2509,2806,561336,561337,561339,561340,0,0,0,0
1790595270.1979654,-23,-20,-15,-13,28327,8336,2058,2339,561366,561367,561369,561370,0,0,0,0
1790595270.2379677,-17,-13,-16,-18,27839,7836,1642,1974,561396,561397,561399,561400,0,0,0,0
1790595270.2575824,-20,-18,-17,-21,27362,7392,1189,1496,561426,561427,561429,561430,0,0,0,0
1790595270.3379698,-17,-8,-16,-16,26868,6953,797,927,561456,561457,561459,561460,0,0,0,0
1790595270.357965,-11,-9,-16,-18,26531,6642,384,500,561486,561487,561489,561490,0,0,0,0
1790595270.4376855,-13,-14,-27,-15,26295,6338,32684,54,561516,561517,561519,561520,0,0,0,0
1790595270.4884024,-13,-14,-13,-13,26050,5974,32201,32447,561546,561547,561549,561550,0,0,0,0
1790595270.5421665,-7,-6,-11,-11,25788,5669,31783,32129,561576,561577,561579,561580,0,0,0,0
1790595270.5586498,-9,-4,-7,-4,25599,5481,31620,31981,561606,561607,561609,561610,0,0,0,0
1790595270.6874812,-16,-16,1,-1,25298,5201,31531,31816,561636,561637,561639,561640,0,0,0,0
1790595270.692855,-13,-15,-2,-10,24795,4858,31450,31636,561666,561667,561669,561670,0,0,0,0
1790595270.7476163,-10,-10,-6,-7,24460,4615,31375,31480,561696,561697,561699,561700,0,0,0,0
1790595270.8179219,-6,-5,-9,-8,24217,4428,31227,31303,561726,561727,561729,561730,0,0,0,0
1790595270.8782902,-4,-9,0,-12,24018,4233,30962,31061,561756,561757,561759,561760,0,0,0,0
1790595270.8928354,0,-10,-15,-5,23859,3904,30330,30504,561816,561817,561819,561820,0,0,0,0
1790595270.9577034,-3,-6,-14,-6,23791,3682,29998,30278,561846,561847,561849,561850,0,0,0,0
1790595271.0177174,-2,-1,-10,-6,23715,3508,29688,30085,561876,561877,561879,561880,0,0,0,0
1790595271.0678687,-7,-2,-21,-5,23551,3346,29465,29899,561906,561907,561909,561910,0,0,0,0
1790595271.1577492,-6,13,-2,-7,23317,3169,29341,29697,561936,561937,561939,561940,0,0,0,0
1790595271.3613899,0,1,3,-1,22943,3016,29332,29492,561996,561997,561999,562000,0,0,0,0
1790595271.3677914,-4,-3,2,-1,22937,3057,29349,29477,562086,562087,562089,562090,0,0,0,0
1790595271.4777954,-3,0,-1,1,22950,3050,29337,29489,562116,562117,562119,562120,0,0,0,0
1790595271.4777954,-5,2,-1,-1,22970,3031,29319,29508,562176,562177,562179,562180,0,0,0,0
1790595271.5786717,0,2,-1,-2,22978,3029,29319,29524,562206,562207,562209,562210,0,0,0,0
1790595271.7689776,-1,-4,-2,3,22999,3044,29322,29530,562236,562237,562239,562240,0,0,0,0
1790595271.777874,1,3,-3,-3,22997,3033,29313,29530,562266,562267,562269,562270,0,0,0,0
1790595271.947514,4,-1,0,-1,23007,3021,29303,29540,562386,562387,562389,562390,0,0,0,0
1790595271.947514,-2,-1,3,1,23008,3019,29302,29541,562416,562417,562419,562420,0,0,0,0
1790595271.9576552,-2,3,5,-1,23007,3015,29300,29540,562446,562447,562449,562450,0,0,0,0
1790595272.179431,-1,-2,-2,-5,22978,3067,29339,29492,562536,562537,562539,562540,0,0,0,0
1790595272.1877966,-5,-2,-6,-4,22971,3065,29338,29489,562566,562567,562569,562570,0,0,0,0
1790595272.2895,-3,-1,0,2,22976,3060,29333,29498,562596,562597,562599,562600,0,0,0,0
1790595272.2974753,0,-1,1,0,22984,3051,29324,29507,562626,562627,562629,562630,0,0,0,0
1790595272.3873897,-2,3,0,-1,22991,3045,29319,29514,562656,562657,562659,562660,0,0,0,0
1790595272.4010518,4,-1,1,-5,22995,3040,29315,29518,562686,562687,562689,562690,0,0,0,0
1790595272.45259,-1,-5,0,-5,22996,3039,29315,29520,562716,562717,562719,562720,0,0,0,0
1790595272.45959,1,-1,-1,1,22995,3042,29317,29517,562746,562747,562749,562750,0,0,0,0
1790595272.554087,21,-38,-21,28,23349,2485,28965,29993,562806,562807,562809,562810,0,0,0,0
1790595272.797634,76,-58,-69,56,24968,828,27579,31255,562836,562837,562839,562840,0,0,0,0
1790595272.797634,78,-71,-75,71,30605,27892,21821,4266,562926,562927,562929,562930,0,0,0,0
1790595272.9483843,72,-71,-64,54,1892,23918,17839,8162,562986,562987,562989,562990,0,0,0,0
1790595272.9530714,58,-50,-58,64,3477,22373,16351,9794,563016,563017,563019,563020,0,0,0,0
1790595272.958351,47,-40,-42,52,4917,21053,14932,11173,563046,563047,563049,563050,0,0,0,0
1790595273.0182304,46,-44,-42,44,6118,19849,13756,12363,563076,563077,563079,563080,0,0,0,0
1790595273.1077564,54,-45,-45,42,7427,18661,12467,13702,563106,563107,563109,563110,0,0,0,0
1790595273.1077564,53,-71,-55,64,10378,15721,9580,16776,563166,563167,563169,563170,0,0,0,0
1790595273.4078248,57,-56,-52,49,18995,7388,1172,25562,563316,563317,563319,563320,0,0,0,0
1790595273.41794,55,-55,-47,53,20517,5889,32531,26936,563346,563347,563349,563350,0,0,0,0
1790595273.6178076,63,-65,-62,55,24901,1672,28252,31432,563436,563437,563439,563440,0,0,0,0
1790595273.8213668,67,-58,-54,68,26490,102,26648,244,563466,563467,563469,563470,0,0,0,0
1790595273.8232062,56,-57,-58,59,31536,27911,21665,5428,563556,563557,563559,563560,0,0,0,0
1790595273.83811,61,-56,-58,65,416,26327,20008,7070,563586,563587,563589,563590,0,0,0,0
1790595273.8877687,61,-56,-52,66,2003,24803,18598,8603,563616,563617,563619,563620,0,0,0,0
1790595273.965303,52,-44,-50,53,3479,23314,17080,10143,563646,563647,563649,563650,0,0,0,0
1790595273.9775376,53,-48,-68,52,4971,21884,15557,11611,563676,563677,563679,563680,0,0,0,0
1790595274.0383315,55,-60,-50,71,6544,20422,14123,13163,563706,563707,563709,563710,0,0,0,0
1790595274.2278814,51,-49,-65,61,8040,18884,12525,14747,563736,563737,563739,563740,0,0,0,0
1790595274.2278814,52,-52,-66,46,9633,17322,11041,16319,563766,563767,563769,563770,0,0,0,0
1790595274.2325673,68,-56,-52,66,11148,15911,9454,17839,563796,563797,563799,563800,0,0,0,0
1790595274.2378826,52,-60,-48,61,12660,14315,7945,19375,563826,563827,563829,563830,0,0,0,0
1790595274.4331038,57,-54,-53,61,15666,11381,4967,22403,563886,563887,563889,563890,0,0,0,0
1790595274.4378438,56,-52,-64,55,17040,9994,3606,23851,563916,563917,563919,563920,0,0,0,0
1790595274.6376529,42,-34,-35,42,19470,7661,1194,26164,563976,563977,563979,563980,0,0,0,0
1790595274.6428468,48,-37,-42,48,21618,5417,31797,28321,564036,564037,564039,564040,0,0,0,0
1790595274.6577275,48,-49,-45,43,22867,4256,30615,29509,564066,564067,564069,564070,0,0,0,0
1790595274.71826,47,-51,-42,55,24132,2969,29214,30917,564096,564097,564099,564100,0,0,0,0
1790595274.842771,30,-54,-42,47,25477,1706,27933,32267,564126,564127,564129,564130,0,0,0,0
1790595274.842771,38,-29,-27,32,26574,573,26777,543,564156,564157,564159,564160,0,0,0,0
1790595274.8575757,11,-11,-25,17,27297,161,26261,1051,564186,564187,564189,564190,0,0,0,0
1790595274.9576201,0,14,4,-6,27762,171,26072,1306,564246,564247,564249,564250,0,0,0,0
1790595275.047836,-7,5,14,-9,27506,695,26497,915,564306,564307,564309,564310,0,0,0,0
1790595275.2181056,-3,0,2,-6,27118,915,26782,603,564366,564367,564369,564370,0,0,0,0
1790595275.2181056,-1,2,6,-8,26999,982,26877,493,564396,564397,564399,564400,0,0,0,0
1790595275.4577844,-1,3,1,-6,26922,1041,26939,419,564426,564427,564429,564430,0,0,0,0
1790595275.4614427,1,0,1,-5,26861,1081,26975,360,564486,564487,564489,564490,0,0,0,0
1790595275.4614427,6,0,-4,5,26879,1064,26949,376,564546,564547,564549,564550,0,0,0,0
1790595275.6380906,-2,-2,-3,-5,26896,1053,26938,388,564636,564637,564639,564640,0,0,0,0
1790595275.6385982,-2,0,-5,-2,26892,1055,26941,385,564666,564667,564669,564670,0,0,0,0
1790595275.868383,2,1,1,1,26881,1038,26920,366,564786,564787,564789,564790,0,0,0,0
1790595275.877996,0,-3,2,1,26886,1037,26917,366,564816,564817,564819,564820,0,0,0,0
1790595275.9678159,0,2,-2,4,26882,1043,26922,358,564876,564877,564879,564880,0,0,0,0
1790595276.0780067,-2,2,-2,-7,26874,1049,26929,352,564936,564937,564939,564940,0,0,0,0
1790595276.2780097,2,2,0,-2,26876,1049,26929,354,564966,564967,564969,564970,0,0,0,0
1790595276.2780097,4,-3,-6,-1,26884,1048,26925,361,565026,565027,565029,565030,0,0,0,0
1790595276.449024,-1,-1,-2,-2,26888,1044,26923,367,565116,565117,565119,565120,0,0,0,0
1790595276.4577298,0,2,4,-1,26886,1048,26926,364,565146,565147,565149,565150,0,0,0,0
1790595276.6884348,-2,2,2,8,26881,1051,26930,360,565176,565177,565179,565180,0,0,0,0
1790595276.6925857,2,-3,-3,0,26917,1021,26897,395,565266,565267,565269,565270,0,0,0,0
1790595276.6987345,-3,4,3,-2,26907,1031,26908,384,565296,565297,565299,565300,0,0,0,0
1790595276.8934836,-2,0,2,-3,26894,1043,26921,368,565326,565327,565329,565330,0,0,0,0
1790595276.8934836,-2,1,4,-4,26877,1057,26935,354,565386,565387,565389,565390,0,0,0,0
1790595276.8934836,-5,-1,0,-3,26879,1055,26931,357,565416,565417,565419,565420,0,0,0,0
1790595276.977621,-3,-1,-2,-1,26885,1050,26927,364,565446,565447,565449,565450,0,0,0,0
1790595277.0979567,2,-2,-1,-3,26889,1048,26923,367,565476,565477,565479,565480,0,0,0,0
1790595277.1025255,1,1,5,-3,26879,1033,26903,340,565506,565507,565509,565510,0,0,0,0
1790595277.282645,1,-1,0,2,26886,1036,26900,353,565536,565537,565539,565540,0,0,0,0
1790595277.297472,-3,-3,4,-5,26884,1032,26891,339,565656,565657,565659,565660,0,0,0,0
1790595277.507722,-3,-1,-1,-3,26888,1039,26902,346,565716,565717,565719,565720,0,0,0,0
1790595277.507722,4,-3,8,-4,26880,1042,26902,335,565746,565747,565749,565750,0,0,0,0
1790595277.507722,-4,1,-2,-2,26877,1042,26902,332,565776,565777,565779,565780,0,0,0,0
1790595277.7127504,2,4,-3,0,26883,1039,26897,338,565836,565837,565839,565840,0,0,0,0
1790595277.7127504,-2,1,0,4,26884,1038,26897,338,565866,565867,565869,565870,0,0,0,0
1790595277.7177396,-1,-4,1,-4,26885,1038,26896,339,565896,565897,565899,565900,0,0,0,0
1790595277.917812,5,2,-6,-3,26889,1036,26894,343,565926,565927,565929,565930,0,0,0,0
1790595277.920448,0,1,-1,4,26917,1002,26860,378,566016,566017,566019,566020,0,0,0,0
1790595277.9777703,1,-6,-18,0,26928,994,26850,379,566046,566047,566049,566050,0,0,0,0
1790595278.0981784,-1,-3,1,-4,26922,1007,26864,372,566106,566107,566109,566110,0,0,0,0
1790595278.112754,-3,1,-3,0,26909,1019,26876,362,566166,566167,566169,566170,0,0,0,0
1790595278.3278947,2,-5,-2,3,26906,1002,26861,359,566196,566197,566199,566200,0,0,0,0
1790595278.3278947,-4,-1,-2,-4,26935,995,26851,385,566256,566257,566259,566260,0,0,0,0
1790595278.3306842,0,0,0,-1,26920,1006,26863,368,566286,566287,566289,566290,0,0,0,0
1790595278.5328896,0,-1,2,3,26892,1028,26887,342,566346,566347,566349,566350,0,0,0,0
1790595278.5328896,-1,-5,0,0,26891,1029,26887,342,566376,566377,566379,566380,0,0,0,0
1790595278.5419426,2,-5,0,0,26897,1024,26881,350,566406,566407,566409,566410,0,0,0,0
1790595278.732917,0,-1,5,0,26903,1018,26874,355,566436,566437,566439,566440,0,0,0,0
1790595278.7377307,3,5,3,2,26907,1016,26873,357,566466,566467,566469,566470,0,0,0,0
1790595278.7377307,-1,3,3,1,26902,1021,26878,352,566526,566527,566529,566530,0,0,0,0
1790595278.9375556,-1,-2,-1,0,26898,1024,26880,350,566556,566557,566559,566560,0,0,0,0
1790595278.9476078,-1,-2,-2,-3,26904,1018,26875,356,566646,566647,566649,566650,0,0,0,0
1790595279.1464317,-1,-1,0,-3,26906,1015,26873,357,566676,566677,566679,566680,0,0,0,0
1790595279.1577165,4,-5,0,-2,26905,1018,26874,356,566766,566767,566769,566770,0,0,0,0
1790595279.350042,2,-1,2,-4,26908,1015,26872,359,566796,566797,566799,566800,0,0,0,0
1790595279.350042,1,1,2,-3,26912,1011,26868,363,566886,566887,566889,566890,0,0,0,0
1790595279.5512435,-3,3,1,3,26914,1011,26868,365,566916,566917,566919,566920,0,0,0,0
1790595279.5512435,-4,3,1,3,26921,1006,26863,371,567006,567007,567009,567010,0,0,0,0
1790595279.7579765,2,2,5,-1,26925,1002,26859,376,567066,567067,567069,567070,0,0,0,0
1790595279.76751,-1,-4,0,-2,26945,1019,26863,387,567096,567097,567099,567100,0,0,0,0
1790595279.9377759,0,3,1,-6,26928,1004,26857,370,567156,567157,567159,567160,0,0,0,0
1790595279.942757,-5,-1,7,-4,26925,1012,26866,372,567216,567217,567219,567220,0,0,0,0
1790595279.9550154,1,2,2,-4,26924,1014,26867,374,567246,567247,567249,567250,0,0,0,0
1790595280.167597,-2,0,-1,3,26924,1010,26865,378,567276,567277,567279,567280,0,0,0,0
1790595280.167597,2,-2,6,3,26936,1000,26855,387,567336,567337,567339,567340,0,0,0,0
1790595280.178496,1,3,-4,2,26938,998,26853,387,567366,567367,567369,567370,0,0,0,0
1790595280.370007,0,-5,0,-4,26938,1003,26856,385,567396,567397,567399,567400,0,0,0,0
1790595280.370007,0,4,-4,-1,26935,1006,26859,385,567486,567487,567489,567490,0,0,0,0
1790595280.5782156,-2,-6,-1,-2,26934,1006,26860,383,567546,567547,567549,567550,0,0,0,0
1790595280.582915,-1,5,-2,-7,26892,1043,26902,346,567606,567607,567609,567610,0,0,0,0
1790595280.7178853,-3,1,1,4,26914,1011,26868,366,567696,567697,567699,567700,0,0,0,0
1790595280.7816944,1,0,5,4,26933,1007,26859,381,567726,567727,567729,567730,0,0,0,0
1790595280.7977293,1,0,5,4,26933,1007,26859,381,567726,567727,567729,567730,0,0,0,0
1790595280.9178333,-3,0,1,0,26938,1002,26858,388,567786,567787,567789,567790,0,0,0,0
1790595280.9178333,-1,-6,3,2,26931,1006,26860,380,567816,567817,567819,567820,0,0,0,0
1790595280.937908,-5,-1,1,-4,26924,1010,26865,371,567846,567847,567849,567850,0,0,0,0
1790595281.011597,-12,-16,-15,-16,26883,918,26794,309,567876,567877,567879,567880,0,0,0,0
1790595281.0176117,-33,-26,-31,-29,26188,245,26106,32324,567906,567907,567909,567910,0,0,0,0
1790595281.1077719,-24,-17,-27,-20,25546,32432,25359,31549,567936,567937,567939,567940,0,0,0,0
1790595281.1775825,-25,-33,-28,-40,24935,31761,24670,30911,567966,567967,567969,567970,0,0,0,0
1790595281.1847155,-34,-27,-31,-30,24213,31058,23945,30082,567996,567997,567999,568000,0,0,0,0
1790595281.2580218,-27,-26,-26,-28,23484,30355,23196,29391,568026,568027,568029,568030,0,0,0,0
1790595281.3524663,-34,-26,-30,-27,22772,29603,22325,28732,568056,568057,568059,568060,0,0,0,0
1790595281.3594224,-34,-28,-30,-22,21952,28834,21635,27965,568086,568087,568089,568090,0,0,0,0
1790595281.400245,-33,-24,-23,-33,21143,28016,20857,27131,568116,568117,568119,568120,0,0,0,0
1790595281.4695845,-30,-33,-30,-24,20440,27217,20021,26451,568146,568147,568149,568150,0,0,0,0
1790595281.47754,-31,-30,-31,-28,19627,26450,19290,25655,568176,568177,568179,568180,0,0,0,0
1790595281.538068,-25,-31,-33,-37,18755,25549,18526,24688,568206,568207,568209,568210,0,0,0,0
1790595281.637531,-29,-28,-34,-35,18027,24815,17681,23988,568236,568237,568239,568240,0,0,0,0
1790595281.6913345,-29,-22,-30,-29,17230,24138,16953,23202,568266,568267,568269,568270,0,0,0,0
1790595281.6978235,-30,-30,-31,-30,16384,23206,16146,22290,568296,568297,568299,568300,0,0,0,0
1790595281.7582574,-29,-29,-29,-28,15533,22343,15190,21489,568326,568327,568329,568330,0,0,0,0
1790595281.8174946,-31,-28,-29,-25,14783,21574,14510,20840,568356,568357,568359,568360,0,0,0,0
1790595281.8581567,-26,-30,-33,-34,13973,20736,13727,20034,568386,568387,568389,568390,0,0,0,0
1790595281.9135418,-32,-36,-26,-26,13040,19807,12769,19193,568416,568417,568419,568420,0,0,0,0
1790595281.96928,-28,-31,-28,-25,12350,19034,12015,18508,568446,568447,568449,568450,0,0,0,0
1790595281.9974837,-33,-33,-39,-36,11566,18328,11208,17619,568476,568477,568479,568480,0,0,0,0
1790595282.087439,-32,-27,-27,-36,10653,17380,10285,16724,568506,568507,568509,568510,0,0,0,0
1790595282.0980568,-30,-23,-27,-32,9924,16683,9516,15940,568536,568537,568539,568540,0,0,0,0
1790595282.157874,-39,-29,-31,-28,9153,15996,8711,15076,568566,568567,568569,568570,0,0,0,0
1790595282.217577,-28,-33,-25,-32,8236,14991,7892,14208,568596,568597,568599,568600,0,0,0,0
1790595282.277602,-30,-30,-31,-36,7456,14144,7086,13479,568626,568627,568629,568630,0,0,0,0
1790595282.3225658,-28,-35,-25,-19,6691,13438,6308,12674,568656,568657,568659,568660,0,0,0,0
1790595282.3884847,-27,-31,-29,-29,5834,12525,5479,11937,568686,568687,568689,568690,0,0,0,0
1790595282.3983064,-31,-30,-23,-38,5008,11690,4611,11025,568716,568717,568719,568720,0,0,0,0
1790595282.4583268,-29,-26,-29,-27,4333,10958,3706,10211,568746,568747,568749,568750,0,0,0,0
1790595282.5176916,-30,-27,-28,-28,3444,10209,2977,9359,568776,568777,568779,568780,0,0,0,0
1790595282.5782006,-32,-23,-19,-27,2692,9428,2223,8570,568806,568807,568809,568810,0,0,0,0
1790595282.6376941,-30,-26,-26,-19,2017,8791,1605,7939,568836,568837,568839,568840,0,0,0,0
1790595282.688376,-27,-18,-15,-21,1276,8037,976,7336,568866,568867,568869,568870,0,0,0,0
1790595282.7478957,-27,-27,-30,-26,643,7395,286,6746,568896,568897,568899,568900,0,0,0,0
1790595282.7576563,-23,-27,-28,-23,32721,6659,32326,5902,568926,568927,568929,568930,0,0,0,0
1790595282.8177378,-13,-9,-16,-22,32252,6058,31718,5420,568956,568957,568959,568960,0,0,0,0
1790595282.8777604,-18,-17,-17,-26,31852,5661,31227,4889,568986,568987,568989,568990,0,0,0,0
1790595282.988142,-24,-12,-20,-17,31350,5250,30640,4337,569016,569017,569019,569020,0,0,0,0
1790595282.9977436,-22,-15,-8,-20,30788,4790,30129,3757,569046,569047,569049,569050,0,0,0,0
1790595283.0376716,-10,-15,-11,-10,30395,4438,29859,3429,569076,569077,569079,569080,0,0,0,0
1790595283.107685,-24,-24,-19,-12,30002,3982,29563,3195,569106,569107,569109,569110,0,0,0,0
1790595283.107685,-14,-8,-6,-10,29532,3453,29245,2949,569136,569137,569139,569140,0,0,0,0
1790595283.2175403,-6,-3,-3,-11,29299,3181,29048,2769,569166,569167,569169,569170,0,0,0,0
1790595283.2297425,-5,-11,-10,-16,29139,3009,28822,2465,569196,569197,569199,569200,0,0,0,0
1790595283.27769,-11,-5,-16,-8,28944,2851,28493,2126,569226,569227,569229,569230,0,0,0,0
1790595283.4074278,-8,-4,-11,-13,28743,2739,28194,1775,569256,569257,569259,569260,0,0,0,0
1790595283.4074278,-4,-9,-7,-11,28518,2609,27968,1441,569286,569287,569289,569290,0,0,0,0
1790595283.4778342,-3,-11,-7,-2,28026,2131,27619,1043,569346,569347,569349,569350,0,0,0,0
1790595283.5398262,-3,-15,-7,-5,27818,1792,27460,983,569376,569377,569379,569380,0,0,0,0
1790595283.6426375,-3,-7,-11,-6,27430,1116,27100,848,569436,569437,569439,569440,0,0,0,0
1790595283.65772,-7,0,-4,-7,27237,923,26903,685,569466,569467,569469,569470,0,0,0,0
1790595283.6877677,-5,-4,-8,-11,27029,790,26719,435,569496,569497,569499,569500,0,0,0,0
1790595283.8481936,-1,1,-3,-10,26855,728,26586,159,569526,569527,569529,569530,0,0,0,0
1790595283.859123,0,-3,-3,-6,26775,772,26552,3,569556,569557,569559,569560,0,0,0,0
1790595283.8680012,-2,2,2,0,26721,801,26593,32734,569586,569587,569589,569590,0,0,0,0
1790595284.0084732,-2,2,0,-4,26701,824,26613,32716,569646,569647,569649,569650,0,0,0,0
1790595284.0193353,7,1,-3,5,26709,817,26605,32725,569676,569677,569679,569680,0,0,0,0
1790595284.0193353,7,-3,-1,1,26725,807,26594,32737,569706,569707,569709,569710,0,0,0,0
1790595284.092708,0,-3,3,-7,26735,802,26587,32744,569736,569737,569739,569740,0,0,0,0
1790595284.257774,2,0,-1,0,26738,799,26584,32746,569766,569767,569769,569770,0,0,0,0
1790595284.2676566,-3,1,-6,-1,26746,797,26584,32755,569826,569827,569829,569830,0,0,0,0
1790595284.471635,3,1,-18,-6,26751,793,26579,32758,569856,569857,569859,569860,0,0,0,0
1790595284.471635,-1,-1,1,-3,26755,797,26582,32758,569946,569947,569949,569950,0,0,0,0
1790595284.6770995,2,-2,0,0,26756,797,26582,32757,569976,569977,569979,569980,0,0,0,0
1790595284.7895813,-5,-1,-1,3,26720,829,26609,32715,570096,570097,570099,570100,0,0,0,0
1790595284.7895813,-3,1,0,1,26719,822,26606,32717,570126,570127,570129,570130,0,0,0,0
1790595284.7974803,-4,-2,-3,-2,26729,811,26597,32730,570156,570157,570159,570160,0,0,0,0
1790595284.8923144,4,-3,3,1,26744,805,26588,32741,570186,570187,570189,570190,0,0,0,0
1790595284.897863,-3,-2,0,3,26753,802,26582,32745,570216,570217,570219,570220,0,0,0,0
1790595284.9574764,4,3,-1,2,26754,802,26583,32746,570246,570247,570249,570250,0,0,0,0
1790595285.093815,5,-8,-8,3,26810,710,26511,36,570276,570277,570279,570280,0,0,0,0
1790595285.093815,40,-51,-32,47,27292,32700,26016,542,570306,570307,570309,570310,0,0,0,0
1790595285.2881536,63,-76,-80,64,2292,25307,18851,8030,570426,570427,570429,570430,0,0,0,0
1790595285.3502414,65,-62,-73,73,4457,23279,16838,10109,570456,570457,570459,570460,0,0,0,0
1790595285.3576112,67,-68,-53,55,6229,21528,14984,11913,570486,570487,570489,570490,0,0,0,0
1790595285.4961803,48,-45,-45,43,9213,18663,12081,14867,570546,570547,570549,570550,0,0,0,0
1790595285.5574791,36,-54,-50,41,10387,17406,10892,16128,570576,570577,570579,570580,0,0,0,0
1790595285.5631402,41,-50,-49,45,11685,16243,9668,17376,570606,570607,570609,570610,0,0,0,0
1790595285.6575122,59,-56,-59,49,13059,14790,8261,18801,570636,570637,570639,570640,0,0,0,0
1790595285.6973152,62,-64,-60,66,14682,13164,6669,20505,570666,570667,570669,570670,0,0,0,0
1790595285.717547,58,-60,-70,63,16401,11496,4898,22204,570696,570697,570699,570700,0,0,0,0
1790595285.898165,67,-53,-61,70,20029,7974,1314,26018,570756,570757,570759,570760,0,0,0,0
1790595285.918044,46,-53,-55,44,23264,4782,30976,29200,570816,570817,570819,570820,0,0,0,0
1790595285.9726014,58,-39,-52,57,24690,3385,29497,30643,570846,570847,570849,570850,0,0,0,0
1790595286.037933,55,-50,-61,62,26062,2105,28183,32068,570876,570877,570879,570880,0,0,0,0
1790595286.0977793,50,-69,-55,52,29082,31915,25307,2388,570936,570937,570939,570940,0,0,0,0
1790595286.3077703,63,-57,-61,55,3033,25295,18599,9036,571056,571057,571059,571060,0,0,0,0
1790595286.3226717,51,-70,-53,66,4658,23683,17017,10685,571086,571087,571089,571090,0,0,0,0
1790595286.3779523,60,-48,-67,48,6200,22096,15319,12274,571116,571117,571119,571120,0,0,0,0
1790595286.4784143,50,-56,-52,50,7743,20731,13923,13777,571146,571147,571149,571150,0,0,0,0
1790595286.5177903,50,-55,-52,47,9216,19239,12407,15185,571176,571177,571179,571180,0,0,0,0
1790595286.7225966,49,-66,-64,58,10566,17799,10996,16632,571206,571207,571209,571210,0,0,0,0
1790595286.7225966,48,-40,-40,45,14608,13827,6976,20720,571296,571297,571299,571300,0,0,0,0
1790595286.789952,47,-39,-40,44,15872,12566,5743,21919,571326,571327,571329,571330,0,0,0,0
1790595286.7978048,48,-41,-38,36,17076,11402,4516,23206,571356,571357,571359,571360,0,0,0,0
1790595286.9275792,44,-41,-44,34,18271,10205,3309,24350,571386,571387,571389,571390,0,0,0,0
1790595286.9275792,41,-45,-39,38,19377,9062,2170,25520,571416,571417,571419,571420,0,0,0,0
1790595286.988441,42,-34,-32,33,20480,7962,1110,26578,571446,571447,571449,571450,0,0,0,0
1790595287.0001829,40,-41,-37,37,21492,6958,100,27675,571476,571477,571479,571480,0,0,0,0
1790595287.058271,32,-34,-32,38,22473,5961,31878,28609,571506,571507,571509,571510,0,0,0,0
1790595287.1183522,19,-23,-18,27,23220,5251,31179,29300,571536,571537,571539,571540,0,0,0,0
1790595287.3379583,12,-17,-12,10,23669,4759,30722,29767,571566,571567,571569,571570,0,0,0,0
1790595287.3379583,1,0,6,-1,24026,4437,30406,30057,571656,571657,571659,571660,0,0,0,0
1790595287.542099,0,-12,3,-6,24029,4435,30409,30055,571686,571687,571689,571690,0,0,0,0
1790595287.542099,-4,-2,0,0,23951,4503,30490,29978,571776,571777,571779,571780,0,0,0,0
1790595287.5582144,1,-1,1,-2,23930,4518,30506,29959,571806,571807,571809,571810,0,0,0,0
1790595287.61907,-1,-3,-1,3,23922,4524,30515,29951,571836,571837,571839,571840,0,0,0,0
1790595287.7484093,-3,0,-3,-2,23921,4524,30516,29952,571866,571867,571869,571870,0,0,0,0
1790595287.7578819,0,-3,2,-1,23924,4522,30513,29953,571896,571897,571899,571900,0,0,0,0
1790595287.7776453,4,3,0,-3,23926,4520,30512,29955,571926,571927,571929,571930,0,0,0,0
1790595287.947702,0,0,1,-3,23926,4521,30512,29954,571956,571957,571959,571960,0,0,0,0
1790595287.947702,2,-5,-2,-1,23923,4523,30516,29950,572016,572017,572019,572020,0,0,0,0
1790595288.0330093,2,-7,1,-3,23920,4526,30520,29947,572076,572077,572079,572080,0,0,0,0
1790595288.157732,1,4,-3,-3,23923,4521,30511,29944,572136,572137,572139,572140,0,0,0,0
1790595288.157732,3,-3,-2,-3,23931,4521,30517,29950,572166,572167,572169,572170,0,0,0,0
1790595288.2879274,0,-3,4,-2,23938,4520,30515,29954,572196,572197,572199,572200,0,0,0,0
1790595288.2879274,1,2,-4,3,23942,4514,30510,29962,572226,572227,572229,572230,0,0,0,0
1790595288.298658,-1,2,-4,-4,23941,4510,30507,29965,572256,572257,572259,572260,0,0,0,0
1790595288.560641,-3,2,5,2,23929,4510,30511,29951,572316,572317,572319,572320,0,0,0,0
1790595288.563702,-4,1,2,0,23924,4514,30517,29948,572346,572347,572349,572350,0,0,0,0
1790595288.5794582,-1,-6,-1,-3,23921,4522,30524,29945,572436,572437,572439,572440,0,0,0,0
1790595288.7324905,-1,-2,-1,0,23923,4518,30521,29946,572496,572497,572499,572500,0,0,0,0
1790595288.7324905,0,2,-5,0,23923,4518,30519,29946,572526,572527,572529,572530,0,0,0,0
1790595288.975021,-3,-2,-4,3,23923,4518,30522,29953,572556,572557,572559,572560,0,0,0,0
1790595288.9778423,2,0,9,1,23937,4507,30508,29958,572646,572647,572649,572650,0,0,0,0
1790595289.0527987,-1,-3,-2,1,23913,4529,30535,29935,572706,572707,572709,572710,0,0,0,0
1790595289.1775546,-3,-2,4,-1,23909,4532,30538,29933,572736,572737,572739,572740,0,0,0,0
1790595289.1843095,-5,-5,-2,5,23912,4530,30535,29937,572766,572767,572769,572770,0,0,0,0
1790595289.1978095,3,-4,-3,-5,23915,4525,30530,29940,572796,572797,572799,572800,0,0,0,0
1790595289.3874438,4,-1,-4,2,23918,4523,30524,29934,572856,572857,572859,572860,0,0,0,0
1790595289.398872,1,3,2,2,23925,4523,30535,29951,572916,572917,572919,572920,0,0,0,0
1790595289.5678337,-2,-3,2,-3,23931,4523,30534,29954,572946,572947,572949,572950,0,0,0,0
1790595289.5678337,2,2,-2,3,23934,4519,30529,29958,573006,573007,573009,573010,0,0,0,0
1790595289.792336,0,-2,6,-2,23931,4517,30526,29957,573036,573037,573039,573040,0,0,0,0
1790595289.7937303,-2,-1,0,-3,23922,4530,30551,29952,573126,573127,573129,573130,0,0,0,0
1790595289.7986226,4,-4,-5,-1,23918,4531,30553,29949,573156,573157,573159,573160,0,0,0,0
1790595289.9922912,-2,-2,0,-2,23921,4531,30550,29950,573186,573187,573189,573190,0,0,0,0
1790595289.997881,0,-3,-4,0,23920,4530,30550,29950,573276,573277,573279,573280,0,0,0,0
1790595290.057998,-5,2,4,-2,23921,4530,30550,29950,573306,573307,573309,573310,0,0,0,0
1790595290.1979337,-4,3,-2,-1,23922,4529,30548,29952,573336,573337,573339,573340,0,0,0,0
1790595290.1979337,-1,-2,-1,-3,23951,4506,30514,29982,573396,573397,573399,573400,0,0,0,0
1790595290.3775506,0,-5,2,-3,23954,4499,30504,29981,573426,573427,573429,573430,0,0,0,0
1790595290.3775506,-2,2,-3,3,23936,4513,30525,29959,573486,573487,573489,573490,0,0,0,0
1790595290.6089478,-1,4,0,0,23928,4522,30535,29949,573516,573517,573519,573520,0,0,0,0
1790595290.6184075,1,3,-1,-1,23958,4503,30507,29972,573636,573637,573639,573640,0,0,0,0
1790595290.8204288,5,-2,1,0,23919,4533,30546,29936,573696,573697,573699,573700,0,0,0,0
1790595290.8204288,0,-2,3,0,23903,4542,30557,29925,573756,573757,573759,573760,0,0,0,0
1790595290.8379078,-3,-3,-1,2,23907,4538,30552,29929,573786,573787,573789,573790,0,0,0,0
1790595291.022769,-2,0,-1,-1,23911,4535,30548,29933,573816,573817,573819,573820,0,0,0,0
1790595291.022769,1,-3,-3,-1,23912,4534,30547,29934,573876,573877,573879,573880,0,0,0,0
1790595291.0350356,-2,1,-1,1,23911,4534,30548,29932,573906,573907,573909,573910,0,0,0,0
1790595291.233113,-4,-2,-5,3,23912,4535,30549,29932,573936,573937,573939,573940,0,0,0,0
1790595291.233113,-4,-4,-1,2,23913,4535,30547,29933,574026,574027,574029,574030,0,0,0,0
1790595291.4327164,-2,0,-5,2,23913,4534,30547,29933,574056,574057,574059,574060,0,0,0,0
1790595291.4357362,2,3,0,21,23914,4534,30545,29935,574086,574087,574089,574090,0,0,0,0
1790595291.4377897,0,1,0,1,23916,4532,30544,29935,574146,574147,574149,574150,0,0,0,0
1790595291.63765,2,1,-4,-1,23921,4528,30538,29941,574206,574207,574209,574210,0,0,0,0
1790595291.8429763,3,7,1,-2,23923,4526,30536,29943,574236,574237,574239,574240,0,0,0,0
1790595291.8429763,-4,-4,-1,2,23924,4527,30536,29943,574266,574267,574269,574270,0,0,0,0
1790595291.8429763,-6,-2,2,1,23921,4527,30538,29941,574296,574297,574299,574300,0,0,0,0
1790595291.8477948,0,0,-5,-4,23920,4527,30540,29940,574326,574327,574329,574330,0,0,0,0
1790595291.8477948,3,-3,-3,-1,23927,4523,30532,29947,574386,574387,574389,574390,0,0,0,0
1790595292.0483766,-2,3,-2,-1,23931,4519,30535,29958,574446,574447,574449,574450,0,0,0,0
1790595292.0584023,2,-2,-3,-1,23943,4526,30534,29961,574476,574477,574479,574480,0,0,0,0
1790595292.0778165,4,6,-1,-3,23937,4521,30536,29960,574506,574507,574509,574510,0,0,0,0
1790595292.2375085,2,-5,2,1,23930,4525,30536,29950,574596,574597,574599,574600,0,0,0,0
1790595292.4576204,-4,-1,5,2,23946,4520,30528,29965,574716,574717,574719,574720,0,0,0,0
1790595292.4626982,1,-6,6,1,23951,4517,30522,29966,574746,574747,574749,574750,0,0,0,0
1790595292.4677067,-3,3,4,2,23951,4518,30526,29965,574776,574777,574779,574780,0,0,0,0
1790595292.66104,-2,-1,1,0,23941,4530,30538,29956,574866,574867,574869,574870,0,0,0,0
1790595292.6787045,-1,2,2,0,23942,4528,30535,29957,574896,574897,574899,574900,0,0,0,0
1790595292.8675985,-2,-5,2,-2,23918,4565,30588,29937,574986,574987,574989,574990,0,0,0,0
1790595292.8777552,1,-3,-5,-1,23915,4563,30589,29938,575016,575017,575019,575020,0,0,0,0
1790595293.0029461,-4,-3,2,-1,23919,4552,30579,29948,575076,575077,575079,575080,0,0,0,0
1790595293.0723276,3,0,3,-4,23925,4549,30573,29950,575106,575107,575109,575110,0,0,0,0
1790595293.2080746,-4,-1,3,0,23928,4545,30569,29954,575166,575167,575169,575170,0,0,0,0
1790595293.2177517,2,0,0,-4,23928,4546,30570,29953,575196,575197,575199,575200,0,0,0,0
1790595293.2782857,2,3,-3,0,23927,4547,30570,29950,575226,575227,575229,575230,0,0,0,0
1790595293.3389726,21,18,33,31,24101,4738,30778,30215,575256,575257,575259,575260,0,0,0,0
1790595293.397722,28,31,32,25,24899,5518,31682,31103,575286,575287,575289,575290,0,0,0,0
1790595293.397722,15,28,27,18,25528,6169,32418,31616,575316,575317,575319,575320,0,0,0,0
1790595293.4575427,29,24,34,27,26127,6931,389,32329,575346,575347,575349,575350,0,0,0,0
1790595293.517736,27,22,25,25,26918,7680,1086,261,575376,575377,575379,575380,0,0,0,0
1790595293.5788395,27,30,38,32,27728,8330,1912,1007,575406,575407,575409,575410,0,0,0,0
1790595293.6381512,30,23,26,31,28428,9089,2579,1856,575436,575437,575439,575440,0,0,0,0
1790595293.732194,22,27,22,32,29234,9768,3360,2653,575466,575467,575469,575470,0,0,0,0
1790595293.7383614,31,32,29,27,30071,10487,4180,3490,575496,575497,575499,575500,0,0,0,0
1790595293.790363,35,24,25,25,30849,11344,4935,4301,575526,575527,575529,575530,0,0,0,0
1790595293.8450885,34,29,28,31,31671,12120,5702,5049,575556,575557,575559,575560,0,0,0,0
1790595293.8527958,27,34,30,23,32507,12885,6519,5788,575586,575587,575589,575590,0,0,0,0
1790595293.9538734,30,27,27,26,497,13768,7392,6667,575616,575617,575619,575620,0,0,0,0
1790595293.9574745,24,30,28,29,1250,14568,8198,7370,575646,575647,575649,575650,0,0,0,0
1790595294.017788,22,28,22,24,2093,15420,9040,8136,575676,575677,575679,575680,0,0,0,0
1790595294.0786688,31,26,33,28,2865,16227,9842,9012,575706,575707,575709,575710,0,0,0,0
1790595294.127811,36,30,23,28,3736,17003,10616,9806,575736,575737,575739,575740,0,0,0,0
1790595294.1975622,21,34,22,28,4623,17778,11457,10562,575766,575767,575769,575770,0,0,0,0
1790595294.2384634,29,32,44,25,5397,18649,12225,11481,575796,575797,575799,575800,0,0,0,0
1790595294.297474,29,30,56,23,6224,19459,13105,12245,575826,575827,575829,575830,0,0,0,0
1790595294.3514771,27,21,32,25,7837,21007,14703,13905,575886,575887,575889,575890,0,0,0,0
1790595294.4119425,33,30,39,31,8759,21870,15564,14756,575916,575917,575919,575920,0,0,0,0
1790595294.419537,26,30,22,28,9532,22704,16422,15432,575946,575947,575949,575950,0,0,0,0
1790595294.4777405,25,28,25,26,10344,23478,17181,16271,575976,575977,575979,575980,0,0,0,0
1790595294.5375514,33,22,31,30,11228,24414,18039,17092,576006,576007,576009,576010,0,0,0,0
1790595294.5980787,25,25,25,31,11945,25177,18875,17809,576036,576037,576039,576040,0,0,0,0
1790595294.6582587,28,38,26,31,12736,25981,19671,18687,576066,576067,576069,576070,0,0,0,0
1790595294.7080646,38,23,34,27,13631,26840,20592,19545,576096,576097,576099,576100,0,0,0,0
1790595294.7724857,30,26,30,29,14363,27633,21451,20354,576126,576127,576129,576130,0,0,0,0
1790595294.7778397,22,22,19,24,15097,28319,22184,21086,576156,576157,576159,576160,0,0,0,0
1790595294.9026098,30,15,31,29,15757,28971,22905,21784,576186,576187,576189,576190,0,0,0,0
1790595294.9079611,20,19,35,40,16400,29555,23689,22582,576216,576217,576219,576220,0,0,0,0
1790595294.9579747,28,22,24,17,17173,30285,24460,23367,576246,576247,576249,576250,0,0,0,0
1790595294.9781456,26,30,30,32,17846,31004,25134,24075,576276,576277,576279,576280,0,0,0,0
1790595295.0377567,14,23,19,11,18595,31660,25696,24608,576306,576307,576309,576310,0,0,0,0
1790595295.0979836,20,27,18,19,19080,32310,26115,25037,576336,576337,576339,576340,0,0,0,0
1790595295.158137,19,21,16,11,19709,143,26658,25530,576366,576367,576369,576370,0,0,0,0
1790595295.2275717,16,15,20,12,20173,787,27140,25860,576396,576397,576399,576400,0,0,0,0
1790595295.2275717,12,16,17,8,20620,1182,27624,26240,576426,576427,576429,576430,0,0,0,0
1790595295.321903,9,9,18,13,20891,1474,27944,26610,576456,576457,576459,576460,0,0,0,0
1790595295.4076812,14,7,10,19,21224,1778,28315,27076,576486,576487,576489,576490,0,0,0,0
1790595295.4780204,10,5,4,12,21912,2085,28862,27887,576546,576547,576549,576550,0,0,0,0
1790595295.5426912,8,10,11,13,22145,2207,29029,28167,576576,576577,576579,576580,0,0,0,0
1790595295.5577972,5,10,12,14,22418,2424,29272,28500,576606,576607,576609,576610,0,0,0,0
1790595295.652746,6,13,8,7,22635,2713,29531,28682,576636,576637,576639,576640,0,0,0,0
1790595295.6579635,5,10,8,7,22826,3041,29792,28804,576666,576667,576669,576670,0,0,0,0
1790595295.7174788,4,2,9,1,23004,3290,30046,28925,576696,576697,576699,576700,0,0,0,0
1790595295.7675483,6,8,3,7,23154,3455,30240,29068,576726,576727,576729,576730,0,0,0,0
1790595295.8828113,6,4,7,3,23329,3581,30389,29269,576756,576757,576759,576760,0,0,0,0
1790595295.897793,7,8,1,40,23571,3704,30531,29562,576786,576787,576789,576790,0,0,0,0
1790595295.9474995,10,2,2,10,23857,3829,30655,29868,576816,576817,576819,576820,0,0,0,0
1790595296.1127279,6,5,4,11,24104,3969,30789,30118,576846,576847,576849,576850,0,0,0,0
1790595296.11843,-6,5,4,0,24131,4455,31471,30174,576966,576967,576969,576970,0,0,0,0
1790595296.3615978,3,1,3,-2,24015,4554,31573,30085,577056,577057,577059,577060,0,0,0,0
1790595296.365544,-2,3,2,0,24021,4548,31569,30093,577086,577087,577089,577090,0,0,0,0
1790595296.3777452,1,3,3,3,24032,4536,31559,30105,577116,577117,577119,577120,0,0,0,0
1790595296.5479796,-1,2,1,-2,24052,4526,31556,30124,577206,577207,577209,577210,0,0,0,0
1790595296.7588284,2,1,2,-1,24028,4542,31574,30104,577296,577297,577299,577300,0,0,0,0
1790595296.7729735,-1,6,2,-2,24034,4538,31570,30110,577356,577357,577359,577360,0,0,0,0
1790595296.960055,5,3,-3,1,24038,4535,31568,30113,577386,577387,577389,577390,0,0,0,0
1790595296.960055,1,2,0,-3,24076,4522,31575,30172,577446,577447,577449,577450,0,0,0,0
1790595296.977644,-3,3,0,-8,24085,4524,31577,30171,577476,577477,577479,577480,0,0,0,0
1790595297.0713785,-1,2,-2,-1,24066,4533,31590,30157,577506,577507,577509,577510,0,0,0,0
1790595297.078437,0,5,0,0,24050,4546,31605,30145,577536,577537,577539,577540,0,0,0,0
1790595297.1689565,3,0,2,0,24042,4555,31612,30137,577566,577567,577569,577570,0,0,0,0
1790595297.3697386,6,-13,-7,13,24152,4414,31500,30283,577626,577627,577629,577630,0,0,0,0
1790595297.3762963,79,-57,-31,48,25140,3606,31020,31172,577656,577657,577659,577660,0,0,0,0
1790595297.376817,78,-85,-81,58,27148,1723,29315,32620,577686,577687,577689,577690,0,0,0,0
1790595297.439223,73,-58,-72,95,28774,32678,27254,1711,577716,577717,577719,577720,0,0,0,0
1790595297.4462743,68,-78,-81,73,30614,30749,25351,3681,577746,577747,577749,577750,0,0,0,0
1790595297.5189717,63,-74,-69,70,32679,28763,23250,5704,577776,577777,577779,577780,0,0,0,0
1790595297.587929,49,-61,-60,63,3588,24882,19428,9474,577836,577837,577839,577840,0,0,0,0
1790595297.6779342,51,-45,-53,53,5188,23327,17911,10967,577866,577867,577869,577870,0,0,0,0
1790595297.7175949,49,-41,-43,44,6446,22019,16608,12229,577896,577897,577899,577900,0,0,0,0
1790595297.787822,45,-45,-51,52,7691,20805,15259,13471,577926,577927,577929,577930,0,0,0,0
1790595297.8525338,47,-75,-56,52,10365,17842,12479,16218,577986,577987,577989,577990,0,0,0,0
1790595297.9881785,63,-68,-64,66,13717,14397,9038,19628,578046,578047,578049,578050,0,0,0,0
1790595297.9985292,64,-62,-65,65,15377,12655,7209,21403,578076,578077,578079,578080,0,0,0,0
1790595298.0578015,57,-75,-62,60,17138,10901,5453,23199,578106,578107,578109,578110,0,0,0,0
1790595298.1878629,53,-54,-59,62,18714,9250,3800,24709,578136,578137,578139,578140,0,0,0,0
1790595298.1878629,49,-51,-49,51,20171,7779,2277,26247,578166,578167,578169,578170,0,0,0,0
1790595298.2581882,62,-64,-44,45,21547,6339,879,27637,578196,578197,578199,578200,0,0,0,0
1790595298.2581882,50,-53,-60,41,22996,4947,32211,29104,578226,578227,578229,578230,0,0,0,0
1790595298.3180375,52,-48,-63,56,24404,3394,30777,30542,578256,578257,578259,578260,0,0,0,0
1790595298.3974404,53,-62,-52,64,25907,1933,29159,32163,578286,578287,578289,578290,0,0,0,0
1790595298.452589,57,-64,-67,51,27623,256,27514,976,578316,578317,578319,578320,0,0,0,0
1790595298.452589,55,-51,-56,65,29247,31350,25809,2748,578346,578347,578349,578350,0,0,0,0
1790595298.602948,41,-56,-62,58,32454,28010,22467,5962,578406,578407,578409,578410,0,0,0,0
1790595298.618467,53,-57,-50,61,1095,26430,20997,7733,578436,578437,578439,578440,0,0,0,0
1790595298.692795,61,-54,-48,50,2705,24923,19564,9246,578466,578467,578469,578470,0,0,0,0
1790595298.7979689,55,-47,-59,62,4336,23378,17990,10764,578496,578497,578499,578500,0,0,0,0
1790595298.807437,51,-51,-52,51,5741,21854,16526,12245,578526,578527,578529,578530,0,0,0,0
1790595298.8179731,64,-50,-65,59,8919,18839,13375,15317,578586,578587,578589,578590,0,0,0,0
1790595298.8783238,40,-57,-58,56,10438,17216,11768,16936,578616,578617,578619,578620,0,0,0,0
1790595299.007779,63,-52,-57,50,13522,14172,8722,19962,578676,578677,578679,578680,0,0,0,0
1790595299.017907,46,-47,-57,48,14890,12781,7324,21352,578706,578707,578709,578710,0,0,0,0
1790595299.0777543,38,-32,-50,56,16202,11542,6022,22662,578736,578737,578739,578740,0,0,0,0
1790595299.1379244,37,-34,-40,42,17390,10387,4854,23850,578766,578767,578769,578770,0,0,0,0
1790595299.208289,26,-31,-36,28,18363,9445,3908,24703,578796,578797,578799,578800,0,0,0,0
1790595299.418572,9,-11,-9,4,19468,8316,2881,25776,578856,578857,578859,578860,0,0,0,0
1790595299.418572,4,-1,-3,-1,19668,8123,2700,25933,578916,578917,578919,578920,0,0,0,0
1790595299.4976752,5,-8,-1,10,19756,8028,2601,26027,578946,578947,578949,578950,0,0,0,0
1790595299.6181931,17,-16,-20,15,20978,6797,1210,27261,579036,579037,579039,579040,0,0,0,0
1790595299.6379108,19,-18,-17,21,21655,6278,650,27818,579066,579067,579069,579070,0,0,0,0
1790595299.829908,4,-11,-12,3,22057,5901,254,28186,579096,579097,579099,579100,0,0,0,0
1790595299.832829,3,-2,-2,3,22240,5694,66,28347,579126,579127,579129,579130,0,0,0,0
1790595299.832829,3,-2,-2,0,22334,5609,32749,28439,579156,579157,579159,579160,0,0,0,0
1790595299.8381784,2,-5,0,-6,22364,5583,32724,28460,579186,579187,579189,579190,0,0,0,0
1790595299.9976313,-1,4,4,-9,22349,5602,32743,28436,579216,579217,579219,579220,0,0,0,0
1790595299.9976313,2,2,5,-4,22253,5689,79,28327,579276,579277,579279,579280,0,0,0,0
1790595300.1291664,-4,7,6,-1,22169,5768,170,28238,579336,579337,579339,579340,0,0,0,0
1790595300.2376907,0,3,-7,-1,22130,5805,211,28201,579396,579397,579399,579400,0,0,0,0
1790595300.429925,1,13,2,-1,22130,5807,211,28200,579426,579427,579429,579430,0,0,0,0
1790595300.432792,1,-4,1,-1,22148,5788,191,28219,579516,579517,579519,579520,0,0,0,0
1790595300.6477063,1,0,1,-1,22149,5788,192,28219,579546,579547,579549,579550,0,0,0,0
1790595300.6477063,-15,-1,-2,0,22140,5781,193,28214,579606,579607,579609,579610,0,0,0,0
1790595300.658367,-2,-1,0,-3,22142,5808,217,28203,579666,579667,579669,579670,0,0,0,0
1790595300.7678988,-1,-6,-3,4,22137,5814,222,28200,579696,579697,579699,579700,0,0,0,0
1790595300.777903,1,-2,-3,-2,22137,5817,222,28199,579726,579727,579729,579730,0,0,0,0
1790595300.857963,-2,-3,-4,-2,22140,5812,217,28202,579786,579787,579789,579790,0,0,0,0
1790595301.0175457,0,1,1,0,22146,5814,215,28203,579816,579817,579819,579820,0,0,0,0
1790595301.0175457,0,0,2,-6,22142,5811,218,28206,579876,579877,579879,579880,0,0,0,0
1790595301.1283753,-1,-1,-2,3,22141,5810,217,28205,579906,579907,579909,579910,0,0,0,0
1790595301.1283753,-3,-5,0,1,22147,5813,220,28218,579936,579937,579939,579940,0,0,0,0
1790595301.2657626,2,-7,-5,-23,22166,5786,186,28232,579966,579967,579969,579970,0,0,0,0
1790595301.2677746,-4,6,-5,0,22173,5777,181,28240,579996,579997,579999,580000,0,0,0,0
1790595301.2794602,-3,3,-4,0,22164,5787,194,28228,580026,580027,580029,580030,0,0,0,0
1790595301.4679165,1,-3,-4,2,22133,5818,228,28197,580146,580147,580149,580150,0,0,0,0
1790595301.4778495,1,5,-2,4,22138,5810,220,28203,580176,580177,580179,580180,0,0,0,0
1790595301.6750574,-4,4,0,-5,22139,5801,206,28199,580236,580237,580239,580240,0,0,0,0
1790595301.677519,-8,3,1,0,22149,5800,210,28213,580296,580297,580299,580300,0,0,0,0
1790595301.8478055,-2,3,1,0,22150,5800,210,28213,580326,580327,580329,580330,0,0,0,0
1790595301.8478055,-2,-4,5,2,22145,5807,218,28209,580386,580387,580389,580390,0,0,0,0
1790595302.0828004,0,0,-4,-5,22145,5806,218,28209,580416,580417,580419,580420,0,0,0,0
1790595302.0828004,0,-2,2,1,22134,5821,235,28197,580536,580537,580539,580540,0,0,0,0
1790595302.2877402,2,-2,-5,-4,22138,5819,233,28202,580566,580567,580569,580570,0,0,0,0
1790595302.2877402,-4,-2,0,-6,22147,5809,222,28211,580656,580657,580659,580660,0,0,0,0
1790595302.487637,0,1,-1,0,22147,5809,223,28211,580686,580687,580689,580690,0,0,0,0
1790595302.487637,2,2,3,6,22147,5799,208,28215,580746,580747,580749,580750,0,0,0,0
1790595302.497825,-2,-4,-2,1,22181,5795,195,28241,580776,580777,580779,580780,0,0,0,0
1790595302.6578765,-3,6,1,3,22177,5794,197,28238,580806,580807,580809,580810,0,0,0,0
1790595302.6676235,3,2,-1,0,22165,5803,211,28226,580836,580837,580839,580840,0,0,0,0
1790595302.6676235,-5,3,-3,-2,22152,5814,225,28213,580866,580867,580869,580870,0,0,0,0
1790595302.902795,2,1,-6,3,22170,5791,196,28242,580956,580957,580959,580960,0,0,0,0
1790595302.9038043,-1,1,-2,4,22181,5783,187,28245,580986,580987,580989,580990,0,0,0,0
1790595302.9038043,2,-4,6,1,22171,5793,201,28233,581016,581017,581019,581020,0,0,0,0
1790595303.097892,2,-2,3,-2,22154,5810,221,28215,581046,581047,581049,581050,0,0,0,0
1790595303.1082625,-1,0,-3,-4,22141,5823,234,28202,581106,581107,581109,581110,0,0,0,0
1790595303.1082625,-3,3,3,-7,22145,5820,229,28207,581136,581137,581139,581140,0,0,0,0
1790595303.157845,-3,-4,-1,-2,22149,5817,225,28211,581166,581167,581169,581170,0,0,0,0
1790595303.3131711,-4,-6,-2,-2,22144,5823,232,28204,581256,581257,581259,581260,0,0,0,0
1790595303.517761,0,3,1,2,22141,5825,235,28201,581316,581317,581319,581320,0,0,0,0
1790595303.517761,-6,2,-2,2,22141,5824,234,28200,581376,581377,581379,581380,0,0,0,0
1790595303.7227638,-1,-2,-3,-2,22146,5816,225,28208,581496,581497,581499,581500,0,0,0,0
1790595303.9278448,0,-1,-3,1,22147,5815,225,28209,581526,581527,581529,581530,0,0,0,0
1790595303.9278448,5,0,2,0,22150,5813,223,28213,581616,581617,581619,581620,0,0,0,0
1790595304.128894,0,4,0,1,22152,5812,221,28215,581646,581647,581649,581650,0,0,0,0
1790595304.1331015,0,2,6,0,22156,5811,220,28219,581706,581707,581709,581710,0,0,0,0
1790595304.1377573,-5,-1,0,1,22159,5811,218,28220,581736,581737,581739,581740,0,0,0,0
1790595304.3356514,0,3,5,-3,22200,5855,238,28227,581886,581887,581889,581890,0,0,0,0
1790595304.5126302,2,0,3,1,22197,5858,245,28225,581916,581917,581919,581920,0,0,0,0
1790595304.5126302,-2,3,3,1,22189,5863,250,28220,581976,581977,581979,581980,0,0,0,0
1790595304.6474175,-1,-4,0,-3,22190,5862,249,28220,582006,582007,582009,582010,0,0,0,0
1790595304.6474175,-1,0,1,-3,22205,5873,252,28237,582036,582037,582039,582040,0,0,0,0
1790595304.6581938,0,-1,1,-1,22236,5888,250,28240,582066,582067,582069,582070,0,0,0,0
1790595304.7381787,0,0,1,2,22234,5881,249,28244,582096,582097,582099,582100,0,0,0,0
1790595304.757821,-1,1,3,-3,22233,5882,251,28244,582126,582127,582129,582130,0,0,0,0
1790595304.9479756,18,-3,-1,-1,22230,5888,254,28238,582156,582157,582159,582160,0,0,0,0
1790595304.9526222,-4,-3,-4,-10,22225,5894,261,28233,582186,582187,582189,582190,0,0,0,0
1790595304.9526222,5,2,2,7,22222,5895,262,28233,582216,582217,582219,582220,0,0,0,0
1790595304.9579775,0,-2,-7,0,22223,5894,261,28232,582246,582247,582249,582250,0,0,0,0
1790595305.152815,-2,4,-8,4,22224,5894,261,28233,582276,582277,582279,582280,0,0,0,0
1790595305.1575456,1,1,-1,0,22196,5945,309,28192,582366,582367,582369,582370,0,0,0,0
1790595305.2878747,-18,-2,0,-7,22197,5947,308,28195,582396,582397,582399,582400,0,0,0,0
1790595305.297431,-2,-6,2,-8,22214,5924,288,28218,582456,582457,582459,582460,0,0,0,0
1790595305.3782218,5,-1,-2,2,22220,5920,284,28221,582486,582487,582489,582490,0,0,0,0
1790595305.4876964,2,-1,-3,2,22216,5919,284,28218,582516,582517,582519,582520,0,0,0,0
1790595305.4876964,-3,-1,1,-1,22207,5928,294,28210,582576,582577,582579,582580,0,0,0,0
1790595305.5776925,-3,-2,2,0,22205,5931,296,28207,582606,582607,582609,582610,0,0,0,0
1790595305.7676504,4,1,-5,-3,22206,5932,295,28209,582636,582637,582639,582640,0,0,0,0
1790595305.7676504,1,-2,-2,-1,22208,5929,292,28212,582666,582667,582669,582670,0,0,0,0
1790595305.7676504,-3,-3,-4,-3,22217,5923,286,28218,582726,582727,582729,582730,0,0,0,0
1790595305.8982794,-2,-4,-1,-1,22217,5923,286,28218,582756,582757,582759,582760,0,0,0,0
1790595305.9728658,4,3,2,-3,22216,5927,290,28215,582816,582817,582819,582820,0,0,0,0
1790595305.9780607,-4,-2,-1,-2,22215,5929,290,28213,582846,582847,582849,582850,0,0,0,0
1790595306.1878963,3,0,-4,-4,22217,5942,304,28218,582876,582877,582879,582880,0,0,0,0
1790595306.1878963,0,0,-2,-6,22224,5943,297,28220,582906,582907,582909,582910,0,0,0,0
1790595306.1878963,-2,1,-3,-1,22230,5930,287,28226,582966,582967,582969,582970,0,0,0,0
1790595306.1980612,0,0,-3,1,22232,5928,285,28227,582996,582997,582999,583000,0,0,0,0
1790595306.3028882,-3,-2,1,-5,22231,5931,287,28226,583056,583057,583059,583060,0,0,0,0
1790595306.3826885,0,-2,2,6,22232,5931,286,28226,583086,583087,583089,583090,0,0,0,0
1790595306.3982577,-6,1,4,1,22232,5930,287,28226,583116,583117,583119,583120,0,0,0,0
1790595306.4590313,-2,-1,1,-3,22233,5930,286,28226,583146,583147,583149,583150,0,0,0,0
1790595306.5926356,2,-8,-2,1,22279,5877,257,28268,583176,583177,583179,583180,0,0,0,0
1790595306.5985005,31,-35,-22,25,22728,5451,32698,28675,583206,583207,583209,583210,0,0,0,0
1790595306.659784,64,-57,-86,59,25918,1900,29618,31667,583266,583267,583269,583270,0,0,0,0
1790595306.7946565,63,-72,-81,72,27831,88,27524,862,583296,583297,583299,583300,0,0,0,0
1790595306.7989948,79,-83,-77,78,29828,30776,25508,3019,583326,583327,583329,583330,0,0,0,0
1790595306.8549604,56,-64,-71,58,974,26872,21538,6893,583386,583387,583389,583390,0,0,0,0
1790595306.9984233,60,-53,-45,53,3988,23922,18588,9783,583446,583447,583449,583450,0,0,0,0
1790595307.1811268,53,-57,-74,62,9426,18484,13078,15277,583566,583567,583569,583570,0,0,0,0
1790595307.248123,74,-54,-64,68,11119,16636,11328,17053,583596,583597,583599,583600,0,0,0,0
1790595307.2587943,63,-63,-56,59,12939,14888,9511,18827,583626,583627,583629,583630,0,0,0,0
1790595307.408204,61,-58,-45,59,17979,9959,4487,23957,583716,583717,583719,583720,0,0,0,0
1790595307.4777646,51,-55,-53,52,19423,8454,3080,25387,583746,583747,583749,583750,0,0,0,0
1790595307.6129014,45,-57,-52,46,20778,7094,1669,26715,583776,583777,583779,583780,0,0,0,0
1790595307.6129014,48,-42,-62,50,22223,5634,274,28176,583806,583807,583809,583810,0,0,0,0
1790595307.6177578,53,-59,-66,57,25356,2620,29899,31353,583866,583867,583869,583870,0,0,0,0
1790595307.8177693,61,-57,-69,59,26998,900,28188,266,583896,583897,583899,583900,0,0,0,0
1790595307.8177693,65,-54,-61,57,31881,28846,23290,5176,583986,583987,583989,583990,0,0,0,0
1790595308.020031,54,-54,-47,63,3680,24216,18683,9759,584076,584077,584079,584080,0,0,0,0
1790595308.0378928,55,-57,-47,48,5276,22669,17174,11371,584106,584107,584109,584110,0,0,0,0
1790595308.099055,51,-56,-69,53,6808,21173,15634,12812,584136,584137,584139,584140,0,0,0,0
1790595308.1926842,63,-54,-54,63,8353,19563,14065,14451,584166,584167,584169,584170,0,0,0,0
1790595308.1926842,61,-83,-58,53,10019,17940,12358,16148,584196,584197,584199,584200,0,0,0,0
1790595308.2577343,54,-43,-68,65,11617,16377,10731,17695,584226,584227,584229,584230,0,0,0,0
1790595308.347959,58,-54,-44,56,13128,14808,9231,19272,584256,584257,584259,584260,0,0,0,0
1790595308.347959,47,-58,-45,46,14496,13455,7842,20622,584286,584287,584289,584290,0,0,0,0
1790595308.417829,34,-32,-25,28,15573,12364,6848,21685,584316,584317,584319,584320,0,0,0,0
1790595308.6379035,14,-14,-18,14,16151,11764,6257,22204,584346,584347,584349,584350,0,0,0,0
1790595308.6379035,-2,0,0,1,16278,11647,6160,22226,584436,584437,584439,584440,0,0,0,0
1790595308.840524,19,-22,-16,28,16653,11218,5705,22782,584496,584497,584499,584500,0,0,0,0
1790595308.840524,28,-34,-31,24,17298,10553,5092,23420,584526,584527,584529,584530,0,0,0,0
1790595308.840524,30,-32,-24,26,18034,9858,4383,24190,584556,584557,584559,584560,0,0,0,0
1790595308.8581636,21,-32,-24,19,18742,9159,3659,24876,584586,584587,584589,584590,0,0,0,0
1790595308.918737,20,-14,-30,18,19359,8558,3087,25462,584616,584617,584619,584620,0,0,0,0
1790595309.0375214,12,-8,-10,8,19985,7942,2420,26023,584676,584677,584679,584680,0,0,0,0
1790595309.0575323,5,-5,-4,11,20107,7830,2311,26164,584706,584707,584709,584710,0,0,0,0
1790595309.1979365,-3,1,1,-1,20184,7766,2255,26229,584766,584767,584769,584770,0,0,0,0
1790595309.2475128,-4,1,1,-2,20163,7788,2279,26199,584796,584797,584799,584800,0,0,0,0
1790595309.2599583,-3,5,2,-4,20121,7826,2318,26155,584826,584827,584829,584830,0,0,0,0
1790595309.3177612,-2,-2,-1,-3,20074,7866,2364,26104,584856,584857,584859,584860,0,0,0,0
1790595309.4124959,-2,1,4,-6,20026,7908,2413,26050,584886,584887,584889,584890,0,0,0,0
1790595309.4177582,1,0,-2,4,19977,7956,2471,25993,584916,584917,584919,584920,0,0,0,0
1790595309.4594853,-5,1,2,0,19921,8005,2533,25930,584946,584947,584949,584950,0,0,0,0
1790595309.6578794,-2,-2,5,-5,19700,8216,2799,25689,585036,585037,585039,585040,0,0,0,0
1790595309.6777015,-6,-1,3,-2,19606,8318,2915,25598,585066,585067,585069,585070,0,0,0,0
1790595309.8376827,-9,6,5,-5,19500,8437,3030,25503,585096,585097,585099,585100,0,0,0,0
1790595309.840149,0,1,-2,3,19300,8669,3223,25324,585156,585157,585159,585160,0,0,0,0
1790595309.9339857,-4,5,3,2,19235,8734,3273,25266,585186,585187,585189,585190,0,0,0,0
1790595309.9377685,-5,0,-4,-4,19202,8770,3301,25230,585216,585217,585219,585220,0,0,0,0
1790595309.9778895,-3,1,4,-3,19197,8786,3310,25222,585246,585247,585249,585250,0,0,0,0
1790595310.062855,1,-2,3,-8,19196,8787,3313,25226,585276,585277,585279,585280,0,0,0,0
1790595310.0777144,-1,2,0,2,19196,8779,3308,25232,585306,585307,585309,585310,0,0,0,0
1790595310.2076623,-4,0,-3,-2,19206,8769,3300,25240,585366,585367,585369,585370,0,0,0,0
1790595310.2181406,3,-3,1,-2,19208,8769,3301,25241,585396,585397,585399,585400,0,0,0,0
1790595310.2785633,-4,0,-2,-2,19200,8771,3303,25235,585456,585457,585459,585460,0,0,0,0
1790595310.3180504,-1,-2,1,3,19202,8772,3304,25235,585486,585487,585489,585490,0,0,0,0
1790595310.3778563,-1,-3,-1,0,19203,8774,3304,25237,585516,585517,585519,585520,0,0,0,0
1790595310.479164,-2,-5,-2,-2,19239,8761,3305,25285,585576,585577,585579,585580,0,0,0,0
1790595310.6885734,0,3,0,-2,19244,8751,3302,25282,585696,585697,585699,585700,0,0,0,0
1790595310.8887978,-1,-2,-3,2,19226,8769,3316,25266,585756,585757,585759,585760,0,0,0,0
1790595310.8887978,-6,-2,-6,-5,19222,8775,3319,25262,585816,585817,585819,585820,0,0,0,0
1790595311.058232,-1,-4,0,2,19222,8768,3312,25256,585876,585877,585879,585880,0,0,0,0
1790595311.0623004,-2,-4,-6,-2,19238,8768,3332,25286,585906,585907,585909,585910,0,0,0,0
1790595311.0909214,5,-2,1,-1,19248,8768,3329,25293,585936,585937,585939,585940,0,0,0,0
1790595311.217404,-2,6,-10,0,19257,8781,3339,25304,585966,585967,585969,585970,0,0,0,0
1790595311.2189255,-3,0,-4,0,19247,8782,3345,25289,585996,585997,585999,586000,0,0,0,0
1790595311.297692,1,1,-2,-1,19239,8792,3356,25283,586026,586027,586029,586030,0,0,0,0
1790595311.297692,-3,2,-5,0,19231,8803,3363,25275,586056,586057,586059,586060,0,0,0,0
1790595311.4975898,1,3,2,-4,19223,8810,3369,25267,586116,586117,586119,586120,0,0,0,0
1790595311.4975898,2,-5,-3,2,19227,8806,3365,25272,586176,586177,586179,586180,0,0,0,0
1790595311.7079206,-1,1,-2,-1,19230,8804,3363,25275,586206,586207,586209,586210,0,0,0,0
1790595311.7079206,2,-1,2,1,19227,8779,3346,25276,586266,586267,586269,586270,0,0,0,0
1790595311.7182279,0,1,-1,-1,19271,8776,3340,25318,586296,586297,586299,586300,0,0,0,0
1790595311.8976262,0,5,2,0,19270,8771,3340,25319,586326,586327,586329,586330,0,0,0,0
1790595311.8976262,0,-4,-1,1,19249,8780,3349,25295,586416,586417,586419,586420,0,0,0,0
1790595312.1176555,2,3,0,-4,19282,8751,3323,25327,586536,586537,586539,586540,0,0,0,0
1790595312.2279236,-4,-1,-11,-4,19270,8762,3333,25316,586566,586567,586569,586570,0,0,0,0
1790595312.2279236,-1,-1,3,3,19255,8775,3344,25301,586596,586597,586599,586600,0,0,0,0
1790595312.3174548,3,-3,-1,1,19244,8789,3356,25292,586656,586657,586659,586660,0,0,0,0
1790595312.3578665,0,2,1,1,19243,8790,3356,25289,586686,586687,586689,586690,0,0,0,0
1790595312.5284626,2,3,-1,-4,19242,8790,3356,25290,586716,586717,586719,586720,0,0,0,0
1790595312.5284626,0,2,-3,-5,19242,8790,3356,25289,586746,586747,586749,586750,0,0,0,0
1790595312.5284626,2,1,-3,-1,19241,8790,3357,25288,586776,586777,586779,586780,0,0,0,0
1790595312.7302897,-3,3,-3,-4,19241,8790,3356,25289,586806,586807,586809,586810,0,0,0,0
1790595312.7302897,5,1,0,2,19242,8789,3356,25289,586836,586837,586839,586840,0,0,0,0
1790595312.7377348,3,1,6,-1,19244,8788,3353,25292,586896,586897,586899,586900,0,0,0,0
1790595312.9378545,0,-3,-1,1,19245,8786,3353,25292,586926,586927,586929,586930,0,0,0,0
1790595312.9399145,0,-3,3,3,19245,8788,3354,25293,587016,587017,587019,587020,0,0,0,0
1790595313.142719,-3,0,4,3,19244,8788,3354,25293,587046,587047,587049,587050,0,0,0,0
1790595313.142719,1,-6,-3,-2,19249,8781,3349,25297,587136,587137,587139,587140,0,0,0,0
1790595313.1583102,-2,-7,4,-3,19252,8778,3346,25299,587166,587167,587169,587170,0,0,0,0
1790595313.232911,3,4,0,3,19254,8775,3345,25302,587196,587197,587199,587200,0,0,0,0
1790595313.232911,-2,-2,0,-2,19255,8777,3344,25302,587226,587227,587229,587230,0,0,0,0
1790595313.338372,-1,-5,1,-3,19254,8776,3345,25301,587256,587257,587259,587260,0,0,0,0
1790595313.3478067,0,1,-1,1,19256,8774,3342,25303,587286,587287,587289,587290,0,0,0,0
1790595313.5480528,5,2,-1,1,19258,8772,3342,25306,587316,587317,587319,587320,0,0,0,0
1790595313.5530002,1,1,-4,4,19262,8790,3351,25303,587406,587407,587409,587410,0,0,0,0
1790595313.7377243,-5,-5,1,1,19262,8808,3365,25295,587436,587437,587439,587440,0,0,0,0
1790595313.7474382,1,-5,-1,-3,19262,8816,3371,25296,587466,587467,587469,587470,0,0,0,0
1790595313.7484732,3,-1,3,-2,19273,8816,3369,25306,587526,587527,587529,587530,0,0,0,0
1790595313.9576547,-5,1,0,-1,19275,8811,3366,25310,587556,587557,587559,587560,0,0,0,0
1790595313.9576547,-3,-5,-4,2,19299,8822,3364,25322,587616,587617,587619,587620,0,0,0,0
1790595313.9679136,-3,4,-5,-2,19306,8817,3360,25325,587646,587647,587649,587650,0,0,0,0
1790595313.9679136,-2,3,-1,-2,19312,8815,3358,25331,587676,587677,587679,587680,0,0,0,0
1790595314.1678274,-2,-1,0,5,19310,8817,3361,25329,587706,587707,587709,587710,0,0,0,0
1790595314.170443,1,3,-1,5,19298,8827,3370,25319,587766,587767,587769,587770,0,0,0,0
1790595314.2476146,3,-1,-1,-3,19296,8830,3372,25317,587796,587797,587799,587800,0,0,0,0
1790595314.2476146,-2,-3,-2,1,19297,8830,3372,25317,587826,587827,587829,587830,0,0,0,0
1790595314.367558,-2,3,2,-1,19256,8867,3409,25289,587886,587887,587889,587890,0,0,0,0
1790595314.5078707,2,-1,-2,-2,19257,8872,3410,25280,587916,587917,587919,587920,0,0,0,0
1790595314.5078707,1,-3,-2,-2,19254,8869,3411,25282,587946,587947,587949,587950,0,0,0,0
1790595314.519841,0,-1,-4,-7,19264,8868,3407,25288,587976,587977,587979,587980,0,0,0,0
1790595314.577549,1,-3,-2,-2,19275,8866,3401,25296,588006,588007,588009,588010,0,0,0,0
1790595314.718428,4,-2,4,1,19278,8862,3400,25301,588036,588037,588039,588040,0,0,0,0
1790595314.718428,0,-2,1,3,19278,8862,3400,25301,588066,588067,588069,588070,0,0,0,0
1790595314.7897203,-3,4,-1,-2,19271,8863,3401,25293,588126,588127,588129,588130,0,0,0,0
1790595314.797993,-11,-33,-10,-17,19250,8764,3337,25202,588156,588157,588159,588160,0,0,0,0
1790595314.8580632,-27,-24,-30,-22,18524,8048,2653,24418,588186,588187,588189,588190,0,0,0,0
1790595314.9678054,-22,-24,-24,-29,17846,7445,1963,23821,588216,588217,588219,588220,0,0,0,0
1790595314.9787276,-24,-24,-27,-34,17230,6839,1290,23079,588246,588247,588249,588250,0,0,0,0
1790595315.0378819,-22,-28,-30,-27,16471,6151,635,22156,588276,588277,588279,588280,0,0,0,0
1790595315.0757625,-28,-23,-32,-26,15697,5467,32665,21479,588306,588307,588309,588310,0,0,0,0
1790595315.138491,-26,-26,-32,-20,14964,4685,31917,20890,588336,588337,588339,588340,0,0,0,0
1790595315.2001429,-28,-40,-28,-35,14253,3755,31097,20166,588366,588367,588369,588370,0,0,0,0
1790595315.2452767,-32,-27,-26,-28,13535,2980,30224,19427,588396,588397,588399,588400,0,0,0,0
1790595315.2563725,-26,-25,-25,-25,12721,2205,29400,18680,588426,588427,588429,588430,0,0,0,0
1790595315.3535626,-30,-36,-27,-36,11973,1354,28702,17887,588456,588457,588459,588460,0,0,0,0
1790595315.3576312,-37,-27,-25,-39,11141,635,27855,16975,588486,588487,588489,588490,0,0,0,0
1790595315.417551,-24,-22,-33,-22,10277,32639,27044,16180,588516,588517,588519,588520,0,0,0,0
1790595315.4777608,-27,-34,-28,-27,9481,31846,26340,15353,588546,588547,588549,588550,0,0,0,0
1790595315.5775256,-37,-28,-33,-39,8667,31041,25515,14476,588576,588577,588579,588580,0,0,0,0
1790595315.6311166,-33,-29,-32,-31,7866,30239,24689,13706,588606,588607,588609,588610,0,0,0,0
1790595315.6383255,-23,-29,-32,-28,7069,29429,23791,12820,588636,588637,588639,588640,0,0,0,0
1790595315.6975598,-28,-36,-39,-30,6375,28607,22873,12165,588666,588667,588669,588670,0,0,0,0
1790595315.7426946,-29,-23,-38,-31,5628,27756,21962,11361,588696,588697,588699,588700,0,0,0,0
1790595315.7577796,-28,-31,-29,-30,4819,26914,21111,10490,588726,588727,588729,588730,0,0,0,0
1790595315.8515265,-42,-40,-29,-36,4022,26107,20313,9690,588756,588757,588759,588760,0,0,0,0
1790595315.8610258,-34,-30,-21,-50,3069,25334,19603,8782,588786,588787,588789,588790,0,0,0,0
1790595315.9197142,-35,-23,-34,-20,2092,24491,18910,7910,588816,588817,588819,588820,0,0,0,0
1790595315.9775424,-23,-32,-28,-28,1209,23647,18140,7227,588846,588847,588849,588850,0,0,0,0
1790595316.0177653,-31,-36,-30,-41,454,22819,17281,6428,588876,588877,588879,588880,0,0,0,0
1790595316.091093,-28,-26,-33,-23,32468,21977,16462,5556,588906,588907,588909,588910,0,0,0,0
1790595316.1377106,-30,-37,-26,-34,31003,20372,14612,4018,588966,588967,588969,588970,0,0,0,0
1790595316.2128303,-24,-26,-27,-27,29323,18740,12954,2329,589026,589027,589029,589030,0,0,0,0
1790595316.2724519,-32,-37,-30,-32,28523,17916,12247,1625,589056,589057,589059,589060,0,0,0,0
1790595316.319151,-31,-26,-24,-31,27723,17076,11517,774,589086,589087,589089,589090,0,0,0,0
1790595316.3776472,-29,-18,-30,-24,26826,16324,10767,32737,589116,589117,589119,589120,0,0,0,0
1790595316.4375374,-17,-26,-20,-25,26232,15799,10178,32206,589146,589147,589149,589150,0,0,0,0
1790595316.4978943,-17,-26,-20,-25,26232,15799,10178,32206,589146,589147,589149,589150,0,0,0,0
1790595316.5175335,-29,-24,-26,-24,25124,14390,8891,30994,589206,589207,589209,589210,0,0,0,0
1790595316.5777256,-22,-21,-18,-13,24423,13789,8334,30417,589236,589237,589239,589240,0,0,0,0
1790595316.6385043,-10,-23,-17,-13,23978,13261,7946,30088,589266,589267,589269,589270,0,0,0,0
1790595316.697641,-9,-23,-20,-23,23616,12807,7451,29589,589296,589297,589299,589300,0,0,0,0
1790595316.8383822,-14,-13,-11,-11,22393,11841,5992,27879,589386,589387,589389,589390,0,0,0,0
1790595316.897855,-12,-4,-6,-10,22035,11604,5802,27575,589416,589417,589419,589420,0,0,0,0
1790595316.957849,-17,-19,-11,-9,21706,11272,5578,27346,589446,589447,589449,589450,0,0,0,0
1790595317.0680904,-5,-16,-14,-3,21388,10816,5267,27189,589476,589477,589479,589480,0,0,0,0
1790595317.0782826,-2,-4,-10,-3,21214,10388,4913,27113,589506,589507,589509,589510,0,0,0,0
1790595317.128218,-3,-14,-7,-9,21242,10129,4599,27055,589536,589537,589539,589540,0,0,0,0
1790595317.1878145,-5,-4,-17,-9,21175,9815,4228,26831,589566,589567,589569,589570,0,0,0,0
1790595317.1878145,-4,-7,-16,-10,21061,9636,3873,26578,589596,589597,589599,589600,0,0,0,0
1790595317.2685404,-6,-7,-6,-15,20866,9546,3716,26328,589626,589627,589629,589630,0,0,0,0
1790595317.2977002,-18,-3,5,-12,20507,9443,3715,26001,589656,589657,589659,589660,0,0,0,0
1790595317.3787718,-19,-6,-4,-9,20014,9285,3764,25718,589686,589687,589689,589690,0,0,0,0
1790595317.4279478,-14,-4,0,-4,19592,9146,3794,25507,589716,589717,589719,589720,0,0,0,0
1790595317.4876738,-13,-5,-6,-10,19325,9064,3793,25328,589746,589747,589749,589750,0,0,0,0
1790595317.5527673,-9,-15,-7,-9,19108,8920,3664,25074,589776,589777,589779,589780,0,0,0,0
1790595317.5575364,-10,-20,-9,-6,18957,8635,3417,24901,589806,589807,589809,589810,0,0,0,0
1790595317.6526976,-4,-13,-11,-2,18850,8284,3116,24787,589836,589837,589839,589840,0,0,0,0
1790595317.654733,2,-36,-7,6,18863,8108,2880,24814,589866,589867,589869,589870,0,0,0,0
1790595317.8494456,0,-1,-5,5,18949,8030,2794,24913,589896,589897,589899,589900,0,0,0,0
1790595317.8577354,-1,-3,-5,1,19037,7962,2708,24998,589986,589987,589989,589990,0,0,0,0
1790595317.9576335,-4,5,-4,-3,19036,7964,2712,24995,590016,590017,590019,590020,0,0,0,0
1790595318.0577846,0,2,0,0,19030,7969,2721,24988,590046,590047,590049,590050,0,0,0,0
1790595318.2584162,0,2,-6,1,19044,7973,2717,24999,590136,590137,590139,590140,0,0,0,0
1790595318.2627258,7,5,-6,0,19056,7952,2696,25017,590196,590197,590199,590200,0,0,0,0
1790595318.2627258,1,1,10,-1,19058,7954,2697,25017,590226,590227,590229,590230,0,0,0,0
1790595318.2675424,-1,-2,0,-1,19057,7956,2700,25015,590256,590257,590259,590260,0,0,0,0
1790595318.4675784,2,-2,-4,-2,19051,7961,2707,25007,590346,590347,590349,590350,0,0,0,0
1790595318.4778008,0,-1,-3,1,19032,7950,2696,24990,590376,590377,590379,590380,0,0,0,0
1790595318.672752,-3,1,-1,0,19010,7974,2730,24965,590466,590467,590469,590470,0,0,0,0
1790595318.6783056,-3,1,1,3,19017,7968,2724,24974,590496,590497,590499,590500,0,0,0,0
1790595318.7878098,3,-2,5,-8,19026,7964,2717,24984,590526,590527,590529,590530,0,0,0,0
1790595318.797679,0,-2,4,1,19030,7960,2711,24989,590556,590557,590559,590560,0,0,0,0
1790595318.8737566,0,4,3,-1,19030,7958,2710,24991,590586,590587,590589,590590,0,0,0,0
1790595318.8773606,5,0,-4,1,19030,7957,2709,24990,590616,590617,590619,590620,0,0,0,0
1790595318.9433093,3,-1,0,-1,19031,7958,2709,24991,590646,590647,590649,590650,0,0,0,0
1790595319.0773673,42,-62,-33,22,19708,7126,2129,25549,590706,590707,590709,590710,0,0,0,0
1790595319.292553,77,-67,-47,59,21260,5132,681,26765,590736,590737,590739,590740,0,0,0,0
1790595319.2968378,80,-71,-83,77,27153,32284,27413,125,590826,590827,590829,590830,0,0,0,0
1790595319.300441,67,-65,-67,58,29154,30298,25385,2206,590856,590857,590859,590860,0,0,0,0
1790595319.4881566,68,-66,-64,69,31016,28479,23562,4019,590886,590887,590889,590890,0,0,0,0
1790595319.492863,42,-39,-44,32,1161,25591,20739,6916,590946,590947,590949,590950,0,0,0,0
1790595319.4976437,37,-43,-38,36,2382,24429,19548,8085,590976,590977,590979,590980,0,0,0,0
1790595319.547902,53,-38,-55,52,3666,23183,18285,9387,591006,591007,591009,591010,0,0,0,0
1790595319.6877496,59,-70,-81,55,6761,20210,15211,12533,591066,591067,591069,591070,0,0,0,0
1790595319.7527018,69,-58,-72,78,8532,18518,13508,14433,591096,591097,591099,591100,0,0,0,0
1790595319.7527018,54,-54,-56,59,10344,16675,11632,16321,591126,591127,591129,591130,0,0,0,0
1790595319.89803,60,-68,-62,77,12120,14982,9898,18123,591156,591157,591159,591160,0,0,0,0
1790595319.89803,58,-69,-60,49,13815,13388,8296,19711,591186,591187,591189,591190,0,0,0,0
1790595319.9185464,55,-50,-49,53,15325,11928,6850,21238,591216,591217,591219,591220,0,0,0,0
1790595319.9680727,61,-46,-52,61,16787,10440,5434,22686,591246,591247,591249,591250,0,0,0,0
1790595320.0978525,53,-64,-51,65,21072,6155,1106,27116,591336,591337,591339,591340,0,0,0,0
1790595320.1683445,64,-55,-67,57,22859,4641,32293,28894,591366,591367,591369,591370,0,0,0,0
1790595320.1760774,58,-60,-65,70,24512,2945,30652,30554,591396,591397,591399,591400,0,0,0,0
1790595320.2881095,72,-64,-50,67,26172,1267,28942,32342,591426,591427,591429,591430,0,0,0,0
1790595320.2881095,45,-53,-60,58,27889,32536,27239,1121,591456,591457,591459,591460,0,0,0,0
1790595320.358496,59,-58,-57,62,29456,30951,25749,2869,591486,591487,591489,591490,0,0,0,0
1790595320.5076258,49,-44,-59,56,32559,27926,22795,5846,591546,591547,591549,591550,0,0,0,0
1790595320.5774865,59,-57,-46,50,2831,24889,19734,9022,591606,591607,591609,591610,0,0,0,0
1790595320.5879488,56,-51,-62,56,4461,23325,18260,10523,591636,591637,591639,591640,0,0,0,0
1790595320.71856,56,-59,-54,62,5951,21755,16740,12182,591666,591667,591669,591670,0,0,0,0
1790595320.71856,55,-62,-52,52,7575,20276,15043,13775,591696,591697,591699,591700,0,0,0,0
1790595320.807595,45,-45,-55,47,9026,18897,13696,15134,591726,591727,591729,591730,0,0,0,0
1790595320.8179824,34,-48,-30,34,10204,17660,12463,16343,591756,591757,591759,591760,0,0,0,0
1790595320.8780959,35,-24,-24,23,11114,16814,11648,17170,591786,591787,591789,591790,0,0,0,0
1790595320.9239337,17,-16,-23,18,11754,16235,11060,17711,591816,591817,591819,591820,0,0,0,0
1790595320.9879909,16,-16,-13,15,12184,15808,10577,18178,591846,591847,591849,591850,0,0,0,0
1790595320.9976575,8,-13,-17,10,12551,15400,10247,18519,591876,591877,591879,591880,0,0,0,0
1790595321.1298475,21,-16,-18,17,13314,14651,9531,19249,591936,591937,591939,591940,0,0,0,0
1790595321.1987567,13,-15,-12,14,13769,14202,9150,19650,591966,591967,591969,591970,0,0,0,0
1790595321.2077591,11,-15,-15,16,14153,13812,8684,20073,591996,591997,591999,592000,0,0,0,0
1790595321.2977061,19,-17,-18,13,15042,12875,7788,21010,592056,592057,592059,592060,0,0,0,0
1790595321.3577154,19,-12,-15,14,15476,12478,7354,21448,592086,592087,592089,592090,0,0,0,0
1790595321.5376549,14,-15,-14,16,16651,11358,6162,22626,592176,592177,592179,592180,0,0,0,0
1790595321.7375202,18,-18,-16,9,18382,9598,4476,24371,592296,592297,592299,592300,0,0,0,0
1790595321.7585926,15,-16,-21,16,18817,9169,4011,24822,592326,592327,592329,592330,0,0,0,0
1790595321.947509,0,-6,-7,10,20231,7785,2584,26266,592446,592447,592449,592450,0,0,0,0
1790595322.1481853,7,-2,-4,6,20372,7655,2449,26396,592476,592477,592479,592480,0,0,0,0
1790595322.1481853,-1,2,6,2,20523,7510,2310,26515,592566,592567,592569,592570,0,0,0,0
1790595322.2976348,-3,1,2,1,20522,7511,2314,26512,592596,592597,592599,592600,0,0,0,0
1790595322.2976348,1,-3,0,-3,20493,7543,2343,26484,592656,592657,592659,592660,0,0,0,0
1790595322.3545644,1,1,4,0,20479,7557,2357,26472,592686,592687,592689,592690,0,0,0,0
1790595322.5612931,8,-4,0,4,20470,7565,2366,26465,592716,592717,592719,592720,0,0,0,0
1790595322.5675232,-1,-6,0,-2,20474,7559,2359,26470,592806,592807,592809,592810,0,0,0,0
1790595322.757601,3,0,0,4,20476,7557,2357,26471,592836,592837,592839,592840,0,0,0,0
1790595322.761749,-6,2,0,0,20472,7561,2362,26468,592896,592897,592899,592900,0,0,0,0
1790595322.7643387,1,-1,-1,2,20470,7565,2366,26465,592926,592927,592929,592930,0,0,0,0
1790595322.9727645,-3,3,1,0,20469,7564,2365,26466,592956,592957,592959,592960,0,0,0,0
1790595322.9745255,0,-2,0,3,20486,7573,2375,26478,593046,593047,593049,593050,0,0,0,0
1790595323.0925632,-5,-2,5,2,20489,7574,2378,26480,593076,593077,593079,593080,0,0,0,0
1790595323.0925632,-2,2,3,3,20490,7575,2376,26481,593106,593107,593109,593110,0,0,0,0
1790595323.098562,-1,-1,5,5,20490,7575,2377,26481,593136,593137,593139,593140,0,0,0,0
1790595323.1777518,5,3,-4,-4,20488,7574,2377,26480,593166,593167,593169,593170,0,0,0,0
1790595323.2978373,-2,-3,-2,-1,20490,7576,2374,26476,593196,593197,593199,593200,0,0,0,0
1790595323.3040671,6,-4,-2,2,20490,7576,2377,26479,593226,593227,593229,593230,0,0,0,0
1790595323.3176312,-1,-4,-4,1,20487,7575,2379,26479,593256,593257,593259,593260,0,0,0,0
1790595323.3980062,-3,1,1,-3,20486,7576,2378,26479,593286,593287,593289,593290,0,0,0,0
1790595323.463523,0,-3,-5,0,20485,7574,2377,26478,593346,593347,593349,593350,0,0,0,0
1790595323.5885718,-1,0,-3,-2,20496,7577,2380,26491,593406,593407,593409,593410,0,0,0,0
1790595323.789634,-1,3,2,-2,20508,7563,2369,26495,593526,593527,593529,593530,0,0,0,0
1790595323.992744,-1,-1,1,0,20496,7570,2378,26488,593556,593557,593559,593560,0,0,0,0
1790595323.9983091,-3,2,1,0,20492,7575,2383,26485,593586,593587,593589,593590,0,0,0,0
1790595323.9983091,2,-11,1,-2,20491,7575,2383,26485,593646,593647,593649,593650,0,0,0,0
1790595324.1756103,0,-2,3,-2,20493,7573,2381,26487,593676,593677,593679,593680,0,0,0,0
1790595324.1776438,-1,-11,-4,-1,20504,7569,2390,26502,593796,593797,593799,593800,0,0,0,0
1790595324.3177383,-2,-1,1,-1,20509,7579,2415,26519,593856,593857,593859,593860,0,0,0,0
1790595324.3980262,-3,-3,-4,0,20505,7582,2417,26517,593886,593887,593889,593890,0,0,0,0
1790595324.6080997,-3,-1,0,0,20500,7585,2419,26512,593946,593947,593949,593950,0,0,0,0
1790595324.6080997,1,0,-6,-1,20502,7583,2418,26514,594036,594037,594039,594040,0,0,0,0
1790595324.8145056,1,0,-3,0,20502,7583,2418,26514,594066,594067,594069,594070,0,0,0,0
1790595324.8145056,3,1,3,2,20519,7549,2385,26538,594156,594157,594159,594160,0,0,0,0
1790595325.0080216,-1,1,-2,2,20539,7543,2377,26547,594186,594187,594189,594190,0,0,0,0
1790595325.0080216,2,-4,-4,2,20529,7564,2396,26536,594276,594277,594279,594280,0,0,0,0
1790595325.2277415,3,2,3,0,20571,7517,2351,26573,594396,594397,594399,594400,0,0,0,0
1790595325.3177333,-2,-2,-6,2,20565,7521,2359,26568,594426,594427,594429,594430,0,0,0,0
1790595325.3177333,0,0,1,-6,20552,7536,2372,26556,594456,594457,594459,594460,0,0,0,0
1790595325.4279377,3,1,5,-1,20534,7560,2393,26541,594516,594517,594519,594520,0,0,0,0
1790595325.628354,2,1,-1,-4,20531,7562,2394,26539,594546,594547,594549,594550,0,0,0,0
1790595325.6352434,1,0,0,-2,20531,7560,2393,26539,594636,594637,594639,594640,0,0,0,0
1790595325.8379264,0,-3,-7,1,20530,7560,2393,26539,594666,594667,594669,594670,0,0,0,0
1790595325.8428726,0,2,5,-2,20538,7553,2386,26546,594786,594787,594789,594790,0,0,0,0
1790595326.0428858,2,2,2,2,20541,7548,2381,26548,594876,594877,594879,594880,0,0,0,0
1790595326.0581024,-2,1,-2,-6,20544,7546,2380,26550,594906,594907,594909,594910,0,0,0,0
1790595326.2488515,-1,1,-2,-3,20547,7543,2377,26552,594996,594997,594999,595000,0,0,0,0
1790595326.2579553,-2,2,0,-1,20544,7545,2379,26550,595026,595027,595029,595030,0,0,0,0
1790595326.322761,-3,-3,-1,-2,20545,7546,2380,26551,595056,595057,595059,595060,0,0,0,0
1790595326.448209,0,2,-4,-3,20546,7545,2378,26552,595086,595087,595089,595090,0,0,0,0
1790595326.457449,-3,3,-3,-3,20547,7543,2377,26553,595116,595117,595119,595120,0,0,0,0
1790595326.457449,1,2,-4,-6,20548,7543,2377,26552,595146,595147,595149,595150,0,0,0,0
1790595326.6619048,1,0,0,-2,20551,7542,2371,26551,595266,595267,595269,595270,0,0,0,0
1790595326.668068,0,0,3,-2,20560,7551,2378,26559,595296,595297,595299,595300,0,0,0,0
1790595326.8478622,-6,0,-3,-2,20560,7552,2380,26562,595326,595327,595329,595330,0,0,0,0
1790595326.8478622,-6,0,-2,1,20558,7554,2385,26560,595386,595387,595389,595390,0,0,0,0
1790595327.0679178,3,-2,0,-3,20556,7553,2386,26560,595416,595417,595419,595420,0,0,0,0
1790595327.0679178,4,2,1,0,20580,7550,2376,26578,595506,595507,595509,595510,0,0,0,0
1790595327.077577,1,4,3,7,20583,7547,2372,26579,595536,595537,595539,595540,0,0,0,0
1790595327.2685199,1,2,-2,0,20578,7553,2379,26574,595626,595627,595629,595630,0,0,0,0
1790595327.2776978,3,0,0,-2,20577,7555,2381,26574,595656,595657,595659,595660,0,0,0,0
1790595327.337963,-6,-3,1,1,20576,7557,2385,26572,595686,595687,595689,595690,0,0,0,0
1790595327.4792652,-3,-5,4,-1,20542,7588,2418,26549,595746,595747,595749,595750,0,0,0,0
1790595327.617573,4,-2,-1,1,20548,7595,2432,26560,595806,595807,595809,595810,0,0,0,0
1790595327.6330018,1,-2,1,6,20557,7587,2425,26569,595836,595837,595839,595840,0,0,0,0
1790595327.6350186,-8,4,1,0,20567,7581,2418,26574,595866,595867,595869,595870,0,0,0,0
1790595327.8176758,-4,-3,2,6,20580,7571,2408,26585,595956,595957,595959,595960,0,0,0,0
1790595327.8781095,-2,-1,0,3,20580,7572,2409,26584,595986,595987,595989,595990,0,0,0,0
1790595327.8979192,0,0,3,1,20576,7576,2414,26581,596016,596017,596019,596020,0,0,0,0
1790595328.0919259,1,-3,-1,0,20572,7582,2419,26578,596106,596107,596109,596110,0,0,0,0
1790595328.0983007,-1,4,-1,3,20573,7579,2418,26579,596136,596137,596139,596140,0,0,0,0
1790595328.22389,-1,-3,-2,1,20574,7577,2415,26579,596166,596167,596169,596170,0,0,0,0
1790595328.2374694,5,0,-9,1,20576,7577,2413,26581,596226,596227,596229,596230,0,0,0,0
1790595328.2976983,-2,-3,1,-1,20570,7575,2413,26576,596256,596257,596259,596260,0,0,0,0
1790595328.337587,-7,0,-2,1,20570,7578,2419,26579,596286,596287,596289,596290,0,0,0,0
1790595328.5060046,3,0,1,4,20571,7581,2423,26581,596376,596377,596379,596380,0,0,0,0
1790595328.577806,5,-2,-1,-1,20572,7579,2423,26583,596406,596407,596409,596410,0,0,0,0
1790595328.7066104,8,-8,-16,8,20695,7452,2326,26689,596466,596467,596469,596470,0,0,0,0
1790595328.708389,81,-60,-44,58,21648,6653,1738,27501,596496,596497,596499,596500,0,0,0,0
1790595328.7777686,79,-64,-71,67,23596,4811,405,29170,596526,596527,596529,596530,0,0,0,0
1790595328.9078228,72,-69,-73,82,27402,1069,29316,509,596586,596587,596589,596590,0,0,0,0
1790595328.9175823,77,-89,-80,80,29402,31874,27192,2694,596616,596617,596619,596620,0,0,0,0
1790595328.9883034,68,-78,-76,62,31496,29972,25241,4654,596646,596647,596649,596650,0,0,0,0
1790595329.112628,83,-59,-61,68,534,28193,23484,6520,596676,596677,596679,596680,0,0,0,0
1790595329.112628,48,-49,-47,43,2071,26763,21999,7951,596706,596707,596709,596710,0,0,0,0
1790595329.1177166,42,-45,-45,27,3333,25432,20758,9174,596736,596737,596739,596740,0,0,0,0
1790595329.317891,37,-48,-41,43,4581,24247,19488,10370,596766,596767,596769,596770,0,0,0,0
1790595329.3233876,60,-61,-54,72,7303,21491,16800,13141,596826,596827,596829,596830,0,0,0,0
1790595329.3394248,64,-63,-59,63,9017,19840,15048,14866,596856,596857,596859,596860,0,0,0,0
1790595329.3581867,68,-87,-82,72,10715,18145,13266,16738,596886,596887,596889,596890,0,0,0,0
1790595329.5256298,65,-42,-57,50,12548,16300,11412,18581,596916,596917,596919,596920,0,0,0,0
1790595329.5256298,57,-60,-58,71,14272,14514,9666,20299,596946,596947,596949,596950,0,0,0,0
1790595329.5398543,61,-57,-48,48,15906,12897,8066,21891,596976,596977,596979,596980,0,0,0,0
1790595329.598008,48,-51,-47,54,18776,10079,5213,24755,597036,597037,597039,597040,0,0,0,0
1790595329.7301917,52,-59,-50,54,21622,7176,2255,27756,597096,597097,597099,597100,0,0,0,0
1790595329.7377617,46,-43,-56,47,23189,5588,737,29259,597126,597127,597129,597130,0,0,0,0
1790595329.814868,65,-67,-62,66,24810,3995,31818,30959,597156,597157,597159,597160,0,0,0,0
1790595329.9276905,65,-59,-60,53,26490,2375,30088,32662,597186,597187,597189,597190,0,0,0,0
1790595329.9276905,60,-59,-70,79,28128,623,28446,1527,597216,597217,597219,597220,0,0,0,0
1790595329.937406,66,-66,-52,54,29863,31768,26763,3180,597246,597247,597249,597250,0,0,0,0
1790595329.9877155,51,-53,-56,57,31422,30265,25283,4677,597276,597277,597279,597280,0,0,0,0
1790595330.1377025,53,-57,-52,65,133,28771,23766,6268,597306,597307,597309,597310,0,0,0,0
1790595330.1425743,64,-62,-54,53,1651,27309,22193,7764,597336,597337,597339,597340,0,0,0,0
1790595330.1974754,54,-45,-48,48,3144,25688,20754,9229,597366,597367,597369,597370,0,0,0,0
1790595330.207781,50,-54,-57,65,4676,24225,19223,10743,597396,597397,597399,597400,0,0,0,0
1790595330.2874699,62,-66,-64,51,6214,22614,17615,12340,597426,597427,597429,597430,0,0,0,0
1790595330.2949433,51,-53,-61,51,7867,21085,16127,13964,597456,597457,597459,597460,0,0,0,0
1790595330.3579106,54,-51,-60,61,9418,19495,14453,15545,597486,597487,597489,597490,0,0,0,0
1790595330.3775215,58,-61,-42,38,10783,18058,12946,17033,597516,597517,597519,597520,0,0,0,0
1790595330.4576962,34,-38,-34,42,12018,16873,11875,18162,597546,597547,597549,597550,0,0,0,0
1790595330.5074592,26,-21,-27,15,12825,16152,11096,18912,597576,597577,597579,597580,0,0,0,0
1790595330.557581,16,-13,-9,15,13387,15577,10514,19385,597606,597607,597609,597610,0,0,0,0
1790595330.6189566,5,-13,-6,2,13703,15256,10271,19625,597636,597637,597639,597640,0,0,0,0
1790595330.752453,3,-8,-10,11,13881,15077,10117,19775,597666,597667,597669,597670,0,0,0,0
1790595330.752453,8,-11,-6,8,14046,14874,9931,19964,597696,597697,597699,597700,0,0,0,0
1790595330.7577178,9,-17,-14,15,14304,14585,9648,20312,597726,597727,597729,597730,0,0,0,0
1790595330.8077457,18,-18,-24,14,14735,14147,9231,20788,597756,597757,597759,597760,0,0,0,0
1790595330.9584517,23,-17,-21,23,16462,12422,7509,22463,597846,597847,597849,597850,0,0,0,0
1790595331.0382671,19,-16,-13,14,16959,11979,7030,23000,597876,597877,597879,597880,0,0,0,0
1790595331.1631184,8,-12,-12,10,17604,11405,6437,23619,597936,597937,597939,597940,0,0,0,0
1790595331.1631184,10,0,-7,11,17835,11177,6194,23857,597966,597967,597969,597970,0,0,0,0
1790595331.1790366,6,-4,-7,7,18012,11009,6020,24019,597996,597997,597999,598000,0,0,0,0
1790595331.3479376,1,-5,-2,2,18354,10627,5698,24315,598086,598087,598089,598090,0,0,0,0
1790595331.5379915,2,-3,-7,5,18435,10541,5620,24385,598116,598117,598119,598120,0,0,0,0
1790595331.5379915,-5,4,-4,-2,18535,10442,5530,24461,598206,598207,598209,598210,0,0,0,0
1790595331.5796142,-6,1,-1,-2,18520,10456,5546,24445,598236,598237,598239,598240,0,0,0,0
1790595331.777685,2,0,1,2,18490,10486,5576,24419,598296,598297,598299,598300,0,0,0,0
1790595331.777685,-6,3,0,-2,18498,10477,5566,24427,598356,598357,598359,598360,0,0,0,0
1790595331.9639454,-5,-2,-2,3,18502,10474,5564,24428,598446,598447,598449,598450,0,0,0,0
1790595332.187879,2,2,-8,3,18497,10477,5566,24424,598476,598477,598479,598480,0,0,0,0
1790595332.187879,-2,-3,4,1,18497,10475,5568,24429,598536,598537,598539,598540,0,0,0,0
1790595332.297721,2,0,-4,-2,18506,10471,5561,24432,598656,598657,598659,598660,0,0,0,0
1790595332.3679903,-2,4,-3,0,18506,10470,5560,24431,598686,598687,598689,598690,0,0,0,0
1790595332.3792715,-2,-3,5,-3,18508,10472,5562,24432,598716,598717,598719,598720,0,0,0,0
1790595332.5977669,-1,2,-4,0,18506,10470,5559,24431,598836,598837,598839,598840,0,0,0,0
1790595332.7679937,-5,2,-3,-4,18511,10465,5554,24435,598926,598927,598929,598930,0,0,0,0
1790595332.7778666,2,-1,-2,1,18510,10467,5557,24433,598956,598957,598959,598960,0,0,0,0
1790595333.007702,-2,-3,3,1,18531,10454,5547,24455,599016,599017,599019,599020,0,0,0,0
1790595333.0178833,24,1,0,2,18523,10463,5558,24443,599076,599077,599079,599080,0,0,0,0
1790595333.2125733,-2,-4,2,0,18500,10479,5575,24428,599166,599167,599169,599170,0,0,0,0
1790595333.2175205,-2,2,1,4,18508,10472,5567,24436,599196,599197,599199,599200,0,0,0,0
1790595333.3776004,3,2,-2,-4,18502,10467,5560,24420,599286,599287,599289,599290,0,0,0,0
1790595333.417727,1,-4,1,-1,18497,10470,5563,24424,599316,599317,599319,599320,0,0,0,0
1790595333.5675569,0,-1,2,3,18514,10474,5577,24443,599406,599407,599409,599410,0,0,0,0
1790595333.8225567,7,0,3,3,18513,10472,5578,24445,599436,599437,599439,599440,0,0,0,0
1790595333.82772,-3,3,-11,2,18512,10475,5591,24451,599526,599527,599529,599530,0,0,0,0
1790595333.8376026,2,-1,-2,-1,18511,10477,5592,24447,599556,599557,599559,599560,0,0,0,0
1790595334.028618,1,-7,4,-2,18514,10477,5592,24451,599586,599587,599589,599590,0,0,0,0
1790595334.028618,4,-15,1,-3,18515,10473,5589,24451,599646,599647,599649,599650,0,0,0,0
1790595334.04082,-3,6,-1,1,18516,10472,5587,24453,599676,599677,599679,599680,0,0,0,0
1790595334.2358592,2,-1,4,-1,18517,10470,5587,24454,599706,599707,599709,599710,0,0,0,0
1790595334.2378688,-1,2,1,0,18543,10452,5558,24480,599796,599797,599799,599800,0,0,0,0
1790595334.3774824,-4,-1,-4,7,18543,10443,5554,24476,599826,599827,599829,599830,0,0,0,0
1790595334.6379542,-2,-2,-4,0,18521,10475,5584,24451,599916,599917,599919,599920,0,0,0,0
1790595334.6483085,1,6,-2,0,18548,10436,5547,24489,600006,600007,600009,600010,0,0,0,0
1790595334.6483085,3,-5,2,-2,18552,10439,5549,24480,600066,600067,600069,600070,0,0,0,0
1790595334.8476708,-1,3,2,2,18535,10459,5570,24463,600096,600097,600099,600100,0,0,0,0
1790595334.8476708,-5,-6,0,-2,18517,10477,5587,24450,600156,600157,600159,600160,0,0,0,0
1790595334.8574042,5,5,0,-9,18522,10472,5581,24454,600186,600187,600189,600190,0,0,0,0
1790595335.0525782,-1,-4,-4,2,18527,10464,5573,24460,600216,600217,600219,600220,0,0,0,0
1790595335.0525782,-8,-1,0,4,18523,10467,5578,24456,600276,600277,600279,600280,0,0,0,0
1790595335.059468,-3,-5,-5,-3,18520,10469,5580,24453,600306,600307,600309,600310,0,0,0,0
1790595335.2581851,-1,2,-2,0,18522,10468,5577,24454,600336,600337,600339,600340,0,0,0,0
1790595335.2627153,-4,0,0,0,18526,10464,5575,24457,600426,600427,600429,600430,0,0,0,0
1790595335.37768,0,-3,0,-1,18524,10466,5578,24456,600456,600457,600459,600460,0,0,0,0
1790595335.37768,-1,-2,0,3,18524,10468,5578,24456,600486,600487,600489,600490,0,0,0,0
1790595335.6694498,-2,-1,-6,2,18530,10461,5571,24461,600576,600577,600579,600580,0,0,0,0
1790595335.6775544,-1,-1,0,-1,18524,10468,5579,24456,600666,600667,600669,600670,0,0,0,0
1790595335.8778255,-1,-4,-1,-2,18532,10463,5574,24463,600786,600787,600789,600790,0,0,0,0
1790595336.077939,-1,3,7,1,18531,10463,5575,24461,600816,600817,600819,600820,0,0,0,0
1790595336.077939,1,-3,3,1,18531,10463,5573,24462,600846,600847,600849,600850,0,0,0,0
1790595336.262789,7,6,-2,0,18540,10474,5581,24468,600936,600937,600939,600940,0,0,0,0
1790595336.262789,3,1,3,1,18534,10466,5575,24464,601026,601027,601029,601030,0,0,0,0
1790595336.3875885,-3,0,1,-3,18549,10464,5571,24480,601086,601087,601089,601090,0,0,0,0
1790595336.3994715,2,-3,-7,-4,18552,10454,5564,24481,601116,601117,601119,601120,0,0,0,0
1790595336.4883628,-4,3,-3,0,18555,10451,5559,24485,601146,601147,601149,601150,0,0,0,0
1790595336.499559,-3,3,2,2,18553,10451,5561,24482,601176,601177,601179,601180,0,0,0,0
1790595336.6928577,-3,0,1,6,18539,10463,5573,24472,601266,601267,601269,601270,0,0,0,0
1790595336.7027743,4,-10,5,2,18540,10459,5570,24473,601296,601297,601299,601300,0,0,0,0
1790595336.8179889,3,-7,-2,2,18541,10458,5568,24474,601326,601327,601329,601330,0,0,0,0
1790595336.8179889,-3,3,-1,-3,18533,10451,5563,24459,601356,601357,601359,601360,0,0,0,0
1790595336.9016044,1,3,1,0,18516,10469,5577,24442,601386,601387,601389,601390,0,0,0,0
1790595336.9477105,-5,-1,-6,6,18519,10481,5609,24465,601416,601417,601419,601420,0,0,0,0
1790595336.959862,1,-1,-6,0,18538,10485,5601,24474,601446,601447,601449,601450,0,0,0,0
1790595337.1023662,7,-1,1,-1,18547,10475,5592,24485,601476,601477,601479,601480,0,0,0,0
1790595337.1076949,-2,-3,-5,1,18549,10467,5584,24489,601536,601537,601539,601540,0,0,0,0
1790595337.3074157,-2,2,-4,0,18542,10469,5589,24482,601566,601567,601569,601570,0,0,0,0
1790595337.3074157,1,-1,0,3,18537,10470,5592,24479,601596,601597,601599,601600,0,0,0,0
1790595337.3125699,3,2,-4,3,18539,10469,5589,24478,601656,601657,601659,601660,0,0,0,0
1790595337.3125699,0,-3,3,3,18539,10470,5590,24478,601686,601687,601689,601690,0,0,0,0
1790595337.3975472,-2,-1,-1,-2,18538,10472,5594,24476,601716,601717,601719,601720,0,0,0,0
1790595337.510314,-2,-2,0,-3,18535,10474,5595,24474,601746,601747,601749,601750,0,0,0,0
1790595337.510314,0,-2,-1,-2,18535,10474,5594,24473,601776,601777,601779,601780,0,0,0,0
1790595337.5173707,1,-4,-2,-1,18538,10473,5594,24476,601806,601807,601809,601810,0,0,0,0
1790595337.7177112,-5,2,-3,5,18539,10473,5593,24477,601836,601837,601839,601840,0,0,0,0
1790595337.7177112,0,0,4,-2,18533,10473,5597,24478,601896,601897,601899,601900,0,0,0,0
1790595337.8382225,6,2,-3,5,18536,10472,5597,24479,601926,601927,601929,601930,0,0,0,0
1790595337.8475006,0,1,-6,-1,18538,10470,5593,24477,601986,601987,601989,601990,0,0,0,0
1790595337.9925632,-2,7,-3,1,18538,10471,5594,24476,602016,602017,602019,602020,0,0,0,0
1790595337.9925632,0,1,0,0,18539,10472,5594,24477,602046,602047,602049,602050,0,0,0,0
1790595338.0021698,0,-2,0,-5,18538,10472,5592,24474,602076,602077,602079,602080,0,0,0,0
1790595338.1227229,9,-9,-5,1,18593,10397,5532,24541,602106,602107,602109,602110,0,0,0,0
1790595338.128973,56,-49,-37,44,19162,9870,5111,25090,602136,602137,602139,602140,0,0,0,0
1790595338.13789,66,-63,-69,65,21036,7929,3638,26335,602166,602167,602169,602170,0,0,0,0
1790595338.1978111,67,-70,-63,79,22938,6171,1941,28382,602196,602197,602199,602200,0,0,0,0
1790595338.3294878,81,-73,-77,77,24758,4371,32733,30333,602226,602227,602229,602230,0,0,0,0
1790595338.3328536,80,-74,-82,61,26819,2276,30539,32596,602256,602257,602259,602260,0,0,0,0
1790595338.3432949,70,-64,-82,74,28815,250,28498,1876,602286,602287,602289,602290,0,0,0,0
1790595338.3988898,63,-63,-42,57,30629,31198,26643,3624,602316,602317,602319,602320,0,0,0,0
1790595338.5380359,62,-59,-55,54,32262,29642,25138,5145,602346,602347,602349,602350,0,0,0,0
1790595338.54255,47,-50,-49,43,1978,27091,22506,7590,602406,602407,602409,602410,0,0,0,0
1790595338.7424881,44,-48,-53,45,4593,24340,19751,10284,602466,602467,602469,602470,0,0,0,0
1790595338.7424881,61,-68,-64,55,6114,22741,18195,11876,602496,602497,602499,602500,0,0,0,0
1790595338.7478247,57,-57,-70,66,7936,21020,16482,13676,602526,602527,602529,602530,0,0,0,0
1790595338.8184853,67,-70,-72,77,9699,19199,14523,15448,602556,602557,602559,602560,0,0,0,0
1790595338.945153,55,-57,-54,58,11471,17333,12676,17246,602586,602587,602589,602590,0,0,0,0
1790595338.9476645,62,-66,-67,59,13089,15828,11066,18880,602616,602617,602619,602620,0,0,0,0
1790595338.9608686,55,-49,-55,59,14645,14197,9533,20507,602646,602647,602649,602650,0,0,0,0
1790595339.0177283,47,-53,-46,45,16098,12746,8088,21901,602676,602677,602679,602680,0,0,0,0
1790595339.1075869,45,-49,-54,45,17508,11373,6684,23339,602706,602707,602709,602710,0,0,0,0
1790595339.1205003,54,-60,-55,57,18898,9933,5226,24708,602736,602737,602739,602740,0,0,0,0
1790595339.1578698,49,-60,-63,64,20380,8372,3711,26289,602766,602767,602769,602770,0,0,0,0
1790595339.3565924,65,-69,-65,66,23562,5247,432,29603,602826,602827,602829,602830,0,0,0,0
1790595339.418405,66,-58,-57,57,28510,337,28282,1861,602916,602917,602919,602920,0,0,0,0
1790595339.557424,59,-54,-48,50,30102,31544,26706,3360,602946,602947,602949,602950,0,0,0,0
1790595339.5627189,59,-53,-62,67,298,28614,23696,6447,603006,603007,603009,603010,0,0,0,0
1790595339.6179404,68,-61,-55,50,1884,26990,22115,7991,603036,603037,603039,603040,0,0,0,0
1790595339.7580304,54,-58,-60,62,3413,25435,20603,9539,603066,603067,603069,603070,0,0,0,0
1790595339.7678328,56,-60,-52,49,6667,22265,17363,12671,603126,603127,603129,603130,0,0,0,0
1790595339.8577943,61,-61,-59,56,9858,19112,14252,16038,603186,603187,603189,603190,0,0,0,0
1790595339.8778977,55,-52,-46,46,11348,17554,12701,17482,603216,603217,603219,603220,0,0,0,0
1790595339.9374714,38,-39,-40,45,12649,16378,11477,18810,603246,603247,603249,603250,0,0,0,0
1790595339.977615,32,-35,-33,31,13697,15260,10389,19773,603276,603277,603279,603280,0,0,0,0
1790595340.1076875,18,-15,-5,14,14301,14661,9880,20375,603306,603307,603309,603310,0,0,0,0
1790595340.1115403,3,-1,0,-4,14444,14462,9773,20543,603336,603337,603339,603340,0,0,0,0
1790595340.1387026,-9,0,7,-7,14343,14592,9909,20373,603366,603367,603369,603370,0,0,0,0
1790595340.1781633,-6,1,8,-2,14203,14723,10014,20209,603396,603397,603399,603400,0,0,0,0
1790595340.3773873,10,-9,-5,6,14750,14200,9613,20860,603486,603487,603489,603490,0,0,0,0
1790595340.3773873,3,-11,-5,3,14943,14026,9433,21018,603516,603517,603519,603520,0,0,0,0
1790595340.4377124,1,-5,-4,8,15088,13894,9292,21163,603546,603547,603549,603550,0,0,0,0
1790595340.5780818,3,-4,-1,6,15196,13801,9199,21267,603576,603577,603579,603580,0,0,0,0
1790595340.5780818,-1,6,1,-5,15275,13736,9140,21329,603636,603637,603639,603640,0,0,0,0
1790595340.687587,-2,-2,-2,-2,15217,13789,9197,21265,603696,603697,603699,603700,0,0,0,0
1790595340.789676,-2,2,6,-1,15175,13827,9237,21220,603726,603727,603729,603730,0,0,0,0
1790595340.8011723,-7,0,-1,2,15139,13861,9270,21183,603756,603757,603759,603760,0,0,0,0
1790595340.9875124,0,-8,-2,-2,15112,13883,9292,21159,603786,603787,603789,603790,0,0,0,0
1790595340.9875124,0,-1,-1,-1,15104,13890,9298,21153,603846,603847,603849,603850,0,0,0,0
1790595341.0013049,-2,4,0,-2,15113,13883,9289,21163,603876,603877,603879,603880,0,0,0,0
1790595341.1067479,-2,2,-1,-7,15121,13875,9282,21171,603906,603907,603909,603910,0,0,0,0
1790595341.1975224,-3,-3,15,2,15121,13875,9283,21170,603966,603967,603969,603970,0,0,0,0
1790595341.1975224,-2,3,-2,6,15117,13879,9286,21166,603996,603997,603999,604000,0,0,0,0
1790595341.4006844,2,2,1,-2,15115,13881,9289,21164,604026,604027,604029,604030,0,0,0,0
1790595341.4006844,0,0,-2,-3,15115,13880,9290,21163,604056,604057,604059,604060,0,0,0,0
1790595341.4006844,0,1,0,-3,15115,13879,9286,21165,604116,604117,604119,604120,0,0,0,0
1790595341.5766861,-1,3,4,0,15114,13881,9289,21162,604176,604177,604179,604180,0,0,0,0
1790595341.5777285,-2,2,1,-1,15112,13883,9290,21162,604206,604207,604209,604210,0,0,0,0
1790595341.5995452,1,-2,-5,-1,15112,13882,9289,21162,604236,604237,604239,604240,0,0,0,0
1790595341.8145862,1,-8,-2,1,15115,13882,9293,21174,604266,604267,604269,604270,0,0,0,0
1790595341.8178756,3,-2,0,-3,15134,13860,9273,21183,604356,604357,604359,604360,0,0,0,0
1790595342.0174894,-5,-3,0,-6,15123,13870,9283,21172,604386,604387,604389,604390,0,0,0,0
1790595342.0174894,2,3,-5,3,15105,13891,9301,21155,604446,604447,604449,604450,0,0,0,0
1790595342.0174894,-1,0,0,0,15103,13892,9303,21152,604476,604477,604479,604480,0,0,0,0
1790595342.2226746,-1,-5,-1,-4,15102,13891,9302,21152,604506,604507,604509,604510,0,0,0,0
1790595342.2252748,2,4,-3,4,15103,13891,9294,21146,604566,604567,604569,604570,0,0,0,0
1790595342.3920386,3,-8,1,6,15103,13918,9283,21159,604626,604627,604629,604630,0,0,0,0
1790595342.3920386,3,-5,2,-3,15122,13912,9277,21173,604686,604687,604689,604690,0,0,0,0
1790595342.4477763,-8,1,5,2,15117,13914,9282,21172,604716,604717,604719,604720,0,0,0,0
1790595342.4591446,-1,-3,1,0,15108,13916,9285,21165,604746,604747,604749,604750,0,0,0,0
1790595342.6276846,-2,-7,3,0,15105,13927,9291,21159,604836,604837,604839,604840,0,0,0,0
1790595342.6398752,4,0,-6,-3,15108,13925,9290,21163,604866,604867,604869,604870,0,0,0,0
1790595342.8376942,2,0,-3,2,15112,13925,9290,21165,604896,604897,604899,604900,0,0,0,0
1790595342.8392296,-2,0,-1,0,15107,13927,9292,21161,604956,604957,604959,604960,0,0,0,0
1790595342.8402388,-3,-2,-4,-3,15106,13928,9293,21159,604986,604987,604989,604990,0,0,0,0
1790595343.041473,1,1,0,-3,15106,13928,9293,21159,605016,605017,605019,605020,0,0,0,0
1790595343.041473,0,0,2,-3,15110,13926,9291,21159,605046,605047,605049,605050,0,0,0,0
1790595343.217529,-1,-3,3,-2,15149,13895,9256,21200,605136,605137,605139,605140,0,0,0,0
1790595343.217529,-6,1,-8,2,15130,13905,9272,21182,605196,605197,605199,605200,0,0,0,0
1790595343.2377157,0,1,1,-4,15126,13907,9272,21179,605226,605227,605229,605230,0,0,0,0
1790595343.4475362,1,-1,-5,3,15125,13905,9265,21171,605256,605257,605259,605260,0,0,0,0
1790595343.45303,-3,5,-1,-1,15162,13882,9245,21209,605346,605347,605349,605350,0,0,0,0
1790595343.6481483,-1,1,-2,-7,15144,13894,9258,21192,605376,605377,605379,605380,0,0,0,0
1790595343.6590853,-3,2,-3,-3,15124,13906,9272,21175,605436,605437,605439,605440,0,0,0,0
1790595343.6590853,0,1,0,1,15129,13905,9269,21178,605466,605467,605469,605470,0,0,0,0
1790595343.8579116,-1,-6,3,-2,15134,13902,9265,21184,605496,605497,605499,605500,0,0,0,0
1790595344.0580592,0,2,-2,-4,15134,13901,9265,21183,605616,605617,605619,605620,0,0,0,0
1790595344.0580592,-5,3,1,3,15133,13902,9267,21183,605706,605707,605709,605710,0,0,0,0
1790595344.2685287,1,4,-2,1,15126,13908,9273,21175,605826,605827,605829,605830,0,0,0,0
1790595344.4824915,3,-2,9,-3,15130,13902,9267,21180,605886,605887,605889,605890,0,0,0,0
1790595344.4981325,-4,-2,-1,-7,15129,13902,9268,21178,605976,605977,605979,605980,0,0,0,0
1790595344.6776705,5,-1,-6,6,15130,13903,9267,21179,606006,606007,606009,606010,0,0,0,0
1790595344.6776705,-1,4,-6,-3,15137,13898,9263,21185,606066,606067,606069,606070,0,0,0,0
1790595344.8875668,1,1,9,-4,15140,13902,9271,21192,606156,606157,606159,606160,0,0,0,0
1790595344.903421,3,3,-2,-3,15141,13907,9275,21192,606216,606217,606219,606220,0,0,0,0
1790595345.0774274,-2,0,2,3,15143,13902,9267,21193,606306,606307,606309,606310,0,0,0,0
1790595345.2980037,-1,7,2,-3,15159,13907,9265,21206,606426,606427,606429,606430,0,0,0,0
1790595345.2980037,-3,0,-5,4,15160,13902,9262,21209,606456,606457,606459,606460,0,0,0,0
1790595345.4882727,3,6,0,-6,15153,13905,9265,21201,606516,606517,606519,606520,0,0,0,0
1790595345.6978664,-2,-3,-7,-3,15151,13909,9270,21197,606576,606577,606579,606580,0,0,0,0
1790595345.7057102,2,4,1,-13,15151,13909,9268,21198,606606,606607,606609,606610,0,0,0,0
1790595345.7057102,4,-1,1,-3,15130,13940,9302,21177,606696,606697,606699,606700,0,0,0,0
1790595345.7228568,-1,2,2,0,15133,13929,9295,21183,606726,606727,606729,606730,0,0,0,0
1790595345.8377967,-1,2,2,0,15133,13929,9295,21183,606726,606727,606729,606730,0,0,0,0
1790595345.8428946,-1,1,-3,-2,15151,13908,9271,21203,606786,606787,606789,606790,0,0,0,0
1790595345.9225771,-4,3,6,-1,15149,13909,9273,21197,606846,606847,606849,606850,0,0,0,0
1790595346.0474486,-3,0,2,1,15143,13916,9280,21190,606876,606877,606879,606880,0,0,0,0
1790595346.0592508,-2,-3,-3,-1,15137,13920,9284,21185,606906,606907,606909,606910,0,0,0,0
1790595346.098625,2,4,-3,3,15139,13920,9284,21188,606936,606937,606939,606940,0,0,0,0
1790595346.157501,-18,-29,-22,-23,14858,13606,9013,20899,606966,606967,606969,606970,0,0,0,0
1790595346.2175255,-22,-29,-23,-30,14110,12843,8182,20112,606996,606997,606999,607000,0,0,0,0
1790595346.222484,-27,-20,-23,-22,13528,12237,7503,19453,607026,607027,607029,607030,0,0,0,0
1790595346.2976553,-25,-26,-30,-23,12829,11596,6794,18778,607056,607057,607059,607060,0,0,0,0
1790595346.3977227,-22,-25,-28,-34,12208,10942,6027,18081,607086,607087,607089,607090,0,0,0,0
1790595346.3977227,-24,-23,-32,-31,11517,10192,5245,17282,607116,607117,607119,607120,0,0,0,0
1790595346.4605465,-25,-26,-25,-25,10726,9350,4503,16508,607146,607147,607149,607150,0,0,0,0
1790595346.5024657,-29,-35,-27,-31,10001,8495,3653,15878,607176,607177,607179,607180,0,0,0,0
1790595346.617458,-27,-29,-25,-28,9220,7779,3020,15120,607206,607207,607209,607210,0,0,0,0
1790595346.620086,-35,-31,-25,-38,8314,6954,2236,14267,607236,607237,607239,607240,0,0,0,0
1790595346.6824703,-29,-31,-31,-41,7484,6089,1447,13386,607266,607267,607269,607270,0,0,0,0
1790595346.7384725,-20,-22,-26,-24,6768,5439,731,12582,607296,607297,607299,607300,0,0,0,0
1790595346.782367,-28,-26,-34,-35,5959,4638,32561,11766,607326,607327,607329,607330,0,0,0,0
1790595346.8377728,-36,-33,-32,-31,5179,3750,31649,10885,607356,607357,607359,607360,0,0,0,0
1790595346.8910263,-25,-23,-32,-25,4488,3027,30857,10182,607386,607387,607389,607390,0,0,0,0
1790595346.898121,-38,-29,-32,-31,3605,2280,30038,9348,607416,607417,607419,607420,0,0,0,0
1790595347.003194,-31,-31,-24,-35,2749,1335,29210,8404,607446,607447,607449,607450,0,0,0,0
1790595347.061789,-31,-22,-34,-23,1065,32543,27635,6924,607506,607507,607509,607510,0,0,0,0
1790595347.1208324,-28,-38,-26,-38,255,31620,26802,6024,607536,607537,607539,607540,0,0,0,0
1790595347.1774883,-30,-36,-29,-26,32260,30840,26069,5344,607566,607567,607569,607570,0,0,0,0
1790595347.2425644,-31,-28,-36,-23,31458,29981,25124,4464,607596,607597,607599,607600,0,0,0,0
1790595347.2905638,-28,-28,-27,-23,30673,29133,24201,3616,607626,607627,607629,607630,0,0,0,0
1790595347.3425715,-33,-34,-34,-44,29866,28304,23491,2845,607656,607657,607659,607660,0,0,0,0
1790595347.4124181,-21,-22,-23,-29,28105,26779,21851,1000,607716,607717,607719,607720,0,0,0,0
1790595347.4779606,-35,-31,-33,-36,27338,25916,21055,125,607746,607747,607749,607750,0,0,0,0
1790595347.5421941,-28,-26,-28,-39,26480,25112,20142,32115,607776,607777,607779,607780,0,0,0,0
1790595347.5780747,-26,-29,-34,-23,25716,24364,19387,31338,607806,607807,607809,607810,0,0,0,0
1790595347.6380508,-32,-32,-28,-23,24036,22568,17666,29663,607866,607867,607869,607870,0,0,0,0
1790595347.7162092,-26,-28,-29,-30,22697,21175,16388,28480,607926,607927,607929,607930,0,0,0,0
1790595347.7796724,-31,-29,-36,-32,21928,20440,15572,27630,607956,607957,607959,607960,0,0,0,0
1790595347.8429294,-20,-17,-15,-19,21186,19775,14887,26889,607986,607987,607989,607990,0,0,0,0
1790595347.902853,-15,-17,-20,-12,20794,19346,14441,26477,608016,608017,608019,608020,0,0,0,0
1790595347.9556887,-29,-22,-29,-24,20217,18784,13869,25861,608046,608047,608049,608050,0,0,0,0
1790595348.0285048,-19,-18,-18,-26,19631,18224,13220,25292,608076,608077,608079,608080,0,0,0,0
1790595348.0326114,-17,-10,-5,-10,19122,17699,12786,24707,608106,608107,608109,608110,0,0,0,0
1790595348.102603,-20,-14,-16,-10,18722,17304,12469,24394,608136,608137,608139,608140,0,0,0,0
1790595348.1776814,-10,-12,-23,-14,18380,16932,12080,24097,608166,608167,608169,608170,0,0,0,0
1790595348.2780566,-14,-12,-17,-11,17652,16242,11250,23257,608226,608227,608229,608230,0,0,0,0
1790595348.2780566,-8,-2,-13,-15,17313,15930,10778,22853,608256,608257,608259,608260,0,0,0,0
1790595348.3418553,-10,-3,-6,-8,17143,15736,10502,22569,608286,608287,608289,608290,0,0,0,0
1790595348.3976228,-8,-11,-8,-8,16954,15452,10252,22275,608316,608317,608319,608320,0,0,0,0
1790595348.4834514,-5,-12,-11,-5,16689,15077,9981,22072,608346,608347,608349,608350,0,0,0,0
1790595348.4985693,-4,-10,-10,-4,16485,14809,9745,21946,608376,608377,608379,608380,0,0,0,0
1790595348.5780745,-13,-13,-8,-10,16277,14533,9540,21795,608406,608407,608409,608410,0,0,0,0
1790595348.6475558,-11,-10,-8,-7,16029,14262,9353,21611,608436,608437,608439,608440,0,0,0,0
1790595348.6529026,-13,-6,0,-4,15718,14077,9238,21429,608466,608467,608469,608470,0,0,0,0
1790595348.7577915,-5,-5,-7,-5,15467,13962,9160,21238,608496,608497,608499,608500,0,0,0,0
1790595348.7577915,-14,-7,-12,-12,15281,13867,8999,21004,608526,608527,608529,608530,0,0,0,0
1790595348.8392363,-1,-8,-16,-7,15118,13731,8706,20754,608556,608557,608559,608560,0,0,0,0
1790595348.9780521,-3,-10,-13,-9,15014,13577,8399,20523,608586,608587,608589,608590,0,0,0,0
1790595348.9780521,0,-2,1,-1,14965,13323,8067,20368,608646,608647,608649,608650,0,0,0,0
1790595349.1782954,0,0,-2,2,14996,13299,8039,20395,608676,608677,608679,608680,0,0,0,0
1790595349.187558,1,2,-3,-1,15005,13300,8039,20387,608766,608767,608769,608770,0,0,0,0
1790595349.2027576,2,-3,-5,-3,15000,13308,8046,20379,608796,608797,608799,608800,0,0,0,0
1790595349.3875997,-2,2,2,-3,14997,13313,8050,20374,608826,608827,608829,608830,0,0,0,0
1790595349.3917696,2,-1,1,-2,15008,13320,8052,20384,608886,608887,608889,608890,0,0,0,0
1790595349.397539,-2,1,4,-3,15010,13304,8042,20388,608916,608917,608919,608920,0,0,0,0
1790595349.5275693,0,-5,1,2,15018,13297,8036,20395,608946,608947,608949,608950,0,0,0,0
1790595349.5386815,-4,-1,-1,-5,15020,13298,8036,20396,608976,608977,608979,608980,0,0,0,0
1790595349.5927405,-2,1,5,6,15017,13300,8038,20392,609006,609007,609009,609010,0,0,0,0
1790595349.8007257,0,1,-3,2,15014,13301,8040,20389,609036,609037,609039,609040,0,0,0,0
1790595349.8013859,-4,1,-1,-1,15017,13299,8038,20391,609126,609127,609129,609130,0,0,0,0
1790595349.91276,7,4,-6,-7,14980,13336,8067,20336,609186,609187,609189,609190,0,0,0,0
1790595349.924566,-2,1,3,1,14981,13346,8067,20332,609216,609217,609219,609220,0,0,0,0
1790595350.0124395,-9,3,2,1,14985,13344,8067,20339,609246,609247,609249,609250,0,0,0,0
1790595350.0224755,-1,-5,-2,-3,14992,13335,8056,20347,609276,609277,609279,609280,0,0,0,0
1790595350.0777779,25,-29,-20,18,15274,12943,7788,20700,609336,609337,609339,609340,0,0,0,0
1790595350.1973698,50,-85,-56,55,16389,11434,6773,21568,609366,609367,609369,609370,0,0,0,0
1790595350.2027833,52,-54,-92,52,18458,9297,4854,23343,609396,609397,609399,609400,0,0,0,0
1790595350.217517,71,-65,-81,87,20161,7653,2853,25212,609426,609427,609429,609430,0,0,0,0
1790595350.282538,77,-63,-69,90,22152,5627,829,27232,609456,609457,609459,609460,0,0,0,0
1790595350.3377485,71,-79,-60,66,24185,3570,31490,29318,609486,609487,609489,609490,0,0,0,0
1790595350.4246464,47,-54,-57,55,27840,123,27911,170,609546,609547,609549,609550,0,0,0,0
1790595350.481017,40,-43,-46,59,29316,31468,26529,1555,609576,609577,609579,609580,0,0,0,0
1790595350.5427077,44,-40,-64,54,30589,30267,25333,2843,609606,609607,609609,609610,0,0,0,0
1790595350.592497,56,-44,-45,54,31877,28983,24109,4136,609636,609637,609639,609640,0,0,0,0
1790595350.6825547,58,-51,-65,52,507,27638,22712,5535,609666,609667,609669,609670,0,0,0,0
1790595350.7476158,55,-68,-63,61,2099,26041,21106,7238,609696,609697,609699,609700,0,0,0,0
1790595350.7610445,76,-53,-61,66,3770,24419,19414,8962,609726,609727,609729,609730,0,0,0,0
1790595350.8375442,67,-54,-66,57,7334,20982,16006,12481,609786,609787,609789,609790,0,0,0,0
1790595351.0281281,53,-60,-59,67,9065,19350,14268,14171,609816,609817,609819,609820,0,0,0,0
1790595351.0281281,53,-51,-45,40,12111,16426,11332,17308,609876,609877,609879,609880,0,0,0,0
1790595351.032618,56,-54,-51,47,13593,14962,9885,18803,609906,609907,609909,609910,0,0,0,0
1790595351.1077945,51,-63,-59,63,15023,13527,8470,20335,609936,609937,609939,609940,0,0,0,0
1790595351.1881237,56,-56,-51,54,16505,11981,6942,21858,609966,609967,609969,609970,0,0,0,0
1790595351.1977153,54,-54,-59,57,18157,10431,5381,23517,609996,609997,609999,610000,0,0,0,0
1790595351.2575934,57,-68,-62,67,19778,8864,3763,25187,610026,610027,610029,610030,0,0,0,0
1790595351.439753,57,-69,-56,57,24641,3957,31568,30158,610116,610117,610119,610120,0,0,0,0
1790595351.439753,60,-59,-60,60,26182,2467,30014,31739,610146,610147,610149,610150,0,0,0,0
1790595351.5378304,48,-66,-49,53,29277,32181,26998,2057,610206,610207,610209,610210,0,0,0,0
1790595351.609714,60,-57,-50,52,30786,30675,25593,3512,610236,610237,610239,610240,0,0,0,0
1790595351.6880598,53,-49,-56,65,32397,29115,23982,5101,610266,610267,610269,610270,0,0,0,0
1790595351.7025793,51,-61,-62,64,1165,27552,22327,6739,610296,610297,610299,610300,0,0,0,0
1790595351.8484125,44,-41,-47,51,5605,23116,17972,11144,610386,610387,610389,610390,0,0,0,0
1790595351.9278288,34,-26,-38,42,6684,22097,16958,12129,610416,610417,610419,610420,0,0,0,0
1790595351.9974804,33,-27,-30,32,7541,21245,16164,12922,610446,610447,610449,610450,0,0,0,0
1790595352.0078468,29,-29,-27,27,8239,20563,15334,13747,610476,610477,610479,610480,0,0,0,0
1790595352.0578806,23,-18,-21,28,9018,19795,14683,14394,610506,610507,610509,610510,0,0,0,0
1790595352.2580492,21,-20,-17,15,9613,19235,14090,15032,610536,610537,610539,610540,0,0,0,0
1790595352.2580492,1,-13,-14,5,10562,18237,13032,16048,610626,610627,610629,610630,0,0,0,0
1790595352.3326397,10,-14,-10,9,10764,17999,12828,16233,610656,610657,610659,610660,0,0,0,0
1790595352.3975542,9,-13,-14,13,11101,17649,12550,16516,610686,610687,610689,610690,0,0,0,0
1790595352.418782,13,-17,-18,18,11551,17230,12119,16985,610716,610717,610719,610720,0,0,0,0
1790595352.4821818,15,-25,-21,23,12071,16719,11586,17497,610746,610747,610749,610750,0,0,0,0
1790595352.5575898,16,-11,-7,10,13612,15196,10054,19012,610836,610837,610839,610840,0,0,0,0
1790595352.667448,2,2,-11,3,13888,15065,9866,19161,610866,610867,610869,610870,0,0,0,0
1790595352.6829276,1,-5,1,1,14016,15035,9815,19244,610896,610897,610899,610900,0,0,0,0
1790595352.8574815,-2,-2,3,-2,14049,15011,9787,19263,610956,610957,610959,610960,0,0,0,0
1790595352.9775639,-2,1,6,-1,14020,15046,9826,19224,611016,611017,611019,611020,0,0,0,0
1790595352.9775639,3,1,6,-1,14005,15061,9843,19205,611046,611047,611049,611050,0,0,0,0
1790595352.9775639,4,-1,1,-3,13996,15069,9851,19195,611076,611077,611079,611080,0,0,0,0
1790595353.0781536,1,3,-2,-3,14002,15064,9844,19203,611136,611137,611139,611140,0,0,0,0
1790595353.2827055,-2,-4,-3,0,14008,15058,9838,19209,611166,611167,611169,611170,0,0,0,0
1790595353.2827055,-3,-8,-2,0,14007,15058,9839,19207,611226,611227,611229,611230,0,0,0,0
1790595353.2827055,0,-4,-1,-4,14005,15062,9843,19202,611256,611257,611259,611260,0,0,0,0
1790595353.4114902,1,0,1,-3,14005,15061,9842,19205,611316,611317,611319,611320,0,0,0,0
1790595353.4775457,1,-4,-1,-1,14007,15060,9840,19207,611346,611347,611349,611350,0,0,0,0
1790595353.5576203,-5,-1,-1,5,14003,15060,9842,19196,611406,611407,611409,611410,0,0,0,0
1790595353.678129,-1,-3,-3,2,14005,15067,9851,19196,611436,611437,611439,611440,0,0,0,0
1790595353.678129,-1,2,-3,-2,14003,15076,9859,19196,611466,611467,611469,611470,0,0,0,0
1790595353.6857767,-3,0,0,-2,13996,15080,9866,19190,611496,611497,611499,611500,0,0,0,0
1790595353.9004111,0,18,1,0,13993,15083,9867,19184,611586,611587,611589,611590,0,0,0,0
1790595353.9004111,-16,1,-2,4,13993,15085,9869,19185,611616,611617,611619,611620,0,0,0,0
1790595354.0706644,0,0,-1,2,13991,15083,9868,19183,611646,611647,611649,611650,0,0,0,0
1790595354.0706644,4,-2,-7,-4,13994,15081,9866,19186,611706,611707,611709,611710,0,0,0,0
1790595354.3065028,-2,2,-2,-1,13993,15081,9866,19185,611736,611737,611739,611740,0,0,0,0
1790595354.3075092,1,5,1,2,14009,15074,9860,19205,611856,611857,611859,611860,0,0,0,0
1790595354.507873,3,0,-2,-5,13998,15084,9872,19188,611886,611887,611889,611890,0,0,0,0
1790595354.507873,4,-3,0,1,13990,15097,9884,19181,611916,611917,611919,611920,0,0,0,0
1790595354.507873,-1,-3,-4,-6,13987,15098,9885,19179,611976,611977,611979,611980,0,0,0,0
1790595354.5676918,1,-3,-5,-2,13988,15095,9884,19181,612006,612007,612009,612010,0,0,0,0
1790595354.7167604,0,-1,4,-3,13990,15095,9884,19181,612036,612037,612039,612040,0,0,0,0
1790595354.7177677,-3,1,-3,-8,13986,15087,9873,19170,612066,612067,612069,612070,0,0,0,0
1790595354.89271,-1,6,1,-1,13998,15094,9882,19188,612186,612187,612189,612190,0,0,0,0
1790595354.9054096,1,0,-7,-2,13992,15094,9887,19186,612216,612217,612219,612220,0,0,0,0
1790595355.1180608,1,-1,2,7,13988,15094,9886,19183,612246,612247,612249,612250,0,0,0,0
1790595355.1262174,0,1,-2,-5,13989,15116,9929,19206,612306,612307,612309,612310,0,0,0,0
1790595355.1277237,2,0,-2,-1,13978,15132,9947,19193,612366,612367,612369,612370,0,0,0,0
1790595355.3278377,-1,-1,-2,1,13977,15134,9947,19190,612396,612397,612399,612400,0,0,0,0
1790595355.3278377,0,-3,-3,0,13981,15129,9943,19197,612486,612487,612489,612490,0,0,0,0
1790595355.5351615,2,-3,-1,2,13981,15128,9942,19197,612516,612517,612519,612520,0,0,0,0
1790595355.5351615,-2,-5,-4,-3,13982,15126,9939,19195,612546,612547,612549,612550,0,0,0,0
1790595355.5376675,-1,1,2,-2,14007,15104,9917,19225,612606,612607,612609,612610,0,0,0,0
1790595355.5775054,3,-3,-2,-7,14005,15115,9928,19221,612636,612637,612639,612640,0,0,0,0
1790595355.717533,-4,-2,0,-1,13994,15126,9939,19208,612666,612667,612669,612670,0,0,0,0
1790595355.717533,-1,-1,2,4,13983,15129,9944,19197,612696,612697,612699,612700,0,0,0,0
1790595355.7225347,0,0,-2,1,13980,15129,9945,19196,612726,612727,612729,612730,0,0,0,0
1790595355.9377449,-3,-4,-2,-2,13979,15114,9928,19195,612756,612757,612759,612760,0,0,0,0
1790595355.9377449,-1,-2,-1,-4,14021,15097,9906,19241,612816,612817,612819,612820,0,0,0,0
1790595355.947854,-4,-1,4,4,14007,15104,9917,19225,612846,612847,612849,612850,0,0,0,0
1790595356.14805,0,-6,-1,2,13991,15119,9934,19206,612876,612877,612879,612880,0,0,0,0
1790595356.152565,-1,2,-2,4,13981,15134,9945,19195,612936,612937,612939,612940,0,0,0,0
1790595356.158313,-5,-7,0,6,13986,15127,9940,19203,612966,612967,612969,612970,0,0,0,0
1790595356.3478577,2,-3,-4,0,13989,15126,9939,19202,613026,613027,613029,613030,0,0,0,0
1790595356.3576307,-4,0,-2,2,13984,15132,9944,19196,613086,613087,613089,613090,0,0,0,0
1790595356.5587342,-2,-3,-2,2,13986,15129,9941,19201,613116,613117,613119,613120,0,0,0,0
1790595356.5604825,-6,4,3,2,13990,15125,9938,19204,613146,613147,613149,613150,0,0,0,0
1790595356.5604825,2,-1,-1,1,13998,15120,9931,19213,613206,613207,613209,613210,0,0,0,0
1790595356.5829914,0,2,-1,-4,13997,15118,9931,19212,613236,613237,613239,613240,0,0,0,0
1790595356.757873,4,-3,4,-5,13994,15122,9934,19208,613266,613267,613269,613270,0,0,0,0
1790595356.757873,-1,-3,-2,-5,13993,15124,9935,19206,613326,613327,613329,613330,0,0,0,0
1790595356.9674578,-1,5,2,1,13995,15121,9933,19208,613356,613357,613359,613360,0,0,0,0
1790595356.9674578,-1,3,-4,-2,13996,15120,9932,19212,613386,613387,613389,613390,0,0,0,0
1790595356.9725494,0,1,0,-1,13996,15119,9933,19212,613446,613447,613449,613450,0,0,0,0
1790595357.1731005,-1,3,1,-4,13998,15119,9931,19213,613476,613477,613479,613480,0,0,0,0
1790595357.1731005,-3,-1,-1,1,13999,15116,9928,19217,613536,613537,613539,613540,0,0,0,0
1790595357.181052,-6,1,-6,1,13999,15117,9930,19214,613566,613567,613569,613570,0,0,0,0
1790595357.3777199,0,6,3,-4,13998,15119,9931,19213,613596,613597,613599,613600,0,0,0,0
1790595357.3777199,1,-1,-1,1,14028,15120,9926,19239,613686,613687,613689,613690,0,0,0,0
1790595357.5579462,2,4,-4,-1,14036,15124,9927,19250,613716,613717,613719,613720,0,0,0,0
1790595357.5999424,-7,-1,0,2,14014,15127,9943,19237,613836,613837,613839,613840,0,0,0,0
1790595357.7877183,-4,0,-4,5,14045,15113,9926,19275,613926,613927,613929,613930,0,0,0,0
1790595357.8581069,-1,-2,0,2,14045,15112,9926,19276,613956,613957,613959,613960,0,0,0,0
1790595357.9877741,-2,4,-2,0,14040,15115,9931,19268,613986,613987,613989,613990,0,0,0,0
1790595358.0027986,-7,1,-5,0,14038,15118,9933,19266,614046,614047,614049,614050,0,0,0,0
1790595358.1975243,-1,-1,-1,0,14042,15114,9928,19271,614106,614107,614109,614110,0,0,0,0
1790595358.1975243,-7,2,1,2,14010,15148,9977,19247,614196,614197,614199,614200,0,0,0,0
1790595358.3277137,0,-5,-3,-4,14024,15148,9970,19259,614226,614227,614229,614230,0,0,0,0
1790595358.3325307,4,4,0,2,14036,15140,9959,19274,614256,614257,614259,614260,0,0,0,0
1790595358.344035,-5,-3,0,3,14037,15129,9953,19277,614286,614287,614289,614290,0,0,0,0
1790595358.4022925,-2,-2,-1,5,14035,15128,9954,19276,614316,614317,614319,614320,0,0,0,0
1790595358.5278578,-2,1,-3,-5,14034,15133,9957,19272,614346,614347,614349,614350,0,0,0,0
1790595358.5278578,-1,4,0,1,14034,15135,9957,19270,614376,614377,614379,614380,0,0,0,0
1790595358.5428534,2,-1,-6,-2,14033,15135,9958,19271,614406,614407,614409,614410,0,0,0,0
1790595358.6023421,2,2,-3,0,14033,15135,9958,19273,614436,614437,614439,614440,0,0,0,0
1790595358.812474,-3,-2,3,0,14032,15135,9958,19269,614496,614497,614499,614500,0,0,0,0
1790595358.8227925,-1,0,-6,0,14032,15135,9958,19271,614556,614557,614559,614560,0,0,0,0
1790595358.9333556,1,-1,-7,-1,14032,15135,9958,19271,614616,614617,614619,614620,0,0,0,0
1790595358.935376,1,2,-2,1,14032,15136,9959,19268,614646,614647,614649,614650,0,0,0,0
1790595359.0229597,-5,-3,-4,-2,14031,15137,9958,19260,614676,614677,614679,614680,0,0,0,0
1790595359.1445768,0,0,-3,-7,14035,15146,9965,19264,614706,614707,614709,614710,0,0,0,0
1790595359.1478376,2,-2,-3,-1,14037,15148,9968,19271,614736,614737,614739,614740,0,0,0,0
1790595359.1600187,-1,-5,0,0,14032,15145,9969,19273,614766,614767,614769,614770,0,0,0,0
1790595359.2176783,-3,5,-1,-3,14032,15142,9969,19273,614796,614797,614799,614800,0,0,0,0
1790595359.2834303,3,-2,-2,-1,14030,15138,9964,19272,614826,614827,614829,614830,0,0,0,0
1790595359.4276032,56,-54,-33,30,14765,14432,9439,19849,614916,614917,614919,614920,0,0,0,0
1790595359.4376323,64,-57,-63,62,16460,12613,8156,21203,614946,614947,614949,614950,0,0,0,0
1790595359.597617,72,-66,-78,82,20253,9060,4484,25373,615006,615007,615009,615010,0,0,0,0
1790595359.6255548,79,-72,-70,91,22362,7048,2241,27527,615036,615037,615039,615040,0,0,0,0
1790595359.6877487,70,-79,-70,73,24475,5026,205,29650,615066,615067,615069,615070,0,0,0,0
1790595359.8334835,41,-66,-55,53,27944,1732,29608,188,615126,615127,615129,615130,0,0,0,0
1790595359.837412,39,-45,-52,55,29237,369,28414,1435,615156,615157,615159,615160,0,0,0,0
1790595359.8947012,39,-53,-51,46,30456,31923,27115,2677,615186,615187,615189,615190,0,0,0,0
1790595360.037778,52,-51,-48,58,31707,30693,25945,3932,615216,615217,615219,615220,0,0,0,0
1790595360.037778,60,-49,-50,59,352,29256,24504,5344,615246,615247,615249,615250,0,0,0,0
1790595360.037778,65,-61,-70,67,2015,27688,22890,7118,615276,615277,615279,615280,0,0,0,0
1790595360.104288,75,-65,-68,66,3758,25813,21091,8862,615306,615307,615309,615310,0,0,0,0
1790595360.1077032,55,-68,-70,69,5572,24108,19190,10637,615336,615337,615339,615340,0,0,0,0
1790595360.1926737,56,-62,-61,49,7312,22347,17488,12402,615366,615367,615369,615370,0,0,0,0
1790595360.2374825,61,-53,-69,50,8974,20862,15974,13999,615396,615397,615399,615400,0,0,0,0
1790595360.452538,60,-53,-49,48,13293,16451,11523,18477,615486,615487,615489,615490,0,0,0,0
1790595360.4625342,60,-59,-59,49,17966,11763,6904,23216,615576,615577,615579,615580,0,0,0,0
1790595360.5436924,66,-57,-64,69,19576,10157,5164,24794,615606,615607,615609,615610,0,0,0,0
1790595360.5974517,54,-66,-53,51,21132,8446,3521,26564,615636,615637,615639,615640,0,0,0,0
1790595360.6481454,59,-56,-55,62,22866,6908,1914,28210,615666,615667,615669,615670,0,0,0,0
1790595360.858361,54,-58,-58,60,24375,5312,383,29776,615696,615697,615699,615700,0,0,0,0
1790595360.858361,52,-54,-53,43,27506,2356,30057,9,615756,615757,615759,615760,0,0,0,0
1790595360.858361,50,-52,-60,68,28948,818,28627,1500,615786,615787,615789,615790,0,0,0,0
1790595361.0626204,54,-67,-53,51,30446,32081,26992,3071,615816,615817,615819,615820,0,0,0,0
1790595361.0626204,61,-71,-59,48,2525,27163,22129,7949,615906,615907,615909,615910,0,0,0,0
1790595361.1330419,49,-52,-67,58,4269,25527,20540,9547,615936,615937,615939,615940,0,0,0,0
1790595361.1427693,54,-61,-60,65,5745,23981,18963,11186,615966,615967,615969,615970,0,0,0,0
1790595361.2676706,63,-51,-54,52,8902,20929,15928,14191,616026,616027,616029,616030,0,0,0,0
1790595361.2795033,42,-64,-57,63,10319,19363,14393,15825,616056,616057,616059,616060,0,0,0,0
1790595361.33787,58,-72,-58,55,11868,17766,12821,17328,616086,616087,616089,616090,0,0,0,0
1790595361.4739246,55,-48,-48,47,13335,16417,11426,18815,616116,616117,616119,616120,0,0,0,0
1790595361.4826615,20,-21,-13,16,15311,14385,9660,20715,616176,616177,616179,616180,0,0,0,0
1790595361.6076012,5,-2,-5,0,15665,14024,9374,20979,616206,616207,616209,616210,0,0,0,0
1790595361.6076012,-3,0,0,3,15733,13989,9359,20987,616236,616237,616239,616240,0,0,0,0
1790595361.6785483,-8,3,8,-4,15638,14036,9441,20902,616266,616267,616269,616270,0,0,0,0
1790595361.8828583,-7,-1,-3,-1,15530,14108,9527,20819,616296,616297,616299,616300,0,0,0,0
1790595361.883544,3,-1,-3,-5,15392,14229,9648,20710,616386,616387,616389,616390,0,0,0,0
1790595362.0530071,3,0,0,5,15392,14230,9647,20709,616416,616417,616419,616420,0,0,0,0
1790595362.0530071,1,-2,-2,0,15411,14209,9626,20728,616476,616477,616479,616480,0,0,0,0
1790595362.062584,-2,-3,0,3,15420,14199,9619,20734,616536,616537,616539,616540,0,0,0,0
1790595362.288206,-1,0,2,1,15419,14202,9621,20732,616596,616597,616599,616600,0,0,0,0
1790595362.3035715,7,1,-3,1,15417,14203,9623,20731,616656,616657,616659,616660,0,0,0,0
1790595362.4857903,-3,-1,0,2,15426,14196,9614,20739,616776,616777,616779,616780,0,0,0,0
1790595362.6182427,-4,-1,-2,2,15423,14199,9619,20732,616866,616867,616869,616870,0,0,0,0
1790595362.7080698,0,0,-4,-2,15424,14205,9620,20733,616926,616927,616929,616930,0,0,0,0
1790595362.9077327,6,-2,-1,0,15428,14194,9614,20737,617016,617017,617019,617020,0,0,0,0
1790595362.9186778,1,3,1,0,15427,14196,9615,20737,617046,617047,617049,617050,0,0,0,0
1790595363.0779397,2,-6,0,0,15427,14196,9616,20736,617106,617107,617109,617110,0,0,0,0
1790595363.0779397,1,0,-2,-3,15428,14197,9616,20737,617136,617137,617139,617140,0,0,0,0
1790595363.3192303,-2,0,0,0,15457,14174,9594,20761,617256,617257,617259,617260,0,0,0,0
1790595363.3225248,2,-3,3,-7,15446,14182,9603,20752,617286,617287,617289,617290,0,0,0,0
1790595363.520686,3,-5,1,1,15439,14189,9609,20746,617316,617317,617319,617320,0,0,0,0
1790595363.5227118,0,3,0,0,15438,14188,9609,20746,617376,617377,617379,617380,0,0,0,0
1790595363.5227118,3,5,-2,-1,15440,14186,9607,20747,617406,617407,617409,617410,0,0,0,0
1790595363.6178865,-3,-1,4,-1,15439,14188,9608,20746,617436,617437,617439,617440,0,0,0,0
1790595363.6178865,-1,-4,1,-1,15434,14188,9607,20738,617466,617467,617469,617470,0,0,0,0
1790595363.7227812,1,2,-5,-2,15429,14182,9603,20734,617496,617497,617499,617500,0,0,0,0
1790595363.7273428,-5,-4,0,-2,15443,14192,9609,20746,617526,617527,617529,617530,0,0,0,0
1790595363.8044295,-3,1,3,0,15449,14192,9612,20749,617556,617557,617559,617560,0,0,0,0
1790595363.9275405,0,4,4,3,15446,14197,9633,20763,617616,617617,617619,617620,0,0,0,0
1790595363.9376626,1,1,-2,1,15433,14200,9632,20748,617646,617647,617649,617650,0,0,0,0
1790595364.1380439,-1,-1,7,-1,15424,14210,9640,20740,617676,617677,617679,617680,0,0,0,0
1790595364.1380439,0,2,-1,0,15422,14212,9642,20738,617766,617767,617769,617770,0,0,0,0
1790595364.337844,4,1,-6,-2,15423,14211,9642,20739,617796,617797,617799,617800,0,0,0,0
1790595364.3425758,-2,-1,0,-1,15418,14222,9651,20733,617856,617857,617859,617860,0,0,0,0
1790595364.5429022,-11,-3,-4,-4,15463,14194,9622,20766,617976,617977,617979,617980,0,0,0,0
1790595364.6286745,-3,1,-5,5,15449,14205,9635,20756,618006,618007,618009,618010,0,0,0,0
1790595364.6286745,0,2,1,-1,15433,14217,9648,20745,618036,618037,618039,618040,0,0,0,0
1790595364.6427863,3,-12,5,-2,15423,14220,9652,20737,618066,618067,618069,618070,0,0,0,0
1790595364.948127,0,-5,2,6,15423,14222,9652,20738,618096,618097,618099,618100,0,0,0,0
1790595364.948127,1,3,3,-1,15421,14219,9650,20740,618126,618127,618129,618130,0,0,0,0
1790595364.9577434,0,-4,-1,1,15420,14215,9644,20734,618156,618157,618159,618160,0,0,0,0
1790595365.1581256,-2,-7,3,-2,15411,14228,9658,20726,618336,618337,618339,618340,0,0,0,0
1790595365.162765,-4,-2,0,2,15410,14233,9660,20724,618366,618367,618369,618370,0,0,0,0
1790595365.3579602,0,-3,3,-5,15411,14234,9660,20724,618396,618397,618399,618400,0,0,0,0
1790595365.3676066,-1,1,-2,0,15412,14235,9663,20724,618426,618427,618429,618430,0,0,0,0
1790595365.3676066,1,-1,-3,1,15413,14239,9665,20724,618486,618487,618489,618490,0,0,0,0
1790595365.5681136,-5,0,-5,2,15410,14241,9668,20721,618516,618517,618519,618520,0,0,0,0
1790595365.5681136,-2,0,3,0,15407,14243,9670,20720,618576,618577,618579,618580,0,0,0,0
1790595365.5830247,-3,-1,-1,-5,15408,14242,9669,20721,618606,618607,618609,618610,0,0,0,0
1790595365.767605,3,2,-1,3,15408,14239,9668,20724,618666,618667,618669,618670,0,0,0,0
1790595365.777704,-9,1,-6,-2,15410,14235,9664,20726,618696,618697,618699,618700,0,0,0,0
1790595365.7829983,1,3,-1,1,15409,14233,9664,20726,618756,618757,618759,618760,0,0,0,0
1790595365.9782574,2,2,-6,1,15409,14234,9664,20726,618786,618787,618789,618790,0,0,0,0
1790595365.9782574,0,-1,4,1,15408,14232,9663,20724,618846,618847,618849,618850,0,0,0,0
1790595365.9782574,-3,2,1,1,15404,14233,9665,20723,618876,618877,618879,618880,0,0,0,0
1790595366.1780863,-1,-1,-3,-2,15404,14233,9664,20722,618906,618907,618909,618910,0,0,0,0
1790595366.1780863,-6,3,-4,3,15411,14230,9659,20726,618996,618997,618999,619000,0,0,0,0
1790595366.3880394,1,-3,0,1,15415,14232,9665,20732,619056,619057,619059,619060,0,0,0,0
1790595366.3880394,2,0,1,-3,15435,14251,9665,20734,619086,619087,619089,619090,0,0,0,0
1790595366.4029944,3,3,-3,0,15423,14246,9672,20732,619116,619117,619119,619120,0,0,0,0
1790595366.5680923,4,-3,0,1,15422,14253,9680,20729,619146,619147,619149,619150,0,0,0,0
1790595366.5680923,5,-7,-3,-3,15410,14265,9687,20720,619236,619237,619239,619240,0,0,0,0
1790595366.6639185,2,-1,-2,-5,15412,14266,9692,20726,619266,619267,619269,619270,0,0,0,0
1790595366.79759,-3,1,0,4,15430,14273,9686,20729,619296,619297,619299,619300,0,0,0,0
1790595366.79759,-3,1,-2,2,15420,14257,9681,20728,619356,619357,619359,619360,0,0,0,0
1790595367.0078182,-4,5,2,0,15414,14262,9683,20722,619476,619477,619479,619480,0,0,0,0
1790595367.2075799,1,-7,-1,-1,15413,14264,9684,20720,619506,619507,619509,619510,0,0,0,0
1790595367.2075799,-4,-10,-2,-1,15390,14333,9747,20691,619596,619597,619599,619600,0,0,0,0
1790595367.3326566,0,-5,1,-3,15384,14343,9756,20686,619626,619627,619629,619630,0,0,0,0
1790595367.3375862,-3,0,-1,-3,15379,14341,9755,20684,619656,619657,619659,619660,0,0,0,0
1790595367.343323,-1,0,2,6,15378,14338,9754,20686,619686,619687,619689,619690,0,0,0,0
1790595367.422475,6,-3,-3,-8,15379,14336,9753,20687,619716,619717,619719,619720,0,0,0,0
1790595367.5325541,2,2,2,-1,15377,14333,9753,20688,619746,619747,619749,619750,0,0,0,0
1790595367.5378437,-4,-2,0,2,15375,14333,9752,20686,619776,619777,619779,619780,0,0,0,0
1790595367.5431292,-1,6,3,8,15374,14334,9753,20686,619806,619807,619809,619810,0,0,0,0
1790595367.6100528,2,-1,1,6,15374,14335,9754,20686,619836,619837,619839,619840,0,0,0,0
1790595367.6625707,36,28,31,34,15871,14850,10302,21181,619866,619867,619869,619870,0,0,0,0
1790595367.7575023,28,28,27,24,16680,15660,11211,21986,619896,619897,619899,619900,0,0,0,0
1790595367.7575023,22,19,24,29,17375,16254,11818,22727,619926,619927,619929,619930,0,0,0,0
1790595367.820261,28,28,29,17,17987,16880,12581,23422,619956,619957,619959,619960,0,0,0,0
1790595367.8773866,24,29,31,27,18689,17614,13414,24151,619986,619987,619989,619990,0,0,0,0
1790595367.8880117,29,27,23,34,19507,18497,14134,24823,620016,620017,620019,620020,0,0,0,0
1790595367.9446285,22,32,25,17,20306,19252,14870,25608,620046,620047,620049,620050,0,0,0,0
1790595368.0278184,21,27,33,25,21025,20004,15656,26341,620076,620077,620079,620080,0,0,0,0
1790595368.041767,35,27,28,33,21968,20761,16431,27122,620106,620107,620109,620110,0,0,0,0
1790595368.1032083,35,23,23,32,22835,21485,17170,28090,620136,620137,620139,620140,0,0,0,0
1790595368.1624978,22,22,33,27,23503,22230,18007,28922,620166,620167,620169,620170,0,0,0,0
1790595368.2228265,23,22,26,34,24262,22980,18866,29658,620196,620197,620199,620200,0,0,0,0
1790595368.3224607,24,29,38,21,25855,24680,20627,31317,620256,620257,620259,620260,0,0,0,0
1790595368.3812866,32,30,28,31,26656,25491,21390,32002,620286,620287,620289,620290,0,0,0,0
1790595368.402025,31,34,24,30,27609,26371,22173,6,620316,620317,620319,620320,0,0,0,0
1790595368.462556,30,28,27,29,28384,27244,23047,782,620346,620347,620349,620350,0,0,0,0
1790595368.5025852,25,22,29,36,29233,28004,23835,1645,620376,620377,620379,620380,0,0,0,0
1790595368.5977268,29,24,33,31,30075,28764,24649,2508,620406,620407,620409,620410,0,0,0,0
1790595368.6033833,33,23,35,38,30839,29452,25554,3451,620436,620437,620439,620440,0,0,0,0
1790595368.6625566,31,27,30,13,31578,30218,26453,4342,620466,620467,620469,620470,0,0,0,0
1790595368.7578375,27,33,29,27,32407,31072,27289,5117,620496,620497,620499,620500,0,0,0,0
1790595368.7578375,39,41,29,26,478,31918,28115,5832,620526,620527,620529,620530,0,0,0,0
1790595368.8582735,28,30,23,24,1322,87,28919,6686,620556,620557,620559,620560,0,0,0,0
1790595368.8582735,20,27,30,30,2217,960,29596,7347,620586,620587,620589,620590,0,0,0,0
1790595368.8980932,32,37,28,25,3111,1834,30389,8122,620616,620617,620619,620620,0,0,0,0
1790595368.962394,34,27,27,27,4026,2651,31242,8992,620646,620647,620649,620650,0,0,0,0
1790595369.0510187,21,24,36,36,4736,3397,32050,9751,620676,620677,620679,620680,0,0,0,0
1790595369.0580552,29,30,36,27,5545,4204,160,10594,620706,620707,620709,620710,0,0,0,0
1790595369.178294,29,25,28,29,6363,4952,1043,11579,620736,620737,620739,620740,0,0,0,0
1790595369.2378333,21,25,27,22,7074,5761,1934,12317,620766,620767,620769,620770,0,0,0,0
1790595369.24435,29,27,33,34,7865,6666,2796,13056,620796,620797,620799,620800,0,0,0,0
1790595369.3077216,36,34,31,24,8761,7491,3612,13955,620826,620827,620829,620830,0,0,0,0
1790595369.3675182,24,28,24,23,9551,8274,4464,14758,620856,620857,620859,620860,0,0,0,0
1790595369.3776865,23,25,32,29,10311,9145,5185,15439,620886,620887,620889,620890,0,0,0,0
1790595369.438835,33,29,29,32,11302,10011,5936,16333,620916,620917,620919,620920,0,0,0,0
1790595369.4777548,30,31,26,30,12173,10792,6785,17230,620946,620947,620949,620950,0,0,0,0
1790595369.542969,30,28,33,36,12901,11566,7549,18055,620976,620977,620979,620980,0,0,0,0
1790595369.5976233,29,38,26,29,14559,13163,9273,19722,621036,621037,621039,621040,0,0,0,0
1790595369.6476061,21,25,23,28,15274,14012,10149,20477,621066,621067,621069,621070,0,0,0,0
1790595369.662542,32,29,38,22,16039,14830,10998,21190,621096,621097,621099,621100,0,0,0,0
1790595369.7183468,39,27,27,29,16922,15693,11844,22083,621126,621127,621129,621130,0,0,0,0
1790595369.8380673,28,20,24,29,17711,16434,12659,22987,621156,621157,621159,621160,0,0,0,0
1790595369.8380673,33,29,36,34,18468,17206,13510,23725,621186,621187,621189,621190,0,0,0,0
1790595369.8978977,33,29,36,34,18468,17206,13510,23725,621186,621187,621189,621190,0,0,0,0
1790595369.9576857,25,30,26,33,20225,18900,14985,25418,621246,621247,621249,621250,0,0,0,0
1790595370.0176487,27,27,31,27,20980,19718,15833,26115,621276,621277,621279,621280,0,0,0,0
1790595370.08422,40,29,25,28,21869,20543,16623,26894,621306,621307,621309,621310,0,0,0,0
1790595370.1377997,32,32,28,32,22753,21323,17381,27821,621336,621337,621339,621340,0,0,0,0
1790595370.1377997,21,21,32,24,23421,22140,18332,28652,621366,621367,621369,621370,0,0,0,0
1790595370.2187467,28,30,28,31,24117,22929,19169,29372,621396,621397,621399,621400,0,0,0,0
1790595370.2233107,25,33,30,29,24971,23682,19999,30277,621426,621427,621429,621430,0,0,0,0
1790595370.3179376,26,28,29,34,25711,24548,20944,31118,621456,621457,621459,621460,0,0,0,0
1790595370.3878155,38,28,20,29,26556,25346,21728,31862,621486,621487,621489,621490,0,0,0,0
1790595370.438252,39,41,25,25,27526,26175,22418,32654,621516,621517,621519,621520,0,0,0,0
1790595370.4778972,40,31,27,26,28387,27063,23259,684,621546,621547,621549,621550,0,0,0,0
1790595370.5037446,29,19,25,30,29260,27854,24029,1511,621576,621577,621579,621580,0,0,0,0
1790595370.5579245,27,28,30,27,30075,28562,24798,2345,621606,621607,621609,621610,0,0,0,0
1790595370.6683147,29,33,38,28,30834,29306,25709,3273,621636,621637,621639,621640,0,0,0,0
1790595370.677541,22,31,32,32,31542,30148,26652,4152,621666,621667,621669,621670,0,0,0,0
1790595370.727792,27,27,33,28,32312,30962,27570,4927,621696,621697,621699,621700,0,0,0,0
1790595370.7426193,32,38,32,25,304,31768,28390,5678,621726,621727,621729,621730,0,0,0,0
1790595370.8027298,25,26,21,33,1174,32729,29150,6504,621756,621757,621759,621760,0,0,0,0
1790595370.85786,28,23,34,27,2085,808,29881,7235,621786,621787,621789,621790,0,0,0,0
1790595370.8981495,35,33,33,27,2961,1618,30623,8038,621816,621817,621819,621820,0,0,0,0
1790595370.97776,34,28,27,30,3894,2416,31422,8928,621846,621847,621849,621850,0,0,0,0
1790595371.0375605,20,25,34,36,4692,3202,32254,9732,621876,621877,621879,621880,0,0,0,0
1790595371.0375605,32,34,34,25,5449,4018,355,10529,621906,621907,621909,621910,0,0,0,0
1790595371.0977397,28,31,23,31,6234,4848,1177,11412,621936,621937,621939,621940,0,0,0,0
1790595371.2077813,18,25,20,19,6914,5605,1997,12023,621966,621967,621969,621970,0,0,0,0
1790595371.2224758,23,32,26,20,7544,6360,2740,12622,621996,621997,621999,622000,0,0,0,0
1790595371.2809105,35,25,25,34,8285,7091,3404,13424,622026,622027,622029,622030,0,0,0,0
1790595371.3377814,23,22,25,21,9131,7797,4101,14184,622056,622057,622059,622060,0,0,0,0
1790595371.3878417,21,20,22,18,9806,8449,4739,14894,622086,622087,622089,622090,0,0,0,0
1790595371.398291,21,22,17,20,10284,8976,5222,15369,622116,622117,622119,622120,0,0,0,0
1790595371.4599712,23,23,26,21,10820,9437,5768,16009,622146,622147,622149,622150,0,0,0,0
1790595371.5226643,12,17,17,13,11328,9894,6250,16434,622176,622177,622179,622180,0,0,0,0
1790595371.5807161,11,11,16,18,11665,10282,6660,16800,622206,622207,622209,622210,0,0,0,0
1790595371.6827197,10,13,14,12,12031,10686,7050,17176,622236,622237,622239,622240,0,0,0,0
1790595371.6827197,9,2,6,6,12390,11078,7397,17466,622266,622267,622269,622270,0,0,0,0
1790595371.7206626,5,1,1,-2,12480,11138,7453,17501,622296,622297,622299,622300,0,0,0,0
1790595371.918558,1,2,0,3,12511,11145,7476,17518,622326,622327,622329,622330,0,0,0,0
1790595371.918558,-1,2,5,0,12520,11260,7622,17531,622386,622387,622389,622390,0,0,0,0
1790595371.9228127,-4,0,2,-6,12491,11319,7685,17502,622416,622417,622419,622420,0,0,0,0
1790595371.9966404,-4,1,3,-6,12454,11378,7751,17472,622446,622447,622449,622450,0,0,0,0
1790595372.0028224,-2,3,3,-5,12423,11434,7809,17444,622476,622477,622479,622480,0,0,0,0
1790595372.1244736,-1,4,4,-2,12378,11501,7868,17405,622536,622537,622539,622540,0,0,0,0
1790595372.3274276,5,0,-1,4,12389,11506,7872,17416,622566,622567,622569,622570,0,0,0,0
1790595372.3274276,-5,1,-4,-1,12468,11585,7918,17433,622656,622657,622659,622660,0,0,0,0
1790595372.3274276,-5,1,4,-1,12451,11612,7940,17413,622686,622687,622689,622690,0,0,0,0
1790595372.532945,-4,-1,-2,-1,12432,11636,7964,17395,622716,622717,622719,622720,0,0,0,0
1790595372.532945,-2,3,-2,-1,12418,11667,7993,17380,622806,622807,622809,622810,0,0,0,0
1790595372.6878164,1,-6,0,-4,12423,11673,8000,17380,622896,622897,622899,622900,0,0,0,0
1790595372.9380193,-2,1,-5,2,12419,11677,8004,17378,622926,622927,622929,622930,0,0,0,0
1790595372.942747,5,1,-4,3,12435,11691,8014,17398,623046,623047,623049,623050,0,0,0,0
1790595373.057562,4,-7,3,-1,12504,11701,8005,17424,623106,623107,623109,623110,0,0,0,0
1790595373.1473749,-3,-1,1,-2,12496,11711,8013,17415,623136,623137,623139,623140,0,0,0,0
1790595373.1581411,-8,2,3,-6,12483,11720,8023,17402,623166,623167,623169,623170,0,0,0,0
1790595373.2075834,-5,-6,2,-1,12473,11726,8031,17395,623196,623197,623199,623200,0,0,0,0
1790595373.3377287,41,-21,-14,27,13007,11508,7871,17841,623256,623257,623259,623260,0,0,0,0
1790595373.3377287,96,-48,-41,86,14938,10391,7162,19266,623286,623287,623289,623290,0,0,0,0
1790595373.549152,76,-65,-70,84,19121,7282,4129,24015,623346,623347,623349,623350,0,0,0,0
1790595373.5575137,70,-65,-77,86,23365,3576,389,28474,623406,623407,623409,623410,0,0,0,0
1790595373.6983414,60,-67,-49,64,25444,1902,31385,30448,623436,623437,623439,623440,0,0,0,0
1790595373.6983414,57,-48,-42,48,28682,31700,28623,943,623496,623497,623499,623500,0,0,0,0
1790595373.7824786,41,-45,-47,43,30055,30582,27429,2393,623526,623527,623529,623530,0,0,0,0
1790595373.7824786,51,-46,-42,57,31412,29414,26340,3785,623556,623557,623559,623560,0,0,0,0
1790595373.9678986,71,-51,-53,66,1772,26690,23626,7005,623616,623617,623619,623620,0,0,0,0
1790595373.9709136,75,-58,-52,70,3646,25112,21923,8837,623646,623647,623649,623650,0,0,0,0
1790595373.9825618,71,-55,-66,74,5561,23414,20183,10655,623676,623677,623679,623680,0,0,0,0
1790595374.037787,71,-56,-66,55,7429,21910,18603,12495,623706,623707,623709,623710,0,0,0,0
1790595374.1713467,50,-63,-52,56,9244,20258,16977,14307,623736,623737,623739,623740,0,0,0,0
1790595374.2379076,53,-46,-57,50,12387,17365,14141,17483,623796,623797,623799,623800,0,0,0,0
1790595374.3729806,67,-60,-52,47,16871,13201,9811,21944,623886,623887,623889,623890,0,0,0,0
1790595374.5775502,50,-58,-62,56,18491,11667,8263,23669,623916,623917,623919,623920,0,0,0,0
1790595374.5879653,52,-56,-63,73,23503,6813,3345,28812,624006,624007,624009,624010,0,0,0,0
1790595374.5983536,58,-62,-63,56,25211,5197,1745,30369,624036,624037,624039,624040,0,0,0,0
1790595374.6426778,54,-65,-55,60,26720,3644,237,31959,624066,624067,624069,624070,0,0,0,0
1790595374.7174313,57,-59,-49,50,28244,2248,31446,722,624096,624097,624099,624100,0,0,0,0
1790595374.7828145,60,-49,-56,49,29782,719,29968,2299,624126,624127,624129,624130,0,0,0,0
1790595374.8029904,50,-67,-61,54,31308,31920,28513,3796,624156,624157,624159,624160,0,0,0,0
1790595374.9176857,53,-49,-52,48,47,30410,26892,5323,624186,624187,624189,624190,0,0,0,0
1790595374.9176857,56,-48,-52,50,1628,28894,25416,6889,624216,624217,624219,624220,0,0,0,0
1790595374.988031,41,-52,-45,56,4627,25861,22356,9805,624276,624277,624279,624280,0,0,0,0
1790595375.189361,35,-35,-34,46,7036,23536,20022,12164,624336,624337,624339,624340,0,0,0,0
1790595375.189361,17,-36,-39,37,7966,22604,19133,13057,624366,624367,624369,624370,0,0,0,0
1790595375.1978414,36,-35,-37,26,8937,21701,18239,14000,624396,624397,624399,624400,0,0,0,0
1790595375.2677133,34,-34,-34,35,10767,19736,16314,15997,624456,624457,624459,624460,0,0,0,0
1790595375.4015925,25,-32,-30,27,12660,17987,14434,17830,624516,624517,624519,624520,0,0,0,0
1790595375.59893,14,-18,-16,12,13244,17333,13869,18429,624546,624547,624549,624550,0,0,0,0
1790595375.7175722,12,-8,-13,14,13898,16814,13303,18871,624666,624667,624669,624670,0,0,0,0
1790595375.7274253,15,-19,-17,18,14199,16447,12892,19281,624696,624697,624699,624700,0,0,0,0
1790595375.7382274,25,-25,-25,22,14788,15902,12314,19889,624726,624727,624729,624730,0,0,0,0
1790595376.0084066,28,-32,-24,23,15456,15082,11628,20646,624756,624757,624759,624760,0,0,0,0
1790595376.0084066,19,-26,-24,19,16145,14416,10959,21272,624786,624787,624789,624790,0,0,0,0
1790595376.0174937,14,-13,-29,12,16635,13968,10432,21788,624816,624817,624819,624820,0,0,0,0
1790595376.0174937,3,-2,-6,5,16931,13694,10155,22024,624846,624847,624849,624850,0,0,0,0
1790595376.0174937,-1,-1,2,3,17089,13572,10062,22113,624876,624877,624879,624880,0,0,0,0
1790595376.2180917,2,0,-3,4,17138,13522,10025,22151,624906,624907,624909,624910,0,0,0,0
1790595376.2180917,3,1,1,-5,17149,13518,10024,22147,624966,624967,624969,624970,0,0,0,0
1790595376.2180917,0,-2,1,-1,17130,13538,10044,22130,624996,624997,624999,625000,0,0,0,0
1790595376.2889292,1,2,1,0,17110,13557,10062,22114,625026,625027,625029,625030,0,0,0,0
1790595376.3053133,-1,-2,-2,4,17097,13570,10074,22103,625056,625057,625059,625060,0,0,0,0
1790595376.4239511,0,3,-4,-1,17091,13576,10078,22098,625086,625087,625089,625090,0,0,0,0
1790595376.4249015,-2,-1,-3,2,17092,13575,10077,22100,625116,625117,625119,625120,0,0,0,0
1790595376.6282783,0,-5,-4,-1,17098,13570,10073,22104,625146,625147,625149,625150,0,0,0,0
1790595376.6282783,-1,0,0,-2,17104,13565,10069,22108,625176,625177,625179,625180,0,0,0,0
1790595376.6282783,-1,0,2,0,17100,13566,10071,22104,625236,625237,625239,625240,0,0,0,0
1790595376.6385977,-6,-3,0,-1,17096,13570,10074,22101,625266,625267,625269,625270,0,0,0,0
1790595376.7201083,-1,0,3,-3,17096,13572,10076,22100,625296,625297,625299,625300,0,0,0,0
1790595376.8337984,0,2,1,-2,17084,13566,10072,22087,625356,625357,625359,625360,0,0,0,0
1790595376.842522,2,-3,2,1,17093,13592,10109,22110,625386,625387,625389,625390,0,0,0,0
1790595376.944777,-1,8,-2,-2,17097,13581,10103,22117,625416,625417,625419,625420,0,0,0,0
1790595376.944777,-4,-3,3,-3,17100,13576,10100,22119,625446,625447,625449,625450,0,0,0,0
1790595377.0392413,-1,-3,0,0,17107,13587,10103,22111,625506,625507,625509,625510,0,0,0,0
1790595377.219713,-4,10,8,-1,17098,13596,10115,22110,625566,625567,625569,625570,0,0,0,0
1790595377.4491923,1,1,-2,-1,17092,13590,10111,22109,625626,625627,625629,625630,0,0,0,0
1790595377.4525228,-2,-1,-6,-4,17133,13568,10098,22143,625746,625747,625749,625750,0,0,0,0
1790595377.462905,0,2,-1,-1,17115,13581,10110,22130,625776,625777,625779,625780,0,0,0,0
1790595377.6510367,0,3,-2,3,17101,13597,10124,22119,625866,625867,625869,625870,0,0,0,0
1790595377.7273526,1,4,4,-1,17104,13595,10122,22120,625896,625897,625899,625900,0,0,0,0
1790595377.7375278,-4,-2,3,-4,17104,13594,10122,22120,625926,625927,625929,625930,0,0,0,0
1790595377.8590121,-5,-2,-2,4,17098,13593,10114,22104,625956,625957,625959,625960,0,0,0,0
1790595377.8590121,-1,-4,3,0,17097,13591,10119,22116,625986,625987,625989,625990,0,0,0,0
1790595378.030166,-2,-3,-2,-3,17109,13596,10136,22135,626016,626017,626019,626020,0,0,0,0
1790595378.032687,-2,-4,0,-1,17110,13599,10139,22135,626106,626107,626109,626110,0,0,0,0
1790595378.2675083,-2,1,4,4,17085,13634,10179,22122,626226,626227,626229,626230,0,0,0,0
1790595378.282682,0,6,3,2,17073,13643,10190,22116,626256,626257,626259,626260,0,0,0,0
1790595378.4675722,2,1,-2,-2,17066,13648,10194,22109,626286,626287,626289,626290,0,0,0,0
1790595378.6683648,0,-6,-4,-1,17077,13638,10184,22119,626376,626377,626379,626380,0,0,0,0
1790595378.677523,-1,0,-1,5,17094,13613,10157,22136,626466,626467,626469,626470,0,0,0,0
1790595378.7380338,-5,3,2,1,17108,13610,10156,22144,626496,626497,626499,626500,0,0,0,0
1790595378.7380338,-1,15,0,1,17107,13615,10162,22140,626526,626527,626529,626530,0,0,0,0
1790595378.85784,-2,-3,-9,-5,17101,13628,10173,22133,626556,626557,626559,626560,0,0,0,0
1790595378.85784,-3,-1,-3,-2,17095,13638,10184,22129,626586,626587,626589,626590,0,0,0,0
1790595379.0847282,2,3,-1,-2,17088,13640,10188,22128,626616,626617,626619,626620,0,0,0,0
1790595379.087684,-1,1,-4,-1,17121,13596,10148,22157,626706,626707,626709,626710,0,0,0,0
1790595379.1029055,-2,0,0,-5,17111,13606,10156,22145,626736,626737,626739,626740,0,0,0,0
1790595379.287627,1,3,-1,-3,17081,13637,10185,22122,626826,626827,626829,626830,0,0,0,0
1790595379.303343,-3,4,-2,-3,17082,13637,10184,22123,626856,626857,626859,626860,0,0,0,0
1790595379.4881783,2,-2,-3,1,17081,13638,10186,22121,626916,626917,626919,626920,0,0,0,0
1790595379.497874,2,-4,-2,-1,17080,13639,10186,22121,626946,626947,626949,626950,0,0,0,0
1790595379.502909,0,-4,1,-1,17080,13637,10185,22123,626976,626977,626979,626980,0,0,0,0
1790595379.6978285,-3,1,1,-1,17084,13634,10182,22126,627006,627007,627009,627010,0,0,0,0
1790595379.6978285,0,5,-2,1,17084,13634,10182,22124,627066,627067,627069,627070,0,0,0,0
1790595379.757799,-4,3,0,-2,17078,13640,10187,22119,627126,627127,627129,627130,0,0,0,0
1790595379.8978796,-2,2,-1,-10,17079,13639,10187,22120,627156,627157,627159,627160,0,0,0,0
1790595379.907678,-2,-5,1,-2,17080,13639,10187,22122,627186,627187,627189,627190,0,0,0,0
1790595379.9176416,1,-2,3,1,17080,13638,10186,22122,627216,627217,627219,627220,0,0,0,0
1790595380.108706,-1,3,-5,-4,17080,13639,10187,22121,627246,627247,627249,627250,0,0,0,0
1790595380.1137514,0,3,3,-3,17077,13642,10190,22117,627306,627307,627309,627310,0,0,0,0
1790595380.122916,-1,-1,-1,4,17078,13642,10188,22119,627336,627337,627339,627340,0,0,0,0
1790595380.3094943,2,-2,-3,0,17082,13639,10185,22122,627366,627367,627369,627370,0,0,0,0
1790595380.3094943,-3,-6,-1,0,17090,13631,10179,22127,627426,627427,627429,627430,0,0,0,0
1790595380.322937,-3,0,2,2,17091,13630,10178,22129,627456,627457,627459,627460,0,0,0,0
1790595380.5217898,2,0,0,3,17110,13641,10182,22143,627546,627547,627549,627550,0,0,0,0
1790595380.5282226,-3,-4,-1,0,17109,13640,10175,22126,627576,627577,627579,627580,0,0,0,0
1790595380.7028582,0,-2,-4,-4,17108,13649,10189,22134,627606,627607,627609,627610,0,0,0,0
1790595380.7112799,4,-7,2,-1,17110,13645,10190,22145,627726,627727,627729,627730,0,0,0,0
1790595380.762616,4,-7,2,-1,17110,13645,10190,22145,627726,627727,627729,627730,0,0,0,0
1790595380.927735,-4,-5,1,-1,17133,13643,10180,22154,627816,627817,627819,627820,0,0,0,0
1790595380.9425285,0,-6,1,-4,17134,13643,10182,22155,627846,627847,627849,627850,0,0,0,0
1790595381.1297078,4,4,0,0,17130,13646,10184,22152,627876,627877,627879,627880,0,0,0,0
1790595381.1297078,-3,-2,1,6,17120,13655,10193,22143,627936,627937,627939,627940,0,0,0,0
1790595381.1374736,1,1,4,0,17120,13656,10193,22144,627966,627967,627969,627970,0,0,0,0
1790595381.337579,-2,-1,2,0,17121,13654,10193,22145,627996,627997,627999,628000,0,0,0,0
1790595381.337579,-4,-1,0,3,17083,13695,10236,22117,628086,628087,628089,628090,0,0,0,0
1790595381.4574485,-3,-5,-3,1,17089,13698,10236,22121,628116,628117,628119,628120,0,0,0,0
1790595381.5419126,-5,-1,1,0,17106,13685,10224,22136,628176,628177,628179,628180,0,0,0,0
1790595381.5419126,-1,2,0,0,17109,13680,10221,22139,628206,628207,628209,628210,0,0,0,0
1790595381.667655,1,-5,5,-1,17110,13682,10220,22139,628266,628267,628269,628270,0,0,0,0
1790595381.7376819,1,-4,3,0,17108,13682,10221,22139,628296,628297,628299,628300,0,0,0,0
1790595381.7376819,23,22,22,20,17157,13785,10323,22228,628326,628327,628329,628330,0,0,0,0
1790595381.8477058,29,29,30,26,17889,14494,11081,23069,628356,628357,628359,628360,0,0,0,0
1790595381.8584,18,20,26,24,18548,15200,11752,23686,628386,628387,628389,628390,0,0,0,0
1790595381.9230804,30,25,28,23,19183,15938,12520,24374,628416,628417,628419,628420,0,0,0,0
1790595381.9587588,20,22,31,27,19873,16552,13323,25112,628446,628447,628449,628450,0,0,0,0
1790595382.021139,27,27,26,21,20565,17248,14091,25823,628476,628477,628479,628480,0,0,0,0
1790595382.08295,33,38,35,22,21280,18072,14794,26548,628506,628507,628509,628510,0,0,0,0
1790595382.1228216,30,27,26,35,22246,18839,15485,27206,628536,628537,628539,628540,0,0,0,0
1790595382.1575093,24,27,24,28,23155,19669,16249,28031,628566,628567,628569,628570,0,0,0,0
1790595382.2402427,33,34,37,36,24764,21118,17759,29667,628626,628627,628629,628630,0,0,0,0
1790595382.2974365,25,26,35,26,25523,21907,18760,30528,628656,628657,628659,628660,0,0,0,0
1790595382.3576164,27,31,24,25,26111,22725,19607,31329,628686,628687,628689,628690,0,0,0,0
1790595382.4227095,24,22,34,31,26887,23450,20507,32099,628716,628717,628719,628720,0,0,0,0
1790595382.4831965,29,24,28,26,27740,24410,21402,98,628746,628747,628749,628750,0,0,0,0
1790595382.5201662,34,31,27,30,28533,25195,22151,878,628776,628777,628779,628780,0,0,0,0
1790595382.580252,34,29,22,30,29428,25966,22868,1700,628806,628807,628809,628810,0,0,0,0
1790595382.6381245,31,33,28,22,30396,26853,23588,2458,628836,628837,628839,628840,0,0,0,0
1790595382.6924286,27,27,29,24,31331,27689,24384,3346,628866,628867,628869,628870,0,0,0,0
1790595382.703101,28,31,29,30,32099,28377,25165,4176,628896,628897,628899,628900,0,0,0,0
1790595382.762757,24,21,42,38,31,29148,26135,5020,628926,628927,628929,628930,0,0,0,0
1790595382.8213115,20,31,32,29,813,29983,27095,5877,628956,628957,628959,628960,0,0,0,0
1790595382.878018,26,30,28,14,1485,30802,28013,6786,628986,628987,628989,628990,0,0,0,0
1790595382.94256,25,29,29,26,2297,31620,28864,7462,629016,629017,629019,629020,0,0,0,0
1790595382.972421,32,29,33,30,3261,32617,29598,8235,629046,629047,629049,629050,0,0,0,0
1790595383.001782,30,29,20,25,4262,670,30320,9032,629076,629077,629079,629080,0,0,0,0
1790595383.057465,35,26,28,30,5025,1402,31016,9751,629106,629107,629109,629110,0,0,0,0
1790595383.1220942,35,40,35,31,5978,2352,31829,10608,629136,629137,629139,629140,0,0,0,0
1790595383.1847823,22,29,28,23,6852,3170,32654,11511,629166,629167,629169,629170,0,0,0,0
1790595383.2427857,26,37,32,27,7575,3922,729,12256,629196,629197,629199,629200,0,0,0,0
1790595383.3077924,36,28,44,36,8349,4702,1645,13042,629226,629227,629229,629230,0,0,0,0
1790595383.3691869,24,28,33,20,9197,5548,2524,13954,629256,629257,629259,629260,0,0,0,0
1790595383.3824332,13,27,21,26,9769,6247,3238,14554,629286,629287,629289,629290,0,0,0,0
1790595383.438378,22,19,25,26,10322,6922,3830,15173,629316,629317,629319,629320,0,0,0,0
1790595383.4976366,30,29,20,25,11059,7584,4543,15882,629346,629347,629349,629350,0,0,0,0
1790595383.5426078,19,15,14,16,11828,8224,5149,16452,629376,629377,629379,629380,0,0,0,0
1790595383.5626247,20,19,12,18,12353,8735,5523,16926,629406,629407,629409,629410,0,0,0,0
1790595383.6183264,17,14,13,17,12854,9176,5899,17466,629436,629437,629439,629440,0,0,0,0
1790595383.6828427,20,17,51,21,13379,9559,6392,18030,629466,629467,629469,629470,0,0,0,0
1790595383.717865,11,9,13,12,13872,10079,6945,18517,629496,629497,629499,629500,0,0,0,0
1790595383.7774825,3,17,14,7,14080,10434,7358,18712,629526,629527,629529,629530,0,0,0,0
1790595383.837802,10,13,12,11,14327,10849,7758,18961,629556,629557,629559,629560,0,0,0,0
1790595383.892887,14,14,13,8,14685,11281,8089,19312,629586,629587,629589,629590,0,0,0,0
1790595383.957521,12,2,1,-3,15275,11645,8469,19921,629646,629647,629649,629650,0,0,0,0
1790595383.9634917,14,1,8,11,15574,11736,8619,20282,629676,629677,629679,629680,0,0,0,0
1790595384.0227938,6,-1,12,10,15857,11874,8808,20583,629706,629707,629709,629710,0,0,0,0
1790595384.0975027,4,11,11,3,16105,12119,9051,20787,629736,629737,629739,629740,0,0,0,0
1790595384.1478558,6,8,15,5,16288,12450,9333,20929,629766,629767,629769,629770,0,0,0,0
1790595384.1591957,2,8,9,-2,16394,12688,9625,21019,629796,629797,629799,629800,0,0,0,0
1790595384.21778,5,6,13,5,16483,12904,9879,21137,629826,629827,629829,629830,0,0,0,0
1790595384.3175294,4,3,7,7,16673,13110,10109,21370,629856,629857,629859,629860,0,0,0,0
1790595384.3781946,7,5,3,6,16911,13218,10239,21641,629886,629887,629889,629890,0,0,0,0
1790595384.4575045,6,5,-13,10,17188,13302,10337,21914,629916,629917,629919,629920,0,0,0,0
1790595384.4625165,13,1,2,7,17444,13417,10430,22147,629946,629947,629949,629950,0,0,0,0
1790595384.5176904,7,5,8,11,17673,13581,10547,22353,629976,629977,629979,629980,0,0,0,0
1790595384.522975,1,11,5,6,17863,13790,10737,22530,630006,630007,630009,630010,0,0,0,0
1790595384.6126325,6,4,4,-3,18002,13985,10979,22647,630036,630037,630039,630040,0,0,0,0
1790595384.6175945,-7,1,9,-1,17958,14048,11076,22565,630066,630067,630069,630070,0,0,0,0
1790595384.7905831,0,-3,1,-2,17886,14088,11139,22492,630096,630097,630099,630100,0,0,0,0
1790595384.7926674,-5,-2,0,0,17792,14165,11233,22394,630156,630157,630159,630160,0,0,0,0
1790595384.9276557,-1,4,2,-2,17719,14227,11303,22316,630216,630217,630219,630220,0,0,0,0
1790595384.9434264,-1,1,-1,-1,17685,14259,11337,22280,630246,630247,630249,630250,0,0,0,0
1790595385.030847,-1,-1,-4,-2,17650,14286,11363,22242,630276,630277,630279,630280,0,0,0,0
1790595385.03885,-5,3,1,3,17623,14300,11378,22212,630306,630307,630309,630310,0,0,0,0
1790595385.2282593,-4,1,1,4,17552,14391,11465,22147,630396,630397,630399,630400,0,0,0,0
1790595385.2377217,-2,-4,4,0,17533,14413,11483,22128,630426,630427,630429,630430,0,0,0,0
1790595385.4400058,0,-2,0,3,17498,14458,11521,22103,630546,630547,630549,630550,0,0,0,0
1790595385.6375506,1,0,4,-2,17523,14466,11536,22141,630576,630577,630579,630580,0,0,0,0
1790595385.6426377,-6,-2,-3,-4,17522,14463,11537,22128,630666,630667,630669,630670,0,0,0,0
1790595385.7581725,-3,-2,-1,-2,17508,14474,11549,22118,630696,630697,630699,630700,0,0,0,0
1790595385.7624495,-4,0,-2,1,17500,14486,11558,22109,630726,630727,630729,630730,0,0,0,0
1790595385.7977157,5,-5,1,-3,17493,14496,11564,22101,630756,630757,630759,630760,0,0,0,0
1790595385.8640652,2,-17,0,0,17483,14504,11573,22092,630786,630787,630789,630790,0,0,0,0
1790595386.0479324,90,-60,-53,39,19238,12813,10389,23285,630876,630877,630879,630880,0,0,0,0
1790595386.1146405,62,-56,-76,82,23102,9279,7057,27212,630936,630937,630939,630940,0,0,0,0
1790595386.2538142,77,-77,-81,63,27010,5313,2970,31421,630996,630997,630999,631000,0,0,0,0
1790595386.2626846,62,-53,-69,63,28888,3392,969,523,631026,631027,631029,631030,0,0,0,0
1790595386.3277273,54,-70,-62,49,30562,1747,31982,2175,631056,631057,631059,631060,0,0,0,0
1790595386.3427372,53,-50,-50,41,32055,250,30548,3561,631086,631087,631089,631090,0,0,0,0
1790595386.420918,48,-49,-46,43,553,31596,29186,4763,631116,631117,631119,631120,0,0,0,0
1790595386.4576504,59,-47,-52,50,1780,30379,27902,5971,631146,631147,631149,631150,0,0,0,0
1790595386.6638544,53,-46,-48,50,3049,28988,26471,7426,631176,631177,631179,631180,0,0,0,0
1790595386.6638544,49,-75,-72,67,7947,23976,21427,12296,631266,631267,631269,631270,0,0,0,0
1790595386.7429273,62,-55,-60,60,9686,22171,19615,14045,631296,631297,631299,631300,0,0,0,0
1790595386.797952,61,-61,-68,69,11355,20562,17842,15810,631326,631327,631329,631330,0,0,0,0
1790595386.797952,67,-59,-52,48,12905,18941,16331,17386,631356,631357,631359,631360,0,0,0,0
1790595386.8790653,51,-48,-50,51,14394,17361,14762,18856,631386,631387,631389,631390,0,0,0,0
1790595386.898121,57,-56,-65,55,15843,15948,13293,20296,631416,631417,631419,631420,0,0,0,0
1790595386.9576466,54,-57,-50,47,17260,14430,11848,21727,631446,631447,631449,631450,0,0,0,0
1790595387.0377119,48,-60,-54,43,18686,12908,10244,23261,631476,631477,631479,631480,0,0,0,0
1790595387.0832994,62,-65,-60,62,21843,9789,7046,26356,631536,631537,631539,631540,0,0,0,0
1790595387.1381948,55,-58,-67,50,23484,8177,5310,27991,631566,631567,631569,631570,0,0,0,0
1790595387.278104,58,-60,-44,53,26784,4793,2025,31411,631626,631627,631629,631630,0,0,0,0
1790595387.278104,36,-64,-51,69,28063,3051,698,333,631656,631657,631659,631660,0,0,0,0
1790595387.4784095,34,-83,-32,86,31127,29649,30324,6496,631746,631747,631749,631750,0,0,0,0
1790595387.5481064,41,-84,-28,85,32067,27567,29283,8600,631776,631777,631779,631780,0,0,0,0
1790595387.5481064,36,-71,-54,71,243,25421,28282,10618,631806,631807,631809,631810,0,0,0,0
1790595387.6178098,48,-63,-43,56,1389,23372,26981,12565,631836,631837,631839,631840,0,0,0,0
1790595387.6225483,50,-55,-63,62,2814,21694,25612,14317,631866,631867,631869,631870,0,0,0,0
1790595387.697727,47,-52,-59,49,4405,20245,24061,15810,631896,631897,631899,631900,0,0,0,0
1790595387.8178403,34,-36,-40,33,5606,19140,22707,16817,631926,631927,631929,631930,0,0,0,0
1790595387.8178403,14,-20,-15,14,6970,17807,21446,17962,631986,631987,631989,631990,0,0,0,0
1790595387.902667,10,-9,-14,7,7231,17486,21172,18238,632016,632017,632019,632020,0,0,0,0
1790595387.968248,17,-14,-18,11,7578,17139,20835,18539,632046,632047,632049,632050,0,0,0,0
1790595387.9775457,5,-21,-29,15,8078,16631,20211,19024,632076,632077,632079,632080,0,0,0,0
1790595388.0653985,32,-39,-27,25,8862,15928,19469,19780,632106,632107,632109,632110,0,0,0,0
1790595388.0926533,31,-32,-33,32,9720,14923,18571,20766,632136,632137,632139,632140,0,0,0,0
1790595388.3027244,29,-18,-25,24,10498,14105,17672,21583,632166,632167,632169,632170,0,0,0,0
1790595388.3027244,6,-9,-9,11,11031,13697,17253,22008,632196,632197,632199,632200,0,0,0,0
1790595388.3656814,-8,-2,-3,-1,11290,13389,17091,22195,632286,632287,632289,632290,0,0,0,0
1790595388.4976668,0,1,3,-3,11267,13422,17117,22171,632316,632317,632319,632320,0,0,0,0
1790595388.5077605,-10,0,1,1,11225,13466,17152,22139,632346,632347,632349,632350,0,0,0,0
1790595388.5175955,2,2,4,-5,11174,13512,17194,22100,632376,632377,632379,632380,0,0,0,0
1790595388.7074502,-4,0,-2,-1,11117,13566,17238,22055,632406,632407,632409,632410,0,0,0,0
1790595388.7124572,-1,-2,0,-6,10982,13690,17345,21954,632466,632467,632469,632470,0,0,0,0
1790595388.7234864,2,-6,3,-1,10910,13752,17402,21903,632496,632497,632499,632500,0,0,0,0
1790595388.7797642,-4,1,3,1,10843,13802,17451,21853,632526,632527,632529,632530,0,0,0,0
1790595388.8261302,16,3,-1,-4,10797,13837,17485,21819,632556,632557,632559,632560,0,0,0,0
1790595388.9138112,4,4,-2,0,10773,13854,17505,21807,632586,632587,632589,632590,0,0,0,0
1790595388.917798,-4,-3,5,0,10785,13835,17496,21820,632616,632617,632619,632620,0,0,0,0
1790595389.0426035,2,0,-5,-1,10782,13840,17513,21838,632646,632647,632649,632650,0,0,0,0
1790595389.0585809,1,-2,2,-3,10798,13827,17501,21849,632736,632737,632739,632740,0,0,0,0
1790595389.1229143,4,-2,-1,3,10791,13826,17506,21849,632766,632767,632769,632770,0,0,0,0
1790595389.2976487,1,-3,0,13,10796,13828,17504,21846,632856,632857,632859,632860,0,0,0,0
1790595389.530308,4,-6,-3,-2,10800,13825,17502,21850,632886,632887,632889,632890,0,0,0,0
1790595389.530747,1,-2,3,2,10824,13821,17501,21882,632916,632917,632919,632920,0,0,0,0
1790595389.530747,0,1,-2,-2,10829,13815,17501,21879,633006,633007,633009,633010,0,0,0,0
1790595389.731909,-1,2,1,-1,10811,13829,17516,21865,633036,633037,633039,633040,0,0,0,0
1790595389.7393575,0,0,-1,1,10801,13837,17523,21860,633126,633127,633129,633130,0,0,0,0
1790595389.8292336,-1,1,-2,1,10806,13833,17519,21864,633156,633157,633159,633160,0,0,0,0
1790595389.8425958,-1,-3,-1,-2,10807,13832,17518,21863,633186,633187,633189,633190,0,0,0,0
1790595389.9409418,2,-2,-2,-2,10795,13826,17511,21850,633216,633217,633219,633220,0,0,0,0
1790595390.1130977,-5,3,-3,2,10804,13829,17526,21869,633336,633337,633339,633340,0,0,0,0
1790595390.3479548,-2,1,-3,0,10805,13832,17527,21867,633366,633367,633369,633370,0,0,0,0
1790595390.3479548,-1,0,4,3,10818,13838,17547,21886,633426,633427,633429,633430,0,0,0,0
1790595390.3479548,-1,-1,0,-1,10814,13844,17554,21885,633486,633487,633489,633490,0,0,0,0
1790595390.5522933,2,7,2,-5,10811,13842,17553,21884,633546,633547,633549,633550,0,0,0,0
1790595390.5575252,-1,4,-2,-1,10811,13841,17553,21884,633606,633607,633609,633610,0,0,0,0
1790595390.7583048,-1,0,-3,2,10811,13842,17553,21883,633636,633637,633639,633640,0,0,0,0
1790595390.7583048,-1,-1,-1,-3,10812,13843,17553,21883,633666,633667,633669,633670,0,0,0,0
1790595390.7583048,-4,-1,-4,-2,10806,13830,17543,21881,633696,633697,633699,633700,0,0,0,0
1790595390.7583048,1,-2,6,-3,10839,13819,17534,21917,633726,633727,633729,633730,0,0,0,0
1790595390.8282833,4,4,3,0,10839,13817,17534,21914,633756,633757,633759,633760,0,0,0,0
1790595390.8428788,4,1,1,0,10832,13820,17536,21906,633786,633787,633789,633790,0,0,0,0
1790595390.951413,0,-1,-1,-2,10822,13832,17546,21895,633846,633847,633849,633850,0,0,0,0
1790595391.1680858,-2,-6,-1,-3,10823,13834,17549,21895,633876,633877,633879,633880,0,0,0,0
1790595391.1705964,-4,-3,1,-21,10848,13808,17526,21918,633966,633967,633969,633970,0,0,0,0
1790595391.371125,0,0,1,-1,10827,13823,17544,21902,633996,633997,633999,634000,0,0,0,0
1790595391.3753061,-4,-4,-1,1,10805,13840,17559,21886,634086,634087,634089,634090,0,0,0,0
1790595391.5850296,1,-2,0,-16,10808,13838,17558,21887,634206,634207,634209,634210,0,0,0,0
1790595391.7781382,0,1,-3,5,10807,13839,17558,21887,634236,634237,634239,634240,0,0,0,0
1790595391.7781382,-3,-1,3,-18,10809,13838,17556,21888,634266,634267,634269,634270,0,0,0,0
1790595391.7781382,0,1,-1,3,10811,13837,17556,21889,634296,634297,634299,634300,0,0,0,0
1790595391.7875378,0,5,-5,-6,10811,13836,17556,21889,634326,634327,634329,634330,0,0,0,0
1790595391.8474336,-5,1,-2,1,10811,13837,17556,21887,634356,634357,634359,634360,0,0,0,0
1790595391.8578014,3,-1,4,-4,10809,13838,17557,21887,634386,634387,634389,634390,0,0,0,0
1790595391.9875135,2,-2,1,1,10810,13837,17557,21888,634446,634447,634449,634450,0,0,0,0
1790595392.0010278,3,-2,-2,-2,10811,13835,17555,21890,634476,634477,634479,634480,0,0,0,0
1790595392.1880069,0,4,3,-2,10813,13835,17554,21890,634566,634567,634569,634570,0,0,0,0
1790595392.3978465,-3,-1,6,3,10817,13831,17550,21893,634686,634687,634689,634690,0,0,0,0
1790595392.3978465,1,1,-1,1,10817,13832,17552,21894,634716,634717,634719,634720,0,0,0,0
1790595392.5982199,-2,0,1,1,10817,13830,17552,21894,634746,634747,634749,634750,0,0,0,0
1790595392.6081574,-4,-6,2,-2,10831,13840,17556,21900,634806,634807,634809,634810,0,0,0,0
1790595392.6141174,-2,-1,0,0,10810,13830,17552,21892,634836,634837,634839,634840,0,0,0,0
1790595392.7896192,-5,-3,-2,2,10816,13834,17555,21892,634866,634867,634869,634870,0,0,0,0
1790595392.7983809,2,-3,-3,0,10820,13831,17554,21894,634896,634897,634899,634900,0,0,0,0
1790595392.7983809,2,-2,1,-3,10821,13831,17556,21897,634956,634957,634959,634960,0,0,0,0
1790595392.8576655,1,-1,-1,1,10820,13832,17556,21898,634986,634987,634989,634990,0,0,0,0
1790595393.0087032,-3,-2,0,3,10828,13836,17559,21904,635016,635017,635019,635020,0,0,0,0
1790595393.0087032,2,-3,0,-2,10823,13828,17554,21902,635046,635047,635049,635050,0,0,0,0
1790595393.028191,4,-1,-2,4,10827,13827,17548,21903,635076,635077,635079,635080,0,0,0,0
1790595393.0425963,-3,6,2,-3,10830,13825,17546,21904,635106,635107,635109,635110,0,0,0,0
1790595393.2176938,-5,-4,2,-2,10831,13825,17547,21904,635136,635137,635139,635140,0,0,0,0
1790595393.2237964,0,-6,2,-3,10827,13828,17551,21901,635196,635197,635199,635200,0,0,0,0
1790595393.4177105,2,5,-3,0,10829,13828,17550,21903,635226,635227,635229,635230,0,0,0,0
1790595393.4227996,1,-3,-5,-2,10829,13827,17549,21903,635256,635257,635259,635260,0,0,0,0
1790595393.4227996,-1,1,3,2,10780,13854,17591,21873,635316,635317,635319,635320,0,0,0,0
1790595393.5527964,-1,2,-1,1,10785,13851,17583,21877,635346,635347,635349,635350,0,0,0,0
1790595393.5627234,-6,-1,-3,4,10819,13825,17555,21901,635406,635407,635409,635410,0,0,0,0
1790595393.768262,-1,5,0,-3,10830,13822,17553,21905,635466,635467,635469,635470,0,0,0,0
1790595393.7697537,0,-1,0,-2,10824,13829,17558,21900,635496,635497,635499,635500,0,0,0,0
1790595393.7821872,-6,-2,4,2,10818,13833,17563,21897,635526,635527,635529,635530,0,0,0,0
1790595393.817663,-4,0,-2,4,10818,13833,17563,21898,635556,635557,635559,635560,0,0,0,0
1790595393.8481295,27,23,18,20,10871,13919,17658,21982,635586,635587,635589,635590,0,0,0,0
1790595393.947422,29,29,27,27,11670,14618,18510,22805,635616,635617,635619,635620,0,0,0,0
1790595393.947422,25,22,21,19,12345,15324,19144,23368,635646,635647,635649,635650,0,0,0,0
1790595394.0024867,29,22,19,23,12988,16099,19755,24023,635676,635677,635679,635680,0,0,0,0
1790595394.07489,31,26,37,32,13778,16709,20648,24758,635706,635707,635709,635710,0,0,0,0
1790595394.1137311,27,20,28,16,14410,17359,21468,25560,635736,635737,635739,635740,0,0,0,0
1790595394.1727831,25,30,25,23,15099,18143,22157,26241,635766,635767,635769,635770,0,0,0,0
1790595394.2325723,32,25,32,28,15952,18874,23018,26942,635796,635797,635799,635800,0,0,0,0
1790595394.2388287,41,25,25,29,16807,19692,23827,27840,635826,635827,635829,635830,0,0,0,0
1790595394.3006516,24,26,20,32,17643,20435,24525,28633,635856,635857,635859,635860,0,0,0,0
1790595394.398394,28,26,30,29,18440,21159,25309,29354,635886,635887,635889,635890,0,0,0,0
1790595394.398394,29,30,28,30,19250,21997,26152,30245,635916,635917,635919,635920,0,0,0,0
1790595394.4636781,28,27,21,25,20044,22839,26921,31061,635946,635947,635949,635950,0,0,0,0
1790595394.5231247,30,35,31,22,20791,23580,27779,31756,635976,635977,635979,635980,0,0,0,0
1790595394.6202524,33,26,26,23,21549,24513,28662,32564,636006,636007,636009,636010,0,0,0,0
1790595394.6775377,35,34,29,30,22455,25283,29421,596,636036,636037,636039,636040,0,0,0,0
1790595394.6828082,29,33,30,31,23294,26057,30269,1433,636066,636067,636069,636070,0,0,0,0
1790595394.7313657,27,24,29,28,24086,26894,31077,2281,636096,636097,636099,636100,0,0,0,0
1790595394.7874272,35,32,34,30,24931,27664,31890,3158,636126,636127,636129,636130,0,0,0,0
1790595394.8011591,18,33,30,31,25696,28394,32767,3996,636156,636157,636159,636160,0,0,0,0
1790595394.8637486,30,23,28,30,26446,29183,876,4760,636186,636187,636189,636190,0,0,0,0
1790595394.9182105,30,30,34,38,27283,30035,1742,5621,636216,636217,636219,636220,0,0,0,0
1790595395.017581,20,34,30,33,28099,30874,2534,6497,636246,636247,636249,636250,0,0,0,0
1790595395.0235844,34,27,42,25,29813,32649,4046,7949,636306,636307,636309,636310,0,0,0,0
1790595395.137822,32,24,28,31,30674,707,4817,8784,636336,636337,636339,636340,0,0,0,0
1790595395.137822,24,35,23,27,31546,1480,5618,9522,636366,636367,636369,636370,0,0,0,0
1790595395.2027245,27,21,31,32,32385,2277,6423,10395,636396,636397,636399,636400,0,0,0,0
1790595395.2625735,31,28,41,29,411,3070,7336,11363,636426,636427,636429,636430,0,0,0,0
1790595395.278469,22,30,22,27,1154,3831,8179,12117,636456,636457,636459,636460,0,0,0,0
1790595395.3383052,26,20,28,27,1900,4585,9008,12816,636486,636487,636489,636490,0,0,0,0
1790595395.4025426,23,28,29,27,2580,5351,9803,13704,636516,636517,636519,636520,0,0,0,0
1790595395.457941,30,32,16,29,3360,6100,10529,14373,636546,636547,636549,636550,0,0,0,0
1790595395.5178232,31,23,21,21,4208,6912,11237,15059,636576,636577,636579,636580,0,0,0,0
1790595395.5283928,20,21,14,23,4885,7584,11775,15746,636606,636607,636609,636610,0,0,0,0
1790595395.6328578,21,17,24,14,5500,8099,12298,16290,636636,636637,636639,636640,0,0,0,0
1790595395.637764,17,13,21,20,6048,8718,12892,16851,636666,636667,636669,636670,0,0,0,0
1790595395.68046,20,19,24,26,6648,9240,13544,17461,636696,636697,636699,636700,0,0,0,0
1790595395.7579982,6,8,11,13,7004,9553,13950,17877,636726,636727,636729,636730,0,0,0,0
1790595395.7976916,8,9,25,17,7225,9831,14406,18404,636756,636757,636759,636760,0,0,0,0
1790595395.867648,11,18,23,21,7502,10214,15078,19021,636786,636787,636789,636790,0,0,0,0
1790595395.8783772,6,5,7,7,7728,10484,15561,19431,636816,636817,636819,636820,0,0,0,0
1790595395.9676561,10,10,5,10,7974,10750,15795,19615,636846,636847,636849,636850,0,0,0,0
1790595395.9829526,23,14,10,10,8443,11213,15959,19813,636876,636877,636879,636880,0,0,0,0
1790595396.037728,18,14,1,7,9026,11613,16056,20032,636906,636907,636909,636910,0,0,0,0
1790595396.1576254,12,10,10,6,9616,12155,16253,20298,636966,636967,636969,636970,0,0,0,0
1790595396.2192793,7,16,10,11,9851,12470,16465,20442,636996,636997,636999,637000,0,0,0,0
1790595396.3280766,4,7,10,5,10047,12705,16719,20626,637026,637027,637029,637030,0,0,0,0
1790595396.3374653,7,5,10,7,10175,12893,16981,20842,637056,637057,637059,637060,0,0,0,0
1790595396.3374653,-2,1,8,10,10259,13042,17248,21098,637086,637087,637089,637090,0,0,0,0
1790595396.400733,3,9,7,2,10332,13199,17507,21349,637116,637117,637119,637120,0,0,0,0
1790595396.4935467,7,5,5,7,10434,13361,17774,21563,637146,637147,637149,637150,0,0,0,0
1790595396.5025446,7,8,7,13,10585,13503,17997,21785,637176,637177,637179,637180,0,0,0,0
1790595396.6974142,-2,1,-2,3,10747,13529,18084,21928,637206,637207,637209,637210,0,0,0,0
1790595396.7028086,-7,0,-2,-5,10841,13436,18026,21999,637296,637297,637299,637300,0,0,0,0
1790595396.8475034,-1,0,-1,-5,10830,13443,18037,21988,637326,637327,637329,637330,0,0,0,0
1790595396.8515575,-3,3,-4,-2,10814,13454,18050,21978,637356,637357,637359,637360,0,0,0,0
1790595396.8619173,-9,-1,-3,0,10803,13462,18061,21970,637386,637387,637389,637390,0,0,0,0
1790595396.9074922,-2,-2,1,2,10800,13463,18066,21968,637416,637417,637419,637420,0,0,0,0
1790595397.1076148,1,-1,0,-3,10793,13466,18073,21962,637506,637507,637509,637510,0,0,0,0
1790595397.1076148,0,-5,3,-1,10787,13468,18078,21959,637536,637537,637539,637540,0,0,0,0
1790595397.3076293,2,4,0,-2,10778,13482,18097,21955,637626,637627,637629,637630,0,0,0,0
1790595397.3198965,0,0,4,-3,10779,13483,18098,21954,637656,637657,637659,637660,0,0,0,0
1790595397.517867,1,1,3,-3,10855,13455,18095,22025,637776,637777,637779,637780,0,0,0,0
1790595397.5226848,0,-7,-2,-2,10853,13458,18098,22021,637806,637807,637809,637810,0,0,0,0
1790595397.6277483,-6,-3,-1,1,10836,13469,18113,22009,637866,637867,637869,637870,0,0,0,0
1790595397.717352,1,-2,-5,3,10831,13473,18116,22005,637896,637897,637899,637900,0,0,0,0
1790595397.7245762,-2,4,1,0,10829,13473,18116,22005,637926,637927,637929,637930,0,0,0,0
1790595397.8699536,1,-1,3,-5,10827,13472,18115,22003,637956,637957,637959,637960,0,0,0,0
1790595397.8728027,11,-13,-9,3,10919,13381,18049,22081,637986,637987,637989,637990,0,0,0,0
1790595397.8841715,43,-41,-31,41,11609,12799,17525,22600,638016,638017,638019,638020,0,0,0,0
1790595397.9424317,81,-75,-77,86,13577,11045,16307,23913,638046,638047,638049,638050,0,0,0,0
1790595398.0019681,72,-55,-59,85,15470,9280,14507,26387,638076,638077,638079,638080,0,0,0,0
1790595398.134221,63,-76,-55,82,17373,7421,12559,28447,638106,638107,638109,638110,0,0,0,0
1790595398.2027385,58,-69,-56,69,23045,1764,6818,1424,638196,638197,638199,638200,0,0,0,0
1790595398.3375363,49,-44,-54,44,25964,31508,3804,4359,638256,638257,638259,638260,0,0,0,0
1790595398.3427756,47,-54,-46,37,27291,30277,2516,5568,638286,638287,638289,638290,0,0,0,0
1790595398.5419424,69,-65,-54,57,504,24159,29066,11670,638406,638407,638409,638410,0,0,0,0
1790595398.739647,54,-62,-70,71,2252,22356,27262,13518,638436,638437,638439,638440,0,0,0,0
1790595398.7475164,55,-55,-66,60,5567,19139,23963,16826,638496,638497,638499,638500,0,0,0,0
1790595398.817446,64,-49,-56,46,8581,16137,20958,19761,638556,638557,638559,638560,0,0,0,0
1790595398.8776875,50,-55,-47,54,10087,14639,19503,21191,638586,638587,638589,638590,0,0,0,0
1790595398.897599,52,-61,-65,68,11556,13120,17992,22691,638616,638617,638619,638620,0,0,0,0
1790595398.9577355,57,-55,-56,50,13041,11627,16434,24297,638646,638647,638649,638650,0,0,0,0
1790595399.1487646,57,-67,-55,61,14645,9934,14766,25926,638676,638677,638679,638680,0,0,0,0
1790595399.1487646,56,-61,-58,65,19491,4978,9867,30835,638766,638767,638769,638770,0,0,0,0
1790595399.2428687,49,-48,-54,52,20963,3362,8270,32400,638796,638797,638799,638800,0,0,0,0
1790595399.3578815,53,-61,-55,51,22567,1907,6721,1048,638826,638827,638829,638830,0,0,0,0
1790595399.5680044,60,-51,-58,56,31800,25214,29959,10278,639006,639007,639009,639010,0,0,0,0
1790595399.6576886,52,-55,-54,64,2059,22196,26903,13337,639066,639067,639069,639070,0,0,0,0
1790595399.7426245,51,-54,-45,43,3425,20858,25574,14750,639096,639097,639099,639100,0,0,0,0
1790595399.7781563,19,-21,-19,30,5587,18714,23427,16831,639156,639157,639159,639160,0,0,0,0
1790595399.8977323,0,-2,4,-1,6177,18174,22930,17320,639216,639217,639219,639220,0,0,0,0
1790595399.958123,-7,8,9,-3,6054,18276,23075,17199,639246,639247,639249,639250,0,0,0,0
1790595399.958123,2,1,-7,4,5970,18316,23145,17143,639276,639277,639279,639280,0,0,0,0
1790595400.181541,9,-14,-10,6,6112,18115,22967,17317,639306,639307,639309,639310,0,0,0,0
1790595400.1825504,22,-19,-24,26,6591,17565,22437,17769,639336,639337,639339,639340,0,0,0,0
1790595400.342783,26,-26,-27,23,8728,15622,20327,19870,639426,639427,639429,639430,0,0,0,0
1790595400.342783,19,-15,-14,14,9257,15015,19788,20464,639456,639457,639459,639460,0,0,0,0
1790595400.3624678,11,-12,-13,7,9604,14683,19483,20803,639486,639487,639489,639490,0,0,0,0
1790595400.382486,10,-9,-7,9,9831,14454,19282,20984,639516,639517,639519,639520,0,0,0,0
1790595400.5874345,8,-9,-5,-3,10762,13496,18291,21945,639636,639637,639639,639640,0,0,0,0
1790595400.791967,0,-6,-5,2,10944,13346,18148,22065,639666,639667,639669,639670,0,0,0,0
1790595400.791967,1,-4,-4,-1,11091,13219,18028,22158,639726,639727,639729,639730,0,0,0,0
1790595400.8024495,-1,-2,1,3,11074,13237,18049,22138,639756,639757,639759,639760,0,0,0,0
1790595400.9126215,-2,-1,6,-2,10984,13325,18135,22065,639816,639817,639819,639820,0,0,0,0
1790595400.9677734,1,3,0,1,10953,13357,18164,22042,639846,639847,639849,639850,0,0,0,0
1790595400.9808867,-8,-2,-1,-1,10938,13369,18176,22034,639876,639877,639879,639880,0,0,0,0
1790595401.2026086,-3,-2,-5,-2,10952,13356,18163,22044,639966,639967,639969,639970,0,0,0,0
1790595401.3375697,-1,2,-3,2,10954,13354,18161,22044,639996,639997,639999,640000,0,0,0,0
1790595401.3416476,-6,1,-1,1,10947,13359,18167,22040,640056,640057,640059,640060,0,0,0,0
1790595401.3416476,-6,1,-4,-1,10949,13358,18166,22040,640086,640087,640089,640090,0,0,0,0
1790595401.4075875,-1,-6,3,-1,10952,13356,18164,22043,640116,640117,640119,640120,0,0,0,0
1790595401.533633,-1,-3,3,2,10958,13342,18150,22045,640146,640147,640149,640150,0,0,0,0
1790595401.533633,-4,-4,-4,2,10968,13358,18162,22046,640176,640177,640179,640180,0,0,0,0
1790595401.5420063,1,-5,-7,3,10969,13359,18165,22047,640206,640207,640209,640210,0,0,0,0
1790595401.6124585,0,-7,-1,0,10968,13361,18171,22053,640236,640237,640239,640240,0,0,0,0
1790595401.797575,0,-2,-2,0,10967,13347,18158,22051,640356,640357,640359,640360,0,0,0,0
1790595401.9181235,1,-4,0,-1,10986,13348,18168,22074,640416,640417,640419,640420,0,0,0,0
1790595402.0273862,2,2,-2,-3,11004,13320,18141,22082,640476,640477,640479,640480,0,0,0,0
1790595402.2275379,0,4,-6,-3,10993,13332,18153,22074,640506,640507,640509,640510,0,0,0,0
1790595402.2275379,-2,0,-6,-1,10973,13351,18170,22058,640566,640567,640569,640570,0,0,0,0
1790595402.2376995,-4,0,1,-8,10976,13348,18168,22061,640626,640627,640629,640630,0,0,0,0
1790595402.4326994,-2,4,1,3,10978,13346,18166,22063,640656,640657,640659,640660,0,0,0,0
1790595402.4326994,2,-2,2,0,10980,13348,18171,22067,640746,640747,640749,640750,0,0,0,0
1790595402.6024134,2,0,0,2,10984,13342,18165,22068,640776,640777,640779,640780,0,0,0,0
1790595402.6156244,1,0,2,-4,10984,13338,18164,22067,640866,640867,640869,640870,0,0,0,0
1790595402.8378737,-4,-3,-1,2,10986,13353,18200,22087,640896,640897,640899,640900,0,0,0,0
1790595402.8378737,0,5,0,-5,10989,13358,18203,22086,640956,640957,640959,640960,0,0,0,0
1790595402.8378737,1,-2,-2,-1,10986,13359,18205,22083,640986,640987,640989,640990,0,0,0,0
1790595402.9277263,1,-5,3,1,10989,13357,18203,22086,641046,641047,641049,641050,0,0,0,0
1790595403.0477288,-5,-4,3,-3,10991,13355,18201,22088,641076,641077,641079,641080,0,0,0,0
1790595403.0477288,-1,0,-4,-2,10993,13354,18200,22089,641106,641107,641109,641110,0,0,0,0
1790595403.2477753,-2,4,0,-3,10993,13353,18200,22089,641136,641137,641139,641140,0,0,0,0
1790595403.2528353,-1,-6,-1,2,10995,13333,18173,22090,641196,641197,641199,641200,0,0,0,0
1790595403.3546994,-1,0,1,1,11036,13319,18172,22127,641256,641257,641259,641260,0,0,0,0
1790595403.3574488,5,-2,1,-2,11028,13326,18178,22119,641286,641287,641289,641290,0,0,0,0
1790595403.4374971,0,3,-2,3,11018,13331,18185,22112,641316,641317,641319,641320,0,0,0,0
1790595403.4476376,-2,-4,2,-2,11012,13335,18188,22106,641346,641347,641349,641350,0,0,0,0
1790595403.6579,0,0,0,-4,11013,13319,18165,22107,641406,641407,641409,641410,0,0,0,0
1790595403.6579,2,2,-1,-2,11049,13301,18148,22133,641436,641437,641439,641440,0,0,0,0
1790595403.858155,-4,0,-7,3,11037,13311,18161,22120,641496,641497,641499,641500,0,0,0,0
1790595403.8777273,-4,0,0,3,11008,13338,18185,22100,641556,641557,641559,641560,0,0,0,0
1790595403.8777273,-2,0,2,-4,11002,13343,18190,22095,641586,641587,641589,641590,0,0,0,0
1790595403.9025707,-2,-3,-6,0,11000,13346,18193,22093,641616,641617,641619,641620,0,0,0,0
1790595403.9430077,0,-4,-3,4,11002,13345,18192,22094,641646,641647,641649,641650,0,0,0,0
1790595404.067468,4,-2,-4,1,11003,13342,18189,22097,641676,641677,641679,641680,0,0,0,0
1790595404.067468,0,4,0,-3,11007,13340,18188,22098,641706,641707,641709,641710,0,0,0,0
1790595404.277767,0,1,2,1,11006,13339,18187,22099,641826,641827,641829,641830,0,0,0,0
1790595404.485529,2,-1,4,0,11008,13339,18187,22098,641946,641947,641949,641950,0,0,0,0
1790595404.6828887,-5,1,-1,4,11008,13338,18185,22100,641976,641977,641979,641980,0,0,0,0
1790595404.68746,-2,2,3,-4,11011,13335,18183,22102,642096,642097,642099,642100,0,0,0,0
1790595404.8879187,1,8,1,-3,11013,13334,18182,22103,642126,642127,642129,642130,0,0,0,0
1790595404.8879187,4,5,2,-2,11015,13334,18181,22105,642186,642187,642189,642190,0,0,0,0
1790595404.9030838,0,6,0,-1,11015,13333,18181,22105,642216,642217,642219,642220,0,0,0,0
1790595404.9583216,3,0,-1,-2,11016,13331,18180,22106,642246,642247,642249,642250,0,0,0,0
1790595405.0876918,3,4,-1,2,11031,13336,18193,22126,642306,642307,642309,642310,0,0,0,0
1790595405.102981,-4,2,-1,4,11029,13333,18186,22120,642336,642337,642339,642340,0,0,0,0
1790595405.2774396,-1,4,2,1,11042,13336,18186,22126,642426,642427,642429,642430,0,0,0,0
1790595405.501447,-1,3,-6,-3,11045,13335,18185,22127,642456,642457,642459,642460,0,0,0,0
1790595405.5074012,1,2,-2,1,11048,13346,18199,22135,642546,642547,642549,642550,0,0,0,0
1790595405.5201712,0,-7,2,-1,11052,13342,18196,22138,642576,642577,642579,642580,0,0,0,0
1790595405.7099974,1,1,-1,-4,11054,13342,18196,22136,642666,642667,642669,642670,0,0,0,0
1790595405.7203763,0,-2,0,-1,11053,13344,18196,22135,642696,642697,642699,642700,0,0,0,0
1790595405.908996,4,5,-1,1,11018,13391,18245,22114,642816,642817,642819,642820,0,0,0,0
1790595405.9217918,-2,-1,1,-5,11027,13383,18238,22120,642846,642847,642849,642850,0,0,0,0
1790595405.9628146,3,-2,-3,0,11035,13363,18224,22133,642876,642877,642879,642880,0,0,0,0
1790595406.1184614,3,6,1,3,11053,13349,18209,22145,642906,642907,642909,642910,0,0,0,0
1790595406.1225886,-2,3,5,0,11060,13344,18203,22148,642936,642937,642939,642940,0,0,0,0
1790595406.2477813,0,-2,2,1,11057,13348,18207,22143,642966,642967,642969,642970,0,0,0,0
1790595406.2477813,-3,5,-1,0,11049,13355,18215,22139,642996,642997,642999,643000,0,0,0,0
1790595406.2590356,0,1,1,1,11049,13357,18217,22139,643026,643027,643029,643030,0,0,0,0
1790595406.2978072,2,-1,2,3,11052,13353,18211,22143,643056,643057,643059,643060,0,0,0,0
1790595406.4220045,-24,-29,-31,-29,10735,12990,17855,21847,643086,643087,643089,643090,0,0,0,0
1790595406.4429271,-30,-21,-21,-28,10034,12318,17180,21090,643116,643117,643119,643120,0,0,0,0
1790595406.4429271,-17,-18,-24,-28,9362,11717,16596,20445,643146,643147,643149,643150,0,0,0,0
1790595406.5281901,-35,-35,-30,-24,8694,11162,15891,19631,643176,643177,643179,643180,0,0,0,0
1790595406.5419204,-29,-25,-31,-30,7994,10424,15030,18936,643206,643207,643209,643210,0,0,0,0
1790595406.6055605,-26,-30,-16,-24,7342,9674,14343,18333,643236,643237,643239,643240,0,0,0,0
1790595406.6604981,-38,-38,-36,-28,6641,8908,13569,17540,643266,643267,643269,643270,0,0,0,0
1790595406.7225828,-32,-18,-24,-25,5765,8072,12698,16738,643296,643297,643299,643300,0,0,0,0
1790595406.7824786,-23,-18,-33,-26,5196,7699,11964,16002,643326,643327,643329,643330,0,0,0,0
1790595406.8274853,-19,-27,-50,-45,4586,7130,10836,14803,643356,643357,643359,643360,0,0,0,0
1790595406.841346,-34,-34,-35,-35,3888,6371,9742,13686,643386,643387,643389,643390,0,0,0,0
1790595406.9478319,-30,-31,-25,-23,3103,5528,9007,12876,643416,643417,643419,643420,0,0,0,0
1790595406.957596,-33,-38,-23,-10,2133,4541,8428,12484,643446,643447,643449,643450,0,0,0,0
1790595407.0009663,-36,-42,-22,-18,1040,3358,7897,12062,643476,643477,643479,643480,0,0,0,0
1790595407.0630393,-38,-34,-27,-22,32767,2337,7278,11500,643506,643507,643509,643510,0,0,0,0
1790595407.1225402,-30,-36,-32,-30,31823,1350,6592,10701,643536,643537,643539,643540,0,0,0,0
1790595407.217429,-28,-31,-35,-32,31108,640,5758,9985,643566,643567,643569,643570,0,0,0,0
1790595407.2224762,-25,-27,-34,-26,29741,32078,3736,7923,643626,643627,643629,643630,0,0,0,0
1790595407.282409,-21,-16,-42,-34,29139,31398,2864,7038,643656,643657,643659,643660,0,0,0,0
1790595407.3417535,-34,-32,-28,-39,28356,30705,1990,5964,643686,643687,643689,643690,0,0,0,0
1790595407.4028618,-39,-33,-26,-29,27541,29896,1169,5183,643716,643717,643719,643720,0,0,0,0
1790595407.4608219,-36,-31,-25,-16,26536,29028,574,4506,643746,643747,643749,643750,0,0,0,0
1790595407.4643345,-23,-22,-29,-30,25663,28018,32623,3870,643776,643777,643779,643780,0,0,0,0
1790595407.522747,-33,-37,-29,-32,24756,27059,31760,3129,643806,643807,643809,643810,0,0,0,0
1790595407.5614474,-29,-38,-33,-24,23952,26209,30979,2352,643836,643837,643839,643840,0,0,0,0
1790595407.6424947,-29,-29,-39,-44,23275,25422,30076,1505,643866,643867,643869,643870,0,0,0,0
1790595407.70457,-32,-31,-27,-38,22493,24635,29156,490,643896,643897,643899,643900,0,0,0,0
1790595407.7651415,-31,-35,-38,-27,21644,23920,28352,32432,643926,643927,643929,643930,0,0,0,0
1790595407.8131936,-29,-27,-33,-26,20905,23128,27551,31613,643956,643957,643959,643960,0,0,0,0
1790595407.819536,-32,-28,-29,-47,20116,22308,26748,30802,643986,643987,643989,643990,0,0,0,0
1790595407.8776224,-31,-31,-26,-24,19287,21551,26070,30023,644016,644017,644019,644020,0,0,0,0
1790595407.9422905,-27,-28,-22,-19,18454,20716,25410,29348,644046,644047,644049,644050,0,0,0,0
1790595407.9625616,-22,-27,-25,-19,17790,19996,24836,28889,644076,644077,644079,644080,0,0,0,0
1790595408.0485208,-23,-19,-24,-27,17170,19383,24208,28217,644106,644107,644109,644110,0,0,0,0
1790595408.1229515,-21,-22,-22,-29,16534,18815,23511,27522,644136,644137,644139,644140,0,0,0,0
1790595408.1373107,-9,-14,-22,-12,16102,18304,22874,26915,644166,644167,644169,644170,0,0,0,0
1790595408.1682935,-19,-27,-18,-16,15673,17793,22338,26578,644196,644197,644199,644200,0,0,0,0
1790595408.2581482,-13,-13,-18,-17,15160,17296,21968,26191,644226,644227,644229,644230,0,0,0,0
1790595408.3076324,-18,-17,-9,-19,14700,16902,21586,25738,644256,644257,644259,644260,0,0,0,0
1790595408.3675756,-15,-13,-21,-26,14161,16496,21175,25223,644286,644287,644289,644290,0,0,0,0
1790595408.4182208,-13,-8,-10,-13,13714,16149,20853,24705,644316,644317,644319,644320,0,0,0,0
1790595408.4182208,-8,-14,-5,-5,13431,15895,20667,24531,644346,644347,644349,644350,0,0,0,0
1790595408.4778972,-8,-19,-15,-5,13124,15497,20329,24339,644376,644377,644379,644380,0,0,0,0
1790595408.5422199,-1,-5,-13,-7,12891,15070,19982,24166,644406,644407,644409,644410,0,0,0,0
1790595408.6024296,-1,-8,-9,0,12801,14840,19749,24097,644436,644437,644439,644440,0,0,0,0
1790595408.6717963,-4,-12,-12,-7,12696,14524,19442,23949,644466,644467,644469,644470,0,0,0,0
1790595408.7173016,-5,-6,-13,-7,12573,14219,19080,23730,644496,644497,644499,644500,0,0,0,0
1790595408.7824914,-10,-6,-10,-12,12456,14036,18805,23517,644526,644527,644529,644530,0,0,0,0
1790595408.8225467,-7,-8,-7,-11,12270,13900,18569,23281,644556,644557,644559,644560,0,0,0,0
1790595408.878172,-13,0,-7,-7,12026,13792,18412,23037,644586,644587,644589,644590,0,0,0,0
1790595408.9426074,-14,-4,-15,-8,11760,13664,18315,22794,644616,644617,644619,644620,0,0,0,0
1790595408.9587615,-9,-5,5,-6,11462,13490,18210,22513,644646,644647,644649,644650,0,0,0,0
1790595409.1875162,-8,-2,-2,-10,11166,13335,18123,22266,644676,644677,644679,644680,0,0,0,0
1790595409.1875162,-2,-3,0,1,11041,13279,18057,22177,644766,644767,644769,644770,0,0,0,0
1790595409.1978354,0,0,-2,0,11044,13277,18052,22177,644796,644797,644799,644800,0,0,0,0
1790595409.3477252,-1,8,-1,-2,11045,13277,18052,22175,644826,644827,644829,644830,0,0,0,0
1790595409.3477252,0,2,2,1,11045,13278,18052,22173,644856,644857,644859,644860,0,0,0,0
1790595409.3477252,-3,3,0,0,11047,13279,18050,22173,644886,644887,644889,644890,0,0,0,0
1790595409.403209,-1,-3,-2,2,11052,13277,18047,22175,644916,644917,644919,644920,0,0,0,0
1790595409.5993555,3,-4,1,-3,11066,13284,18049,22184,644946,644947,644949,644950,0,0,0,0
1790595409.602823,1,-5,2,-1,11068,13275,18035,22180,644976,644977,644979,644980,0,0,0,0
1790595409.602823,7,-3,0,1,11073,13269,18026,22183,645006,645007,645009,645010,0,0,0,0
1790595409.7991161,2,-4,-2,-3,11082,13266,18020,22185,645066,645067,645069,645070,0,0,0,0
1790595409.8076365,-1,-3,2,-2,11087,13260,18012,22185,645156,645157,645159,645160,0,0,0,0
1790595409.8184023,0,4,-2,-3,11088,13260,18011,22183,645186,645187,645189,645190,0,0,0,0
1790595409.9794176,0,4,-2,-3,11088,13260,18011,22183,645186,645187,645189,645190,0,0,0,0
1790595409.9794176,1,1,3,2,11041,13273,18004,22130,645276,645277,645279,645280,0,0,0,0
1790595410.021416,6,-1,1,3,11052,13262,17995,22139,645306,645307,645309,645310,0,0,0,0
1790595410.0908968,4,0,0,4,11068,13248,17979,22149,645336,645337,645339,645340,0,0,0,0
1790595410.1599624,3,-3,-2,-2,11082,13236,17965,22158,645366,645367,645369,645370,0,0,0,0
1790595410.2087736,4,-1,-1,1,11095,13206,17937,22168,645396,645397,645399,645400,0,0,0,0
1790595410.2224615,11,-19,-21,19,11302,12926,17671,22368,645426,645427,645429,645430,0,0,0,0
1790595410.4172893,76,-69,-84,77,18370,5671,11388,28906,645546,645547,645549,645550,0,0,0,0
1790595410.4867606,77,-78,-72,79,20488,3570,9161,31118,645576,645577,645579,645580,0,0,0,0
1790595410.6326838,53,-56,-59,44,24103,117,5448,2055,645636,645637,645639,645640,0,0,0,0
1790595410.638326,35,-43,-48,40,25556,31528,4122,3343,645666,645667,645669,645670,0,0,0,0
1790595410.82757,45,-48,-55,48,29140,27914,481,7062,645756,645757,645759,645760,0,0,0,0
1790595410.8408716,61,-66,-60,67,30663,26391,31641,8625,645786,645787,645789,645790,0,0,0,0
1790595410.9027488,56,-64,-76,55,32455,24566,29857,10369,645816,645817,645819,645820,0,0,0,0
1790595410.9925766,69,-58,-65,64,3309,21018,26177,14112,645876,645877,645879,645880,0,0,0,0
1790595411.06774,55,-56,-55,60,5030,19350,24409,15886,645906,645907,645909,645910,0,0,0,0
1790595411.237519,45,-65,-55,61,9468,15005,20035,20198,645996,645997,645999,646000,0,0,0,0
1790595411.297632,57,-53,-51,52,10796,13646,18713,21620,646026,646027,646029,646030,0,0,0,0
1790595411.3082259,58,-55,-54,49,12350,12143,17154,23269,646056,646057,646059,646060,0,0,0,0
1790595411.3975909,51,-63,-74,63,13941,10575,15524,24793,646086,646087,646089,646090,0,0,0,0
1790595411.3975909,69,-68,-60,54,15583,8958,13899,26511,646116,646117,646119,646120,0,0,0,0
1790595411.4627929,63,-57,-62,56,17473,7405,12108,28141,646146,646147,646149,646150,0,0,0,0
1790595411.8511205,89,-25,-76,42,21314,5050,7921,30663,646206,646207,646209,646210,0,0,0,0
1790595411.8511205,82,-19,-77,21,25935,3498,3353,32367,646266,646267,646269,646270,0,0,0,0
1790595411.8511205,64,-36,-69,33,32762,1168,29301,1948,646356,646357,646359,646360,0,0,0,0
1790595411.8576124,72,-35,-78,43,2081,137,27273,2994,646386,646387,646389,646390,0,0,0,0
1790595411.9325404,83,-51,-68,44,4146,31743,25364,4192,646416,646417,646419,646420,0,0,0,0
1790595411.9977772,78,-43,-72,39,6090,30606,23347,5425,646446,646447,646449,646450,0,0,0,0
1790595412.057673,65,-45,-76,43,8114,29353,21305,6678,646476,646477,646479,646480,0,0,0,0
1790595412.057673,64,-39,-51,42,12032,26928,17354,9024,646536,646537,646539,646540,0,0,0,0
1790595412.2578256,51,-39,-63,43,13715,25814,15835,10161,646566,646567,646569,646570,0,0,0,0
1790595412.2578256,28,-35,-25,35,15705,23980,13793,11976,646626,646627,646629,646630,0,0,0,0
1790595412.4429476,31,-23,-24,26,16359,23186,13028,12638,646656,646657,646659,646660,0,0,0,0
1790595412.4429476,40,-37,-43,48,18949,20593,10458,15386,646746,646747,646749,646750,0,0,0,0
1790595412.4813402,52,-45,-40,45,20162,19378,9251,16625,646776,646777,646779,646780,0,0,0,0
1790595412.6677241,50,-54,-38,52,21389,18076,7968,17914,646806,646807,646809,646810,0,0,0,0
1790595412.6677241,1,1,-5,3,23343,16585,6358,19556,646896,646897,646899,646900,0,0,0,0
1790595412.877548,0,1,-3,-7,23277,16601,6473,19462,646986,646987,646989,646990,0,0,0,0
1790595412.9982574,-5,0,1,-1,23228,16658,6539,19405,647016,647017,647019,647020,0,0,0,0
1790595412.9982574,-4,0,-1,0,23177,16724,6604,19342,647046,647047,647049,647050,0,0,0,0
1790595413.018251,-2,-1,-3,-4,23127,16781,6661,19286,647076,647077,647079,647080,0,0,0,0
1790595413.0929189,-7,-4,2,1,23074,16841,6714,19227,647136,647137,647139,647140,0,0,0,0
1790595413.2876878,-2,-5,1,-6,23077,16835,6707,19233,647226,647227,647229,647230,0,0,0,0
1790595413.297313,4,-2,-2,-4,23079,16834,6707,19234,647256,647257,647259,647260,0,0,0,0
1790595413.4525962,-1,2,5,1,23076,16834,6708,19232,647316,647317,647319,647320,0,0,0,0
1790595413.4626634,2,19,2,2,23076,16833,6708,19233,647346,647347,647349,647350,0,0,0,0
1790595413.4975526,0,-2,2,0,23075,16833,6708,19231,647376,647377,647379,647380,0,0,0,0
1790595413.622535,-4,-3,0,3,23066,16829,6716,19226,647436,647437,647439,647440,0,0,0,0
1790595413.6981175,5,2,7,2,23066,16830,6715,19222,647466,647467,647469,647470,0,0,0,0
1790595413.8812997,-1,0,-1,0,23065,16830,6714,19218,647556,647557,647559,647560,0,0,0,0
1790595413.8829756,-4,2,-5,-1,23068,16829,6712,19218,647586,647587,647589,647590,0,0,0,0
1790595414.013657,-3,-3,0,-2,23088,16828,6714,19249,647676,647677,647679,647680,0,0,0,0
1790595414.107957,4,-1,-4,-2,23094,16814,6699,19255,647706,647707,647709,647710,0,0,0,0
1790595414.1250422,-1,-1,0,0,23087,16824,6709,19242,647736,647737,647739,647740,0,0,0,0
1790595414.3076255,2,4,3,0,23056,16854,6737,19208,647826,647827,647829,647830,0,0,0,0
1790595414.3190882,3,-5,0,-5,23057,16850,6733,19209,647856,647857,647859,647860,0,0,0,0
1790595414.515568,-3,3,-4,5,23062,16848,6730,19213,647916,647917,647919,647920,0,0,0,0
1790595414.5175962,2,0,-6,-2,23059,16852,6732,19202,647946,647947,647949,647950,0,0,0,0
1790595414.5226576,-3,0,1,3,23042,16840,6707,19177,647976,647977,647979,647980,0,0,0,0
1790595414.6826267,-1,-5,1,-4,23041,16862,6734,19188,648036,648037,648039,648040,0,0,0,0
1790595414.6826267,1,-5,3,-3,23039,16858,6733,19192,648096,648097,648099,648100,0,0,0,0
1790595414.7226694,3,-1,6,3,23041,16855,6733,19197,648126,648127,648129,648130,0,0,0,0
1790595414.9278338,1,0,1,-2,23046,16861,6744,19205,648156,648157,648159,648160,0,0,0,0
1790595414.9326038,-3,-4,-2,-1,23037,16865,6743,19189,648246,648247,648249,648250,0,0,0,0
1790595415.0277417,-1,0,-4,-2,23041,16865,6743,19191,648276,648277,648279,648280,0,0,0,0
1790595415.0374222,-4,-1,-2,-3,23042,16867,6744,19191,648306,648307,648309,648310,0,0,0,0
1790595415.1277285,1,0,4,1,23038,16870,6746,19187,648336,648337,648339,648340,0,0,0,0
1790595415.1375742,-2,-1,-1,-2,23039,16872,6746,19188,648366,648367,648369,648370,0,0,0,0
1790595415.3313794,0,-5,-2,-1,23041,16865,6742,19193,648396,648397,648399,648400,0,0,0,0
1790595415.3313794,7,3,-3,5,23058,16832,6708,19218,648456,648457,648459,648460,0,0,0,0
1790595415.3374498,-1,-1,0,-1,23073,16826,6710,19227,648486,648487,648489,648490,0,0,0,0
1790595415.5213084,1,-2,2,1,23042,16869,6746,19194,648576,648577,648579,648580,0,0,0,0
1790595415.7429419,1,5,-3,-2,23038,16869,6750,19193,648606,648607,648609,648610,0,0,0,0
1790595415.747515,-1,6,0,-6,23060,16840,6726,19215,648726,648727,648729,648730,0,0,0,0
1790595415.9493968,-5,-1,3,3,23032,16874,6756,19186,648816,648817,648819,648820,0,0,0,0
1790595415.9628172,0,-2,0,6,23038,16865,6746,19193,648846,648847,648849,648850,0,0,0,0
1790595416.0291543,-5,3,1,0,23047,16857,6739,19202,648876,648877,648879,648880,0,0,0,0
1790595416.1511724,0,-4,0,-2,23049,16857,6740,19204,648906,648907,648909,648910,0,0,0,0
1790595416.1511724,-2,-2,-4,0,23047,16861,6743,19200,648936,648937,648939,648940,0,0,0,0
1790595416.1576908,6,-2,-2,2,23042,16866,6748,19194,648966,648967,648969,648970,0,0,0,0
1790595416.3588626,-5,3,0,-1,23039,16867,6750,19192,648996,648997,648999,649000,0,0,0,0
1790595416.3588626,-4,-2,-1,10,23045,16861,6744,19200,649086,649087,649089,649090,0,0,0,0
1790595416.5610473,-3,1,-1,0,23045,16859,6741,19201,649116,649117,649119,649120,0,0,0,0
1790595416.5610473,2,-1,0,1,23047,16859,6741,19202,649176,649177,649179,649180,0,0,0,0
1790595416.5775926,-1,-8,-2,-2,23045,16861,6742,19199,649206,649207,649209,649210,0,0,0,0
1790595416.7685366,-2,0,2,-3,23049,16856,6740,19204,649296,649297,649299,649300,0,0,0,0
1790595416.7821581,0,-1,2,-4,23050,16855,6738,19205,649356,649357,649359,649360,0,0,0,0
1790595416.9814754,1,1,-1,-4,23050,16855,6738,19205,649386,649387,649389,649390,0,0,0,0
1790595416.9814754,-2,1,-1,-1,23052,16855,6738,19206,649446,649447,649449,649450,0,0,0,0
1790595416.9929216,0,0,0,-3,23056,16852,6736,19210,649476,649477,649479,649480,0,0,0,0
1790595417.0476418,-1,-3,2,1,23059,16849,6733,19214,649506,649507,649509,649510,0,0,0,0
1790595417.0597248,-1,2,1,-1,23063,16857,6741,19225,649536,649537,649539,649540,0,0,0,0
1790595417.177572,-6,3,1,1,23075,16873,6743,19214,649566,649567,649569,649570,0,0,0,0
1790595417.177572,-6,3,1,1,23075,16873,6743,19214,649566,649567,649569,649570,0,0,0,0
1790595417.367631,0,-1,4,-7,23053,16870,6752,19202,649626,649627,649629,649630,0,0,0,0
1790595417.3788636,-2,0,-6,2,23061,16866,6744,19207,649716,649717,649719,649720,0,0,0,0
1790595417.5877695,0,2,-3,-1,23071,16871,6750,19222,649746,649747,649749,649750,0,0,0,0
1790595417.5877695,-2,-1,-1,3,23082,16860,6737,19228,649836,649837,649839,649840,0,0,0,0
1790595417.7907677,-3,-3,0,-4,23082,16858,6735,19226,649866,649867,649869,649870,0,0,0,0
1790595417.7907677,-3,5,1,1,23080,16862,6739,19223,649896,649897,649899,649900,0,0,0,0
1790595417.9976263,0,-5,3,-3,23078,16866,6742,19221,649986,649987,649989,649990,0,0,0,0
1790595417.9992247,-2,-1,1,-9,23048,16911,6787,19177,650076,650077,650079,650080,0,0,0,0
1790595418.0580583,1,0,-2,-7,23046,16903,6786,19181,650106,650107,650109,650110,0,0,0,0
1790595418.117841,0,2,4,3,23052,16889,6772,19191,650136,650137,650139,650140,0,0,0,0
1790595418.1364846,2,-2,-2,2,23061,16873,6759,19204,650166,650167,650169,650170,0,0,0,0
1790595418.2217133,2,-1,-6,6,23069,16864,6752,19210,650196,650197,650199,650200,0,0,0,0
1790595418.3177552,-2,-2,2,-6,23070,16866,6755,19208,650226,650227,650229,650230,0,0,0,0
1790595418.327601,2,0,2,1,23067,16873,6759,19203,650256,650257,650259,650260,0,0,0,0
1790595418.3385315,-2,-2,-7,-1,23062,16878,6764,19198,650286,650287,650289,650290,0,0,0,0
1790595418.4382577,-4,-4,-6,-7,23057,16879,6752,19191,650316,650317,650319,650320,0,0,0,0
1790595418.4397867,-34,-19,-32,-27,22443,16290,6111,18552,650346,650347,650349,650350,0,0,0,0
1790595418.5025744,-32,-35,-24,-28,21638,15610,5397,17773,650376,650377,650379,650380,0,0,0,0
1790595418.5618868,-16,-22,-27,-30,21073,14948,4688,17103,650406,650407,650409,650410,0,0,0,0
1790595418.6227708,-20,-25,-33,-20,20543,14311,3909,16329,650436,650437,650439,650440,0,0,0,0
1790595418.660545,-29,-22,-27,-30,19831,13706,3187,15485,650466,650467,650469,650470,0,0,0,0
1790595418.7356095,-31,-31,-30,-29,18332,12071,1754,14003,650526,650527,650529,650530,0,0,0,0
1790595418.8113365,-30,-29,-23,-31,17481,11263,973,13218,650556,650557,650559,650560,0,0,0,0
1790595418.8391972,-32,-27,-37,-18,16600,10416,268,12537,650586,650587,650589,650590,0,0,0,0
1790595418.9025402,-34,-32,-28,-31,15806,9469,32273,11897,650616,650617,650619,650620,0,0,0,0
1790595418.9578884,-24,-31,-29,-40,14976,8688,31459,11008,650646,650647,650649,650650,0,0,0,0
1790595419.062942,-28,-12,-30,-24,14244,7975,30624,10209,650676,650677,650679,650680,0,0,0,0
1790595419.062942,-38,-38,-31,-35,13473,7270,29725,9304,650706,650707,650709,650710,0,0,0,0
1790595419.1177537,-29,-28,-26,-33,12630,6495,28952,8325,650736,650737,650739,650740,0,0,0,0
1790595419.1790035,-26,-29,-24,-27,11840,5669,28170,7617,650766,650767,650769,650770,0,0,0,0
1790595419.2227068,-36,-34,-34,-22,10960,4897,27374,6871,650796,650797,650799,650800,0,0,0,0
1790595419.2924154,-25,-29,-29,-22,9347,3195,25761,5223,650856,650857,650859,650860,0,0,0,0
1790595419.3960395,-38,-25,-37,-27,8527,2433,24954,4469,650886,650887,650889,650890,0,0,0,0
1790595419.4012003,-31,-45,-25,-32,7707,1483,24129,3620,650916,650917,650919,650920,0,0,0,0
1790595419.5077379,-28,-31,-30,-24,6911,678,23286,2838,650946,650947,650949,650950,0,0,0,0
1790595419.519092,-35,-24,-32,-36,6113,32666,22340,2050,650976,650977,650979,650980,0,0,0,0
1790595419.6187882,-33,-39,-24,-39,5304,31844,21552,1181,651006,651007,651009,651010,0,0,0,0
1790595419.6375136,-31,-30,-31,-39,4565,31078,20771,280,651036,651037,651039,651040,0,0,0,0
1790595419.6876357,-35,-34,-26,-27,3608,30221,19936,32247,651066,651067,651069,651070,0,0,0,0
1790595419.6992521,-35,-33,-27,-22,2698,29415,19263,31477,651096,651097,651099,651100,0,0,0,0
1790595419.7976108,-26,-37,-33,-46,1849,28579,18460,30636,651126,651127,651129,651130,0,0,0,0
1790595419.7976108,-18,-30,-35,-33,1125,27790,17484,29820,651156,651157,651159,651160,0,0,0,0
1790595419.912628,-26,-31,-36,-34,418,26999,16675,29059,651186,651187,651189,651190,0,0,0,0
1790595419.9206789,-28,-37,-38,-32,32420,26170,15735,28196,651216,651217,651219,651220,0,0,0,0
1790595419.9776692,-22,-21,-29,-34,31595,25388,14887,27209,651246,651247,651249,651250,0,0,0,0
1790595420.0380461,-39,-30,-28,-21,30759,24633,14232,26503,651276,651277,651279,651280,0,0,0,0
1790595420.0777593,-34,-43,-27,-27,29799,23783,13457,25739,651306,651307,651309,651310,0,0,0,0
1790595420.1014943,-31,-31,-30,-32,28969,22853,12637,24874,651336,651337,651339,651340,0,0,0,0
1790595420.2027931,-26,-29,-27,-27,28109,22009,11892,24184,651366,651367,651369,651370,0,0,0,0
1790595420.24741,-41,-25,-32,-26,27312,21202,11155,23463,651396,651397,651399,651400,0,0,0,0
1790595420.2625215,-26,-26,-30,-29,25736,19589,9405,21745,651456,651457,651459,651460,0,0,0,0
1790595420.3181684,-32,-29,-37,-24,25019,18818,8547,20920,651486,651487,651489,651490,0,0,0,0
1790595420.3976984,-28,-46,-38,-35,24183,17978,7748,20005,651516,651517,651519,651520,0,0,0,0
1790595420.4587917,-18,-25,-29,-31,23389,17082,6865,19220,651546,651547,651549,651550,0,0,0,0
1790595420.4680295,-38,-25,-28,-27,22622,16347,6069,18495,651576,651577,651579,651580,0,0,0,0
1790595420.5677214,-37,-39,-29,-34,21687,15512,5272,17639,651606,651607,651609,651610,0,0,0,0
1790595420.577985,-31,-31,-20,-32,20870,14601,4504,16810,651636,651637,651639,651640,0,0,0,0
1790595420.6428478,-34,-24,-30,-30,20099,13877,3665,16028,651666,651667,651669,651670,0,0,0,0
1790595420.75256,-28,-27,-34,-51,18442,12268,2147,14304,651726,651727,651729,651730,0,0,0,0
1790595420.7975538,-31,-30,-31,-32,17616,11500,1296,13462,651756,651757,651759,651760,0,0,0,0
1790595420.8582337,-32,-30,-27,-23,16788,10655,532,12641,651786,651787,651789,651790,0,0,0,0
1790595420.918157,-26,-24,-30,-34,15174,8915,31556,11119,651846,651847,651849,651850,0,0,0,0
1790595421.0475967,-30,-25,-34,-28,14417,8096,30798,10340,651876,651877,651879,651880,0,0,0,0
1790595421.0585437,-26,-36,-33,-35,13673,7358,29926,9539,651906,651907,651909,651910,0,0,0,0
1790595421.0785825,-27,-38,-27,-36,12806,6474,29079,8621,651936,651937,651939,651940,0,0,0,0
1790595421.1782331,-30,-23,-37,-29,12036,5677,28300,7810,651966,651967,651969,651970,0,0,0,0
1790595421.1782331,-35,-34,-34,-31,11224,4954,27496,7055,651996,651997,651999,652000,0,0,0,0
1790595421.267584,-30,-42,-30,-39,10321,4126,26681,6118,652026,652027,652029,652030,0,0,0,0
1790595421.280231,-24,-27,-33,-22,9525,3262,25859,5367,652056,652057,652059,652060,0,0,0,0
1790595421.3575504,-33,-35,-32,-25,8725,2471,25094,4626,652086,652087,652089,652090,0,0,0,0
1790595421.4079456,-27,-48,-28,-32,7855,1569,24285,3912,652116,652117,652119,652120,0,0,0,0
1790595421.4680164,-26,-27,-29,-27,7060,708,23448,3115,652146,652147,652149,652150,0,0,0,0
1790595421.4795518,-31,-23,-33,-27,6308,32685,22527,2278,652176,652177,652179,652180,0,0,0,0
1790595421.5374937,-33,-31,-32,-31,5497,31859,21726,1520,652206,652207,652209,652210,0,0,0,0
1790595421.5978906,-26,-23,-34,-28,4671,31024,20919,584,652236,652237,652239,652240,0,0,0,0
1790595421.6577768,-41,-32,-27,-21,3815,30274,20093,32460,652266,652267,652269,652270,0,0,0,0
1790595421.7383273,-28,-33,-34,-41,2105,28744,18599,30883,652326,652327,652329,652330,0,0,0,0
1790595421.798596,-29,-20,-34,-32,1361,27871,17623,29992,652356,652357,652359,652360,0,0,0,0
1790595421.8874242,-28,-33,-32,-23,677,27043,16843,29228,652386,652387,652389,652390,0,0,0,0
1790595421.8978117,-25,-41,-36,-26,32681,26203,16016,28617,652416,652417,652419,652420,0,0,0,0
1790595421.97762,-28,-24,-25,-31,31973,25406,15127,27778,652446,652447,652449,652450,0,0,0,0
1790595422.0375497,-34,-23,-28,-28,31249,24720,14465,26909,652476,652477,652479,652480,0,0,0,0
1790595422.0375497,-19,-27,-16,-22,30374,24063,13797,26310,652506,652507,652509,652510,0,0,0,0
1790595422.0982249,-24,-18,-26,-21,29778,23369,13277,25845,652536,652537,652539,652540,0,0,0,0
1790595422.158221,-23,-20,-23,-32,29143,22779,12653,25232,652566,652567,652569,652570,0,0,0,0
1790595422.2179072,-25,-19,-17,-22,28541,22186,12129,24524,652596,652597,652599,652600,0,0,0,0
1790595422.262869,-11,-12,-14,-14,28038,21761,11666,24135,652626,652627,652629,652630,0,0,0,0
1790595422.3281848,-19,-22,-22,-18,27674,21312,11266,23742,652656,652657,652659,652660,0,0,0,0
1790595422.3400779,-16,-20,-20,-15,27226,20866,10723,23334,652686,652687,652689,652690,0,0,0,0
1790595422.502677,-12,-15,-20,-19,26833,20372,10233,22933,652716,652717,652719,652720,0,0,0,0
1790595422.7074,0,-2,-1,2,26665,20081,9753,22436,652866,652867,652869,652870,0,0,0,0
1790595422.7183127,2,10,-3,0,26684,20045,9723,22457,652896,652897,652899,652900,0,0,0,0
1790595422.7381494,2,2,-4,5,26713,20020,9689,22477,652926,652927,652929,652930,0,0,0,0
1790595422.915573,0,2,0,0,26747,20001,9667,22505,652986,652987,652989,652990,0,0,0,0
1790595422.9175782,-1,-2,-1,1,26735,19994,9650,22473,653016,653017,653019,653020,0,0,0,0
1790595423.1027572,3,0,-2,3,26763,19954,9596,22489,653076,653077,653079,653080,0,0,0,0
1790595423.1073754,32,-2,-1,-1,26800,19911,9539,22512,653136,653137,653139,653140,0,0,0,0
1790595423.324336,1,4,2,2,26809,19900,9520,22512,653166,653167,653169,653170,0,0,0,0
1790595423.327333,-4,1,1,2,26813,19892,9504,22503,653226,653227,653229,653230,0,0,0,0
1790595423.3425126,2,-3,1,2,26816,19888,9498,22506,653256,653257,653259,653260,0,0,0,0
1790595423.526707,-3,1,6,-2,26820,19883,9489,22504,653286,653287,653289,653290,0,0,0,0
1790595423.527712,2,2,-7,1,26824,19879,9484,22503,653346,653347,653349,653350,0,0,0,0
1790595423.5400114,-1,1,6,-3,26824,19882,9487,22498,653376,653377,653379,653380,0,0,0,0
1790595423.7278523,0,-1,0,-2,26823,19883,9487,22495,653406,653407,653409,653410,0,0,0,0
1790595423.7413015,-3,-3,3,-2,26784,19912,9503,22434,653526,653527,653529,653530,0,0,0,0
1790595423.842447,2,1,3,-1,26802,19876,9471,22456,653586,653587,653589,653590,0,0,0,0
1790595423.9362898,1,1,-8,-2,26822,19868,9460,22468,653646,653647,653649,653650,0,0,0,0
1790595424.107539,1,0,-2,0,26816,19877,9467,22461,653676,653677,653679,653680,0,0,0,0
1790595424.107539,5,2,-5,-2,26812,19882,9473,22455,653706,653707,653709,653710,0,0,0,0
1790595424.1724198,-3,2,0,-2,26816,19878,9467,22460,653766,653767,653769,653770,0,0,0,0
1790595424.1780658,2,-4,-4,-2,26811,19839,9438,22449,653796,653797,653799,653800,0,0,0,0
1790595424.3428502,45,-94,-71,30,27632,17702,8114,23141,653856,653857,653859,653860,0,0,0,0
1790595424.3477705,71,-65,-68,66,29459,15796,6067,24468,653886,653887,653889,653890,0,0,0,0
1790595424.4203608,70,-64,-87,65,31159,13953,4178,26381,653916,653917,653919,653920,0,0,0,0
1790595424.4426033,77,-73,-70,75,272,11931,2000,28323,653946,653947,653949,653950,0,0,0,0
1790595424.5195491,64,-83,-72,66,2244,9724,32512,30270,653976,653977,653979,653980,0,0,0,0
1790595424.7477217,47,-56,-66,49,5722,5878,28586,948,654036,654037,654039,654040,0,0,0,0
1790595424.7477217,36,-44,-44,33,8230,3036,25698,3443,654096,654097,654099,654100,0,0,0,0
1790595424.7596903,37,-63,-50,37,9353,1596,24411,4574,654126,654127,654129,654130,0,0,0,0
1790595424.8215847,38,-56,-55,50,10488,109,23025,5808,654156,654157,654159,654160,0,0,0,0
1790595424.9577708,57,-69,-70,67,15101,27699,17580,10607,654246,654247,654249,654250,0,0,0,0
1790595425.0258114,71,-66,-81,60,16822,25703,15695,12307,654276,654277,654279,654280,0,0,0,0
1790595425.041677,55,-69,-61,49,18554,23987,13899,13902,654306,654307,654309,654310,0,0,0,0
1790595425.1219895,47,-57,-59,52,20043,22303,12127,15374,654336,654337,654339,654340,0,0,0,0
1790595425.1675937,55,-54,-56,57,21416,20880,10601,16810,654366,654367,654369,654370,0,0,0,0
1790595425.3677268,43,-62,-60,67,27051,14590,4507,22540,654486,654487,654489,654490,0,0,0,0
1790595425.4277835,71,-67,-73,57,28564,12908,2762,24183,654516,654517,654519,654520,0,0,0,0
1790595425.4374745,54,-68,-58,69,30216,11265,1051,25802,654546,654547,654549,654550,0,0,0,0
1790595425.5756764,70,-54,-71,55,31840,9561,32069,27317,654576,654577,654579,654580,0,0,0,0
1790595425.5776827,65,-44,-66,50,756,8072,30238,28733,654606,654607,654609,654610,0,0,0,0
1790595425.648164,63,-42,-84,36,2516,6873,28278,29923,654636,654637,654639,654640,0,0,0,0
1790595425.648164,62,-30,-71,40,4527,5654,26231,30994,654666,654667,654669,654670,0,0,0,0
1790595425.7779083,80,-30,-69,38,6520,4699,24184,31909,654696,654697,654699,654700,0,0,0,0
1790595425.7779083,85,-40,-71,29,8644,3674,22053,91,654726,654727,654729,654730,0,0,0,0
1790595425.8374786,62,-51,-72,37,10547,2619,20079,1098,654756,654757,654759,654760,0,0,0,0
1790595425.8425093,61,-58,-76,45,12459,1300,18144,2372,654786,654787,654789,654790,0,0,0,0
1790595425.987545,63,-59,-54,56,15811,31050,14739,5464,654846,654847,654849,654850,0,0,0,0
1790595425.9985528,52,-58,-71,44,17367,29355,13128,7146,654876,654877,654879,654880,0,0,0,0
1790595426.0780027,50,-66,-52,49,20303,25995,10046,10313,654936,654937,654939,654940,0,0,0,0
1790595426.1275969,49,-49,-55,42,21655,24631,8771,11715,654966,654967,654969,654970,0,0,0,0
1790595426.392651,-2,1,5,1,24027,22224,6593,13993,655116,655117,655119,655120,0,0,0,0
1790595426.5983691,-4,3,-1,2,24009,22242,6615,13971,655146,655147,655149,655150,0,0,0,0
1790595426.599602,0,5,1,-5,23906,22341,6711,13886,655206,655207,655209,655210,0,0,0,0
1790595426.6825433,1,0,3,1,23842,22401,6763,13840,655296,655297,655299,655300,0,0,0,0
1790595426.8030531,-2,1,-2,5,23852,22390,6753,13850,655326,655327,655329,655330,0,0,0,0
1790595426.8039021,-2,3,1,2,23868,22376,6741,13861,655356,655357,655359,655360,0,0,0,0
1790595427.0076528,-2,-1,0,0,23875,22373,6740,13863,655446,655447,655449,655450,0,0,0,0
1790595427.0212324,2,4,-5,-3,23869,22376,6743,13859,655476,655477,655479,655480,0,0,0,0
1790595427.0376992,0,0,-2,0,23866,22379,6745,13858,655506,655507,655509,655510,0,0,0,0
1790595427.1176333,0,-3,2,-4,23866,22379,6745,13858,655536,655537,655539,655540,0,0,0,0
1790595427.137593,-4,0,-4,-6,23868,22379,6746,13859,655566,655567,655569,655570,0,0,0,0
1790595427.212791,1,1,-4,0,23880,22382,6750,13872,655596,655597,655599,655600,0,0,0,0
1790595427.3274035,7,-3,2,3,23878,22350,6721,13870,655626,655627,655629,655630,0,0,0,0
1790595427.3365834,0,4,-1,-3,23861,22378,6753,13853,655656,655657,655659,655660,0,0,0,0
1790595427.3376193,2,3,-2,-1,23848,22381,6756,13847,655686,655687,655689,655690,0,0,0,0
1790595427.4175045,-1,-1,2,-2,23848,22377,6756,13851,655716,655717,655719,655720,0,0,0,0
1790595427.602649,1,2,0,2,23857,22365,6750,13861,655746,655747,655749,655750,0,0,0,0
1790595427.6038015,-4,4,-6,-5,23874,22363,6741,13866,655836,655837,655839,655840,0,0,0,0
1790595427.8276768,-7,-1,5,3,23875,22366,6743,13867,655866,655867,655869,655870,0,0,0,0
1790595427.8309662,-2,1,-1,2,23905,22335,6719,13892,655956,655957,655959,655960,0,0,0,0
1790595427.8383665,-2,3,-8,-3,23892,22350,6732,13880,655986,655987,655989,655990,0,0,0,0
1790595428.0329177,-2,-1,6,4,23876,22367,6744,13868,656016,656017,656019,656020,0,0,0,0
1790595428.0377657,1,0,-2,-3,23868,22371,6750,13864,656076,656077,656079,656080,0,0,0,0
1790595428.0424554,0,-1,-1,4,23876,22364,6743,13871,656106,656107,656109,656110,0,0,0,0
1790595428.1435232,-1,1,-1,2,23879,22361,6740,13873,656136,656137,656139,656140,0,0,0,0
1790595428.1577055,1,-1,-1,0,23879,22363,6744,13872,656166,656167,656169,656170,0,0,0,0
1790595428.2425668,-1,-1,-1,1,23867,22356,6735,13860,656196,656197,656199,656200,0,0,0,0
1790595428.408283,-1,2,4,5,23885,22354,6742,13881,656316,656317,656319,656320,0,0,0,0
1790595428.6476128,-2,-3,-1,4,23882,22366,6759,13883,656466,656467,656469,656470,0,0,0,0
1790595428.6573122,3,-1,-3,0,23883,22368,6756,13884,656496,656497,656499,656500,0,0,0,0
1790595428.847606,1,0,-3,-4,23885,22365,6755,13885,656526,656527,656529,656530,0,0,0,0
1790595428.847606,3,1,1,3,23886,22363,6754,13885,656556,656557,656559,656560,0,0,0,0
1790595428.8579886,3,1,3,-4,23886,22362,6754,13887,656586,656587,656589,656590,0,0,0,0
1790595429.0563014,-1,-1,3,4,23888,22362,6753,13888,656616,656617,656619,656620,0,0,0,0
1790595429.0582275,-1,-3,1,2,23885,22348,6732,13885,656676,656677,656679,656680,0,0,0,0
1790595429.060534,2,5,0,4,23918,22336,6727,13914,656706,656707,656709,656710,0,0,0,0
1790595429.147985,2,3,6,-3,23904,22335,6738,13904,656766,656767,656769,656770,0,0,0,0
1790595429.2378533,-1,-4,-4,3,23891,22348,6747,13892,656796,656797,656799,656800,0,0,0,0
1790595429.241766,2,-2,1,-7,23886,22357,6752,13886,656826,656827,656829,656830,0,0,0,0
1790595429.308726,-6,-1,3,2,23889,22359,6753,13886,656856,656857,656859,656860,0,0,0,0
1790595429.4581008,-4,5,3,-3,23898,22334,6727,13900,656886,656887,656889,656890,0,0,0,0
1790595429.468314,-5,-1,8,-2,23924,22324,6723,13913,656946,656947,656949,656950,0,0,0,0
1790595429.4775925,-3,3,-6,-3,23905,22341,6739,13898,656976,656977,656979,656980,0,0,0,0
1790595429.6679826,-3,5,-2,0,23887,22352,6749,13884,657006,657007,657009,657010,0,0,0,0
1790595429.6679826,-1,3,4,0,23884,22357,6752,13884,657066,657067,657069,657070,0,0,0,0
1790595429.6789753,-1,4,-3,1,23890,22352,6747,13889,657096,657097,657099,657100,0,0,0,0
1790595429.877781,0,-13,2,-1,23892,22350,6746,13890,657156,657157,657159,657160,0,0,0,0
1790595429.877781,3,-1,-2,-2,23890,22352,6748,13889,657216,657217,657219,657220,0,0,0,0
1790595430.0780077,1,4,-3,-4,23890,22352,6746,13888,657306,657307,657309,657310,0,0,0,0
1790595430.1677139,2,-3,-1,-3,23890,22352,6747,13888,657336,657337,657339,657340,0,0,0,0
1790595430.1677139,-3,-2,7,-1,23891,22351,6746,13890,657366,657367,657369,657370,0,0,0,0
1790595430.3276358,-2,4,-1,-2,23892,22351,6746,13890,657396,657397,657399,657400,0,0,0,0
1790595430.3276358,-1,2,3,-2,23892,22352,6747,13889,657456,657457,657459,657460,0,0,0,0
1790595430.4926286,-2,-3,3,-1,23894,22351,6747,13890,657486,657487,657489,657490,0,0,0,0
1790595430.4926286,-1,-2,3,-5,23900,22348,6742,13896,657576,657577,657579,657580,0,0,0,0
1790595430.6881013,2,-4,-1,2,23900,22350,6744,13896,657606,657607,657609,657610,0,0,0,0
1790595430.6881013,2,-3,-2,-4,23904,22350,6744,13898,657696,657697,657699,657700,0,0,0,0
1790595430.897384,0,0,-4,-25,23905,22346,6740,13898,657726,657727,657729,657730,0,0,0,0
1790595430.897384,0,2,3,1,23908,22345,6740,13903,657756,657757,657759,657760,0,0,0,0
1790595430.897384,1,-2,4,-3,23904,22333,6739,13907,657816,657817,657819,657820,0,0,0,0
1790595431.0773952,0,2,-7,0,23898,22346,6746,13898,657876,657877,657879,657880,0,0,0,0
1790595431.1778963,-1,-2,5,0,23905,22343,6742,13902,657936,657937,657939,657940,0,0,0,0
1790595431.1778963,1,-2,0,-7,23908,22342,6745,13909,657966,657967,657969,657970,0,0,0,0
1790595431.3079758,1,3,0,0,23924,22339,6737,13914,658026,658027,658029,658030,0,0,0,0
1790595431.3182611,-4,0,1,-6,23925,22339,6734,13914,658056,658057,658059,658060,0,0,0,0
1790595431.3373895,-1,-3,-2,1,23920,22342,6738,13911,658086,658087,658089,658090,0,0,0,0
1790595431.507433,0,1,1,0,23913,22350,6745,13905,658146,658147,658149,658150,0,0,0,0
1790595431.507433,0,-2,2,1,23913,22348,6744,13906,658176,658177,658179,658180,0,0,0,0
1790595431.7183132,1,-3,1,4,23914,22345,6741,13908,658206,658207,658209,658210,0,0,0,0
1790595431.7183132,-2,0,3,2,23886,22398,6793,13887,658296,658297,658299,658300,0,0,0,0
1790595431.8527772,3,-3,-3,-4,23885,22378,6787,13896,658356,658357,658359,658360,0,0,0,0
1790595431.8600993,1,-1,-5,-2,23898,22369,6774,13905,658386,658387,658389,658390,0,0,0,0
1790595431.932742,0,-1,4,2,23911,22361,6766,13913,658416,658417,658419,658420,0,0,0,0
1790595432.0573893,-1,2,-2,-2,23913,22358,6766,13914,658476,658477,658479,658480,0,0,0,0
1790595432.060632,3,1,4,-1,23906,22367,6772,13908,658536,658537,658539,658540,0,0,0,0
1790595432.127764,33,30,22,31,24095,22596,6943,14150,658566,658567,658569,658570,0,0,0,0
1790595432.1775107,33,27,50,25,24944,23326,7827,15035,658596,658597,658599,658600,0,0,0,0
1790595432.2375395,20,29,31,25,25574,24118,8534,15666,658626,658627,658629,658630,0,0,0,0
1790595432.30862,24,19,24,25,26106,24774,9276,16324,658656,658657,658659,658660,0,0,0,0
1790595432.30862,25,21,30,28,26853,25471,10107,17100,658686,658687,658689,658690,0,0,0,0
1790595432.4135697,28,31,28,32,27652,26157,10862,17821,658716,658717,658719,658720,0,0,0,0
1790595432.420855,30,30,28,21,28358,26947,11600,18585,658746,658747,658749,658750,0,0,0,0
1790595432.4779818,22,31,33,25,29189,27737,12343,19367,658776,658777,658779,658780,0,0,0,0
1790595432.5421925,32,29,28,40,30016,28487,13099,20117,658806,658807,658809,658810,0,0,0,0
1790595432.6377554,28,25,26,27,30767,29200,13987,20975,658836,658837,658839,658840,0,0,0,0
1790595432.6377554,26,29,24,33,31589,29994,14761,21845,658866,658867,658869,658870,0,0,0,0
1790595432.6989067,26,24,35,38,32450,30759,15614,22708,658896,658897,658899,658900,0,0,0,0
1790595432.8028474,34,30,29,19,413,31524,16429,23391,658926,658927,658929,658930,0,0,0,0
1790595432.8173637,34,25,25,29,1291,32566,17199,24145,658956,658957,658959,658960,0,0,0,0
1790595432.8578656,24,29,30,36,2147,636,18004,24886,658986,658987,658989,658990,0,0,0,0
1790595432.9143543,30,31,26,25,2946,1366,18822,25680,659016,659017,659019,659020,0,0,0,0
1790595432.9423783,39,34,24,27,3804,2281,19596,26469,659046,659047,659049,659050,0,0,0,0
1790595432.9773908,23,14,42,33,4653,3085,20477,27271,659076,659077,659079,659080,0,0,0,0
1790595433.03894,31,32,32,30,5437,3824,21328,28098,659106,659107,659109,659110,0,0,0,0
1790595433.0802221,32,25,28,26,6235,4624,22147,28963,659136,659137,659139,659140,0,0,0,0
1790595433.1394591,28,30,31,32,7048,5429,23057,29743,659166,659167,659169,659170,0,0,0,0
1790595433.1983411,27,29,31,27,7923,6166,23914,30610,659196,659197,659199,659200,0,0,0,0
1790595433.293453,36,22,32,20,8798,7062,24697,31437,659226,659227,659229,659230,0,0,0,0
1790595433.3009229,32,26,28,29,9609,7904,25536,32235,659256,659257,659259,659260,0,0,0,0
1790595433.427581,29,24,28,28,10424,8757,26382,206,659286,659287,659289,659290,0,0,0,0
1790595433.4378576,33,36,33,28,11283,9545,27150,957,659316,659317,659319,659320,0,0,0,0
1790595433.4973497,33,31,29,33,12847,11231,28891,2668,659376,659377,659379,659380,0,0,0,0
1790595433.5775611,34,25,33,28,13803,11950,29669,3572,659406,659407,659409,659410,0,0,0,0
1790595433.6126876,30,29,28,30,14603,12753,30543,4451,659436,659437,659439,659440,0,0,0,0
1790595433.6781805,29,29,29,28,15370,13589,31348,5223,659466,659467,659469,659470,0,0,0,0
1790595433.7224703,24,31,27,24,16161,14278,32130,5937,659496,659497,659499,659500,0,0,0,0
1790595433.763395,26,27,22,18,16753,14982,38,6673,659526,659527,659529,659530,0,0,0,0
1790595433.8378534,21,31,21,25,17447,15685,696,7243,659556,659557,659559,659560,0,0,0,0
1790595433.8378534,25,13,24,15,18120,16377,1303,7920,659586,659587,659589,659590,0,0,0,0
1790595433.9475415,14,15,22,15,18566,16812,1827,8374,659616,659617,659619,659620,0,0,0,0
1790595433.961333,21,16,19,15,19000,17272,2292,8909,659646,659647,659649,659650,0,0,0,0
1790595434.019221,19,23,14,6,19595,17795,2827,9318,659676,659677,659679,659680,0,0,0,0
1790595434.1182616,15,17,18,17,20037,18351,3207,9698,659706,659707,659709,659710,0,0,0,0
1790595434.1776838,9,14,8,14,20535,18813,3596,10165,659736,659737,659739,659740,0,0,0,0
1790595434.190242,8,10,9,12,21066,19448,4324,10801,659796,659797,659799,659800,0,0,0,0
1790595434.29183,17,5,15,16,21772,19982,4983,11614,659856,659857,659859,659860,0,0,0,0
1790595434.377697,10,3,6,7,22052,20191,5204,11842,659886,659887,659889,659890,0,0,0,0
1790595434.3979964,32,14,3,4,22299,20437,5383,12057,659916,659917,659919,659920,0,0,0,0
1790595434.47971,5,8,7,2,22595,20736,5590,12253,659946,659947,659949,659950,0,0,0,0
1790595434.5282443,12,4,6,4,22867,20983,5769,12407,659976,659977,659979,659980,0,0,0,0
1790595434.5839016,6,10,9,1,23078,21218,5929,12539,660006,660007,660009,660010,0,0,0,0
1790595434.6526163,5,7,9,5,23255,21499,6137,12687,660036,660037,660039,660040,0,0,0,0
1790595434.6628747,5,9,4,5,23386,21694,6369,12856,660066,660067,660069,660070,0,0,0,0
1790595434.7182086,3,4,15,11,23521,21866,6642,13149,660096,660097,660099,660100,0,0,0,0
1790595434.7779977,0,-2,6,8,23632,22000,6902,13464,660126,660127,660129,660130,0,0,0,0
1790595434.8382666,4,9,8,10,23719,22102,7102,13676,660156,660157,660159,660160,0,0,0,0
1790595434.987963,6,2,7,7,24185,22450,7441,14005,660216,660217,660219,660220,0,0,0,0
1790595434.987963,2,0,3,-3,24212,22467,7485,13991,660276,660277,660279,660280,0,0,0,0
1790595435.1979651,-1,5,0,3,24186,22488,7511,13970,660306,660307,660309,660310,0,0,0,0
1790595435.1979651,-1,2,3,-7,24111,22568,7594,13908,660396,660397,660399,660400,0,0,0,0
1790595435.240516,1,2,5,3,24085,22595,7619,13886,660426,660427,660429,660430,0,0,0,0
1790595435.4074345,0,-1,-5,4,24061,22619,7640,13863,660456,660457,660459,660460,0,0,0,0
1790595435.4074345,2,-3,0,-4,24027,22655,7685,13840,660516,660517,660519,660520,0,0,0,0
1790595435.6073978,-4,-1,3,0,24012,22675,7697,13825,660546,660547,660549,660550,0,0,0,0
1790595435.6073978,4,1,2,2,23983,22704,7730,13805,660606,660607,660609,660610,0,0,0,0
1790595435.6177845,-4,-3,2,-3,23974,22716,7744,13801,660636,660637,660639,660640,0,0,0,0
1790595435.8163102,-4,6,4,-4,23963,22725,7755,13795,660696,660697,660699,660700,0,0,0,0
1790595435.817316,0,4,-6,-3,23960,22730,7761,13795,660726,660727,660729,660730,0,0,0,0
1790595435.817316,1,-3,-3,6,23980,22742,7788,13827,660756,660757,660759,660760,0,0,0,0
1790595435.9275236,-3,4,-3,-2,24000,22718,7772,13841,660786,660787,660789,660790,0,0,0,0
1790595435.9416277,0,1,-4,-6,23991,22741,7799,13831,660846,660847,660849,660850,0,0,0,0
1790595436.0174594,-1,-5,1,3,23976,22753,7814,13821,660876,660877,660879,660880,0,0,0,0
1790595436.0936615,0,-1,0,3,23967,22763,7823,13815,660906,660907,660909,660910,0,0,0,0
1790595436.1775398,16,-13,-13,10,24091,22573,7740,13931,660966,660967,660969,660970,0,0,0,0
1790595436.2326295,78,-46,-42,49,24983,21796,7118,14594,660996,660997,660999,661000,0,0,0,0
1790595436.241925,65,-79,-66,58,27065,20031,5738,16350,661026,661027,661029,661030,0,0,0,0
1790595436.4276738,76,-69,-83,79,28620,18238,3815,18301,661056,661057,661059,661060,0,0,0,0
1790595436.4276738,61,-75,-74,80,32668,14189,32449,22351,661116,661117,661119,661120,0,0,0,0
1790595436.497372,76,-66,-68,59,1925,12175,30404,24411,661146,661147,661149,661150,0,0,0,0
1790595436.497372,65,-55,-63,64,3624,10395,28654,26096,661176,661177,661179,661180,0,0,0,0
1790595436.6325889,49,-43,-45,35,6436,7629,25820,28889,661236,661237,661239,661240,0,0,0,0
1790595436.7026067,40,-53,-46,47,7629,6402,24574,30005,661266,661267,661269,661270,0,0,0,0
1790595436.7073815,49,-53,-55,54,8917,5034,23317,31325,661296,661297,661299,661300,0,0,0,0
1790595436.8376827,42,-53,-60,53,10307,3512,21722,32747,661326,661327,661329,661330,0,0,0,0
1790595436.8424563,61,-63,-68,87,11914,1932,19972,1673,661356,661357,661359,661360,0,0,0,0
1790595437.0438132,65,-69,-71,61,13687,102,18253,3412,661386,661387,661389,661390,0,0,0,0
1790595437.2573724,54,-63,-52,60,18742,27664,12926,8520,661476,661477,661479,661480,0,0,0,0
1790595437.2589924,51,-59,-60,56,24482,21707,7132,14221,661596,661597,661599,661600,0,0,0,0
1790595437.3382761,62,-54,-67,53,27690,18546,3829,17395,661656,661657,661659,661660,0,0,0,0
1790595437.3382761,55,-57,-57,66,29274,16803,2112,19129,661686,661687,661689,661690,0,0,0,0
1790595437.4526308,48,-66,-53,58,32584,13507,31501,22324,661746,661747,661749,661750,0,0,0,0
1790595437.5280886,57,-55,-59,60,1304,11912,29882,23963,661776,661777,661779,661780,0,0,0,0
1790595437.5380273,57,-49,-54,54,2808,10389,28391,25446,661806,661807,661809,661810,0,0,0,0
1790595437.657439,37,-49,-29,49,4019,8979,27144,26846,661836,661837,661839,661840,0,0,0,0
1790595437.7278626,21,-17,-18,40,5395,6366,25802,29459,661896,661897,661899,661900,0,0,0,0
1790595437.737608,12,-47,-21,52,5862,5168,25329,30649,661926,661927,661929,661930,0,0,0,0
1790595437.8607025,18,-55,-19,56,6318,3829,24874,31987,661956,661957,661959,661960,0,0,0,0
1790595437.8607025,13,-56,-14,59,6774,2478,24438,604,661986,661987,661989,661990,0,0,0,0
1790595437.927637,19,-43,-19,44,7233,917,24038,2155,662016,662017,662019,662020,0,0,0,0
1790595437.927637,13,-60,-23,49,7677,32195,23592,3613,662046,662047,662049,662050,0,0,0,0
1790595438.0754342,15,-56,-11,52,8048,30613,23196,5119,662076,662077,662079,662080,0,0,0,0
1790595438.0774438,14,-51,-19,50,8471,29160,22763,6676,662106,662107,662109,662110,0,0,0,0
1790595438.2474473,17,-53,-17,44,8990,27775,22279,8021,662136,662137,662139,662140,0,0,0,0
1790595438.2474473,21,-53,-13,41,9476,26391,21830,9315,662166,662167,662169,662170,0,0,0,0
1790595438.2574475,13,-64,-11,46,10389,23695,20909,11939,662226,662227,662229,662230,0,0,0,0
1790595438.3175793,15,-68,-17,66,10755,22287,20440,13325,662256,662257,662259,662260,0,0,0,0
1790595438.4692373,14,-74,-14,67,12067,17754,19218,17956,662346,662347,662349,662350,0,0,0,0
1790595438.5424745,17,-49,-18,56,12542,16309,18762,19493,662376,662377,662379,662380,0,0,0,0
1790595438.552335,14,-49,-18,48,13029,14749,18301,20982,662406,662407,662409,662410,0,0,0,0
1790595438.6819987,9,-25,-10,25,13944,12450,17329,23238,662466,662467,662469,662470,0,0,0,0
1790595438.8775873,13,-7,-14,10,14284,12003,17047,23713,662496,662497,662499,662500,0,0,0,0
1790595438.8873475,-2,-3,-3,-9,14425,11794,16839,23761,662526,662527,662529,662530,0,0,0,0
1790595438.8873475,-2,-2,5,-3,14421,11800,16841,23740,662556,662557,662559,662560,0,0,0,0
1790595438.9027483,-1,4,-3,-2,14383,11838,16885,23757,662586,662587,662589,662590,0,0,0,0
1790595439.0896037,0,3,3,-1,14325,11898,16943,23694,662646,662647,662649,662650,0,0,0,0
1790595439.0896037,-8,-3,1,-2,14302,11920,16966,23670,662676,662677,662679,662680,0,0,0,0
1790595439.0924444,0,-3,1,-3,14283,11940,16984,23650,662706,662707,662709,662710,0,0,0,0
1790595439.0981164,-2,4,7,0,14266,11959,17001,23629,662736,662737,662739,662740,0,0,0,0
1790595439.1420772,-4,6,0,-1,14246,11975,17019,23607,662766,662767,662769,662770,0,0,0,0
1790595439.2662566,0,1,-1,-4,14229,11997,17038,23587,662796,662797,662799,662800,0,0,0,0
1790595439.2918398,0,3,2,-4,14209,12023,17062,23563,662826,662827,662829,662830,0,0,0,0
1790595439.497587,-2,3,-3,2,14178,12049,17091,23531,662856,662857,662859,662860,0,0,0,0
1790595439.497587,-1,1,1,-5,14079,12164,17192,23418,662946,662947,662949,662950,0,0,0,0
1790595439.559461,1,3,2,-4,14041,12207,17231,23378,662976,662977,662979,662980,0,0,0,0
1790595439.559461,-4,0,5,-5,14004,12256,17274,23335,663006,663007,663009,663010,0,0,0,0
1790595439.7025414,-4,-1,0,-5,13926,12346,17371,23255,663066,663067,663069,663070,0,0,0,0
1790595439.8076813,-4,-1,0,-5,13926,12346,17371,23255,663066,663067,663069,663070,0,0,0,0
1790595439.821816,-4,0,-1,-2,13731,12566,17582,23023,663186,663187,663189,663190,0,0,0,0
1790595439.907748,-2,3,2,-2,13627,12659,17680,22911,663246,663247,663249,663250,0,0,0,0
1790595440.073627,-4,2,6,-2,13437,12800,17850,22726,663336,663337,663339,663340,0,0,0,0
1790595440.121179,1,-9,5,-6,13373,12859,17923,22655,663366,663367,663369,663370,0,0,0,0
1790595440.267509,-3,1,-1,0,13337,12902,17965,22610,663396,663397,663399,663400,0,0,0,0
1790595440.2778687,-4,-1,1,-1,13260,12965,18030,22534,663456,663457,663459,663460,0,0,0,0
1790595440.324811,2,2,3,-1,13217,13009,18066,22493,663486,663487,663489,663490,0,0,0,0
1790595440.5252376,-4,-4,4,2,13088,13164,18198,22355,663576,663577,663579,663580,0,0,0,0
1790595440.5378194,-3,6,-1,-4,13042,13213,18242,22309,663606,663607,663609,663610,0,0,0,0
1790595440.7278624,0,0,1,-2,13004,13258,18281,22273,663636,663637,663639,663640,0,0,0,0
1790595440.7278624,-4,0,1,-1,12944,13311,18311,22200,663696,663697,663699,663700,0,0,0,0
1790595440.7393,1,-2,-6,-2,12942,13326,18338,22210,663726,663727,663729,663730,0,0,0,0
1790595440.907897,0,0,-17,2,12941,13328,18338,22209,663756,663757,663759,663760,0,0,0,0
1790595440.907897,-1,-7,5,-3,12946,13324,18332,22210,663816,663817,663819,663820,0,0,0,0
1790595440.9246771,-3,-11,-4,1,12945,13322,18332,22211,663846,663847,663849,663850,0,0,0,0
1790595441.1377454,-3,-4,-1,0,12935,13336,18349,22207,663936,663937,663939,663940,0,0,0,0
1790595441.1377454,3,-5,1,-2,12931,13342,18353,22203,663966,663967,663969,663970,0,0,0,0
1790595441.2775865,2,-2,0,-3,12931,13343,18353,22203,663996,663997,663999,664000,0,0,0,0
1790595441.2775865,1,0,-2,-2,12935,13339,18351,22205,664056,664057,664059,664060,0,0,0,0
1790595441.547866,2,2,-16,1,12937,13338,18347,22207,664116,664117,664119,664120,0,0,0,0
1790595441.547866,4,3,6,-3,12965,13313,18329,22246,664206,664207,664209,664210,0,0,0,0
1790595441.732849,2,-2,-4,-2,12968,13308,18324,22244,664236,664237,664239,664240,0,0,0,0
1790595441.7377517,-2,1,6,-5,12950,13326,18342,22224,664296,664297,664299,664300,0,0,0,0
1790595441.7427099,-2,7,4,0,12941,13336,18350,22215,664326,664327,664329,664330,0,0,0,0
1790595441.9578204,0,-2,9,21,12959,13309,18322,22228,664446,664447,664449,664450,0,0,0,0
1790595442.162293,4,0,0,-1,12945,13327,18337,22213,664476,664477,664479,664480,0,0,0,0
1790595442.1627982,6,-7,3,0,12933,13343,18351,22201,664506,664507,664509,664510,0,0,0,0
1790595442.1627982,4,2,-2,-2,12927,13353,18358,22197,664566,664567,664569,664570,0,0,0,0
1790595442.2976365,-2,1,-1,0,12928,13355,18359,22198,664656,664657,664659,664660,0,0,0,0
1790595442.5758538,-1,1,2,5,12926,13358,18362,22194,664686,664687,664689,664690,0,0,0,0
1790595442.577399,3,1,1,-2,12925,13361,18365,22194,664716,664717,664719,664720,0,0,0,0
1790595442.5828242,3,-2,-1,-2,12924,13358,18362,22191,664806,664807,664809,664810,0,0,0,0
1790595442.7777407,-4,-6,-6,-2,12922,13359,18364,22190,664836,664837,664839,664840,0,0,0,0
1790595442.7777407,-2,-1,-4,0,12921,13361,18365,22188,664896,664897,664899,664900,0,0,0,0
1790595442.782769,0,0,-3,-2,12921,13361,18363,22187,664926,664927,664929,664930,0,0,0,0
1790595442.9827244,-3,-5,-2,-1,12922,13357,18361,22188,664956,664957,664959,664960,0,0,0,0
1790595442.9827244,-3,-2,5,-1,12922,13356,18361,22190,664986,664987,664989,664990,0,0,0,0
1790595442.9827244,-5,-1,3,-4,12925,13351,18356,22191,665076,665077,665079,665080,0,0,0,0
1790595443.1911936,4,1,-4,3,12931,13340,18348,22200,665196,665197,665199,665200,0,0,0,0
1790595443.287905,-3,-2,3,0,12931,13341,18352,22205,665256,665257,665259,665260,0,0,0,0
1790595443.3880258,-1,-2,0,-2,12947,13367,18366,22214,665286,665287,665289,665290,0,0,0,0
1790595443.4011388,2,3,-1,4,12933,13357,18361,22202,665316,665317,665319,665320,0,0,0,0
1790595443.4926462,4,2,4,-2,12935,13366,18364,22200,665346,665347,665349,665350,0,0,0,0
1790595443.5007017,1,-1,-1,0,12934,13370,18367,22199,665376,665377,665379,665380,0,0,0,0
1790595443.5876772,2,1,-4,1,12932,13373,18370,22200,665406,665407,665409,665410,0,0,0,0
1790595443.5975714,1,-2,1,0,12941,13380,18372,22207,665436,665437,665439,665440,0,0,0,0
1790595443.7975173,-2,-1,5,3,12938,13373,18370,22206,665466,665467,665469,665470,0,0,0,0
1790595444.0028405,-4,2,-5,2,12942,13375,18373,22211,665646,665647,665649,665650,0,0,0,0
1790595444.0087047,1,1,-2,0,12939,13376,18375,22210,665676,665677,665679,665680,0,0,0,0
1790595444.1477501,-1,-2,1,-3,12927,13370,18371,22189,665706,665707,665709,665710,0,0,0,0
1790595444.1477501,-2,3,2,-1,12898,13406,18405,22172,665736,665737,665739,665740,0,0,0,0
1790595444.1645055,0,4,1,2,12894,13424,18419,22165,665766,665767,665769,665770,0,0,0,0
1790595444.2110784,-1,-4,4,0,12894,13427,18424,22164,665796,665797,665799,665800,0,0,0,0
1790595444.3037791,0,1,-2,3,12895,13423,18419,22170,665826,665827,665829,665830,0,0,0,0
1790595444.3037791,3,0,-1,0,12903,13418,18416,22175,665856,665857,665859,665860,0,0,0,0
1790595444.357807,-3,0,4,2,12906,13415,18410,22177,665886,665887,665889,665890,0,0,0,0
1790595444.477584,-11,-22,-16,-14,12874,13322,18341,22100,665946,665947,665949,665950,0,0,0,0
1790595444.5277522,-24,-22,-33,-29,12269,12640,17615,21465,665976,665977,665979,665980,0,0,0,0
1790595444.5825381,-28,-18,-19,-28,11564,12026,17035,20765,666006,666007,666009,666010,0,0,0,0
1790595444.6205075,-25,-26,-28,-32,10805,11419,16416,19994,666036,666037,666039,666040,0,0,0,0
1790595444.6982336,-14,-25,-34,-27,10111,10738,15688,19281,666066,666067,666069,666070,0,0,0,0
1790595444.703825,-24,-30,-25,-19,9446,10071,14953,18645,666096,666097,666099,666100,0,0,0,0
1790595444.7626379,-33,-30,-32,-35,8725,9276,14234,17905,666126,666127,666129,666130,0,0,0,0
1790595444.8226602,-32,-36,-38,-31,7916,8458,13413,17124,666156,666157,666159,666160,0,0,0,0
1790595444.86341,-25,-24,-24,-28,7171,7758,12612,16353,666186,666187,666189,666190,0,0,0,0
1790595444.9235246,-35,-34,-32,-35,6447,6962,11825,15568,666216,666217,666219,666220,0,0,0,0
1790595444.9827,-30,-34,-41,-39,5603,6072,11028,14732,666246,666247,666249,666250,0,0,0,0
1790595445.0275855,-24,-25,-26,-21,4795,5351,10204,13876,666276,666277,666279,666280,0,0,0,0
1790595445.0928183,-32,-31,-32,-35,4070,4586,9432,13046,666306,666307,666309,666310,0,0,0,0
1790595445.0994477,-28,-36,-31,-30,3212,3679,8640,12313,666336,666337,666339,666340,0,0,0,0
1790595445.1626482,-32,-28,-22,-27,2393,2903,7797,11531,666366,666367,666369,666370,0,0,0,0
1790595445.2276576,-34,-25,-34,-25,1563,2122,6966,10664,666396,666397,666399,666400,0,0,0,0
1790595445.2656581,-28,-34,-33,-33,813,1214,6155,9902,666426,666427,666429,666430,0,0,0,0
1790595445.3029177,-27,-32,-27,-29,32725,423,5322,9071,666456,666457,666459,666460,0,0,0,0
1790595445.3846252,-29,-19,-32,-30,31931,32448,4519,8165,666486,666487,666489,666490,0,0,0,0
1790595445.4843926,-31,-26,-25,-29,31208,31524,3655,7489,666516,666517,666519,666520,0,0,0,0
1790595445.5475488,-27,-32,-36,-32,30340,30759,2853,6659,666546,666547,666549,666550,0,0,0,0
1790595445.5475488,-30,-30,-35,-36,28660,29214,1245,4902,666606,666607,666609,666610,0,0,0,0
1790595445.638856,-23,-35,-32,-27,27883,28418,520,4138,666636,666637,666639,666640,0,0,0,0
1790595445.662413,-33,-34,-29,-30,26998,27557,32399,3250,666666,666667,666669,666670,0,0,0,0
1790595445.722813,-25,-37,-28,-32,25514,25866,30735,1638,666726,666727,666729,666730,0,0,0,0
1790595445.7784245,-36,-33,-28,-27,24607,25054,29882,749,666756,666757,666759,666760,0,0,0,0
1790595445.8460078,-31,-25,-25,-28,23704,24289,29097,32702,666786,666787,666789,666790,0,0,0,0
1790595445.9075978,-32,-29,-33,-27,23022,23367,28311,31949,666816,666817,666819,666820,0,0,0,0
1790595445.9678144,-28,-35,-33,-21,22210,22605,27487,31255,666846,666847,666849,666850,0,0,0,0
1790595445.9678144,-27,-24,-25,-23,21404,21879,26743,30395,666876,666877,666879,666880,0,0,0,0
1790595446.0424786,-28,-26,-29,-31,20730,21198,26044,29652,666906,666907,666909,666910,0,0,0,0
1790595446.1476688,-30,-35,-33,-26,19989,20449,25275,28947,666936,666937,666939,666940,0,0,0,0
1790595446.1624954,-25,-17,-20,-20,19301,19738,24615,28342,666966,666967,666969,666970,0,0,0,0
1790595446.2073789,-21,-26,-23,-20,18757,19206,24134,27801,666996,666997,666999,667000,0,0,0,0
1790595446.2677794,-20,-16,-30,-23,18232,18649,23518,27119,667026,667027,667029,667030,0,0,0,0
1790595446.2783012,-12,-16,-15,-11,17706,18111,22955,26671,667056,667057,667059,667060,0,0,0,0
1790595446.3825421,-10,-7,-17,-7,17371,17653,22500,26368,667086,667087,667089,667090,0,0,0,0
1790595446.4385538,-18,-13,-12,-14,16930,17235,22105,25978,667116,667117,667119,667120,0,0,0,0
1790595446.4456246,-19,-14,-13,-11,16450,16864,21789,25598,667146,667147,667149,667150,0,0,0,0
1790595446.5575616,-18,-22,-16,-22,16019,16525,21458,25103,667176,667177,667179,667180,0,0,0,0
1790595446.5627408,-23,-11,-9,-11,15496,16235,21174,24622,667206,667207,667209,667210,0,0,0,0
1790595446.607418,-10,-9,-8,-5,15165,15941,20883,24367,667236,667237,667239,667240,0,0,0,0
1790595446.6679306,-8,-15,-14,-8,14994,15629,20557,24211,667266,667267,667269,667270,0,0,0,0
1790595446.6829202,-6,-17,-15,-9,14822,15176,20135,24026,667296,667297,667299,667300,0,0,0,0
1790595446.7876124,-12,-6,-9,-7,14652,14892,19814,23802,667326,667327,667329,667330,0,0,0,0
1790595446.8576174,-4,-10,-10,-2,14472,14668,19611,23639,667356,667357,667359,667360,0,0,0,0
1790595446.8576174,-11,-9,-1,-3,14240,14392,19411,23459,667386,667387,667389,667390,0,0,0,0
1790595446.9082022,-8,-6,-8,-8,14011,14161,19242,23296,667416,667417,667419,667420,0,0,0,0
1790595446.972579,-15,0,-9,-8,13774,13958,19094,23144,667446,667447,667449,667450,0,0,0,0
1790595446.9776773,-12,-7,-6,-12,13467,13758,18967,22972,667476,667477,667479,667480,0,0,0,0
1790595447.0381668,-10,-7,0,-13,13152,13585,18819,22712,667506,667507,667509,667510,0,0,0,0
1790595447.0783772,-4,1,-4,-10,12972,13520,18702,22423,667536,667537,667539,667540,0,0,0,0
1790595447.282597,-6,-4,-7,1,12923,13549,18682,22321,667566,667567,667569,667570,0,0,0,0
1790595447.282597,-9,0,2,3,12942,13478,18613,22334,667656,667657,667659,667660,0,0,0,0
1790595447.4275596,-3,0,8,2,12943,13478,18613,22333,667686,667687,667689,667690,0,0,0,0
1790595447.4275596,3,2,5,1,12935,13487,18621,22321,667716,667717,667719,667720,0,0,0,0
1790595447.4448535,-4,1,0,-3,12925,13500,18632,22307,667746,667747,667749,667750,0,0,0,0
1790595447.4952688,4,-1,9,0,12918,13510,18640,22303,667776,667777,667779,667780,0,0,0,0
1790595447.6913018,-2,-1,3,0,12929,13522,18645,22311,667806,667807,667809,667810,0,0,0,0
1790595447.6913018,-1,0,1,-5,12930,13496,18624,22308,667866,667867,667869,667870,0,0,0,0
1790595447.6976595,2,8,3,3,12931,13496,18624,22308,667896,667897,667899,667900,0,0,0,0
1790595447.8977692,-6,3,-1,1,12923,13509,18633,22296,667986,667987,667989,667990,0,0,0,0
1790595447.8977692,-1,5,-8,-4,12921,13508,18633,22294,668016,668017,668019,668020,0,0,0,0
1790595448.0099573,1,6,-3,-3,12921,13506,18630,22286,668046,668047,668049,668050,0,0,0,0
1790595448.0099573,2,0,0,-5,12909,13505,18632,22269,668076,668077,668079,668080,0,0,0,0
1790595448.1080863,3,-4,3,-5,12897,13542,18658,22258,668106,668107,668109,668110,0,0,0,0
1790595448.110276,-6,3,-1,-7,12901,13536,18654,22260,668136,668137,668139,668140,0,0,0,0
1790595448.3073676,-1,1,-1,-3,12904,13528,18647,22266,668166,668167,668169,668170,0,0,0,0
1790595448.3106127,3,1,1,0,12915,13523,18640,22274,668196,668197,668199,668200,0,0,0,0
1790595448.3144658,48,-47,-48,34,13816,12456,17749,23026,668256,668257,668259,668260,0,0,0,0
1790595448.511143,71,-72,-68,74,19738,7131,12709,28870,668346,668347,668349,668350,0,0,0,0
1790595448.5228915,89,-74,-85,84,21729,5034,10671,30999,668376,668377,668379,668380,0,0,0,0
1790595448.7174628,53,-66,-48,58,25543,1380,6936,2028,668436,668437,668439,668440,0,0,0,0
1790595448.7174628,53,-48,-46,55,28422,31387,4169,4818,668496,668497,668499,668500,0,0,0,0
1790595448.7238739,53,-49,-45,55,29684,30130,2910,6085,668526,668527,668529,668530,0,0,0,0
1790595448.8573935,49,-63,-61,53,32489,27377,126,9002,668586,668587,668589,668590,0,0,0,0
1790595448.9174213,64,-67,-54,60,1274,25736,31299,10603,668616,668617,668619,668620,0,0,0,0
1790595448.9174213,64,-60,-69,60,3036,24081,29471,12371,668646,668647,668649,668650,0,0,0,0
1790595449.120366,62,-59,-64,45,10111,17792,22454,18752,668766,668767,668769,668770,0,0,0,0
1790595449.2036037,52,-37,-60,48,11738,16534,20889,20041,668796,668797,668799,668800,0,0,0,0
1790595449.3185248,58,-54,-50,56,13285,15168,19303,21392,668826,668827,668829,668830,0,0,0,0
1790595449.3185248,55,-60,-59,60,14708,13609,17853,23024,668856,668857,668859,668860,0,0,0,0
1790595449.3424983,42,-64,-52,63,16048,11939,16620,24637,668886,668887,668889,668890,0,0,0,0
1790595449.5282917,48,-78,-48,70,19884,6107,12652,30658,668976,668977,668979,668980,0,0,0,0
1790595449.5422013,68,-55,-62,56,21377,4381,11214,32467,669006,669007,669009,669010,0,0,0,0
1790595449.6194787,51,-48,-61,55,23073,2770,9559,1164,669036,669037,669039,669040,0,0,0,0
1790595449.7393074,58,-49,-62,52,26146,32521,6393,4275,669096,669097,669099,669100,0,0,0,0
1790595449.7393074,49,-54,-58,50,27781,30973,4822,5748,669126,669127,669129,669130,0,0,0,0
1790595449.8205242,52,-57,-57,62,29265,29368,3282,7378,669156,669157,669159,669160,0,0,0,0
1790595449.9379282,59,-55,-62,57,30857,27868,1708,8912,669186,669187,669189,669190,0,0,0,0
1790595450.1476896,61,-54,-63,56,2851,23140,29672,13669,669276,669277,669279,669280,0,0,0,0
1790595450.1476896,35,-41,-43,39,7031,19136,25589,17708,669366,669367,669369,669370,0,0,0,0
1790595450.242746,26,-41,-30,19,7993,18223,24638,18661,669396,669397,669399,669400,0,0,0,0
1790595450.327929,28,-27,-25,24,8854,17290,23876,19453,669426,669427,669429,669430,0,0,0,0
1790595450.3406448,24,-25,-23,27,9559,16616,23185,20089,669456,669457,669459,669460,0,0,0,0
1790595450.3976645,24,-25,-26,29,10774,15286,21836,21405,669516,669517,669519,669520,0,0,0,0
1790595450.5577767,19,-25,-30,18,11492,14639,21184,22039,669546,669547,669549,669550,0,0,0,0
1790595450.5577767,18,-11,-10,19,12041,14095,20638,22626,669576,669577,669579,669580,0,0,0,0
1790595450.5577767,9,-10,-14,6,12371,13770,20290,22957,669606,669607,669609,669610,0,0,0,0
1790595450.7580805,-7,-4,-4,-2,12533,13656,20153,23075,669696,669697,669699,669700,0,0,0,0
1790595450.8975773,-3,-2,6,-1,12483,13706,20208,23017,669726,669727,669729,669730,0,0,0,0
1790595450.8975773,-2,2,-1,-1,12419,13765,20284,22946,669756,669757,669759,669760,0,0,0,0
1790595450.8975773,-3,-13,0,-1,12351,13823,20356,22868,669786,669787,669789,669790,0,0,0,0
1790595450.8975773,-8,0,3,-2,12285,13879,20425,22789,669816,669817,669819,669820,0,0,0,0
1790595450.9780812,1,0,3,-3,12181,13970,20544,22674,669876,669877,669879,669880,0,0,0,0
1790595451.1713822,-2,0,1,-1,12151,13997,20580,22640,669906,669907,669909,669910,0,0,0,0
1790595451.1775944,2,-2,-1,3,12137,14008,20592,22628,669966,669967,669969,669970,0,0,0,0
1790595451.3356137,-2,-2,1,2,12147,14000,20582,22640,669996,669997,669999,670000,0,0,0,0
1790595451.3376226,-1,-1,0,0,12156,13991,20570,22649,670026,670027,670029,670030,0,0,0,0
1790595451.342831,1,0,-1,0,12157,13991,20569,22648,670086,670087,670089,670090,0,0,0,0
1790595451.5776482,-4,0,0,0,12155,13993,20573,22643,670116,670117,670119,670120,0,0,0,0
1790595451.5776482,2,4,2,-3,12167,14002,20584,22649,670146,670147,670149,670150,0,0,0,0
1790595451.5776482,2,-2,-4,4,12167,13996,20577,22653,670206,670207,670209,670210,0,0,0,0
1790595451.6981819,-5,3,-5,-3,12160,13989,20571,22648,670266,670267,670269,670270,0,0,0,0
1790595451.704162,3,-4,-2,-2,12163,13988,20570,22649,670296,670297,670299,670300,0,0,0,0
1790595451.800468,1,-4,5,-3,12170,13991,20570,22653,670356,670357,670359,670360,0,0,0,0
1790595451.9676652,-3,5,3,-2,12174,13987,20568,22657,670386,670387,670389,670390,0,0,0,0
1790595451.9777703,-2,-2,-2,0,12170,13983,20563,22657,670446,670447,670449,670450,0,0,0,0
1790595452.1985164,-5,-3,0,5,12167,13985,20566,22653,670476,670477,670479,670480,0,0,0,0
1790595452.1985164,-1,-2,4,1,12189,13971,20546,22676,670536,670537,670539,670540,0,0,0,0
1790595452.1985164,3,4,-1,1,12197,13964,20539,22681,670566,670567,670569,670570,0,0,0,0
1790595452.2022638,1,-3,0,-1,12190,13968,20545,22674,670596,670597,670599,670600,0,0,0,0
1790595452.3476086,-2,0,2,-1,12177,13978,20558,22661,670626,670627,670629,670630,0,0,0,0
1790595452.348577,-6,2,-2,-3,12165,13986,20569,22647,670656,670657,670659,670660,0,0,0,0
1790595452.3625376,-1,-4,3,-2,12161,13992,20576,22643,670686,670687,670689,670690,0,0,0,0
1790595452.4047742,-1,4,1,-2,12164,13991,20575,22646,670716,670717,670719,670720,0,0,0,0
1790595452.6094322,0,1,-3,2,12171,13977,20555,22653,670836,670837,670839,670840,0,0,0,0
1790595452.7974696,-1,-7,-1,1,12175,13977,20557,22656,670866,670867,670869,670870,0,0,0,0
1790595452.7974696,5,-1,-2,-2,12180,13980,20560,22659,670926,670927,670929,670930,0,0,0,0
1790595452.7974696,-4,-1,1,1,12180,13982,20563,22660,670956,670957,670959,670960,0,0,0,0
1790595453.0174513,1,5,4,-6,12180,13981,20564,22663,670986,670987,670989,670990,0,0,0,0
1790595453.0174513,2,1,3,-2,12172,13981,20568,22657,671076,671077,671079,671080,0,0,0,0
1790595453.2218618,-2,4,7,1,12170,13984,20569,22655,671106,671107,671109,671110,0,0,0,0
1790595453.2228942,-2,-6,-2,-1,12174,13979,20562,22658,671196,671197,671199,671200,0,0,0,0
1790595453.3477054,-1,5,-4,1,12175,13981,20564,22657,671256,671257,671259,671260,0,0,0,0
1790595453.3538644,-2,1,-1,0,12176,13981,20563,22658,671286,671287,671289,671290,0,0,0,0
1790595453.4376788,2,1,-3,2,12217,13958,20531,22704,671346,671347,671349,671350,0,0,0,0
1790595453.6123655,-2,1,3,0,12214,13955,20533,22702,671376,671377,671379,671380,0,0,0,0
1790595453.617427,1,3,3,3,12187,13973,20553,22669,671436,671437,671439,671440,0,0,0,0
1790595453.8376672,3,2,-5,-3,12214,13948,20522,22696,671556,671557,671559,671560,0,0,0,0
1790595454.0386164,2,2,-3,2,12210,13960,20533,22683,671586,671587,671589,671590,0,0,0,0
1790595454.0423532,-2,1,-1,-4,12175,13990,20574,22648,671676,671677,671679,671680,0,0,0,0
1790595454.2379172,-1,-1,0,0,12178,13987,20570,22653,671736,671737,671739,671740,0,0,0,0
1790595454.2627802,0,0,0,-1,12180,13986,20570,22656,671856,671857,671859,671860,0,0,0,0
1790595454.3630989,-1,-5,-6,-1,12176,13988,20572,22652,671886,671887,671889,671890,0,0,0,0
1790595454.4474468,0,3,1,-3,12176,13987,20571,22652,671916,671917,671919,671920,0,0,0,0
1790595454.4580445,2,-6,2,1,12177,13984,20566,22656,671976,671977,671979,671980,0,0,0,0
1790595454.6477523,-4,3,0,-1,12177,13985,20569,22654,672006,672007,672009,672010,0,0,0,0
1790595454.6585217,-2,1,-3,-2,12176,13983,20567,22653,672066,672067,672069,672070,0,0,0,0
1790595454.858155,1,6,-1,3,12177,13979,20562,22654,672126,672127,672129,672130,0,0,0,0
1790595454.858155,0,-2,-4,0,12179,13980,20561,22654,672156,672157,672159,672160,0,0,0,0
1790595454.858155,-1,-6,2,2,12180,13982,20564,22655,672186,672187,672189,672190,0,0,0,0
1790595455.0610144,-3,-4,-2,-5,12178,13982,20564,22653,672216,672217,672219,672220,0,0,0,0
1790595455.0727885,-2,0,-2,-1,12185,13981,20561,22657,672276,672277,672279,672280,0,0,0,0
1790595455.0827234,0,-2,1,-2,12193,13979,20560,22665,672336,672337,672339,672340,0,0,0,0
1790595455.2686794,4,0,-8,-2,12208,13985,20567,22688,672396,672397,672399,672400,0,0,0,0
1790595455.2825367,2,-1,6,-1,12207,13992,20569,22670,672456,672457,672459,672460,0,0,0,0
1790595455.3778203,-1,-1,1,-1,12203,13997,20576,22671,672486,672487,672489,672490,0,0,0,0
1790595455.3778203,0,-2,-1,-3,12200,13996,20574,22667,672516,672517,672519,672520,0,0,0,0
1790595455.4773421,-1,-5,-2,0,12203,13988,20566,22673,672576,672577,672579,672580,0,0,0,0
1790595455.6798422,2,-2,0,-2,12215,14000,20572,22677,672666,672667,672669,672670,0,0,0,0
1790595455.882782,-1,1,-3,2,12212,14002,20574,22674,672786,672787,672789,672790,0,0,0,0
1790595456.087976,3,-2,-1,0,12210,14006,20579,22672,672846,672847,672849,672850,0,0,0,0
1790595456.087976,-2,-3,-4,-2,12196,14004,20578,22645,672906,672907,672909,672910,0,0,0,0
1790595456.1027536,-4,-1,0,-3,12197,14028,20610,22657,672936,672937,672939,672940,0,0,0,0
1790595456.2176845,1,1,0,-3,12205,14018,20592,22663,672996,672997,672999,673000,0,0,0,0
1790595456.2995834,-1,0,5,2,12204,14012,20587,22666,673056,673057,673059,673060,0,0,0,0
1790595456.3826108,-1,0,-4,2,12203,14014,20589,22663,673086,673087,673089,673090,0,0,0,0
1790595456.4274144,1,-7,0,-5,12200,14014,20590,22661,673116,673117,673119,673120,0,0,0,0
1790595456.4874194,0,1,2,-1,12201,14013,20589,22664,673146,673147,673149,673150,0,0,0,0
1790595456.499421,-2,2,-1,-2,12204,14011,20586,22666,673176,673177,673179,673180,0,0,0,0
1790595456.5603442,29,30,30,25,12673,14536,21065,23178,673206,673207,673209,673210,0,0,0,0
1790595456.6177428,12,23,29,29,14175,15901,22534,24680,673266,673267,673269,673270,0,0,0,0
1790595456.6838148,27,20,27,26,14847,16449,23340,25512,673296,673297,673299,673300,0,0,0,0
1790595456.7783837,31,27,31,29,15550,17118,24133,26282,673326,673327,673329,673330,0,0,0,0
1790595456.7854671,24,34,26,28,16320,17804,24905,26951,673356,673357,673359,673360,0,0,0,0
1790595456.8412871,33,29,29,25,17167,18665,25691,27777,673386,673387,673389,673390,0,0,0,0
1790595456.903708,26,34,29,24,17894,19446,26482,28505,673416,673417,673419,673420,0,0,0,0
1790595456.9474547,22,29,35,25,18607,20311,27263,29181,673446,673447,673449,673450,0,0,0,0
1790595457.0010438,33,25,27,33,19418,21109,28114,29983,673476,673477,673479,673480,0,0,0,0
1790595457.0630476,27,27,22,34,20245,21912,29005,30782,673506,673507,673509,673510,0,0,0,0
1790595457.1185884,21,27,26,27,21002,22664,29688,31550,673536,673537,673539,673540,0,0,0,0
1790595457.167826,40,25,27,23,21942,23369,30465,32430,673566,673567,673569,673570,0,0,0,0
1790595457.1817017,30,26,33,31,22845,24342,31323,450,673596,673597,673599,673600,0,0,0,0
1790595457.2783546,20,29,23,29,23520,25086,32137,1213,673626,673627,673629,673630,0,0,0,0
1790595457.285998,32,25,34,27,24306,25836,197,2087,673656,673657,673659,673660,0,0,0,0
1790595457.3424985,28,26,31,28,25182,26701,1088,2911,673686,673687,673689,673690,0,0,0,0
1790595457.3827207,26,30,29,31,25840,27499,2017,3702,673716,673717,673719,673720,0,0,0,0
1790595457.466107,29,30,33,28,26638,28264,2810,4501,673746,673747,673749,673750,0,0,0,0
1790595457.5087714,33,23,29,32,27505,29056,3632,5363,673776,673777,673779,673780,0,0,0,0
1790595457.5797668,28,32,31,27,29099,30627,5320,7107,673836,673837,673839,673840,0,0,0,0
1790595457.637828,35,27,27,23,30019,31477,6058,7889,673866,673867,673869,673870,0,0,0,0
1790595457.7023191,33,29,27,27,30918,32454,6880,8657,673896,673897,673899,673900,0,0,0,0
1790595457.8275974,31,32,27,26,31718,479,7621,9332,673926,673927,673929,673930,0,0,0,0
1790595457.8379745,33,28,33,35,642,2187,9238,10967,673986,673987,673989,673990,0,0,0,0
1790595457.9283576,28,28,29,31,1407,3034,10099,11803,674016,674017,674019,674020,0,0,0,0
1790595457.9426866,25,29,31,29,2148,3763,10970,12548,674046,674047,674049,674050,0,0,0,0
1790595458.0777278,30,28,23,31,2807,4462,11732,13361,674076,674077,674079,674080,0,0,0,0
1790595458.0853028,24,19,28,25,3519,5180,12517,14105,674106,674107,674109,674110,0,0,0,0
1790595458.1373425,28,24,26,29,4253,5845,13240,14799,674136,674137,674139,674140,0,0,0,0
1790595458.1975117,22,31,21,31,4847,6626,13970,15423,674166,674167,674169,674170,0,0,0,0
1790595458.204849,29,27,20,23,5659,7344,14610,16225,674196,674197,674199,674200,0,0,0,0
1790595458.2629268,22,18,12,21,6314,7928,15136,16767,674226,674227,674229,674230,0,0,0,0
1790595458.3880453,13,25,25,17,6827,8415,15687,17266,674256,674257,674259,674260,0,0,0,0
1790595458.3880453,17,17,18,21,7324,9041,16282,17776,674286,674287,674289,674290,0,0,0,0
1790595458.4028864,19,18,22,16,7899,9527,16802,18366,674316,674317,674319,674320,0,0,0,0
1790595458.512533,13,13,8,14,8330,9931,17176,18726,674346,674347,674349,674350,0,0,0,0
1790595458.517585,16,14,12,19,8750,10342,17563,19143,674376,674377,674379,674380,0,0,0,0
1790595458.6282387,10,8,14,17,9355,11091,18546,19892,674436,674437,674439,674440,0,0,0,0
1790595458.6426296,11,10,10,14,9708,11434,18894,20295,674466,674467,674469,674470,0,0,0,0
1790595458.697783,4,10,3,10,9999,11681,19110,20561,674496,674497,674499,674500,0,0,0,0
1790595458.747657,11,13,12,8,10273,11963,19374,20821,674526,674527,674529,674530,0,0,0,0
1790595458.7677045,10,10,41,7,10491,12257,19669,21067,674556,674557,674559,674560,0,0,0,0
1790595458.8248432,8,5,8,8,10709,12521,19982,21293,674586,674587,674589,674590,0,0,0,0
1790595458.9478257,9,9,10,6,10852,12727,20268,21437,674616,674617,674619,674620,0,0,0,0
1790595458.9616992,13,11,4,4,11340,13306,20746,21697,674676,674677,674679,674680,0,0,0,0
1790595459.0176985,10,9,2,8,11574,13497,20861,21862,674706,674707,674709,674710,0,0,0,0
1790595459.1377764,5,7,8,14,11833,13644,21029,22126,674736,674737,674739,674740,0,0,0,0
1790595459.1454067,4,3,0,12,12072,13763,21160,22376,674766,674767,674769,674770,0,0,0,0
1790595459.2197957,-5,0,2,10,12258,13880,21323,22630,674796,674797,674799,674800,0,0,0,0
1790595459.2228248,9,6,4,4,12438,14064,21536,22830,674826,674827,674829,674830,0,0,0,0
1790595459.3633893,-3,-1,1,-5,12517,14256,21698,22847,674856,674857,674859,674860,0,0,0,0
1790595459.3727736,-2,-3,2,-5,12399,14369,21824,22707,674916,674917,674919,674920,0,0,0,0
1790595459.5677638,-2,-1,-2,-2,12368,14397,21855,22684,675006,675007,675009,675010,0,0,0,0
1790595459.5830977,-4,3,3,-3,12375,14387,21847,22691,675036,675037,675039,675040,0,0,0,0
1790595459.7681751,-3,-3,0,0,12379,14383,21845,22695,675066,675067,675069,675070,0,0,0,0
1790595459.7681751,0,2,-5,-3,12399,14417,21866,22712,675126,675127,675129,675130,0,0,0,0
1790595459.782614,2,0,-1,-3,12390,14429,21878,22695,675156,675157,675159,675160,0,0,0,0
1790595459.9783564,1,-5,1,1,12380,14438,21888,22686,675186,675187,675189,675190,0,0,0,0
1790595459.9783564,-1,-3,-1,0,12376,14441,21891,22684,675246,675247,675249,675250,0,0,0,0
1790595459.9783564,-3,-3,-6,1,12381,14437,21889,22689,675276,675277,675279,675280,0,0,0,0
1790595460.1809971,0,-6,1,-1,12387,14438,21898,22710,675366,675367,675369,675370,0,0,0,0
1790595460.29289,3,6,-2,1,12413,14425,21891,22743,675396,675397,675399,675400,0,0,0,0
1790595460.2976213,-4,4,3,2,12413,14411,21883,22741,675426,675427,675429,675430,0,0,0,0
1790595460.298916,-2,9,0,-2,12404,14421,21890,22726,675456,675457,675459,675460,0,0,0,0
1790595460.3927104,-1,4,1,0,12392,14435,21903,22712,675486,675487,675489,675490,0,0,0,0
1790595460.3932567,2,0,-2,2,12384,14447,21911,22703,675516,675517,675519,675520,0,0,0,0
1790595460.4655306,1,2,2,3,12382,14453,21915,22701,675546,675547,675549,675550,0,0,0,0
1790595460.5907836,4,-6,-1,7,12395,14429,21898,22725,675576,675577,675579,675580,0,0,0,0
1790595460.5907836,25,-26,-14,21,12692,14079,21690,23007,675606,675607,675609,675610,0,0,0,0
1790595460.604165,87,-57,-39,73,14321,12947,20843,23942,675636,675637,675639,675640,0,0,0,0
1790595460.660283,46,-74,-53,79,16401,11240,19389,26392,675666,675667,675669,675670,0,0,0,0
1790595460.7990885,66,-61,-76,77,18214,9338,17466,28391,675696,675697,675699,675700,0,0,0,0
1790595460.7990885,75,-88,-83,77,20156,7352,15357,30454,675726,675727,675729,675730,0,0,0,0
1790595460.805665,66,-72,-89,65,22195,5336,13314,32577,675756,675757,675759,675760,0,0,0,0
1790595460.862881,67,-51,-67,78,24088,3430,11445,1714,675786,675787,675789,675790,0,0,0,0
1790595460.998049,49,-47,-45,49,28349,31687,7279,5941,675876,675877,675879,675880,0,0,0,0
1790595461.2096488,49,-39,-52,42,29591,30471,5912,7168,675906,675907,675909,675910,0,0,0,0
1790595461.225697,58,-76,-71,65,3256,23969,32023,13649,676026,676027,676029,676030,0,0,0,0
1790595461.4188652,57,-61,-61,52,6694,20626,28610,17055,676086,676087,676089,676090,0,0,0,0
1790595461.4188652,50,-62,-56,50,8158,19055,26969,18565,676116,676117,676119,676120,0,0,0,0
1790595461.4188652,49,-58,-50,49,9639,17541,25591,19918,676146,676147,676149,676150,0,0,0,0
1790595461.6174843,62,-49,-52,46,10982,16177,24114,21314,676176,676177,676179,676180,0,0,0,0
1790595461.621862,55,-52,-62,69,12444,14646,22622,22784,676206,676207,676209,676210,0,0,0,0
1790595461.621862,52,-62,-54,50,13950,13140,21078,24342,676236,676237,676239,676240,0,0,0,0
1790595461.6776545,59,-54,-59,54,15494,11594,19467,25960,676266,676267,676269,676270,0,0,0,0
1790595461.685435,62,-58,-60,67,17121,9912,17767,27623,676296,676297,676299,676300,0,0,0,0
1790595461.8178535,57,-65,-61,63,20374,6584,14418,30923,676356,676357,676359,676360,0,0,0,0
1790595461.8828838,59,-62,-53,52,21966,4940,12740,32555,676386,676387,676389,676390,0,0,0,0
1790595462.027735,61,-60,-49,54,25016,1916,9678,2845,676446,676447,676449,676450,0,0,0,0
1790595462.0388875,62,-57,-55,54,26473,290,8107,4307,676476,676477,676479,676480,0,0,0,0
1790595462.0625672,43,-49,-57,47,27990,31496,6634,5740,676506,676507,676509,676510,0,0,0,0
1790595462.1228993,57,-56,-63,55,29487,30010,5008,7321,676536,676537,676539,676540,0,0,0,0
1790595462.2281654,47,-57,-62,49,32723,26730,1797,10425,676596,676597,676599,676600,0,0,0,0
1790595462.2875636,65,-56,-64,65,1529,25121,116,12066,676626,676627,676629,676630,0,0,0,0
1790595462.3046074,61,-54,-48,52,3127,23458,31309,13701,676656,676657,676659,676660,0,0,0,0
1790595462.4273806,43,-44,-64,48,4627,21994,29702,15141,676686,676687,676689,676690,0,0,0,0
1790595462.4877205,43,-45,-45,39,5900,20741,28434,16468,676716,676717,676719,676720,0,0,0,0
1790595462.492521,36,-24,-37,37,6992,19601,27282,17431,676746,676747,676749,676750,0,0,0,0
1790595462.498214,16,-22,-21,34,7847,18767,26504,18304,676776,676777,676779,676780,0,0,0,0
1790595462.6426418,9,-9,-11,4,9250,17324,25194,19575,676866,676867,676869,676870,0,0,0,0
1790595462.7206633,5,-4,-5,2,9433,17156,25010,19702,676896,676897,676899,676900,0,0,0,0
1790595462.7226403,-1,-5,-1,4,9550,17052,24895,19801,676926,676927,676929,676930,0,0,0,0
1790595462.7576745,1,-2,-2,-2,9614,16991,24834,19854,676956,676957,676959,676960,0,0,0,0
1790595462.8391297,-2,0,-1,-1,9632,16974,24821,19865,676986,676987,676989,676990,0,0,0,0
1790595463.0480735,-5,1,-1,0,9541,17064,24922,19773,677076,677077,677079,677080,0,0,0,0
1790595463.0625358,-2,1,-3,-2,9505,17101,24963,19738,677106,677107,677109,677110,0,0,0,0
1790595463.087473,1,2,0,-5,9474,17131,24996,19711,677136,677137,677139,677140,0,0,0,0
1790595463.257506,-7,0,-2,-3,9440,17160,25030,19683,677196,677197,677199,677200,0,0,0,0
1790595463.257506,2,-3,1,2,9442,17160,25030,19684,677226,677227,677229,677230,0,0,0,0
1790595463.4278843,1,-1,1,-5,9456,17147,25014,19696,677286,677287,677289,677290,0,0,0,0
1790595463.4278843,3,-2,-2,-2,9457,17146,25013,19696,677346,677347,677349,677350,0,0,0,0
1790595463.517605,1,-2,5,-3,9455,17148,25016,19694,677376,677377,677379,677380,0,0,0,0
1790595463.5246148,-2,2,1,0,9455,17148,25015,19696,677406,677407,677409,677410,0,0,0,0
1790595463.667539,2,0,-2,-3,9466,17149,25020,19711,677436,677437,677439,677440,0,0,0,0
1790595463.677817,3,2,1,1,9457,17136,25017,19703,677496,677497,677499,677500,0,0,0,0
1790595463.7776523,-2,-2,-2,-2,9458,17141,25022,19703,677526,677527,677529,677530,0,0,0,0
1790595463.7776523,0,-1,-1,1,9462,17144,25023,19705,677556,677557,677559,677560,0,0,0,0
1790595463.8825035,-3,-4,0,-2,9465,17144,25023,19712,677586,677587,677589,677590,0,0,0,0
1790595463.8825035,3,-2,-3,4,9465,17140,25021,19713,677616,677617,677619,677620,0,0,0,0
1790595464.038353,1,-3,-2,0,9461,17139,25018,19705,677676,677677,677679,677680,0,0,0,0
1790595464.0424302,-2,-3,-1,-1,9456,17142,25024,19703,677706,677707,677709,677710,0,0,0,0
1790595464.277489,-3,1,-2,6,9456,17143,25024,19702,677736,677737,677739,677740,0,0,0,0
1790595464.2840476,-1,3,-1,-1,9493,17123,25012,19738,677826,677827,677829,677830,0,0,0,0
1790595464.4377105,2,-7,3,-8,9482,17138,25030,19727,677856,677857,677859,677860,0,0,0,0
1790595464.4377105,-2,-2,2,-1,9457,17159,25054,19707,677946,677947,677949,677950,0,0,0,0
1790595464.6898088,2,-1,-3,-3,9461,17155,25050,19712,677976,677977,677979,677980,0,0,0,0
1790595464.6898088,-2,4,-6,-2,9454,17145,25041,19703,678066,678067,678069,678070,0,0,0,0
1790595464.7011082,-2,4,-2,1,9468,17155,25065,19729,678096,678097,678099,678100,0,0,0,0
1790595464.8824663,-5,-1,2,0,9467,17152,25066,19730,678126,678127,678129,678130,0,0,0,0
1790595464.8824663,0,-3,-2,-2,9468,17151,25065,19728,678186,678187,678189,678190,0,0,0,0
1790595465.0986793,0,3,1,-2,9475,17149,25062,19734,678246,678247,678249,678250,0,0,0,0
1790595465.1075494,4,3,-2,12,9478,17155,25082,19744,678336,678337,678339,678340,0,0,0,0
1790595465.1976519,0,2,-1,-1,9480,17155,25081,19746,678396,678397,678399,678400,0,0,0,0
1790595465.2974346,1,-1,4,2,9482,17154,25080,19747,678456,678457,678459,678460,0,0,0,0
1790595465.4425313,0,-3,-2,0,9482,17155,25080,19747,678486,678487,678489,678490,0,0,0,0
1790595465.4425313,-1,-3,-3,-1,9482,17154,25080,19748,678516,678517,678519,678520,0,0,0,0
1790595465.507409,-3,-3,-1,-3,9480,17153,25077,19741,678546,678547,678549,678550,0,0,0,0
1790595465.507409,-2,1,-1,3,9490,17138,25059,19757,678576,678577,678579,678580,0,0,0,0
1790595465.628187,0,-2,-4,3,9512,17140,25061,19771,678636,678637,678639,678640,0,0,0,0
1790595465.7124393,0,-2,2,-8,9488,17157,25083,19747,678696,678697,678699,678700,0,0,0,0
1790595465.9174278,-6,3,1,0,9494,17147,25074,19757,678816,678817,678819,678820,0,0,0,0
1790595465.9174278,-4,3,-2,-3,9485,17155,25085,19749,678846,678847,678849,678850,0,0,0,0
1790595466.1226199,0,-4,-2,2,9488,17150,25078,19755,678936,678937,678939,678940,0,0,0,0
1790595466.1226199,0,1,1,1,9490,17148,25076,19757,678966,678967,678969,678970,0,0,0,0
1790595466.3281722,0,-5,0,4,9489,17150,25077,19754,678996,678997,678999,679000,0,0,0,0
1790595466.3281722,-2,0,-6,-2,9483,17155,25085,19749,679086,679087,679089,679090,0,0,0,0
1790595466.4477947,-2,1,2,-2,9484,17154,25083,19750,679116,679117,679119,679120,0,0,0,0
1790595466.4625418,-2,1,4,-7,9486,17153,25082,19751,679146,679147,679149,679150,0,0,0,0
1790595466.5325892,-6,2,-2,2,9485,17153,25082,19752,679206,679207,679209,679210,0,0,0,0
1790595466.7429988,1,-5,-3,0,9488,17150,25079,19754,679236,679237,679239,679240,0,0,0,0
1790595466.7429988,1,2,2,0,9488,17150,25079,19754,679326,679327,679329,679330,0,0,0,0
1790595466.946923,3,-2,2,-4,9490,17149,25077,19756,679356,679357,679359,679360,0,0,0,0
1790595466.9494455,-1,-2,-1,-3,9493,17147,25074,19758,679386,679387,679389,679390,0,0,0,0
1790595466.9494455,-2,1,-1,0,9493,17147,25074,19758,679416,679417,679419,679420,0,0,0,0
1790595466.9525445,1,0,-1,-2,9493,17147,25074,19758,679446,679447,679449,679450,0,0,0,0
1790595467.1375227,4,0,2,2,9493,17146,25074,19758,679476,679477,679479,679480,0,0,0,0
1790595467.1483421,-3,4,1,0,9496,17142,25070,19761,679566,679567,679569,679570,0,0,0,0
1790595467.352439,-4,3,-5,-2,9499,17145,25076,19772,679596,679597,679599,679600,0,0,0,0
1790595467.352439,1,1,-3,1,9504,17155,25090,19779,679656,679657,679659,679660,0,0,0,0
1790595467.3572762,-1,5,0,4,9500,17157,25094,19775,679686,679687,679689,679690,0,0,0,0
1790595467.457512,1,4,3,4,9497,17160,25096,19769,679716,679717,679719,679720,0,0,0,0
1790595467.457512,0,-4,-1,-18,9493,17162,25099,19764,679746,679747,679749,679750,0,0,0,0
1790595467.5474045,-1,-2,-1,3,9491,17165,25102,19763,679776,679777,679779,679780,0,0,0,0
1790595467.967278,1,6,3,-4,9493,17166,25103,19761,679836,679837,679839,679840,0,0,0,0
1790595467.967278,0,3,-1,-3,9514,17163,25093,19777,679926,679927,679929,679930,0,0,0,0
1790595467.967278,0,0,-4,1,9514,17166,25096,19777,680016,680017,680019,680020,0,0,0,0
1790595468.1674478,2,3,6,-6,9461,17186,25139,19739,680166,680167,680169,680170,0,0,0,0
1790595468.2924807,-5,-1,-1,0,9460,17203,25147,19733,680196,680197,680199,680200,0,0,0,0
1790595468.2976823,8,1,-2,0,9468,17205,25148,19738,680226,680227,680229,680230,0,0,0,0
1790595468.3055785,1,-3,2,-2,9475,17199,25142,19747,680256,680257,680259,680260,0,0,0,0
1790595468.3774724,-2,-6,-4,0,9480,17195,25135,19751,680286,680287,680289,680290,0,0,0,0
1790595468.4637294,0,1,3,0,9483,17196,25134,19752,680316,680317,680319,680320,0,0,0,0
1790595468.5611956,-4,0,-1,0,9480,17197,25139,19751,680376,680377,680379,680380,0,0,0,0
1790595468.5658944,23,31,21,33,9608,17420,25335,20042,680436,680437,680439,680440,0,0,0,0
1790595468.622574,21,28,25,25,10333,18225,26186,20871,680466,680467,680469,680470,0,0,0,0
1790595468.6824095,25,24,26,27,11007,18831,26906,21558,680496,680497,680499,680500,0,0,0,0
1790595468.7426655,20,27,28,27,11658,19487,27711,22244,680526,680527,680529,680530,0,0,0,0
1790595468.7941155,26,24,27,27,12312,20121,28506,23033,680556,680557,680559,680560,0,0,0,0
1790595468.839211,26,21,22,29,13008,20864,29201,23707,680586,680587,680589,680590,0,0,0,0
1790595468.8948367,31,29,33,28,13943,21661,30002,24491,680616,680617,680619,680620,0,0,0,0
1790595468.9505768,27,35,27,34,14707,22468,30764,25262,680646,680647,680649,680650,0,0,0,0
1790595468.9640586,33,23,24,31,15455,23194,31519,25928,680676,680677,680679,680680,0,0,0,0
1790595469.062319,28,25,26,26,17242,24861,380,27525,680736,680737,680739,680740,0,0,0,0
1790595469.1240473,28,21,30,35,17991,25577,1127,28349,680766,680767,680769,680770,0,0,0,0
1790595469.1825974,27,34,35,26,18705,26417,2024,29182,680796,680797,680799,680800,0,0,0,0
1790595469.2424107,32,33,33,34,19535,27199,2938,30042,680826,680827,680829,680830,0,0,0,0
1790595469.3423731,29,24,32,36,20278,27947,3715,30866,680856,680857,680859,680860,0,0,0,0
1790595469.3423731,24,34,31,25,20975,28730,4574,31594,680886,680887,680889,680890,0,0,0,0
1790595469.4017894,37,30,35,26,21879,29509,5397,32477,680916,680917,680919,680920,0,0,0,0
1790595469.4579976,30,26,25,29,22767,30367,6200,484,680946,680947,680949,680950,0,0,0,0
1790595469.46452,26,28,26,26,23550,31198,6984,1316,680976,680977,680979,680980,0,0,0,0
1790595469.5225446,31,36,26,26,24425,32050,7754,2104,681006,681007,681009,681010,0,0,0,0
1790595469.584674,29,28,34,26,25331,154,8574,2839,681036,681037,681039,681040,0,0,0,0
1790595469.6824236,30,29,32,27,26023,998,9385,3585,681066,681067,681069,681070,0,0,0,0
1790595469.6824236,23,31,27,24,26838,1850,10264,4397,681096,681097,681099,681100,0,0,0,0
1790595469.8205304,25,26,30,24,29169,4205,12790,6969,681186,681187,681189,681190,0,0,0,0
1790595469.857635,37,33,33,33,30008,4965,13713,7775,681216,681217,681219,681220,0,0,0,0
1790595469.9826488,34,26,26,31,30863,5821,14474,8563,681246,681247,681249,681250,0,0,0,0
1790595470.0080984,23,24,27,21,31687,6712,15198,9287,681276,681277,681279,681280,0,0,0,0
1790595470.0379064,28,32,19,22,32495,7488,16019,10052,681306,681307,681309,681310,0,0,0,0
1790595470.0977733,32,34,32,32,562,8288,16772,10784,681336,681337,681339,681340,0,0,0,0
1790595470.1476395,25,26,33,28,1333,9098,17487,11618,681366,681367,681369,681370,0,0,0,0
1790595470.2285442,24,29,34,22,2079,9855,18381,12335,681396,681397,681399,681400,0,0,0,0
1790595470.2880175,24,21,17,21,2736,10494,19094,12994,681426,681427,681429,681430,0,0,0,0
1790595470.33809,17,16,12,20,3279,11005,19585,13661,681456,681457,681459,681460,0,0,0,0
1790595470.33809,28,17,20,21,3900,11568,20113,14251,681486,681487,681489,681490,0,0,0,0
1790595470.398268,11,14,23,24,4513,12128,20834,14868,681516,681517,681519,681520,0,0,0,0
1790595470.4780796,16,18,23,17,4959,12672,21380,15355,681546,681547,681549,681550,0,0,0,0
1790595470.518052,16,21,9,17,5538,13225,21896,15878,681576,681577,681579,681580,0,0,0,0
1790595470.5879498,16,15,8,5,5939,13688,22195,16171,681606,681607,681609,681610,0,0,0,0
1790595470.6281943,18,11,12,13,6442,14093,22549,16489,681636,681637,681639,681640,0,0,0,0
1790595470.6376019,7,13,10,12,6756,14385,22806,16738,681666,681667,681669,681670,0,0,0,0
1790595470.7676685,8,9,11,12,7031,14657,23120,17096,681696,681697,681699,681700,0,0,0,0
1790595470.7778401,8,5,12,3,7328,14894,23423,17425,681726,681727,681729,681730,0,0,0,0
1790595470.838042,5,8,8,7,7524,15060,23681,17682,681756,681757,681759,681760,0,0,0,0
1790595470.838042,6,8,15,9,7743,15310,24025,17996,681786,681787,681789,681790,0,0,0,0
1790595470.8979912,3,12,15,7,7951,15602,24314,18251,681816,681817,681819,681820,0,0,0,0
1790595470.9575152,8,13,6,0,8120,15896,24569,18444,681846,681847,681849,681850,0,0,0,0
1790595471.020989,4,5,7,4,8310,16151,24775,18578,681876,681877,681879,681880,0,0,0,0
1790595471.0777621,7,4,2,3,8576,16362,24948,18716,681906,681907,681909,681910,0,0,0,0
1790595471.1280499,12,6,5,4,8891,16586,25105,18874,681936,681937,681939,681940,0,0,0,0
1790595471.1379077,9,6,11,7,9144,16810,25241,19037,681966,681967,681969,681970,0,0,0,0
1790595471.242864,-1,4,3,1,9378,17098,25562,19320,682026,682027,682029,682030,0,0,0,0
1790595471.447754,-1,1,4,-4,9217,17294,25793,19138,682116,682117,682119,682120,0,0,0,0
1790595471.4883366,-8,0,3,-4,9149,17357,25860,19060,682146,682147,682149,682150,0,0,0,0
1790595471.5375726,0,-1,4,0,9094,17409,25914,19000,682176,682177,682179,682180,0,0,0,0
1790595471.6522315,0,-4,3,-5,9030,17464,25971,18939,682236,682237,682239,682240,0,0,0,0
1790595471.6655416,6,6,4,7,9017,17467,25966,18921,682266,682267,682269,682270,0,0,0,0
1790595471.8575332,-2,-1,4,1,9017,17472,25977,18923,682296,682297,682299,682300,0,0,0,0
1790595471.8575332,-6,10,2,1,9015,17476,25980,18920,682356,682357,682359,682360,0,0,0,0
1790595471.8660822,-3,0,4,0,9018,17471,25977,18924,682416,682417,682419,682420,0,0,0,0
1790595472.0641847,-6,3,3,2,9022,17472,25980,18928,682506,682507,682509,682510,0,0,0,0
1790595472.2675934,0,-4,-3,-10,9070,17405,25948,18964,682566,682567,682569,682570,0,0,0,0
1790595472.2693577,-4,1,-4,-2,9062,17426,25974,18950,682626,682627,682629,682630,0,0,0,0
1790595472.284804,-6,-1,2,-4,9041,17438,25994,18933,682656,682657,682659,682660,0,0,0,0
1790595472.3773792,-5,-4,-6,-4,9029,17448,26004,18924,682686,682687,682689,682690,0,0,0,0
1790595472.3805423,-5,-8,0,-9,9024,17452,26008,18919,682716,682717,682719,682720,0,0,0,0
1790595472.4709427,0,2,0,7,9023,17453,26008,18919,682746,682747,682749,682750,0,0,0,0
1790595472.5482237,-5,-5,-6,0,9027,17452,26007,18919,682806,682807,682809,682810,0,0,0,0
1790595472.6304603,1,-5,-7,3,9081,17411,25982,18978,682836,682837,682839,682840,0,0,0,0
1790595472.6376374,37,-29,-20,30,9528,17024,25657,19411,682866,682867,682869,682870,0,0,0,0
1790595472.6858816,83,-86,-64,51,11253,15303,24621,20684,682896,682897,682899,682900,0,0,0,0
1790595472.882784,87,-80,-78,64,16942,9625,18636,26580,682986,682987,682989,682990,0,0,0,0
1790595472.882784,75,-69,-67,81,18916,7688,16658,28654,683016,683017,683019,683020,0,0,0,0
1790595472.9529934,57,-61,-66,60,20748,5804,14713,30480,683046,683047,683049,683050,0,0,0,0
1790595473.0224493,61,-54,-68,70,22375,4282,13055,32108,683076,683077,683079,683080,0,0,0,0
1790595473.0782936,53,-49,-47,64,23730,2911,11707,688,683106,683107,683109,683110,0,0,0,0
1790595473.2881408,54,-45,-43,46,25061,1514,10433,1944,683136,683137,683139,683140,0,0,0,0
1790595473.2881408,53,-57,-65,73,29277,30051,6139,6187,683226,683227,683229,683230,0,0,0,0
1790595473.3028345,71,-67,-63,58,30999,28324,4427,7957,683256,683257,683259,683260,0,0,0,0
1790595473.3629713,58,-66,-73,74,12,26474,2603,9739,683286,683287,683289,683290,0,0,0,0
1790595473.487521,56,-55,-63,76,3389,23098,31910,13196,683346,683347,683349,683350,0,0,0,0
1790595473.4983797,56,-59,-52,59,4928,21573,30382,14757,683376,683377,683379,683380,0,0,0,0
1790595473.5575774,57,-53,-49,48,6401,20138,28958,16223,683406,683407,683409,683410,0,0,0,0
1790595473.697624,45,-46,-63,58,7841,18722,27496,17604,683436,683437,683439,683440,0,0,0,0
1790595473.7029924,54,-53,-58,63,9306,17157,26038,19080,683466,683467,683469,683470,0,0,0,0
1790595473.7029924,57,-64,-56,58,10730,15704,24506,20660,683496,683497,683499,683500,0,0,0,0
1790595473.763094,59,-58,-65,58,12385,14057,22929,22194,683526,683527,683529,683530,0,0,0,0
1790595473.9066455,65,-59,-58,57,15691,10785,19560,25684,683586,683587,683589,683590,0,0,0,0
1790595473.9678042,58,-61,-66,73,17326,9155,17867,27315,683616,683617,683619,683620,0,0,0,0
1790595473.9678042,52,-56,-59,48,18868,7601,16364,28953,683646,683647,683649,683650,0,0,0,0
1790595474.0478508,59,-67,-51,60,20424,5981,14773,30447,683676,683677,683679,683680,0,0,0,0
1790595474.06275,54,-56,-65,66,21957,4558,13257,32043,683706,683707,683709,683710,0,0,0,0
1790595474.118944,45,-46,-58,52,23414,3052,11690,829,683736,683737,683739,683740,0,0,0,0
1790595474.3176076,44,-46,-54,53,27963,31352,7280,5265,683826,683827,683829,683830,0,0,0,0
1790595474.3176076,50,-53,-51,52,29331,30012,5894,6676,683856,683857,683859,683860,0,0,0,0
1790595474.377526,45,-52,-45,43,30677,28679,4512,8003,683886,683887,683889,683890,0,0,0,0
1790595474.5078795,40,-48,-45,52,610,25959,1876,10688,683946,683947,683949,683950,0,0,0,0
1790595474.5275753,45,-47,-46,41,1804,24781,737,11890,683976,683977,683979,683980,0,0,0,0
1790595474.577824,44,-47,-34,41,2883,23666,32359,12929,684006,684007,684009,684010,0,0,0,0
1790595474.6030998,45,-37,-34,28,3928,22660,31357,13996,684036,684037,684039,684040,0,0,0,0
1790595474.722233,27,-27,-27,23,4840,21779,30417,14902,684066,684067,684069,684070,0,0,0,0
1790595474.9280598,7,-11,-9,2,5910,20747,29303,16002,684126,684127,684129,684130,0,0,0,0
1790595474.9306192,4,-4,-3,-2,6074,20595,29188,16114,684156,684157,684159,684160,0,0,0,0
1790595474.9306192,-1,-2,-3,2,6066,20602,29213,16084,684216,684217,684219,684220,0,0,0,0
1790595474.9427853,-2,4,2,-5,6030,20635,29244,16050,684246,684247,684249,684250,0,0,0,0
1790595475.1313784,1,1,-2,-1,5982,20678,29285,16009,684306,684307,684309,684310,0,0,0,0
1790595475.137706,-1,-3,-1,-1,5979,20679,29285,16008,684366,684367,684369,684370,0,0,0,0
1790595475.2315412,5,1,-2,-2,5989,20673,29279,16015,684426,684427,684429,684430,0,0,0,0
1790595475.338922,3,1,2,-1,5985,20676,29283,16011,684486,684487,684489,684490,0,0,0,0
1790595475.5278676,1,0,-3,-1,5980,20679,29287,16006,684516,684517,684519,684520,0,0,0,0
1790595475.5278676,0,-2,-6,-2,5982,20677,29285,16009,684576,684577,684579,684580,0,0,0,0
1790595475.6520224,0,0,-4,-2,5985,20674,29282,16012,684606,684607,684609,684610,0,0,0,0
1790595475.7475498,-3,3,0,0,5984,20676,29283,16010,684696,684697,684699,684700,0,0,0,0
1790595475.7594106,-2,0,-2,-4,5996,20674,29274,16014,684726,684727,684729,684730,0,0,0,0
1790595475.8778694,-4,-3,-3,2,5995,20668,29288,16010,684756,684757,684759,684760,0,0,0,0
1790595475.8778694,-2,-1,3,2,5980,20665,29297,16003,684816,684817,684819,684820,0,0,0,0
1790595475.9581313,-2,4,-3,0,5978,20663,29297,16003,684846,684847,684849,684850,0,0,0,0
1790595476.123045,-3,5,-3,0,5983,20662,29292,16005,684876,684877,684879,684880,0,0,0,0
1790595476.123045,2,1,-6,-1,5985,20659,29290,16007,684906,684907,684909,684910,0,0,0,0
1790595476.1376014,2,-1,-3,1,5983,20659,29291,16006,684966,684967,684969,684970,0,0,0,0
1790595476.36616,-2,0,-1,-4,5985,20663,29298,16010,684996,684997,684999,685000,0,0,0,0
1790595476.3676748,0,3,6,-5,6008,20644,29278,16026,685086,685087,685089,685090,0,0,0,0
1790595476.38643,1,2,-1,-7,5987,20661,29294,16007,685116,685117,685119,685120,0,0,0,0
1790595476.5327795,-1,-1,3,0,5969,20678,29309,15992,685146,685147,685149,685150,0,0,0,0
1790595476.5327795,-3,-1,2,0,5961,20689,29319,15982,685176,685177,685179,685180,0,0,0,0
1790595476.5327795,-6,6,0,4,5959,20692,29322,15981,685206,685207,685209,685210,0,0,0,0
1790595476.7727656,-1,4,-2,-1,5960,20689,29320,15983,685236,685237,685239,685240,0,0,0,0
1790595476.7747777,2,4,-2,-3,5957,20677,29309,15980,685326,685327,685329,685330,0,0,0,0
1790595476.7846613,5,-4,-1,-2,5975,20685,29316,16000,685356,685357,685359,685360,0,0,0,0
1790595476.9426332,1,-2,-3,-4,5979,20688,29321,16005,685386,685387,685389,685390,0,0,0,0
1790595476.9476178,-2,2,0,-2,5977,20684,29319,16005,685416,685417,685419,685420,0,0,0,0
1790595476.9748335,2,5,2,-1,5975,20683,29317,16004,685446,685447,685449,685450,0,0,0,0
1790595477.1825962,4,4,-2,2,5972,20678,29316,16004,685476,685477,685479,685480,0,0,0,0
1790595477.1825962,1,-1,-3,-9,5967,20688,29330,16000,685566,685567,685569,685570,0,0,0,0
1790595477.378555,-1,-3,-2,-2,5967,20688,29330,16002,685596,685597,685599,685600,0,0,0,0
1790595477.3886316,2,0,-2,-2,5974,20682,29324,16009,685656,685657,685659,685660,0,0,0,0
1790595477.3974304,0,-3,-2,1,5974,20679,29323,16010,685686,685687,685689,685690,0,0,0,0
1790595477.537651,3,-4,-3,-7,5969,20668,29314,16009,685806,685807,685809,685810,0,0,0,0
1790595477.588329,2,0,-5,-3,6012,20663,29304,16043,685836,685837,685839,685840,0,0,0,0
1790595477.7080145,-4,3,6,-4,5987,20672,29319,16024,685926,685927,685929,685930,0,0,0,0
1790595477.8014703,-5,-5,3,-3,5977,20668,29311,16010,685956,685957,685959,685960,0,0,0,0
1790595478.002662,0,0,0,0,5973,20678,29325,16007,686076,686077,686079,686080,0,0,0,0
1790595478.198474,6,3,0,-3,5965,20686,29332,16002,686106,686107,686109,686110,0,0,0,0
1790595478.2076342,3,3,1,-2,5967,20682,29327,16004,686196,686197,686199,686200,0,0,0,0
1790595478.2076342,-3,-2,0,-1,5967,20683,29328,16004,686226,686227,686229,686230,0,0,0,0
1790595478.4131303,-1,-1,0,-2,5961,20691,29337,15996,686286,686287,686289,686290,0,0,0,0
1790595478.4131303,0,4,-1,0,5962,20691,29336,15999,686316,686317,686319,686320,0,0,0,0
1790595478.4131303,0,-5,-1,0,5965,20685,29331,16003,686346,686347,686349,686350,0,0,0,0
1790595478.5477726,10,1,1,0,5968,20684,29328,16004,686376,686377,686379,686380,0,0,0,0
1790595478.5506012,1,-2,0,3,5968,20684,29329,16004,686406,686407,686409,686410,0,0,0,0
1790595478.608348,-1,5,1,-4,5966,20688,29332,16002,686436,686437,686439,686440,0,0,0,0
1790595478.8175592,-4,1,2,0,5964,20691,29334,15998,686496,686497,686499,686500,0,0,0,0
1790595478.823111,-1,-5,0,-1,5966,20690,29334,16000,686526,686527,686529,686530,0,0,0,0
1790595478.8256478,-3,1,-1,-3,5969,20689,29333,16001,686556,686557,686559,686560,0,0,0,0
1790595478.8280325,0,0,2,-5,5968,20689,29331,16002,686586,686587,686589,686590,0,0,0,0
1790595479.0277686,1,7,-3,1,5973,20689,29331,16005,686616,686617,686619,686620,0,0,0,0
1790595479.0277686,-1,-1,0,1,5974,20687,29329,16007,686646,686647,686649,686650,0,0,0,0
1790595479.0320022,-4,-5,-1,1,5977,20688,29329,16008,686676,686677,686679,686680,0,0,0,0
1790595479.0398593,5,7,1,2,5978,20689,29329,16010,686706,686707,686709,686710,0,0,0,0
1790595479.2306886,-1,-4,0,-2,5978,20688,29330,16011,686736,686737,686739,686740,0,0,0,0
1790595479.2306886,-2,0,2,0,5977,20690,29331,16010,686796,686797,686799,686800,0,0,0,0
1790595479.2477894,-4,1,-1,-4,5978,20688,29330,16012,686826,686827,686829,686830,0,0,0,0
1790595479.42789,0,6,0,-5,5987,20703,29343,16016,686916,686917,686919,686920,0,0,0,0
1790595479.5575323,1,-1,1,-2,5979,20709,29351,16012,687006,687007,687009,687010,0,0,0,0
1790595479.627488,6,-5,-1,-3,5979,20707,29350,16013,687036,687037,687039,687040,0,0,0,0
1790595479.8428037,-2,-1,0,-2,5998,20712,29348,16023,687126,687127,687129,687130,0,0,0,0
1790595480.0477397,-3,0,-1,-2,5995,20699,29340,16022,687186,687187,687189,687190,0,0,0,0
1790595480.0477397,-1,-1,-5,3,5996,20706,29345,16022,687276,687277,687279,687280,0,0,0,0
1790595480.0610719,2,-3,-4,-4,5992,20704,29345,16022,687336,687337,687339,687340,0,0,0,0
1790595480.2576766,1,-5,1,-3,5957,20751,29389,15983,687426,687427,687429,687430,0,0,0,0
1790595480.2679217,4,-2,0,-1,5959,20744,29387,15990,687456,687457,687459,687460,0,0,0,0
1790595480.3774002,-1,2,1,4,5960,20738,29380,15994,687486,687487,687489,687490,0,0,0,0
1790595480.3774002,1,3,-1,2,5965,20729,29370,16000,687516,687517,687519,687520,0,0,0,0
1790595480.4576337,-2,4,-4,1,5966,20725,29369,16000,687576,687577,687579,687580,0,0,0,0
1790595480.5726414,-1,-3,-5,-1,5962,20728,29371,15996,687606,687607,687609,687610,0,0,0,0
1790595480.5726414,-3,-1,1,1,5960,20729,29374,15994,687636,687637,687639,687640,0,0,0,0
1790595480.663357,1,-2,4,1,5961,20729,29374,15994,687666,687667,687669,687670,0,0,0,0
1790595480.8681417,-3,2,1,1,5961,20731,29373,15992,687786,687787,687789,687790,0,0,0,0
1790595480.8876088,-1,-6,4,1,5963,20731,29374,15993,687816,687817,687819,687820,0,0,0,0
1790595480.987502,0,1,-3,-3,5966,20731,29373,15995,687876,687877,687879,687880,0,0,0,0
1790595481.0681038,-5,-5,2,-3,5967,20737,29376,15995,687936,687937,687939,687940,0,0,0,0
1790595481.2478733,-2,4,-3,-5,5971,20734,29373,16000,687996,687997,687999,688000,0,0,0,0
1790595481.2586293,1,2,-1,1,5971,20734,29374,15999,688026,688027,688029,688030,0,0,0,0
1790595481.3626833,-2,-13,-2,0,5968,20735,29375,15999,688056,688057,688059,688060,0,0,0,0
1790595481.3626833,6,2,-1,-2,5969,20735,29376,16001,688086,688087,688089,688090,0,0,0,0
1790595481.4829624,0,7,0,1,5967,20732,29376,16000,688146,688147,688149,688150,0,0,0,0
1790595481.57403,1,-1,1,0,5963,20736,29378,15996,688206,688207,688209,688210,0,0,0,0
1790595481.6430495,2,-5,2,0,5962,20736,29379,15994,688236,688237,688239,688240,0,0,0,0
1790595481.6475103,5,2,-6,0,5962,20736,29377,15996,688266,688267,688269,688270,0,0,0,0
1790595481.7528396,6,-7,-7,8,6052,20649,29300,16093,688296,688297,688299,688300,0,0,0,0
1790595481.7618504,49,-44,-24,50,6839,19931,28909,16634,688326,688327,688329,688330,0,0,0,0
1790595481.893814,50,-56,-65,65,10297,16303,25550,19902,688386,688387,688389,688390,0,0,0,0
1790595481.9076507,76,-82,-78,67,12167,14346,23607,21933,688416,688417,688419,688420,0,0,0,0
1790595481.967436,65,-73,-91,73,14209,12353,21448,24130,688446,688447,688449,688450,0,0,0,0
1790595482.097489,62,-77,-59,58,18104,8523,17459,27968,688506,688507,688509,688510,0,0,0,0
1790595482.1025362,50,-48,-54,51,19646,6991,16033,29438,688536,688537,688539,688540,0,0,0,0
1790595482.1674016,34,-42,-43,52,20909,5636,14689,30794,688566,688567,688569,688570,0,0,0,0
1790595482.3026223,40,-42,-49,53,23347,3206,12219,479,688626,688627,688629,688630,0,0,0,0
1790595482.30737,57,-58,-58,55,24762,1797,10662,1988,688656,688657,688659,688660,0,0,0,0
1790595482.3677444,72,-65,-58,54,26321,74,9087,3516,688686,688687,688689,688690,0,0,0,0
1790595482.5075214,53,-70,-54,81,29751,29114,5608,7421,688746,688747,688749,688750,0,0,0,0
1790595482.5177548,37,-77,-51,94,30941,26950,4159,9757,688776,688777,688779,688780,0,0,0,0
1790595482.5879939,14,-83,-28,91,31503,24681,3286,12109,688806,688807,688809,688810,0,0,0,0
1790595482.6076992,22,-90,-19,103,31936,22099,2555,14559,688836,688837,688839,688840,0,0,0,0
1790595482.7125926,10,-95,-20,91,32375,19592,2094,17065,688866,688867,688869,688870,0,0,0,0
1790595482.7277553,7,-88,-14,78,32704,17048,1699,19582,688896,688897,688899,688900,0,0,0,0
1790595482.7579105,39,-76,-22,67,655,14786,1027,21879,688926,688927,688929,688930,0,0,0,0
1790595482.867611,57,-56,-66,60,2025,12726,32306,23894,688956,688957,688959,688960,0,0,0,0
1790595482.8876503,59,-57,-70,48,3550,11278,30674,25401,688986,688987,688989,688990,0,0,0,0
1790595482.9078424,59,-60,-62,44,7050,8556,27012,27915,689046,689047,689049,689050,0,0,0,0
1790595483.017903,70,-52,-60,50,8877,7299,25369,29213,689076,689077,689079,689080,0,0,0,0
1790595483.027714,51,-56,-62,59,10460,5731,23719,30665,689106,689107,689109,689110,0,0,0,0
1790595483.1180503,56,-59,-59,61,12066,4257,22124,32372,689136,689137,689139,689140,0,0,0,0
1790595483.1180503,56,-59,-62,56,13682,2647,20559,1110,689166,689167,689169,689170,0,0,0,0
1790595483.3223999,49,-54,-58,60,15181,999,19006,2743,689196,689197,689199,689200,0,0,0,0
1790595483.3276026,55,-54,-64,57,18361,30575,15911,5812,689256,689257,689259,689260,0,0,0,0
1790595483.3887978,54,-54,-54,59,19905,29028,14322,7434,689286,689287,689289,689290,0,0,0,0
1790595483.527931,69,-63,-54,63,21402,27439,12640,9031,689316,689317,689319,689320,0,0,0,0
1790595483.542575,55,-58,-52,64,24546,24254,9579,12124,689376,689377,689379,689380,0,0,0,0
1790595483.552897,58,-65,-50,55,26082,22684,8047,13708,689406,689407,689409,689410,0,0,0,0
1790595483.6077242,51,-56,-65,51,27733,21126,6474,15214,689436,689437,689439,689440,0,0,0,0
1790595483.647795,49,-57,-56,62,29296,19538,4847,16805,689466,689467,689469,689470,0,0,0,0
1790595483.7377973,42,-27,-19,15,32065,16875,2325,19331,689526,689527,689529,689530,0,0,0,0
1790595483.9388201,3,-5,-7,2,200,15796,1284,20214,689616,689617,689619,689620,0,0,0,0
1790595483.9388201,-4,2,3,-3,235,15754,1257,20240,689646,689647,689649,689650,0,0,0,0
1790595484.1376398,-2,5,4,-6,168,15840,1333,20143,689706,689707,689709,689710,0,0,0,0
1790595484.1376398,-3,6,0,-6,99,15919,1409,20060,689736,689737,689739,689740,0,0,0,0
1790595484.3484237,-5,-1,2,-1,24,16005,1497,19969,689766,689767,689769,689770,0,0,0,0
1790595484.3484237,1,3,5,-2,32720,16090,1584,19885,689796,689797,689799,689800,0,0,0,0
1790595484.3484237,-2,-3,6,-3,32609,16207,1720,19766,689856,689857,689859,689860,0,0,0,0
1790595484.367444,-6,4,0,1,32566,16250,1773,19721,689886,689887,689889,689890,0,0,0,0
1790595484.5526795,-2,1,1,-6,32527,16287,1815,19682,689916,689917,689919,689920,0,0,0,0
1790595484.5660021,0,0,-3,0,32404,16394,1940,19571,690036,690037,690039,690040,0,0,0,0
1790595484.708305,-5,6,-3,-2,32378,16415,1963,19548,690096,690097,690099,690100,0,0,0,0
1790595484.7275379,0,-2,3,-4,32375,16420,1966,19546,690126,690127,690129,690130,0,0,0,0
1790595484.7676992,-1,-1,1,-1,32374,16418,1966,19547,690156,690157,690159,690160,0,0,0,0
1790595484.8626776,1,-1,-3,-2,32379,16415,1963,19550,690216,690217,690219,690220,0,0,0,0
1790595484.9582329,-2,-6,3,-1,32379,16414,1961,19550,690246,690247,690249,690250,0,0,0,0
1790595484.9627476,2,3,-3,2,32391,16414,1965,19569,690276,690277,690279,690280,0,0,0,0
1790595485.1778564,-12,-2,0,4,32408,16391,1939,19576,690336,690337,690339,690340,0,0,0,0
1790595485.184609,-2,-2,1,3,32371,16420,1974,19547,690396,690397,690399,690400,0,0,0,0
1790595485.371876,-1,-2,-4,-3,32356,16431,1985,19534,690426,690427,690429,690430,0,0,0,0
1790595485.371876,-2,-6,5,2,32350,16437,1990,19529,690486,690487,690489,690490,0,0,0,0
1790595485.3859103,4,-1,1,-5,32353,16431,1985,19534,690516,690517,690519,690520,0,0,0,0
1790595485.5800695,3,4,-1,-4,32360,16427,1982,19538,690546,690547,690549,690550,0,0,0,0
1790595485.5800695,3,-2,-6,1,32357,16425,1976,19538,690606,690607,690609,690610,0,0,0,0
1790595485.587681,-5,3,-1,-7,32358,16422,1976,19534,690636,690637,690639,690640,0,0,0,0
1790595485.7480671,-2,2,4,0,32350,16429,1984,19526,690696,690697,690699,690700,0,0,0,0
1790595485.7610044,-3,-1,-7,2,32351,16430,1985,19527,690726,690727,690729,690730,0,0,0,0
1790595485.988399,-1,0,-2,-1,32358,16434,1999,19541,690846,690847,690849,690850,0,0,0,0
1790595486.007632,-4,1,1,2,32356,16436,2000,19540,690876,690877,690879,690880,0,0,0,0
1790595486.1885536,-8,-2,-1,-3,32373,16419,1984,19559,690996,690997,690999,691000,0,0,0,0
1790595486.2000978,0,-3,1,0,32372,16421,1985,19556,691026,691027,691029,691030,0,0,0,0
1790595486.3986166,-2,4,4,2,32396,16407,1973,19582,691116,691117,691119,691120,0,0,0,0
1790595486.3986166,-6,2,3,-4,32389,16409,1973,19574,691146,691147,691149,691150,0,0,0,0
1790595486.5783145,-2,2,0,-4,32373,16419,1984,19559,691176,691177,691179,691180,0,0,0,0
1790595486.587812,-6,4,9,-5,32343,16441,2008,19532,691236,691237,691239,691240,0,0,0,0
1790595486.6235135,4,-2,-1,4,32343,16440,2005,19530,691266,691267,691269,691270,0,0,0,0
1790595486.808449,2,-1,-8,1,32354,16427,1983,19539,691296,691297,691299,691300,0,0,0,0
1790595486.8130896,7,0,1,-1,32385,16412,1972,19563,691356,691357,691359,691360,0,0,0,0
1790595486.8175087,-1,-2,-3,-3,32368,16425,1990,19548,691386,691387,691389,691390,0,0,0,0
1790595487.0082417,-4,1,-2,-2,32348,16439,2002,19532,691416,691417,691419,691420,0,0,0,0
1790595487.0082417,5,-3,0,-4,32339,16445,2008,19524,691446,691447,691449,691450,0,0,0,0
1790595487.0174887,1,-2,3,2,32341,16442,2005,19527,691476,691477,691479,691480,0,0,0,0
1790595487.0278685,-4,2,-3,5,32350,16434,1997,19537,691506,691507,691509,691510,0,0,0,0
1790595487.2177114,-2,-2,-2,-3,32358,16428,1990,19543,691596,691597,691599,691600,0,0,0,0
1790595487.2277043,3,-2,1,2,32352,16433,1996,19537,691626,691627,691629,691630,0,0,0,0
1790595487.418251,-1,-2,-2,2,32350,16433,1997,19537,691746,691747,691749,691750,0,0,0,0
1790595487.6322935,2,2,0,-2,32352,16432,1994,19539,691776,691777,691779,691780,0,0,0,0
1790595487.637775,0,-4,-3,1,32358,16427,1991,19542,691866,691867,691869,691870,0,0,0,0
1790595487.8278406,5,0,3,-2,32364,16424,1986,19548,691956,691957,691959,691960,0,0,0,0
1790595487.847595,9,1,-5,3,32366,16423,1985,19548,691986,691987,691989,691990,0,0,0,0
1790595488.0375195,2,1,-5,6,32365,16423,1986,19548,692016,692017,692019,692020,0,0,0,0
1790595488.0375195,1,0,1,-2,32367,16422,1983,19549,692076,692077,692079,692080,0,0,0,0
1790595488.238069,-2,1,1,-3,32366,16421,1985,19549,692136,692137,692139,692140,0,0,0,0
1790595488.238069,2,-1,-2,-3,32372,16425,1992,19557,692196,692197,692199,692200,0,0,0,0
1790595488.417825,-2,0,0,-1,32359,16419,1989,19555,692226,692227,692229,692230,0,0,0,0
1790595488.6374485,0,-5,1,-2,32351,16436,2001,19538,692346,692347,692349,692350,0,0,0,0
1790595488.6374485,-5,4,-1,-2,32366,16426,1992,19554,692436,692437,692439,692440,0,0,0,0
1790595488.8501275,-3,-6,4,1,32370,16422,1988,19558,692466,692467,692469,692470,0,0,0,0
1790595488.8577352,2,-2,-2,-2,32368,16425,1991,19555,692586,692587,692589,692590,0,0,0,0
1790595488.8577352,0,3,-3,2,32366,16428,1994,19552,692616,692617,692619,692620,0,0,0,0
1790595489.0609057,3,-8,-2,1,32322,16476,2052,19517,692706,692707,692709,692710,0,0,0,0
1790595489.0675519,1,0,-2,-9,32325,16475,2050,19521,692736,692737,692739,692740,0,0,0,0
1790595489.1974576,0,3,-1,1,32340,16461,2036,19535,692796,692797,692799,692800,0,0,0,0
1790595489.2605462,1,2,-1,2,32344,16457,2031,19537,692826,692827,692829,692830,0,0,0,0
1790595489.4075985,2,0,2,-1,32339,16460,2033,19532,692916,692917,692919,692920,0,0,0,0
1790595489.4678612,-2,-1,2,-2,32341,16459,2033,19533,692946,692947,692949,692950,0,0,0,0
1790595489.6458125,2,-2,0,-1,32341,16456,2030,19533,693036,693037,693039,693040,0,0,0,0
1790595489.6479015,2,-3,-2,-3,32340,16457,2031,19530,693066,693067,693069,693070,0,0,0,0
1790595489.8194814,-8,-2,-3,-2,32338,16458,2032,19528,693096,693097,693099,693100,0,0,0,0
1790595489.8300033,2,-1,-3,-1,32339,16455,2028,19530,693186,693187,693189,693190,0,0,0,0
1790595489.8876393,10,-5,1,-3,32338,16450,2023,19528,693216,693217,693219,693220,0,0,0,0
1790595490.077722,-2,4,3,-3,32335,16457,2036,19532,693306,693307,693309,693310,0,0,0,0
1790595490.08898,5,-1,-6,-3,32337,16458,2035,19532,693336,693337,693339,693340,0,0,0,0
1790595490.189139,6,-3,3,1,32338,16458,2034,19535,693396,693397,693399,693400,0,0,0,0
1790595490.2874157,-1,6,-1,0,32340,16460,2034,19535,693426,693427,693429,693430,0,0,0,0
1790595490.2874157,1,3,-6,-1,32337,16463,2037,19533,693456,693457,693459,693460,0,0,0,0
1790595490.4894357,-2,-4,-3,-4,32334,16466,2042,19532,693486,693487,693489,693490,0,0,0,0
1790595490.495608,6,2,0,-5,32337,16466,2041,19533,693546,693547,693549,693550,0,0,0,0
1790595490.5094981,-4,-1,-1,0,32342,16462,2037,19538,693576,693577,693579,693580,0,0,0,0
1790595490.5679402,-1,2,-1,-3,32346,16460,2036,19541,693606,693607,693609,693610,0,0,0,0
1790595490.6500835,7,-6,-2,5,32369,16446,2019,19561,693636,693637,693639,693640,0,0,0,0
1790595490.6500835,22,-22,-21,27,32633,16139,1802,19914,693666,693667,693669,693670,0,0,0,0
1790595490.7117221,67,-70,-47,43,1274,14669,812,20833,693696,693697,693699,693700,0,0,0,0
1790595490.900241,69,-54,-66,88,3141,12755,31690,22625,693726,693727,693729,693730,0,0,0,0
1790595490.9061735,73,-66,-76,71,6924,9017,27772,26557,693786,693787,693789,693790,0,0,0,0
1790595490.9077508,69,-70,-70,87,9026,7006,25693,28664,693816,693817,693819,693820,0,0,0,0
1790595491.1078043,74,-72,-65,59,10833,5064,23745,30572,693846,693847,693849,693850,0,0,0,0
1790595491.1078043,36,-49,-55,41,14031,2044,20609,915,693906,693907,693909,693910,0,0,0,0
1790595491.1710086,43,-39,-40,39,15251,729,19373,2230,693936,693937,693939,693940,0,0,0,0
1790595491.1874886,49,-41,-49,32,16461,32262,18134,3446,693966,693967,693969,693970,0,0,0,0
1790595491.3084881,49,-51,-50,51,17865,30922,16789,4775,693996,693997,693999,694000,0,0,0,0
1790595491.3084881,63,-59,-58,70,19342,29371,15146,6351,694026,694027,694029,694030,0,0,0,0
1790595491.3281038,56,-64,-77,61,20953,27722,13470,8102,694056,694057,694059,694060,0,0,0,0
1790595491.3879576,69,-64,-59,75,22801,25793,11647,9912,694086,694087,694089,694090,0,0,0,0
1790595491.5193038,65,-66,-57,74,26189,22374,8082,13296,694146,694147,694149,694150,0,0,0,0
1790595491.5276997,47,-52,-57,50,27837,20879,6569,14872,694176,694177,694179,694180,0,0,0,0
1790595491.5880759,48,-66,-53,53,30680,17826,3620,17683,694236,694237,694239,694240,0,0,0,0
1790595491.6578248,53,-52,-45,71,32070,16330,2143,19245,694266,694267,694269,694270,0,0,0,0
1790595491.6578248,43,-79,-36,93,419,14427,945,21330,694296,694297,694299,694300,0,0,0,0
1790595491.7227917,25,-81,-25,98,1333,12354,32733,24080,694326,694327,694329,694330,0,0,0,0
1790595491.9276245,17,-96,-18,83,2080,9907,32047,26552,694356,694357,694359,694360,0,0,0,0
1790595491.9276245,27,-86,-30,112,3501,2136,30643,1465,694446,694447,694449,694450,0,0,0,0
1790595492.0086803,36,-90,-34,95,4249,32428,29905,3971,694476,694477,694479,694480,0,0,0,0
1790595492.127565,63,-65,-60,52,6441,28089,27577,8098,694536,694537,694539,694540,0,0,0,0
1790595492.127565,49,-50,-64,52,8075,26510,25857,9678,694566,694567,694569,694570,0,0,0,0
1790595492.209371,64,-49,-69,52,9813,25095,24080,11007,694596,694597,694599,694600,0,0,0,0
1790595492.3280666,61,-52,-58,45,11520,23715,22300,12297,694626,694627,694629,694630,0,0,0,0
1790595492.3389766,58,-47,-52,52,14705,20904,19170,15176,694686,694687,694689,694690,0,0,0,0
1790595492.4077466,45,-60,-57,62,16225,19323,17579,16730,694716,694717,694719,694720,0,0,0,0
1790595492.543037,57,-63,-55,55,17800,17719,16142,18316,694746,694747,694749,694750,0,0,0,0
1790595492.543037,50,-42,-42,40,19197,16445,14711,19617,694776,694777,694779,694780,0,0,0,0
1790595492.543037,29,-36,-35,35,20304,15237,13623,20749,694806,694807,694809,694810,0,0,0,0
1790595492.6625783,25,-12,-23,16,21783,13875,12194,22073,694866,694867,694869,694870,0,0,0,0
1790595492.7476456,3,-6,-8,1,22383,13263,11645,22637,694926,694927,694929,694930,0,0,0,0
1790595492.9503677,9,-12,-8,4,22542,13057,11490,22810,694956,694957,694959,694960,0,0,0,0
1790595492.9503677,14,-14,-13,14,23573,11989,10325,23962,695046,695047,695049,695050,0,0,0,0
1790595493.1578872,5,-5,-2,7,24260,11435,9737,24540,695106,695107,695109,695110,0,0,0,0
1790595493.1578872,3,-1,0,-1,24387,11318,9627,24647,695136,695137,695139,695140,0,0,0,0
1790595493.1681595,0,1,1,-6,24432,11273,9589,24685,695166,695167,695169,695170,0,0,0,0
1790595493.326762,-6,2,-2,-5,24370,11343,9663,24601,695226,695227,695229,695230,0,0,0,0
1790595493.3295255,-4,6,8,-6,24300,11421,9742,24529,695256,695257,695259,695260,0,0,0,0
1790595493.3727129,-7,5,3,-2,24219,11498,9823,24455,695286,695287,695289,695290,0,0,0,0
1790595493.5577805,-2,5,2,-3,24137,11573,9905,24387,695316,695317,695319,695320,0,0,0,0
1790595493.5676856,0,1,6,-2,23921,11753,10097,24223,695406,695407,695409,695410,0,0,0,0
1790595493.6779587,-2,-4,0,0,23887,11779,10122,24200,695436,695437,695439,695440,0,0,0,0
1790595493.6779587,1,-1,-3,-4,23897,11770,10113,24210,695496,695497,695499,695500,0,0,0,0
1790595493.7474189,3,-1,0,-3,23912,11757,10099,24222,695526,695527,695529,695530,0,0,0,0
1790595493.9739141,-4,-1,-5,-5,23915,11754,10099,24222,695646,695647,695649,695650,0,0,0,0
1790595494.087926,2,-3,-2,-4,23925,11747,10090,24232,695736,695737,695739,695740,0,0,0,0
1790595494.1776044,-1,-6,1,0,23923,11747,10091,24229,695766,695767,695769,695770,0,0,0,0
1790595494.1819491,3,2,1,0,23919,11748,10093,24226,695796,695797,695799,695800,0,0,0,0
1790595494.3575504,1,1,-2,5,23919,11752,10095,24225,695886,695887,695889,695890,0,0,0,0
1790595494.3706903,0,3,3,-1,23919,11752,10095,24225,695916,695917,695919,695920,0,0,0,0
1790595494.5297968,-2,-4,2,-5,23922,11750,10093,24228,696006,696007,696009,696010,0,0,0,0
1790595494.6776192,0,-5,3,2,23922,11750,10098,24233,696036,696037,696039,696040,0,0,0,0
1790595494.690077,4,2,-1,1,23954,11742,10092,24267,696066,696067,696069,696070,0,0,0,0
1790595494.7943082,0,0,0,-3,23963,11725,10077,24271,696096,696097,696099,696100,0,0,0,0
1790595494.7975378,-4,2,-4,-3,23950,11737,10089,24260,696126,696127,696129,696130,0,0,0,0
1790595494.8092675,-2,1,2,-1,23933,11751,10103,24244,696156,696157,696159,696160,0,0,0,0
1790595495.005192,2,-2,0,-3,23925,11756,10109,24242,696246,696247,696249,696250,0,0,0,0
1790595495.009318,-4,-1,-2,-1,23930,11751,10103,24246,696276,696277,696279,696280,0,0,0,0
1790595495.198185,2,-5,0,0,23932,11751,10103,24246,696306,696307,696309,696310,0,0,0,0
1790595495.198185,0,-3,0,2,23926,11744,10089,24234,696366,696367,696369,696370,0,0,0,0
1790595495.2077794,0,-1,2,4,23943,11754,10113,24265,696396,696397,696399,696400,0,0,0,0
1790595495.387968,2,-1,-4,-2,23942,11758,10116,24261,696426,696427,696429,696430,0,0,0,0
1790595495.3925748,2,-10,0,1,23937,11759,10118,24258,696456,696457,696459,696460,0,0,0,0
1790595495.3974404,-1,1,-3,-5,23934,11758,10117,24258,696486,696487,696489,696490,0,0,0,0
1790595495.4093792,1,1,1,-3,23936,11752,10111,24258,696516,696517,696519,696520,0,0,0,0
1790595495.6086795,-3,1,-3,1,23938,11749,10107,24260,696546,696547,696549,696550,0,0,0,0
1790595495.6086795,4,0,-2,-1,23932,11767,10139,24267,696636,696637,696639,696640,0,0,0,0
1790595495.688196,0,3,1,4,23928,11765,10138,24266,696666,696667,696669,696670,0,0,0,0
1790595495.818677,2,1,0,-1,23944,11756,10127,24277,696726,696727,696729,696730,0,0,0,0
1790595495.8283904,2,2,-2,-2,23944,11754,10126,24277,696756,696757,696759,696760,0,0,0,0
1790595496.0183291,2,0,0,0,23941,11758,10129,24273,696816,696817,696819,696820,0,0,0,0
1790595496.0275078,-2,-1,4,-3,23985,11742,10112,24309,696906,696907,696909,696910,0,0,0,0
1790595496.2129774,-1,0,0,-1,23977,11744,10116,24303,696936,696937,696939,696940,0,0,0,0
1790595496.2160566,-2,0,-3,3,23958,11752,10127,24291,696966,696967,696969,696970,0,0,0,0
1790595496.2275245,-2,2,-3,5,23932,11765,10143,24272,697026,697027,697029,697030,0,0,0,0
1790595496.4326897,2,-9,-9,-9,23934,11755,10126,24267,697056,697057,697059,697060,0,0,0,0
1790595496.4374976,1,-1,-6,0,23979,11727,10098,24306,697116,697117,697119,697120,0,0,0,0
1790595496.4374976,-8,1,0,-11,23977,11727,10101,24303,697146,697147,697149,697150,0,0,0,0
1790595496.637821,0,-3,-1,0,23944,11751,10127,24281,697266,697267,697269,697270,0,0,0,0
1790595496.7085037,2,-3,3,-2,23950,11748,10123,24283,697296,697297,697299,697300,0,0,0,0
1790595496.843022,2,-1,0,0,23950,11749,10124,24283,697356,697357,697359,697360,0,0,0,0
1790595496.848187,-1,2,7,-1,23948,11750,10126,24282,697386,697387,697389,697390,0,0,0,0
1790595497.0476155,3,1,-1,2,23948,11750,10126,24283,697506,697507,697509,697510,0,0,0,0
1790595497.2524629,4,2,1,2,23949,11747,10123,24285,697566,697567,697569,697570,0,0,0,0
1790595497.2524629,0,1,-1,-3,23952,11745,10119,24287,697596,697597,697599,697600,0,0,0,0
1790595497.257797,-4,-3,-2,2,23954,11744,10118,24287,697626,697627,697629,697630,0,0,0,0
1790595497.3287919,4,-1,-1,0,23954,11745,10119,24287,697686,697687,697689,697690,0,0,0,0
1790595497.4578185,-1,-6,-4,-2,23952,11747,10121,24285,697716,697717,697719,697720,0,0,0,0
1790595497.4676526,4,4,0,-3,23953,11745,10120,24286,697746,697747,697749,697750,0,0,0,0
1790595497.6584885,-1,1,-1,-3,23958,11742,10116,24290,697776,697777,697779,697780,0,0,0,0
1790595497.6618378,-6,-1,0,4,23962,11740,10114,24293,697806,697807,697809,697810,0,0,0,0
1790595497.6677558,0,-2,3,-1,23961,11740,10114,24292,697836,697837,697839,697840,0,0,0,0
1790595497.6976268,-1,-1,2,0,23955,11747,10122,24288,697896,697897,697899,697900,0,0,0,0
1790595497.8674588,0,3,-3,-1,23956,11747,10122,24289,697926,697927,697929,697930,0,0,0,0
1790595497.8674588,4,8,-1,-3,23964,11753,10127,24300,697956,697957,697959,697960,0,0,0,0
1790595497.8674588,-1,2,-3,-2,23967,11753,10124,24291,697986,697987,697989,697990,0,0,0,0
1790595498.0376189,2,-4,0,-7,23965,11755,10131,24295,698016,698017,698019,698020,0,0,0,0
1790595498.0376189,4,-4,2,10,23941,11766,10142,24281,698106,698107,698109,698110,0,0,0,0
1790595498.2779186,-4,-3,-5,0,23950,11756,10134,24286,698196,698197,698199,698200,0,0,0,0
1790595498.2779186,-2,-2,-2,-3,23960,11751,10126,24291,698226,698227,698229,698230,0,0,0,0
1790595498.2891033,5,1,2,0,23964,11750,10128,24297,698256,698257,698259,698260,0,0,0,0
1790595498.4825997,-3,1,-2,0,23958,11754,10132,24293,698346,698347,698349,698350,0,0,0,0
1790595498.487776,1,2,0,-1,23963,11752,10129,24297,698376,698377,698379,698380,0,0,0,0
1790595498.6873956,0,-1,8,0,23911,11770,10162,24263,698466,698467,698469,698470,0,0,0,0
1790595498.707962,1,-2,7,2,23914,11784,10171,24264,698496,698497,698499,698500,0,0,0,0
1790595498.8230615,-2,1,-1,0,23928,11787,10166,24271,698526,698527,698529,698530,0,0,0,0
1790595498.8297412,-1,-2,-3,-1,23938,11782,10163,24278,698556,698557,698559,698560,0,0,0,0
1790595498.8912847,1,3,0,-3,23942,11781,10163,24284,698586,698587,698589,698590,0,0,0,0
1790595499.017492,5,-1,-1,5,23946,11781,10163,24288,698616,698617,698619,698620,0,0,0,0
1790595499.100427,2,0,3,0,23939,11780,10165,24285,698736,698737,698739,698740,0,0,0,0
1790595499.2977176,2,0,3,5,23940,11778,10162,24286,698766,698767,698769,698770,0,0,0,0
1790595499.2977176,-1,3,-2,6,23939,11778,10162,24285,698826,698827,698829,698830,0,0,0,0
1790595499.4274085,0,-2,1,1,23935,11778,10163,24282,698886,698887,698889,698890,0,0,0,0
1790595499.429422,-4,1,1,0,23938,11779,10162,24283,698916,698917,698919,698920,0,0,0,0
1790595499.504248,-1,-2,-1,0,23938,11777,10161,24284,698946,698947,698949,698950,0,0,0,0
1790595499.504248,3,0,-7,-2,23939,11775,10157,24281,698976,698977,698979,698980,0,0,0,0
1790595499.6182835,2,-2,-2,-2,23943,11790,10171,24282,699036,699037,699039,699040,0,0,0,0
1790595499.6274688,3,0,3,0,23942,11791,10173,24286,699066,699067,699069,699070,0,0,0,0
1790595499.712555,0,2,-5,0,23941,11788,10173,24289,699096,699097,699099,699100,0,0,0,0
1790595499.777459,1,-2,3,-1,23942,11786,10172,24289,699126,699127,699129,699130,0,0,0,0
1790595499.7875388,2,0,1,1,23946,11784,10169,24295,699156,699157,699159,699160,0,0,0,0
1790595499.9080486,71,-61,-33,48,24927,10795,9544,25156,699216,699217,699219,699220,0,0,0,0
1790595499.9277706,76,-66,-58,67,27090,8982,8163,26635,699246,699247,699249,699250,0,0,0,0
1790595499.995031,66,-72,-66,67,28862,7253,6331,28912,699276,699277,699279,699280,0,0,0,0
1790595500.0711842,78,-63,-76,88,30745,5326,4378,30886,699306,699307,699309,699310,0,0,0,0
1790595500.1200018,70,-69,-73,79,61,3310,2247,236,699336,699337,699339,699340,0,0,0,0
1790595500.324197,72,-55,-53,69,3873,32523,31275,4026,699396,699397,699399,699400,0,0,0,0
1790595500.3283365,43,-51,-52,41,5447,30943,29737,5546,699426,699427,699429,699430,0,0,0,0
1790595500.3283365,48,-51,-53,48,6779,29642,28507,6866,699456,699457,699459,699460,0,0,0,0
1790595500.3873289,41,-51,-47,44,8005,28443,27218,8059,699486,699487,699489,699490,0,0,0,0
1790595500.3873289,44,-55,-50,52,9355,27136,25999,9368,699516,699517,699519,699520,0,0,0,0
1790595500.5300353,64,-62,-73,58,12398,24030,22851,12503,699576,699577,699579,699580,0,0,0,0
1790595500.5923483,48,-68,-63,72,14143,22238,21069,14370,699606,699607,699609,699610,0,0,0,0
1790595500.598962,67,-71,-63,55,15949,20575,19274,16244,699636,699637,699639,699640,0,0,0,0
1790595500.7177079,60,-61,-56,73,17679,18804,17429,17981,699666,699667,699669,699670,0,0,0,0
1790595500.7244878,62,-57,-70,52,19312,17146,15854,19600,699696,699697,699699,699700,0,0,0,0
1790595500.9385295,44,-60,-58,48,20797,15720,14319,21081,699726,699727,699729,699730,0,0,0,0
1790595500.9385295,58,-46,-50,59,23628,12743,11483,24012,699786,699787,699789,699790,0,0,0,0
1790595500.9385295,57,-57,-55,45,25164,11361,9948,25528,699816,699817,699819,699820,0,0,0,0
1790595500.9480095,64,-70,-62,58,26650,9819,8427,26991,699846,699847,699849,699850,0,0,0,0
1790595501.0079756,55,-58,-57,60,28205,8191,6855,28760,699876,699877,699879,699880,0,0,0,0
1790595501.1376648,53,-54,-66,68,31534,4880,3461,32094,699936,699937,699939,699940,0,0,0,0
1790595501.208269,68,-51,-59,46,402,3273,1837,911,699966,699967,699969,699970,0,0,0,0
1790595501.208269,68,-56,-46,57,3559,201,31517,4131,700026,700027,700029,700030,0,0,0,0
1790595501.307531,60,-46,-62,46,5107,31384,29994,5597,700056,700057,700059,700060,0,0,0,0
1790595501.3480155,50,-60,-57,45,6644,29932,28459,7146,700086,700087,700089,700090,0,0,0,0
1790595501.3686137,51,-60,-53,63,8122,28404,26876,8655,700116,700117,700119,700120,0,0,0,0
1790595501.552845,61,-46,-54,41,11026,25506,24069,11625,700176,700177,700179,700180,0,0,0,0
1790595501.5546012,47,-43,-54,51,12379,24234,22705,12864,700206,700207,700209,700210,0,0,0,0
1790595501.6183355,48,-46,-45,50,13697,22858,21392,14203,700236,700237,700239,700240,0,0,0,0
1790595501.627608,44,-41,-51,49,14884,21632,20099,15451,700266,700267,700269,700270,0,0,0,0
1790595501.7276897,37,-52,-39,41,16032,20485,18967,16622,700296,700297,700299,700300,0,0,0,0
1790595501.7276897,38,-41,-45,39,17126,19322,17804,17708,700326,700327,700329,700330,0,0,0,0
1790595501.8219967,32,-38,-37,28,18178,18355,16792,18763,700356,700357,700359,700360,0,0,0,0
1790595501.8286662,39,-32,-42,26,19126,17202,15761,19774,700386,700387,700389,700390,0,0,0,0
1790595501.9647343,22,-29,-23,24,20690,15696,14163,21307,700446,700447,700449,700450,0,0,0,0
1790595502.028057,21,-19,-14,15,21164,15099,13649,21816,700476,700477,700479,700480,0,0,0,0
1790595502.028057,12,-6,-14,8,21651,14667,13138,22189,700506,700507,700509,700510,0,0,0,0
1790595502.157544,7,-5,-6,8,22300,14010,12506,22870,700566,700567,700569,700570,0,0,0,0
1790595502.3690636,1,-6,-9,7,22465,13860,12322,23029,700596,700597,700599,700600,0,0,0,0
1790595502.3690636,6,-2,-5,1,22554,13786,12245,23100,700626,700627,700629,700630,0,0,0,0
1790595502.3690636,-3,1,4,-1,22592,13763,12224,23120,700686,700687,700689,700690,0,0,0,0
1790595502.537685,0,0,1,-3,22433,13899,12380,22954,700806,700807,700809,700810,0,0,0,0
1790595502.727605,-3,-2,7,-2,22344,13973,12462,22859,700866,700867,700869,700870,0,0,0,0
1790595502.7475703,3,-6,-1,-2,22293,14020,12512,22802,700926,700927,700929,700930,0,0,0,0
1790595502.7924917,-4,2,-1,0,22284,14027,12518,22792,700956,700957,700959,700960,0,0,0,0
1790595502.9686563,-2,-8,-4,-5,22285,14025,12516,22795,700986,700987,700989,700990,0,0,0,0
1790595502.9748614,1,0,-2,3,22300,14012,12502,22813,701046,701047,701049,701050,0,0,0,0
1790595503.1877747,-1,1,-1,-2,22303,14009,12500,22815,701076,701077,701079,701080,0,0,0,0
1790595503.1925817,0,6,2,-1,22297,14016,12507,22807,701166,701167,701169,701170,0,0,0,0
1790595503.2979326,4,-3,1,2,22298,14013,12505,22809,701226,701227,701229,701230,0,0,0,0
1790595503.3090842,-4,-2,3,0,22299,14013,12505,22810,701256,701257,701259,701260,0,0,0,0
1790595503.4029417,-1,0,3,-1,22298,14015,12507,22807,701316,701317,701319,701320,0,0,0,0
1790595503.4884214,-2,-6,1,0,22296,14017,12508,22806,701376,701377,701379,701380,0,0,0,0
1790595503.5985565,1,-2,1,-2,22298,14014,12506,22808,701406,701407,701409,701410,0,0,0,0
1790595503.607835,-2,-3,2,-2,22321,14010,12500,22837,701436,701437,701439,701440,0,0,0,0
1790595503.7378225,5,1,-3,0,22325,13988,12480,22842,701466,701467,701469,701470,0,0,0,0
1790595503.7444847,-1,-4,7,0,22304,14011,12504,22810,701526,701527,701529,701530,0,0,0,0
1790595503.8076699,-2,-2,3,3,22287,14024,12518,22793,701556,701557,701559,701560,0,0,0,0
1790595504.0083811,-3,-2,2,-3,22283,14030,12524,22787,701586,701587,701589,701590,0,0,0,0
1790595504.0083811,-4,-4,-2,2,22288,14024,12518,22794,701646,701647,701649,701650,0,0,0,0
1790595504.014627,-1,0,-2,0,22290,14023,12515,22799,701676,701677,701679,701680,0,0,0,0
1790595504.217494,-3,-1,-1,-3,22299,14025,12513,22806,701766,701767,701769,701770,0,0,0,0
1790595504.2279968,3,5,0,-1,22299,14018,12504,22803,701796,701797,701799,701800,0,0,0,0
1790595504.4053037,-1,3,-1,0,22292,14014,12503,22795,701856,701857,701859,701860,0,0,0,0
1790595504.407832,2,3,5,-3,22286,14024,12513,22783,701946,701947,701949,701950,0,0,0,0
1790595504.6181924,2,3,0,-2,22276,14031,12522,22774,702036,702037,702039,702040,0,0,0,0
1790595504.6275036,1,2,-2,3,22280,14034,12522,22773,702066,702067,702069,702070,0,0,0,0
1790595504.7428212,-6,4,-4,-5,22282,14028,12518,22782,702096,702097,702099,702100,0,0,0,0
1790595504.749888,-2,-2,-2,0,22288,14024,12511,22788,702126,702127,702129,702130,0,0,0,0
1790595504.8292394,-1,0,-3,-1,22289,14020,12510,22789,702156,702157,702159,702160,0,0,0,0
1790595504.8292394,1,0,1,-3,22288,14022,12512,22787,702186,702187,702189,702190,0,0,0,0
1790595505.037842,0,3,1,4,22287,14024,12514,22784,702216,702217,702219,702220,0,0,0,0
1790595505.037842,1,2,0,-2,22317,13995,12486,22836,702306,702307,702309,702310,0,0,0,0
1790595505.2175865,-4,4,3,0,22302,14009,12501,22803,702396,702397,702399,702400,0,0,0,0
1790595505.227454,-4,1,0,3,22296,14014,12504,22797,702426,702427,702429,702430,0,0,0,0
1790595505.4378493,1,-1,0,-2,22337,13985,12468,22838,702516,702517,702519,702520,0,0,0,0
1790595505.4477894,-5,-1,1,2,22324,13993,12478,22826,702546,702547,702549,702550,0,0,0,0
1790595505.6486204,3,2,2,-6,22305,14008,12497,22803,702576,702577,702579,702580,0,0,0,0
1790595505.6486204,-1,2,-2,1,22288,14024,12512,22788,702666,702667,702669,702670,0,0,0,0
1790595505.7486203,-5,2,-2,2,22294,14019,12507,22793,702696,702697,702699,702700,0,0,0,0
1790595505.7486203,-1,0,-1,2,22295,14018,12506,22794,702726,702727,702729,702730,0,0,0,0
1790595505.8478208,2,5,2,-1,22292,14022,12509,22788,702756,702757,702759,702760,0,0,0,0
1790595505.8683164,-2,4,2,3,22289,14026,12514,22786,702786,702787,702789,702790,0,0,0,0
1790595506.0578709,-1,-3,-3,1,22290,14028,12515,22784,702876,702877,702879,702880,0,0,0,0
1790595506.0675514,-3,0,-3,-4,22291,14024,12512,22787,702906,702907,702909,702910,0,0,0,0
1790595506.2578516,-1,-2,-1,1,22295,14024,12511,22790,702936,702937,702939,702940,0,0,0,0
1790595506.2578516,-1,-1,-1,1,22292,14027,12514,22786,702996,702997,702999,703000,0,0,0,0
1790595506.2694135,-3,2,1,-2,22292,14029,12515,22786,703026,703027,703029,703030,0,0,0,0
1790595506.4674826,-3,1,-4,-2,22295,14027,12513,22790,703056,703057,703059,703060,0,0,0,0
1790595506.6675863,-3,1,-1,0,22301,14017,12506,22799,703266,703267,703269,703270,0,0,0,0
1790595506.7633507,0,1,-4,1,22309,14014,12500,22807,703326,703327,703329,703330,0,0,0,0
1790595506.7633507,2,-1,0,0,22313,14018,12505,22817,703356,703357,703359,703360,0,0,0,0
1790595506.8798974,0,1,3,1,22318,14030,12510,22809,703386,703387,703389,703390,0,0,0,0
1790595506.88799,3,0,-3,-3,22306,14031,12517,22801,703416,703417,703419,703420,0,0,0,0
1790595507.037517,-47,7,1,0,22299,14038,12525,22796,703446,703447,703449,703450,0,0,0,0
1790595507.037517,-1,-3,-2,-4,22294,14036,12520,22792,703506,703507,703509,703510,0,0,0,0
1790595507.0677395,2,1,0,0,22298,14031,12516,22795,703536,703537,703539,703540,0,0,0,0
1790595507.2800448,-3,-3,-6,-2,22307,14034,12517,22801,703566,703567,703569,703570,0,0,0,0
1790595507.2876968,-1,-3,0,0,22307,14021,12505,22802,703626,703627,703629,703630,0,0,0,0
1790595507.2876968,-3,1,-4,-1,22307,14020,12504,22805,703656,703657,703659,703660,0,0,0,0
1790595507.4922068,-6,-2,4,0,22308,14021,12506,22802,703686,703687,703689,703690,0,0,0,0
1790595507.4922068,2,1,-1,0,22304,14025,12509,22797,703746,703747,703749,703750,0,0,0,0
1790595507.6973865,-1,3,-3,-4,22303,14027,12511,22796,703776,703777,703779,703780,0,0,0,0
1790595507.6973865,3,3,-2,3,22301,14029,12513,22792,703806,703807,703809,703810,0,0,0,0
1790595507.6973865,-4,-1,-2,-2,22260,14054,12547,22753,703866,703867,703869,703870,0,0,0,0
1790595507.7077758,-1,-5,5,0,22265,14074,12555,22744,703896,703897,703899,703900,0,0,0,0
1790595507.7678218,-5,-2,0,4,22268,14070,12553,22750,703926,703927,703929,703930,0,0,0,0
1790595507.8327734,1,-3,-3,1,22280,14058,12540,22766,703956,703957,703959,703960,0,0,0,0
1790595507.8422537,-2,-4,-1,-4,22291,14052,12531,22776,703986,703987,703989,703990,0,0,0,0
1790595507.9105415,-6,1,-1,-2,22295,14051,12529,22777,704016,704017,704019,704020,0,0,0,0
1790595508.0377212,1,-5,3,-1,22293,14055,12534,22775,704046,704047,704049,704050,0,0,0,0
1790595508.047425,0,-3,1,2,22291,14059,12538,22771,704076,704077,704079,704080,0,0,0,0
1790595508.047425,-1,4,1,-2,22287,14063,12542,22768,704106,704107,704109,704110,0,0,0,0
1790595508.1106212,-4,-5,-8,-1,22286,14066,12543,22767,704136,704137,704139,704140,0,0,0,0
1790595508.167349,29,31,25,29,22619,14439,12894,23155,704166,704167,704169,704170,0,0,0,0
1790595508.218265,26,32,26,29,23438,15226,13780,23965,704196,704197,704199,704200,0,0,0,0
1790595508.287733,24,14,24,28,24126,15865,14350,24629,704226,704227,704229,704230,0,0,0,0
1790595508.3517702,18,24,30,23,25553,17067,15960,26200,704286,704287,704289,704290,0,0,0,0
1790595508.4104693,29,33,-6,26,26224,17827,16733,26839,704316,704317,704319,704320,0,0,0,0
1790595508.4677591,25,25,27,26,26995,18671,17441,27628,704346,704347,704349,704350,0,0,0,0
1790595508.528342,33,31,31,30,27776,19430,18353,28427,704376,704377,704379,704380,0,0,0,0
1790595508.5644717,33,31,27,20,28511,20227,19082,29117,704406,704407,704409,704410,0,0,0,0
1790595508.6276917,33,29,8,34,29339,21020,19775,29903,704436,704437,704439,704440,0,0,0,0
1790595508.6742215,31,33,34,39,30242,21800,20679,30714,704466,704467,704469,704470,0,0,0,0
1790595508.6880174,29,27,28,24,31054,22618,21466,31486,704496,704497,704499,704500,0,0,0,0
1790595508.773025,26,29,23,27,31866,23338,22202,32308,704526,704527,704529,704530,0,0,0,0
1790595508.7917085,27,27,32,28,32660,24254,23087,314,704556,704557,704559,704560,0,0,0,0
1790595508.8476083,34,31,24,29,747,24997,23956,1151,704586,704587,704589,704590,0,0,0,0
1790595508.9102955,33,27,28,23,1509,25746,24747,2054,704616,704617,704619,704620,0,0,0,0
1790595508.9677036,28,31,26,32,2307,26590,25614,2848,704646,704647,704649,704650,0,0,0,0
1790595509.07707,28,39,26,33,3144,27462,26498,3660,704676,704677,704679,704680,0,0,0,0
1790595509.0904691,33,24,30,24,3974,28224,27263,4437,704706,704707,704709,704710,0,0,0,0
1790595509.138976,25,28,28,37,4711,29030,28091,5245,704736,704737,704739,704740,0,0,0,0
1790595509.1474907,35,36,26,41,5527,29827,29067,6113,704766,704767,704769,704770,0,0,0,0
1790595509.2880006,29,29,32,26,6386,30622,29871,7007,704796,704797,704799,704800,0,0,0,0
1790595509.2880006,36,29,24,28,7212,31455,30619,7777,704826,704827,704829,704830,0,0,0,0
1790595509.3277824,27,30,27,28,8134,32370,31410,8553,704856,704857,704859,704860,0,0,0,0
1790595509.4074302,27,35,29,22,9047,367,32203,9299,704886,704887,704889,704890,0,0,0,0
1790595509.415157,36,33,28,29,9812,1183,217,10089,704916,704917,704919,704920,0,0,0,0
1790595509.5474656,29,31,36,28,11463,2899,1971,11801,704976,704977,704979,704980,0,0,0,0
1790595509.5474656,27,32,36,22,12216,3689,2802,12542,705006,705007,705009,705010,0,0,0,0
1790595509.601595,31,25,28,33,12999,4490,3582,13393,705036,705037,705039,705040,0,0,0,0
1790595509.6073458,28,29,21,24,13872,5235,4449,14195,705066,705067,705069,705070,0,0,0,0
1790595509.6696403,34,35,27,20,14675,6057,5291,15045,705096,705097,705099,705100,0,0,0,0
1790595509.7278264,35,22,27,36,15454,6944,5995,15900,705126,705127,705129,705130,0,0,0,0
1790595509.7773805,30,30,40,33,16330,7727,6855,16748,705156,705157,705159,705160,0,0,0,0
1790595509.8574584,26,30,27,25,17924,9326,8488,18305,705216,705217,705219,705220,0,0,0,0
1790595509.9293733,25,34,37,36,18674,10215,9356,19082,705246,705247,705249,705250,0,0,0,0
1790595509.9677691,20,33,23,24,19504,11080,10249,19913,705276,705277,705279,705280,0,0,0,0
1790595510.0295224,34,29,30,30,20233,11826,11110,20740,705306,705307,705309,705310,0,0,0,0
1790595510.0879464,30,25,28,31,21023,12642,11863,21589,705336,705337,705339,705340,0,0,0,0
1790595510.1508162,35,31,26,32,21980,13494,12651,22428,705366,705367,705369,705370,0,0,0,0
1790595510.2078693,26,25,30,23,22766,14181,13432,23213,705396,705397,705399,705400,0,0,0,0
1790595510.2628927,32,35,30,39,23522,15102,14236,23971,705426,705427,705429,705430,0,0,0,0
1790595510.268008,35,31,31,36,24428,15985,15039,24813,705456,705457,705459,705460,0,0,0,0
1790595510.3281791,22,30,34,21,25261,16688,15984,25615,705486,705487,705489,705490,0,0,0,0
1790595510.3775575,24,29,23,28,25928,17515,16804,26399,705516,705517,705519,705520,0,0,0,0
1790595510.4515567,33,30,29,35,26797,18416,17541,27169,705546,705547,705549,705550,0,0,0,0
1790595510.507881,24,32,27,32,27612,19162,18494,28041,705576,705577,705579,705580,0,0,0,0
1790595510.5487742,31,26,25,25,28339,19961,19268,28860,705606,705607,705609,705610,0,0,0,0
1790595510.6227102,30,32,29,31,30129,21576,20891,30477,705666,705667,705669,705670,0,0,0,0
1790595510.6905658,33,31,24,24,30923,22389,21740,31301,705696,705697,705699,705700,0,0,0,0
1790595510.7498896,30,28,28,33,31713,23241,22458,32017,705726,705727,705729,705730,0,0,0,0
1790595510.7898958,29,33,32,23,32595,24135,23325,32767,705756,705757,705759,705760,0,0,0,0
1790595510.8704884,24,31,28,29,709,24973,24189,819,705786,705787,705789,705790,0,0,0,0
1790595510.9081376,29,19,28,27,1488,25727,24952,1655,705816,705817,705819,705820,0,0,0,0
1790595510.9842937,24,26,35,33,2275,26555,25791,2491,705846,705847,705849,705850,0,0,0,0
1790595510.987551,25,29,33,29,3056,27356,26700,3410,705876,705877,705879,705880,0,0,0,0
1790595511.0982912,32,24,38,29,3799,28079,27586,4277,705906,705907,705909,705910,0,0,0,0
1790595511.1087773,22,21,30,29,4576,28877,28427,5043,705936,705937,705939,705940,0,0,0,0
1790595511.1517022,29,25,34,28,5349,29638,29264,5879,705966,705967,705969,705970,0,0,0,0
1790595511.2099595,35,27,22,23,6210,30463,30169,6831,705996,705997,705999,706000,0,0,0,0
1790595511.2676067,28,25,32,27,7065,31359,30924,7534,706026,706027,706029,706030,0,0,0,0
1790595511.318599,28,38,28,26,7980,32306,31642,8258,706056,706057,706059,706060,0,0,0,0
1790595511.3678691,30,33,20,22,8893,350,32419,9055,706086,706087,706089,706090,0,0,0,0
1790595511.4281304,28,29,30,29,9651,1169,449,9732,706116,706117,706119,706120,0,0,0,0
1790595511.4825838,25,20,31,29,10438,2112,1252,10565,706146,706147,706149,706150,0,0,0,0
1790595511.4929645,32,35,27,29,11332,2872,2171,11493,706176,706177,706179,706180,0,0,0,0
1790595511.5517623,26,29,31,28,12041,3622,3066,12285,706206,706207,706209,706210,0,0,0,0
1790595511.5879617,26,28,29,37,12782,4437,3841,13136,706236,706237,706239,706240,0,0,0,0
1790595511.6828463,28,22,27,16,13551,5064,4618,13916,706266,706267,706269,706270,0,0,0,0
1790595511.7494628,25,34,19,18,14893,6521,5917,15226,706326,706327,706329,706330,0,0,0,0
1790595511.8029954,27,22,20,29,15599,7239,6501,15874,706356,706357,706359,706360,0,0,0,0
1790595511.92301,17,15,15,13,16238,7835,7061,16412,706386,706387,706389,706390,0,0,0,0
1790595511.9281929,18,19,20,20,16703,8315,7655,16922,706416,706417,706419,706420,0,0,0,0
1790595511.977807,14,16,19,16,17218,8896,8206,17466,706446,706447,706449,706450,0,0,0,0
1790595511.9918585,15,18,20,22,17623,9323,8729,17972,706476,706477,706479,706480,0,0,0,0
1790595512.0474596,21,20,15,16,18153,9880,9224,18501,706506,706507,706509,706510,0,0,0,0
1790595512.2030337,7,10,12,11,18569,10281,9602,18843,706536,706537,706539,706540,0,0,0,0
1790595512.2030337,3,-2,10,4,18837,10500,10045,19285,706596,706597,706599,706600,0,0,0,0
1790595512.4079027,2,6,5,4,18849,10537,10152,19362,706626,706627,706629,706630,0,0,0,0
1790595512.4079027,1,7,3,5,18852,10558,10198,19384,706656,706657,706659,706660,0,0,0,0
1790595512.4079027,-1,-3,1,6,18861,10565,10214,19401,706686,706687,706689,706690,0,0,0,0
1790595512.4079027,0,-2,-1,0,18871,10556,10212,19417,706716,706717,706719,706720,0,0,0,0
1790595512.471909,-6,-3,3,2,18889,10547,10213,19442,706746,706747,706749,706750,0,0,0,0
1790595512.6147602,2,-4,-2,-4,18910,10534,10206,19466,706776,706777,706779,706780,0,0,0,0
1790595512.6147602,1,0,2,-3,18996,10485,10168,19551,706866,706867,706869,706870,0,0,0,0
1790595512.7978954,-1,-3,5,-2,18981,10526,10212,19532,706956,706957,706959,706960,0,0,0,0
1790595512.810423,-3,-2,-8,0,18980,10531,10221,19535,706986,706987,706989,706990,0,0,0,0
1790595513.0276985,-3,-2,-2,-6,19000,10528,10225,19554,707076,707077,707079,707080,0,0,0,0
1790595513.0276985,-4,0,-3,-2,19003,10529,10229,19560,707106,707107,707109,707110,0,0,0,0
1790595513.221903,2,-5,-3,0,19002,10534,10243,19565,707196,707197,707199,707200,0,0,0,0
1790595513.2296443,0,3,-5,-1,19004,10532,10244,19568,707226,707227,707229,707230,0,0,0,0
1790595513.3474631,-4,-4,-2,2,19013,10530,10243,19577,707256,707257,707259,707260,0,0,0,0
1790595513.3474631,-4,-3,1,3,19020,10527,10243,19586,707286,707287,707289,707290,0,0,0,0
1790595513.4309423,-2,-4,1,4,19051,10519,10250,19630,707346,707347,707349,707350,0,0,0,0
1790595513.54287,3,1,5,1,19081,10506,10233,19650,707376,707377,707379,707380,0,0,0,0
1790595513.54287,-1,-29,-1,0,19089,10503,10234,19655,707406,707407,707409,707410,0,0,0,0
1790595513.6325352,-4,3,3,-2,19085,10509,10240,19650,707436,707437,707439,707440,0,0,0,0
1790595513.6325352,-1,1,1,0,19081,10518,10248,19647,707466,707467,707469,707470,0,0,0,0
1790595513.6974277,-1,2,0,1,19082,10521,10254,19649,707496,707497,707499,707500,0,0,0,0
1790595513.712556,5,-1,2,6,19143,10531,10261,19703,707526,707527,707529,707530,0,0,0,0
1790595513.8076332,32,-16,-18,31,19658,10330,10099,20196,707556,707557,707559,707560,0,0,0,0
1790595513.8127651,85,-63,-45,68,21292,9198,9308,21256,707586,707587,707589,707590,0,0,0,0
1790595514.0428154,51,-56,-50,61,23428,7527,7914,23485,707616,707617,707619,707620,0,0,0,0
1790595514.0428154,85,-72,-66,81,29622,2037,2204,30065,707706,707707,707709,707710,0,0,0,0
1790595514.2477665,73,-64,-67,77,31633,178,491,32180,707736,707737,707739,707740,0,0,0,0
1790595514.2510366,50,-30,-24,53,3435,28967,29292,4068,707826,707827,707829,707830,0,0,0,0
1790595514.3077707,37,-41,-51,50,4780,27816,28190,5385,707856,707857,707859,707860,0,0,0,0
1790595514.4499774,56,-54,-54,71,7948,25141,25478,8555,707916,707917,707919,707920,0,0,0,0
1790595514.4499774,75,-51,-65,60,9767,23549,23831,10395,707946,707947,707949,707950,0,0,0,0
1790595514.529843,60,-55,-54,69,11663,21994,22065,12280,707976,707977,707979,707980,0,0,0,0
1790595514.6582954,67,-50,-50,67,16968,17175,17247,17614,708066,708067,708069,708070,0,0,0,0
1790595514.74278,42,-54,-51,43,20024,14416,14551,20806,708126,708127,708129,708130,0,0,0,0
1790595514.812767,63,-53,-54,57,21448,13037,13105,22222,708156,708157,708159,708160,0,0,0,0
1790595514.8721673,49,-49,-51,56,23091,11625,11706,23864,708186,708187,708189,708190,0,0,0,0
1790595515.0674963,66,-51,-48,56,24658,10145,10104,25478,708216,708217,708219,708220,0,0,0,0
1790595515.0674963,68,-65,-72,70,26274,8537,8523,27031,708246,708247,708249,708250,0,0,0,0
1790595515.0726388,75,-61,-70,58,29686,5359,5245,30544,708306,708307,708309,708310,0,0,0,0
1790595515.2742667,61,-56,-60,63,1718,673,600,2611,708396,708397,708399,708400,0,0,0,0
1790595515.3375342,56,-63,-52,54,3231,31961,31833,4139,708426,708427,708429,708430,0,0,0,0
1790595515.3375342,64,-54,-50,56,6345,28956,28810,7233,708486,708487,708489,708490,0,0,0,0
1790595515.4311965,51,-70,-59,61,7950,27386,27191,8926,708516,708517,708519,708520,0,0,0,0
1790595515.478359,55,-56,-61,56,9576,25764,25697,10503,708546,708547,708549,708550,0,0,0,0
1790595515.6929605,66,-55,-54,65,11111,24260,24146,12093,708576,708577,708579,708580,0,0,0,0
1790595515.7481933,22,-20,-18,22,15316,20301,20155,16238,708696,708697,708699,708700,0,0,0,0
1790595515.757631,18,-21,-15,24,15877,19761,19693,16754,708726,708727,708729,708730,0,0,0,0
1790595515.8296938,24,-22,-26,21,16438,19162,19142,17351,708756,708757,708759,708760,0,0,0,0
1790595515.888074,33,-28,-27,37,17224,18479,18402,18132,708786,708787,708789,708790,0,0,0,0
1790595516.0925033,33,-29,-27,28,18015,17611,17565,18889,708816,708817,708819,708820,0,0,0,0
1790595516.0925033,2,0,0,1,19724,16079,16035,20577,708936,708937,708939,708940,0,0,0,0
1790595516.2981474,19,-19,-22,20,21006,14609,14663,21934,709056,709057,709059,709060,0,0,0,0
1790595516.3132443,26,-22,-24,25,21636,14003,14050,22563,709086,709087,709089,709090,0,0,0,0
1790595516.3674958,17,-26,-18,15,22234,13521,13409,23204,709116,709117,709119,709120,0,0,0,0
1790595516.5026538,15,-22,-13,16,22747,12981,12877,23674,709146,709147,709149,709150,0,0,0,0
1790595516.5026538,8,-13,-7,14,23065,12679,12592,24031,709176,709177,709179,709180,0,0,0,0
1790595516.5076113,9,-9,2,3,23234,12456,12433,24203,709206,709207,709209,709210,0,0,0,0
1790595516.7078543,1,-2,-4,3,23468,12189,12180,24419,709296,709297,709299,709300,0,0,0,0
1790595516.817857,0,2,-6,0,23488,12168,12163,24432,709326,709327,709329,709330,0,0,0,0
1790595516.817857,-1,2,-6,-1,23484,12174,12172,24423,709356,709357,709359,709360,0,0,0,0
1790595516.8328564,6,1,3,-4,23466,12191,12189,24406,709386,709387,709389,709390,0,0,0,0
1790595516.867557,-5,-2,1,-3,23451,12208,12206,24392,709416,709417,709419,709420,0,0,0,0
1790595517.1176727,-5,-6,-5,0,23442,12218,12215,24384,709446,709447,709449,709450,0,0,0,0
1790595517.1176727,0,0,4,-4,23447,12212,12210,24388,709536,709537,709539,709540,0,0,0,0
1790595517.1285198,-2,2,-2,-2,23451,12210,12207,24391,709566,709567,709569,709570,0,0,0,0
1790595517.299166,-1,0,0,0,23453,12209,12206,24392,709596,709597,709599,709600,0,0,0,0
1790595517.299166,-3,-3,1,-2,23450,12211,12208,24390,709656,709657,709659,709660,0,0,0,0
1790595517.52741,-5,0,0,2,23450,12210,12208,24389,709686,709687,709689,709690,0,0,0,0
1790595517.52741,-1,2,4,-1,23438,12202,12201,24378,709716,709717,709719,709720,0,0,0,0
1790595517.52741,3,7,-2,0,23447,12195,12221,24398,709776,709777,709779,709780,0,0,0,0
1790595517.52741,-3,3,3,3,23455,12189,12213,24403,709806,709807,709809,709810,0,0,0,0
1790595517.6383915,-2,-10,-5,0,23464,12189,12210,24410,709836,709837,709839,709840,0,0,0,0
1790595517.651052,-2,-1,1,-2,23468,12188,12208,24412,709866,709867,709869,709870,0,0,0,0
1790595517.7301292,4,-2,2,3,23466,12189,12209,24410,709896,709897,709899,709900,0,0,0,0
1790595517.8235295,-2,2,4,-4,23462,12202,12220,24403,709956,709957,709959,709960,0,0,0,0
1790595517.9054463,-1,4,-3,1,23459,12199,12218,24402,709986,709987,709989,709990,0,0,0,0
1790595517.9054463,-3,2,-5,-5,23463,12192,12212,24406,710016,710017,710019,710020,0,0,0,0
1790595518.138409,0,-3,-2,-2,23467,12187,12208,24411,710046,710047,710049,710050,0,0,0,0
1790595518.1428838,-2,7,-3,-2,23497,12166,12193,24440,710136,710137,710139,710140,0,0,0,0
1790595518.1529531,-3,1,2,0,23491,12174,12203,24435,710166,710167,710169,710170,0,0,0,0
1790595518.3476343,-1,-6,5,-3,23476,12187,12216,24422,710256,710257,710259,710260,0,0,0,0
1790595518.3535452,-2,0,-1,-4,23476,12188,12218,24423,710286,710287,710289,710290,0,0,0,0
1790595518.5524323,0,1,3,-3,23471,12173,12199,24410,710376,710377,710379,710380,0,0,0,0
1790595518.7377741,0,-2,-3,4,23482,12188,12228,24431,710496,710497,710499,710500,0,0,0,0
1790595518.832852,0,3,-3,-1,23483,12184,12227,24432,710556,710557,710559,710560,0,0,0,0
1790595518.837444,-1,1,-1,-1,23488,12192,12245,24445,710586,710587,710589,710590,0,0,0,0
1790595518.9589171,-2,-3,2,-5,23480,12188,12240,24432,710616,710617,710619,710620,0,0,0,0
1790595518.9628344,-2,-1,-2,1,23475,12195,12247,24431,710646,710647,710649,710650,0,0,0,0
1790595518.9679005,2,-5,0,-7,23475,12197,12249,24431,710676,710677,710679,710680,0,0,0,0
1790595519.1583338,-5,3,-4,0,23478,12194,12246,24433,710766,710767,710769,710770,0,0,0,0
1790595519.1678305,0,0,2,-3,23477,12194,12246,24433,710796,710797,710799,710800,0,0,0,0
1790595519.3730187,-2,-1,-2,4,23478,12192,12244,24433,710826,710827,710829,710830,0,0,0,0
1790595519.3730187,-4,-4,-1,2,23488,12162,12213,24449,710886,710887,710889,710890,0,0,0,0
1790595519.5475638,0,-3,1,-3,23525,12167,12204,24468,710916,710917,710919,710920,0,0,0,0
1790595519.5475638,0,5,0,-1,23508,12165,12211,24459,711006,711007,711009,711010,0,0,0,0
1790595519.7826762,-2,-5,-4,-1,23547,12130,12178,24493,711126,711127,711129,711130,0,0,0,0
1790595519.7899761,-6,-2,1,1,23539,12137,12186,24484,711156,711157,711159,711160,0,0,0,0
1790595519.8527873,-3,-6,-1,0,23528,12148,12195,24473,711186,711187,711189,711190,0,0,0,0
1790595519.982779,2,0,-3,0,23523,12153,12200,24469,711216,711217,711219,711220,0,0,0,0
1790595519.982779,-4,0,-2,-2,23524,12150,12198,24474,711246,711247,711249,711250,0,0,0,0
1790595519.9928575,2,-2,-3,-1,23528,12144,12193,24477,711276,711277,711279,711280,0,0,0,0
1790595520.18872,1,-2,0,0,23532,12140,12189,24479,711306,711307,711309,711310,0,0,0,0
1790595520.18872,-2,0,0,-3,23530,12143,12191,24477,711366,711367,711369,711370,0,0,0,0
1790595520.18872,-7,2,2,7,23529,12145,12193,24476,711396,711397,711399,711400,0,0,0,0
1790595520.3980196,-2,1,-2,-8,23530,12144,12192,24477,711426,711427,711429,711430,0,0,0,0
1790595520.597783,3,2,5,0,23533,12141,12189,24480,711546,711547,711549,711550,0,0,0,0
1790595520.6075637,3,-1,4,-2,23532,12142,12190,24479,711606,711607,711609,711610,0,0,0,0
1790595520.6075637,2,-4,6,-3,23535,12138,12186,24482,711636,711637,711639,711640,0,0,0,0
1790595520.7995048,1,-1,-4,2,23539,12134,12182,24484,711726,711727,711729,711730,0,0,0,0
1790595520.807639,3,0,2,-3,23539,12133,12181,24484,711756,711757,711759,711760,0,0,0,0
1790595520.8531234,-5,-1,-3,-2,23541,12134,12182,24485,711786,711787,711789,711790,0,0,0,0
1790595521.0076723,-1,-1,-2,0,23541,12134,12182,24485,711816,711817,711819,711820,0,0,0,0
1790595521.0076723,-3,3,-4,-6,23539,12136,12183,24484,711876,711877,711879,711880,0,0,0,0
1790595521.207628,-5,-2,-3,2,23542,12131,12180,24488,711906,711907,711909,711910,0,0,0,0
1790595521.207628,-1,-5,-5,0,23567,12133,12167,24495,711996,711997,711999,712000,0,0,0,0
1790595521.3876545,3,-3,-1,-5,23571,12139,12178,24502,712026,712027,712029,712030,0,0,0,0
1790595521.6181908,-1,1,-2,-2,23555,12150,12194,24499,712146,712147,712149,712150,0,0,0,0
1790595521.6229098,-4,-4,0,0,23572,12130,12172,24514,712236,712237,712239,712240,0,0,0,0
1790595521.6291115,-4,3,0,1,23579,12128,12169,24516,712266,712267,712269,712270,0,0,0,0
1790595521.8329906,-1,1,0,0,23580,12131,12170,24514,712296,712297,712299,712300,0,0,0,0
1790595522.0313494,2,0,2,5,23544,12171,12219,24491,712476,712477,712479,712480,0,0,0,0
1790595522.157848,1,3,1,5,23543,12170,12221,24492,712506,712507,712509,712510,0,0,0,0
1790595522.157848,-1,-3,-11,-1,23546,12165,12218,24497,712536,712537,712539,712540,0,0,0,0
1790595522.1711028,-5,-7,-1,2,23556,12160,12211,24504,712566,712567,712569,712570,0,0,0,0
1790595522.237594,1,-4,-1,3,23565,12155,12205,24509,712596,712597,712599,712600,0,0,0,0
1790595522.3777764,-1,-4,-4,2,23570,12154,12205,24514,712626,712627,712629,712630,0,0,0,0
1790595522.3777764,-7,-3,1,1,23571,12156,12205,24516,712686,712687,712689,712690,0,0,0,0
1790595522.3884592,-1,1,6,0,23570,12153,12204,24516,712716,712717,712719,712720,0,0,0,0
1790595522.452789,-2,-1,-6,-6,23569,12152,12203,24495,712746,712747,712749,712750,0,0,0,0
1790595522.4876935,-29,-27,-25,-20,23076,11566,11602,23881,712776,712777,712779,712780,0,0,0,0
1790595522.5528917,-26,-35,-29,-24,22244,10811,10893,23233,712806,712807,712809,712810,0,0,0,0
1790595522.6108105,-23,-23,-23,-32,21590,10195,10216,22543,712836,712837,712839,712840,0,0,0,0
1790595522.6739647,-22,-22,-29,-24,21014,9530,9571,21866,712866,712867,712869,712870,0,0,0,0
1790595522.7325056,-33,-29,-21,-26,20369,8893,8843,21062,712896,712897,712899,712900,0,0,0,0
1790595522.7777915,-30,-49,-27,-35,19567,8075,8046,20278,712926,712927,712929,712930,0,0,0,0
1790595522.8331106,-23,-31,-32,-25,18807,7422,7383,19515,712956,712957,712959,712960,0,0,0,0
1790595522.8526878,-31,-31,-28,-25,18112,6619,6596,18783,712986,712987,712989,712990,0,0,0,0
1790595522.9445431,-26,-32,-31,-33,17312,5728,5764,18039,713016,713017,713019,713020,0,0,0,0
1790595522.949917,-30,-32,-28,-29,16466,4962,4948,17260,713046,713047,713049,713050,0,0,0,0
1790595523.012474,-30,-38,-36,-32,15716,4113,4172,16451,713076,713077,713079,713080,0,0,0,0
1790595523.068021,-27,-24,-27,-31,14973,3297,3342,15784,713106,713107,713109,713110,0,0,0,0
1790595523.1099713,-39,-28,-33,-27,13333,1813,1728,13967,713166,713167,713169,713170,0,0,0,0
1790595523.172423,-29,-28,-23,-36,12515,952,974,13145,713196,713197,713199,713200,0,0,0,0
1790595523.2325537,-31,-34,-33,-25,11729,172,230,12410,713226,713227,713229,713230,0,0,0,0
1790595523.2902846,-33,-33,-35,-27,10805,32145,32112,11602,713256,713257,713259,713260,0,0,0,0
1790595523.3532379,-32,-25,-27,-31,10051,31234,31333,10728,713286,713287,713289,713290,0,0,0,0
1790595523.3979468,-24,-31,-41,-36,9287,30494,30499,10004,713316,713317,713319,713320,0,0,0,0
1790595523.451291,-39,-23,-32,-30,8427,29731,29568,9109,713346,713347,713349,713350,0,0,0,0
1790595523.5054848,-35,-27,-30,-28,7645,28914,28758,8192,713376,713377,713379,713380,0,0,0,0
1790595523.5525131,-23,-27,-31,-24,6952,28104,27920,7574,713406,713407,713409,713410,0,0,0,0
1790595523.6124794,-33,-37,-27,-26,6131,27259,26978,6789,713436,713437,713439,713440,0,0,0,0
1790595523.6580253,-29,-39,-26,-27,5308,26441,26194,5834,713466,713467,713469,713470,0,0,0,0
1790595523.7282133,-28,-20,-21,-33,4516,25578,25451,5084,713496,713497,713499,713500,0,0,0,0
1790595523.7282133,-37,-35,-28,-32,3564,24773,24648,4257,713526,713527,713529,713530,0,0,0,0
1790595523.7899902,-28,-35,-32,-25,2694,24038,23888,3389,713556,713557,713559,713560,0,0,0,0
1790595523.8526306,-33,-33,-34,-29,1915,23152,23081,2576,713586,713587,713589,713590,0,0,0,0
1790595523.8929596,-25,-31,-24,-24,1112,22340,22172,1852,713616,713617,713619,713620,0,0,0,0
1790595524.0227606,-30,-26,-32,-29,408,21630,21395,1018,713646,713647,713649,713650,0,0,0,0
1790595524.0326426,-29,-32,-34,-29,32441,20835,20627,269,713676,713677,713679,713680,0,0,0,0
1790595524.078005,-32,-30,-30,-30,31601,19987,19819,32285,713706,713707,713709,713710,0,0,0,0
1790595524.0886111,-30,-29,-28,-25,30853,19249,19097,31513,713736,713737,713739,713740,0,0,0,0
1790595524.1474009,-30,-25,-34,-45,30107,18545,18273,30726,713766,713767,713769,713770,0,0,0,0
1790595524.213076,-20,-22,-18,-19,29452,17892,17577,30072,713796,713797,713799,713800,0,0,0,0
1790595524.2679086,-16,-22,-21,-22,28956,17290,17077,29454,713826,713827,713829,713830,0,0,0,0
1790595524.3326623,-19,-16,-20,-10,28292,16775,16505,28956,713856,713857,713859,713860,0,0,0,0
1790595524.3957853,-15,-17,-18,-22,27918,16377,16085,28550,713886,713887,713889,713890,0,0,0,0
1790595524.4476418,-13,-14,-23,-12,27497,15964,15538,28072,713916,713917,713919,713920,0,0,0,0
1790595524.454029,-16,-19,-15,-16,27013,15419,15100,27662,713946,713947,713949,713950,0,0,0,0
1790595524.4883995,-7,-13,-11,-2,26688,14985,14786,27320,713976,713977,713979,713980,0,0,0,0
1790595524.6282897,-11,-17,-10,-13,26114,14423,14235,26728,714036,714037,714039,714040,0,0,0,0
1790595524.677725,-12,-12,-11,-10,25730,14067,13922,26468,714066,714067,714069,714070,0,0,0,0
1790595524.687684,-9,-10,-11,-6,25474,13828,13695,26265,714096,714097,714099,714100,0,0,0,0
1790595524.7975645,-7,-7,-4,1,25237,13577,13544,26157,714126,714127,714129,714130,0,0,0,0
1790595524.809019,-14,-12,-9,-5,24984,13297,13379,26043,714156,714157,714159,714160,0,0,0,0
1790595524.867876,-8,-13,-13,-9,24682,12997,13153,25851,714186,714187,714189,714190,0,0,0,0
1790595524.9295645,-7,-10,-5,-11,24454,12771,12913,25602,714216,714217,714219,714220,0,0,0,0
1790595524.9887497,-8,-1,-3,-13,24241,12644,12690,25269,714246,714247,714249,714250,0,0,0,0
1790595525.0978389,-12,-8,-3,-13,24063,12582,12548,24911,714276,714277,714279,714280,0,0,0,0
1790595525.1131291,2,1,-2,-3,23813,12403,12218,24538,714336,714337,714339,714340,0,0,0,0
1790595525.308086,-2,-1,1,-4,23834,12395,12196,24544,714396,714397,714399,714400,0,0,0,0
1790595525.308086,6,0,-5,-6,23827,12406,12208,24534,714426,714427,714429,714430,0,0,0,0
1790595525.312025,2,-1,-12,-1,23820,12413,12217,24527,714456,714457,714459,714460,0,0,0,0
1790595525.3980496,-1,-1,0,-1,23818,12418,12221,24524,714486,714487,714489,714490,0,0,0,0
1790595525.403469,1,-1,1,-3,23817,12420,12222,24521,714516,714517,714519,714520,0,0,0,0
1790595525.5147758,-2,0,1,-2,23817,12420,12223,24519,714546,714547,714549,714550,0,0,0,0
1790595525.7180696,-3,1,-2,2,23826,12421,12218,24517,714696,714697,714699,714700,0,0,0,0
1790595525.7180696,-7,0,4,0,23821,12424,12222,24511,714726,714727,714729,714730,0,0,0,0
1790595525.8731284,-7,-2,3,-8,23818,12423,12222,24510,714756,714757,714759,714760,0,0,0,0
1790595525.8774233,-4,1,3,-4,23822,12423,12218,24511,714816,714817,714819,714820,0,0,0,0
1790595525.9290035,-3,1,-7,-4,23812,12420,12217,24500,714846,714847,714849,714850,0,0,0,0
1790595526.0378516,3,-3,2,-1,23787,12449,12244,24483,714906,714907,714909,714910,0,0,0,0
1790595526.1291614,-5,-1,0,-1,23800,12443,12237,24494,714966,714967,714969,714970,0,0,0,0
1790595526.2026782,2,2,1,-3,23802,12444,12238,24492,714996,714997,714999,715000,0,0,0,0
1790595526.2774396,2,-9,-4,0,23822,12374,12193,24521,715026,715027,715029,715030,0,0,0,0
1790595526.2894754,27,-58,-24,30,24190,11698,11740,24935,715056,715057,715059,715060,0,0,0,0
1790595526.3528516,61,-78,-70,48,25635,9667,10395,25949,715086,715087,715089,715090,0,0,0,0
1790595526.3729167,55,-52,-72,66,27673,8051,8547,27975,715116,715117,715119,715120,0,0,0,0
1790595526.5374866,67,-76,-69,85,31472,4238,4548,31962,715176,715177,715179,715180,0,0,0,0
1790595526.553948,77,-72,-80,75,761,2248,2343,1161,715206,715207,715209,715210,0,0,0,0
1790595526.628513,56,-51,-49,50,4355,31509,31658,4696,715266,715267,715269,715270,0,0,0,0
1790595526.7435486,43,-47,-48,44,5651,30197,30310,6001,715296,715297,715299,715300,0,0,0,0
1790595526.7475772,38,-37,-40,45,6917,28909,29047,7261,715326,715327,715329,715330,0,0,0,0
1790595526.8075876,44,-50,-51,54,8158,27695,27795,8500,715356,715357,715359,715360,0,0,0,0
1790595526.8827848,61,-62,-68,52,11086,24721,24867,11520,715416,715417,715419,715420,0,0,0,0
1790595527.1627722,63,-74,-63,53,18102,17761,17752,18635,715536,715537,715539,715540,0,0,0,0
1790595527.1712542,52,-49,-53,54,19719,16328,16321,20141,715566,715567,715569,715570,0,0,0,0
1790595527.2527993,49,-57,-62,37,22559,13392,13359,23152,715626,715627,715629,715630,0,0,0,0
1790595527.357943,59,-53,-50,46,23974,11986,11948,24510,715656,715657,715659,715660,0,0,0,0
1790595527.372618,49,-61,-48,58,25480,10504,10418,26052,715686,715687,715689,715690,0,0,0,0
1790595527.447977,74,-63,-59,53,28679,7385,7185,29269,715746,715747,715749,715750,0,0,0,0
1790595527.560449,50,-42,-62,61,30367,5614,5505,31010,715776,715777,715779,715780,0,0,0,0
1790595527.5674844,68,-69,-66,50,32069,3987,3844,32682,715806,715807,715809,715810,0,0,0,0
1790595527.6276317,48,-62,-47,81,910,2433,2202,1629,715836,715837,715839,715840,0,0,0,0
1790595527.7675698,49,-49,-49,54,2444,855,675,3207,715866,715867,715869,715870,0,0,0,0
1790595527.7675698,51,-58,-56,65,5484,30635,30422,6172,715926,715927,715929,715930,0,0,0,0
1790595527.7675698,49,-49,-48,53,6979,29084,28948,7712,715956,715957,715959,715960,0,0,0,0
1790595527.8379729,63,-61,-58,44,8514,27573,27356,9230,715986,715987,715989,715990,0,0,0,0
1790595527.91286,54,-66,-60,65,10104,25967,25791,10786,716016,716017,716019,716020,0,0,0,0
1790595527.9712908,62,-57,-66,46,13172,22928,22660,13977,716076,716077,716079,716080,0,0,0,0
1790595528.1753657,42,-38,-36,33,16985,19194,18931,17690,716166,716167,716169,716170,0,0,0,0
1790595528.38111,34,-43,-30,26,17923,18292,17990,18635,716196,716197,716199,716200,0,0,0,0
1790595528.38111,37,-53,-42,44,20808,15218,15001,21659,716286,716287,716289,716290,0,0,0,0
1790595528.387675,45,-46,-48,57,22095,13959,13813,23019,716316,716317,716319,716320,0,0,0,0
1790595528.4529407,45,-38,-46,44,23378,12694,12413,24320,716346,716347,716349,716350,0,0,0,0
1790595528.5875804,32,-25,-36,26,25716,10371,10091,26632,716406,716407,716409,716410,0,0,0,0
1790595528.7904627,12,-9,7,-26,26304,9867,9716,26962,716436,716437,716439,716440,0,0,0,0
1790595528.792792,-4,0,5,-9,25563,9805,9904,26461,716526,716527,716529,716530,0,0,0,0
1790595528.898356,-1,7,6,-6,25445,9972,10062,26316,716556,716557,716559,716560,0,0,0,0
1790595528.9029114,0,1,3,0,25358,10075,10154,26223,716586,716587,716589,716590,0,0,0,0
1790595528.9127986,0,-3,-2,2,25305,10121,10195,26176,716616,716617,716619,716620,0,0,0,0
1790595528.9746668,0,-4,1,4,25317,10099,10176,26200,716676,716677,716679,716680,0,0,0,0
1790595529.1980362,6,-5,-3,-1,25399,10021,10097,26284,716736,716737,716739,716740,0,0,0,0
1790595529.1980362,2,-3,-8,5,25476,9930,10014,26371,716796,716797,716799,716800,0,0,0,0
1790595529.2107544,-4,0,-1,3,25513,9887,9973,26412,716826,716827,716829,716830,0,0,0,0
1790595529.3780346,-6,-4,4,-3,25616,9750,9850,26526,716916,716917,716919,716920,0,0,0,0
1790595529.609625,0,0,-2,-4,25647,9709,9810,26560,716946,716947,716949,716950,0,0,0,0
1790595529.6116254,4,-5,-8,2,25676,9671,9774,26589,716976,716977,716979,716980,0,0,0,0
1790595529.6126294,-1,-4,-5,0,25718,9614,9723,26631,717036,717037,717039,717040,0,0,0,0
1790595529.7192867,1,0,-2,-1,25733,9596,9706,26645,717066,717067,717069,717070,0,0,0,0
1790595529.719607,0,1,-2,0,25742,9585,9695,26653,717096,717097,717099,717100,0,0,0,0
1790595529.7328265,0,0,-1,-1,25746,9578,9689,26658,717126,717127,717129,717130,0,0,0,0
1790595529.9155781,-2,-1,12,-1,25750,9575,9686,26660,717156,717157,717159,717160,0,0,0,0
1790595529.9175842,-3,3,2,3,25752,9573,9684,26660,717216,717217,717219,717220,0,0,0,0
1790595530.0183787,-3,-1,0,2,25752,9574,9685,26660,717246,717247,717249,717250,0,0,0,0
1790595530.0323753,2,7,-4,6,25757,9576,9689,26671,717276,717277,717279,717280,0,0,0,0
1790595530.219851,1,0,1,0,25788,9568,9666,26688,717306,717307,717309,717310,0,0,0,0
1790595530.219851,0,1,6,3,25801,9550,9655,26700,717396,717397,717399,717400,0,0,0,0
1790595530.428691,3,1,-6,-4,25795,9558,9663,26693,717426,717427,717429,717430,0,0,0,0
1790595530.428691,3,5,6,-4,25786,9564,9668,26688,717456,717457,717459,717460,0,0,0,0
1790595530.428691,0,-2,-1,-6,25784,9562,9668,26686,717516,717517,717519,717520,0,0,0,0
1790595530.6295216,5,-3,-1,-1,25785,9562,9667,26686,717546,717547,717549,717550,0,0,0,0
1790595530.6363878,-3,0,-3,1,25799,9556,9667,26699,717636,717637,717639,717640,0,0,0,0
1790595530.8082404,0,-1,1,-1,25809,9557,9667,26706,717696,717697,717699,717700,0,0,0,0
1790595530.8174012,-3,3,5,-1,25805,9559,9673,26705,717756,717757,717759,717760,0,0,0,0
1790595530.9284296,-1,-1,0,6,25805,9558,9670,26705,717786,717787,717789,717790,0,0,0,0
1790595530.9480283,-1,0,1,3,25811,9561,9678,26714,717816,717817,717819,717820,0,0,0,0
1790595531.038707,-4,2,3,-2,25817,9567,9701,26732,717906,717907,717909,717910,0,0,0,0
1790595531.238286,-9,3,-4,1,25814,9567,9703,26731,717936,717937,717939,717940,0,0,0,0
1790595531.2488542,2,-5,-2,-1,25814,9568,9703,26730,717966,717967,717969,717970,0,0,0,0
1790595531.2488542,1,3,2,0,25813,9568,9703,26730,717996,717997,717999,718000,0,0,0,0
1790595531.2488542,-2,-2,0,-2,25813,9568,9703,26730,718026,718027,718029,718030,0,0,0,0
1790595531.4481978,-3,-6,-1,0,25815,9566,9702,26731,718056,718057,718059,718060,0,0,0,0
1790595531.4481978,4,4,-1,4,25816,9565,9702,26732,718086,718087,718089,718090,0,0,0,0
1790595531.6275096,-1,3,0,-2,25843,9531,9667,26757,718176,718177,718179,718180,0,0,0,0
1790595531.6275096,0,-2,-1,-7,25842,9547,9679,26751,718266,718267,718269,718270,0,0,0,0
1790595531.8579614,1,3,-2,-8,25841,9550,9682,26747,718296,718297,718299,718300,0,0,0,0
1790595531.8579614,-3,-1,1,1,25870,9507,9643,26778,718386,718387,718389,718390,0,0,0,0
1790595531.8686435,3,1,-1,0,25857,9521,9658,26765,718416,718417,718419,718420,0,0,0,0
1790595531.9555235,-1,3,2,0,25838,9539,9676,26748,718446,718447,718449,718450,0,0,0,0
1790595532.0659845,2,0,1,-2,25827,9553,9689,26738,718476,718477,718479,718480,0,0,0,0
1790595532.0677035,3,-4,-2,-4,25823,9557,9693,26735,718506,718507,718509,718510,0,0,0,0
1790595532.0677035,1,1,1,0,25826,9555,9690,26738,718536,718537,718539,718540,0,0,0,0
1790595532.2730958,2,-1,-1,0,25831,9550,9684,26744,718656,718657,718659,718660,0,0,0,0
1790595532.4804263,2,2,-1,3,25830,9551,9687,26742,718746,718747,718749,718750,0,0,0,0
1790595532.4804263,-3,-3,1,-1,25832,9551,9686,26742,718776,718777,718779,718780,0,0,0,0
1790595532.6816063,-3,-4,-2,-4,25832,9548,9684,26745,718806,718807,718809,718810,0,0,0,0
1790595532.6816063,3,-3,-3,-1,25836,9544,9680,26747,718866,718867,718869,718870,0,0,0,0
1790595532.6882374,-3,-1,0,-1,25837,9546,9680,26748,718896,718897,718899,718900,0,0,0,0
1790595532.887598,6,1,1,-5,25843,9541,9674,26752,718986,718987,718989,718990,0,0,0,0
1790595532.887598,3,2,-17,0,25845,9538,9673,26754,719016,719017,719019,719020,0,0,0,0
1790595532.963008,1,-2,-8,-1,25845,9539,9674,26755,719046,719047,719049,719050,0,0,0,0
1790595533.0875578,-3,-2,0,0,25848,9539,9673,26755,719076,719077,719079,719080,0,0,0,0
1790595533.0875578,-5,-2,-2,3,25848,9541,9675,26756,719106,719107,719109,719110,0,0,0,0
1790595533.0875578,1,3,-1,-1,25845,9546,9678,26753,719136,719137,719139,719140,0,0,0,0
1790595533.2977104,2,4,2,-2,25864,9552,9678,26768,719226,719227,719229,719230,0,0,0,0
1790595533.477348,-3,1,-4,0,25863,9547,9677,26771,719286,719287,719289,719290,0,0,0,0
1790595533.477348,2,0,0,1,25860,9549,9683,26768,719346,719347,719349,719350,0,0,0,0
1790595533.7056956,-3,-2,-4,-5,25859,9552,9683,26765,719376,719377,719379,719380,0,0,0,0
1790595533.7077458,1,-2,3,-1,25870,9562,9694,26775,719466,719467,719469,719470,0,0,0,0
1790595533.7077458,1,1,-6,-1,25873,9560,9690,26776,719496,719497,719499,719500,0,0,0,0
1790595533.9077346,0,3,1,-3,25875,9558,9688,26777,719526,719527,719529,719530,0,0,0,0
1790595533.9077346,-5,0,-21,2,25879,9556,9686,26782,719586,719587,719589,719590,0,0,0,0
1790595533.9077346,0,3,-4,2,25879,9559,9688,26781,719616,719617,719619,719620,0,0,0,0
1790595533.9790435,-3,-7,-5,0,25877,9562,9691,26780,719646,719647,719649,719650,0,0,0,0
1790595533.9790435,-1,-3,-3,-8,25878,9564,9692,26780,719676,719677,719679,719680,0,0,0,0
1790595534.1174765,0,-1,-1,-1,25858,9559,9692,26760,719706,719707,719709,719710,0,0,0,0
1790595534.1344242,-2,2,-1,0,25853,9593,9727,26765,719766,719767,719769,719770,0,0,0,0
1790595534.317724,2,1,2,2,25859,9577,9715,26773,719796,719797,719799,719800,0,0,0,0
1790595534.317724,1,-4,4,-1,25864,9570,9707,26774,719856,719857,719859,719860,0,0,0,0
1790595534.3288205,-3,1,3,0,25859,9574,9712,26769,719886,719887,719889,719890,0,0,0,0
1790595534.3888354,1,1,-3,-8,25855,9581,9718,26765,719916,719917,719919,719920,0,0,0,0
1790595534.4476526,-21,-25,-27,-24,25555,9156,9245,26368,719946,719947,719949,719950,0,0,0,0
1790595534.5124867,-31,-26,-26,-25,24733,8401,8513,25660,719976,719977,719979,719980,0,0,0,0
1790595534.5776653,-27,-20,-18,-30,24078,7837,7862,24898,720006,720007,720009,720010,0,0,0,0
1790595534.6327405,-23,-21,-29,-23,23525,7236,7176,24263,720036,720037,720039,720040,0,0,0,0
1790595534.6707437,-11,-36,-39,-23,22927,6495,6366,23518,720066,720067,720069,720070,0,0,0,0
1790595534.7471066,-29,-20,-27,-37,22169,5697,5555,22742,720096,720097,720099,720100,0,0,0,0
1790595534.7476199,-30,-27,-27,-23,21349,4978,4806,21959,720126,720127,720129,720130,0,0,0,0
1790595534.7910538,-27,-32,-29,-25,20695,4216,4086,21279,720156,720157,720159,720160,0,0,0,0
1790595534.8510659,-33,-27,-26,-32,19884,3324,3289,20543,720186,720187,720189,720190,0,0,0,0
1790595534.9356496,-31,-28,-29,-28,19005,2584,2536,19661,720216,720217,720219,720220,0,0,0,0
1790595534.9551413,-32,-45,-32,-29,18239,1757,1829,18879,720246,720247,720249,720250,0,0,0,0
1790595535.0111396,-33,-28,-22,-35,17420,888,1050,18105,720276,720277,720279,720280,0,0,0,0
1790595535.0734758,-31,-27,-31,-32,16611,160,198,17246,720306,720307,720309,720310,0,0,0,0
1790595535.1707125,-27,-25,-26,-37,15070,31336,31292,15596,720366,720367,720369,720370,0,0,0,0
1790595535.226335,-29,-32,-38,-38,14317,30565,30430,14790,720396,720397,720399,720400,0,0,0,0
1790595535.2333171,-40,-31,-30,-24,13493,29681,29578,13890,720426,720427,720429,720430,0,0,0,0
1790595535.2927294,-21,-30,-30,-31,12661,28889,28843,13136,720456,720457,720459,720460,0,0,0,0
1790595535.330848,-29,-25,-27,-27,11941,28062,27962,12403,720486,720487,720489,720490,0,0,0,0
1790595535.392741,-35,-35,-34,-31,11104,27228,27042,11559,720516,720517,720519,720520,0,0,0,0
1790595535.442682,-26,-30,-26,-32,10229,26457,26310,10676,720546,720547,720549,720550,0,0,0,0
1790595535.5082378,-30,-24,-23,-34,9421,25558,25578,9934,720576,720577,720579,720580,0,0,0,0
1790595535.5082378,-41,-30,-34,-26,8490,24756,24791,9101,720606,720607,720609,720610,0,0,0,0
1790595535.5680513,-40,-33,-27,-26,7586,23989,24035,8156,720636,720637,720639,720640,0,0,0,0
1790595535.6488748,-26,-26,-29,-34,6816,23114,23249,7513,720666,720667,720669,720670,0,0,0,0
1790595535.7077332,-33,-32,-32,-29,5974,22240,22265,6727,720696,720697,720699,720700,0,0,0,0
1790595535.7127616,-30,-30,-35,-29,5213,21484,21428,5792,720726,720727,720729,720730,0,0,0,0
1790595535.822447,-19,-30,-29,-37,4528,20676,20590,5032,720756,720757,720759,720760,0,0,0,0
1790595535.8282857,-34,-30,-28,-31,3642,19824,19714,4208,720786,720787,720789,720790,0,0,0,0
1790595535.8925667,-35,-26,-29,-27,2808,19063,18977,3332,720816,720817,720819,720820,0,0,0,0
1790595535.9527934,-27,-37,-30,-34,1945,18313,18190,2469,720846,720847,720849,720850,0,0,0,0
1790595535.9878201,-23,-19,-30,-23,1173,17418,17399,1853,720876,720877,720879,720880,0,0,0,0
1790595536.0078108,-28,-29,-28,-32,505,16727,16794,1060,720906,720907,720909,720910,0,0,0,0
1790595536.0730026,-25,-13,-25,-18,32553,16102,16095,362,720936,720937,720939,720940,0,0,0,0
1790595536.1327686,-15,-24,-25,-22,32102,15520,15477,32672,720966,720967,720969,720970,0,0,0,0
1790595536.1700869,-7,-25,-31,-19,31570,14871,14852,32165,720996,720997,720999,721000,0,0,0,0
1790595536.252518,-16,-19,-18,-19,31063,14322,14346,31587,721026,721027,721029,721030,0,0,0,0
1790595536.3083036,-14,-11,-14,-13,30515,13920,13936,31195,721056,721057,721059,721060,0,0,0,0
1790595536.3573651,-14,-20,-18,-19,30138,13578,13622,30811,721086,721087,721089,721090,0,0,0,0
1790595536.4175017,-16,-15,-13,-13,29713,13154,13255,30405,721116,721117,721119,721120,0,0,0,0
1790595536.4674296,-10,-8,-16,-19,29397,12776,12899,30074,721146,721147,721149,721150,0,0,0,0
1790595536.47087,-12,-7,-10,-18,29104,12507,12533,29627,721176,721177,721179,721180,0,0,0,0
1790595536.5327392,-11,-4,-11,-11,28888,12324,12234,29308,721206,721207,721209,721210,0,0,0,0
1790595536.5927567,-9,-12,-8,-8,28629,12107,11969,29044,721236,721237,721239,721240,0,0,0,0
1790595536.6744676,-11,-13,-2,-8,28294,11842,11801,28866,721266,721267,721269,721270,0,0,0,0
1790595536.7327156,-10,-6,2,-5,27986,11563,11714,28750,721296,721297,721299,721300,0,0,0,0
1790595536.7780485,-9,-6,-6,-6,27708,11269,11623,28640,721326,721327,721329,721330,0,0,0,0
1790595536.848172,-12,-10,-8,-10,27428,10969,11510,28526,721356,721357,721359,721360,0,0,0,0
1790595536.8562098,-10,-10,-8,-8,27183,10650,11318,28371,721386,721387,721389,721390,0,0,0,0
1790595536.9779763,-3,-4,-12,-9,27077,10461,11033,28142,721416,721417,721419,721420,0,0,0,0
1790595536.9889703,-3,-7,-8,-6,27024,10345,10696,27898,721446,721447,721449,721450,0,0,0,0
1790595536.9889703,-1,-3,-9,-9,26943,10229,10433,27655,721476,721477,721479,721480,0,0,0,0
1790595537.1878448,-6,-7,-7,-14,26823,10068,10237,27381,721506,721507,721509,721510,0,0,0,0
1790595537.1899421,-3,0,6,0,26526,9881,10012,26986,721566,721567,721569,721570,0,0,0,0
1790595537.1904502,-2,-3,3,-2,26501,9924,10040,26954,721596,721597,721599,721600,0,0,0,0
1790595537.387527,0,0,0,0,26460,9975,10076,26909,721686,721687,721689,721690,0,0,0,0
1790595537.453394,3,-5,-1,-4,26458,9978,10077,26904,721746,721747,721749,721750,0,0,0,0
1790595537.5876503,0,0,-6,-3,26463,9993,10087,26909,721806,721807,721809,721810,0,0,0,0
1790595537.8029354,-2,-3,-2,-5,26471,9970,10066,26910,721866,721867,721869,721870,0,0,0,0
1790595537.8082416,1,-4,0,-1,26479,9961,10058,26910,721926,721927,721929,721930,0,0,0,0
1790595537.8126714,-2,-4,-2,1,26477,9962,10059,26907,721956,721957,721959,721960,0,0,0,0
1790595537.9976685,-4,-6,-1,0,26456,9985,10078,26885,722046,722047,722049,722050,0,0,0,0
1790595538.0103953,-2,-1,0,-3,26432,9999,10085,26850,722076,722077,722079,722080,0,0,0,0
1790595538.1080587,-2,-4,1,-2,26385,10043,10110,26816,722136,722137,722139,722140,0,0,0,0
1790595538.212747,-2,-2,-9,3,26389,10038,10103,26819,722196,722197,722199,722200,0,0,0,0
1790595538.4127629,-1,2,5,0,26392,10035,10101,26821,722226,722227,722229,722230,0,0,0,0
1790595538.4175017,-3,-1,-2,-2,26398,10030,10096,26823,722316,722317,722319,722320,0,0,0,0
1790595538.4765856,0,2,2,4,26396,10029,10095,26822,722346,722347,722349,722350,0,0,0,0
1790595538.6221135,95,-65,-69,67,28614,7229,8120,28733,722466,722467,722469,722470,0,0,0,0
1790595538.70783,73,-80,-83,68,32437,3700,4233,32544,722526,722527,722529,722530,0,0,0,0
1790595538.8275058,89,-95,-70,85,1722,1748,2071,1921,722556,722557,722559,722560,0,0,0,0
1790595538.8434741,82,-73,-72,77,3734,32480,32696,3921,722586,722587,722589,722590,0,0,0,0
1790595538.8766801,52,-65,-63,52,5575,30616,30937,5678,722616,722617,722619,722620,0,0,0,0
1790595538.9829297,56,-48,-41,51,7148,29074,29312,7280,722646,722647,722649,722650,0,0,0,0
1790595538.9926753,48,-43,-46,48,8496,27781,28079,8595,722676,722677,722679,722680,0,0,0,0
1790595539.0776484,41,-43,-38,54,9733,26557,26802,9801,722706,722707,722709,722710,0,0,0,0
1790595539.142492,57,-69,-44,45,12363,23858,24225,12488,722766,722767,722769,722770,0,0,0,0
1790595539.212068,53,-57,-72,57,13996,22225,22567,14122,722796,722797,722799,722800,0,0,0,0
1790595539.236272,71,-76,-63,72,15758,20570,20825,15993,722826,722827,722829,722830,0,0,0,0
1790595539.2724793,60,-53,-62,72,17579,18762,18932,17837,722856,722857,722859,722860,0,0,0,0
1790595539.432642,58,-44,-50,64,22494,13824,14080,22834,722946,722947,722949,722950,0,0,0,0
1790595539.5124705,55,-52,-50,44,23898,12379,12540,24283,722976,722977,722979,722980,0,0,0,0
1790595539.6425354,48,-51,-57,56,25382,11024,11199,25691,723006,723007,723009,723010,0,0,0,0
1790595539.6425354,57,-52,-59,54,26764,9500,9763,27051,723036,723037,723039,723040,0,0,0,0
1790595539.6560068,48,-46,-57,55,28214,8013,8249,28780,723066,723067,723069,723070,0,0,0,0
1790595539.7085412,57,-77,-60,55,29943,6432,6703,30338,723096,723097,723099,723100,0,0,0,0
1790595539.8482363,66,-53,-60,51,517,3119,3258,957,723156,723157,723159,723160,0,0,0,0
1790595539.8482363,59,-97,-57,59,2191,1382,1575,2658,723186,723187,723189,723190,0,0,0,0
1790595539.9474454,67,-55,-56,54,3769,32627,25,4257,723216,723217,723219,723220,0,0,0,0
1790595539.9474454,57,-58,-51,46,5315,31101,31251,5722,723246,723247,723249,723250,0,0,0,0
1790595540.0279574,58,-49,-61,61,8293,28054,28245,8823,723306,723307,723309,723310,0,0,0,0
1790595540.089451,58,-60,-46,46,9846,26561,26700,10329,723336,723337,723339,723340,0,0,0,0
1790595540.2580786,41,-54,-39,53,11173,25032,25414,11872,723366,723367,723369,723370,0,0,0,0
1790595540.2580786,21,-48,-17,51,12784,22253,23833,14745,723426,723427,723429,723430,0,0,0,0
1790595540.3276527,20,-42,-21,38,13397,21053,23289,16058,723456,723457,723459,723460,0,0,0,0
1790595540.4678173,15,-48,-28,47,13875,19664,22707,17230,723486,723487,723489,723490,0,0,0,0
1790595540.4678173,20,-59,-22,79,14971,16436,21547,20639,723546,723547,723549,723550,0,0,0,0
1790595540.5277965,21,-84,-22,90,15609,14359,20987,22604,723576,723577,723579,723580,0,0,0,0
1790595540.668146,21,-63,-17,65,16650,10158,19881,26827,723636,723637,723639,723640,0,0,0,0
1790595540.6729667,12,-59,-5,55,17157,8346,19487,28751,723666,723667,723669,723670,0,0,0,0
1790595540.8734128,21,-43,-14,40,17609,7006,19116,30078,723696,723697,723699,723700,0,0,0,0
1790595540.9479022,23,-55,-13,41,19884,2050,16873,2139,723846,723847,723849,723850,0,0,0,0
1790595541.028064,15,-55,-20,63,20296,525,16476,3650,723876,723877,723879,723880,0,0,0,0
1790595541.2776134,2,-8,-4,5,21640,29769,15141,7161,724026,724027,724029,724030,0,0,0,0
1790595541.287658,6,-4,-3,1,21741,29680,15068,7245,724056,724057,724059,724060,0,0,0,0
1790595541.4581656,1,-8,-4,6,21821,29598,15007,7321,724086,724087,724089,724090,0,0,0,0
1790595541.4581656,-3,-4,-2,0,21894,29525,14949,7389,724116,724117,724119,724120,0,0,0,0
1790595541.4628568,1,1,3,-2,22015,29408,14853,7504,724176,724177,724179,724180,0,0,0,0
1790595541.691107,1,-3,-6,0,22049,29373,14825,7537,724206,724207,724209,724210,0,0,0,0
1790595541.691107,-4,-4,4,-4,22065,29358,14814,7549,724266,724267,724269,724270,0,0,0,0
1790595541.691107,2,2,-3,-1,22059,29366,14822,7540,724296,724297,724299,724300,0,0,0,0
1790595541.879393,-1,1,4,1,22050,29373,14827,7533,724326,724327,724329,724330,0,0,0,0
1790595541.8826838,-1,2,-2,3,22054,29369,14822,7540,724386,724387,724389,724390,0,0,0,0
1790595541.8929982,-3,0,2,3,22062,29362,14816,7546,724416,724417,724419,724420,0,0,0,0
1790595542.0096378,-4,-2,0,-3,22071,29367,14817,7547,724476,724477,724479,724480,0,0,0,0
1790595542.0431864,3,1,2,5,22075,29365,14815,7551,724506,724507,724509,724510,0,0,0,0
1790595542.107671,-2,3,2,2,22080,29356,14813,7563,724536,724537,724539,724540,0,0,0,0
1790595542.297527,-1,-1,-3,-1,22079,29346,14807,7566,724566,724567,724569,724570,0,0,0,0
1790595542.297527,-2,-4,3,-1,22085,29343,14802,7566,724626,724627,724629,724630,0,0,0,0
1790595542.5095837,0,1,3,-4,22084,29346,14805,7566,724686,724687,724689,724690,0,0,0,0
1790595542.5095837,-1,-1,1,-1,22132,29309,14779,7623,724776,724777,724779,724780,0,0,0,0
1790595542.7171447,0,5,0,1,22127,29312,14784,7620,724806,724807,724809,724810,0,0,0,0
1790595542.7182806,4,1,6,-1,22119,29321,14791,7609,724836,724837,724839,724840,0,0,0,0
1790595542.7200286,1,4,-1,-5,22112,29328,14797,7602,724866,724867,724869,724870,0,0,0,0
1790595542.7249339,2,-3,2,-2,22110,29329,14798,7601,724896,724897,724899,724900,0,0,0,0
1790595542.9191704,1,5,2,1,22112,29327,14796,7603,724926,724927,724929,724930,0,0,0,0
1790595542.922497,-2,-1,-4,-3,22115,29324,14793,7606,724986,724987,724989,724990,0,0,0,0
1790595542.925289,1,0,-1,0,22104,29317,14787,7592,725016,725017,725019,725020,0,0,0,0
1790595543.0577042,2,1,-3,4,22119,29317,14791,7619,725076,725077,725079,725080,0,0,0,0
1790595543.1178381,0,1,-2,-2,22124,29309,14788,7627,725106,725107,725109,725110,0,0,0,0
1790595543.120519,-2,0,0,-7,22129,29309,14786,7628,725136,725137,725139,725140,0,0,0,0
1790595543.3277261,-6,0,4,5,22131,29313,14790,7628,725166,725167,725169,725170,0,0,0,0
1790595543.3324337,0,0,4,1,22134,29331,14817,7641,725226,725227,725229,725230,0,0,0,0
1790595543.3324337,-6,1,-2,3,22131,29322,14811,7642,725286,725287,725289,725290,0,0,0,0
1790595543.528434,-3,-1,0,-1,22137,29319,14808,7646,725316,725317,725319,725320,0,0,0,0
1790595543.5376234,6,-1,0,-2,22136,29321,14810,7647,725406,725407,725409,725410,0,0,0,0
1790595543.7375598,-2,-3,2,-1,22138,29320,14809,7647,725436,725437,725439,725440,0,0,0,0
1790595543.7375598,3,1,4,4,22156,29290,14787,7681,725526,725527,725529,725530,0,0,0,0
1790595543.917362,1,-3,2,-1,22167,29280,14783,7686,725556,725557,725559,725560,0,0,0,0
1790595543.917362,0,-3,1,0,22176,29284,14783,7691,725616,725617,725619,725620,0,0,0,0
1790595543.938175,-4,2,-3,1,22175,29290,14787,7690,725646,725647,725649,725650,0,0,0,0
1790595544.0727143,2,-9,2,1,22171,29284,14783,7683,725676,725677,725679,725680,0,0,0,0
1790595544.0743365,2,-4,-1,2,22181,29275,14774,7706,725706,725707,725709,725710,0,0,0,0
1790595544.0743365,4,3,-3,-2,22194,29266,14768,7715,725736,725737,725739,725740,0,0,0,0
1790595544.1478426,-2,1,-2,-2,22191,29269,14771,7709,725766,725767,725769,725770,0,0,0,0
1790595544.3526933,-1,3,0,0,22184,29277,14778,7701,725796,725797,725799,725800,0,0,0,0
1790595544.3574214,-4,1,-4,-2,22182,29279,14779,7702,725886,725887,725889,725890,0,0,0,0
1790595544.5579169,-3,-2,7,1,22184,29276,14777,7703,725916,725917,725919,725920,0,0,0,0
1790595544.5579169,1,-2,3,2,22182,29277,14778,7702,725946,725947,725949,725950,0,0,0,0
1790595544.5579169,1,3,1,2,22180,29281,14782,7698,726006,726007,726009,726010,0,0,0,0
1790595544.5775506,0,-1,-4,-3,22179,29281,14782,7698,726036,726037,726039,726040,0,0,0,0
1790595544.7677295,7,-3,2,4,22181,29280,14781,7700,726126,726127,726129,726130,0,0,0,0
1790595544.7779043,0,1,1,-3,22181,29279,14780,7700,726156,726157,726159,726160,0,0,0,0
1790595544.9677324,3,1,1,-1,22183,29278,14779,7702,726246,726247,726249,726250,0,0,0,0
1790595545.0779595,-6,-4,-3,0,22183,29278,14779,7703,726276,726277,726279,726280,0,0,0,0
1790595545.0779595,-3,-1,2,6,22184,29277,14778,7703,726306,726307,726309,726310,0,0,0,0
1790595545.1686814,-3,1,4,0,22186,29275,14776,7705,726336,726337,726339,726340,0,0,0,0
1790595545.1686814,-3,-6,-1,1,22189,29272,14774,7709,726366,726367,726369,726370,0,0,0,0
1790595545.3776283,0,0,1,-5,22191,29271,14773,7710,726396,726397,726399,726400,0,0,0,0
1790595545.3776283,1,-3,-3,3,22190,29272,14774,7709,726516,726517,726519,726520,0,0,0,0
1790595545.449138,0,1,-3,-5,22189,29272,14774,7708,726546,726547,726549,726550,0,0,0,0
1790595545.5828602,2,-1,-2,0,22193,29279,14780,7716,726576,726577,726579,726580,0,0,0,0
1790595545.5828602,0,4,-1,-3,22193,29283,14781,7705,726606,726607,726609,726610,0,0,0,0
1790595545.5976117,4,-4,3,-7,22188,29282,14786,7709,726636,726637,726639,726640,0,0,0,0
1790595545.7775433,-2,2,-4,1,22191,29273,14777,7715,726696,726697,726699,726700,0,0,0,0
1790595545.9877632,-1,-2,-4,4,22195,29274,14779,7719,726786,726787,726789,726790,0,0,0,0
1790595545.9877632,1,-1,1,-5,22212,29257,14762,7732,726876,726877,726879,726880,0,0,0,0
1790595546.0877938,1,-3,-1,0,22215,29253,14758,7736,726906,726907,726909,726910,0,0,0,0
1790595546.0877938,0,1,-5,0,22216,29255,14760,7734,726936,726937,726939,726940,0,0,0,0
1790595546.1981485,-1,3,-4,-4,22213,29258,14764,7731,726966,726967,726969,726970,0,0,0,0
1790595546.397879,-3,1,2,5,22206,29265,14770,7725,727026,727027,727029,727030,0,0,0,0
1790595546.397879,-2,0,-1,2,22184,29269,14778,7700,727086,727087,727089,727090,0,0,0,0
1790595546.4077086,-6,2,-2,5,22170,29300,14813,7698,727116,727117,727119,727120,0,0,0,0
1790595546.532859,2,9,-1,-5,22179,29284,14798,7710,727146,727147,727149,727150,0,0,0,0
1790595546.6175535,-3,-4,1,0,22222,29250,14763,7744,727266,727267,727269,727270,0,0,0,0
1790595546.7373364,-2,-4,-1,-1,22216,29256,14770,7741,727296,727297,727299,727300,0,0,0,0
1790595546.789512,-2,1,-1,3,22211,29259,14773,7736,727326,727327,727329,727330,0,0,0,0
1790595546.789512,-3,3,2,-1,22208,29260,14773,7735,727356,727357,727359,727360,0,0,0,0
1790595546.8685436,16,22,30,48,23292,30335,15960,8956,727416,727417,727419,727420,0,0,0,0
1790595546.9167826,25,28,27,21,23888,30933,16558,9531,727446,727447,727449,727450,0,0,0,0
1790595547.017395,26,26,25,28,24622,31554,17210,10284,727476,727477,727479,727480,0,0,0,0
1790595547.0273829,22,28,32,28,25410,32413,18083,11030,727506,727507,727509,727510,0,0,0,0
1790595547.0944803,26,28,32,24,25961,323,18846,11717,727536,727537,727539,727540,0,0,0,0
1790595547.157595,25,21,25,22,26771,1070,19579,12464,727566,727567,727569,727570,0,0,0,0
1790595547.2173615,22,29,31,34,27625,1850,20336,13282,727596,727597,727599,727600,0,0,0,0
1790595547.3126953,26,29,26,26,28342,2572,21197,14071,727626,727627,727629,727630,0,0,0,0
1790595547.3177533,33,24,31,28,29217,3367,21977,14898,727656,727657,727659,727660,0,0,0,0
1790595547.3630543,37,32,26,31,30025,4184,22737,15627,727686,727687,727689,727690,0,0,0,0
1790595547.432702,28,27,21,21,31735,5790,24418,17249,727746,727747,727749,727750,0,0,0,0
1790595547.5377257,25,31,27,34,32509,6622,25163,18023,727776,727777,727779,727780,0,0,0,0
1790595547.5923357,26,33,28,30,1372,8230,26862,19694,727836,727837,727839,727840,0,0,0,0
1790595547.6347122,24,27,24,31,2123,9050,27704,20485,727866,727867,727869,727870,0,0,0,0
1790595547.7179968,40,28,36,30,2909,9829,28664,21279,727896,727897,727899,727900,0,0,0,0
1790595547.7749944,39,26,17,33,3827,10634,29426,22124,727926,727927,727929,727930,0,0,0,0
1790595547.8237872,17,31,24,25,4593,11415,30200,22998,727956,727957,727959,727960,0,0,0,0
1790595547.8776224,37,35,31,34,5335,12255,31088,23792,727986,727987,727989,727990,0,0,0,0
1790595547.9283931,38,37,33,28,6274,13163,31994,24576,728016,728017,728019,728020,0,0,0,0
1790595547.9879146,25,25,23,31,7054,13937,32742,25378,728046,728047,728049,728050,0,0,0,0
1790595547.9879146,26,32,26,34,7871,14737,748,26101,728076,728077,728079,728080,0,0,0,0
1790595548.052512,29,33,44,29,8841,15578,1567,26879,728106,728107,728109,728110,0,0,0,0
1790595548.1127863,33,26,25,26,9630,16369,2375,27776,728136,728137,728139,728140,0,0,0,0
1790595548.1726315,24,27,25,27,10347,17160,3251,28625,728166,728167,728169,728170,0,0,0,0
1790595548.237501,33,37,41,31,11197,17975,4097,29339,728196,728197,728199,728200,0,0,0,0
1790595548.2773716,30,28,31,25,12022,18816,4980,30195,728226,728227,728229,728230,0,0,0,0
1790595548.3305395,26,26,30,35,12769,19620,5780,31020,728256,728257,728259,728260,0,0,0,0
1790595548.3881068,33,31,26,31,13629,20351,6588,31776,728286,728287,728289,728290,0,0,0,0
1790595548.4480846,33,32,31,28,14465,21182,7464,32695,728316,728317,728319,728320,0,0,0,0
1790595548.4529393,24,23,26,27,15279,22043,8249,768,728346,728347,728349,728350,0,0,0,0
1790595548.516186,29,29,27,31,16069,22758,9023,1570,728376,728377,728379,728380,0,0,0,0
1790595548.5678124,29,23,30,25,17758,24490,10751,3255,728436,728437,728439,728440,0,0,0,0
1790595548.687836,21,28,27,29,18467,25241,11508,4002,728466,728467,728469,728470,0,0,0,0
1790595548.6974967,29,31,41,35,19223,25942,12322,4814,728496,728497,728499,728500,0,0,0,0
1790595548.7580113,25,25,40,28,19965,26833,13375,5760,728526,728527,728529,728530,0,0,0,0
1790595548.8127863,25,25,40,28,19965,26833,13375,5760,728526,728527,728529,728530,0,0,0,0
1790595548.8585405,32,36,24,33,21382,28340,15054,7573,728586,728587,728589,728590,0,0,0,0
1790595548.9183936,32,24,30,30,22384,29206,15898,8283,728616,728617,728619,728620,0,0,0,0
1790595548.9378552,32,31,22,24,23276,30059,16560,9079,728646,728647,728649,728650,0,0,0,0
1790595548.99307,30,33,23,32,24197,30937,17209,9798,728676,728677,728679,728680,0,0,0,0
1790595549.0373626,34,36,32,29,25203,31811,17986,10538,728706,728707,728709,728710,0,0,0,0
1790595549.0683904,29,32,30,29,25913,32736,18823,11347,728736,728737,728739,728740,0,0,0,0
1790595549.110065,31,25,27,31,26675,788,19649,12129,728766,728767,728769,728770,0,0,0,0
1790595549.1678028,33,34,39,27,27438,1550,20662,12948,728796,728797,728799,728800,0,0,0,0
1790595549.2683718,29,23,27,38,28146,2348,21556,13895,728826,728827,728829,728830,0,0,0,0
1790595549.2683718,27,28,28,29,28973,3144,22343,14742,728856,728857,728859,728860,0,0,0,0
1790595549.3115973,46,31,26,30,29756,3897,23165,15479,728886,728887,728889,728890,0,0,0,0
1790595549.4078007,37,28,33,27,30689,4711,23957,16320,728916,728917,728919,728920,0,0,0,0
1790595549.4175107,26,22,31,28,31599,5599,24723,17164,728946,728947,728949,728950,0,0,0,0
1790595549.4748504,24,34,29,34,32440,6442,25452,17840,728976,728977,728979,728980,0,0,0,0
1790595549.5377424,36,35,38,23,517,7313,26319,18675,729006,729007,729009,729010,0,0,0,0
1790595549.638256,20,23,31,24,1290,8137,27188,19511,729036,729037,729039,729040,0,0,0,0
1790595549.654604,24,33,32,32,2006,8943,28082,20287,729066,729067,729069,729070,0,0,0,0
1790595549.7080061,35,36,30,27,2720,9661,29004,21126,729096,729097,729099,729100,0,0,0,0
1790595549.7175865,34,23,29,25,3624,10527,29876,22036,729126,729127,729129,729130,0,0,0,0
1790595549.8278308,25,32,30,27,4454,11270,30587,22926,729156,729157,729159,729160,0,0,0,0
1790595549.8363955,38,33,34,24,5190,12049,31366,23683,729186,729187,729189,729190,0,0,0,0
1790595549.8928435,38,34,32,30,6174,12982,32247,24477,729216,729217,729219,729220,0,0,0,0
1790595549.9574301,24,28,28,31,6998,13856,209,25246,729246,729247,729249,729250,0,0,0,0
1790595550.017333,29,32,26,28,7803,14731,996,25971,729276,729277,729279,729280,0,0,0,0
1790595550.0575864,36,31,30,22,8658,15594,1888,26738,729306,729307,729309,729310,0,0,0,0
1790595550.117808,27,22,32,32,9433,16369,2741,27626,729336,729337,729339,729340,0,0,0,0
1790595550.1274753,23,24,27,31,10200,17100,3570,28552,729366,729367,729369,729370,0,0,0,0
1790595550.1957467,28,28,27,22,10917,17837,4434,29273,729396,729397,729399,729400,0,0,0,0
1790595550.2576065,32,21,36,21,11752,18664,5252,30124,729426,729427,729429,729430,0,0,0,0
1790595550.2878065,32,32,29,30,12555,19486,6049,30969,729456,729457,729459,729460,0,0,0,0
1790595550.3273132,24,14,29,26,13315,20203,6789,31724,729486,729487,729489,729490,0,0,0,0
1790595550.4275138,22,26,20,21,14752,21610,8118,289,729546,729547,729549,729550,0,0,0,0
1790595550.4975379,20,23,22,21,15328,22253,8713,877,729576,729577,729579,729580,0,0,0,0
1790595550.5584753,21,19,20,28,16011,22946,9344,1523,729606,729607,729609,729610,0,0,0,0
1790595550.6678421,21,20,17,10,16496,23386,9877,2039,729636,729637,729639,729640,0,0,0,0
1790595550.6789548,23,24,9,15,16994,23948,10335,2419,729666,729667,729669,729670,0,0,0,0
1790595550.7286572,16,13,18,23,17446,24430,10796,2882,729696,729697,729699,729700,0,0,0,0
1790595550.7985349,18,11,22,16,17863,24806,11320,3385,729726,729727,729729,729730,0,0,0,0
1790595550.9079008,12,11,13,12,18572,25506,12107,4311,729786,729787,729789,729790,0,0,0,0
1790595550.9185982,3,-1,8,-2,18766,25720,12426,4540,729816,729817,729819,729820,0,0,0,0
1790595551.1125875,-5,3,-3,-1,18780,25752,12561,4606,729846,729847,729849,729850,0,0,0,0
1790595551.1125875,0,-6,5,1,18819,25833,12658,4653,729906,729907,729909,729910,0,0,0,0
1790595551.1174846,0,-1,-1,0,18816,25834,12669,4654,729936,729937,729939,729940,0,0,0,0
1790595551.207684,1,-3,0,-2,18808,25840,12685,4650,729996,729997,729999,730000,0,0,0,0
1790595551.207684,-4,-3,-4,-3,18807,25840,12687,4651,730026,730027,730029,730030,0,0,0,0
1790595551.2528462,-2,-3,-3,2,18800,25832,12682,4645,730056,730057,730059,730060,0,0,0,0
1790595551.316187,1,-1,-2,9,18833,25812,12662,4678,730086,730087,730089,730090,0,0,0,0
1790595551.5177088,-6,-8,-3,-1,18842,25804,12664,4688,730146,730147,730149,730150,0,0,0,0
1790595551.5281227,-2,-9,0,4,18827,25815,12680,4675,730176,730177,730179,730180,0,0,0,0
1790595551.53766,0,-2,-3,1,18810,25825,12693,4664,730206,730207,730209,730210,0,0,0,0
1790595551.7276042,1,3,1,-1,18800,25832,12702,4656,730236,730237,730239,730240,0,0,0,0
1790595551.7276042,-2,3,5,0,18796,25839,12712,4657,730296,730297,730299,730300,0,0,0,0
1790595551.7374065,4,-5,2,-1,18795,25842,12716,4660,730326,730327,730329,730330,0,0,0,0
1790595551.9324684,0,0,-1,-8,18797,25846,12721,4660,730356,730357,730359,730360,0,0,0,0
1790595551.9324684,-1,0,3,3,18805,25859,12724,4665,730416,730417,730419,730420,0,0,0,0
1790595551.937591,0,-1,1,2,18806,25861,12728,4668,730446,730447,730449,730450,0,0,0,0
1790595552.1374784,-2,0,0,-2,18809,25864,12733,4669,730476,730477,730479,730480,0,0,0,0
1790595552.1482008,1,2,-5,2,18808,25863,12736,4670,730536,730537,730539,730540,0,0,0,0
1790595552.1482008,-7,-1,0,4,18810,25862,12739,4678,730566,730567,730569,730570,0,0,0,0
1790595552.258483,2,-7,-3,4,18837,25864,12748,4720,730596,730597,730599,730600,0,0,0,0
1790595552.2624614,0,1,-4,1,18861,25837,12731,4742,730626,730627,730629,730630,0,0,0,0
1790595552.275642,-2,4,2,-1,18869,25837,12730,4747,730656,730657,730659,730660,0,0,0,0
1790595552.3350506,4,-3,0,1,18869,25841,12735,4745,730686,730687,730689,730690,0,0,0,0
1790595552.3945372,-4,1,2,6,18867,25851,12743,4741,730716,730717,730719,730720,0,0,0,0
1790595552.4365509,6,-7,4,13,18945,25831,12748,4856,730746,730747,730749,730750,0,0,0,0
1790595552.53765,51,-32,-22,35,19805,25470,12469,5489,730776,730777,730779,730780,0,0,0,0
1790595552.5559661,84,-79,-37,56,21725,23885,11575,6962,730806,730807,730809,730810,0,0,0,0
1790595552.7494888,82,-62,-73,85,29624,16793,4193,15543,730926,730927,730929,730930,0,0,0,0
1790595552.8179345,67,-60,-56,65,31607,14941,2382,17557,730956,730957,730959,730960,0,0,0,0
1790595552.832973,60,-50,-45,61,587,13471,998,19317,730986,730987,730989,730990,0,0,0,0
1790595552.9573677,48,-47,-33,48,3337,11139,31397,22013,731046,731047,731049,731050,0,0,0,0
1790595553.0281262,44,-49,-41,39,4730,9957,30218,23437,731076,731077,731079,731080,0,0,0,0
1790595553.0358837,66,-59,-46,66,6251,8660,28917,24897,731106,731107,731109,731110,0,0,0,0
1790595553.1576548,57,-59,-60,53,7955,7274,27324,26627,731136,731137,731139,731140,0,0,0,0
1790595553.1576548,64,-59,-57,78,9886,5628,25674,28466,731166,731167,731169,731170,0,0,0,0
1790595553.2279778,63,-73,-65,64,11734,4012,23944,30334,731196,731197,731199,731200,0,0,0,0
1790595553.2279778,69,-61,-64,71,13599,2381,22214,32292,731226,731227,731229,731230,0,0,0,0
1790595553.3625882,63,-60,-49,65,16855,31955,19234,2859,731286,731287,731289,731290,0,0,0,0
1790595553.4276824,44,-47,-50,45,18357,30561,17818,4356,731316,731317,731319,731320,0,0,0,0
1790595553.4373615,50,-49,-53,50,19779,29210,16562,5801,731346,731347,731349,731350,0,0,0,0
1790595553.5679822,69,-61,-59,53,22900,26323,13687,9013,731406,731407,731409,731410,0,0,0,0
1790595553.638036,57,-54,-58,58,24482,24748,12030,10636,731436,731437,731439,731440,0,0,0,0
1790595553.647548,67,-47,-55,58,26161,23156,10403,12379,731466,731467,731469,731470,0,0,0,0
1790595553.7767582,60,-60,-56,69,29535,19983,7265,15837,731526,731527,731529,731530,0,0,0,0
1790595553.8277898,54,-50,-59,56,44,16842,4139,19122,731586,731587,731589,731590,0,0,0,0
1790595553.9789865,61,-60,-58,58,1611,15397,2631,20687,731616,731617,731619,731620,0,0,0,0
1790595553.9874928,55,-47,-50,46,3111,13925,1152,22111,731646,731647,731649,731650,0,0,0,0
1790595553.9874928,47,-47,-47,58,4662,12457,32455,23719,731676,731677,731679,731680,0,0,0,0
1790595554.1579406,61,-61,-58,64,6204,10934,30930,25293,731706,731707,731709,731710,0,0,0,0
1790595554.1579406,52,-49,-64,77,9432,7828,27754,28585,731766,731767,731769,731770,0,0,0,0
1790595554.237651,72,-69,-58,50,10962,6255,26268,30165,731796,731797,731799,731800,0,0,0,0
1790595554.24861,57,-55,-55,55,12582,4771,24678,31724,731826,731827,731829,731830,0,0,0,0
1790595554.3882525,38,-38,-42,43,15256,2181,22030,1602,731886,731887,731889,731890,0,0,0,0
1790595554.3882525,25,-28,-29,27,16189,1179,21144,2470,731916,731917,731919,731920,0,0,0,0
1790595554.5881183,13,-11,-12,6,17958,32305,19463,4156,732036,732037,732039,732040,0,0,0,0
1790595554.798118,3,-5,-4,-1,18147,32118,19312,4312,732066,732067,732069,732070,0,0,0,0
1790595554.798118,-1,-3,1,1,18325,31905,19151,4454,732156,732157,732159,732160,0,0,0,0
1790595554.9605262,2,1,8,0,18325,31905,19153,4452,732186,732187,732189,732190,0,0,0,0
1790595554.9781384,-2,4,-3,-1,18292,31944,19187,4423,732246,732247,732249,732250,0,0,0,0
1790595554.9976268,-2,2,-1,1,18276,31968,19204,4408,732276,732277,732279,732280,0,0,0,0
1790595555.1609335,-1,-2,-1,4,18252,32003,19230,4387,732336,732337,732339,732340,0,0,0,0
1790595555.1609335,-2,-1,-2,-6,18233,32026,19250,4371,732396,732397,732399,732400,0,0,0,0
1790595555.382764,3,-1,2,-5,18224,32035,19257,4362,732426,732427,732429,732430,0,0,0,0
1790595555.384905,3,4,-4,-3,18212,32052,19270,4352,732486,732487,732489,732490,0,0,0,0
1790595555.390028,-3,2,-1,-1,18208,32060,19277,4348,732516,732517,732519,732520,0,0,0,0
1790595555.6174438,2,3,0,-2,18153,32160,19355,4299,732666,732667,732669,732670,0,0,0,0
1790595555.727536,-2,3,4,-2,18114,32190,19383,4268,732726,732727,732729,732730,0,0,0,0
1790595555.8222556,3,-1,-2,-5,18100,32206,19395,4253,732756,732757,732759,732760,0,0,0,0
1790595555.8222556,-2,1,2,4,18089,32220,19406,4244,732786,732787,732789,732790,0,0,0,0
1790595555.9960566,-5,-1,-6,-1,18065,32245,19430,4222,732846,732847,732849,732850,0,0,0,0
1790595556.0013402,-4,0,0,-2,18055,32258,19439,4214,732876,732877,732879,732880,0,0,0,0
1790595556.0152056,-9,-1,-1,-5,18047,32268,19447,4206,732906,732907,732909,732910,0,0,0,0
1790595556.160887,0,3,-2,-1,18054,32274,19454,4214,732936,732937,732939,732940,0,0,0,0
1790595556.160887,-4,3,0,-4,18058,32250,19437,4224,732966,732967,732969,732970,0,0,0,0
1790595556.1675618,-3,-6,2,-4,18058,32252,19438,4222,732996,732997,732999,733000,0,0,0,0
1790595556.2328026,-5,2,-4,-5,18046,32268,19450,4209,733026,733027,733029,733030,0,0,0,0
1790595556.4386287,-2,1,2,0,18004,32310,19487,4171,733146,733147,733149,733150,0,0,0,0
1790595556.640401,0,2,-1,1,18001,32312,19489,4169,733206,733207,733209,733210,0,0,0,0
1790595556.647484,0,5,-4,2,17995,32316,19495,4171,733266,733267,733269,733270,0,0,0,0
1790595556.827368,-2,-3,-3,3,17992,32320,19498,4168,733296,733297,733299,733300,0,0,0,0
1790595556.827368,0,5,-1,-4,17985,32322,19503,4163,733356,733357,733359,733360,0,0,0,0
1790595556.8327231,0,1,3,-2,17984,32325,19503,4162,733386,733387,733389,733390,0,0,0,0
1790595557.0518024,1,3,0,-2,17974,32341,19521,4154,733506,733507,733509,733510,0,0,0,0
1790595557.1712427,0,3,0,1,17965,32348,19529,4145,733566,733567,733569,733570,0,0,0,0
1790595557.257396,2,-17,-7,-1,17970,32343,19523,4151,733626,733627,733629,733630,0,0,0,0
1790595557.4577155,3,4,-5,2,17974,32340,19521,4156,733656,733657,733659,733660,0,0,0,0
1790595557.4648526,-4,1,0,0,17972,32342,19522,4145,733716,733717,733719,733720,0,0,0,0
1790595557.6479661,-4,2,-4,-3,18006,32316,19493,4180,733776,733777,733779,733780,0,0,0,0
1790595557.8725824,-7,-3,-2,-2,17978,32347,19523,4154,733896,733897,733899,733900,0,0,0,0
1790595557.8777971,1,6,3,-2,18016,32307,19488,4191,733986,733987,733989,733990,0,0,0,0
1790595558.077963,1,1,-1,-4,17999,32320,19502,4175,734016,734017,734019,734020,0,0,0,0
1790595558.0878127,4,-4,0,2,17963,32353,19529,4143,734136,734137,734139,734140,0,0,0,0
1790595558.1875927,-4,1,-4,0,17969,32348,19525,4148,734166,734167,734169,734170,0,0,0,0
1790595558.1875927,0,0,-3,2,17972,32347,19523,4149,734196,734197,734199,734200,0,0,0,0
1790595558.27901,-2,-1,-1,1,17966,32351,19527,4144,734256,734257,734259,734260,0,0,0,0
1790595558.4785368,-1,-1,5,-2,17965,32352,19529,4143,734376,734377,734379,734380,0,0,0,0
1790595558.6896856,4,1,-2,1,17963,32353,19529,4142,734406,734407,734409,734410,0,0,0,0
1790595558.6896856,5,0,-2,-4,17967,32350,19527,4146,734496,734497,734499,734500,0,0,0,0
1790595558.8882322,1,0,3,0,17974,32346,19522,4152,734586,734587,734589,734590,0,0,0,0
1790595559.0999985,3,-2,-5,2,17975,32345,19522,4152,734646,734647,734649,734650,0,0,0,0
1790595559.106201,2,-1,-6,-2,17979,32343,19521,4155,734736,734737,734739,734740,0,0,0,0
1790595559.1975787,1,-2,-8,0,17978,32342,19520,4154,734796,734797,734799,734800,0,0,0,0
1790595559.298521,1,0,2,-3,17978,32341,19518,4154,734856,734857,734859,734860,0,0,0,0
1790595559.48756,-4,-6,0,-2,17975,32349,19525,4153,734886,734887,734889,734890,0,0,0,0
1790595559.48756,4,-3,-1,2,17970,32352,19531,4151,734976,734977,734979,734980,0,0,0,0
1790595559.7084846,4,-2,3,3,17968,32355,19532,4148,735006,735007,735009,735010,0,0,0,0
1790595559.7084846,-1,-6,-4,10,17973,32355,19534,4156,735066,735067,735069,735070,0,0,0,0
1790595559.917571,0,0,-6,3,17976,32353,19533,4159,735126,735127,735129,735130,0,0,0,0
1790595559.917571,-1,1,-7,-4,17973,32361,19538,4155,735216,735217,735219,735220,0,0,0,0
1790595560.1230574,4,1,-2,1,17973,32362,19539,4155,735246,735247,735249,735250,0,0,0,0
1790595560.1230574,2,-4,-2,0,17960,32363,19541,4144,735306,735307,735309,735310,0,0,0,0
1790595560.1332762,1,4,-2,1,17938,32388,19564,4117,735336,735337,735339,735340,0,0,0,0
1790595560.2083402,1,-2,0,-5,17929,32394,19575,4119,735366,735367,735369,735370,0,0,0,0
1790595560.2083402,1,6,-1,3,17933,32394,19573,4124,735396,735397,735399,735400,0,0,0,0
1790595560.255775,1,-4,-6,1,17944,32386,19565,4135,735426,735427,735429,735430,0,0,0,0
1790595560.3341255,-1,6,1,1,17953,32379,19559,4140,735456,735457,735459,735460,0,0,0,0
1790595560.4529037,1,2,1,-1,17957,32379,19559,4144,735486,735487,735489,735490,0,0,0,0
1790595560.4539142,3,-4,0,-2,17957,32381,19561,4143,735516,735517,735519,735520,0,0,0,0
1790595560.4559321,-5,-7,3,-4,17955,32383,19563,4140,735546,735547,735549,735550,0,0,0,0
1790595560.5376108,-3,1,-3,-3,17955,32385,19563,4138,735576,735577,735579,735580,0,0,0,0
1790595560.7376392,-4,-3,2,0,17952,32384,19564,4136,735636,735637,735639,735640,0,0,0,0
1790595560.7376392,4,0,0,0,17951,32379,19561,4137,735726,735727,735729,735730,0,0,0,0
1790595560.856023,-1,0,-8,-5,17946,32382,19565,4135,735786,735787,735789,735790,0,0,0,0
1790595560.941729,4,-5,-1,9,17943,32381,19568,4140,735846,735847,735849,735850,0,0,0,0
1790595561.0575366,2,0,2,2,17949,32381,19569,4147,735906,735907,735909,735910,0,0,0,0
1790595561.072477,-5,-1,1,-3,17955,32380,19566,4148,735936,735937,735939,735940,0,0,0,0
1790595561.151768,0,4,-4,0,17958,32380,19566,4151,735966,735967,735969,735970,0,0,0,0
1790595561.208084,2,-3,4,-5,17958,32378,19566,4151,735996,735997,735999,736000,0,0,0,0
1790595561.208084,4,0,1,2,17970,32370,19560,4164,736026,736027,736029,736030,0,0,0,0
1790595561.3123252,87,-61,-42,54,19377,31083,18648,5239,736086,736087,736089,736090,0,0,0,0
1790595561.409979,52,-60,-48,52,21012,29174,17060,7018,736116,736117,736119,736120,0,0,0,0
1790595561.409979,72,-81,-62,76,22931,27302,15059,8924,736146,736147,736149,736150,0,0,0,0
1790595561.5579276,84,-68,-84,98,27105,23122,10651,13260,736206,736207,736209,736210,0,0,0,0
1790595561.620075,61,-57,-75,63,29037,21181,8770,15166,736236,736237,736239,736240,0,0,0,0
1790595561.625934,60,-47,-50,52,30720,19554,7068,16835,736266,736267,736269,736270,0,0,0,0
1790595561.7167645,42,-39,-39,44,642,16901,4465,19390,736326,736327,736329,736330,0,0,0,0
1790595561.772605,47,-52,-41,41,1828,15730,3255,20671,736356,736357,736359,736360,0,0,0,0
1790595561.967527,50,-59,-50,45,3122,14322,1923,21971,736386,736387,736389,736390,0,0,0,0
1790595561.967527,72,-64,-59,59,6344,11189,31436,25412,736446,736447,736449,736450,0,0,0,0
1790595561.9724498,56,-66,-74,74,8083,9325,29574,27131,736476,736477,736479,736480,0,0,0,0
1790595562.0421016,66,-65,-64,50,9892,7611,27812,28983,736506,736507,736509,736510,0,0,0,0
1790595562.12259,57,-54,-61,62,11564,5852,26139,30636,736536,736537,736539,736540,0,0,0,0
1790595562.135345,59,-50,-57,56,13123,4400,24528,32314,736566,736567,736569,736570,0,0,0,0
1790595562.1755877,53,-53,-48,41,14606,2950,23099,918,736596,736597,736599,736600,0,0,0,0
1790595562.2377687,49,-61,-49,53,16098,1395,21662,2369,736626,736627,736629,736630,0,0,0,0
1790595562.322646,53,-47,-67,56,17551,32766,20173,3802,736656,736657,736659,736660,0,0,0,0
1790595562.322646,59,-47,-61,56,19000,31263,18687,5316,736686,736687,736689,736690,0,0,0,0
1790595562.3884678,58,-59,-54,64,20588,29686,17108,6950,736716,736717,736719,736720,0,0,0,0
1790595562.4676077,60,-56,-71,68,22247,27987,15388,8669,736746,736747,736749,736750,0,0,0,0
1790595562.4676077,62,-67,-59,53,23910,26309,13777,10349,736776,736777,736779,736780,0,0,0,0
1790595562.5782194,49,-61,-59,57,25591,24648,12065,11997,736806,736807,736809,736810,0,0,0,0
1790595562.5926986,59,-50,-53,52,27224,23080,10392,13642,736836,736837,736839,736840,0,0,0,0
1790595562.6718833,56,-52,-50,50,28698,21600,8957,15107,736866,736867,736869,736870,0,0,0,0
1790595562.7778392,47,-61,-60,57,30203,20064,7478,16593,736896,736897,736899,736900,0,0,0,0
1790595562.7885618,50,-46,-50,62,31659,18644,5995,18168,736926,736927,736929,736930,0,0,0,0
1790595562.789629,61,-49,-52,48,406,17051,4446,19646,736956,736957,736959,736960,0,0,0,0
1790595562.8474293,54,-68,-65,54,2000,15532,2851,21197,736986,736987,736989,736990,0,0,0,0
1790595562.9899328,58,-54,-53,47,5146,12355,32452,24407,737046,737047,737049,737050,0,0,0,0
1790595562.9899328,50,-59,-49,51,6645,10939,30994,25863,737076,737077,737079,737080,0,0,0,0
1790595563.2027879,45,-43,-58,58,9347,8214,28291,28628,737136,737137,737139,737140,0,0,0,0
1790595563.2075398,43,-53,-43,47,10570,7006,26942,29864,737166,737167,737169,737170,0,0,0,0
1790595563.21839,48,-45,-47,51,11917,5584,25660,31257,737196,737197,737199,737200,0,0,0,0
1790595563.2481265,57,-61,-43,46,13309,4269,24282,32610,737226,737227,737229,737230,0,0,0,0
1790595563.397886,30,-31,-34,21,17334,363,20325,3825,737316,737317,737319,737320,0,0,0,0
1790595563.407661,-8,-6,-5,-17,17682,32708,20340,3672,737346,737347,737349,737350,0,0,0,0
1790595563.6053846,-1,3,4,-5,17188,32470,20223,3548,737436,737437,737439,737440,0,0,0,0
1790595563.6079094,1,1,3,-3,17123,32534,20300,3493,737466,737467,737469,737470,0,0,0,0
1790595563.7682064,-7,-1,0,-4,17077,32575,20343,3456,737496,737497,737499,737500,0,0,0,0
1790595564.012653,4,-1,3,-4,17080,32576,20342,3463,737586,737587,737589,737590,0,0,0,0
1790595564.0176492,0,1,-1,0,17098,32560,20325,3474,737706,737707,737709,737710,0,0,0,0
1790595564.2041903,1,0,-1,1,17092,32564,20331,3470,737796,737797,737799,737800,0,0,0,0
1790595564.2165782,0,0,-6,-2,17094,32564,20330,3471,737826,737827,737829,737830,0,0,0,0
1790595564.2696717,0,-2,2,1,17089,32567,20341,3475,737856,737857,737859,737860,0,0,0,0
1790595564.4176745,-4,-1,-2,-1,17087,32569,20341,3470,737886,737887,737889,737890,0,0,0,0
1790595564.4176745,2,1,3,0,17095,32566,20333,3472,737946,737947,737949,737950,0,0,0,0
1790595564.5278015,2,1,6,-3,17096,32565,20331,3472,738006,738007,738009,738010,0,0,0,0
1790595564.6275427,-5,3,-1,2,17089,32569,20338,3466,738036,738037,738039,738040,0,0,0,0
1790595564.6377099,1,0,-5,0,17086,32575,20342,3463,738066,738067,738069,738070,0,0,0,0
1790595564.8027217,0,2,-1,-2,17086,32575,20343,3463,738096,738097,738099,738100,0,0,0,0
1790595564.8027217,-1,-5,-3,-1,17087,32574,20342,3464,738126,738127,738129,738130,0,0,0,0
1790595565.0376115,2,1,-4,-3,17087,32572,20342,3464,738186,738187,738189,738190,0,0,0,0
1790595565.0376115,-6,1,1,4,17102,32575,20344,3477,738216,738217,738219,738220,0,0,0,0
1790595565.041953,-3,-2,0,0,17105,32565,20332,3476,738306,738307,738309,738310,0,0,0,0
1790595565.242354,0,5,1,-4,17092,32575,20344,3466,738336,738337,738339,738340,0,0,0,0
1790595565.242354,1,0,1,12,17087,32577,20346,3466,738396,738397,738399,738400,0,0,0,0
1790595565.2569294,-2,-2,-1,2,17093,32573,20341,3470,738426,738427,738429,738430,0,0,0,0
1790595565.4480286,2,-5,0,1,17093,32575,20343,3468,738456,738457,738459,738460,0,0,0,0
1790595565.4480286,-2,1,0,0,17076,32575,20340,3452,738516,738517,738519,738520,0,0,0,0
1790595565.457577,0,-4,1,0,17084,32578,20353,3470,738546,738547,738549,738550,0,0,0,0
1790595565.6381636,1,0,-1,-2,17093,32576,20348,3473,738576,738577,738579,738580,0,0,0,0
1790595565.6427555,0,2,-1,4,17098,32570,20344,3480,738636,738637,738639,738640,0,0,0,0
1790595565.6475322,1,-5,0,-2,17098,32574,20348,3477,738666,738667,738669,738670,0,0,0,0
1790595565.8595133,-1,1,3,1,17097,32577,20352,3475,738696,738697,738699,738700,0,0,0,0
1790595565.8624773,-1,0,-5,-3,17102,32579,20364,3488,738756,738757,738759,738760,0,0,0,0
1790595565.867453,-3,-1,5,0,17098,32582,20366,3483,738786,738787,738789,738790,0,0,0,0
1790595566.062473,-7,-1,-3,-1,17096,32583,20369,3483,738816,738817,738819,738820,0,0,0,0
1790595566.062473,-1,2,3,0,17095,32585,20370,3482,738846,738847,738849,738850,0,0,0,0
1790595566.065121,3,-3,-4,-2,17097,32584,20369,3483,738876,738877,738879,738880,0,0,0,0
1790595566.065121,1,-1,-1,3,17100,32580,20366,3486,738906,738907,738909,738910,0,0,0,0
1790595566.2674706,-2,-1,0,3,17115,32555,20329,3502,739026,739027,739029,739030,0,0,0,0
1790595566.457424,2,-1,-2,-3,17165,32557,20323,3529,739056,739057,739059,739060,0,0,0,0
1790595566.457424,1,2,2,1,17141,32571,20347,3512,739116,739117,739119,739120,0,0,0,0
1790595566.457424,-3,0,4,1,17123,32582,20362,3500,739146,739147,739149,739150,0,0,0,0
1790595566.677553,1,2,0,-1,17117,32585,20367,3496,739176,739177,739179,739180,0,0,0,0
1790595566.8774254,-2,-5,1,-2,17160,32543,20314,3532,739266,739267,739269,739270,0,0,0,0
1790595566.8774254,0,4,4,-5,17121,32581,20358,3493,739326,739327,739329,739330,0,0,0,0
1790595566.8774254,0,-5,-4,-1,17108,32592,20371,3483,739356,739357,739359,739360,0,0,0,0
1790595566.8895507,-4,-1,0,-1,17106,32592,20373,3484,739386,739387,739389,739390,0,0,0,0
1790595567.0877292,1,-1,0,1,17120,32580,20357,3496,739476,739477,739479,739480,0,0,0,0
1790595567.297958,2,-1,0,-3,17111,32587,20367,3488,739566,739567,739569,739570,0,0,0,0
1790595567.297958,5,-2,-2,1,17113,32586,20364,3491,739596,739597,739599,739600,0,0,0,0
1790595567.3181467,-1,-3,1,-2,17119,32582,20359,3494,739686,739687,739689,739690,0,0,0,0
1790595567.4977183,1,2,-1,0,17126,32578,20355,3500,739776,739777,739779,739780,0,0,0,0
1790595567.4977183,1,5,-3,-3,17126,32577,20354,3502,739806,739807,739809,739810,0,0,0,0
1790595567.6999602,0,4,4,-3,17122,32579,20357,3499,739836,739837,739839,739840,0,0,0,0
1790595567.6999602,1,-3,0,-2,17121,32580,20359,3498,739896,739897,739899,739900,0,0,0,0
1790595567.9026515,-1,-1,4,3,17130,32574,20351,3507,739956,739957,739959,739960,0,0,0,0
1790595567.9075162,-2,3,-4,-1,17137,32572,20346,3510,740016,740017,740019,740020,0,0,0,0
1790595568.1094763,-2,-8,1,0,17136,32575,20351,3508,740046,740047,740049,740050,0,0,0,0
1790595568.1094763,1,-3,0,-3,17136,32575,20353,3507,740076,740077,740079,740080,0,0,0,0
1790595568.1094763,1,-5,-2,-1,17165,32594,20360,3515,740136,740137,740139,740140,0,0,0,0
1790595568.2876868,-1,2,0,3,17161,32596,20365,3515,740166,740167,740169,740170,0,0,0,0
1790595568.2876868,-2,-3,-5,-2,17154,32601,20374,3511,740196,740197,740199,740200,0,0,0,0
1790595568.292872,-4,1,-2,-3,17154,32601,20370,3512,740256,740257,740259,740260,0,0,0,0
1790595568.5181143,4,-3,2,3,17168,32594,20359,3525,740346,740347,740349,740350,0,0,0,0
1790595568.5277002,1,3,-3,2,17172,32595,20357,3525,740376,740377,740379,740380,0,0,0,0
1790595568.5277002,0,-4,5,0,17169,32595,20358,3523,740406,740407,740409,740410,0,0,0,0
1790595568.7177405,-1,0,1,-1,17168,32598,20364,3524,740466,740467,740469,740470,0,0,0,0
1790595568.9306722,1,7,3,-1,17163,32602,20368,3518,740526,740527,740529,740530,0,0,0,0
1790595568.9306722,-5,-2,-4,3,17164,32607,20372,3517,740556,740557,740559,740560,0,0,0,0
1790595568.9306722,0,-2,5,1,17129,32632,20406,3488,740616,740617,740619,740620,0,0,0,0
1790595569.0582142,1,-2,-1,0,17145,32628,20405,3507,740676,740677,740679,740680,0,0,0,0
1790595569.0582142,-7,2,-5,-2,17159,32621,20395,3518,740706,740707,740709,740710,0,0,0,0
1790595569.1357687,-2,-2,1,-4,17164,32617,20388,3519,740736,740737,740739,740740,0,0,0,0
1790595569.2680826,7,3,3,0,17165,32618,20390,3518,740766,740767,740769,740770,0,0,0,0
1790595569.2680826,-6,-1,3,1,17162,32618,20392,3518,740796,740797,740799,740800,0,0,0,0
1790595569.2680826,-3,-1,-1,-1,17162,32620,20393,3516,740826,740827,740829,740830,0,0,0,0
1790595569.3181796,-3,3,1,-3,17160,32620,20392,3515,740856,740857,740859,740860,0,0,0,0
1790595569.5425484,-1,-4,2,1,17169,32622,20396,3522,740946,740947,740949,740950,0,0,0,0
1790595569.54763,-3,-2,-4,-10,17169,32620,20396,3525,741006,741007,741009,741010,0,0,0,0
1790595569.7481055,-4,0,-2,1,17169,32619,20397,3524,741036,741037,741039,741040,0,0,0,0
1790595569.7481055,0,-9,0,-1,17169,32621,20396,3524,741096,741097,741099,741100,0,0,0,0
1790595569.7568755,0,1,1,-1,17167,32622,20398,3523,741126,741127,741129,741130,0,0,0,0
1790595569.956332,0,-1,-4,-2,17169,32618,20393,3527,741216,741217,741219,741220,0,0,0,0
1790595570.1591454,-3,-6,-1,0,17165,32622,20398,3521,741276,741277,741279,741280,0,0,0,0
1790595570.1591454,-1,-3,2,2,17166,32620,20397,3524,741366,741367,741369,741370,0,0,0,0
1790595570.3087819,-1,0,4,0,17168,32620,20397,3525,741396,741397,741399,741400,0,0,0,0
1790595570.3087819,-3,1,0,0,17168,32620,20397,3525,741426,741427,741429,741430,0,0,0,0
1790595570.3128574,-1,-4,0,-4,17167,32620,20398,3526,741456,741457,741459,741460,0,0,0,0
1790595570.3607543,-1,2,-2,-5,17168,32620,20398,3525,741486,741487,741489,741490,0,0,0,0
1790595570.3776634,-2,-1,-1,-1,17167,32620,20398,3525,741516,741517,741519,741520,0,0,0,0
1790595570.5685956,3,0,1,2,17168,32621,20397,3526,741546,741547,741549,741550,0,0,0,0
1790595570.5685956,-4,0,2,0,17172,32620,20396,3529,741606,741607,741609,741610,0,0,0,0
1790595570.7716947,1,3,2,1,17176,32618,20395,3532,741696,741697,741699,741700,0,0,0,0
1790595570.774965,1,3,-4,-1,17178,32617,20394,3534,741726,741727,741729,741730,0,0,0,0
1790595570.9785078,-1,0,3,3,17179,32619,20394,3535,741756,741757,741759,741760,0,0,0,0
1790595570.9785078,4,-5,2,0,17178,32622,20398,3533,741846,741847,741849,741850,0,0,0,0
1790595571.1812565,0,4,-5,2,17183,32623,20397,3535,741906,741907,741909,741910,0,0,0,0
1790595571.1812565,5,2,4,1,17183,32622,20397,3534,741936,741937,741939,741940,0,0,0,0
1790595571.1812565,2,1,-6,-1,17183,32623,20396,3534,741966,741967,741969,741970,0,0,0,0
1790595571.3075209,-4,2,-3,-5,17186,32620,20392,3532,742056,742057,742059,742060,0,0,0,0
1790595571.3898582,-4,4,2,0,17183,32620,20394,3531,742086,742087,742089,742090,0,0,0,0
1790595571.5880382,0,-3,-3,-3,17183,32617,20390,3532,742176,742177,742179,742180,0,0,0,0
1790595571.5880382,0,2,3,2,17181,32615,20389,3532,742206,742207,742209,742210,0,0,0,0
1790595571.7976449,-6,-6,1,1,17182,32616,20389,3533,742236,742237,742239,742240,0,0,0,0
1790595571.7976449,1,2,2,-1,17180,32616,20390,3532,742266,742267,742269,742270,0,0,0,0
1790595571.7976449,1,1,-6,0,17178,32617,20393,3532,742326,742327,742329,742330,0,0,0,0
1790595571.9984064,-6,5,1,1,17179,32616,20392,3534,742356,742357,742359,742360,0,0,0,0
1790595571.9984064,3,2,-1,-2,17184,32617,20392,3539,742446,742447,742449,742450,0,0,0,0
1790595572.18742,-1,4,0,2,17184,32623,20399,3538,742536,742537,742539,742540,0,0,0,0
1790595572.18742,0,6,-4,0,17185,32624,20397,3538,742566,742567,742569,742570,0,0,0,0
1790595572.18742,5,0,4,-1,17187,32624,20397,3538,742596,742597,742599,742600,0,0,0,0
1790595572.2175074,-2,0,3,-1,17189,32623,20396,3539,742626,742627,742629,742630,0,0,0,0
1790595572.3176062,-1,-4,-3,3,17190,32624,20396,3538,742656,742657,742659,742660,0,0,0,0
1790595572.3176062,0,1,-6,-2,17189,32625,20396,3535,742686,742687,742689,742690,0,0,0,0
1790595572.4075103,-2,1,-2,0,17187,32624,20395,3534,742746,742747,742749,742750,0,0,0,0
1790595572.6175363,-3,-2,1,0,17185,32622,20392,3534,742776,742777,742779,742780,0,0,0,0
1790595572.6175363,2,-4,-5,1,17183,32619,20392,3532,742836,742837,742839,742840,0,0,0,0
1790595572.817612,-8,-4,3,-2,17185,32613,20388,3540,742956,742957,742959,742960,0,0,0,0
1790595572.8278782,-2,-1,3,-1,17184,32616,20391,3538,742986,742987,742989,742990,0,0,0,0
1790595573.028505,-2,-3,2,-2,17188,32620,20394,3542,743076,743077,743079,743080,0,0,0,0
1790595573.028505,1,-12,-2,4,17190,32619,20393,3544,743106,743107,743109,743110,0,0,0,0
1790595573.2273755,2,-1,1,0,17194,32620,20392,3545,743136,743137,743139,743140,0,0,0,0
1790595573.2273755,-1,1,-2,7,17197,32621,20392,3545,743196,743197,743199,743200,0,0,0,0
1790595573.2273755,-3,2,1,0,17197,32624,20395,3543,743226,743227,743229,743230,0,0,0,0
1790595573.3275242,2,-3,-1,0,17198,32624,20395,3542,743286,743287,743289,743290,0,0,0,0
1790595573.437445,0,3,-2,-2,17202,32618,20389,3545,743346,743347,743349,743350,0,0,0,0
1790595573.6388922,1,1,-2,-1,17201,32618,20390,3544,743376,743377,743379,743380,0,0,0,0
1790595573.6427937,-3,2,-1,-1,17191,32623,20395,3537,743436,743437,743439,743440,0,0,0,0
1790595573.6481042,-8,1,1,2,17191,32619,20391,3540,743466,743467,743469,743470,0,0,0,0
1790595573.8430042,-4,-1,1,1,17195,32616,20389,3543,743496,743497,743499,743500,0,0,0,0
1790595573.8430042,2,-2,4,-3,17195,32616,20390,3546,743556,743557,743559,743560,0,0,0,0
1790595573.8575656,-1,-3,-3,0,17193,32618,20391,3545,743586,743587,743589,743590,0,0,0,0
1790595574.047936,-1,-6,4,0,17191,32619,20393,3545,743616,743617,743619,743620,0,0,0,0
1790595574.0528274,5,3,1,3,17189,32626,20403,3544,743706,743707,743709,743710,0,0,0,0
1790595574.2561717,3,-1,-1,1,17194,32626,20402,3547,743736,743737,743739,743740,0,0,0,0
1790595574.2577524,3,0,1,-4,17201,32629,20403,3550,743826,743827,743829,743830,0,0,0,0
1790595574.3274705,-1,2,0,-3,17199,32631,20404,3546,743856,743857,743859,743860,0,0,0,0
1790595574.4577682,1,2,-5,3,17201,32630,20404,3547,743886,743887,743889,743890,0,0,0,0
1790595574.4577682,-5,8,-4,-5,17204,32628,20400,3547,743946,743947,743949,743950,0,0,0,0
1790595574.657873,-2,4,0,-1,17200,32627,20399,3543,744066,744067,744069,744070,0,0,0,0
1790595574.6776302,-2,-18,-4,-2,17197,32624,20397,3543,744096,744097,744099,744100,0,0,0,0
1790595574.8676865,1,-5,-2,5,17198,32620,20395,3546,744186,744187,744189,744190,0,0,0,0
1790595574.8676865,2,4,6,1,17197,32620,20397,3546,744216,744217,744219,744220,0,0,0,0
1790595575.0745137,-4,-4,2,1,17194,32624,20402,3545,744246,744247,744249,744250,0,0,0,0
1790595575.0778525,-1,-3,2,3,17194,32628,20406,3548,744336,744337,744339,744340,0,0,0,0
1790595575.2827098,-4,1,2,-3,17205,32630,20407,3557,744426,744427,744429,744430,0,0,0,0
1790595575.2975695,2,5,0,0,17204,32634,20412,3556,744456,744457,744459,744460,0,0,0,0
1790595575.3325996,4,0,1,0,17206,32636,20414,3557,744486,744487,744489,744490,0,0,0,0
1790595575.4828053,-2,-2,-1,-3,17210,32634,20412,3559,744516,744517,744519,744520,0,0,0,0
1790595575.4828053,-3,-2,-1,1,17220,32632,20408,3569,744576,744577,744579,744580,0,0,0,0
1790595575.6880574,1,1,-1,3,17223,32634,20409,3570,744606,744607,744609,744610,0,0,0,0
1790595575.6880574,1,1,0,-3,17224,32636,20412,3569,744666,744667,744669,744670,0,0,0,0
1790595575.6880574,2,0,-1,-1,17225,32635,20410,3570,744696,744697,744699,744700,0,0,0,0
1790595575.892657,1,-1,-4,-5,17228,32636,20410,3571,744726,744727,744729,744730,0,0,0,0
1790595575.8946753,1,3,-1,-2,17225,32636,20410,3568,744786,744787,744789,744790,0,0,0,0
1790595576.0978074,-6,3,0,-1,17224,32634,20411,3567,744846,744847,744849,744850,0,0,0,0
1790595576.0978074,-6,-4,2,0,17222,32633,20408,3567,744906,744907,744909,744910,0,0,0,0
1790595576.297687,-1,2,-2,0,17219,32634,20412,3565,744936,744937,744939,744940,0,0,0,0
1790595576.297687,-2,0,3,0,17217,32629,20411,3570,745026,745027,745029,745030,0,0,0,0
1790595576.3175132,-2,-2,2,-3,17219,32629,20411,3572,745056,745057,745059,745060,0,0,0,0
1790595576.3477485,6,-2,1,2,17220,32631,20413,3573,745086,745087,745089,745090,0,0,0,0
1790595576.5078773,2,3,-3,5,17219,32636,20419,3577,745176,745177,745179,745180,0,0,0,0
1790595576.7088788,2,3,-5,1,17222,32634,20418,3581,745206,745207,745209,745210,0,0,0,0
1790595576.7127862,3,4,0,2,17225,32635,20419,3582,745236,745237,745239,745240,0,0,0,0
1790595576.7127862,-1,5,2,-1,17228,32636,20419,3585,745266,745267,745269,745270,0,0,0,0
1790595576.7127862,1,-1,-2,2,17231,32639,20423,3585,745296,745297,745299,745300,0,0,0,0
1790595576.9176564,3,4,-6,2,17231,32643,20426,3582,745326,745327,745329,745330,0,0,0,0
1790595576.9176564,0,4,3,-1,17237,32642,20426,3587,745386,745387,745389,745390,0,0,0,0
1790595577.1183262,1,2,4,-3,17242,32644,20425,3589,745476,745477,745479,745480,0,0,0,0
1790595577.1282973,4,-1,-4,0,17249,32642,20421,3592,745536,745537,745539,745540,0,0,0,0
1790595577.325881,-8,0,-1,-3,17248,32640,20419,3591,745566,745567,745569,745570,0,0,0,0
1790595577.3279114,-1,5,0,1,17242,32642,20422,3585,745656,745657,745659,745660,0,0,0,0
1790595577.3616846,-1,7,-2,2,17243,32640,20421,3587,745686,745687,745689,745690,0,0,0,0
1790595577.4478886,-4,0,-5,1,17243,32638,20419,3588,745716,745717,745719,745720,0,0,0,0
1790595577.4576237,1,1,-3,-3,17239,32639,20420,3586,745746,745747,745749,745750,0,0,0,0
1790595577.527661,-2,-2,1,-2,17239,32641,20424,3586,745776,745777,745779,745780,0,0,0,0
1790595577.7278414,-1,-1,5,3,17241,32643,20428,3590,745836,745837,745839,745840,0,0,0,0
1790595577.7278414,-2,7,-2,-1,17240,32645,20431,3591,745866,745867,745869,745870,0,0,0,0
1790595577.737422,-3,5,-1,2,17235,32649,20436,3591,745926,745927,745929,745930,0,0,0,0
1790595577.9386578,8,0,0,3,17240,32651,20438,3593,745956,745957,745959,745960,0,0,0,0
1790595577.9430144,2,3,2,4,17245,32653,20442,3600,746016,746017,746019,746020,0,0,0,0
1790595577.9430144,2,0,0,3,17250,32654,20442,3604,746046,746047,746049,746050,0,0,0,0
1790595577.948021,2,0,-2,-1,17254,32657,20444,3606,746076,746077,746079,746080,0,0,0,0
1790595578.137503,0,3,-4,3,17255,32660,20448,3606,746106,746107,746109,746110,0,0,0,0
1790595578.1478395,3,3,-1,-1,17261,32664,20451,3611,746166,746167,746169,746170,0,0,0,0
1790595578.347725,-1,5,5,0,17264,32665,20450,3614,746196,746197,746199,746200,0,0,0,0
1790595578.351897,1,1,-2,-2,17271,32665,20449,3617,746256,746257,746259,746260,0,0,0,0
1790595578.351897,-3,25,2,0,17271,32669,20453,3617,746286,746287,746289,746290,0,0,0,0
1790595578.377816,-4,-2,0,-2,17269,32670,20455,3613,746316,746317,746319,746320,0,0,0,0
1790595578.5485668,0,1,-3,4,17271,32671,20457,3615,746346,746347,746349,746350,0,0,0,0
1790595578.5576873,3,-2,-2,2,17272,32671,20453,3613,746406,746407,746409,746410,0,0,0,0
1790595578.7582898,1,-1,-5,-4,17272,32670,20453,3611,746436,746437,746439,746440,0,0,0,0
1790595578.7582898,1,0,-3,1,17266,32673,20458,3606,746526,746527,746529,746530,0,0,0,0
1790595578.9586258,-2,0,-2,1,17269,32672,20456,3610,746556,746557,746559,746560,0,0,0,0
1790595578.9586258,1,-2,2,-4,17266,32673,20463,3611,746646,746647,746649,746650,0,0,0,0
1790595579.1702192,-3,-1,-2,-2,17263,32675,20467,3610,746676,746677,746679,746680,0,0,0,0
1790595579.1702192,-4,3,-1,-1,17255,32687,20482,3604,746736,746737,746739,746740,0,0,0,0
1790595579.378331,-2,-2,1,0,17260,32686,20483,3613,746796,746797,746799,746800,0,0,0,0
1790595579.378331,1,0,5,-2,17264,32685,20480,3617,746826,746827,746829,746830,0,0,0,0
1790595579.378331,-2,4,4,-1,17269,32686,20482,3623,746886,746887,746889,746890,0,0,0,0
1790595579.397649,0,-3,2,0,17271,32689,20485,3624,746916,746917,746919,746920,0,0,0,0
1790595579.5778358,0,2,-4,1,17271,32692,20492,3623,746946,746947,746949,746950,0,0,0,0
1790595579.5778358,5,-5,-1,5,17271,32696,20498,3625,747006,747007,747009,747010,0,0,0,0
1790595579.5904865,1,-4,4,-2,17274,32697,20500,3627,747036,747037,747039,747040,0,0,0,0
1790595579.7850902,3,4,0,0,17277,32698,20500,3628,747066,747067,747069,747070,0,0,0,0
1790595579.7878075,2,5,1,0,17277,32701,20504,3627,747096,747097,747099,747100,0,0,0,0
1790595579.7878075,2,3,5,0,17277,32705,20509,3626,747126,747127,747129,747130,0,0,0,0
1790595579.7898412,-2,2,-4,1,17276,32708,20513,3626,747156,747157,747159,747160,0,0,0,0
1790595579.9880812,1,-1,1,0,17277,32716,20522,3628,747216,747217,747219,747220,0,0,0,0
1790595579.9880812,2,-2,-2,-2,17278,32718,20524,3630,747246,747247,747249,747250,0,0,0,0
1790595579.9880812,-1,4,0,-3,17279,32718,20527,3631,747276,747277,747279,747280,0,0,0,0
1790595580.1928658,0,-6,-5,-1,17278,32730,20546,3631,747366,747367,747369,747370,0,0,0,0
1790595580.3776267,-1,-3,-1,-2,17277,32733,20551,3630,747396,747397,747399,747400,0,0,0,0
1790595580.3828697,3,-5,4,-4,17273,32745,20568,3628,747486,747487,747489,747490,0,0,0,0
1790595580.6030295,-5,-3,-5,-1,17272,32746,20569,3627,747516,747517,747519,747520,0,0,0,0
1790595580.607678,1,-6,-3,-1,17266,5,20609,3627,747636,747637,747639,747640,0,0,0,0
1790595580.61116,0,-3,2,-2,17264,10,20617,3626,747666,747667,747669,747670,0,0,0,0
1790595580.8075264,3,1,3,-1,17261,12,20622,3624,747696,747697,747699,747700,0,0,0,0
1790595580.8075264,2,-6,-1,-1,17260,12,20624,3624,747726,747727,747729,747730,0,0,0,0
1790595580.8075264,-1,-2,-3,-1,17260,13,20628,3627,747756,747757,747759,747760,0,0,0,0
1790595580.812924,1,-3,-3,-1,17259,18,20633,3626,747786,747787,747789,747790,0,0,0,0
1790595581.0094087,-2,-2,2,4,17258,22,20644,3628,747816,747817,747819,747820,0,0,0,0
1790595581.0094087,-1,3,-1,4,17258,31,20656,3631,747876,747877,747879,747880,0,0,0,0
1790595581.0251036,0,-2,-8,-8,17256,33,20660,3629,747906,747907,747909,747910,0,0,0,0
1790595581.2075772,-2,-1,0,0,17256,44,20676,3635,747996,747997,747999,748000,0,0,0,0
1790595581.387571,1,-4,-4,6,17253,52,20687,3633,748056,748057,748059,748060,0,0,0,0
1790595581.3898816,0,-3,-2,-2,17244,64,20705,3631,748116,748117,748119,748120,0,0,0,0
1790595581.6276934,-1,6,-1,-1,17236,79,20732,3629,748206,748207,748209,748210,0,0,0,0
1790595581.6374633,4,2,3,0,17235,88,20746,3636,748266,748267,748269,748270,0,0,0,0
1790595581.8328097,1,0,0,2,17232,90,20752,3636,748296,748297,748299,748300,0,0,0,0
1790595581.8328097,3,-1,4,2,17230,94,20759,3638,748326,748327,748329,748330,0,0,0,0
1790595581.8328097,2,-5,6,-1,17227,99,20765,3638,748356,748357,748359,748360,0,0,0,0
1790595581.837625,2,1,-3,3,17229,101,20768,3641,748386,748387,748389,748390,0,0,0,0
1790595582.0377083,1,2,-4,2,17230,101,20772,3644,748416,748417,748419,748420,0,0,0,0
1790595582.0377083,4,-2,-2,1,17227,113,20787,3645,748476,748477,748479,748480,0,0,0,0
1790595582.237973,-1,2,-2,-5,17220,123,20805,3643,748536,748537,748539,748540,0,0,0,0
1790595582.2428844,2,-3,3,-2,17223,126,20808,3647,748566,748567,748569,748570,0,0,0,0
1790595582.2428844,0,-3,6,1,17224,127,20813,3651,748596,748597,748599,748600,0,0,0,0
1790595582.2473752,-2,1,1,3,17224,135,20820,3652,748626,748627,748629,748630,0,0,0,0
1790595582.398075,0,-1,-3,4,17223,139,20826,3651,748656,748657,748659,748660,0,0,0,0
1790595582.398075,0,-3,2,0,17216,146,20835,3651,748716,748717,748719,748720,0,0,0,0
1790595582.6497269,-4,2,7,-1,17215,149,20837,3651,748746,748747,748749,748750,0,0,0,0
1790595582.6497269,0,6,-2,1,17211,167,20860,3650,748866,748867,748869,748870,0,0,0,0
1790595582.8579178,3,0,1,1,17208,172,20863,3650,748896,748897,748899,748900,0,0,0,0
1790595582.8579178,-1,1,3,1,17211,174,20869,3654,748956,748957,748959,748960,0,0,0,0
1790595582.8784556,3,-3,0,1,17210,178,20872,3653,748986,748987,748989,748990,0,0,0,0
1790595583.0575821,4,1,-2,-1,17211,184,20877,3652,749016,749017,749019,749020,0,0,0,0
1790595583.0699635,-4,1,2,1,17210,204,20894,3650,749136,749137,749139,749140,0,0,0,0
1790595583.2683015,4,0,-1,0,17207,214,20902,3647,749166,749167,749169,749170,0,0,0,0
1790595583.2683015,3,2,-5,-2,17203,223,20912,3644,749196,749197,749199,749200,0,0,0,0
1790595583.2683015,-5,-3,0,-3,17199,229,20917,3641,749226,749227,749229,749230,0,0,0,0
1790595583.4078848,1,-2,1,0,17197,234,20923,3638,749256,749257,749259,749260,0,0,0,0
1790595583.4178383,-1,-6,2,-3,17193,239,20928,3633,749286,749287,749289,749290,0,0,0,0
1790595583.4178383,-3,2,-2,-2,17190,246,20932,3629,749316,749317,749319,749320,0,0,0,0
1790595583.4283957,0,-5,1,1,17190,254,20937,3628,749346,749347,749349,749350,0,0,0,0
1790595583.668615,-3,1,5,-1,17187,260,20945,3626,749376,749377,749379,749380,0,0,0,0
1790595583.668615,-3,-2,3,-1,17184,267,20952,3625,749406,749407,749409,749410,0,0,0,0
1790595583.677749,-2,-1,-2,-11,17186,271,20957,3629,749466,749467,749469,749470,0,0,0,0
1790595583.877892,4,-2,2,-1,17187,270,20956,3629,749496,749497,749499,749500,0,0,0,0
1790595583.877892,0,-2,-25,0,17188,286,20973,3633,749586,749587,749589,749590,0,0,0,0
1790595583.89772,-3,-6,-4,-2,17186,294,20983,3631,749616,749617,749619,749620,0,0,0,0
1790595584.078336,-6,-4,9,-1,17178,315,21000,3625,749706,749707,749709,749710,0,0,0,0
1790595584.0891802,-5,-14,-3,2,17176,318,21005,3625,749736,749737,749739,749740,0,0,0,0
1790595584.2897525,-6,-1,1,0,17173,319,21006,3623,749766,749767,749769,749770,0,0,0,0
1790595584.2897525,-16,-1,3,1,17167,325,21013,3619,749856,749857,749859,749860,0,0,0,0
1790595584.4328918,-3,3,1,-1,17168,326,21016,3621,749886,749887,749889,749890,0,0,0,0
1790595584.4328918,-1,-1,1,2,17169,327,21015,3624,749916,749917,749919,749920,0,0,0,0
1790595584.489405,-6,-2,1,-1,17169,327,21016,3626,749946,749947,749949,749950,0,0,0,0
1790595584.6978524,-2,2,-1,4,17165,336,21025,3622,750006,750007,750009,750010,0,0,0,0
1790595584.6978524,-4,2,2,-1,17165,344,21030,3622,750036,750037,750039,750040,0,0,0,0
1790595584.7018304,4,1,0,3,17170,355,21037,3624,750096,750097,750099,750100,0,0,0,0
1790595584.7174995,1,0,-2,1,17170,357,21040,3626,750126,750127,750129,750130,0,0,0,0
1790595584.9035807,0,2,-3,3,17176,362,21043,3630,750156,750157,750159,750160,0,0,0,0
1790595584.9035807,1,5,0,3,17175,369,21048,3628,750216,750217,750219,750220,0,0,0,0
1790595585.1091413,-3,0,-4,-3,17173,373,21050,3625,750246,750247,750249,750250,0,0,0,0
1790595585.1091413,3,-4,-7,-2,17173,394,21066,3624,750336,750337,750339,750340,0,0,0,0
1790595585.3083706,0,4,0,0,17175,396,21069,3626,750366,750367,750369,750370,0,0,0,0
1790595585.3083706,0,0,-4,-2,17176,396,21070,3628,750396,750397,750399,750400,0,0,0,0
1790595585.317622,-1,0,-4,-3,17179,400,21072,3628,750456,750457,750459,750460,0,0,0,0
1790595585.3676875,-4,-8,-3,0,17179,398,21071,3627,750486,750487,750489,750490,0,0,0,0
1790595585.4383001,3,3,-3,-1,17182,397,21070,3629,750516,750517,750519,750520,0,0,0,0
1790595585.5178707,4,-2,-2,0,17182,394,21068,3629,750576,750577,750579,750580,0,0,0,0
1790595585.7226362,0,-4,-1,2,17184,396,21070,3629,750606,750607,750609,750610,0,0,0,0
1790595585.7226362,0,-1,-2,-1,17180,398,21071,3625,750636,750637,750639,750640,0,0,0,0
1790595585.7226362,-3,-2,-3,5,17173,399,21073,3621,750666,750667,750669,750670,0,0,0,0
1790595585.7226362,1,2,-5,-4,17171,399,21074,3619,750696,750697,750699,750700,0,0,0,0
1790595585.7294426,0,-1,-3,2,17170,397,21074,3620,750726,750727,750729,750730,0,0,0,0
1790595585.933994,-4,-4,0,4,17177,389,21069,3630,750816,750817,750819,750820,0,0,0,0
1790595585.933994,-3,0,-3,-1,17173,393,21072,3626,750846,750847,750849,750850,0,0,0,0
1790595586.1326156,-2,1,-5,4,17168,410,21085,3624,750906,750907,750909,750910,0,0,0,0
1790595586.1326156,1,5,-1,5,17169,412,21086,3626,750936,750937,750939,750940,0,0,0,0
1790595586.1326156,1,-2,-1,0,17175,418,21089,3628,750966,750967,750969,750970,0,0,0,0
1790595586.3376303,2,1,12,0,17178,421,21094,3630,750996,750997,750999,751000,0,0,0,0
1790595586.3376303,0,2,-1,-4,17182,434,21101,3632,751056,751057,751059,751060,0,0,0,0
1790595586.4478054,-3,-2,0,-3,17184,447,21110,3632,751146,751147,751149,751150,0,0,0,0
1790595586.5458868,-3,0,4,-2,17182,453,21114,3629,751176,751177,751179,751180,0,0,0,0
1790595586.5474496,-1,2,2,1,17181,457,21116,3626,751206,751207,751209,751210,0,0,0,0
1790595586.7381887,1,-1,0,-3,17185,459,21117,3628,751236,751237,751239,751240,0,0,0,0
1790595586.7480175,-1,-3,1,-1,17193,458,21115,3632,751296,751297,751299,751300,0,0,0,0
1790595586.7480175,-1,-1,-1,0,17194,458,21114,3634,751326,751327,751329,751330,0,0,0,0
1790595586.948608,4,1,-2,1,17179,466,21123,3620,751416,751417,751419,751420,0,0,0,0
1790595586.948608,-4,-4,-4,-2,17177,469,21126,3617,751446,751447,751449,751450,0,0,0,0
1790595587.1577404,1,-4,3,-2,17179,473,21128,3619,751506,751507,751509,751510,0,0,0,0
1790595587.1577404,-1,-1,1,-2,17181,474,21129,3622,751536,751537,751539,751540,0,0,0,0
1790595587.1681974,1,-1,-1,-3,17180,473,21130,3622,751566,751567,751569,751570,0,0,0,0
1790595587.3597412,-1,0,0,-4,17179,475,21134,3621,751596,751597,751599,751600,0,0,0,0
1790595587.3755627,3,-1,2,1,17173,497,21152,3617,751686,751687,751689,751690,0,0,0,0
1790595587.4678047,2,2,0,1,17174,502,21155,3619,751716,751717,751719,751720,0,0,0,0
1790595587.4678047,-2,1,0,2,17173,504,21157,3618,751746,751747,751749,751750,0,0,0,0
1790595587.568627,-1,4,-1,4,17180,517,21169,3624,751836,751837,751839,751840,0,0,0,0
1790595587.7677789,0,6,1,0,17184,534,21180,3624,751926,751927,751929,751930,0,0,0,0
1790595587.7677789,4,0,-3,-3,17186,540,21183,3624,751956,751957,751959,751960,0,0,0,0
1790595587.97753,2,2,5,2,17188,547,21187,3624,751986,751987,751989,751990,0,0,0,0
1790595587.97753,1,2,4,3,17186,559,21197,3621,752046,752047,752049,752050,0,0,0,0
1790595588.1777897,1,-2,-1,0,17193,574,21208,3623,752166,752167,752169,752170,0,0,0,0
1790595588.18864,-1,2,2,-4,17192,585,21218,3622,752196,752197,752199,752200,0,0,0,0
1790595588.3782046,-2,2,0,-5,17188,593,21228,3619,752226,752227,752229,752230,0,0,0,0
1790595588.3782046,1,-2,-5,-2,17181,604,21240,3615,752286,752287,752289,752290,0,0,0,0
1790595588.3874948,0,-1,4,-1,17180,605,21242,3615,752316,752317,752319,752320,0,0,0,0
1790595588.4679103,-2,0,0,0,17182,603,21241,3616,752346,752347,752349,752350,0,0,0,0
1790595588.5878088,-2,-2,-4,-5,17182,603,21242,3616,752376,752377,752379,752380,0,0,0,0
1790595588.5878088,-5,-2,-5,0,17180,603,21241,3616,752406,752407,752409,752410,0,0,0,0
1790595588.5878088,-4,-6,4,2,17177,601,21242,3614,752436,752437,752439,752440,0,0,0,0
1790595588.7959502,-5,-5,0,-2,17177,601,21243,3615,752466,752467,752469,752470,0,0,0,0
1790595588.7959502,-1,-2,4,0,17177,611,21253,3616,752556,752557,752559,752560,0,0,0,0
1790595589.0030966,-2,-2,1,1,17176,619,21260,3615,752586,752587,752589,752590,0,0,0,0
1790595589.0150678,0,-2,-2,0,17166,639,21281,3612,752676,752677,752679,752680,0,0,0,0
1790595589.200747,1,2,3,0,17168,645,21287,3614,752706,752707,752709,752710,0,0,0,0
1790595589.2074606,1,0,2,-1,17169,659,21302,3616,752766,752767,752769,752770,0,0,0,0
1790595589.2074606,1,-1,4,0,17170,666,21309,3616,752796,752797,752799,752800,0,0,0,0
1790595589.4076393,3,4,-1,2,17170,687,21330,3616,752886,752887,752889,752890,0,0,0,0
1790595589.4076393,1,3,1,0,17171,695,21336,3618,752916,752917,752919,752920,0,0,0,0
1790595589.4881108,4,19,1,3,17173,700,21342,3618,752946,752947,752949,752950,0,0,0,0
1790595589.6076682,1,-1,4,3,17170,706,21350,3617,752976,752977,752979,752980,0,0,0,0
1790595589.6076682,2,0,-2,-1,17167,716,21360,3616,753036,753037,753039,753040,0,0,0,0
1790595589.8191533,-2,-2,2,1,17166,722,21366,3616,753066,753067,753069,753070,0,0,0,0
1790595589.8191533,0,-1,1,-1,17175,731,21378,3626,753156,753157,753159,753160,0,0,0,0
1790595589.8351018,1,4,3,-5,17176,736,21384,3628,753186,753187,753189,753190,0,0,0,0
1790595590.0190668,1,0,1,3,17176,742,21391,3626,753216,753217,753219,753220,0,0,0,0
1790595590.0190668,0,0,6,-1,17172,745,21397,3624,753246,753247,753249,753250,0,0,0,0
1790595590.0278826,1,-4,5,1,17172,749,21400,3625,753276,753277,753279,753280,0,0,0,0
1790595590.0337973,-1,3,-6,-4,17176,748,21400,3626,753306,753307,753309,753310,0,0,0,0
1790595590.229605,0,0,-4,-5,17177,750,21401,3627,753336,753337,753339,753340,0,0,0,0
1790595590.229605,3,1,-2,-7,17177,754,21406,3628,753396,753397,753399,753400,0,0,0,0
1790595590.2347922,-8,1,-2,-1,17176,755,21409,3628,753426,753427,753429,753430,0,0,0,0
1790595590.4331648,-2,-1,1,2,17177,759,21414,3629,753456,753457,753459,753460,0,0,0,0
1790595590.4378252,2,1,1,-1,17175,762,21420,3629,753516,753517,753519,753520,0,0,0,0
1790595590.48754,1,1,-1,2,17173,766,21424,3627,753546,753547,753549,753550,0,0,0,0
1790595590.4980178,0,-3,-9,-3,17171,768,21427,3625,753576,753577,753579,753580,0,0,0,0
1790595590.6382387,-5,-6,0,2,17170,768,21428,3626,753606,753607,753609,753610,0,0,0,0
1790595590.6382387,0,1,-1,-2,17171,771,21432,3628,753636,753637,753639,753640,0,0,0,0
1790595590.837622,-5,-3,-3,0,17169,773,21434,3626,753666,753667,753669,753670,0,0,0,0
1790595590.837622,-3,-2,-1,-2,17170,776,21439,3628,753756,753757,753759,753760,0,0,0,0
1790595590.8536856,-3,1,-4,-4,17170,775,21439,3629,753786,753787,753789,753790,0,0,0,0
1790595591.047598,-4,3,0,-3,17169,776,21441,3629,753816,753817,753819,753820,0,0,0,0
1790595591.047598,-2,-6,-6,-2,17168,778,21449,3631,753876,753877,753879,753880,0,0,0,0
1790595591.2525778,-1,-3,0,1,17165,788,21460,3630,753936,753937,753939,753940,0,0,0,0
1790595591.2543285,-3,1,-3,-2,17163,791,21467,3634,754026,754027,754029,754030,0,0,0,0
1790595591.4577198,-1,0,-4,-4,17164,792,21470,3638,754086,754087,754089,754090,0,0,0,0
1790595591.497636,-5,-3,4,4,17157,805,21485,3634,754176,754177,754179,754180,0,0,0,0
1790595591.6624002,0,3,1,0,17158,810,21494,3638,754236,754237,754239,754240,0,0,0,0
1790595591.6624002,2,1,6,0,17164,811,21497,3644,754296,754297,754299,754300,0,0,0,0
1790595591.8676026,0,4,0,5,17167,814,21498,3648,754326,754327,754329,754330,0,0,0,0
1790595591.8697472,1,5,1,-1,17171,818,21505,3651,754386,754387,754389,754390,0,0,0,0
1790595591.8774917,-3,2,1,-2,17169,822,21511,3649,754416,754417,754419,754420,0,0,0,0
1790595592.0677805,3,-5,-1,0,17177,828,21520,3659,754506,754507,754509,754510,0,0,0,0
1790595592.0677805,5,0,2,0,17176,831,21523,3657,754536,754537,754539,754540,0,0,0,0
1790595592.2777646,0,1,-1,-3,17178,840,21532,3659,754626,754627,754629,754630,0,0,0,0
1790595592.4981666,-2,1,1,0,17176,841,21536,3659,754656,754657,754659,754660,0,0,0,0
1790595592.4981666,-4,2,0,-1,17178,863,21553,3646,754746,754747,754749,754750,0,0,0,0
1790595592.5074544,2,-2,1,1,17150,881,21575,3621,754776,754777,754779,754780,0,0,0,0
1790595592.685758,1,-2,3,1,17134,884,21570,3611,754806,754807,754809,754810,0,0,0,0
1790595592.687782,1,2,0,-3,17146,901,21649,3587,754836,754837,754839,754840,0,0,0,0
1790595592.687782,41,44,42,46,18084,1748,22657,4679,754896,754897,754899,754900,0,0,0,0
1790595592.8881447,64,64,61,76,19548,3422,24223,6279,754926,754927,754929,754930,0,0,0,0
1790595592.8881447,82,101,100,74,23526,7489,28477,10408,754986,754987,754989,754990,0,0,0,0
1790595592.8881447,143,108,104,148,26312,10364,31319,13287,755016,755017,755019,755020,0,0,0,0
1790595593.0977461,147,117,131,144,29820,13809,2088,16971,755046,755047,755049,755050,0,0,0,0
1790595593.0977461,159,193,205,172,5840,22642,10850,25791,755106,755107,755109,755110,0,0,0,0
1790595593.297855,234,286,276,269,17607,1636,22706,4946,755166,755167,755169,755170,0,0,0,0
1790595593.307978,484,468,450,479,21492,6172,27387,10031,755286,755287,755289,755290,0,0,0,0
1790595593.507884,431,468,502,452,1046,18447,7416,22323,755316,755317,755319,755320,0,0,0,0
1790595593.517494,487,572,607,456,9473,27437,16015,31614,755406,755407,755409,755410,0,0,0,0
1790595593.7075715,600,537,476,535,24323,9632,31613,13854,755436,755437,755439,755440,0,0,0,0
1790595593.7075715,518,601,541,525,6207,24210,13235,28309,755466,755467,755469,755470,0,0,0,0
1790595593.7075715,481,552,469,460,20026,5311,27065,9308,755496,755497,755499,755500,0,0,0,0
1790595593.7075715,508,496,528,490,1433,19976,8574,23561,755526,755527,755529,755530,0,0,0,0
1790595593.9099808,561,538,553,522,15685,1451,22803,4945,755556,755557,755559,755560,0,0,0,0
1790595593.9176497,577,559,511,467,11204,29731,18845,1067,755616,755617,755619,755620,0,0,0,0
1790595593.9176497,445,507,604,560,25663,11548,607,15529,755646,755647,755649,755650,0,0,0,0
1790595594.1181924,483,591,511,528,7151,26228,14768,29723,755676,755677,755679,755680,0,0,0,0
1790595594.1181924,454,532,471,611,21149,7729,29472,11102,755706,755707,755709,755710,0,0,0,0
1790595594.1181924,482,549,489,573,2531,21604,10671,25079,755736,755737,755739,755740,0,0,0,0
1790595594.1276417,485,487,526,442,16063,2414,24212,5767,755766,755767,755769,755770,0,0,0,0
1790595594.3276772,579,502,456,545,25105,12092,1166,15505,755856,755857,755859,755860,0,0,0,0
1790595594.3276772,525,477,462,433,6315,25857,14978,29377,755886,755887,755889,755890,0,0,0,0
1790595594.5187142,492,495,479,479,20226,7189,29063,10626,755916,755917,755919,755920,0,0,0,0
1790595594.5278842,461,466,528,504,29158,16137,5124,19434,756006,756007,756009,756010,0,0,0,0
1790595594.727718,432,472,455,515,9366,28889,17893,32215,756036,756037,756039,756040,0,0,0,0
1790595594.727718,366,303,362,400,9658,29158,18498,32236,756126,756127,756129,756130,0,0,0,0
1790595594.9376156,219,242,266,243,2268,22010,10784,24713,756216,756217,756219,756220,0,0,0,0
1790595594.9532394,240,225,182,246,8556,28294,17289,30957,756246,756247,756249,756250,0,0,0,0
1790595595.138318,118,135,129,121,23238,10257,31736,12654,756336,756337,756339,756340,0,0,0,0
1790595595.1528027,128,97,141,96,26840,13798,2577,16200,756366,756367,756369,756370,0,0,0,0
1790595595.3475673,138,126,142,150,313,20055,8889,22449,756426,756427,756429,756430,0,0,0,0
1790595595.3475673,164,190,182,218,8293,28298,17069,30709,756486,756487,756489,756490,0,0,0,0
1790595595.527606,187,186,197,175,13750,757,22473,3214,756516,756517,756519,756520,0,0,0,0
1790595595.527606,169,177,151,143,23036,10069,31737,12575,756576,756577,756579,756580,0,0,0,0
1790595595.5480306,134,152,132,142,27324,14427,3166,16684,756606,756607,756609,756610,0,0,0,0
1790595595.5878022,114,146,108,141,30697,17932,6727,20170,756636,756637,756639,756640,0,0,0,0
1790595595.7529874,94,95,109,88,4453,24373,13068,26521,756696,756697,756699,756700,0,0,0,0
1790595595.957973,37,49,58,49,14067,1263,22686,3382,756816,756817,756819,756820,0,0,0,0
1790595595.9778454,21,22,18,11,15175,2269,23685,4336,756846,756847,756849,756850,0,0,0,0
1790595596.1677754,-14,-17,-16,-17,15209,2352,23673,4240,756876,756877,756879,756880,0,0,0,0
1790595596.170463,-93,-97,-89,-111,11629,31231,19672,189,756936,756937,756939,756940,0,0,0,0
1790595596.177522,-140,-136,-144,-142,4854,24581,12898,26208,756996,756997,756999,757000,0,0,0,0
1790595596.3710694,-160,-178,-174,-145,779,20457,8817,21945,757026,757027,757029,757030,0,0,0,0
1790595596.377432,-202,-176,-186,-185,17710,4334,25464,5750,757116,757117,757119,757120,0,0,0,0
1790595596.5276217,-217,-196,-187,-222,12141,31589,19866,272,757146,757147,757149,757150,0,0,0,0
1790595596.5276217,-171,-188,-183,-184,2002,21383,9602,22988,757206,757207,757209,757210,0,0,0,0
1790595596.7779684,-173,-197,-194,-231,29571,16045,4297,17601,757236,757237,757239,757240,0,0,0,0
1790595596.7779684,-215,-215,-228,-190,12159,31026,19042,32421,757326,757327,757329,757330,0,0,0,0
1790595596.7983804,-205,-160,-228,-161,6424,25438,13431,26733,757356,757357,757359,757360,0,0,0,0
1790595596.987644,-198,-218,-164,-195,1217,20089,8137,21516,757386,757387,757389,757390,0,0,0,0
1790595596.987644,-56,-63,-57,-83,25372,12004,164,14551,757446,757447,757449,757450,0,0,0,0
1790595596.9978836,-61,-43,-43,-69,23699,10378,31271,12953,757476,757477,757479,757480,0,0,0,0
1790595597.1880448,-46,-27,-41,-43,22212,9197,30109,11592,757506,757507,757509,757510,0,0,0,0
1790595597.1880448,-19,-18,-28,-28,20603,7938,28587,9523,757566,757567,757569,757570,0,0,0,0
1790595597.1974916,-19,-14,-21,-25,20097,7553,27899,8859,757596,757597,757599,757600,0,0,0,0
1790595597.3973866,-6,-13,-32,-11,19727,7054,27406,8360,757626,757627,757629,757630,0,0,0,0
1790595597.3973866,-18,-9,-4,1,18928,5638,26605,8149,757716,757717,757719,757720,0,0,0,0
1790595597.5373864,-6,1,6,-7,18641,5396,26457,7962,757776,757777,757779,757780,0,0,0,0
1790595597.5373864,-3,1,0,-9,18546,5465,26426,7822,757806,757807,757809,757810,0,0,0,0
1790595597.8073738,-3,4,5,0,18412,5460,26408,7710,757866,757867,757869,757870,0,0,0,0
1790595597.8073738,-1,-1,3,-6,18439,5454,26390,7729,757926,757927,757929,757930,0,0,0,0
1790595598.0078087,-5,3,-1,-1,18445,5449,26383,7738,757986,757987,757989,757990,0,0,0,0
1790595598.0078087,-3,-8,-1,2,18447,5447,26380,7738,758016,758017,758019,758020,0,0,0,0
1790595598.0078087,0,-1,-1,4,18440,5454,26387,7733,758076,758077,758079,758080,0,0,0,0
1790595598.2084613,12,-6,2,-4,18439,5457,26389,7732,758136,758137,758139,758140,0,0,0,0
1790595598.218928,-4,0,-3,-1,18447,5448,26380,7745,758196,758197,758199,758200,0,0,0,0
1790595598.4175985,7,0,-6,2,18451,5446,26376,7749,758226,758227,758229,758230,0,0,0,0
1790595598.4379985,6,4,-3,5,18445,5452,26381,7745,758346,758347,758349,758350,0,0,0,0
1790595598.5473933,-1,0,-2,-1,18452,5447,26378,7751,758376,758377,758379,758380,0,0,0,0
1790595598.5589187,3,0,1,0,18456,5446,26376,7754,758406,758407,758409,758410,0,0,0,0
1790595598.6377208,1,-1,2,-7,18454,5449,26377,7752,758436,758437,758439,758440,0,0,0,0
1790595598.8275518,2,-1,4,-2,18451,5452,26381,7750,758466,758467,758469,758470,0,0,0,0
1790595598.8275518,1,-7,-3,1,18456,5454,26383,7752,758556,758557,758559,758560,0,0,0,0
1790595599.0346973,-6,1,1,1,18460,5455,26382,7756,758676,758677,758679,758680,0,0,0,0
1790595599.239055,3,-1,-4,1,18458,5456,26383,7755,758706,758707,758709,758710,0,0,0,0
1790595599.2413201,-5,-1,-2,2,18464,5455,26378,7757,758796,758797,758799,758800,0,0,0,0
1790595599.4374025,-1,-2,0,-3,18469,5447,26373,7762,758856,758857,758859,758860,0,0,0,0
1790595599.4374025,-2,-1,1,-2,18466,5449,26374,7757,758916,758917,758919,758920,0,0,0,0
1790595599.4577885,-4,1,3,-4,18461,5452,26377,7752,758946,758947,758949,758950,0,0,0,0
1790595599.548188,-1,-4,3,-2,18459,5451,26376,7750,759006,759007,759009,759010,0,0,0,0
1790595599.548188,-4,0,3,2,18463,5447,26372,7753,759036,759037,759039,759040,0,0,0,0
1790595599.6576374,-3,-4,-1,-3,18464,5448,26371,7754,759096,759097,759099,759100,0,0,0,0
1790595599.855866,-4,0,0,3,18453,5453,26380,7743,759156,759157,759159,759160,0,0,0,0
1790595599.855866,5,-2,-1,2,18454,5457,26382,7743,759186,759187,759189,759190,0,0,0,0
1790595600.0582983,-2,-7,2,6,18458,5447,26372,7750,759336,759337,759339,759340,0,0,0,0
1790595600.2622848,2,-2,1,-1,18458,5448,26373,7753,759366,759367,759369,759370,0,0,0,0
1790595600.2622848,0,-3,4,-4,18459,5446,26371,7754,759396,759397,759399,759400,0,0,0,0
1790595600.4674597,-3,-4,2,6,18459,5447,26373,7754,759486,759487,759489,759490,0,0,0,0
1790595600.4674597,0,0,2,-5,18458,5448,26375,7757,759576,759577,759579,759580,0,0,0,0
1790595600.5626087,0,4,0,5,18458,5451,26376,7757,759636,759637,759639,759640,0,0,0,0
1790595600.6690109,-1,5,0,2,18461,5450,26374,7759,759666,759667,759669,759670,0,0,0,0
1790595600.6753101,7,0,3,4,18463,5448,26373,7762,759696,759697,759699,759700,0,0,0,0
1790595600.8771982,-4,3,6,-1,18462,5453,26378,7760,759816,759817,759819,759820,0,0,0,0
1790595601.078404,2,-1,1,-3,18466,5452,26377,7763,759936,759937,759939,759940,0,0,0,0
1790595601.2875142,3,0,-1,-2,18464,5456,26380,7760,759966,759967,759969,759970,0,0,0,0
1790595601.2875142,-4,-3,-3,4,18467,5454,26378,7765,760056,760057,760059,760060,0,0,0,0
1790595601.4878757,0,3,-6,-2,18466,5455,26379,7763,760086,760087,760089,760090,0,0,0,0
1790595601.4925978,-1,-2,0,-1,18470,5454,26376,7766,760176,760177,760179,760180,0,0,0,0
1790595601.571556,-2,3,4,5,18472,5451,26374,7769,760206,760207,760209,760210,0,0,0,0
1790595601.571556,1,0,-1,-1,18475,5451,26373,7768,760236,760237,760239,760240,0,0,0,0
1790595601.6960804,3,-1,3,0,18472,5452,26374,7767,760266,760267,760269,760270,0,0,0,0
1790595601.8979902,-1,1,0,-3,18470,5455,26378,7765,760326,760327,760329,760330,0,0,0,0
1790595601.9047935,-4,0,-3,2,18467,5460,26381,7762,760386,760387,760389,760390,0,0,0,0
1790595601.918339,-6,3,-4,1,18467,5458,26380,7760,760416,760417,760419,760420,0,0,0,0
1790595602.1060717,-1,-2,3,-2,18469,5457,26378,7763,760446,760447,760449,760450,0,0,0,0
1790595602.1075785,-2,0,3,-3,18472,5453,26376,7766,760536,760537,760539,760540,0,0,0,0
1790595602.308018,1,0,-2,-2,18467,5456,26379,7759,760656,760657,760659,760660,0,0,0,0
1790595602.5155108,1,7,-2,-3,18465,5459,26380,7757,760686,760687,760689,760690,0,0,0,0
1790595602.5175176,-3,-1,0,2,18465,5455,26377,7757,760776,760777,760779,760780,0,0,0,0
1790595602.572887,1,0,-3,-3,18466,5452,26373,7757,760806,760807,760809,760810,0,0,0,0
1790595602.7172084,0,2,-2,1,18465,5454,26376,7756,760896,760897,760899,760900,0,0,0,0
1790595602.9176736,0,-3,-3,-1,18465,5454,26377,7756,760926,760927,760929,760930,0,0,0,0
1790595602.9176736,-6,-2,-3,-6,18465,5453,26375,7757,760956,760957,760959,760960,0,0,0,0
1790595602.9288156,-6,-2,-4,-5,18465,5452,26374,7756,761016,761017,761019,761020,0,0,0,0
1790595602.9384358,-1,-1,-2,-3,18463,5453,26376,7755,761046,761047,761049,761050,0,0,0,0
1790595603.1275723,1,-2,1,-3,18463,5453,26376,7757,761166,761167,761169,761170,0,0,0,0
1790595603.3310702,2,-4,0,3,18464,5452,26374,7758,761196,761197,761199,761200,0,0,0,0
1790595603.337385,0,1,5,-1,18466,5452,26374,7760,761226,761227,761229,761230,0,0,0,0
1790595603.337385,-1,-2,-1,-2,18461,5455,26378,7756,761286,761287,761289,761290,0,0,0,0
1790595603.5382843,2,1,0,-7,18466,5452,26374,7761,761406,761407,761409,761410,0,0,0,0
1790595603.5978065,6,-3,0,3,18467,5451,26374,7762,761436,761437,761439,761440,0,0,0,0
1790595603.7443566,-23,-4,-1,2,18467,5450,26372,7762,761466,761467,761469,761470,0,0,0,0
1790595603.7463639,5,0,0,-4,18469,5455,26377,7762,761526,761527,761529,761530,0,0,0,0
1790595603.9482558,2,-2,1,5,18466,5458,26381,7760,761556,761557,761559,761560,0,0,0,0
1790595603.9482558,-2,-3,1,-1,18474,5454,26375,7768,761646,761647,761649,761650,0,0,0,0
1790595604.153271,0,-2,-3,-5,18474,5453,26374,7768,761676,761677,761679,761680,0,0,0,0
1790595604.153271,-1,6,-6,5,18469,5458,26379,7763,761766,761767,761769,761770,0,0,0,0
1790595604.3569784,4,1,3,-6,18467,5460,26381,7762,761796,761797,761799,761800,0,0,0,0
1790595604.3569784,-2,2,-3,1,18470,5455,26377,7765,761856,761857,761859,761860,0,0,0,0
1790595604.3569784,1,-1,-1,3,18470,5456,26377,7765,761886,761887,761889,761890,0,0,0,0
1790595604.564167,1,4,-2,3,18469,5457,26378,7765,761916,761917,761919,761920,0,0,0,0
1790595604.564167,-2,-4,2,0,18467,5459,26380,7761,762006,762007,762009,762010,0,0,0,0
1790595604.5913124,3,-1,-6,0,18466,5459,26380,7761,762036,762037,762039,762040,0,0,0,0
1790595604.7671378,2,-1,2,-7,18466,5462,26383,7759,762126,762127,762129,762130,0,0,0,0
1790595604.972291,1,-4,2,-2,18467,5463,26383,7760,762156,762157,762159,762160,0,0,0,0
1790595604.972291,0,3,-1,-2,18469,5459,26380,7761,762246,762247,762249,762250,0,0,0,0
1790595605.1781027,-1,-2,-1,-2,18470,5460,26381,7762,762276,762277,762279,762280,0,0,0,0
1790595605.1781027,0,4,-2,-1,18471,5460,26382,7763,762366,762367,762369,762370,0,0,0,0
1790595605.384394,3,0,-3,0,18469,5464,26385,7761,762426,762427,762429,762430,0,0,0,0
1790595605.384394,2,-5,-2,-4,18476,5455,26376,7768,762516,762517,762519,762520,0,0,0,0
1790595605.5886505,1,4,0,-2,18472,5458,26380,7765,762546,762547,762549,762550,0,0,0,0
1790595605.5906527,-5,0,-4,-1,18470,5462,26384,7762,762606,762607,762609,762610,0,0,0,0
1790595605.5966618,0,-4,1,0,18469,5463,26385,7761,762636,762637,762639,762640,0,0,0,0
1790595605.7927341,-5,-4,3,-1,18469,5462,26384,7761,762726,762727,762729,762730,0,0,0,0
1790595605.7967439,0,3,0,-1,18469,5463,26385,7761,762756,762757,762759,762760,0,0,0,0
1790595606.0007858,1,1,2,-1,18468,5463,26384,7760,762786,762787,762789,762790,0,0,0,0
1790595606.0007858,-3,5,-3,-4,18468,5465,26386,7760,762846,762847,762849,762850,0,0,0,0
1790595606.016432,-6,-3,-2,2,18467,5466,26386,7760,762876,762877,762879,762880,0,0,0,0
1790595606.1913085,-3,-1,1,-1,18467,5466,26387,7758,762906,762907,762909,762910,0,0,0,0
1790595606.1913085,-4,10,0,2,18466,5466,26387,7758,762966,762967,762969,762970,0,0,0,0
1790595606.20741,-5,0,-1,-2,18467,5466,26387,7758,762996,762997,762999,763000,0,0,0,0
1790595606.398222,-1,2,1,0,18465,5466,26387,7758,763026,763027,763029,763030,0,0,0,0
1790595606.398222,2,-1,-1,1,18470,5465,26385,7762,763086,763087,763089,763090,0,0,0,0
1790595606.414079,-4,-1,-1,1,18470,5463,26384,7762,763116,763117,763119,763120,0,0,0,0
1790595606.6203482,-5,2,1,7,18470,5463,26385,7762,763236,763237,763239,763240,0,0,0,0
1790595606.6373599,-1,-8,-2,3,18468,5464,26386,7759,763266,763267,763269,763270,0,0,0,0
1790595606.8107927,3,3,-1,-6,18468,5464,26386,7760,763356,763357,763359,763360,0,0,0,0
1790595607.018447,0,-7,2,-2,18467,5465,26386,7759,763386,763387,763389,763390,0,0,0,0
1790595607.018447,4,3,-1,2,18470,5464,26385,7761,763476,763477,763479,763480,0,0,0,0
1790595607.03411,-10,-1,-1,2,18470,5464,26384,7762,763506,763507,763509,763510,0,0,0,0
1790595607.2247682,1,-3,-3,3,18471,5461,26383,7763,763536,763537,763539,763540,0,0,0,0
1790595607.2247682,0,1,-2,-2,18467,5467,26387,7757,763596,763597,763599,763600,0,0,0,0
1790595607.2314615,-1,-6,-1,0,18466,5467,26387,7757,763626,763627,763629,763630,0,0,0,0
1790595607.4317985,-3,3,4,-1,18469,5465,26386,7760,763686,763687,763689,763690,0,0,0,0
1790595607.4317985,-6,-2,-1,6,18469,5464,26385,7761,763716,763717,763719,763720,0,0,0,0
1790595607.4317985,1,-1,7,3,18470,5464,26384,7761,763746,763747,763749,763750,0,0,0,0
1790595607.605954,-1,1,-2,0,18468,5466,26386,7759,763776,763777,763779,763780,0,0,0,0
1790595607.83271,-1,-3,0,4,18465,5469,26390,7757,763956,763957,763959,763960,0,0,0,0
1790595607.8435385,5,0,1,-1,18462,5472,26394,7753,763986,763987,763989,763990,0,0,0,0
1790595608.0338464,-6,1,1,1,18464,5469,26390,7756,764076,764077,764079,764080,0,0,0,0
1790595608.049549,5,4,0,-2,18467,5468,26388,7758,764106,764107,764109,764110,0,0,0,0
1790595608.2401228,0,-1,-1,-6,18467,5467,26388,7758,764136,764137,764139,764140,0,0,0,0
1790595608.2401228,3,-2,-1,0,18464,5470,26391,7754,764196,764197,764199,764200,0,0,0,0
1790595608.2560515,3,-1,-2,4,18463,5470,26391,7755,764226,764227,764229,764230,0,0,0,0
1790595608.4465852,0,4,0,9,18465,5470,26391,7755,764316,764317,764319,764320,0,0,0,0
1790595608.4465852,-3,-5,-1,-4,18465,5469,26391,7756,764346,764347,764349,764350,0,0,0,0
1790595608.6216202,0,0,-1,-5,18466,5468,26389,7757,764376,764377,764379,764380,0,0,0,0
1790595608.6338525,-3,-1,2,-1,18465,5471,26392,7756,764466,764467,764469,764470,0,0,0,0
1790595608.8597848,3,-3,3,1,18465,5471,26391,7756,764496,764497,764499,764500,0,0,0,0
1790595608.8597848,3,-4,-4,1,18463,5472,26392,7754,764586,764587,764589,764590,0,0,0,0
1790595608.8597848,-6,-5,3,3,18464,5472,26392,7755,764616,764617,764619,764620,0,0,0,0
1790595609.0670848,-3,-1,2,3,18467,5467,26388,7758,764706,764707,764709,764710,0,0,0,0
1790595609.0670848,-1,-3,1,0,18467,5467,26388,7757,764736,764737,764739,764740,0,0,0,0
1790595609.2722013,-1,0,0,-1,18466,5468,26389,7757,764766,764767,764769,764770,0,0,0,0
1790595609.2722013,-2,5,-6,-1,18466,5468,26389,7757,764826,764827,764829,764830,0,0,0,0
1790595609.2722013,-1,5,-2,-3,18466,5467,26388,7758,764856,764857,764859,764860,0,0,0,0
1790595609.478216,5,0,1,-1,18467,5467,26387,7759,764886,764887,764889,764890,0,0,0,0
1790595609.478216,-4,-4,2,0,18466,5470,26390,7757,764946,764947,764949,764950,0,0,0,0
1790595609.6214957,-1,-1,-4,-1,18463,5471,26391,7756,765066,765067,765069,765070,0,0,0,0
1790595609.686434,-2,-3,-2,3,18466,5467,26388,7759,765096,765097,765099,765100,0,0,0,0
1790595609.8759828,-1,2,-2,-4,18469,5467,26388,7759,765126,765127,765129,765130,0,0,0,0
1790595609.8917696,6,4,-4,2,18465,5471,26391,7756,765216,765217,765219,765220,0,0,0,0
1790595610.0822647,-1,-1,1,2,18468,5469,26389,7758,765336,765337,765339,765340,0,0,0,0
1790595610.288497,-1,1,1,-1,18469,5466,26386,7762,765426,765427,765429,765430,0,0,0,0
1790595610.4948783,-2,-8,-4,-1,18469,5470,26389,7760,765546,765547,765549,765550,0,0,0,0
1790595610.510595,1,-2,-1,-1,18473,5466,26385,7765,765576,765577,765579,765580,0,0,0,0
1790595610.6380644,0,-2,-3,3,18478,5463,26381,7769,765636,765637,765639,765640,0,0,0,0
1790595610.653746,0,1,2,0,18478,5466,26383,7768,765666,765667,765669,765670,0,0,0,0
1790595610.717522,-2,-3,-3,0,18475,5471,26388,7765,765696,765697,765699,765700,0,0,0,0
1790595610.9080784,-1,1,0,-4,18472,5474,26391,7762,765726,765727,765729,765730,0,0,0,0
1790595610.9080784,-3,0,-4,-1,18478,5473,26389,7767,765786,765787,765789,765790,0,0,0,0
1790595610.9080784,1,1,-2,-4,18478,5474,26389,7767,765816,765817,765819,765820,0,0,0,0
1790595611.3208952,0,-7,2,1,18478,5478,26393,7767,765876,765877,765879,765880,0,0,0,0
1790595611.3208952,-1,-3,1,-4,18479,5476,26390,7769,765936,765937,765939,765940,0,0,0,0
1790595611.3208952,-33,0,1,0,18480,5481,26392,7772,766026,766027,766029,766030,0,0,0,0
1790595611.5277615,1,4,0,2,18476,5483,26395,7767,766086,766087,766089,766090,0,0,0,0
1790595611.5277615,-3,2,-1,-3,18478,5479,26392,7768,766176,766177,766179,766180,0,0,0,0
1790595611.6401274,-5,-2,-1,1,18473,5482,26396,7763,766236,766237,766239,766240,0,0,0,0
1790595611.6401274,-3,4,1,6,18472,5484,26399,7761,766266,766267,766269,766270,0,0,0,0
1790595611.655221,-5,-2,3,4,18473,5485,26398,7761,766296,766297,766299,766300,0,0,0,0
1790595611.7348342,-5,-1,3,1,18471,5486,26399,7760,766326,766327,766329,766330,0,0,0,0
1790595611.926116,-2,-1,-2,3,18473,5487,26399,7761,766446,766447,766449,766450,0,0,0,0
1790595612.1393743,-1,-3,-1,-7,18473,5491,26402,7758,766566,766567,766569,766570,0,0,0,0
1790595612.339978,-5,0,-3,-1,18472,5494,26405,7758,766596,766597,766599,766600,0,0,0,0
1790595612.3537724,0,-3,3,-1,18475,5492,26403,7762,766686,766687,766689,766690,0,0,0,0
1790595612.5447285,-5,1,-6,0,18475,5499,26409,7762,766806,766807,766809,766810,0,0,0,0
1790595612.6571095,4,-3,0,3,18479,5497,26408,7768,766866,766867,766869,766870,0,0,0,0
1790595612.675325,0,-4,0,0,18479,5499,26412,7770,766896,766897,766899,766900,0,0,0,0
1790595612.9564087,-1,0,-5,1,18480,5504,26420,7772,767046,767047,767049,767050,0,0,0,0
1790595613.162726,-2,-5,-2,2,18484,5503,26420,7778,767166,767167,767169,767170,0,0,0,0
1790595613.3684335,-2,1,-1,-7,18484,5505,26424,7780,767196,767197,767199,767200,0,0,0,0
1790595613.3684335,-3,-1,3,-3,18482,5505,26425,7781,767226,767227,767229,767230,0,0,0,0
1790595613.3684335,-1,-1,2,-3,18485,5504,26428,7788,767286,767287,767289,767290,0,0,0,0
1790595613.5755193,-4,1,1,1,18485,5506,26429,7788,767316,767317,767319,767320,0,0,0,0
1790595613.5755193,1,-2,0,-3,18489,5505,26430,7792,767406,767407,767409,767410,0,0,0,0
1790595613.670471,4,-1,2,0,18488,5511,26439,7795,767466,767467,767469,767470,0,0,0,0
1790595613.7662692,1,2,-5,-1,18490,5512,26443,7799,767496,767497,767499,767500,0,0,0,0
1790595613.972592,0,-2,-8,-4,18491,5512,26446,7806,767556,767557,767559,767560,0,0,0,0
1790595613.9888005,-6,-1,1,-3,18492,5515,26453,7809,767616,767617,767619,767620,0,0,0,0
1790595613.9888005,-5,-5,-1,-1,18489,5517,26457,7806,767646,767647,767649,767650,0,0,0,0
1790595614.1794555,0,1,-9,-4,18486,5522,26467,7809,767766,767767,767769,767770,0,0,0,0
1790595614.195573,0,-4,-2,4,18485,5524,26469,7808,767796,767797,767799,767800,0,0,0,0
1790595614.3847406,2,2,-2,2,18485,5524,26470,7808,767826,767827,767829,767830,0,0,0,0
1790595614.3847406,1,0,-2,-1,18487,5522,26471,7812,767916,767917,767919,767920,0,0,0,0
1790595614.591566,0,1,-3,-5,18486,5525,26476,7813,767946,767947,767949,767950,0,0,0,0
1790595614.591566,1,-2,5,-2,18486,5527,26480,7816,768006,768007,768009,768010,0,0,0,0
1790595614.591566,-2,0,-1,-3,18486,5527,26479,7816,768036,768037,768039,768040,0,0,0,0
1790595614.6812499,4,-5,-2,2,18484,5530,26483,7815,768096,768097,768099,768100,0,0,0,0
1790595614.7988765,-3,0,-1,2,18484,5532,26488,7816,768126,768127,768129,768130,0,0,0,0
1790595614.8137612,1,-1,-2,-4,18482,5533,26490,7815,768156,768157,768159,768160,0,0,0,0
1790595615.004231,-2,1,0,-1,18483,5533,26491,7818,768186,768187,768189,768190,0,0,0,0
1790595615.210469,-3,0,-1,-6,18483,5539,26502,7824,768366,768367,768369,768370,0,0,0,0
1790595615.210469,-4,-10,0,1,18484,5540,26506,7827,768396,768397,768399,768400,0,0,0,0
1790595615.623639,-3,1,-3,1,18483,5543,26510,7826,768456,768457,768459,768460,0,0,0,0
1790595615.623639,1,-4,0,-3,18475,5555,26528,7824,768546,768547,768549,768550,0,0,0,0
1790595615.623639,3,-2,-1,0,18476,5556,26530,7826,768636,768637,768639,768640,0,0,0,0
1790595615.623639,1,-7,-4,-5,18477,5554,26528,7828,768666,768667,768669,768670,0,0,0,0
1790595615.8140237,3,-3,-5,-5,18480,5556,26531,7832,768726,768727,768729,768730,0,0,0,0
1790595615.8300066,1,-4,-6,-5,18481,5557,26536,7837,768786,768787,768789,768790,0,0,0,0
1790595616.0209675,-5,-2,-3,2,18485,5555,26539,7846,768876,768877,768879,768880,0,0,0,0
1790595616.227797,1,-3,-1,0,18478,5565,26554,7844,768996,768997,768999,769000,0,0,0,0
1790595616.4345698,-1,2,3,-4,18479,5566,26555,7844,769026,769027,769029,769030,0,0,0,0
1790595616.4345698,-3,-1,4,-4,18480,5567,26561,7848,769116,769117,769119,769120,0,0,0,0
1790595616.4508085,-2,1,-4,0,18480,5567,26561,7850,769176,769177,769179,769180,0,0,0,0
1790595616.6422975,-1,-4,3,-5,18483,5566,26561,7853,769206,769207,769209,769210,0,0,0,0
1790595616.6478405,-3,1,4,0,18485,5566,26562,7857,769266,769267,769269,769270,0,0,0,0
1790595616.6735184,7,-3,0,0,18484,5568,26569,7861,769296,769297,769299,769300,0,0,0,0
1790595616.848391,-6,-2,-3,-1,18483,5570,26574,7863,769326,769327,769329,769330,0,0,0,0
1790595616.848391,-3,0,-5,1,18480,5576,26583,7863,769386,769387,769389,769390,0,0,0,0
1790595617.0555286,-1,-3,-3,1,18478,5577,26585,7863,769416,769417,769419,769420,0,0,0,0
1790595617.0555286,3,0,-4,-1,18475,5585,26601,7868,769506,769507,769509,769510,0,0,0,0
1790595617.2622504,2,1,-1,-1,18479,5592,26611,7874,769566,769567,769569,769570,0,0,0,0
1790595617.2622504,-6,-1,0,-4,18479,5594,26618,7881,769596,769597,769599,769600,0,0,0,0
1790595617.2778869,-2,-4,5,-1,18478,5597,26627,7883,769656,769657,769659,769660,0,0,0,0
1790595617.460543,-6,-3,1,-1,18477,5608,26645,7892,769746,769747,769749,769750,0,0,0,0
1790595617.468147,-1,1,-3,-5,18477,5608,26646,7893,769776,769777,769779,769780,0,0,0,0
1790595617.6679568,1,5,-3,-3,18477,5611,26651,7896,769806,769807,769809,769810,0,0,0,0
1790595617.8747804,-7,0,-3,-1,18476,5618,26669,7904,769926,769927,769929,769930,0,0,0,0
1790595617.8808556,-9,2,-2,0,18476,5625,26678,7908,769986,769987,769989,769990,0,0,0,0
1790595618.077182,-6,-6,3,-2,18475,5629,26689,7912,770046,770047,770049,770050,0,0,0,0
1790595618.0832837,6,-4,-1,-3,18476,5632,26696,7913,770106,770107,770109,770110,0,0,0,0
1790595618.0965247,-5,2,0,0,18475,5633,26696,7915,770136,770137,770139,770140,0,0,0,0
1790595618.2894912,-5,-7,-2,1,18471,5640,26708,7917,770226,770227,770229,770230,0,0,0,0
1790595618.2954245,-9,-2,-2,-4,18471,5643,26715,7919,770256,770257,770259,770260,0,0,0,0
1790595618.4920278,-3,-16,-1,6,18469,5652,26729,7925,770346,770347,770349,770350,0,0,0,0
1790595618.6796677,-9,-1,0,1,18474,5651,26731,7932,770436,770437,770439,770440,0,0,0,0
1790595618.6796677,-6,-3,0,3,18474,5651,26734,7935,770496,770497,770499,770500,0,0,0,0
1790595618.901897,-1,0,-3,-1,18476,5653,26738,7938,770526,770527,770529,770530,0,0,0,0
1790595618.9157138,2,-3,6,-4,18477,5657,26745,7943,770616,770617,770619,770620,0,0,0,0
1790595619.1034718,-5,2,2,-6,18476,5657,26746,7943,770646,770647,770649,770650,0,0,0,0
1790595619.1034718,-3,-2,-1,-4,18478,5657,26746,7945,770676,770677,770679,770680,0,0,0,0
1790595619.1034718,-4,-1,-2,3,18479,5658,26750,7949,770736,770737,770739,770740,0,0,0,0
1790595619.2950637,3,-4,-2,-1,18480,5661,26756,7952,770796,770797,770799,770800,0,0,0,0
1790595619.4569154,2,-5,0,0,18481,5664,26760,7958,770886,770887,770889,770890,0,0,0,0
1790595619.4685462,-8,-1,-2,1,18487,5661,26760,7964,770946,770947,770949,770950,0,0,0,0
1790595619.5634532,0,-2,-2,-2,18489,5660,26759,7965,770976,770977,770979,770980,0,0,0,0
1790595619.5634532,-1,-1,-2,0,18488,5661,26761,7966,771006,771007,771009,771010,0,0,0,0
1790595619.595121,2,-1,2,-1,18487,5663,26763,7965,771036,771037,771039,771040,0,0,0,0
1790595619.706041,3,0,-3,1,18485,5665,26765,7965,771066,771067,771069,771070,0,0,0,0
1790595619.706041,0,-3,-4,4,18487,5665,26767,7968,771096,771097,771099,771100,0,0,0,0
1790595619.7541187,-1,-3,2,2,18487,5665,26769,7969,771126,771127,771129,771130,0,0,0,0
1790595619.8543892,-2,-2,2,1,18489,5665,26772,7972,771186,771187,771189,771190,0,0,0,0
1790595619.8962932,0,0,-2,-3,18487,5668,26774,7971,771216,771217,771219,771220,0,0,0,0
1790595619.9919167,-3,-6,-2,-2,18485,5671,26778,7971,771246,771247,771249,771250,0,0,0,0
1790595619.9919167,3,-5,1,0,18486,5673,26782,7973,771276,771277,771279,771280,0,0,0,0
1790595620.0544481,-2,3,-3,-1,18488,5674,26784,7978,771336,771337,771339,771340,0,0,0,0
1790595620.1340003,-4,3,3,-1,18489,5672,26783,7981,771366,771367,771369,771370,0,0,0,0
1790595620.1655214,-3,0,1,0,18491,5672,26784,7982,771396,771397,771399,771400,0,0,0,0
1790595620.3030798,-1,-2,-9,-2,18491,5675,26791,7985,771456,771457,771459,771460,0,0,0,0
1790595620.3085663,-5,-4,-4,4,18492,5676,26791,7986,771486,771487,771489,771490,0,0,0,0
1790595620.4459012,-1,-1,8,2,18492,5674,26792,7990,771516,771517,771519,771520,0,0,0,0
1790595620.4459012,-1,-5,-4,-6,18495,5673,26791,7993,771546,771547,771549,771550,0,0,0,0
1790595620.4678667,-2,0,-1,1,18498,5671,26790,7995,771576,771577,771579,771580,0,0,0,0
1790595620.5798852,1,3,-2,2,18500,5673,26796,8002,771636,771637,771639,771640,0,0,0,0
1790595620.611485,2,0,5,-3,18499,5673,26798,8004,771666,771667,771669,771670,0,0,0,0
1790595620.7248907,1,0,5,-2,18502,5672,26798,8008,771696,771697,771699,771700,0,0,0,0
1790595620.7248907,3,2,0,-1,18505,5671,26798,8012,771726,771727,771729,771730,0,0,0,0
1790595620.8562827,0,-2,3,0,18505,5671,26800,8013,771756,771757,771759,771760,0,0,0,0
1790595620.8663738,-3,-1,2,2,18504,5672,26803,8014,771786,771787,771789,771790,0,0,0,0
1790595620.8663738,-1,-5,2,-1,18502,5672,26805,8014,771816,771817,771819,771820,0,0,0,0
1790595620.9933083,2,0,-1,0,18505,5673,26807,8016,771876,771877,771879,771880,0,0,0,0
1790595621.0250158,3,2,0,1,18506,5673,26805,8018,771906,771907,771909,771910,0,0,0,0
1790595621.1358263,1,-3,-3,1,18510,5669,26802,8021,771936,771937,771939,771940,0,0,0,0
1790595621.1358263,-1,3,4,-1,18511,5667,26801,8024,771966,771967,771969,771970,0,0,0,0
1790595621.1673098,-1,-1,1,3,18512,5668,26803,8025,771996,771997,771999,772000,0,0,0,0
1790595621.2900774,-7,4,-1,-2,18508,5672,26808,8023,772056,772057,772059,772060,0,0,0,0
1790595621.338094,1,1,1,2,18508,5673,26809,8023,772086,772087,772089,772090,0,0,0,0
1790595621.394935,5,2,-2,0,18509,5672,26811,8026,772116,772117,772119,772120,0,0,0,0
1790595621.43744,-3,0,4,-3,18510,5674,26815,8029,772146,772147,772149,772150,0,0,0,0
1790595621.5248468,-8,-1,-3,13,18509,5675,26816,8030,772176,772177,772179,772180,0,0,0,0
1790595621.5262306,5,-6,-6,0,18510,5676,26820,8031,772206,772207,772209,772210,0,0,0,0
1790595621.6442902,1,-2,-1,1,18510,5677,26822,8033,772236,772237,772239,772240,0,0,0,0
1790595621.6442902,0,-1,-3,-2,18511,5677,26822,8035,772266,772267,772269,772270,0,0,0,0
1790595621.6929147,2,1,-6,3,18513,5676,26823,8038,772296,772297,772299,772300,0,0,0,0
1790595621.7903388,-1,-2,-1,-1,18513,5678,26824,8039,772326,772327,772329,772330,0,0,0,0
1790595621.793369,0,2,0,-3,18514,5678,26828,8042,772356,772357,772359,772360,0,0,0,0
1790595621.8363445,-5,-5,0,2,18515,5678,26829,8043,772386,772387,772389,772390,0,0,0,0
1790595621.9164815,4,-1,1,6,18518,5677,26828,8047,772416,772417,772419,772420,0,0,0,0
1790595621.9313736,-6,1,1,-2,18520,5675,26829,8053,772446,772447,772449,772450,0,0,0,0
1790595622.083702,3,7,1,-1,18524,5672,26827,8058,772506,772507,772509,772510,0,0,0,0
1790595622.0939455,-3,3,-1,2,18527,5672,26828,8059,772536,772537,772539,772540,0,0,0,0
1790595622.1306822,-1,2,-1,-3,18527,5672,26829,8061,772566,772567,772569,772570,0,0,0,0
1790595622.2412915,-5,-6,-2,0,18526,5673,26830,8063,772596,772597,772599,772600,0,0,0,0
1790595622.2569704,-1,-1,3,-3,18527,5676,26833,8063,772626,772627,772629,772630,0,0,0,0
1790595622.3583927,-2,-1,1,3,18527,5676,26835,8065,772656,772657,772659,772660,0,0,0,0
1790595622.3675432,-2,-1,3,-1,18529,5674,26836,8066,772686,772687,772689,772690,0,0,0,0
1790595622.3831954,1,-3,-2,5,18528,5678,26838,8067,772716,772717,772719,772720,0,0,0,0
1790595622.4941905,-1,-4,3,-3,18531,5678,26838,8070,772776,772777,772779,772780,0,0,0,0
1790595622.5257494,0,2,-3,5,18534,5676,26838,8074,772806,772807,772809,772810,0,0,0,0
1790595622.636278,-1,-1,-5,3,18535,5675,26838,8077,772836,772837,772839,772840,0,0,0,0
1790595622.6520627,0,-1,1,-1,18537,5674,26841,8079,772866,772867,772869,772870,0,0,0,0
1790595622.6887448,-2,1,2,-3,18539,5673,26839,8083,772896,772897,772899,772900,0,0,0,0
1790595622.7771163,-3,-2,2,-4,18542,5672,26838,8087,772926,772927,772929,772930,0,0,0,0
1790595622.7923338,-1,4,1,-3,18543,5670,26837,8090,772956,772957,772959,772960,0,0,0,0
1790595622.9166179,-1,5,14,1,18545,5672,26840,8091,772986,772987,772989,772990,0,0,0,0
1790595622.9166179,-1,-3,-5,0,18545,5672,26843,8093,773016,773017,773019,773020,0,0,0,0
1790595622.9485142,-3,-2,0,1,18543,5674,26846,8092,773046,773047,773049,773050,0,0,0,0
1790595623.0773,3,0,-3,-2,18541,5677,26848,8091,773076,773077,773079,773080,0,0,0,0
1790595623.0787652,1,2,-1,4,18539,5680,26852,8088,773106,773107,773109,773110,0,0,0,0
1790595623.0959625,4,2,-1,-1,18537,5683,26854,8087,773136,773137,773139,773140,0,0,0,0
1790595623.220451,0,3,-1,2,18538,5683,26855,8089,773166,773167,773169,773170,0,0,0,0
1790595623.2210512,1,3,-3,-2,18541,5680,26854,8093,773196,773197,773199,773200,0,0,0,0
1790595623.255616,2,7,0,5,18545,5678,26852,8095,773226,773227,773229,773230,0,0,0,0
1790595623.3599937,-2,1,-3,-1,18550,5677,26849,8101,773286,773287,773289,773290,0,0,0,0
1790595623.394986,-1,5,-2,3,18553,5675,26848,8105,773316,773317,773319,773320,0,0,0,0
1790595623.4987464,2,3,-2,-1,18553,5674,26849,8105,773346,773347,773349,773350,0,0,0,0
1790595623.5007534,2,-2,3,-3,18550,5678,26854,8103,773376,773377,773379,773380,0,0,0,0
1790595623.6377661,1,1,0,4,18548,5682,26860,8103,773436,773437,773439,773440,0,0,0,0
1790595623.6442473,2,-1,1,-1,18549,5681,26860,8106,773466,773467,773469,773470,0,0,0,0
1790595623.672308,-1,-10,0,1,18551,5681,26861,8108,773496,773497,773499,773500,0,0,0,0
1790595623.7832408,2,-1,-2,-2,18550,5684,26866,8109,773556,773557,773559,773560,0,0,0,0
1790595623.8114734,-1,2,5,-4,18549,5684,26866,8109,773586,773587,773589,773590,0,0,0,0
1790595623.9396377,2,-2,-3,1,18556,5682,26865,8115,773646,773647,773649,773650,0,0,0,0
1790595623.9715989,-3,-2,0,-1,18556,5682,26866,8117,773676,773677,773679,773680,0,0,0,0
1790595624.0571184,0,-3,-8,3,18557,5682,26868,8118,773706,773707,773709,773710,0,0,0,0
1790595624.075933,1,0,-3,0,18555,5685,26871,8116,773736,773737,773739,773740,0,0,0,0
1790595624.175714,1,-3,-2,-1,18554,5688,26874,8117,773766,773767,773769,773770,0,0,0,0
1790595624.1929133,-1,-4,-3,4,18554,5688,26877,8119,773796,773797,773799,773800,0,0,0,0
1790595624.2771876,-2,-1,1,1,18555,5688,26877,8122,773826,773827,773829,773830,0,0,0,0
1790595624.2972221,-1,-2,4,-1,18556,5686,26877,8125,773856,773857,773859,773860,0,0,0,0
1790595624.375996,7,-6,0,-1,18559,5685,26876,8127,773886,773887,773889,773890,0,0,0,0
1790595624.3916533,4,2,-5,1,18559,5685,26876,8126,773916,773917,773919,773920,0,0,0,0
1790595624.423314,-7,10,0,3,18558,5688,26878,8126,773946,773947,773949,773950,0,0,0,0
1790595624.5216994,-2,1,2,-2,18558,5687,26877,8125,773976,773977,773979,773980,0,0,0,0
1790595624.536421,0,-2,2,-2,18559,5687,26878,8126,774006,774007,774009,774010,0,0,0,0
1790595626.6023393,-4,-1,-1,0,18559,5687,26880,8125,774066,774067,774069,774070,0,0,0,0
1790595626.6023393,2,1,-1,2,18558,5690,26886,8128,774156,774157,774159,774160,0,0,0,0
1790595626.6096847,-3,-2,-1,0,18562,5689,26894,8140,774426,774427,774429,774430,0,0,0,0
1790595626.6096847,2,-1,1,-2,18568,5684,26901,8157,774786,774787,774789,774790,0,0,0,0
1790595626.6164286,-2,-1,0,-3,18569,5683,26901,8159,774846,774847,774849,774850,0,0,0,0
1790595626.6164286,-1,0,-1,0,18570,5686,26910,8169,774996,774997,774999,775000,0,0,0,0
1790595626.623225,2,2,-1,0,18572,5695,26922,8175,775236,775237,775239,775240,0,0,0,0
1790595626.63659,3,1,1,1,18571,5696,26924,8175,775266,775267,775269,775270,0,0,0,0
1790595626.7343895,-2,3,2,3,18571,5698,26926,8175,775296,775297,775299,775300,0,0,0,0
1790595626.7343895,5,2,0,2,18569,5701,26928,8175,775326,775327,775329,775330,0,0,0,0
1790595626.866898,-1,1,-4,1,18568,5703,26930,8176,775356,775357,775359,775360,0,0,0,0
1790595626.870791,0,3,0,4,18573,5702,26930,8179,775386,775387,775389,775390,0,0,0,0
1790595626.896014,2,2,-8,-1,18577,5699,26930,8184,775416,775417,775419,775420,0,0,0,0
1790595626.9989548,3,-1,-3,1,18582,5699,26930,8191,775476,775477,775479,775480,0,0,0,0
1790595627.0539403,-2,7,6,1,18581,5700,26933,8190,775506,775507,775509,775510,0,0,0,0
1790595627.133056,-2,-2,1,-12,18580,5704,26938,8191,775566,775567,775569,775570,0,0,0,0
1790595627.1962974,6,2,-1,1,18580,5705,26940,8193,775596,775597,775599,775600,0,0,0,0
1790595627.291889,1,-1,-3,0,18581,5705,26941,8193,775626,775627,775629,775630,0,0,0,0
1790595627.291889,2,1,1,-3,18582,5705,26941,8194,775656,775657,775659,775660,0,0,0,0
1790595627.355964,-1,1,0,-1,18582,5705,26940,8196,775686,775687,775689,775690,0,0,0,0
1790595627.435479,2,-1,-5,-10,18586,5702,26938,8199,775746,775747,775749,775750,0,0,0,0
1790595627.482913,2,1,-3,0,18590,5704,26940,8203,775776,775777,775779,775780,0,0,0,0
1790595627.5950303,-3,0,-1,-4,18586,5707,26946,8201,775836,775837,775839,775840,0,0,0,0
1790595627.7236457,2,4,0,-4,18590,5707,26949,8206,775896,775897,775899,775900,0,0,0,0
1790595627.7575338,0,0,-2,20,18589,5706,26950,8209,775926,775927,775929,775930,0,0,0,0
1790595627.8688898,0,-4,-3,-2,18592,5708,26952,8210,775956,775957,775959,775960,0,0,0,0
1790595627.8688898,5,1,-1,3,18588,5708,26955,8208,776016,776017,776019,776020,0,0,0,0
1790595627.9156654,-1,2,-2,-3,18588,5708,26954,8208,776046,776047,776049,776050,0,0,0,0
1790595628.020151,1,-4,-2,2,18588,5706,26954,8209,776106,776107,776109,776110,0,0,0,0
1790595628.0747886,-3,1,-4,-3,18586,5707,26957,8209,776136,776137,776139,776140,0,0,0,0
1790595628.1590295,5,-2,-1,0,18585,5708,26961,8208,776166,776167,776169,776170,0,0,0,0
1790595628.1703687,-4,-4,-3,-4,18582,5708,26963,8207,776196,776197,776199,776200,0,0,0,0
1790595628.2186847,-5,1,1,-1,18583,5711,26968,8210,776226,776227,776229,776230,0,0,0,0
1790595628.314668,2,2,-1,-5,18583,5709,26966,8210,776256,776257,776259,776260,0,0,0,0
1790595628.3326404,5,-5,0,0,18585,5708,26967,8215,776286,776287,776289,776290,0,0,0,0
1790595628.3789046,2,-3,3,-3,18587,5707,26965,8216,776316,776317,776319,776320,0,0,0,0
1790595628.457355,0,0,-2,-4,18587,5706,26964,8217,776346,776347,776349,776350,0,0,0,0
1790595628.473351,5,1,-1,3,18586,5705,26966,8216,776376,776377,776379,776380,0,0,0,0
1790595628.5844393,-4,-3,1,1,18584,5709,26970,8218,776436,776437,776439,776440,0,0,0,0
1790595628.6953344,-2,2,2,1,18584,5710,26971,8218,776466,776467,776469,776470,0,0,0,0
1790595628.6953344,-1,1,6,6,18583,5709,26975,8221,776496,776497,776499,776500,0,0,0,0
1790595628.7270834,-2,-3,-1,0,18585,5709,26973,8224,776526,776527,776529,776530,0,0,0,0
1790595628.821596,-3,0,0,4,18587,5709,26978,8230,776586,776587,776589,776590,0,0,0,0
1790595628.9483547,-1,1,-2,1,18588,5713,26984,8233,776646,776647,776649,776650,0,0,0,0
1790595628.9964206,-2,-6,2,0,18588,5715,26987,8235,776676,776677,776679,776680,0,0,0,0
1790595629.1082447,1,0,2,3,18590,5716,26988,8239,776706,776707,776709,776710,0,0,0,0
1790595629.1240377,3,-4,2,3,18595,5716,26988,8245,776766,776767,776769,776770,0,0,0,0
1790595629.2357326,0,-2,-2,1,18598,5714,26986,8251,776826,776827,776829,776830,0,0,0,0
1790595629.299291,-2,2,0,1,18600,5718,26989,8251,776856,776857,776859,776860,0,0,0,0
1790595629.381742,-4,4,2,1,18596,5721,26994,8248,776886,776887,776889,776890,0,0,0,0
1790595629.395375,2,1,1,-1,18595,5725,26999,8246,776916,776917,776919,776920,0,0,0,0
1790595629.4271045,-5,0,-5,-2,18594,5729,27003,8246,776946,776947,776949,776950,0,0,0,0
1790595629.4913106,-1,5,2,-3,18594,5729,27004,8245,776976,776977,776979,776980,0,0,0,0
1790595629.5556412,4,2,2,5,18598,5731,27004,8248,777006,777007,777009,777010,0,0,0,0
1790595629.697417,1,0,-4,3,18604,5727,27004,8257,777066,777067,777069,777070,0,0,0,0
1790595629.7131033,1,-3,1,3,18604,5728,27005,8259,777096,777097,777099,777100,0,0,0,0
1790595629.7131033,-7,-2,0,0,18604,5728,27008,8259,777126,777127,777129,777130,0,0,0,0
1790595629.7447479,1,-2,0,-3,18605,5731,27012,8260,777156,777157,777159,777160,0,0,0,0
1790595629.8558314,1,-4,-4,-1,18603,5731,27013,8258,777186,777187,777189,777190,0,0,0,0
1790595629.8558314,-4,-1,-2,-1,18603,5731,27014,8260,777216,777217,777219,777220,0,0,0,0
1790595629.9036944,-1,-5,0,-2,18605,5732,27015,8262,777246,777247,777249,777250,0,0,0,0
1790595630.004697,-6,1,1,1,18608,5731,27015,8266,777276,777277,777279,777280,0,0,0,0
1790595630.0152786,-3,-1,-5,-3,18609,5727,27012,8268,777306,777307,777309,777310,0,0,0,0
1790595630.1517138,-2,-1,6,-5,18610,5724,27011,8271,777336,777337,777339,777340,0,0,0,0
1790595630.1579013,4,-6,2,0,18610,5723,27010,8270,777366,777367,777369,777370,0,0,0,0
1790595630.173684,1,0,3,-4,18607,5723,27011,8267,777396,777397,777399,777400,0,0,0,0
1790595630.2858539,-7,-2,1,-3,18602,5724,27015,8263,777456,777457,777459,777460,0,0,0,0
1790595630.3178198,-1,-1,-1,-3,18601,5722,27014,8264,777486,777487,777489,777490,0,0,0,0
1790595630.4299295,-4,-2,1,-1,18605,5720,27015,8272,777546,777547,777549,777550,0,0,0,0
1790595630.4784732,-5,-6,2,2,18606,5721,27016,8275,777576,777577,777579,777580,0,0,0,0
1790595630.580429,-1,-2,-2,0,18604,5724,27023,8275,777636,777637,777639,777640,0,0,0,0
1790595630.6055667,-2,-4,-1,-3,18603,5724,27025,8276,777666,777667,777669,777670,0,0,0,0
1790595630.7206404,0,3,-4,-3,18605,5725,27026,8281,777726,777727,777729,777730,0,0,0,0
1790595630.7677424,-1,5,-1,1,18607,5727,27027,8284,777756,777757,777759,777760,0,0,0,0
1790595630.8684845,0,1,-5,2,18608,5729,27029,8286,777816,777817,777819,777820,0,0,0,0
1790595630.9096303,5,4,-5,0,18610,5730,27030,8287,777846,777847,777849,777850,0,0,0,0
1790595631.0140946,2,-4,2,-1,18611,5732,27030,8291,777876,777877,777879,777880,0,0,0,0
1790595631.0367026,3,-2,3,5,18615,5730,27030,8296,777906,777907,777909,777910,0,0,0,0
1790595631.1640143,3,1,-1,6,18623,5729,27033,8308,777966,777967,777969,777970,0,0,0,0
1790595631.1640143,6,2,7,4,18624,5728,27034,8313,777996,777997,777999,778000,0,0,0,0
1790595631.3065503,3,1,-1,-3,18628,5730,27037,8317,778026,778027,778029,778030,0,0,0,0
1790595631.3065503,-3,-1,-1,-1,18630,5729,27038,8321,778056,778057,778059,778060,0,0,0,0
1790595631.3381546,0,5,2,-3,18630,5730,27040,8322,778086,778087,778089,778090,0,0,0,0
1790595631.4333978,3,-5,-6,-3,18629,5732,27044,8321,778116,778117,778119,778120,0,0,0,0
1790595631.4491787,0,-1,2,-1,18631,5734,27048,8319,778146,778147,778149,778150,0,0,0,0
1790595631.4649405,-8,2,-2,1,18630,5734,27049,8320,778176,778177,778179,778180,0,0,0,0
1790595631.576369,-3,1,0,-2,18633,5733,27048,8325,778236,778237,778239,778240,0,0,0,0
1790595631.6716573,-4,-5,-1,8,18634,5731,27048,8327,778266,778267,778269,778270,0,0,0,0
1790595631.6716573,1,-2,1,-3,18635,5729,27049,8329,778296,778297,778299,778300,0,0,0,0
1790595631.7824113,-1,1,0,1,18637,5728,27049,8333,778326,778327,778329,778330,0,0,0,0
1790595631.916911,-1,4,6,-1,18639,5723,27048,8341,778386,778387,778389,778390,0,0,0,0
1790595631.916911,-4,-1,2,-3,18640,5723,27050,8344,778416,778417,778419,778420,0,0,0,0
1790595631.9351873,-4,2,-4,-1,18640,5721,27052,8346,778446,778447,778449,778450,0,0,0,0
1790595632.05457,-7,-4,-2,11,18640,5720,27054,8349,778476,778477,778479,778480,0,0,0,0
1790595632.05457,-4,-1,1,1,18642,5720,27055,8353,778506,778507,778509,778510,0,0,0,0
1790595632.099598,-3,2,-3,3,18643,5719,27056,8357,778536,778537,778539,778540,0,0,0,0
1790595632.1947362,-2,-1,-6,0,18646,5721,27062,8366,778596,778597,778599,778600,0,0,0,0
1790595632.2587879,-2,1,1,-3,18647,5722,27063,8368,778626,778627,778629,778630,0,0,0,0
1790595632.3227735,0,3,2,1,18648,5720,27064,8372,778656,778657,778659,778660,0,0,0,0
1790595632.35448,-6,3,0,0,18649,5720,27066,8378,778686,778687,778689,778690,0,0,0,0
1790595632.4663627,-4,-1,-2,2,18656,5720,27067,8388,778746,778747,778749,778750,0,0,0,0
1790595632.498066,1,4,3,1,18660,5718,27067,8394,778776,778777,778779,778780,0,0,0,0
1790595632.5928922,-4,-2,0,0,18671,5717,27066,8410,778836,778837,778839,778840,0,0,0,0
1790595632.6087189,0,0,-2,-1,18675,5716,27064,8416,778866,778867,778869,778870,0,0,0,0
1790595632.738404,5,2,-3,-1,18681,5718,27067,8425,778926,778927,778929,778930,0,0,0,0
1790595632.7541876,3,-4,-5,-1,18684,5717,27069,8429,778956,778957,778959,778960,0,0,0,0
1790595632.8648543,-2,-10,-2,0,18689,5717,27069,8434,779016,779017,779019,779020,0,0,0,0
1790595632.9131281,4,1,1,-1,18689,5718,27073,8434,779046,779047,779049,779050,0,0,0,0
1790595632.9925234,2,-4,-6,-3,18690,5718,27073,8436,779106,779107,779109,779110,0,0,0,0
1790595633.0568204,-3,1,0,-1,18692,5717,27072,8436,779136,779137,779139,779140,0,0,0,0
1790595633.136311,-3,2,-4,-2,18691,5711,27070,8438,779166,779167,779169,779170,0,0,0,0
1790595633.1520166,-3,-2,-2,-3,18692,5709,27067,8439,779196,779197,779199,779200,0,0,0,0
1790595633.2956727,-4,-7,1,0,18695,5706,27065,8443,779256,779257,779259,779260,0,0,0,0
1790595633.3114467,-7,5,-4,-4,18696,5704,27064,8446,779286,779287,779289,779290,0,0,0,0
1790595633.439451,-1,1,-4,0,18702,5698,27060,8457,779346,779347,779349,779350,0,0,0,0
1790595633.4555626,3,5,-1,-2,18701,5698,27060,8459,779376,779377,779379,779380,0,0,0,0
1790595633.5515816,0,-3,1,-1,18702,5698,27061,8462,779406,779407,779409,779410,0,0,0,0
1790595633.5515816,-1,4,-4,-2,18701,5701,27064,8462,779436,779437,779439,779440,0,0,0,0
1790595633.6154616,2,-1,-1,0,18702,5705,27066,8463,779466,779467,779469,779470,0,0,0,0
1790595633.6951957,1,3,-2,2,18704,5706,27068,8467,779496,779497,779499,779500,0,0,0,0
1790595633.7112384,4,3,3,-1,18706,5706,27066,8469,779526,779527,779529,779530,0,0,0,0
1790595633.8075542,7,-1,-5,4,18716,5708,27068,8480,779586,779587,779589,779590,0,0,0,0
1790595633.9196267,2,-1,2,2,18718,5709,27069,8483,779616,779617,779619,779620,0,0,0,0
1790595633.935273,2,-1,0,-2,18721,5710,27069,8486,779646,779647,779649,779650,0,0,0,0
1790595633.967838,3,-2,-3,-2,18723,5711,27071,8488,779676,779677,779679,779680,0,0,0,0
1790595634.0642433,-2,3,0,-2,18724,5712,27073,8488,779706,779707,779709,779710,0,0,0,0
1790595634.096293,4,1,3,-4,18727,5712,27071,8488,779736,779737,779739,779740,0,0,0,0
1790595634.1935022,-4,-6,-6,-2,18728,5705,27066,8489,779796,779797,779799,779800,0,0,0,0
1790595634.2256083,1,3,-5,-1,18731,5702,27063,8492,779826,779827,779829,779830,0,0,0,0
1790595634.318822,-6,-5,2,-2,18733,5698,27061,8497,779856,779857,779859,779860,0,0,0,0
1790595634.3363423,-2,-5,-5,-1,18733,5695,27059,8499,779886,779887,779889,779890,0,0,0,0
1790595634.432034,1,4,-2,1,18729,5694,27062,8498,779946,779947,779949,779950,0,0,0,0
1790595636.723525,-4,0,0,1,18727,5696,27063,8497,779976,779977,779979,779980,0,0,0,0
1790595636.723525,-2,-2,3,4,18730,5696,27066,8504,780006,780007,780009,780010,0,0,0,0
1790595636.723525,2,-2,6,4,18766,5695,27065,8555,780216,780217,780219,780220,0,0,0,0
1790595636.723525,3,-1,2,0,18773,5693,27063,8565,780246,780247,780249,780250,0,0,0,0
1790595636.723525,-1,-1,2,-2,18793,5690,27058,8581,780336,780337,780339,780340,0,0,0,0
1790595636.723525,-3,-2,-4,-2,18798,5689,27065,8592,780516,780517,780519,780520,0,0,0,0
1790595636.739628,-2,1,2,0,18808,5675,27058,8619,780696,780697,780699,780700,0,0,0,0
1790595636.739628,1,-4,-7,0,18848,5683,27064,8659,780996,780997,780999,781000,0,0,0,0
1790595636.739628,0,-3,1,-1,18849,5683,27065,8660,781026,781027,781029,781030,0,0,0,0
1790595636.739628,-4,0,-2,9,18858,5680,27063,8671,781086,781087,781089,781090,0,0,0,0
1790595636.739628,0,-3,6,-2,18909,5667,27043,8721,781296,781297,781299,781300,0,0,0,0
1790595636.7553682,-4,2,1,1,18922,5668,27037,8731,781326,781327,781329,781330,0,0,0,0
1790595636.850396,-2,-2,-8,-1,18934,5665,27033,8742,781356,781357,781359,781360,0,0,0,0
1790595636.8664558,-5,-4,-3,4,18949,5664,27027,8756,781386,781387,781389,781390,0,0,0,0
1790595636.8987443,0,1,-1,0,18967,5660,27019,8771,781416,781417,781419,781420,0,0,0,0
1790595636.995161,-3,-1,-2,0,19004,5654,27004,8799,781476,781477,781479,781480,0,0,0,0
1790595637.058485,0,-1,-1,-1,19017,5650,26997,8810,781506,781507,781509,781510,0,0,0,0
1790595637.1437454,0,-4,-2,-1,19031,5648,26993,8823,781536,781537,781539,781540,0,0,0,0
1790595637.154756,0,1,-1,5,19043,5646,26986,8832,781566,781567,781569,781570,0,0,0,0
1790595637.1957235,-5,2,6,2,19055,5644,26981,8839,781596,781597,781599,781600,0,0,0,0
1790595637.289622,3,-3,-1,0,19061,5642,26979,8845,781626,781627,781629,781630,0,0,0,0
1790595637.299453,4,1,-6,2,19070,5645,26979,8849,781656,781657,781659,781660,0,0,0,0
1790595637.428254,1,0,1,8,19075,5649,26979,8852,781686,781687,781689,781690,0,0,0,0
1790595637.4604998,-1,-2,-4,7,19085,5655,26981,8858,781746,781747,781749,781750,0,0,0,0
1790595637.580707,-1,-3,-46,-1,19090,5658,26981,8860,781776,781777,781779,781780,0,0,0,0
1790595637.5977793,4,3,1,4,19099,5663,26983,8862,781836,781837,781839,781840,0,0,0,0
1790595637.6056988,7,0,-1,-4,19104,5666,26984,8866,781866,781867,781869,781870,0,0,0,0
1790595637.721814,0,0,-1,-1,19109,5667,26985,8867,781896,781897,781899,781900,0,0,0,0
1790595637.721814,1,8,0,0,19116,5670,26983,8869,781926,781927,781929,781930,0,0,0,0
1790595637.7483652,3,-4,3,0,19122,5673,26983,8871,781956,781957,781959,781960,0,0,0,0
1790595637.8760138,3,-6,-5,3,19127,5673,26983,8874,781986,781987,781989,781990,0,0,0,0
1790595637.8760138,0,3,-4,1,19134,5675,26982,8877,782016,782017,782019,782020,0,0,0,0
1790595637.9078155,-2,-4,-1,1,19136,5680,26984,8876,782046,782047,782049,782050,0,0,0,0
1790595638.0195045,2,-1,1,-5,19138,5684,26986,8874,782076,782077,782079,782080,0,0,0,0
1790595638.0195045,5,-2,-6,2,19139,5685,26985,8874,782106,782107,782109,782110,0,0,0,0
1790595638.0524292,1,-4,0,-6,19142,5683,26984,8876,782136,782137,782139,782140,0,0,0,0
1790595638.164475,-5,-7,-2,-1,19140,5686,26987,8873,782196,782197,782199,782200,0,0,0,0
1790595638.212577,-1,-5,0,3,19140,5685,26986,8873,782226,782227,782229,782230,0,0,0,0
1790595638.3085418,-2,1,1,0,19145,5684,26985,8877,782256,782257,782259,782260,0,0,0,0
1790595638.3085418,-2,-6,-3,0,19150,5682,26982,8881,782286,782287,782289,782290,0,0,0,0
1790595638.3567457,1,-2,0,0,19150,5682,26981,8883,782316,782317,782319,782320,0,0,0,0
1790595638.4523184,-2,-2,1,2,19152,5682,26981,8885,782346,782347,782349,782350,0,0,0,0
1790595638.468405,0,-6,-1,-3,19152,5680,26981,8886,782376,782377,782379,782380,0,0,0,0
1790595638.5806882,2,0,0,3,19150,5684,26983,8886,782436,782437,782439,782440,0,0,0,0
1790595638.6916766,-2,1,0,-1,19152,5683,26982,8888,782466,782467,782469,782470,0,0,0,0
1790595638.7008681,1,-4,0,3,19158,5682,26981,8892,782496,782497,782499,782500,0,0,0,0
1790595638.7257967,3,0,3,-4,19162,5685,26981,8894,782526,782527,782529,782530,0,0,0,0
1790595638.8212197,0,4,0,-2,19165,5690,26983,8894,782556,782557,782559,782560,0,0,0,0
1790595638.8369904,0,4,3,-7,19167,5693,26985,8894,782586,782587,782589,782590,0,0,0,0
1790595638.9251878,3,0,-1,-3,19176,5698,26986,8896,782646,782647,782649,782650,0,0,0,0
1790595638.9819396,1,-1,-3,1,19180,5702,26986,8897,782676,782677,782679,782680,0,0,0,0
1790595639.0612445,1,-2,2,0,19186,5701,26984,8900,782706,782707,782709,782710,0,0,0,0
1790595639.0932715,1,-1,1,3,19191,5703,26984,8901,782736,782737,782739,782740,0,0,0,0
1790595639.2027848,1,-3,0,-1,19195,5703,26983,8901,782766,782767,782769,782770,0,0,0,0
1790595639.2203264,2,-5,-2,1,19199,5706,26984,8901,782796,782797,782799,782800,0,0,0,0
1790595639.2363355,0,-1,-1,0,19199,5708,26985,8900,782826,782827,782829,782830,0,0,0,0
1790595639.332224,1,-2,-1,0,19197,5706,26984,8901,782886,782887,782889,782890,0,0,0,0
1790595639.463459,-2,-2,-1,-4,19196,5702,26982,8902,782946,782947,782949,782950,0,0,0,0
1790595639.4928732,-1,1,8,0,19194,5700,26983,8902,782976,782977,782979,782980,0,0,0,0
1790595639.588711,-2,-5,0,3,19192,5700,26983,8901,783006,783007,783009,783010,0,0,0,0
1790595639.588711,1,-2,0,3,19190,5701,26985,8901,783036,783037,783039,783040,0,0,0,0
1790595639.6536088,0,0,0,0,19192,5704,26986,8903,783096,783097,783099,783100,0,0,0,0
1790595639.700906,-5,2,0,1,19195,5705,26986,8905,783126,783127,783129,783130,0,0,0,0
1790595639.760319,-5,2,0,1,19195,5705,26986,8905,783126,783127,783129,783130,0,0,0,0
1790595639.989516,0,1,-4,3,19206,5717,26989,8906,783246,783247,783249,783250,0,0,0,0
1790595639.989516,5,-2,-2,0,19212,5719,26990,8908,783276,783277,783279,783280,0,0,0,0
1790595640.1984494,0,-2,-6,-1,19223,5725,26991,8908,783366,783367,783369,783370,0,0,0,0
1790595640.1984494,1,-1,-3,1,19226,5725,26991,8909,783396,783397,783399,783400,0,0,0,0
1790595640.3911064,-1,-1,2,0,19229,5727,26990,8910,783426,783427,783429,783430,0,0,0,0
1790595640.6067433,-6,0,-4,4,19225,5727,26992,8909,783606,783607,783609,783610,0,0,0,0
1790595640.6067433,-2,1,-1,-2,19224,5729,26994,8908,783636,783637,783639,783640,0,0,0,0
1790595640.6166415,-2,0,0,5,19226,5731,26995,8909,783666,783667,783669,783670,0,0,0,0
1790595640.810555,-1,8,1,7,19237,5732,26993,8917,783756,783757,783759,783760,0,0,0,0
1790595641.0088937,0,-12,-2,-1,19240,5734,26994,8918,783786,783787,783789,783790,0,0,0,0
1790595641.019156,2,2,-1,-5,19251,5741,26995,8922,783876,783877,783879,783880,0,0,0,0
1790595641.2129223,-2,1,1,-1,19261,5742,26991,8927,783936,783937,783939,783940,0,0,0,0
1790595641.4221904,-6,4,-1,-1,19269,5751,26996,8923,784026,784027,784029,784030,0,0,0,0
1790595641.4221904,-5,2,-1,0,19275,5749,26993,8928,784086,784087,784089,784090,0,0,0,0
1790595641.438182,-4,-6,-2,-1,19278,5751,26994,8928,784146,784147,784149,784150,0,0,0,0
1790595641.632394,-7,0,1,0,19276,5751,26996,8930,784266,784267,784269,784270,0,0,0,0
1790595641.8426497,3,-1,2,0,19275,5754,26997,8932,784326,784327,784329,784330,0,0,0,0
1790595641.8426497,-3,-2,4,-1,19280,5755,26998,8934,784356,784357,784359,784360,0,0,0,0
1790595641.8426497,0,-5,7,-1,19288,5758,26998,8936,784386,784387,784389,784390,0,0,0,0
1790595641.8570857,5,5,6,3,19289,5760,26999,8935,784416,784417,784419,784420,0,0,0,0
1790595642.0355334,-5,4,2,2,19296,5770,27003,8936,784476,784477,784479,784480,0,0,0,0
1790595642.0355334,2,0,3,-2,19300,5773,27004,8937,784506,784507,784509,784510,0,0,0,0
1790595642.2459292,10,0,-1,-3,19305,5777,27005,8937,784536,784537,784539,784540,0,0,0,0
1790595642.247941,-2,0,1,-2,19313,5783,27007,8937,784626,784627,784629,784630,0,0,0,0
1790595642.440555,-1,-4,0,3,19315,5784,27007,8937,784656,784657,784659,784660,0,0,0,0
1790595642.440555,-2,-1,2,-3,19327,5778,26998,8947,784746,784747,784749,784750,0,0,0,0
1790595642.6487484,2,-2,-3,-4,19333,5775,26996,8950,784776,784777,784779,784780,0,0,0,0
1790595642.6487484,1,-5,5,0,19327,5776,26998,8947,784866,784867,784869,784870,0,0,0,0
1790595642.8268802,0,-1,-1,2,19331,5773,26997,8954,784986,784987,784989,784990,0,0,0,0
1790595643.052908,1,-3,-2,4,19332,5776,26998,8954,785016,785017,785019,785020,0,0,0,0
1790595643.0688207,0,5,-4,-3,19339,5786,27003,8955,785106,785107,785109,785110,0,0,0,0
1790595643.2609046,6,1,1,-4,19342,5792,27007,8952,785136,785137,785139,785140,0,0,0,0
1790595643.2609046,3,6,-5,0,19354,5800,27007,8955,785226,785227,785229,785230,0,0,0,0
1790595643.4692607,0,-1,2,-4,19357,5799,27005,8956,785256,785257,785259,785260,0,0,0,0
1790595643.4692607,-5,-4,-3,-1,19358,5799,27004,8956,785286,785287,785289,785290,0,0,0,0
1790595643.4692607,-5,-2,0,1,19356,5798,27004,8955,785346,785347,785349,785350,0,0,0,0
1790595643.678152,-1,2,-5,2,19358,5800,27005,8954,785376,785377,785379,785380,0,0,0,0
1790595643.678152,0,2,-1,2,19356,5801,27008,8954,785466,785467,785469,785470,0,0,0,0
1790595643.8064108,-3,0,0,-1,19356,5802,27010,8953,785526,785527,785529,785530,0,0,0,0
1790595643.8064108,-1,-4,-1,-1,19355,5804,27011,8955,785556,785557,785559,785560,0,0,0,0
1790595643.8064108,0,1,1,0,19354,5805,27010,8957,785586,785587,785589,785590,0,0,0,0
1790595643.8867264,0,5,-1,-1,19360,5806,27010,8959,785616,785617,785619,785620,0,0,0,0
1790595644.0785074,0,6,-2,-1,19366,5811,27013,8960,785676,785677,785679,785680,0,0,0,0
1790595644.0947955,-2,2,0,3,19371,5817,27013,8961,785736,785737,785739,785740,0,0,0,0
1790595644.2876897,-1,-2,0,-1,19383,5823,27015,8962,785826,785827,785829,785830,0,0,0,0
1790595644.2876897,2,-1,-3,-1,19382,5824,27015,8959,785856,785857,785859,785860,0,0,0,0
1790595644.4952307,-2,-1,0,1,19381,5825,27016,8957,785886,785887,785889,785890,0,0,0,0
1790595644.4952307,-2,-1,-3,0,19381,5820,27013,8960,785976,785977,785979,785980,0,0,0,0
1790595644.7012403,-4,-5,3,-2,19380,5816,27013,8961,786006,786007,786009,786010,0,0,0,0
1790595644.7170763,0,3,2,4,19377,5824,27019,8962,786096,786097,786099,786100,0,0,0,0
1790595644.846087,1,0,2,5,19380,5826,27020,8963,786126,786127,786129,786130,0,0,0,0
1790595644.846087,3,0,-1,-1,19382,5831,27023,8963,786156,786157,786159,786160,0,0,0,0
1790595644.8597417,-1,1,-3,-6,19385,5833,27023,8963,786186,786187,786189,786190,0,0,0,0
1790595644.9077685,1,-2,1,1,19391,5837,27023,8963,786216,786217,786219,786220,0,0,0,0
1790595645.1143217,-1,2,-3,6,19406,5850,27026,8965,786336,786337,786339,786340,0,0,0,0
1790595645.306657,1,-5,2,1,19409,5849,27024,8966,786366,786367,786369,786370,0,0,0,0
1790595645.306657,0,1,-4,-1,19419,5848,27021,8971,786456,786457,786459,786460,0,0,0,0
1790595645.5151832,-4,0,-3,3,19421,5851,27023,8972,786486,786487,786489,786490,0,0,0,0
1790595645.5151832,-4,-4,0,-2,19417,5849,27025,8969,786576,786577,786579,786580,0,0,0,0
1790595645.6449304,-5,-1,6,1,19412,5851,27028,8969,786636,786637,786639,786640,0,0,0,0
1790595645.6589043,-1,-2,-2,4,19417,5855,27030,8971,786666,786667,786669,786670,0,0,0,0
1790595645.6930678,0,-1,-2,-1,19420,5855,27030,8975,786696,786697,786699,786700,0,0,0,0
1790595645.7704382,-1,-1,-3,0,19427,5856,27028,8978,786726,786727,786729,786730,0,0,0,0
1790595645.78973,6,4,0,-3,19430,5858,27029,8981,786756,786757,786759,786760,0,0,0,0
1790595645.8687363,3,5,7,-4,19431,5861,27032,8979,786786,786787,786789,786790,0,0,0,0
1790595645.8989267,2,3,5,-1,19432,5868,27035,8977,786816,786817,786819,786820,0,0,0,0
1790595645.9956183,2,-2,1,0,19435,5880,27039,8974,786876,786877,786879,786880,0,0,0,0
1790595646.1009977,-2,3,0,0,19444,5887,27044,8975,786936,786937,786939,786940,0,0,0,0
1790595646.2140434,0,0,-2,-6,19451,5889,27042,8977,786996,786997,786999,787000,0,0,0,0
1790595646.2140434,3,-5,-2,3,19451,5889,27040,8975,787026,787027,787029,787030,0,0,0,0
1790595646.2511306,3,-3,6,0,19451,5888,27040,8976,787056,787057,787059,787060,0,0,0,0
1790595646.329056,2,-2,1,2,19450,5890,27043,8976,787086,787087,787089,787090,0,0,0,0
1790595646.3466032,-1,1,1,4,19447,5892,27045,8972,787116,787117,787119,787120,0,0,0,0
1790595646.4418478,-2,-3,-5,4,19446,5893,27046,8972,787146,787147,787149,787150,0,0,0,0
1790595646.5547156,-4,5,1,4,19448,5895,27049,8974,787236,787237,787239,787240,0,0,0,0
1790595646.6911976,-1,-6,-4,1,19450,5894,27047,8976,787266,787267,787269,787270,0,0,0,0
1790595646.7119088,-1,1,-4,0,19453,5896,27048,8979,787326,787327,787329,787330,0,0,0,0
1790595646.8547702,1,1,3,-2,19451,5901,27052,8977,787356,787357,787359,787360,0,0,0,0
1790595646.8547702,0,-2,4,3,19451,5904,27054,8977,787386,787387,787389,787390,0,0,0,0
1790595646.8723078,-1,2,-6,-4,19453,5909,27057,8977,787416,787417,787419,787420,0,0,0,0
1790595646.9201245,4,-4,-1,2,19455,5915,27061,8977,787446,787447,787449,787450,0,0,0,0
1790595647.0150485,2,3,5,4,19462,5930,27067,8973,787506,787507,787509,787510,0,0,0,0
1790595647.142369,-3,-2,1,0,19470,5937,27068,8974,787566,787567,787569,787570,0,0,0,0
1790595647.1739259,0,-2,-3,3,19473,5941,27069,8975,787596,787597,787599,787600,0,0,0,0
1790595647.313119,-1,-1,-2,2,19476,5941,27069,8975,787626,787627,787629,787630,0,0,0,0
1790595647.318448,0,-5,-1,-1,19480,5942,27067,8976,787656,787657,787659,787660,0,0,0,0
1790595647.3341444,1,-1,1,-6,19482,5942,27066,8977,787686,787687,787689,787690,0,0,0,0
1790595647.461621,2,-2,-1,0,19477,5939,27068,8974,787746,787747,787749,787750,0,0,0,0
1790595647.477759,-4,-3,-1,-5,19479,5944,27070,8974,787776,787777,787779,787780,0,0,0,0
1790595647.6327891,2,-4,3,-2,19479,5947,27072,8973,787806,787807,787809,787810,0,0,0,0
1790595647.6373322,-3,-1,-3,-1,19479,5945,27072,8974,787866,787867,787869,787870,0,0,0,0
1790595647.6693683,1,1,-8,-2,19486,5950,27071,8977,787896,787897,787899,787900,0,0,0,0
1790595647.780847,0,2,5,2,19486,5953,27076,8977,787956,787957,787959,787960,0,0,0,0
1790595647.9156334,0,-4,2,0,19489,5959,27080,8977,788016,788017,788019,788020,0,0,0,0
1790595647.9396062,-3,-1,3,-3,19490,5962,27082,8979,788046,788047,788049,788050,0,0,0,0
1790595648.0674589,2,0,-3,0,19494,5964,27082,8979,788076,788077,788079,788080,0,0,0,0
1790595648.0674589,-3,2,3,-1,19498,5968,27083,8982,788106,788107,788109,788110,0,0,0,0
1790595648.0674589,-2,3,1,4,19501,5974,27086,8981,788136,788137,788139,788140,0,0,0,0
1790595648.2106605,2,4,-4,-2,19504,5989,27093,8979,788196,788197,788199,788200,0,0,0,0
1790595648.2340877,-2,1,0,-5,19506,5996,27098,8978,788226,788227,788229,788230,0,0,0,0
1790595648.3375247,1,7,2,0,19507,6008,27105,8976,788256,788257,788259,788260,0,0,0,0
1790595648.3534803,-1,1,6,0,19510,6018,27111,8971,788286,788287,788289,788290,0,0,0,0
1790595648.3694332,1,1,7,-4,19510,6027,27115,8970,788316,788317,788319,788320,0,0,0,0
1790595648.496925,2,5,1,-1,19519,6041,27120,8969,788376,788377,788379,788380,0,0,0,0
1790595648.5343926,-7,0,0,-1,19523,6047,27122,8969,788406,788407,788409,788410,0,0,0,0
1790595648.657221,2,4,5,-23,19528,6065,27132,8965,788466,788467,788469,788470,0,0,0,0
1790595648.7008607,-1,-1,-1,2,19528,6072,27135,8964,788496,788497,788499,788500,0,0,0,0
1790595648.789975,2,3,-4,-2,19532,6083,27140,8962,788556,788557,788559,788560,0,0,0,0
1790595648.8355434,3,-5,2,6,19534,6088,27143,8962,788586,788587,788589,788590,0,0,0,0
1790595648.9091158,-4,-3,-3,-6,19532,6085,27143,8961,788616,788617,788619,788620,0,0,0,0
1790595648.9406574,0,-3,6,0,19532,6087,27144,8961,788646,788647,788649,788650,0,0,0,0
1790595649.036492,0,0,0,-2,19533,6087,27145,8961,788706,788707,788709,788710,0,0,0,0
1790595649.10063,-3,-6,2,0,19529,6091,27148,8959,788736,788737,788739,788740,0,0,0,0
1790595649.1809738,4,-1,4,4,19529,6095,27151,8957,788766,788767,788769,788770,0,0,0,0
1790595649.1970236,-1,-1,0,5,19529,6098,27152,8958,788796,788797,788799,788800,0,0,0,0
1790595649.3102834,5,0,0,3,19528,6099,27154,8959,788826,788827,788829,788830,0,0,0,0
1790595649.3102834,-3,-3,2,-3,19530,6103,27157,8958,788856,788857,788859,788860,0,0,0,0
1790595649.3567839,-2,-3,4,-1,19529,6108,27160,8957,788886,788887,788889,788890,0,0,0,0
1790595649.436982,0,-5,2,4,19528,6116,27165,8955,788916,788917,788919,788920,0,0,0,0
1790595649.4516828,-2,-2,-2,7,19533,6125,27169,8955,788946,788947,788949,788950,0,0,0,0
1790595649.5641692,1,2,-5,0,19539,6132,27172,8957,789006,789007,789009,789010,0,0,0,0
1790595649.5641692,-11,3,1,1,19543,6136,27171,8958,789036,789037,789039,789040,0,0,0,0
1790595649.6116982,2,2,-2,-6,19548,6139,27172,8959,789066,789067,789069,789070,0,0,0,0
1790595649.7232983,-3,-4,2,3,19549,6147,27173,8959,789096,789097,789099,789100,0,0,0,0
1790595649.7393022,0,2,-2,3,19548,6153,27178,8956,789126,789127,789129,789130,0,0,0,0
1790595649.7552624,4,0,-5,-3,19549,6159,27181,8954,789156,789157,789159,789160,0,0,0,0
1790595649.8670678,2,-1,2,-1,19554,6159,27179,8954,789186,789187,789189,789190,0,0,0,0
1790595649.8828187,1,-4,7,-2,19557,6157,27177,8956,789216,789217,789219,789220,0,0,0,0
1790595649.9145792,4,0,0,0,19559,6160,27178,8957,789246,789247,789249,789250,0,0,0,0
1790595649.9952593,-7,-7,4,-2,19559,6161,27180,8955,789276,789277,789279,789280,0,0,0,0
1790595650.01022,-3,-4,-5,3,19554,6162,27182,8953,789306,789307,789309,789310,0,0,0,0
1790595650.0903277,-5,-1,-3,1,19552,6166,27187,8951,789336,789337,789339,789340,0,0,0,0
1790595650.1060085,-2,-12,-1,0,19552,6168,27188,8950,789366,789367,789369,789370,0,0,0,0
