unix_timestamp,yaw,pitch,roll
1790616395.720015,0.03,0.04,-0.67
1790616395.780562,0.03,0.04,-0.67
1790616395.839988,0.03,0.04,-0.67
1790616395.881441,0.03,0.04,-0.67
1790616395.9399328,0.03,0.04,-0.67
1790616395.9866052,0.03,0.04,-0.67
1790616396.04018,0.04,0.04,-0.67
1790616396.100113,0.04,0.04,-0.67
1790616396.234997,0.03,0.04,-0.67
1790616396.238522,0.03,0.04,-0.67
1790616396.242292,0.03,0.04,-0.67
1790616396.3758469,0.03,0.04,-0.67
1790616396.4001122,0.04,0.04,-0.67
1790616396.625159,0.04,0.04,-0.67
1790616396.6267672,0.03,0.04,-0.67
1790616396.6330829,0.03,0.04,-0.67
1790616396.66097,0.03,0.04,-0.67
1790616396.724562,0.03,0.04,-0.67
1790616396.7646039,0.03,0.04,-0.67
1790616396.853215,0.03,0.04,-0.67
1790616396.862379,0.03,0.04,-0.67
1790616397.0738308,0.03,0.04,-0.67
1790616397.135659,0.03,0.04,-0.67
1790616397.196851,0.03,0.04,-0.67
1790616397.2012029,0.03,0.05,-0.67
1790616397.202226,0.02,0.04,-0.66
1790616397.370924,0.03,0.04,-0.67
1790616397.375562,0.03,0.04,-0.67
1790616397.378093,0.02,0.04,-0.66
1790616397.528613,0.02,0.05,-0.66
1790616397.532563,0.02,0.05,-0.67
1790616397.5353348,0.03,0.05,-0.67
1790616397.706629,0.03,0.04,-0.67
1790616397.7097988,0.03,0.04,-0.66
1790616397.7109828,0.03,0.04,-0.67
1790616397.722681,0.03,0.05,-0.67
1790616397.888236,0.03,0.04,-0.67
1790616397.898444,0.03,0.04,-0.66
1790616398.014535,0.03,0.04,-0.67
1790616398.018846,0.03,0.04,-0.67
1790616398.041713,0.03,0.04,-0.67
1790616398.112849,0.03,0.04,-0.67
1790616398.141176,0.03,0.05,-0.67
1790616398.2884638,0.03,0.04,-0.67
1790616398.2892952,0.03,0.04,-0.67
1790616398.298344,0.03,0.04,-0.66
1790616398.46324,0.03,0.04,-0.67
1790616398.465312,0.02,0.04,-0.67
1790616398.58211,0.03,0.04,-0.67
1790616398.6015959,0.03,0.04,-0.67
1790616398.623659,0.02,0.04,-0.67
1790616398.7625751,0.02,0.04,-0.67
1790616398.771613,0.03,0.05,-0.67
1790616398.774414,0.03,0.04,-0.67
1790616398.940436,0.03,0.04,-0.67
1790616398.944973,0.02,0.04,-0.66
1790616398.950856,0.02,0.04,-0.66
1790616398.98134,0.03,0.04,-0.66
1790616399.0410151,0.03,0.04,-0.66
1790616399.0813131,0.03,0.04,-0.67
1790616399.161865,0.02,0.04,-0.67
1790616399.2214122,0.02,0.05,-0.66
1790616399.2619112,0.02,0.05,-0.67
1790616399.322096,0.02,0.04,-0.67
1790616399.381612,0.03,0.04,-0.66
1790616399.440928,0.03,0.04,-0.66
1790616399.481193,0.03,0.04,-0.67
1790616399.541164,0.03,0.04,-0.67
1790616399.600846,0.03,0.04,-0.67
1790616399.641011,0.02,0.04,-0.67
1790616399.700918,0.03,0.04,-0.66
1790616399.761184,0.03,0.04,-0.67
1790616399.8225338,0.03,0.04,-0.67
1790616399.861949,0.03,0.04,-0.67
1790616399.92238,0.03,0.04,-0.66
1790616399.9809039,0.02,0.04,-0.66
1790616400.02173,0.02,0.04,-0.66
1790616400.081263,0.02,0.05,-0.67
1790616400.141408,0.03,0.05,-0.67
1790616400.1811159,0.02,0.04,-0.67
1790616400.243256,0.03,0.04,-0.67
1790616400.301131,0.03,0.04,-0.67
1790616400.361134,0.03,0.04,-0.66
1790616400.401016,0.02,0.04,-0.66
1790616400.461183,0.03,0.04,-0.67
1790616400.521183,0.03,0.04,-0.67
1790616400.562443,0.03,0.04,-0.67
1790616400.621676,0.02,0.04,-0.67
1790616400.6609018,0.03,0.04,-0.66
1790616400.72127,0.02,0.04,-0.67
1790616400.781878,0.02,0.05,-0.67
1790616400.841036,0.02,0.05,-0.67
1790616400.9008589,0.03,0.05,-0.67
1790616400.960854,0.03,0.04,-0.67
1790616401.020989,0.03,0.04,-0.67
1790616401.060933,0.03,0.04,-0.67
1790616401.1210399,0.03,0.04,-0.67
1790616401.180774,0.03,0.04,-0.67
1790616401.2218711,0.03,0.04,-0.67
1790616401.281012,0.03,0.04,-0.67
1790616401.32128,0.03,0.04,-0.67
1790616401.392599,0.03,0.04,-0.67
1790616401.441725,0.02,0.04,-0.67
1790616401.4809668,0.03,0.04,-0.66
1790616401.540999,0.03,0.04,-0.66
1790616401.580974,0.03,0.04,-0.67
1790616401.641558,0.03,0.05,-0.67
1790616401.700942,0.03,0.04,-0.67
1790616401.74103,0.03,0.04,-0.66
1790616401.801166,0.03,0.04,-0.67
1790616401.8616152,0.03,0.04,-0.67
1790616401.9016168,0.03,0.04,-0.67
1790616401.9614642,0.02,0.04,-0.66
1790616402.022871,0.03,0.04,-0.66
1790616402.061642,0.03,0.04,-0.67
1790616402.1220322,0.03,0.04,-0.67
1790616402.162219,0.03,0.04,-0.67
1790616402.22131,0.03,0.04,-0.67
1790616402.281065,0.03,0.04,-0.67
1790616402.324377,0.03,0.04,-0.66
1790616402.385178,0.03,0.04,-0.66
1790616402.440783,0.03,0.05,-0.66
1790616402.483179,0.03,0.04,-0.67
1790616402.540946,0.03,0.04,-0.67
1790616402.583078,0.03,0.04,-0.67
1790616402.6411252,0.03,0.04,-0.67
1790616402.701501,0.03,0.04,-0.66
1790616402.740916,0.4,0.05,-0.68
1790616402.8012109,3.06,0.07,-0.69
1790616402.840845,4.2,0.1,-0.63
1790616402.901076,5.62,0.07,-0.63
1790616402.960885,6.9,0.09,-0.67
1790616403.001389,8.21,0.1,-0.69
1790616403.062222,9.73,0.09,-0.71
1790616403.1010802,11.12,0.1,-0.71
1790616403.161113,12.53,0.11,-0.68
1790616403.2012439,13.96,0.1,-0.68
1790616403.261701,15.36,0.11,-0.7
1790616403.3221738,16.77,0.09,-0.69
1790616403.361079,16.87,0.07,-0.7
1790616403.422279,16.92,0.08,-0.7
1790616403.4614289,16.95,0.08,-0.69
1790616403.5215402,16.98,0.08,-0.69
1790616403.561363,17.0,0.08,-0.69
1790616403.621126,17.03,0.08,-0.68
1790616403.683558,17.05,0.08,-0.68
1790616403.741438,17.08,0.08,-0.68
1790616403.782343,17.1,0.08,-0.68
1790616403.840978,17.09,0.09,-0.67
1790616403.883915,16.25,0.09,-0.67
1790616403.942029,15.37,0.09,-0.66
1790616403.984302,14.34,0.1,-0.64
1790616404.041652,13.37,0.12,-0.64
1790616404.1008599,12.42,0.14,-0.66
1790616404.14099,11.43,0.13,-0.68
1790616404.2007098,10.47,0.11,-0.69
1790616404.2409558,9.47,0.1,-0.69
1790616404.300682,8.58,0.11,-0.69
1790616404.340875,7.7,0.11,-0.65
1790616404.4009469,6.87,0.1,-0.64
1790616404.4408152,6.17,0.09,-0.61
1790616404.501002,5.11,0.1,-0.63
1790616404.563005,4.49,0.11,-0.66
1790616404.620884,3.94,0.1,-0.67
1790616404.6616151,3.35,0.09,-0.67
1790616404.7209768,2.75,0.08,-0.66
1790616404.781373,2.17,0.07,-0.66
1790616404.8213902,1.62,0.06,-0.66
1790616404.881529,1.16,0.05,-0.66
1790616404.920974,0.73,0.05,-0.66
1790616404.9813561,0.66,0.05,-0.66
1790616405.022509,0.66,0.04,-0.66
1790616405.082568,0.66,0.04,-0.66
1790616405.120914,0.66,0.04,-0.66
1790616405.180979,0.66,0.04,-0.66
1790616405.240926,0.66,0.05,-0.65
1790616405.282036,0.66,0.05,-0.65
1790616405.341038,0.66,0.05,-0.65
1790616405.4008052,0.66,0.05,-0.65
1790616405.4411032,0.66,0.05,-0.65
1790616405.502378,0.66,0.05,-0.65
1790616405.540946,0.66,0.05,-0.65
1790616405.600991,0.66,0.05,-0.64
1790616405.640952,0.64,0.06,-0.64
1790616405.70233,0.63,0.06,-0.64
1790616405.740823,0.62,0.06,-0.64
1790616405.8010721,0.62,0.06,-0.64
1790616405.860908,0.62,0.06,-0.64
1790616405.921002,0.61,0.06,-0.64
1790616405.961397,0.61,0.06,-0.65
1790616406.021348,0.6,0.06,-0.65
1790616406.060991,0.59,0.06,-0.65
1790616406.121252,0.58,0.06,-0.64
1790616406.160835,0.57,0.06,-0.64
1790616406.222642,0.56,0.06,-0.64
1790616406.2812731,0.55,0.06,-0.64
1790616406.320999,0.54,0.06,-0.64
1790616406.382473,0.54,0.06,-0.65
1790616406.421021,0.54,0.06,-0.65
1790616406.48326,0.54,0.07,-0.65
1790616406.521627,0.52,0.07,-0.65
1790616406.584308,0.48,0.07,-0.65
1790616406.622384,0.49,0.07,-0.65
1790616406.682718,0.49,0.07,-0.65
1790616406.741148,0.49,0.08,-0.65
1790616406.801327,0.5,0.08,-0.65
1790616406.8608,0.5,0.08,-0.65
1790616406.901254,0.5,0.08,-0.65
1790616406.960908,0.5,0.08,-0.65
1790616407.0216808,0.5,0.08,-0.65
1790616407.060983,0.52,0.08,-0.65
1790616407.1213272,0.45,0.08,-0.65
1790616407.160925,0.42,0.08,-0.65
1790616407.220949,0.42,0.08,-0.65
1790616407.282057,0.41,0.08,-0.65
1790616407.342422,0.4,0.08,-0.65
1790616407.380901,0.4,0.08,-0.65
1790616407.444296,0.39,0.08,-0.65
1790616407.48136,0.38,0.08,-0.65
1790616407.544589,0.37,0.08,-0.65
1790616407.58168,0.36,0.09,-0.65
1790616407.642046,0.34,0.08,-0.65
1790616407.700984,0.27,0.08,-0.64
1790616407.7607749,0.25,0.08,-0.64
1790616407.800887,0.24,0.08,-0.64
1790616407.860977,0.24,0.08,-0.64
1790616407.900984,0.23,0.08,-0.64
1790616407.961018,0.22,0.08,-0.64
1790616408.022254,0.22,0.08,-0.64
1790616408.060895,0.22,0.09,-0.64
1790616408.129452,0.23,0.09,-0.64
1790616408.182473,0.25,0.09,-0.64
1790616408.242504,0.23,0.09,-0.64
1790616408.281245,0.22,0.09,-0.64
1790616408.3411489,0.2,0.09,-0.64
1790616408.4006882,0.19,0.09,-0.64
1790616408.4417422,0.17,0.09,-0.64
1790616408.500818,0.16,0.09,-0.64
1790616408.542871,0.14,0.09,-0.64
1790616408.601269,0.11,0.09,-0.64
1790616408.660928,0.09,0.09,-0.64
1790616408.7009761,0.11,0.09,-0.64
1790616408.760903,0.09,0.1,-0.64
1790616408.80127,0.09,0.1,-0.64
1790616408.8612711,0.09,0.1,-0.64
1790616408.9014459,0.08,0.1,-0.64
1790616408.961181,0.08,0.1,-0.64
1790616409.001248,0.07,0.1,-0.64
1790616409.062057,0.06,0.1,-0.64
1790616409.121877,0.06,0.1,-0.64
1790616409.161935,0.05,0.1,-0.64
1790616409.2219021,0.04,0.1,-0.64
1790616409.261843,0.03,0.1,-0.64
1790616409.321909,0.02,0.11,-0.64
1790616409.38189,0.01,0.11,-0.63
1790616409.4438028,-0.0,0.11,-0.63
1790616409.4817338,-0.01,0.11,-0.63
1790616409.541667,-0.03,0.11,-0.63
1790616409.581768,-0.04,0.11,-0.63
1790616409.642818,-0.06,0.11,-0.63
1790616409.70175,-0.07,0.11,-0.63
1790616409.742362,-0.09,0.11,-0.63
1790616409.8019562,-0.13,0.11,-0.63
1790616409.8621361,-0.15,0.11,-0.63
1790616409.901997,-0.16,0.12,-0.63
1790616409.961716,-0.18,0.12,-0.62
1790616410.002551,-0.19,0.12,-0.63
1790616410.061708,-0.2,0.12,-0.62
1790616410.102048,-0.21,0.12,-0.63
1790616410.161757,-0.21,0.12,-0.63
1790616410.2090209,-0.23,0.12,-0.63
1790616410.2632499,-0.28,0.12,-0.62
1790616410.3229032,-0.31,0.13,-0.62
1790616410.383492,-0.33,0.13,-0.62
1790616410.442092,-0.35,0.13,-0.62
1790616410.501152,-0.36,0.13,-0.62
1790616410.5453959,-0.38,0.13,-0.62
1790616410.582876,-0.39,0.13,-0.62
1790616410.649699,-0.4,0.13,-0.62
1790616410.6838112,-0.42,0.13,-0.62
1790616410.7510028,-0.43,0.14,-0.62
1790616410.783541,-0.45,0.14,-0.62
1790616410.8446689,-0.47,0.14,-0.62
1790616410.941644,-0.51,0.15,-0.62
1790616410.943659,-0.55,0.15,-0.62
1790616411.063849,-0.57,0.15,-0.62
1790616411.1654332,-0.58,0.15,-0.62
1790616411.176304,-0.61,0.15,-0.62
1790616411.208051,-0.63,0.16,-0.62
1790616411.394699,-0.64,0.16,-0.62
1790616411.3990662,-0.63,0.16,-0.62
1790616411.3995311,-0.62,0.16,-0.61
1790616411.4233322,-0.68,0.16,-0.62
1790616411.576409,-0.7,0.16,-0.62
1790616411.582944,-0.71,0.17,-0.62
1790616411.7011142,-0.72,0.17,-0.61
1790616411.723617,-0.73,0.17,-0.61
1790616411.878382,-0.73,0.17,-0.62
1790616411.879741,0.87,0.18,-0.63
1790616411.885107,3.46,0.24,-0.59
1790616412.0491562,5.65,0.26,-0.6
1790616412.060521,10.81,0.27,-0.59
1790616412.2160041,13.44,0.28,-0.6
1790616412.220567,16.14,0.25,-0.58
1790616412.222707,18.98,0.26,-0.53
1790616412.245491,21.87,0.2,-0.53
1790616412.384711,27.69,0.21,-0.46
1790616412.403747,33.47,0.19,-0.45
1790616412.5594602,36.52,0.16,-0.43
1790616412.560131,39.36,0.15,-0.47
1790616412.566247,42.37,0.16,-0.41
1790616412.720426,45.33,0.13,-0.43
1790616412.722461,48.25,0.16,-0.38
1790616412.7453241,51.28,0.15,-0.38
1790616412.873472,57.15,0.18,-0.37
1790616412.903989,63.12,0.17,-0.33
1790616412.96366,66.07,0.17,-0.32
1790616413.123917,68.41,0.15,-0.33
1790616413.130188,70.72,0.13,-0.33
1790616413.132256,72.83,0.13,-0.34
1790616413.1642659,74.9,0.11,-0.32
1790616413.303852,77.06,0.12,-0.32
1790616413.326823,80.79,0.13,-0.33
1790616413.4427772,82.64,0.11,-0.29
1790616413.4570081,83.75,0.1,-0.31
1790616413.603735,84.48,0.12,-0.29
1790616413.610498,86.49,0.13,-0.3
1790616413.77897,87.3,0.11,-0.3
1790616413.781121,88.5,0.11,-0.27
1790616413.783322,89.15,0.09,-0.26
1790616413.804533,89.85,0.09,-0.28
1790616413.8667362,90.42,0.09,-0.29
1790616413.9039621,90.75,0.1,-0.3
1790616413.968069,90.78,0.1,-0.29
1790616414.024228,90.78,0.1,-0.29
1790616414.065079,90.78,0.11,-0.29
1790616414.124188,90.79,0.11,-0.28
1790616414.168315,90.79,0.11,-0.28
1790616414.224433,90.78,0.11,-0.28
1790616414.284322,90.74,0.11,-0.28
1790616414.3240461,90.76,0.11,-0.27
1790616414.383591,90.77,0.11,-0.27
1790616414.424041,90.75,0.12,-0.27
1790616414.4837708,90.75,0.12,-0.26
1790616414.5238779,90.75,0.12,-0.26
1790616414.583988,90.74,0.13,-0.26
1790616414.6437938,90.74,0.13,-0.26
1790616414.703549,90.76,0.14,-0.25
1790616414.7439759,90.76,0.14,-0.25
1790616414.803896,90.77,0.14,-0.25
1790616414.883666,90.77,0.14,-0.25
1790616414.923697,90.76,0.14,-0.25
1790616414.983721,90.76,0.14,-0.26
1790616415.024949,90.75,0.14,-0.25
1790616415.0842292,90.74,0.14,-0.26
1790616415.14381,90.74,0.14,-0.26
1790616415.183851,90.73,0.14,-0.26
1790616415.244032,90.73,0.15,-0.26
1790616415.303963,90.76,0.19,-0.27
1790616415.369332,90.86,0.25,-0.24
1790616415.40383,90.93,0.26,-0.18
1790616415.4641438,90.78,0.23,-0.19
1790616415.5241559,90.73,0.16,-0.17
1790616415.569427,90.77,0.06,-0.15
1790616415.624848,90.72,0.02,-0.19
1790616415.685117,90.69,0.02,-0.21
1790616415.7248378,90.65,-0.03,-0.25
1790616415.784775,90.61,0.01,-0.24
1790616415.824944,90.58,0.03,-0.22
1790616415.885259,90.51,0.09,-0.16
1790616415.9453042,90.48,0.07,-0.2
1790616415.985494,90.48,0.07,-0.24
1790616416.044831,90.43,0.08,-0.23
1790616416.105563,90.43,0.06,-0.28
1790616416.145081,90.38,0.1,-0.31
1790616416.204766,90.36,0.14,-0.33
1790616416.278034,90.44,0.15,-0.33
1790616416.331152,90.35,0.16,-0.33
1790616416.384861,90.37,0.19,-0.37
1790616416.424704,90.31,0.23,-0.32
1790616416.484725,90.34,0.25,-0.34
1790616416.5447118,90.3,0.26,-0.36
1790616416.5847082,90.24,0.24,-0.29
1790616416.644695,90.22,0.25,-0.21
1790616416.684795,90.23,0.24,-0.2
1790616416.745003,90.24,0.26,-0.2
1790616416.806334,90.18,0.24,-0.2
1790616416.844925,90.16,0.22,-0.21
1790616416.908742,90.19,0.23,-0.17
1790616416.964566,90.16,0.24,-0.19
1790616417.004786,90.19,0.24,-0.23
1790616417.074792,90.1,0.21,-0.18
1790616417.124989,90.1,0.2,-0.2
1790616417.184808,90.14,0.24,-0.22
1790616417.228786,90.17,0.25,-0.21
1790616417.2848058,90.04,0.26,-0.21
1790616417.346331,89.98,0.27,-0.16
1790616417.385505,90.13,0.27,-0.16
1790616417.444948,90.13,0.31,-0.16
1790616417.487783,89.97,0.32,-0.18
1790616417.5483992,90.08,0.31,-0.19
1790616417.6072361,90.05,0.29,-0.18
1790616417.6469162,90.02,0.3,-0.2
1790616417.706793,89.99,0.31,-0.21
1790616417.746937,89.94,0.3,-0.19
1790616417.806705,89.99,0.3,-0.19
1790616417.846772,90.01,0.28,-0.19
1790616417.9077399,90.04,0.27,-0.22
1790616417.947403,89.92,0.27,-0.23
1790616418.008628,89.86,0.27,-0.22
1790616418.046884,89.95,0.27,-0.23
1790616418.106752,89.9,0.27,-0.24
1790616418.167216,89.92,0.28,-0.24
1790616418.208171,89.92,0.29,-0.25
1790616418.2702909,89.92,0.29,-0.24
1790616418.3291829,89.91,0.29,-0.24
1790616418.387584,89.91,0.3,-0.24
1790616418.429821,89.91,0.3,-0.24
1790616418.488805,89.9,0.3,-0.24
1790616418.5278678,89.9,0.3,-0.25
1790616418.588484,89.89,0.3,-0.25
1790616418.6300092,89.89,0.3,-0.25
1790616418.688725,89.89,0.3,-0.25
1790616418.7277682,89.89,0.3,-0.25
1790616418.787919,89.89,0.3,-0.25
1790616418.848453,89.89,0.3,-0.25
1790616418.908181,89.91,0.31,-0.25
1790616418.947438,89.89,0.3,-0.25
1790616419.006794,89.87,0.3,-0.25
1790616419.048411,89.86,0.3,-0.25
1790616419.104417,89.86,0.3,-0.24
1790616419.147357,89.85,0.29,-0.24
1790616419.207228,89.84,0.3,-0.24
1790616419.269541,89.84,0.29,-0.24
1790616419.306955,89.84,0.29,-0.24
1790616419.367132,89.84,0.29,-0.24
1790616419.427107,89.84,0.29,-0.24
1790616419.490913,89.84,0.29,-0.23
1790616419.5304031,89.84,0.29,-0.23
1790616419.5873878,89.84,0.29,-0.23
1790616419.629143,89.84,0.29,-0.23
1790616419.686655,89.84,0.28,-0.23
1790616419.727492,89.84,0.28,-0.23
1790616419.786783,89.84,0.28,-0.22
1790616419.8288279,89.84,0.28,-0.22
1790616419.886679,89.84,0.28,-0.22
1790616419.930471,89.84,0.28,-0.22
1790616419.986769,89.83,0.28,-0.23
1790616420.0305269,89.8,0.27,-0.22
1790616420.0890298,89.8,0.27,-0.23
1790616420.147826,89.78,0.27,-0.22
1790616420.1911218,89.77,0.27,-0.22
1790616420.2480042,89.77,0.27,-0.21
1790616420.291894,89.76,0.27,-0.22
1790616420.347785,89.76,0.27,-0.21
1790616420.4077811,89.72,0.26,-0.22
1790616420.4486458,89.69,0.26,-0.21
1790616420.508398,89.7,0.26,-0.21
1790616420.548861,89.69,0.26,-0.21
1790616420.608293,89.69,0.25,-0.21
1790616420.6695712,89.68,0.25,-0.21
1790616420.708213,89.72,0.26,-0.2
1790616420.7686248,89.64,0.23,-0.21
1790616420.807765,89.63,0.25,-0.2
1790616420.869268,89.64,0.25,-0.2
1790616420.931247,89.65,0.25,-0.2
1790616420.9685178,89.65,0.25,-0.2
1790616421.028312,89.65,0.25,-0.2
1790616421.069222,89.64,0.25,-0.2
1790616421.1292832,89.64,0.25,-0.2
1790616421.167839,89.64,0.25,-0.21
1790616421.2283971,89.63,0.25,-0.21
1790616421.290857,89.63,0.24,-0.21
1790616421.32982,89.63,0.24,-0.21
1790616421.393051,89.62,0.24,-0.2
1790616421.447747,89.59,0.24,-0.21
1790616421.4914482,89.58,0.24,-0.21
1790616421.547787,89.58,0.24,-0.2
1790616421.6080918,89.58,0.24,-0.2
1790616421.6480808,89.58,0.24,-0.2
1790616421.707793,89.58,0.24,-0.2
1790616421.770595,89.57,0.24,-0.2
1790616421.80848,89.57,0.23,-0.2
1790616421.8678231,89.53,0.23,-0.2
1790616421.92911,89.53,0.22,-0.19
1790616421.967681,89.53,0.23,-0.2
1790616422.007912,89.52,0.23,-0.2
1790616422.067789,89.51,0.23,-0.19
1790616422.127584,89.52,0.23,-0.19
1790616422.168329,89.49,0.22,-0.19
1790616422.233161,89.39,0.22,-0.19
1790616422.268569,89.4,0.23,-0.19
1790616422.328347,89.4,0.22,-0.19
1790616422.3904252,89.4,0.22,-0.19
1790616422.42835,89.39,0.22,-0.19
1790616422.490245,89.39,0.22,-0.19
1790616422.528395,89.39,0.22,-0.18
1790616422.590299,89.39,0.22,-0.18
1790616422.6283069,89.38,0.22,-0.18
1790616422.69042,89.39,0.22,-0.18
1790616422.7476091,89.41,0.22,-0.18
1790616422.787852,89.39,0.22,-0.18
1790616422.8479738,89.39,0.22,-0.18
1790616422.889621,89.39,0.22,-0.18
1790616422.94885,89.39,0.21,-0.18
1790616422.98976,89.38,0.21,-0.18
1790616423.050229,89.38,0.21,-0.18
1790616423.0903869,89.38,0.21,-0.17
1790616423.149271,89.37,0.2,-0.17
1790616423.194082,89.36,0.2,-0.17
1790616423.248825,89.36,0.2,-0.17
1790616423.308724,89.36,0.2,-0.17
1790616423.3490062,89.27,0.2,-0.17
1790616423.4085681,89.27,0.2,-0.18
1790616423.453675,89.26,0.2,-0.17
1790616423.5089788,89.26,0.2,-0.17
1790616423.5491729,89.26,0.19,-0.17
1790616423.610593,89.25,0.19,-0.17
1790616423.651341,89.25,0.19,-0.17
1790616423.710141,89.25,0.19,-0.17
1790616423.768694,89.25,0.19,-0.17
1790616423.8099148,89.26,0.19,-0.17
1790616423.8892832,89.28,0.19,-0.17
1790616423.928803,89.26,0.19,-0.16
1790616423.989291,89.26,0.19,-0.16
1790616424.0287511,89.25,0.19,-0.16
1790616424.0889559,89.25,0.19,-0.16
1790616424.129838,89.25,0.18,-0.16
1790616424.189125,89.24,0.18,-0.15
1790616424.228767,89.23,0.18,-0.15
1790616424.2893262,89.23,0.18,-0.15
1790616424.349906,89.22,0.18,-0.15
1790616424.389629,89.21,0.18,-0.15
1790616424.449461,89.2,0.18,-0.15
1790616424.49226,89.22,0.17,-0.14
1790616424.549808,89.19,0.18,-0.14
1790616424.590301,89.19,0.18,-0.15
1790616424.650719,89.18,0.18,-0.14
1790616424.70894,89.16,0.17,-0.14
1790616424.750171,89.15,0.17,-0.14
1790616424.808906,89.14,0.17,-0.14
1790616424.86938,89.14,0.17,-0.13
1790616424.908911,89.13,0.17,-0.13
1790616424.9687219,89.13,0.17,-0.13
1790616425.028608,89.13,0.17,-0.13
1790616425.068552,89.12,0.17,-0.13
1790616425.128771,89.12,0.17,-0.12
1790616425.168703,89.11,0.17,-0.12
1790616425.229305,89.1,0.17,-0.12
1790616425.289696,89.1,0.17,-0.11
1790616425.328755,89.1,0.17,-0.11
1790616425.389882,89.1,0.17,-0.11
1790616425.4290402,89.09,0.17,-0.11
1790616425.489943,89.09,0.17,-0.11
1790616425.5512252,89.08,0.17,-0.11
1790616425.58924,89.08,0.16,-0.11
1790616425.6488981,89.07,0.16,-0.11
1790616425.691604,89.06,0.16,-0.1
1790616425.751317,89.06,0.16,-0.1
1790616425.808619,89.05,0.16,-0.1
1790616425.851861,89.05,0.16,-0.1
1790616425.908569,89.04,0.16,-0.1
1790616425.96895,88.95,0.16,-0.1
1790616426.008857,89.0,0.15,-0.09
1790616426.073864,88.98,0.16,-0.09
1790616426.128819,88.97,0.16,-0.09
1790616426.188895,88.97,0.16,-0.09
1790616426.250429,88.96,0.15,-0.09
1790616426.288651,88.95,0.15,-0.09
1790616426.3497732,88.95,0.15,-0.09
1790616426.4090939,88.93,0.15,-0.08
1790616426.449464,88.93,0.15,-0.08
1790616426.5086331,88.91,0.15,-0.08
1790616426.55086,88.86,0.15,-0.08
1790616426.609277,88.87,0.15,-0.08
1790616426.650429,88.86,0.15,-0.08
1790616426.709561,88.86,0.14,-0.08
1790616426.769362,88.85,0.14,-0.08
1790616426.828632,88.85,0.14,-0.07
1790616426.868774,88.84,0.14,-0.07
1790616426.9301991,88.84,0.14,-0.07
1790616426.968908,88.84,0.14,-0.07
1790616427.028963,88.87,0.14,-0.07
1790616427.069346,88.82,0.14,-0.06
1790616427.12893,88.82,0.14,-0.06
1790616427.1884859,88.81,0.14,-0.06
1790616427.22894,88.82,0.14,-0.06
1790616427.288604,88.82,0.13,-0.06
1790616427.3290439,88.82,0.13,-0.06
1790616427.3886678,88.82,0.13,-0.05
1790616427.449592,88.82,0.13,-0.05
1790616427.489032,88.82,0.13,-0.05
1790616427.549047,88.83,0.13,-0.05
1790616427.608963,88.82,0.13,-0.04
1790616427.650302,88.82,0.13,-0.04
1790616427.7087219,88.81,0.13,-0.04
1790616427.75141,88.82,0.13,-0.04
1790616427.808713,88.8,0.13,-0.03
1790616427.868744,88.8,0.13,-0.03
1790616427.912041,88.8,0.13,-0.03
1790616427.9689019,88.8,0.13,-0.03
1790616428.0088,88.79,0.13,-0.03
1790616428.0690281,88.78,0.13,-0.03
1790616428.109043,88.78,0.13,-0.03
1790616428.1689339,88.77,0.13,-0.03
1790616428.229612,88.77,0.13,-0.02
1790616428.30431,88.73,0.16,-0.02
1790616428.349558,88.65,0.24,-0.01
1790616428.38957,88.59,0.26,0.0
1790616428.449729,88.52,0.25,-0.01
1790616428.489625,88.48,0.14,0.01
1790616428.549557,88.4,0.09,-0.02
1790616428.5918431,88.4,0.02,0.03
1790616428.6509209,88.34,0.01,0.03
1790616428.6896482,88.34,0.02,0.08
1790616428.7501702,88.36,0.05,0.05
1790616428.813824,88.37,0.07,0.07
1790616428.849668,88.41,0.05,0.08
1790616428.911547,88.44,0.09,0.09
1790616428.9496682,88.44,-0.02,0.09
1790616429.011862,88.54,-0.06,0.11
1790616429.0497851,88.62,-0.0,0.08
1790616429.111579,88.63,0.02,0.06
1790616429.16973,88.62,0.04,0.12
1790616429.212202,88.69,0.08,0.07
1790616429.2697291,88.66,0.1,0.09
1790616429.329987,88.8,0.1,0.05
1790616429.369598,88.8,0.14,0.07
1790616429.429652,88.77,0.13,0.1
1790616429.489758,88.89,0.13,0.1
1790616429.5297122,88.89,0.16,0.07
1790616429.589619,88.85,0.11,0.13
1790616429.649388,88.97,0.21,0.19
1790616429.6905742,88.94,0.25,0.26
1790616429.749611,88.98,0.21,0.27
1790616429.789886,89.11,0.17,0.31
1790616429.8494878,89.14,0.14,0.28
1790616429.911268,89.17,0.11,0.29
1790616429.9498858,89.2,0.13,0.23
1790616430.0123599,89.25,0.13,0.24
1790616430.051235,89.27,0.13,0.26
1790616430.111708,89.31,0.1,0.28
1790616430.1696372,89.36,0.11,0.27
1790616430.211352,89.38,0.14,0.29
1790616430.2697191,89.44,0.16,0.3
1790616430.329621,89.52,0.17,0.31
1790616430.3697689,89.54,0.15,0.33
1790616430.429644,89.63,0.14,0.29
1790616430.470401,89.61,0.14,0.28
1790616430.5298262,89.6,0.15,0.29
1790616430.590545,89.6,0.16,0.3
1790616430.650038,89.61,0.17,0.3
1790616430.689719,89.59,0.17,0.31
1790616430.751272,89.56,0.15,0.32
1790616430.8105001,89.55,0.15,0.32
1790616430.849631,89.54,0.16,0.32
1790616430.910283,89.5,0.17,0.32
1790616430.949634,89.49,0.16,0.33
1790616431.012782,89.42,0.15,0.33
1790616431.049943,89.45,0.15,0.34
1790616431.111176,89.45,0.16,0.34
1790616431.1698089,89.44,0.17,0.35
1790616431.2111502,89.42,0.18,0.35
1790616431.2696462,89.42,0.19,0.34
1790616431.329538,89.43,0.19,0.35
1790616431.369678,89.43,0.18,0.36
1790616431.429651,89.42,0.18,0.36
1790616431.469602,89.42,0.18,0.37
1790616431.529999,89.42,0.18,0.37
1790616431.589561,89.42,0.18,0.37
1790616431.629608,89.42,0.18,0.37
1790616431.6895292,89.41,0.18,0.38
1790616431.729739,89.42,0.17,0.37
1790616431.7899258,89.42,0.18,0.37
1790616431.850815,89.42,0.18,0.38
1790616431.8896818,89.42,0.17,0.37
1790616431.950117,89.42,0.18,0.37
1790616432.0096,89.41,0.18,0.37
1790616432.072851,89.42,0.18,0.38
1790616432.109814,89.42,0.18,0.38
1790616432.169557,89.42,0.18,0.37
1790616432.2105,89.42,0.18,0.38
1790616432.249623,89.43,0.18,0.37
1790616432.310189,89.43,0.18,0.37
1790616432.371901,89.43,0.18,0.37
1790616432.411618,89.43,0.18,0.37
1790616432.471242,89.43,0.18,0.37
1790616432.529891,89.43,0.18,0.37
1790616432.571455,89.43,0.18,0.37
1790616432.6293461,89.43,0.18,0.37
1790616432.6713548,89.43,0.18,0.37
1790616432.7295501,89.43,0.18,0.37
1790616432.774157,89.43,0.18,0.37
1790616432.8296819,89.41,0.18,0.37
1790616432.8896582,89.4,0.18,0.37
1790616432.949499,89.4,0.18,0.37
1790616432.9902542,89.41,0.18,0.37
1790616433.049381,89.41,0.18,0.37
1790616433.089788,89.41,0.18,0.36
1790616433.150018,89.41,0.18,0.36
1790616433.189604,89.41,0.18,0.36
1790616433.2494268,89.41,0.18,0.36
1790616433.3101451,89.44,0.18,0.36
1790616433.370966,89.45,0.18,0.36
1790616433.409984,89.41,0.18,0.36
1790616433.470389,89.41,0.18,0.36
1790616433.5127318,89.41,0.18,0.36
1790616433.571907,89.41,0.18,0.36
1790616433.6124759,89.41,0.18,0.36
1790616433.671741,89.41,0.19,0.35
1790616433.730795,89.42,0.19,0.35
1790616433.777144,89.42,0.19,0.35
1790616433.830682,89.42,0.19,0.35
1790616433.891211,89.42,0.19,0.35
1790616433.930642,89.38,0.18,0.35
1790616433.990731,89.36,0.19,0.35
1790616434.0306969,89.36,0.18,0.35
1790616434.0910668,89.36,0.18,0.35
1790616434.130599,89.37,0.18,0.35
1790616434.190772,89.37,0.18,0.35
1790616434.250844,89.37,0.18,0.35
1790616434.310407,89.38,0.18,0.35
1790616434.350606,89.38,0.18,0.35
1790616434.4119098,89.42,0.18,0.35
1790616434.450888,89.37,0.18,0.35
1790616434.510463,89.38,0.18,0.35
1790616434.550684,89.39,0.18,0.35
1790616434.611107,89.39,0.18,0.35
1790616434.651121,89.39,0.18,0.35
1790616434.710759,89.39,0.18,0.35
1790616434.750605,89.39,0.18,0.34
1790616434.810688,89.39,0.18,0.34
1790616434.871159,89.39,0.18,0.34
1790616434.9303942,89.4,0.18,0.34
1790616434.971763,89.4,0.17,0.34
1790616435.037987,89.42,0.17,0.34
1790616435.091268,89.4,0.18,0.34
1790616435.132927,89.4,0.18,0.34
1790616435.1911008,89.4,0.17,0.34
1790616435.2305999,89.4,0.18,0.34
1790616435.2907572,89.4,0.17,0.34
1790616435.3506298,89.4,0.17,0.34
1790616435.4103758,89.4,0.17,0.34
1790616435.450549,89.4,0.17,0.34
1790616435.510891,89.4,0.17,0.34
1790616435.550584,89.4,0.17,0.34
1790616435.611242,89.4,0.17,0.34
1790616435.6505501,89.39,0.17,0.34
1790616435.7106292,89.39,0.17,0.33
1790616435.750605,89.38,0.17,0.34
1790616435.81098,89.38,0.17,0.34
1790616435.8709161,89.38,0.16,0.34
1790616435.930518,89.38,0.16,0.33
1790616435.970764,89.38,0.16,0.33
1790616436.033176,89.38,0.16,0.33
1790616436.090461,89.38,0.16,0.34
1790616436.133238,89.38,0.16,0.34
1790616436.190403,89.37,0.16,0.34
1790616436.233651,89.37,0.16,0.34
1790616436.290466,89.36,0.16,0.34
1790616436.350685,89.36,0.16,0.33
1790616436.3913732,89.35,0.16,0.34
1790616436.4506838,89.35,0.16,0.34
1790616436.4905941,89.31,0.16,0.33
1790616436.550549,89.34,0.16,0.34
1790616436.612253,89.32,0.16,0.34
1790616436.651552,89.31,0.16,0.33
1790616436.711442,89.31,0.16,0.33
1790616436.751501,89.31,0.16,0.33
1790616436.81143,89.31,0.16,0.33
1790616436.8735301,89.31,0.16,0.33
1790616436.911927,89.31,0.16,0.33
1790616436.971681,89.31,0.16,0.33
1790616437.011675,89.31,0.15,0.33
1790616437.072031,89.3,0.15,0.33
1790616437.131729,89.27,0.16,0.32
1790616437.171614,89.27,0.16,0.33
1790616437.231545,89.28,0.16,0.33
1790616437.29883,89.28,0.16,0.33
1790616437.351564,89.28,0.16,0.33
1790616437.411593,89.27,0.15,0.33
1790616437.4515982,89.27,0.15,0.33
1790616437.511519,89.26,0.15,0.33
1790616437.551559,89.29,0.16,0.33
1790616437.612436,89.29,0.15,0.33
1790616437.651527,89.23,0.15,0.33
1790616437.711595,89.22,0.15,0.33
1790616437.751574,89.22,0.15,0.33
1790616437.8117208,89.21,0.15,0.33
1790616437.851551,89.15,0.15,0.33
1790616437.911593,89.14,0.14,0.33
1790616437.951586,89.14,0.14,0.33
1790616438.011602,89.13,0.14,0.33
1790616438.0718899,89.12,0.14,0.33
1790616438.111371,89.12,0.14,0.33
1790616438.172042,89.12,0.14,0.33
1790616438.213417,89.13,0.14,0.33
1790616438.271304,89.13,0.14,0.33
1790616438.331681,89.14,0.14,0.33
1790616438.3718588,89.14,0.14,0.32
1790616438.4315782,89.08,0.14,0.32
1790616438.491442,89.08,0.14,0.32
1790616438.5325198,89.09,0.14,0.32
1790616438.5913558,89.09,0.14,0.32
1790616438.633333,89.1,0.14,0.32
1790616438.6918662,89.13,0.15,0.32
1790616438.751432,89.08,0.14,0.32
1790616438.791743,89.08,0.15,0.32
1790616438.852653,89.07,0.14,0.32
1790616438.891629,89.07,0.14,0.31
1790616438.952514,89.07,0.14,0.31
1790616438.991659,89.06,0.14,0.31
1790616439.051568,89.06,0.14,0.31
1790616439.091722,89.07,0.14,0.31
1790616439.151855,89.02,0.14,0.31
1790616439.192132,89.02,0.14,0.31
1790616439.253303,88.98,0.14,0.31
1790616439.29206,88.98,0.14,0.31
1790616439.35164,89.01,0.14,0.3
1790616439.411415,88.98,0.14,0.3
1790616439.451723,88.97,0.14,0.3
1790616439.511405,88.96,0.14,0.3
1790616439.5525,88.95,0.14,0.29
1790616439.612201,88.95,0.13,0.29
1790616439.671354,88.95,0.13,0.29
1790616439.711735,88.94,0.13,0.29
1790616439.7753441,88.94,0.13,0.29
1790616439.831543,88.94,0.13,0.29
1790616439.894024,88.94,0.13,0.29
1790616439.932299,88.92,0.13,0.29
1790616439.991702,88.91,0.13,0.29
1790616440.0513668,88.91,0.13,0.29
1790616440.093923,88.9,0.13,0.29
1790616440.151537,88.9,0.13,0.29
1790616440.1939662,88.93,0.13,0.29
1790616440.251921,88.87,0.13,0.28
1790616440.311548,88.87,0.13,0.28
1790616440.371474,88.87,0.13,0.28
1790616440.411509,88.87,0.13,0.28
1790616440.4715579,88.87,0.13,0.29
1790616440.511604,88.87,0.13,0.28
1790616440.571712,88.87,0.13,0.28
1790616440.632372,88.87,0.13,0.28
1790616440.69232,88.84,0.13,0.28
1790616440.732286,88.84,0.14,0.28
1790616440.7952828,88.83,0.13,0.28
1790616440.851735,88.83,0.13,0.28
1790616440.9115362,88.86,0.13,0.28
1790616440.951741,88.83,0.13,0.28
1790616441.011752,88.84,0.13,0.28
1790616441.051543,88.84,0.13,0.28
1790616441.111704,88.84,0.13,0.28
1790616441.171475,88.84,0.13,0.28
1790616441.211683,88.85,0.13,0.28
1790616441.2716951,88.85,0.13,0.28
1790616441.331417,88.86,0.13,0.28
1790616441.3718138,88.86,0.13,0.28
1790616441.431691,88.86,0.13,0.28
1790616441.49228,88.88,0.13,0.28
1790616441.5318432,88.86,0.13,0.27
1790616441.595402,88.86,0.13,0.28
1790616441.651388,88.86,0.13,0.27
1790616441.694988,88.85,0.14,0.27
1790616441.752529,88.84,0.13,0.27
1790616441.831475,88.82,0.13,0.28
1790616441.893516,88.81,0.13,0.28
1790616441.931416,88.8,0.13,0.28
1790616441.995233,88.79,0.13,0.28
1790616442.033163,88.78,0.13,0.28
1790616442.095192,88.77,0.13,0.28
1790616442.1515431,88.76,0.13,0.28
1790616442.194082,88.75,0.13,0.28
1790616442.251364,88.74,0.13,0.28
1790616442.2948139,88.74,0.12,0.27
1790616442.351538,88.73,0.12,0.28
1790616442.411642,88.72,0.12,0.28
1790616442.4514828,88.72,0.12,0.27
1790616442.511631,88.71,0.12,0.27
1790616442.551471,88.71,0.12,0.27
1790616442.612449,88.71,0.12,0.27
1790616442.671217,88.71,0.12,0.27
1790616442.711473,88.71,0.12,0.27
1790616442.771997,88.72,0.12,0.27
1790616442.8312519,88.71,0.13,0.27
1790616442.871491,88.71,0.13,0.27
1790616442.931713,88.71,0.13,0.27
1790616442.971655,88.71,0.13,0.27
1790616443.031687,88.72,0.13,0.27
1790616443.071676,88.72,0.13,0.27
1790616443.131501,88.71,0.13,0.27
1790616443.1934981,88.71,0.13,0.27
1790616443.231593,88.65,0.13,0.26
1790616443.291732,88.67,0.12,0.26
1790616443.3515468,88.64,0.13,0.27
1790616443.393263,88.64,0.13,0.26
1790616443.451645,88.63,0.13,0.26
1790616443.511565,88.62,0.12,0.26
1790616443.55155,88.62,0.12,0.26
1790616443.612233,88.62,0.12,0.26
1790616443.651485,88.61,0.13,0.26
1790616443.7117271,88.61,0.13,0.26
1790616443.752254,88.56,0.13,0.26
1790616443.811497,88.56,0.13,0.26
1790616443.871265,88.56,0.13,0.26
1790616443.911507,88.56,0.13,0.26
1790616443.971612,88.56,0.13,0.26
1790616444.0117178,88.61,0.13,0.26
1790616444.0921159,88.53,0.13,0.25
1790616444.131454,88.52,0.13,0.26
1790616444.193994,88.51,0.13,0.26
1790616444.231534,88.51,0.13,0.26
1790616444.291784,88.51,0.13,0.26
1790616444.352695,88.51,0.14,0.26
1790616444.39188,88.51,0.14,0.26
1790616444.4532402,88.51,0.14,0.25
1790616444.494215,88.51,0.14,0.25
1790616444.553731,88.52,0.14,0.25
1790616444.6120489,88.48,0.14,0.26
1790616444.653728,88.47,0.14,0.26
1790616444.71265,88.47,0.14,0.26
1790616444.753698,88.47,0.14,0.26
1790616444.811646,88.52,0.14,0.26
1790616444.8714838,88.45,0.14,0.26
1790616444.911479,88.45,0.14,0.26
1790616444.971508,88.44,0.14,0.26
1790616445.01156,88.44,0.14,0.26
1790616445.0715032,88.44,0.14,0.26
1790616445.111527,88.44,0.14,0.26
1790616445.171498,88.44,0.14,0.26
1790616445.211463,88.44,0.14,0.25
1790616445.271332,88.45,0.14,0.26
1790616445.33141,88.44,0.14,0.26
1790616445.3919659,88.4,0.14,0.25
1790616445.4316318,88.4,0.14,0.25
1790616445.492757,88.4,0.14,0.25
1790616445.532604,88.4,0.15,0.25
1790616445.5927548,88.41,0.15,0.26
1790616445.632604,88.45,0.15,0.25
1790616445.692773,88.37,0.15,0.25
1790616445.732513,88.36,0.15,0.26
1790616445.793994,88.36,0.15,0.26
1790616445.832474,88.36,0.15,0.26
1790616445.892569,88.36,0.15,0.26
1790616445.9525802,87.3,0.18,0.21
1790616445.993495,83.89,0.19,0.14
1790616446.0531268,81.59,0.23,0.16
1790616446.095888,76.19,0.26,0.11
1790616446.154227,73.44,0.28,0.13
1790616446.19486,70.67,0.33,0.05
1790616446.2553961,67.7,0.35,0.07
1790616446.3323798,64.83,0.39,0.03
1790616446.37283,61.98,0.39,0.01
1790616446.43272,58.94,0.44,-0.02
1790616446.495253,55.97,0.46,-0.05
1790616446.532298,53.02,0.47,-0.05
1790616446.592704,50.07,0.5,-0.09
1790616446.63232,47.16,0.54,-0.11
1790616446.693175,44.05,0.57,-0.11
1790616446.732511,41.17,0.57,-0.17
1790616446.793003,38.08,0.58,-0.17
1790616446.832365,35.14,0.6,-0.18
1790616446.892844,32.22,0.59,-0.27
1790616446.932304,29.11,0.57,-0.29
1790616446.992496,26.59,0.59,-0.35
1790616447.03231,24.04,0.57,-0.34
1790616447.092293,21.77,0.58,-0.35
1790616447.132311,19.6,0.58,-0.41
1790616447.192429,17.63,0.6,-0.43
1790616447.232995,15.77,0.6,-0.42
1790616447.2925608,14.09,0.59,-0.44
1790616447.332694,12.6,0.59,-0.46
1790616447.392437,11.24,0.6,-0.51
1790616447.4532218,9.84,0.61,-0.5
1790616447.492609,7.56,0.62,-0.52
1790616447.553439,6.67,0.63,-0.55
1790616447.593332,5.92,0.63,-0.57
1790616447.652537,5.25,0.63,-0.58
1790616447.712428,4.59,0.63,-0.59
1790616447.752586,4.0,0.64,-0.61
1790616447.815734,3.43,0.64,-0.58
1790616447.852866,2.8,0.63,-0.57
1790616447.9150872,2.21,0.63,-0.58
1790616447.9724731,1.7,0.63,-0.59
1790616448.014903,1.17,0.62,-0.6
1790616448.072602,0.68,0.6,-0.61
1790616448.115343,0.61,0.6,-0.61
1790616448.1724548,0.59,0.61,-0.61
1790616448.214259,0.59,0.61,-0.6
1790616448.272714,0.6,0.62,-0.6
1790616448.332445,0.6,0.62,-0.6
1790616448.37391,0.6,0.62,-0.6
1790616448.432213,0.63,0.62,-0.59
1790616448.472461,0.61,0.62,-0.59
1790616448.5333078,0.62,0.62,-0.59
1790616448.595587,0.62,0.62,-0.59
1790616448.632458,0.62,0.62,-0.59
1790616448.692987,0.62,0.62,-0.59
1790616448.732793,0.62,0.62,-0.59
1790616448.7933362,0.62,0.62,-0.58
1790616448.832372,0.62,0.62,-0.58
1790616448.893855,0.59,0.62,-0.58
1790616448.953106,0.59,0.62,-0.58
1790616448.9924219,0.57,0.62,-0.58
1790616449.052782,0.57,0.62,-0.58
1790616449.092566,0.57,0.62,-0.58
1790616449.152908,0.58,0.62,-0.58
1790616449.192624,0.59,0.62,-0.58
1790616449.252516,0.59,0.62,-0.58
1790616449.292811,0.6,0.63,-0.58
1790616449.35374,0.6,0.62,-0.58
1790616449.392454,0.52,0.68,-0.6
1790616449.4524832,0.36,0.77,-0.65
1790616449.4923022,0.22,0.73,-0.72
1790616449.5525088,0.13,0.71,-0.74
1790616449.6126761,0.09,0.66,-0.75
1790616449.6523561,0.06,0.6,-0.73
1790616449.712715,0.02,0.55,-0.73
1790616449.752645,-0.01,0.52,-0.71
1790616449.820229,-0.01,0.47,-0.63
1790616449.872287,-0.04,0.5,-0.66
1790616449.9126668,-0.04,0.52,-0.67
1790616449.973834,-0.07,0.54,-0.67
1790616450.033839,-0.07,0.55,-0.63
1790616450.072914,-0.11,0.53,-0.63
1790616450.1327848,-0.09,0.46,-0.63
1790616450.172503,-0.08,0.46,-0.65
1790616450.23316,-0.1,0.41,-0.67
1790616450.292181,-0.09,0.36,-0.64
1790616450.3324952,-0.09,0.38,-0.67
1790616450.392245,-0.08,0.39,-0.66
1790616450.432568,-0.12,0.36,-0.66
1790616450.492212,-0.14,0.39,-0.66
1790616450.532715,-0.13,0.31,-0.67
1790616450.592347,-0.11,0.3,-0.68
1790616450.654169,-0.16,0.26,-0.68
1790616450.692468,-0.15,0.2,-0.67
1790616450.7565389,-0.12,0.19,-0.65
1790616450.832793,-0.14,0.15,-0.65
1790616450.872401,-0.17,0.11,-0.62
1790616450.932246,-0.12,0.13,-0.67
1790616450.972372,-0.19,0.08,-0.67
1790616451.03249,-0.2,0.06,-0.64
1790616451.0726762,-0.16,0.04,-0.64
1790616451.132695,-0.2,0.04,-0.63
1790616451.17256,-0.17,0.02,-0.65
1790616451.232373,-0.19,0.03,-0.66
1790616451.272541,-0.22,0.05,-0.64
1790616451.332515,-0.2,0.07,-0.61
1790616451.392376,-0.2,0.09,-0.63
1790616451.433619,-0.2,0.09,-0.67
1790616451.492457,-0.23,0.08,-0.67
1790616451.532635,-0.24,0.09,-0.67
1790616451.5926342,-0.27,0.07,-0.66
1790616451.6339478,-0.26,0.06,-0.66
1790616451.6903229,-0.25,0.06,-0.67
1790616451.733005,-0.24,0.06,-0.66
1790616451.7926788,-0.24,0.08,-0.65
1790616451.8530471,-0.27,0.13,-0.64
1790616451.892451,-0.29,0.13,-0.64
1790616451.952415,-0.34,0.12,-0.61
1790616452.012186,-0.31,0.11,-0.67
1790616452.052671,-0.31,0.11,-0.67
1790616452.1135218,-0.32,0.11,-0.66
1790616452.152838,-0.33,0.12,-0.67
1790616452.2129762,-0.34,0.12,-0.67
1790616452.252693,-0.43,0.11,-0.66
1790616452.3139808,-0.44,0.11,-0.65
1790616452.372137,-0.42,0.12,-0.65
1790616452.4127831,-0.42,0.12,-0.65
1790616452.472333,-0.42,0.13,-0.66
1790616452.512324,-0.41,0.13,-0.67
1790616452.574489,-0.41,0.14,-0.68
1790616452.6126468,-0.4,0.14,-0.68
1790616452.674388,-0.39,0.14,-0.67
1790616452.712596,-0.39,0.14,-0.67
1790616452.7742069,-0.39,0.14,-0.66
1790616452.833844,-0.38,0.14,-0.66
1790616452.873698,-0.38,0.14,-0.66
1790616452.933917,-0.38,0.14,-0.66
1790616452.974978,-0.38,0.14,-0.66
1790616453.032354,-0.38,0.14,-0.67
1790616453.0937579,-0.38,0.14,-0.66
1790616453.132401,-0.39,0.14,-0.66
1790616453.192551,-0.4,0.14,-0.66
1790616453.25247,-0.39,0.14,-0.66
1790616453.3126762,-0.38,0.14,-0.67
1790616453.352884,-0.37,0.14,-0.67
1790616453.412344,-0.37,0.14,-0.67
1790616453.452596,-0.37,0.14,-0.67
1790616453.512241,-0.37,0.14,-0.67
1790616453.5742002,-0.37,0.14,-0.67
1790616453.613198,-0.37,0.14,-0.67
1790616453.675424,-0.37,0.14,-0.67
1790616453.712815,-0.36,0.14,-0.67
1790616453.774553,-0.36,0.14,-0.67
1790616453.832512,-0.36,0.14,-0.67
1790616453.892542,-0.36,0.14,-0.67
1790616453.952233,-0.36,0.15,-0.67
1790616453.9925601,-0.36,0.14,-0.67
1790616454.0528011,-0.37,0.14,-0.67
1790616454.092615,-0.36,0.14,-0.67
1790616454.153483,-0.39,0.14,-0.67
1790616454.212544,-0.4,0.14,-0.67
1790616454.252666,-0.4,0.15,-0.67
1790616454.3126981,-0.4,0.15,-0.68
1790616454.352395,-0.41,0.15,-0.68
1790616454.4126348,-0.41,0.15,-0.68
1790616454.47415,-0.41,0.15,-0.68
1790616454.512678,-0.42,0.15,-0.68
1790616454.5754921,-0.42,0.15,-0.68
1790616454.6139772,-0.42,0.15,-0.68
1790616454.672547,-0.39,0.16,-0.69
1790616454.712121,-0.42,0.15,-0.68
1790616454.776082,-0.43,0.15,-0.68
1790616454.832204,-0.44,0.16,-0.68
1790616454.872841,-0.45,0.16,-0.68
1790616454.93243,-0.45,0.15,-0.68
1790616454.9727511,-0.45,0.15,-0.69
1790616455.032215,-0.45,0.15,-0.69
1790616455.0740402,-0.46,0.15,-0.69
1790616455.1324868,-0.47,0.15,-0.69
1790616455.1733792,-0.47,0.15,-0.69
1790616455.232552,-0.48,0.15,-0.69
1790616455.315114,-0.49,0.15,-0.69
1790616455.353013,-0.55,0.15,-0.69
1790616455.4168289,-0.58,0.16,-0.69
1790616455.452391,-0.59,0.16,-0.69
1790616455.5128992,-0.59,0.16,-0.69
1790616455.552403,-0.59,0.16,-0.69
1790616455.6132421,-0.59,0.16,-0.7
1790616455.672315,-0.6,0.16,-0.7
1790616455.7106612,-0.6,0.16,-0.7
1790616455.7748091,-0.6,0.16,-0.7
1790616455.832483,-0.6,0.16,-0.7
1790616455.874325,-0.57,0.16,-0.7
1790616455.932503,-0.63,0.17,-0.7
1790616455.993334,-0.64,0.16,-0.7
1790616456.03234,-0.64,0.16,-0.7
1790616456.092405,-0.64,0.16,-0.7
1790616456.132425,-0.65,0.16,-0.7
1790616456.1923451,-0.65,0.16,-0.7
1790616456.232567,-0.65,0.16,-0.71
1790616456.292347,-0.66,0.16,-0.71
1790616456.352196,-0.67,0.16,-0.7
1790616456.39231,-0.66,0.16,-0.71
1790616456.452348,-0.65,0.16,-0.7
1790616456.492251,-0.69,0.16,-0.7
1790616456.552978,-0.7,0.16,-0.7
1790616456.592659,-0.71,0.16,-0.7
1790616456.6525261,-0.72,0.16,-0.7
1790616456.712827,-0.72,0.17,-0.7
1790616456.752393,-0.73,0.17,-0.7
1790616456.813442,-0.73,0.17,-0.7
1790616456.872401,-0.74,0.17,-0.7
1790616456.912609,-0.76,0.17,-0.7
1790616456.972456,-0.76,0.17,-0.7
1790616457.0129,-0.77,0.17,-0.7
1790616457.072407,-0.77,0.17,-0.7
1790616457.1135879,-0.78,0.17,-0.7
1790616457.172662,-0.8,0.17,-0.7
1790616457.234286,-0.8,0.17,-0.7
1790616457.276881,-0.81,0.17,-0.7
1790616457.334474,-0.83,0.17,-0.7
1790616457.373898,-0.84,0.17,-0.7
1790616457.434282,-0.85,0.17,-0.7
1790616457.473045,-0.86,0.17,-0.7
1790616457.5522869,-0.88,0.17,-0.7
1790616457.6138408,-0.89,0.17,-0.7
1790616457.65219,-0.9,0.18,-0.7
1790616457.712766,-0.9,0.18,-0.7
1790616457.752186,-0.92,0.18,-0.7
1790616457.8123431,-0.93,0.18,-0.7
1790616457.852223,-0.94,0.18,-0.69
1790616457.9123461,-0.96,0.18,-0.69
1790616457.9521909,-1.04,0.18,-0.69
1790616458.012387,-1.05,0.19,-0.69
1790616458.072358,-1.06,0.19,-0.69
1790616458.112385,-1.06,0.19,-0.69
1790616458.172457,-1.06,0.19,-0.69
1790616458.2334468,-1.06,0.18,-0.69
1790616458.274409,-1.06,0.19,-0.69
1790616458.334399,-1.06,0.19,-0.69
1790616458.3924391,-1.07,0.19,-0.69
1790616458.4327948,-1.07,0.19,-0.69
1790616458.492338,-1.07,0.19,-0.69
1790616458.532266,-1.1,0.19,-0.69
1790616458.5923898,-1.17,0.19,-0.69
1790616458.652259,-1.16,0.19,-0.69
1790616458.692271,-1.17,0.19,-0.69
1790616458.752321,-1.18,0.19,-0.69
1790616458.8122199,-1.2,0.2,-0.69
1790616458.852277,-1.2,0.2,-0.69
1790616458.912098,-1.2,0.2,-0.69
1790616458.952265,-1.19,0.2,-0.69
1790616459.013273,-1.17,0.2,-0.69
1790616459.052462,-1.25,0.2,-0.69
1790616459.1132119,-1.27,0.2,-0.69
1790616459.1523159,-1.27,0.2,-0.69
1790616459.2122931,-1.27,0.2,-0.69
1790616459.252295,-1.28,0.2,-0.69
1790616459.31231,-1.28,0.2,-0.69
1790616459.352287,-1.29,0.2,-0.69
1790616459.412291,-1.81,0.22,-0.71
1790616459.452277,-5.12,0.18,-0.72
1790616459.516153,-7.62,0.19,-0.74
1790616459.574728,-9.91,0.15,-0.78
1790616459.6129558,-12.71,0.12,-0.75
1790616459.672064,-15.57,0.16,-0.78
1790616459.712266,-18.27,0.12,-0.81
1790616459.774412,-21.15,0.1,-0.79
1790616459.835711,-24.05,0.1,-0.78
1790616459.873445,-26.97,0.07,-0.8
1790616459.933321,-29.92,0.06,-0.81
1790616459.993245,-32.93,0.03,-0.79
1790616460.033748,-35.75,0.02,-0.82
1790616460.093653,-38.84,0.01,-0.82
1790616460.133877,-41.82,0.0,-0.8
1790616460.194022,-44.76,-0.01,-0.82
1790616460.253346,-47.8,-0.05,-0.8
1790616460.293399,-53.82,-0.08,-0.79
1790616460.353353,-56.7,-0.13,-0.78
1790616460.413685,-59.46,-0.14,-0.79
1790616460.453366,-61.97,-0.16,-0.74
1790616460.514137,-64.56,-0.21,-0.75
1790616460.573994,-66.98,-0.2,-0.78
1790616460.613626,-68.98,-0.2,-0.76
1790616460.673557,-71.05,-0.23,-0.76
1790616460.7332218,-72.94,-0.24,-0.77
1790616460.7934458,-74.63,-0.23,-0.76
1790616460.853029,-76.25,-0.24,-0.74
1790616460.89556,-77.66,-0.26,-0.73
1790616460.953475,-80.29,-0.25,-0.74
1790616460.996704,-81.48,-0.24,-0.76
1790616461.053165,-82.44,-0.22,-0.75
1790616461.1132002,-83.2,-0.22,-0.73
1790616461.153395,-83.9,-0.22,-0.73
1790616461.21329,-84.59,-0.23,-0.72
1790616461.253311,-85.15,-0.24,-0.72
1790616461.3131819,-85.68,-0.24,-0.72
1790616461.373164,-86.35,-0.25,-0.71
1790616461.413249,-86.99,-0.26,-0.71
1790616461.4734678,-87.59,-0.27,-0.7
1790616461.533982,-88.17,-0.27,-0.7
1790616461.573162,-88.68,-0.27,-0.71
1790616461.635665,-89.25,-0.27,-0.74
1790616461.67324,-89.37,-0.26,-0.73
1790616461.7333162,-89.38,-0.25,-0.73
1790616461.795211,-89.38,-0.25,-0.73
1790616461.836224,-89.38,-0.25,-0.73
1790616461.8964648,-89.38,-0.25,-0.73
1790616461.934484,-89.39,-0.24,-0.73
1790616462.001743,-89.37,-0.24,-0.73
1790616462.053309,-89.38,-0.23,-0.73
1790616462.11312,-89.38,-0.23,-0.73
1790616462.1533551,-89.38,-0.23,-0.73
1790616462.214627,-89.39,-0.23,-0.73
1790616462.253289,-89.39,-0.23,-0.73
1790616462.313476,-89.4,-0.23,-0.73
1790616462.373178,-89.41,-0.23,-0.72
1790616462.413516,-89.43,-0.23,-0.72
1790616462.473134,-89.48,-0.23,-0.72
1790616462.533961,-89.48,-0.22,-0.72
1790616462.573088,-89.48,-0.22,-0.72
1790616462.634933,-89.48,-0.22,-0.72
1790616462.693089,-89.48,-0.22,-0.72
1790616462.734721,-89.49,-0.22,-0.72
1790616462.7950358,-89.49,-0.22,-0.72
1790616462.8530262,-89.5,-0.22,-0.72
1790616462.8943748,-89.51,-0.22,-0.72
1790616462.953019,-89.51,-0.21,-0.72
1790616462.9955049,-89.6,-0.15,-0.76
1790616463.053385,-89.56,-0.11,-0.78
1790616463.095448,-89.49,-0.07,-0.82
1790616463.15346,-89.57,-0.16,-0.87
1790616463.2132502,-89.69,-0.26,-0.83
1790616463.273092,-89.81,-0.34,-0.84
1790616463.3340511,-89.92,-0.37,-0.78
1790616463.3733299,-90.0,-0.41,-0.77
1790616463.4349382,-90.02,-0.45,-0.78
1790616463.494081,-90.12,-0.44,-0.76
1790616463.533888,-90.1,-0.44,-0.8
1790616463.593162,-90.2,-0.41,-0.74
1790616463.653308,-90.21,-0.45,-0.75
1790616463.694114,-90.19,-0.44,-0.7
1790616463.7532108,-90.22,-0.44,-0.69
1790616463.8131661,-90.21,-0.43,-0.71
1790616463.873041,-90.21,-0.43,-0.72
1790616463.913205,-90.26,-0.33,-0.68
1790616463.973264,-90.21,-0.29,-0.69
1790616464.014038,-90.32,-0.23,-0.69
1790616464.0733068,-90.27,-0.21,-0.68
1790616464.135597,-90.34,-0.17,-0.66
1790616464.193488,-90.27,-0.19,-0.68
1790616464.235171,-90.3,-0.11,-0.63
1790616464.3131819,-90.31,-0.12,-0.61
1790616464.373317,-90.36,-0.13,-0.62
1790616464.413346,-90.41,-0.15,-0.64
1790616464.4731882,-90.45,-0.15,-0.63
1790616464.5135622,-90.44,-0.18,-0.64
1790616464.573173,-90.43,-0.21,-0.6
1790616464.613618,-90.45,-0.26,-0.64
1790616464.673358,-90.49,-0.27,-0.59
1790616464.7331672,-90.47,-0.31,-0.62
1790616464.77329,-90.46,-0.32,-0.62
1790616464.833673,-90.44,-0.27,-0.61
1790616464.873261,-90.56,-0.25,-0.57
1790616464.933794,-90.5,-0.24,-0.57
1790616464.993112,-90.54,-0.23,-0.57
1790616465.0335739,-90.45,-0.23,-0.58
1790616465.093125,-90.47,-0.25,-0.58
1790616465.154923,-90.61,-0.26,-0.6
1790616465.193768,-90.61,-0.27,-0.6
1790616465.253257,-90.46,-0.25,-0.63
1790616465.313056,-90.43,-0.24,-0.64
1790616465.354961,-90.47,-0.23,-0.63
1790616465.412933,-90.52,-0.24,-0.6
1790616465.455636,-90.59,-0.23,-0.61
1790616465.5134568,-90.54,-0.24,-0.6
1790616465.554802,-90.45,-0.21,-0.65
1790616465.613832,-90.56,-0.23,-0.65
1790616465.673205,-90.7,-0.24,-0.61
1790616465.713067,-90.6,-0.25,-0.61
1790616465.7747278,-90.48,-0.25,-0.62
1790616465.813118,-90.45,-0.24,-0.63
1790616465.873388,-90.43,-0.23,-0.63
1790616465.913669,-90.43,-0.22,-0.63
1790616465.9733949,-90.43,-0.22,-0.62
1790616466.033479,-90.44,-0.22,-0.61
1790616466.073372,-90.44,-0.21,-0.6
1790616466.1330838,-90.44,-0.21,-0.6
1790616466.17332,-90.45,-0.21,-0.6
1790616466.233033,-90.45,-0.21,-0.6
1790616466.2736902,-90.45,-0.21,-0.59
1790616466.333065,-90.45,-0.21,-0.59
1790616466.373151,-90.44,-0.21,-0.59
1790616466.433022,-90.44,-0.2,-0.59
1790616466.496108,-90.45,-0.2,-0.59
1790616466.53338,-90.45,-0.2,-0.59
1790616466.5947158,-90.44,-0.2,-0.59
1790616466.6335318,-90.44,-0.2,-0.59
1790616466.693717,-90.44,-0.2,-0.59
1790616466.7331798,-90.44,-0.2,-0.59
1790616466.8147168,-90.44,-0.2,-0.59
1790616466.8548841,-90.44,-0.2,-0.59
1790616466.91341,-90.45,-0.21,-0.59
1790616466.953421,-90.45,-0.2,-0.59
1790616467.01328,-90.44,-0.2,-0.59
1790616467.072983,-90.45,-0.21,-0.59
1790616467.1141062,-90.44,-0.21,-0.6
1790616467.173013,-90.44,-0.21,-0.6
1790616467.213254,-90.44,-0.21,-0.6
1790616467.2731688,-90.47,-0.22,-0.6
1790616467.333269,-90.46,-0.21,-0.6
1790616467.373216,-90.45,-0.21,-0.6
1790616467.4347079,-90.45,-0.21,-0.6
1790616467.473137,-90.45,-0.22,-0.6
1790616467.5335941,-90.44,-0.22,-0.6
1790616467.5732312,-90.44,-0.22,-0.6
1790616467.633209,-90.44,-0.22,-0.6
1790616467.6938481,-90.44,-0.22,-0.61
1790616467.733273,-90.43,-0.22,-0.61
1790616467.793947,-90.4,-0.22,-0.61
1790616467.853034,-90.38,-0.22,-0.62
1790616467.8960462,-90.4,-0.22,-0.62
1790616467.95429,-90.4,-0.22,-0.62
1790616467.994387,-90.4,-0.22,-0.62
1790616468.0541928,-90.4,-0.22,-0.62
1790616468.093471,-90.4,-0.22,-0.62
1790616468.158138,-90.41,-0.23,-0.62
1790616468.2131462,-90.41,-0.23,-0.63
1790616468.257395,-90.41,-0.23,-0.63
1790616468.3133361,-90.41,-0.23,-0.63
1790616468.353631,-90.41,-0.24,-0.63
1790616468.413192,-90.41,-0.24,-0.63
1790616468.4733372,-90.4,-0.24,-0.63
1790616468.513094,-90.4,-0.24,-0.63
1790616468.573132,-90.39,-0.24,-0.64
1790616468.613728,-90.38,-0.24,-0.64
1790616468.6731699,-90.37,-0.25,-0.64
1790616468.739101,-90.44,-0.25,-0.64
1790616468.796308,-90.41,-0.25,-0.64
1790616468.833179,-90.4,-0.25,-0.64
1790616468.8933911,-90.4,-0.25,-0.65
1790616468.953326,-90.47,-0.25,-0.65
1790616468.9931772,-90.46,-0.25,-0.65
1790616469.05665,-90.46,-0.25,-0.65
1790616469.093791,-90.47,-0.25,-0.65
1790616469.154052,-90.47,-0.25,-0.65
1790616469.213109,-90.47,-0.25,-0.65
1790616469.256106,-90.47,-0.25,-0.65
1790616469.3132958,-90.46,-0.25,-0.65
1790616469.385092,-90.46,-0.25,-0.65
1790616469.4154902,-90.41,-0.25,-0.65
1790616469.453435,-90.44,-0.25,-0.66
1790616469.515722,-90.48,-0.26,-0.65
1790616469.573474,-90.52,-0.27,-0.65
1790616469.613765,-90.51,-0.27,-0.65
1790616469.67312,-90.5,-0.26,-0.65
1790616469.7133088,-90.49,-0.26,-0.65
1790616469.773443,-90.49,-0.26,-0.65
1790616469.833196,-90.48,-0.26,-0.66
1790616469.873155,-90.47,-0.26,-0.66
1790616469.933185,-90.5,-0.27,-0.66
1790616469.995444,-90.53,-0.26,-0.65
1790616470.0330298,-90.53,-0.26,-0.66
1790616470.093077,-90.54,-0.27,-0.66
1790616470.133013,-90.54,-0.27,-0.66
1790616470.1932218,-90.53,-0.27,-0.66
1790616470.2332008,-90.52,-0.27,-0.66
1790616470.293354,-90.51,-0.27,-0.66
1790616470.355191,-90.52,-0.27,-0.66
1790616470.414469,-90.51,-0.27,-0.66
1790616470.4534998,-90.51,-0.27,-0.66
1790616470.5145578,-90.52,-0.26,-0.66
1790616470.554144,-90.52,-0.27,-0.66
1790616470.6156101,-90.52,-0.28,-0.65
1790616470.653481,-90.58,-0.28,-0.66
1790616470.714643,-90.58,-0.27,-0.66
1790616470.7533178,-90.58,-0.27,-0.66
1790616470.815042,-90.58,-0.27,-0.66
1790616470.8733828,-90.58,-0.27,-0.66
1790616470.9152,-90.59,-0.27,-0.66
1790616470.973235,-90.59,-0.27,-0.66
1790616471.03318,-90.6,-0.27,-0.66
1790616471.094089,-90.6,-0.27,-0.67
1790616471.1331022,-90.61,-0.27,-0.67
1790616471.193986,-90.6,-0.27,-0.67
1790616471.2331252,-90.62,-0.27,-0.67
1790616471.293026,-90.62,-0.27,-0.67
1790616471.3531678,-90.62,-0.27,-0.67
1790616471.394092,-90.62,-0.28,-0.67
1790616471.453077,-90.62,-0.27,-0.67
1790616471.493572,-90.63,-0.27,-0.67
1790616471.5531101,-90.69,-0.28,-0.67
1790616471.593717,-90.74,-0.28,-0.67
1790616471.6531541,-90.75,-0.28,-0.67
1790616471.6931891,-90.77,-0.28,-0.67
1790616471.755904,-90.8,-0.28,-0.66
1790616471.813192,-90.82,-0.28,-0.67
1790616471.853075,-90.83,-0.28,-0.67
1790616471.91779,-90.84,-0.28,-0.67
1790616471.953421,-90.85,-0.28,-0.67
1790616472.015669,-90.85,-0.28,-0.67
1790616472.073195,-90.86,-0.28,-0.67
1790616472.113583,-90.83,-0.28,-0.67
1790616472.1731598,-90.91,-0.28,-0.67
1790616472.214371,-90.93,-0.28,-0.67
1790616472.274234,-90.93,-0.28,-0.67
1790616472.314421,-90.93,-0.29,-0.67
1790616472.374159,-90.93,-0.29,-0.67
1790616472.4146922,-90.93,-0.29,-0.67
1790616472.4740758,-90.93,-0.29,-0.67
1790616472.5144389,-90.93,-0.29,-0.67
1790616472.574046,-90.93,-0.29,-0.68
1790616472.614275,-90.93,-0.29,-0.68
1790616472.675624,-90.94,-0.29,-0.68
1790616472.7145212,-90.94,-0.3,-0.68
1790616472.774765,-90.97,-0.29,-0.68
1790616472.834653,-91.05,-0.3,-0.68
1790616472.874384,-91.04,-0.29,-0.68
1790616472.934588,-91.04,-0.29,-0.68
1790616472.974293,-91.05,-0.29,-0.68
1790616473.034241,-91.06,-0.29,-0.69
1790616473.075639,-91.07,-0.29,-0.69
1790616473.1347241,-91.07,-0.29,-0.69
1790616473.1741598,-91.05,-0.29,-0.68
1790616473.2542348,-91.1,-0.29,-0.69
1790616473.294165,-91.12,-0.29,-0.69
1790616473.35515,-91.12,-0.29,-0.69
1790616473.414155,-91.13,-0.28,-0.69
1790616473.4540958,-91.15,-0.28,-0.7
1790616473.513841,-91.17,-0.28,-0.7
1790616473.553974,-91.19,-0.28,-0.7
1790616473.617192,-91.21,-0.28,-0.7
1790616473.656715,-91.23,-0.28,-0.7
1790616473.7140448,-91.27,-0.28,-0.71
1790616473.7543528,-91.28,-0.28,-0.71
1790616473.817915,-91.28,-0.28,-0.72
1790616473.854112,-91.32,-0.28,-0.72
1790616473.9152582,-91.35,-0.28,-0.73
1790616473.975272,-91.37,-0.28,-0.73
1790616474.014477,-91.39,-0.27,-0.74
1790616474.075424,-91.42,-0.27,-0.74
1790616474.1140962,-91.44,-0.27,-0.75
1790616474.175273,-91.46,-0.26,-0.75
1790616474.216695,-91.48,-0.26,-0.76
1790616474.275889,-91.48,-0.26,-0.76
1790616474.315213,-91.49,-0.26,-0.76
1790616474.3757179,-91.49,-0.26,-0.76
1790616474.416192,-91.5,-0.26,-0.76
1790616474.475987,-91.5,-0.25,-0.76
1790616474.514941,-91.51,-0.25,-0.77
1790616474.575854,-91.51,-0.25,-0.77
1790616474.633892,-91.51,-0.25,-0.77
1790616474.675849,-91.52,-0.25,-0.77
1790616474.733922,-91.52,-0.25,-0.77
1790616474.776373,-91.52,-0.25,-0.78
1790616474.833885,-91.52,-0.25,-0.78
1790616474.8767529,-91.52,-0.26,-0.77
1790616474.934304,-91.52,-0.26,-0.78
1790616474.9945989,-91.53,-0.26,-0.78
1790616475.034176,-91.53,-0.26,-0.78
1790616475.094052,-91.56,-0.26,-0.78
1790616475.134309,-91.57,-0.26,-0.78
1790616475.194293,-91.6,-0.26,-0.78
1790616475.234257,-91.6,-0.26,-0.78
1790616475.294126,-91.6,-0.27,-0.78
1790616475.334582,-91.62,-0.27,-0.78
1790616475.394078,-91.61,-0.27,-0.78
1790616475.456086,-91.63,-0.27,-0.78
1790616475.494144,-91.63,-0.27,-0.78
1790616475.555524,-91.63,-0.27,-0.77
1790616475.594275,-91.64,-0.27,-0.78
1790616475.655584,-91.64,-0.27,-0.77
1790616475.715269,-91.64,-0.27,-0.77
1790616475.75488,-91.64,-0.27,-0.77
1790616475.8161469,-91.65,-0.27,-0.77
1790616475.874846,-91.68,-0.27,-0.78
1790616475.9342341,-91.68,-0.27,-0.78
1790616475.977134,-91.67,-0.27,-0.78
1790616476.034187,-91.67,-0.27,-0.78
1790616476.07469,-91.65,-0.27,-0.79
1790616476.134198,-91.62,-0.26,-0.79
1790616476.176297,-91.69,-0.27,-0.79
1790616476.2343569,-91.71,-0.27,-0.8
1790616476.294236,-91.7,-0.27,-0.8
1790616476.3540668,-91.69,-0.27,-0.8
1790616476.394847,-91.72,-0.28,-0.8
1790616476.4542441,-91.72,-0.28,-0.8
1790616476.4944232,-91.75,-0.27,-0.8
1790616476.555598,-91.75,-0.27,-0.8
1790616476.594641,-91.78,-0.27,-0.8
1790616476.654176,-91.82,-0.27,-0.8
1790616476.713917,-91.81,-0.27,-0.8
1790616476.754134,-91.8,-0.27,-0.8
1790616476.814427,-91.81,-0.27,-0.8
1790616476.85408,-91.8,-0.27,-0.8
1790616476.916468,-91.78,-0.27,-0.8
1790616476.975067,-91.83,-0.27,-0.8
1790616477.014592,-91.83,-0.27,-0.8
1790616477.074369,-91.82,-0.27,-0.8
1790616477.1142862,-91.82,-0.27,-0.8
1790616477.1745331,-91.82,-0.27,-0.8
1790616477.214278,-91.85,-0.27,-0.8
1790616477.2746408,-91.93,-0.27,-0.8
1790616477.334033,-91.92,-0.27,-0.8
1790616477.374478,-91.9,-0.27,-0.8
1790616477.4406662,-91.89,-0.27,-0.8
1790616477.494111,-91.89,-0.27,-0.8
1790616477.534351,-91.95,-0.28,-0.8
1790616477.594029,-91.94,-0.28,-0.81
1790616477.640888,-91.94,-0.28,-0.81
1790616477.6975229,-91.94,-0.28,-0.81
1790616477.753854,-91.94,-0.28,-0.81
1790616477.7946272,-91.94,-0.28,-0.81
1790616477.854282,-91.94,-0.28,-0.81
1790616477.893976,-91.94,-0.28,-0.81
1790616477.9543161,-91.93,-0.28,-0.81
1790616477.9952588,-91.93,-0.28,-0.81
1790616478.054794,-91.93,-0.28,-0.81
1790616478.0941272,-91.93,-0.28,-0.81
1790616478.1542358,-91.93,-0.28,-0.81
1790616478.2155552,-91.95,-0.28,-0.81
1790616478.2541142,-91.96,-0.29,-0.81
1790616478.315367,-92.01,-0.29,-0.81
1790616478.354038,-92.02,-0.29,-0.81
1790616478.413978,-92.03,-0.29,-0.82
1790616478.454032,-92.01,-0.29,-0.82
1790616478.5156212,-92.03,-0.29,-0.82
1790616478.575182,-92.08,-0.29,-0.82
1790616478.61443,-92.08,-0.29,-0.82
1790616478.676919,-92.09,-0.29,-0.82
1790616478.714368,-92.09,-0.29,-0.82
1790616478.776526,-92.09,-0.29,-0.82
1790616478.8342102,-92.1,-0.29,-0.82
1790616478.8744771,-92.1,-0.29,-0.82
1790616478.935709,-92.1,-0.29,-0.82
1790616478.977004,-92.1,-0.29,-0.82
1790616479.035159,-92.07,-0.29,-0.83
1790616479.094172,-92.07,-0.29,-0.83
1790616479.136584,-92.1,-0.29,-0.83
1790616479.194089,-92.2,-0.28,-0.83
1790616479.25414,-92.2,-0.28,-0.83
1790616479.2940469,-92.19,-0.28,-0.83
1790616479.35407,-92.18,-0.28,-0.83
1790616479.413889,-92.17,-0.28,-0.83
1790616479.4540439,-92.16,-0.28,-0.83
1790616479.494025,-92.16,-0.28,-0.83
1790616479.5543108,-92.16,-0.28,-0.83
1790616479.593931,-92.16,-0.28,-0.83
1790616479.654324,-92.16,-0.28,-0.83
1790616479.713954,-92.16,-0.28,-0.83
1790616479.754018,-92.17,-0.28,-0.83
1790616479.813951,-92.18,-0.28,-0.83
1790616479.85402,-92.29,-0.28,-0.83
1790616479.9157279,-92.33,-0.28,-0.83
1790616479.9758,-92.33,-0.28,-0.83
1790616480.035545,-92.33,-0.28,-0.83
1790616480.075285,-92.33,-0.28,-0.83
1790616480.134381,-92.34,-0.28,-0.83
1790616480.1742249,-92.34,-0.28,-0.83
1790616480.234323,-92.34,-0.28,-0.83
1790616480.2940311,-92.35,-0.28,-0.83
1790616480.336286,-92.35,-0.28,-0.84
1790616480.394123,-92.34,-0.28,-0.84
1790616480.4374819,-92.34,-0.28,-0.84
1790616480.494228,-92.33,-0.28,-0.84
1790616480.536365,-92.33,-0.28,-0.84
1790616480.594228,-92.32,-0.28,-0.84
1790616480.6348548,-92.32,-0.28,-0.84
1790616480.6943161,-92.31,-0.28,-0.84
1790616480.7540212,-92.33,-0.28,-0.84
1790616480.816434,-92.39,-0.28,-0.84
1790616480.873832,-92.41,-0.28,-0.84
1790616480.913882,-92.4,-0.28,-0.84
1790616480.975041,-92.4,-0.28,-0.84
1790616481.014346,-92.39,-0.28,-0.84
1790616481.074122,-92.39,-0.28,-0.84
1790616481.133885,-92.39,-0.28,-0.84
1790616481.176882,-92.39,-0.28,-0.84
1790616481.2340539,-92.39,-0.28,-0.84
1790616481.294024,-92.39,-0.28,-0.84
1790616481.334244,-92.39,-0.28,-0.84
1790616481.394047,-92.4,-0.28,-0.84
1790616481.434895,-92.41,-0.27,-0.84
1790616481.4954538,-92.41,-0.27,-0.84
1790616481.554343,-92.39,-0.27,-0.84
1790616481.5942268,-92.44,-0.27,-0.84
1790616481.654072,-92.45,-0.28,-0.84
1790616481.694836,-92.48,-0.28,-0.84
1790616481.755151,-92.57,-0.27,-0.85
1790616481.814076,-92.59,-0.27,-0.85
1790616481.854209,-92.65,-0.28,-0.85
1790616481.914077,-92.67,-0.28,-0.85
1790616481.9749918,-92.65,-0.28,-0.85
1790616482.014273,-92.68,-0.27,-0.85
1790616482.0743759,-92.67,-0.27,-0.84
1790616482.114618,-92.67,-0.27,-0.85
1790616482.175531,-92.67,-0.27,-0.85
1790616482.234349,-92.67,-0.27,-0.85
1790616482.2973561,-92.66,-0.27,-0.84
1790616482.353767,-92.71,-0.27,-0.84
1790616482.394065,-92.7,-0.27,-0.84
1790616482.454012,-92.7,-0.27,-0.84
1790616482.496898,-92.7,-0.27,-0.84
1790616482.554023,-92.68,-0.27,-0.84
1790616482.6142368,-92.7,-0.27,-0.84
1790616482.6737962,-92.72,-0.27,-0.85
1790616482.714505,-92.72,-0.27,-0.85
1790616482.79574,-92.72,-0.27,-0.85
1790616482.8541849,-92.73,-0.27,-0.85
1790616482.896377,-92.73,-0.27,-0.85
1790616482.954315,-92.73,-0.27,-0.85
1790616482.9960792,-92.72,-0.27,-0.86
1790616483.054094,-92.72,-0.27,-0.86
1790616483.114105,-92.71,-0.27,-0.86
1790616483.154216,-92.71,-0.27,-0.86
1790616483.2141309,-92.7,-0.27,-0.86
1790616483.254239,-92.69,-0.27,-0.86
1790616483.314194,-92.69,-0.26,-0.86
1790616483.374042,-92.69,-0.27,-0.85
1790616483.414069,-92.69,-0.26,-0.85
1790616483.47406,-92.7,-0.26,-0.86
1790616483.535379,-92.7,-0.26,-0.86
1790616483.574672,-92.69,-0.26,-0.86
1790616483.634933,-92.74,-0.25,-0.86
1790616483.674031,-92.74,-0.26,-0.86
1790616483.733854,-92.75,-0.26,-0.86
1790616483.7983649,-92.76,-0.26,-0.86
1790616483.8539572,-92.76,-0.25,-0.86
1790616483.895434,-92.76,-0.25,-0.86
1790616483.954056,-92.81,-0.25,-0.85
1790616484.013993,-92.84,-0.25,-0.85
1790616484.054018,-92.85,-0.25,-0.85
1790616484.114131,-92.85,-0.25,-0.85
1790616484.1539981,-92.86,-0.25,-0.85
1790616484.2142222,-92.86,-0.25,-0.85
1790616484.2738612,-92.86,-0.25,-0.85
1790616484.314155,-92.88,-0.25,-0.84
1790616484.3739772,-92.9,-0.25,-0.84
1790616484.435507,-92.96,-0.25,-0.84
1790616484.474,-92.97,-0.25,-0.84
1790616484.5338838,-92.98,-0.25,-0.84
1790616484.59662,-92.98,-0.25,-0.84
1790616484.6368058,-92.97,-0.25,-0.84
1790616484.694819,-93.01,-0.25,-0.84
1790616484.754027,-93.04,-0.24,-0.85
1790616484.796288,-93.18,-0.24,-0.83
1790616484.854105,-93.2,-0.25,-0.83
1790616484.914182,-93.28,-0.25,-0.83
1790616484.9540758,-93.28,-0.25,-0.83
1790616485.014258,-93.33,-0.25,-0.83
1790616485.074116,-93.32,-0.24,-0.83
1790616485.115197,-93.3,-0.25,-0.83
1790616485.173952,-93.25,-0.24,-0.83
1790616485.233672,-93.32,-0.24,-0.83
1790616485.273773,-93.31,-0.24,-0.83
1790616485.333678,-93.31,-0.24,-0.83
1790616485.3738382,-93.31,-0.24,-0.83
1790616485.4355268,-93.3,-0.24,-0.83
1790616485.4942348,-93.3,-0.24,-0.83
1790616485.533868,-93.31,-0.24,-0.83
1790616485.594691,-93.31,-0.24,-0.84
1790616485.6542451,-93.35,-0.24,-0.84
1790616485.694867,-93.36,-0.24,-0.84
1790616485.753985,-93.36,-0.24,-0.84
1790616485.809918,-93.37,-0.24,-0.84
1790616485.854,-93.37,-0.24,-0.84
1790616485.915256,-93.33,-0.24,-0.84
1790616485.954037,-93.4,-0.24,-0.84
1790616486.014278,-93.39,-0.24,-0.84
1790616486.0741801,-93.39,-0.24,-0.84
1790616486.114793,-93.4,-0.24,-0.84
1790616486.174199,-93.4,-0.24,-0.84
1790616486.214911,-92.27,-0.26,-0.82
1790616486.2937212,-89.51,-0.25,-0.78
1790616486.334445,-87.32,-0.2,-0.8
1790616486.394449,-85.0,-0.2,-0.79
1790616486.434509,-82.41,-0.16,-0.77
1790616486.494383,-79.68,-0.13,-0.78
1790616486.5539331,-76.95,-0.14,-0.8
1790616486.5938702,-74.19,-0.12,-0.76
1790616486.6574368,-68.48,-0.11,-0.83
1790616486.714216,-65.55,-0.08,-0.85
1790616486.7562041,-62.68,-0.07,-0.85
1790616486.8142679,-59.72,-0.06,-0.83
1790616486.8740401,-56.74,-0.04,-0.9
1790616486.914141,-53.85,-0.05,-0.87
1790616486.9739678,-50.93,0.01,-0.9
1790616487.0141509,-47.92,0.02,-0.89
1790616487.074174,-44.86,0.05,-0.86
1790616487.113982,-41.97,0.09,-0.84
1790616487.17534,-38.95,0.12,-0.8
1790616487.213839,-35.95,0.13,-0.77
1790616487.2741818,-33.05,0.15,-0.77
1790616487.334164,-30.1,0.15,-0.79
1790616487.374347,-27.37,0.19,-0.77
1790616487.434002,-24.81,0.19,-0.77
1790616487.493958,-22.39,0.19,-0.77
1790616487.5341702,-20.04,0.23,-0.74
1790616487.594858,-16.21,0.26,-0.76
1790616487.655945,-14.33,0.26,-0.74
1790616487.714151,-12.69,0.29,-0.75
1790616487.75531,-11.52,0.28,-0.76
1790616487.8139,-10.15,0.26,-0.74
1790616487.8741271,-9.07,0.25,-0.74
1790616487.934104,-8.03,0.24,-0.75
1790616487.974002,-7.03,0.25,-0.75
1790616488.034017,-6.16,0.28,-0.72
1790616488.074285,-5.57,0.3,-0.73
1790616488.134006,-4.96,0.31,-0.72
1790616488.193857,-4.34,0.31,-0.72
1790616488.233973,-3.75,0.3,-0.72
1790616488.2938392,-2.62,0.31,-0.69
1790616488.356062,-2.15,0.32,-0.68
1790616488.413976,-1.56,0.32,-0.68
1790616488.4561658,-1.07,0.32,-0.68
1790616488.513716,-0.58,0.33,-0.68
1790616488.5560908,-0.5,0.34,-0.68
1790616488.613892,-0.49,0.34,-0.66
1790616488.657702,-0.49,0.35,-0.66
1790616488.713824,-0.49,0.35,-0.66
1790616488.75546,-0.49,0.35,-0.65
1790616488.8141801,-0.49,0.35,-0.65
1790616488.874073,-0.51,0.35,-0.65
1790616488.9141362,-0.52,0.35,-0.64
1790616488.973972,-0.49,0.36,-0.64
1790616489.014288,-0.48,0.36,-0.64
1790616489.074036,-0.48,0.36,-0.64
1790616489.1140869,-0.47,0.36,-0.63
1790616489.173998,-0.47,0.36,-0.63
1790616489.214249,-0.46,0.37,-0.63
1790616489.2739332,-0.46,0.37,-0.63
1790616489.335807,-0.45,0.37,-0.62
1790616489.3938181,-0.41,0.38,-0.62
1790616489.4339662,-0.45,0.37,-0.62
1790616489.494189,-0.45,0.37,-0.62
1790616489.534477,-0.44,0.37,-0.62
1790616489.5948641,-0.43,0.37,-0.62
1790616489.654402,-0.43,0.37,-0.62
1790616489.693912,-0.42,0.37,-0.62
1790616489.758518,-0.41,0.38,-0.62
1790616489.796493,-0.41,0.38,-0.61
1790616489.85462,-0.4,0.38,-0.61
1790616489.914052,-0.36,0.44,-0.62
1790616489.954531,-0.22,0.5,-0.58
1790616490.0144289,-0.05,0.52,-0.49
1790616490.0556722,-0.03,0.52,-0.5
1790616490.1139042,-0.05,0.43,-0.5
1790616490.173991,-0.01,0.35,-0.54
1790616490.2138932,0.02,0.35,-0.56
1790616490.2738419,-0.0,0.33,-0.66
1790616490.333796,0.0,0.31,-0.7
1790616490.373875,-0.04,0.31,-0.65
1790616490.4339252,-0.17,0.33,-0.67
1790616490.473865,-0.18,0.34,-0.63
1790616490.5341508,-0.28,0.37,-0.64
1790616490.593766,-0.19,0.33,-0.58
1790616490.633902,-0.26,0.3,-0.56
1790616490.6939101,-0.24,0.28,-0.6
1790616490.73383,-0.22,0.32,-0.6
1790616490.793885,-0.21,0.34,-0.65
1790616490.854794,-0.26,0.36,-0.65
1790616490.8938591,-0.3,0.47,-0.68
1790616490.9544399,-0.37,0.49,-0.66
1790616490.995156,-0.37,0.56,-0.65
1790616491.0560331,-0.37,0.58,-0.67
1790616491.117268,-0.38,0.63,-0.66
1790616491.173919,-0.35,0.64,-0.64
1790616491.215837,-0.36,0.62,-0.63
1790616491.274048,-0.37,0.71,-0.65
1790616491.314419,-0.32,0.73,-0.67
1790616491.374107,-0.41,0.76,-0.64
1790616491.413892,-0.38,0.7,-0.62
1790616491.473997,-0.43,0.69,-0.63
1790616491.533807,-0.43,0.63,-0.67
1790616491.5740821,-0.43,0.63,-0.67
1790616491.633824,-0.48,0.62,-0.65
1790616491.693999,-0.47,0.64,-0.65
1790616491.733792,-0.47,0.65,-0.66
1790616491.7943559,-0.51,0.65,-0.66
1790616491.853787,-0.5,0.65,-0.64
1790616491.893761,-0.46,0.65,-0.63
1790616491.953907,-0.48,0.66,-0.61
1790616491.9941728,-0.55,0.64,-0.63
1790616492.0544808,-0.56,0.62,-0.63
1790616492.116066,-0.55,0.61,-0.65
1790616492.1738229,-0.57,0.63,-0.65
1790616492.21696,-0.67,0.64,-0.64
1790616492.273717,-0.68,0.66,-0.64
1790616492.3163362,-0.57,0.67,-0.64
1790616492.3739111,-0.47,0.67,-0.64
1790616492.4341261,-0.42,0.64,-0.66
1790616492.474004,-0.57,0.62,-0.65
1790616492.533928,-0.56,0.61,-0.64
1790616492.593936,-0.47,0.59,-0.65
1790616492.63391,-0.62,0.58,-0.66
1790616492.694197,-0.61,0.59,-0.65
1790616492.754003,-0.59,0.61,-0.64
1790616492.793924,-0.59,0.61,-0.64
1790616492.855249,-0.59,0.61,-0.63
1790616492.8948119,-0.59,0.61,-0.64
1790616492.955934,-0.59,0.61,-0.64
1790616493.016163,-0.59,0.61,-0.64
1790616493.053817,-0.58,0.61,-0.63
1790616493.11618,-0.58,0.61,-0.63
1790616493.175064,-0.58,0.61,-0.63
1790616493.2174962,-0.57,0.61,-0.63
1790616493.275436,-0.57,0.61,-0.63
1790616493.315795,-0.57,0.61,-0.63
1790616493.374007,-0.57,0.61,-0.63
1790616493.433747,-0.57,0.61,-0.63
1790616493.4943302,-0.58,0.61,-0.63
1790616493.5338528,-0.59,0.61,-0.63
1790616493.594325,-0.62,0.61,-0.63
1790616493.633802,-0.63,0.62,-0.63
1790616493.693957,-0.64,0.62,-0.63
1790616493.733873,-0.65,0.62,-0.63
1790616493.793997,-0.65,0.62,-0.63
1790616493.854899,-0.65,0.62,-0.63
1790616493.9158678,-0.65,0.62,-0.62
1790616493.973942,-0.65,0.62,-0.62
1790616494.0151732,-0.65,0.62,-0.62
1790616494.074007,-0.66,0.63,-0.62
1790616494.115309,-0.66,0.63,-0.62
1790616494.174149,-0.66,0.63,-0.63
1790616494.2340071,-0.66,0.63,-0.63
1790616494.273918,-0.66,0.64,-0.63
1790616494.333886,-0.67,0.64,-0.63
1790616494.3738701,-0.67,0.64,-0.64
1790616494.433949,-0.67,0.64,-0.64
1790616494.493676,-0.67,0.64,-0.64
1790616494.533921,-0.72,0.65,-0.64
1790616494.5939682,-0.72,0.65,-0.65
1790616494.654123,-0.73,0.66,-0.64
1790616494.7148092,-0.73,0.66,-0.65
1790616494.753974,-0.73,0.66,-0.65
1790616494.815126,-0.74,0.66,-0.65
1790616494.87418,-0.74,0.67,-0.65
1790616494.935266,-0.74,0.67,-0.65
1790616494.993911,-0.74,0.67,-0.65
1790616495.03411,-0.72,0.67,-0.66
1790616495.093983,-0.77,0.68,-0.65
1790616495.154489,-0.79,0.68,-0.66
1790616495.194035,-0.8,0.68,-0.66
1790616495.2536829,-0.8,0.68,-0.66
1790616495.313899,-0.8,0.69,-0.66
1790616495.35445,-0.8,0.69,-0.66
1790616495.4136078,-0.81,0.69,-0.66
1790616495.454721,-0.81,0.69,-0.66
1790616495.513502,-0.81,0.69,-0.66
1790616495.555014,-0.81,0.69,-0.66
1790616495.6139479,-0.81,0.69,-0.66
1790616495.677094,-0.85,0.7,-0.66
1790616495.717168,-0.88,0.7,-0.66
1790616495.775912,-0.89,0.7,-0.66
1790616495.833761,-0.89,0.7,-0.67
1790616495.8759592,-0.89,0.71,-0.67
1790616495.934002,-0.89,0.71,-0.67
1790616495.976786,-0.9,0.71,-0.67
1790616496.0338619,-0.9,0.71,-0.67
1790616496.094015,-0.91,0.71,-0.68
1790616496.15397,-0.88,0.72,-0.68
1790616496.214128,-0.92,0.72,-0.68
1790616496.25375,-0.94,0.72,-0.68
1790616496.333663,-0.96,0.72,-0.68
1790616496.375792,-0.97,0.73,-0.68
1790616496.4336588,-0.98,0.73,-0.69
1790616496.475111,-0.98,0.73,-0.69
1790616496.53422,-0.98,0.74,-0.69
1790616496.593823,-0.99,0.74,-0.69
1790616496.634083,-0.99,0.74,-0.69
1790616496.694092,-1.0,0.74,-0.69
1790616496.734514,-1.01,0.75,-0.7
1790616496.7947142,-1.03,0.75,-0.7
1790616496.853792,-1.04,0.75,-0.7
1790616496.894079,-1.04,0.75,-0.71
1790616496.953814,-1.05,0.75,-0.71
1790616497.014262,-1.07,0.76,-0.71
1790616497.07691,-1.08,0.76,-0.71
1790616497.133843,-1.09,0.76,-0.71
1790616497.1765351,-1.1,0.76,-0.71
1790616497.23407,-1.12,0.76,-0.71
1790616497.293934,-1.13,0.76,-0.71
1790616497.33392,-1.14,0.76,-0.71
1790616497.394124,-1.15,0.77,-0.71
1790616497.433868,-1.16,0.77,-0.71
1790616497.4938629,-1.18,0.77,-0.71
1790616497.554124,-1.2,0.77,-0.72
1790616497.5938601,-1.21,0.77,-0.72
1790616497.6540532,-1.22,0.77,-0.72
1790616497.6937642,-1.23,0.78,-0.72
1790616497.754024,-1.24,0.78,-0.72
1790616497.815385,-1.25,0.78,-0.72
1790616497.8554099,-1.26,0.78,-0.73
1790616497.9154508,-1.27,0.78,-0.73
1790616497.9743629,-1.28,0.78,-0.73
1790616498.0337548,-1.29,0.78,-0.73
1790616498.094203,-1.31,0.78,-0.73
1790616498.134637,-1.32,0.78,-0.73
1790616498.194005,-1.32,0.78,-0.73
1790616498.253738,-1.39,0.78,-0.74
1790616498.313646,-1.39,0.79,-0.74
1790616498.373921,-1.4,0.79,-0.74
1790616498.4337852,-1.4,0.79,-0.73
1790616498.474368,-1.41,0.79,-0.74
1790616498.5338712,-1.41,0.79,-0.74
1790616498.5748951,-1.42,0.79,-0.74
1790616498.633835,-1.42,0.79,-0.74
1790616498.693669,-1.42,0.8,-0.74
1790616498.733773,-1.42,0.8,-0.74
1790616498.794098,-1.44,0.8,-0.74
1790616498.854028,-1.48,0.8,-0.75
1790616498.915128,-1.48,0.8,-0.75
1790616498.953804,-1.49,0.8,-0.75
1790616499.014751,-1.49,0.8,-0.75
1790616499.074636,-1.5,0.8,-0.75
1790616499.114013,-1.5,0.81,-0.75
1790616499.1739829,-1.51,0.81,-0.75
1790616499.2336729,-1.51,0.81,-0.75
1790616499.2749481,-1.52,0.81,-0.76
1790616499.333753,-1.49,0.82,-0.76
1790616499.393858,-1.55,0.82,-0.76
1790616499.4337358,-1.56,0.82,-0.76
1790616499.4939258,-1.58,0.82,-0.76
1790616499.5538712,-1.59,0.82,-0.76
1790616499.593817,-1.59,0.82,-0.77
1790616499.653805,-1.6,0.82,-0.77
1790616499.693801,-2.13,0.83,-0.81
1790616499.754026,-5.56,0.83,-0.95
1790616499.813986,-7.97,0.81,-0.97
1790616499.853784,-10.5,0.78,-0.99
1790616499.914686,-13.21,0.77,-0.99
1790616499.976386,-16.04,0.75,-1.02
1790616500.015096,-18.82,0.71,-1.15
1790616500.073803,-21.81,0.7,-1.14
1790616500.137773,-24.67,0.67,-1.15
1790616500.174336,-27.54,0.65,-1.19
1790616500.234127,-30.6,0.6,-1.22
1790616500.29387,-33.41,0.55,-1.31
1790616500.333879,-36.51,0.53,-1.28
1790616500.3939111,-39.46,0.48,-1.3
1790616500.4338088,-42.36,0.43,-1.36
1790616500.494886,-45.45,0.41,-1.34
1790616500.553643,-48.48,0.36,-1.39
1790616500.594081,-51.44,0.3,-1.36
1790616500.635272,-54.43,0.24,-1.35
1790616500.693852,-57.45,0.17,-1.42
1790616500.735117,-60.44,0.11,-1.4
1790616500.793826,-66.42,0.01,-1.41
1790616500.8537862,-69.46,-0.04,-1.42
1790616500.914496,-72.49,-0.07,-1.42
1790616500.974356,-75.43,-0.12,-1.39
1790616501.033996,-78.49,-0.19,-1.44
1790616501.074174,-81.5,-0.24,-1.39
1790616501.13588,-84.43,-0.27,-1.35
1790616501.194636,-87.48,-0.3,-1.45
1790616501.2540648,-90.52,-0.4,-1.38
1790616501.293828,-96.54,-0.46,-1.38
1790616501.353934,-99.53,-0.51,-1.36
1790616501.393802,-102.53,-0.58,-1.32
1790616501.4539049,-105.47,-0.6,-1.25
1790616501.513613,-108.54,-0.64,-1.29
1790616501.5537689,-111.52,-0.67,-1.25
1790616501.61356,-114.64,-0.72,-1.2
1790616501.653811,-117.52,-0.73,-1.2
1790616501.7151868,-120.63,-0.79,-1.13
1790616501.75386,-123.56,-0.83,-1.15
1790616501.8138099,-126.58,-0.87,-1.08
1790616501.873751,-129.58,-0.88,-1.06
1790616501.9364748,-132.53,-0.92,-1.08
1790616501.975608,-135.61,-0.94,-0.97
1790616502.04025,-138.67,-0.94,-0.96
1790616502.0746,-141.65,-0.98,-0.86
1790616502.137899,-144.66,-1.0,-0.83
1790616502.193665,-147.66,-1.04,-0.83
1790616502.2368839,-150.57,-1.04,-0.79
1790616502.2937331,-155.84,-1.1,-0.68
1790616502.354041,-158.23,-1.06,-0.63
1790616502.413739,-160.52,-1.06,-0.64
1790616502.4537878,-162.34,-1.05,-0.59
1790616502.513768,-164.15,-1.05,-0.54
1790616502.575318,-165.76,-1.06,-0.48
1790616502.6137521,-167.22,-1.07,-0.45
1790616502.6764622,-168.64,-1.06,-0.46
1790616502.735086,-169.88,-1.06,-0.45
1790616502.774719,-170.99,-1.06,-0.4
1790616502.835368,-172.02,-1.04,-0.37
1790616502.895008,-172.94,-1.03,-0.34
1790616502.935564,-173.83,-1.04,-0.32
1790616502.9951181,-174.56,-1.03,-0.3
1790616503.037076,-175.16,-1.02,-0.31
1790616503.09512,-175.72,-1.03,-0.32
1790616503.15485,-176.85,-1.0,-0.31
1790616503.194744,-177.56,-0.99,-0.31
1790616503.254812,-178.12,-0.99,-0.31
1790616503.314995,-178.66,-1.0,-0.31
1790616503.3547788,-178.88,-1.0,-0.3
1790616503.414778,-178.9,-1.0,-0.31
1790616503.474505,-178.9,-1.0,-0.32
1790616503.5148108,-178.91,-0.99,-0.32
1790616503.5745568,-178.92,-0.99,-0.32
1790616503.6147919,-178.92,-0.98,-0.32
1790616503.675796,-178.92,-0.98,-0.32
1790616503.738529,-178.91,-0.98,-0.32
1790616503.7946959,-178.94,-0.98,-0.32
1790616503.83473,-178.95,-0.98,-0.32
1790616503.894697,-178.97,-0.97,-0.32
1790616503.937112,-178.99,-0.97,-0.32
1790616503.998492,-179.0,-0.97,-0.32
1790616504.034988,-179.02,-0.96,-0.32
1790616504.096797,-179.03,-0.96,-0.32
1790616504.135594,-179.05,-0.96,-0.31
1790616504.197101,-179.08,-0.95,-0.31
1790616504.255414,-179.1,-0.95,-0.31
1790616504.3147478,-179.11,-0.95,-0.31
1790616504.354817,-179.13,-0.94,-0.31
1790616504.414627,-179.15,-0.94,-0.31
1790616504.454855,-179.17,-0.94,-0.31
1790616504.5147278,-179.18,-0.94,-0.3
1790616504.5549078,-179.21,-0.94,-0.3
1790616504.615631,-179.31,-0.94,-0.3
1790616504.676112,-179.33,-0.93,-0.31
1790616504.7357812,-179.35,-0.93,-0.31
1790616504.7971961,-179.36,-0.93,-0.31
1790616504.836114,-179.39,-0.91,-0.31
1790616504.8985841,-179.4,-0.81,-0.38
1790616504.95577,-179.31,-0.81,-0.39
1790616505.0157561,-179.49,-0.84,-0.44
1790616505.0757918,-179.77,-0.89,-0.35
1790616505.136771,-179.84,-0.97,-0.29
1790616505.175808,-179.76,-1.03,-0.27
1790616505.2366211,-179.83,-1.0,-0.26
1790616505.2962828,-179.81,-1.08,-0.31
1790616505.356024,-179.99,-1.04,-0.3
1790616505.416061,179.89,-1.05,-0.35
1790616505.455717,179.86,-0.98,-0.31
1790616505.5156648,179.92,-0.98,-0.35
1790616505.555943,179.81,-0.98,-0.31
1790616505.615644,179.76,-0.93,-0.3
1790616505.6561348,179.79,-0.89,-0.33
1790616505.715775,179.72,-0.83,-0.31
1790616505.775716,179.71,-0.8,-0.36
1790616505.8156512,179.68,-0.74,-0.38
1790616505.875616,179.64,-0.69,-0.35
1790616505.936327,179.69,-0.65,-0.37
1790616505.998323,179.61,-0.61,-0.36
1790616506.055679,179.67,-0.61,-0.2
1790616506.097355,179.63,-0.59,-0.23
1790616506.155793,179.58,-0.61,-0.31
1790616506.216008,179.65,-0.62,-0.34
1790616506.2755141,179.55,-0.67,-0.34
1790616506.315957,179.54,-0.68,-0.34
1790616506.37621,179.53,-0.68,-0.32
1790616506.416836,179.44,-0.69,-0.3
1790616506.477248,179.52,-0.68,-0.25
1790616506.515789,179.55,-0.72,-0.28
1790616506.5756001,179.53,-0.68,-0.27
1790616506.6358132,179.49,-0.66,-0.25
1790616506.6756601,179.5,-0.62,-0.29
1790616506.7356958,179.52,-0.63,-0.33
1790616506.7973619,179.5,-0.61,-0.35
1790616506.8558002,179.41,-0.59,-0.33
1790616506.916063,179.4,-0.61,-0.32
1790616506.975708,179.39,-0.63,-0.36
1790616507.015908,179.39,-0.62,-0.36
1790616507.075815,179.4,-0.62,-0.36
1790616507.115912,179.39,-0.61,-0.36
1790616507.175972,179.39,-0.6,-0.35
1790616507.215891,179.42,-0.59,-0.35
1790616507.275635,179.46,-0.58,-0.37
1790616507.335802,179.53,-0.57,-0.38
1790616507.3958101,179.53,-0.58,-0.38
1790616507.435626,179.51,-0.57,-0.38
1790616507.495944,179.52,-0.56,-0.37
1790616507.555635,179.51,-0.56,-0.37
1790616507.596181,179.51,-0.55,-0.37
1790616507.6555572,179.51,-0.54,-0.37
1790616507.715753,179.5,-0.54,-0.36
1790616507.7682078,179.5,-0.54,-0.36
1790616507.835475,179.5,-0.53,-0.37
1790616507.875743,179.5,-0.53,-0.36
1790616507.935838,179.5,-0.53,-0.36
1790616507.977309,179.5,-0.53,-0.36
1790616508.035688,179.49,-0.51,-0.36
1790616508.0957508,179.49,-0.53,-0.36
1790616508.136107,179.48,-0.54,-0.36
1790616508.197077,179.48,-0.52,-0.36
1790616508.25806,179.48,-0.52,-0.36
1790616508.315727,179.48,-0.52,-0.36
1790616508.3573692,179.49,-0.52,-0.36
1790616508.4158988,179.49,-0.51,-0.36
1790616508.475679,179.49,-0.52,-0.36
1790616508.535622,179.49,-0.51,-0.37
1790616508.5771992,179.49,-0.51,-0.37
1790616508.635572,179.49,-0.51,-0.37
1790616508.696527,179.46,-0.51,-0.37
1790616508.7356448,179.48,-0.51,-0.37
1790616508.795715,179.49,-0.5,-0.38
1790616508.856912,179.49,-0.5,-0.38
1790616508.895694,179.5,-0.5,-0.39
1790616508.957886,179.43,-0.5,-0.38
1790616509.015706,179.41,-0.5,-0.39
1790616509.075656,179.42,-0.5,-0.39
1790616509.137803,179.43,-0.5,-0.39
1790616509.1757288,179.43,-0.5,-0.39
1790616509.235852,179.43,-0.5,-0.4
1790616509.2968519,179.44,-0.5,-0.4
1790616509.3357341,179.44,-0.5,-0.4
1790616509.397423,179.44,-0.5,-0.4
1790616509.4584079,179.42,-0.5,-0.41
1790616509.498228,179.43,-0.5,-0.41
1790616509.5590022,179.43,-0.5,-0.41
1790616509.615576,179.44,-0.49,-0.42
1790616509.658596,179.44,-0.49,-0.42
1790616509.715619,179.46,-0.49,-0.42
1790616509.762371,179.4,-0.49,-0.41
1790616509.815725,179.4,-0.49,-0.42
1790616509.87583,179.4,-0.49,-0.42
1790616509.915593,179.4,-0.49,-0.42
1790616509.9760268,179.41,-0.49,-0.42
1790616510.015748,179.41,-0.49,-0.42
1790616510.0757608,179.41,-0.49,-0.43
1790616510.1155741,179.41,-0.49,-0.43
1790616510.1757681,179.41,-0.49,-0.43
1790616510.2355452,179.41,-0.49,-0.43
1790616510.276458,179.37,-0.49,-0.43
1790616510.335855,179.37,-0.49,-0.43
1790616510.396024,179.37,-0.49,-0.43
1790616510.4357069,179.38,-0.49,-0.43
1790616510.4968011,179.4,-0.5,-0.43
1790616510.5566819,179.36,-0.49,-0.43
1790616510.615846,179.33,-0.49,-0.43
1790616510.6570399,179.32,-0.49,-0.43
1790616510.715667,179.32,-0.49,-0.43
1790616510.756279,179.31,-0.49,-0.43
1790616510.815727,179.3,-0.49,-0.43
1790616510.876213,179.29,-0.49,-0.43
1790616510.935724,179.28,-0.49,-0.43
1790616510.995562,179.27,-0.49,-0.43
1790616511.0360792,179.26,-0.49,-0.43
1790616511.09675,179.19,-0.49,-0.44
1790616511.156936,179.16,-0.49,-0.44
1790616511.19916,179.14,-0.49,-0.45
1790616511.2656052,179.12,-0.49,-0.45
1790616511.317796,179.13,-0.49,-0.46
1790616511.393173,179.06,-0.48,-0.46
1790616511.418953,179.03,-0.48,-0.47
1790616511.47793,179.03,-0.48,-0.47
1790616511.520016,179.02,-0.48,-0.47
1790616511.5778801,179.02,-0.48,-0.48
1790616511.618805,179.01,-0.47,-0.48
1790616511.677908,179.01,-0.47,-0.49
1790616511.73789,179.01,-0.47,-0.49
1790616511.7776608,179.01,-0.47,-0.49
1790616511.837535,179.01,-0.46,-0.5
1790616511.877598,179.0,-0.47,-0.5
1790616511.939061,179.01,-0.46,-0.5
1790616511.998709,178.98,-0.46,-0.51
1790616512.038811,178.98,-0.46,-0.51
1790616512.098867,178.99,-0.45,-0.51
1790616512.1392498,178.99,-0.45,-0.52
1790616512.198762,178.99,-0.45,-0.52
1790616512.2600079,178.99,-0.45,-0.52
1790616512.322933,178.99,-0.44,-0.52
1790616512.35938,178.99,-0.44,-0.52
1790616512.42072,178.98,-0.44,-0.52
1790616512.478624,178.98,-0.44,-0.53
1790616512.5387928,178.98,-0.44,-0.53
1790616512.578644,178.97,-0.44,-0.53
1790616512.639261,178.97,-0.44,-0.53
1790616512.678761,178.97,-0.44,-0.53
1790616512.738833,178.97,-0.44,-0.53
1790616512.798455,178.97,-0.43,-0.54
1790616512.8391979,178.96,-0.44,-0.54
1790616512.898818,178.96,-0.43,-0.54
1790616512.958702,178.96,-0.43,-0.54
1790616512.998643,178.96,-0.43,-0.54
1790616513.060159,178.96,-0.43,-0.54
1790616513.098923,178.96,-0.43,-0.55
1790616513.1602318,178.95,-0.43,-0.55
1790616513.2200608,178.95,-0.43,-0.55
1790616513.2785459,178.95,-0.43,-0.55
1790616513.338719,178.94,-0.42,-0.56
1790616513.3785112,178.94,-0.42,-0.56
1790616513.4386659,178.93,-0.42,-0.56
1790616513.5009542,178.93,-0.42,-0.57
1790616513.560334,178.92,-0.42,-0.57
1790616513.6264918,178.92,-0.42,-0.57
1790616513.6808808,178.87,-0.42,-0.58
1790616513.7232609,178.89,-0.43,-0.58
1790616513.780579,178.86,-0.42,-0.58
1790616513.8404942,178.85,-0.43,-0.58
1790616513.88196,178.84,-0.43,-0.59
1790616513.941474,178.83,-0.43,-0.59
1790616514.000458,178.81,-0.42,-0.59
1790616514.040738,178.81,-0.42,-0.6
1790616514.100786,178.8,-0.42,-0.6
1790616514.160461,178.79,-0.42,-0.6
1790616514.200753,178.79,-0.42,-0.6
1790616514.2665,178.78,-0.42,-0.6
1790616514.3006778,178.78,-0.42,-0.61
1790616514.360993,178.8,-0.43,-0.6
1790616514.400672,178.71,-0.4,-0.62
1790616514.460861,178.67,-0.43,-0.61
1790616514.520898,178.61,-0.42,-0.62
1790616514.560669,178.6,-0.41,-0.62
1790616514.620534,178.61,-0.41,-0.62
1790616514.661686,178.6,-0.41,-0.62
1790616514.721459,178.6,-0.41,-0.62
1790616514.782233,178.6,-0.41,-0.63
1790616514.821537,178.59,-0.41,-0.63
1790616514.88172,178.59,-0.41,-0.63
1790616514.92171,178.52,-0.41,-0.63
1790616514.984663,178.55,-0.41,-0.63
1790616515.0420349,178.53,-0.41,-0.63
1790616515.081701,178.52,-0.41,-0.64
1790616515.141603,178.52,-0.41,-0.64
1790616515.181549,178.51,-0.4,-0.64
1790616515.241598,178.51,-0.4,-0.64
1790616515.303519,178.5,-0.4,-0.65
1790616515.362558,178.49,-0.4,-0.65
1790616515.405992,178.49,-0.4,-0.65
1790616515.45638,178.49,-0.4,-0.66
1790616515.502805,178.48,-0.4,-0.66
1790616515.5637681,178.48,-0.4,-0.66
1790616515.6028001,178.46,-0.39,-0.67
1790616515.662463,178.46,-0.39,-0.67
1790616515.704514,178.46,-0.39,-0.67
1790616515.765887,178.46,-0.39,-0.67
1790616515.824607,178.46,-0.39,-0.67
1790616515.885088,178.46,-0.39,-0.68
1790616515.942614,178.46,-0.39,-0.68
1790616516.005954,178.45,-0.39,-0.68
1790616516.042869,178.45,-0.39,-0.69
1790616516.10598,178.4,-0.38,-0.69
1790616516.146471,178.41,-0.4,-0.69
1790616516.202789,178.35,-0.39,-0.7
1790616516.269037,178.32,-0.38,-0.7
1790616516.3231518,178.32,-0.38,-0.7
1790616516.3628612,178.32,-0.38,-0.7
1790616516.425767,178.32,-0.38,-0.7
1790616516.484673,178.34,-0.38,-0.7
1790616516.5478568,178.27,-0.38,-0.7
1790616516.587132,178.25,-0.38,-0.7
1790616516.646548,178.24,-0.38,-0.7
1790616516.704641,178.24,-0.38,-0.7
1790616516.7462,178.24,-0.38,-0.7
1790616516.8055239,178.23,-0.37,-0.71
1790616516.8664231,178.23,-0.37,-0.71
1790616516.9183092,178.22,-0.37,-0.71
1790616516.983016,178.19,-0.37,-0.71
1790616517.024873,178.13,-0.37,-0.71
1790616517.082849,178.13,-0.37,-0.71
1790616517.123264,178.13,-0.37,-0.72
1790616517.184133,178.13,-0.37,-0.72
1790616517.2457511,178.14,-0.37,-0.72
1790616517.302643,178.13,-0.36,-0.72
1790616517.362605,178.12,-0.36,-0.73
1790616517.405609,178.11,-0.36,-0.73
1790616517.462523,178.11,-0.36,-0.73
1790616517.522464,178.1,-0.36,-0.73
1790616517.564349,178.1,-0.36,-0.73
1790616517.622665,178.09,-0.36,-0.73
1790616517.662603,178.08,-0.35,-0.73
1790616517.722538,178.06,-0.35,-0.74
1790616517.78448,178.06,-0.35,-0.74
1790616517.82453,178.04,-0.35,-0.74
1790616517.883362,178.03,-0.35,-0.74
1790616517.924782,178.01,-0.35,-0.74
1790616517.985004,178.06,-0.34,-0.74
1790616518.048481,178.0,-0.35,-0.74
1790616518.117188,177.96,-0.35,-0.74
1790616518.1627781,177.96,-0.35,-0.75
1790616518.206027,177.96,-0.35,-0.75
1790616518.265783,177.96,-0.35,-0.75
1790616518.302639,177.9,-0.35,-0.75
1790616518.362566,177.93,-0.35,-0.75
1790616518.422973,177.91,-0.34,-0.75
1790616518.464129,177.89,-0.34,-0.76
1790616518.522581,177.89,-0.34,-0.76
1790616518.58235,177.88,-0.34,-0.76
1790616518.624835,177.88,-0.34,-0.76
1790616518.6826398,177.87,-0.34,-0.76
1790616518.746589,177.83,-0.34,-0.77
1790616518.804965,177.83,-0.34,-0.77
1790616518.8437219,177.83,-0.34,-0.77
1790616518.904126,177.82,-0.34,-0.77
1790616518.963559,177.84,-0.34,-0.77
1790616519.0039492,177.73,-0.34,-0.77
1790616519.065542,177.73,-0.34,-0.77
1790616519.1042151,177.73,-0.34,-0.78
1790616519.1659431,177.73,-0.34,-0.78
1790616519.224757,177.73,-0.34,-0.78
1790616519.283656,177.69,-0.34,-0.78
1790616519.3452768,177.59,-0.34,-0.78
1790616519.386077,177.58,-0.34,-0.78
1790616519.448349,177.58,-0.34,-0.78
1790616519.484488,177.58,-0.35,-0.79
1790616519.544606,175.7,-0.35,-0.81
1790616519.60341,172.64,-0.34,-0.81
1790616519.6459782,167.74,-0.36,-0.77
1790616519.703941,165.06,-0.37,-0.76
1790616519.765888,162.22,-0.39,-0.74
1790616519.825592,159.42,-0.4,-0.75
1790616519.8834538,156.48,-0.43,-0.72
1790616519.923467,153.62,-0.44,-0.72
1790616519.983368,150.74,-0.44,-0.67
1790616520.023485,147.77,-0.44,-0.66
1790616520.083329,144.78,-0.48,-0.66
1790616520.123447,141.86,-0.45,-0.63
1790616520.1857111,138.84,-0.49,-0.61
1790616520.223569,135.91,-0.5,-0.6
1790616520.283492,132.83,-0.49,-0.57
1790616520.357722,129.83,-0.53,-0.55
1790616520.4063082,123.92,-0.57,-0.47
1790616520.4461372,121.0,-0.5,-0.48
1790616520.506198,117.77,-0.51,-0.41
1790616520.543673,115.74,-0.5,-0.39
1790616520.607593,113.34,-0.47,-0.38
1790616520.666393,111.1,-0.49,-0.35
1790616520.7235358,109.32,-0.49,-0.38
1790616520.7658849,107.28,-0.5,-0.36
1790616520.825571,105.64,-0.45,-0.37
1790616520.885067,104.14,-0.41,-0.34
1790616520.923476,102.71,-0.43,-0.31
1790616520.9841962,101.46,-0.44,-0.29
1790616521.0235431,100.1,-0.49,-0.28
1790616521.106544,99.17,-0.47,-0.31
1790616521.147359,98.1,-0.45,-0.34
1790616521.2060921,97.23,-0.45,-0.31
1790616521.243964,95.7,-0.46,-0.28
1790616521.325578,94.95,-0.47,-0.26
1790616521.364713,94.4,-0.46,-0.25
1790616521.424096,93.81,-0.46,-0.26
1790616521.4834728,93.13,-0.47,-0.26
1790616521.545944,92.64,-0.47,-0.27
1790616521.583389,92.04,-0.46,-0.28
1790616521.6439328,91.47,-0.44,-0.31
1790616521.685617,91.0,-0.43,-0.3
1790616521.744489,90.48,-0.43,-0.29
1790616521.809001,90.27,-0.45,-0.3
1790616521.8655171,90.27,-0.45,-0.3
1790616521.9085171,90.27,-0.45,-0.3
1790616521.9665349,90.27,-0.44,-0.3
1790616522.008273,90.26,-0.44,-0.31
1790616522.063848,90.26,-0.44,-0.31
1790616522.123682,90.29,-0.43,-0.31
1790616522.1863701,90.26,-0.44,-0.31
1790616522.2238002,90.26,-0.43,-0.32
1790616522.2835908,90.25,-0.43,-0.31
1790616522.343916,90.25,-0.43,-0.31
1790616522.385806,90.24,-0.43,-0.31
1790616522.4433432,90.23,-0.44,-0.31
1790616522.4840572,90.23,-0.44,-0.31
1790616522.5475972,90.18,-0.43,-0.31
1790616522.60741,90.14,-0.44,-0.31
1790616522.6635609,90.14,-0.44,-0.31
1790616522.723509,90.13,-0.43,-0.31
1790616522.7661078,90.13,-0.38,-0.34
1790616522.8236349,89.96,-0.31,-0.4
1790616522.866037,89.34,-0.27,-0.45
1790616522.923556,89.28,-0.32,-0.46
1790616522.98442,89.23,-0.41,-0.47
1790616523.02422,89.32,-0.5,-0.43
1790616523.085925,89.4,-0.53,-0.4
1790616523.1457438,89.48,-0.6,-0.39
1790616523.183475,89.56,-0.58,-0.38
1790616523.2436118,89.65,-0.58,-0.43
1790616523.30911,89.71,-0.59,-0.41
1790616523.363752,89.67,-0.51,-0.35
1790616523.424406,89.69,-0.54,-0.36
1790616523.463746,89.65,-0.48,-0.35
1790616523.524517,89.66,-0.48,-0.33
1790616523.583552,89.71,-0.51,-0.32
1790616523.6433191,89.67,-0.42,-0.32
1790616523.683572,89.66,-0.38,-0.36
1790616523.7433448,89.65,-0.36,-0.36
1790616523.804777,89.68,-0.32,-0.37
1790616523.84417,89.61,-0.29,-0.39
1790616523.9034948,89.66,-0.26,-0.43
1790616523.9443479,89.59,-0.24,-0.44
1790616524.007454,89.61,-0.23,-0.45
1790616524.0435169,89.57,-0.26,-0.43
1790616524.107373,89.58,-0.27,-0.42
1790616524.16335,89.58,-0.29,-0.41
1790616524.208283,89.57,-0.29,-0.42
1790616524.267367,89.55,-0.33,-0.43
1790616524.325462,89.4,-0.39,-0.39
1790616524.3639722,89.5,-0.44,-0.43
1790616524.4243069,89.51,-0.45,-0.39
1790616524.466593,89.53,-0.47,-0.37
1790616524.525989,89.48,-0.43,-0.36
1790616524.5834439,89.44,-0.42,-0.35
1790616524.644398,89.4,-0.43,-0.35
1790616524.686073,89.4,-0.43,-0.36
1790616524.744181,89.39,-0.44,-0.38
1790616524.78378,89.38,-0.43,-0.42
1790616524.843734,89.37,-0.34,-0.47
1790616524.9045389,89.41,-0.27,-0.42
1790616524.943435,89.36,-0.24,-0.47
1790616525.005246,89.37,-0.21,-0.42
1790616525.0436952,89.35,-0.2,-0.46
1790616525.105501,89.32,-0.25,-0.47
1790616525.143565,89.35,-0.27,-0.48
1790616525.2067058,89.34,-0.26,-0.49
1790616525.270425,89.31,-0.25,-0.49
1790616525.323478,89.35,-0.23,-0.48
1790616525.367006,89.29,-0.2,-0.51
1790616525.4235241,89.29,-0.22,-0.48
1790616525.483619,89.25,-0.26,-0.5
1790616525.523425,89.27,-0.27,-0.46
1790616525.5863428,89.25,-0.28,-0.43
1790616525.643779,89.21,-0.3,-0.46
1790616525.683562,89.2,-0.33,-0.44
1790616525.745683,89.23,-0.34,-0.42
1790616525.80338,89.21,-0.34,-0.47
1790616525.84555,89.2,-0.41,-0.4
1790616525.90347,89.17,-0.42,-0.42
1790616525.94353,89.23,-0.42,-0.42
1790616526.0044,89.17,-0.44,-0.44
1790616526.0659158,89.17,-0.47,-0.45
1790616526.106299,89.13,-0.47,-0.45
1790616526.166946,89.11,-0.5,-0.45
1790616526.2233868,89.14,-0.55,-0.46
1790616526.283297,89.06,-0.55,-0.46
1790616526.3233888,89.1,-0.56,-0.46
1790616526.383646,89.11,-0.58,-0.49
1790616526.4445922,89.12,-0.53,-0.5
1790616526.483765,89.09,-0.51,-0.46
1790616526.543637,89.08,-0.51,-0.48
1790616526.604309,89.09,-0.53,-0.46
1790616526.645741,89.09,-0.53,-0.46
1790616526.703279,88.99,-0.5,-0.47
1790616526.743521,88.96,-0.5,-0.51
1790616526.804441,88.96,-0.46,-0.49
1790616526.868156,88.96,-0.47,-0.54
1790616526.904194,88.93,-0.45,-0.55
1790616526.9679759,88.91,-0.44,-0.51
1790616527.023419,88.87,-0.46,-0.55
1790616527.084053,88.92,-0.46,-0.51
1790616527.1434371,88.89,-0.46,-0.47
1790616527.1854022,88.84,-0.45,-0.5
1790616527.24355,88.84,-0.41,-0.49
1790616527.304652,88.86,-0.32,-0.55
1790616527.3640919,88.87,-0.29,-0.52
1790616527.403466,88.83,-0.31,-0.52
1790616527.466766,88.81,-0.32,-0.52
1790616527.503458,88.81,-0.32,-0.52
1790616527.5659032,88.81,-0.33,-0.52
1790616527.603429,88.81,-0.33,-0.53
1790616527.6633961,88.83,-0.34,-0.53
1790616527.7235808,88.83,-0.34,-0.53
1790616527.76705,88.84,-0.34,-0.53
1790616527.825055,88.84,-0.34,-0.53
1790616527.8653178,88.84,-0.34,-0.54
1790616527.923845,88.84,-0.34,-0.54
1790616527.983361,88.84,-0.34,-0.54
1790616528.023484,88.84,-0.34,-0.54
1790616528.0833762,88.85,-0.34,-0.54
1790616528.123481,88.85,-0.34,-0.54
1790616528.183419,88.85,-0.34,-0.54
1790616528.243503,88.87,-0.33,-0.54
1790616528.283348,88.85,-0.34,-0.54
1790616528.343502,88.83,-0.33,-0.54
1790616528.4034739,88.85,-0.32,-0.54
1790616528.466341,88.88,-0.27,-0.56
1790616528.503695,88.62,-0.23,-0.56
1790616528.565579,88.3,-0.23,-0.54
1790616528.623225,88.37,-0.27,-0.57
1790616528.6697578,88.46,-0.35,-0.63
1790616528.7235572,88.59,-0.43,-0.58
1790616528.78587,88.73,-0.45,-0.55
1790616528.843498,88.81,-0.5,-0.57
1790616528.90324,88.87,-0.51,-0.51
1790616528.943709,88.91,-0.46,-0.56
1790616529.0032132,89.06,-0.43,-0.55
1790616529.06619,89.04,-0.47,-0.51
1790616529.104644,89.18,-0.52,-0.54
1790616529.168231,89.17,-0.52,-0.48
1790616529.2034829,89.21,-0.49,-0.51
1790616529.273719,89.23,-0.48,-0.5
1790616529.343272,89.27,-0.47,-0.5
1790616529.383862,89.35,-0.42,-0.49
1790616529.4433348,89.4,-0.31,-0.54
1790616529.5056052,89.44,-0.28,-0.52
1790616529.5657442,89.5,-0.25,-0.5
1790616529.604765,89.55,-0.22,-0.55
1790616529.664758,89.5,-0.2,-0.56
1790616529.7277682,89.5,-0.17,-0.59
1790616529.785676,89.51,-0.13,-0.6
1790616529.826549,89.52,-0.17,-0.58
1790616529.8836732,89.5,-0.16,-0.57
1790616529.9269462,89.47,-0.17,-0.56
1790616529.984614,89.46,-0.18,-0.56
1790616530.045534,89.41,-0.22,-0.59
1790616530.085577,89.48,-0.27,-0.58
1790616530.143439,89.44,-0.33,-0.59
1790616530.205985,89.37,-0.34,-0.55
1790616530.243465,89.31,-0.35,-0.56
1790616530.304537,89.33,-0.33,-0.52
1790616530.366266,89.37,-0.32,-0.5
1790616530.403452,89.38,-0.31,-0.49
1790616530.463397,89.47,-0.31,-0.49
1790616530.527178,89.59,-0.32,-0.52
1790616530.565706,89.47,-0.31,-0.5
1790616530.6272352,89.46,-0.32,-0.49
1790616530.683459,89.42,-0.32,-0.5
1790616530.726965,89.37,-0.33,-0.49
1790616530.783396,89.48,-0.34,-0.49
1790616530.845988,89.59,-0.34,-0.48
1790616530.903456,89.49,-0.34,-0.47
1790616530.963516,89.42,-0.34,-0.46
1790616531.003347,89.57,-0.34,-0.46
1790616531.065538,89.62,-0.29,-0.48
1790616531.126174,89.51,-0.18,-0.5
1790616531.16396,89.44,-0.08,-0.48
1790616531.228889,89.36,-0.04,-0.46
1790616531.283981,89.32,-0.02,-0.45
1790616531.343445,89.32,-0.0,-0.44
1790616531.386066,89.33,0.0,-0.43
1790616531.443424,89.33,0.01,-0.43
1790616531.503463,89.32,0.01,-0.43
1790616531.5704389,89.33,0.01,-0.42
1790616531.627455,89.34,0.0,-0.42
1790616531.664783,89.34,-0.01,-0.43
1790616531.7308538,89.34,-0.01,-0.43
1790616531.783403,89.35,-0.02,-0.43
1790616531.826209,89.35,-0.04,-0.43
1790616531.883719,89.36,-0.09,-0.43
1790616531.943777,89.39,-0.14,-0.42
1790616532.0036721,89.31,-0.2,-0.38
1790616532.0635352,89.28,-0.19,-0.38
1790616532.105286,89.26,-0.18,-0.37
1790616532.1637042,89.25,-0.16,-0.37
1790616532.226496,89.24,-0.15,-0.37
1790616532.266786,89.23,-0.13,-0.36
1790616532.32554,90.97,-0.1,-0.32
1790616532.363276,93.55,-0.11,-0.31
1790616532.426646,95.82,-0.07,-0.31
1790616532.4834719,98.38,-0.05,-0.33
1790616532.523773,101.03,-0.08,-0.33
1790616532.5836449,103.64,-0.05,-0.28
1790616532.624435,106.54,-0.04,-0.3
1790616532.684461,109.21,-0.03,-0.31
1790616532.745261,112.17,-0.0,-0.35
1790616532.7835221,115.09,0.01,-0.37
1790616532.843628,117.87,0.02,-0.3
1790616532.884136,120.88,0.04,-0.35
1790616532.943466,123.69,0.04,-0.32
1790616533.0036218,126.71,0.09,-0.28
1790616533.045922,129.7,0.07,-0.32
1790616533.1035452,135.58,0.08,-0.3
1790616533.163289,138.49,0.06,-0.29
1790616533.203386,141.49,0.08,-0.28
1790616533.267828,144.51,0.11,-0.3
1790616533.324071,147.27,0.11,-0.26
1790616533.3879051,150.27,0.07,-0.29
1790616533.423399,152.79,0.08,-0.25
1790616533.483258,155.27,0.11,-0.16
1790616533.527405,157.67,0.11,-0.17
1790616533.5834198,159.71,0.12,-0.15
1790616533.643453,161.78,0.12,-0.13
1790616533.703367,165.33,0.13,-0.14
1790616533.7652092,166.82,0.15,-0.13
1790616533.843581,168.24,0.15,-0.13
1790616533.887101,169.5,0.15,-0.1
1790616533.943668,171.5,0.23,-0.09
1790616534.003453,172.43,0.29,-0.1
1790616534.043754,173.43,0.36,-0.12
1790616534.105506,174.28,0.42,-0.12
1790616534.1632252,174.89,0.48,-0.1
1790616534.2034361,175.55,0.42,-0.08
1790616534.2655501,176.11,0.25,-0.07
1790616534.326103,176.54,0.22,-0.04
1790616534.3857129,177.06,0.23,-0.02
1790616534.426846,177.64,0.26,0.03
1790616534.485624,178.12,0.28,0.04
1790616534.526274,178.55,0.29,0.04
1790616534.5858932,178.97,0.31,0.04
1790616534.6446972,178.96,0.33,0.04
1790616534.703265,178.93,0.34,0.04
1790616534.743327,178.91,0.37,0.05
1790616534.803937,178.89,0.39,0.05
1790616534.8644521,178.89,0.41,0.06
1790616534.903397,178.84,0.42,0.06
1790616534.9633348,178.85,0.44,0.06
1790616535.02504,178.84,0.46,0.07
1790616535.065451,178.83,0.47,0.07
1790616535.1284301,178.81,0.49,0.07
1790616535.165411,178.8,0.51,0.08
1790616535.226182,178.79,0.52,0.08
1790616535.288909,178.78,0.54,0.09
1790616535.3247108,178.77,0.56,0.09
1790616535.388149,178.78,0.58,0.1
1790616535.443415,178.78,0.59,0.1
1790616535.489171,178.72,0.61,0.1
1790616535.543307,178.7,0.62,0.1
1790616535.588311,178.69,0.64,0.11
1790616535.6434538,178.71,0.68,0.12
1790616535.70366,178.86,0.77,0.12
1790616535.743368,179.22,0.79,0.13
1790616535.804394,179.43,0.77,0.19
1790616535.864196,179.41,0.73,0.18
1790616535.904376,179.37,0.72,0.15
1790616535.965406,179.42,0.74,0.07
1790616536.027485,179.34,0.73,0.06
1790616536.088425,179.39,0.75,0.07
1790616536.145535,179.29,0.79,0.03
1790616536.204185,179.29,0.86,0.08
1790616536.2446442,179.27,0.9,0.09
1790616536.324367,178.91,0.9,0.0
1790616536.3644109,179.33,0.87,0.15
1790616536.424451,179.44,0.81,0.14
1790616536.464414,179.43,0.76,0.14
1790616536.525105,179.4,0.75,0.09
1790616536.5850391,179.39,0.76,0.11
1790616536.6442292,179.39,0.74,0.11
1790616536.685303,179.39,0.77,0.11
1790616536.746558,179.42,0.81,0.1
1790616536.804714,179.47,0.78,0.08
1790616536.864158,179.47,0.72,0.05
1790616536.904473,179.43,0.71,0.07
1790616536.965284,179.36,0.72,0.01
1790616537.00485,179.4,0.7,0.01
1790616537.064528,179.37,0.7,0.04
1790616537.125299,179.34,0.72,0.05
1790616537.1644568,179.37,0.73,0.07
1790616537.2245162,179.39,0.74,0.07
1790616537.2866108,179.42,0.71,0.06
1790616537.344265,179.47,0.71,0.04
1790616537.38611,179.48,0.72,0.08
1790616537.4484322,179.47,0.73,0.1
1790616537.504151,179.48,0.76,0.1
1790616537.547251,179.46,0.81,0.15
1790616537.604293,179.45,0.84,0.16
1790616537.6476731,179.43,0.84,0.19
1790616537.7049758,179.42,0.85,0.19
1790616537.769099,179.41,0.84,0.16
1790616537.824759,179.36,0.82,0.18
1790616537.8865101,179.34,0.83,0.18
1790616537.9254642,179.33,0.84,0.18
1790616537.9865038,179.32,0.86,0.18
1790616538.024478,179.32,0.9,0.16
1790616538.084404,179.31,0.93,0.16
1790616538.1470232,179.32,0.94,0.15
1790616538.185706,179.34,0.96,0.18
1790616538.2471502,179.33,0.97,0.21
1790616538.30436,179.45,0.98,0.25
1790616538.364197,179.46,0.99,0.24
1790616538.404202,179.45,0.99,0.23
1790616538.4651918,179.45,1.0,0.23
1790616538.507082,179.42,1.02,0.23
1790616538.564376,179.4,1.04,0.24
1790616538.6042628,179.39,1.06,0.25
1790616538.6648378,179.38,1.08,0.25
1790616538.726319,179.37,1.1,0.26
1790616538.786479,179.35,1.11,0.27
1790616538.824382,179.34,1.13,0.28
1790616538.885896,179.33,1.15,0.28
1790616538.9458969,179.32,1.16,0.28
1790616538.985798,179.32,1.17,0.29
1790616539.0474172,179.32,1.17,0.29
1790616539.087117,179.31,1.17,0.29
1790616539.146831,179.31,1.17,0.29
1790616539.2053702,179.31,1.17,0.29
1790616539.265444,179.31,1.17,0.29
1790616539.324214,179.31,1.17,0.28
1790616539.364374,179.31,1.17,0.29
1790616539.4253702,179.31,1.17,0.29
1790616539.484876,179.29,1.18,0.29
1790616539.5479438,176.84,1.23,0.2
1790616539.585998,174.23,1.27,0.09
1790616539.647156,169.25,1.34,-0.04
1790616539.70458,166.55,1.32,-0.15
1790616539.768874,163.71,1.35,-0.18
1790616539.804397,160.9,1.34,-0.26
1790616539.8645089,158.09,1.35,-0.38
1790616539.9247448,155.06,1.36,-0.44
1790616539.965609,152.25,1.35,-0.53
1790616540.024401,149.26,1.37,-0.62
1790616540.08412,146.3,1.37,-0.67
1790616540.124663,143.38,1.35,-0.76
1790616540.1849449,140.3,1.35,-0.8
1790616540.246853,137.41,1.31,-0.85
1790616540.304559,131.43,1.25,-1.0
1790616540.34721,128.34,1.22,-1.09
1790616540.404446,125.39,1.2,-1.13
1790616540.4643588,122.52,1.16,-1.2
1790616540.505793,119.69,1.12,-1.24
1790616540.5853598,117.09,1.08,-1.27
1790616540.624485,114.66,1.0,-1.31
1790616540.684435,112.36,0.98,-1.41
1790616540.724289,110.14,0.92,-1.41
1790616540.785335,108.26,0.89,-1.46
1790616540.8462322,106.35,0.85,-1.52
1790616540.904481,104.6,0.82,-1.52
1790616540.964895,101.77,0.79,-1.56
1790616541.004212,100.38,0.76,-1.58
1790616541.065793,99.23,0.71,-1.62
1790616541.125102,98.26,0.7,-1.64
1790616541.165189,97.29,0.68,-1.63
1790616541.225374,96.52,0.67,-1.64
1790616541.270077,95.84,0.66,-1.66
1790616541.3259299,95.14,0.63,-1.67
1790616541.3841121,94.52,0.62,-1.67
1790616541.424984,93.9,0.62,-1.66
1790616541.4852889,93.39,0.62,-1.66
1790616541.524458,92.82,0.61,-1.66
1790616541.584052,92.24,0.59,-1.66
1790616541.6483011,91.72,0.57,-1.65
1790616541.7042801,90.62,0.51,-1.69
1790616541.746182,90.35,0.48,-1.69
1790616541.812496,90.22,0.47,-1.69
1790616541.86461,90.22,0.47,-1.69
1790616541.924146,90.23,0.47,-1.69
1790616541.964488,90.22,0.47,-1.7
1790616542.026316,90.22,0.47,-1.7
1790616542.085033,90.22,0.46,-1.7
1790616542.124297,90.23,0.46,-1.7
1790616542.1853518,90.21,0.46,-1.7
1790616542.244477,90.22,0.46,-1.71
1790616542.28527,90.22,0.46,-1.71
1790616542.345143,90.22,0.46,-1.71
1790616542.385359,90.22,0.46,-1.71
1790616542.44546,90.22,0.46,-1.71
1790616542.484611,90.22,0.46,-1.71
1790616542.5465019,90.21,0.45,-1.71
1790616542.6073039,90.16,0.44,-1.71
1790616542.664494,90.13,0.44,-1.71
1790616542.706694,90.13,0.44,-1.71
1790616542.7856882,90.14,0.44,-1.71
1790616542.845481,90.14,0.44,-1.72
1790616542.884213,90.14,0.43,-1.72
1790616542.944523,90.14,0.43,-1.72
1790616542.9876459,90.14,0.43,-1.72
1790616543.045728,90.14,0.43,-1.72
1790616543.084228,90.12,0.44,-1.72
1790616543.144599,90.05,0.5,-1.74
1790616543.185396,89.81,0.6,-1.85
1790616543.2449841,89.5,0.61,-1.89
1790616543.3068538,89.41,0.47,-1.88
1790616543.365957,89.41,0.41,-1.87
1790616543.406158,89.44,0.42,-1.86
1790616543.466173,89.4,0.39,-1.81
1790616543.50657,89.41,0.36,-1.84
1790616543.5657558,89.44,0.4,-1.91
1790616543.6241379,89.46,0.44,-1.85
1790616543.664275,89.44,0.46,-1.84
1790616543.723934,89.44,0.46,-1.84
1790616543.784273,89.42,0.37,-1.87
1790616543.845817,89.39,0.37,-1.8
1790616543.9068851,89.44,0.3,-1.8
1790616543.945706,89.45,0.29,-1.8
1790616544.008728,89.44,0.3,-1.82
1790616544.065721,89.43,0.35,-1.77
1790616544.108644,89.48,0.33,-1.8
1790616544.16448,89.44,0.38,-1.81
1790616544.2080178,89.43,0.4,-1.83
1790616544.265617,89.43,0.36,-1.87
1790616544.324336,89.46,0.36,-1.93
1790616544.384558,89.37,0.36,-1.89
1790616544.424404,89.49,0.45,-1.8
1790616544.4842722,89.35,0.43,-1.76
1790616544.524349,89.33,0.45,-1.77
1790616544.584278,89.42,0.41,-1.73
1790616544.6244092,89.46,0.41,-1.69
1790616544.684281,89.48,0.42,-1.74
1790616544.744321,89.48,0.45,-1.85
1790616544.8043141,89.44,0.41,-1.9
1790616544.8642828,89.42,0.4,-1.9
1790616544.906372,89.39,0.36,-1.88
1790616544.965445,89.43,0.35,-1.87
1790616545.0243452,89.45,0.35,-1.84
1790616545.084385,89.42,0.36,-1.83
1790616545.144381,89.41,0.37,-1.83
1790616545.184242,89.42,0.37,-1.82
1790616545.244359,89.42,0.37,-1.82
1790616545.3079019,89.42,0.37,-1.82
1790616545.364325,89.42,0.37,-1.82
1790616545.407028,89.42,0.36,-1.82
1790616545.4640698,89.42,0.36,-1.82
1790616545.506782,89.42,0.36,-1.83
1790616545.5641642,89.42,0.36,-1.82
1790616545.6068301,89.42,0.36,-1.83
1790616545.664145,89.42,0.36,-1.82
1790616545.7048042,89.41,0.36,-1.83
1790616545.772464,89.41,0.36,-1.83
1790616545.825602,89.41,0.36,-1.83
1790616545.884346,89.41,0.36,-1.83
1790616545.924522,89.41,0.36,-1.83
1790616545.984271,89.41,0.36,-1.83
1790616546.024557,89.41,0.35,-1.83
1790616546.084245,89.42,0.35,-1.83
1790616546.124793,89.42,0.35,-1.83
1790616546.184277,89.42,0.35,-1.83
1790616546.224671,89.42,0.35,-1.83
1790616546.284678,89.42,0.35,-1.83
1790616546.3450382,89.41,0.35,-1.82
1790616546.384636,89.41,0.35,-1.82
1790616546.445164,89.41,0.35,-1.82
1790616546.484575,89.41,0.34,-1.82
1790616546.545255,89.41,0.34,-1.82
1790616546.605867,89.4,0.34,-1.83
1790616546.6451771,89.36,0.34,-1.83
1790616546.706364,89.35,0.34,-1.82
1790616546.744373,89.35,0.34,-1.82
1790616546.806746,89.35,0.34,-1.83
1790616546.866451,89.35,0.34,-1.83
1790616546.9249332,89.35,0.33,-1.83
1790616546.967956,89.34,0.33,-1.83
1790616547.0243971,89.34,0.33,-1.83
1790616547.084139,89.34,0.33,-1.83
1790616547.1242611,89.34,0.33,-1.83
1790616547.184575,89.36,0.33,-1.84
1790616547.22834,89.32,0.33,-1.84
1790616547.305428,89.3,0.33,-1.84
1790616547.344322,89.3,0.32,-1.84
1790616547.4054248,89.3,0.32,-1.84
1790616547.444086,89.3,0.32,-1.84
1790616547.5045629,89.3,0.32,-1.84
1790616547.565644,89.3,0.32,-1.85
1790616547.607332,89.3,0.32,-1.85
1790616547.665598,89.3,0.32,-1.85
1790616547.70624,89.29,0.32,-1.85
1790616547.7662778,89.29,0.31,-1.85
1790616547.824237,89.22,0.31,-1.85
1790616547.865908,89.21,0.31,-1.86
1790616547.9245079,89.21,0.31,-1.86
1790616547.985674,89.21,0.31,-1.86
1790616548.0246599,89.21,0.31,-1.86
1790616548.084225,89.21,0.3,-1.86
1790616548.145971,89.21,0.3,-1.87
1790616548.204952,89.21,0.3,-1.87
1790616548.244289,89.23,0.3,-1.87
1790616548.305108,89.24,0.3,-1.87
1790616548.344857,89.18,0.29,-1.87
1790616548.4041421,89.16,0.29,-1.87
1790616548.467052,89.16,0.29,-1.87
1790616548.5040991,89.16,0.29,-1.87
1790616548.567212,89.15,0.29,-1.87
1790616548.624074,89.15,0.29,-1.87
1790616548.6840398,89.15,0.29,-1.87
1790616548.724978,89.15,0.29,-1.87
1790616548.785113,89.15,0.29,-1.88
1790616548.824954,89.16,0.29,-1.88
1790616548.884397,89.14,0.29,-1.88
1790616548.944024,89.17,0.28,-1.88
1790616548.986509,89.13,0.28,-1.88
1790616549.044069,89.08,0.28,-1.88
1790616549.0844958,89.06,0.28,-1.89
1790616549.144235,89.06,0.28,-1.89
1790616549.206409,89.05,0.28,-1.89
1790616549.2456052,89.05,0.28,-1.89
1790616549.304269,89.04,0.27,-1.89
1790616549.366011,89.04,0.27,-1.89
1790616549.404442,89.03,0.27,-1.89
1790616549.466443,89.02,0.28,-1.89
1790616549.5444999,89.02,0.27,-1.89
1790616549.603981,89.02,0.27,-1.89
1790616549.644213,89.01,0.27,-1.89
1790616549.70448,89.0,0.27,-1.89
1790616549.744333,88.99,0.27,-1.89
1790616549.804097,88.98,0.26,-1.89
1790616549.8657222,88.98,0.26,-1.89
1790616549.904213,88.98,0.26,-1.89
1790616549.965385,88.97,0.26,-1.89
1790616550.024436,88.96,0.26,-1.89
1790616550.0685408,88.94,0.26,-1.89
1790616550.1244748,88.93,0.26,-1.9
1790616550.170959,88.92,0.26,-1.9
1790616550.2252002,88.91,0.26,-1.9
1790616550.2841978,88.9,0.26,-1.9
1790616550.324199,88.88,0.26,-1.9
1790616550.384222,88.87,0.26,-1.9
1790616550.444125,88.83,0.26,-1.9
1790616550.484174,88.8,0.26,-1.9
1790616550.5441449,88.77,0.25,-1.9
1790616550.584244,88.75,0.25,-1.9
1790616550.6441548,88.74,0.25,-1.9
1790616550.706395,88.72,0.25,-1.9
1790616550.744261,88.71,0.25,-1.9
1790616550.824873,88.7,0.25,-1.9
1790616550.884321,88.69,0.25,-1.9
1790616550.924246,88.68,0.25,-1.9
1790616550.984092,88.67,0.24,-1.91
1790616551.028123,88.66,0.24,-1.91
1790616551.0851378,88.63,0.24,-1.91
1790616551.126996,88.61,0.24,-1.91
1790616551.185021,88.61,0.24,-1.91
1790616551.244009,88.6,0.24,-1.91
1790616551.304822,88.58,0.23,-1.91
1790616551.367442,88.57,0.23,-1.91
1790616551.40462,88.56,0.23,-1.91
1790616551.464833,88.55,0.23,-1.91
1790616551.507427,88.57,0.24,-1.91
1790616551.566998,88.52,0.23,-1.92
1790616551.626688,88.5,0.24,-1.91
1790616551.666262,88.48,0.23,-1.91
1790616551.7261271,88.47,0.23,-1.92
1790616551.784437,88.46,0.23,-1.92
1790616551.825417,88.46,0.23,-1.92
1790616551.884172,88.45,0.23,-1.92
1790616551.9441679,88.28,0.23,-1.94
1790616551.98418,85.22,0.13,-2.01
1790616552.0441449,82.73,0.07,-2.05
1790616552.103982,80.22,0.03,-2.07
1790616552.165879,74.81,-0.14,-2.06
1790616552.2042408,71.95,-0.21,-2.06
1790616552.267329,69.13,-0.29,-2.01
1790616552.326617,66.3,-0.36,-1.98
1790616552.384196,63.24,-0.44,-1.96
1790616552.444169,60.4,-0.55,-1.93
1790616552.484208,57.42,-0.58,-1.91
1790616552.5442529,54.49,-0.69,-1.84
1790616552.604039,51.54,-0.74,-1.84
1790616552.644133,45.63,-0.88,-1.73
1790616552.705178,42.4,-0.94,-1.67
1790616552.7443478,39.53,-1.02,-1.59
1790616552.80425,36.52,-1.08,-1.57
1790616552.864265,33.51,-1.13,-1.53
1790616552.904227,30.78,-1.17,-1.5
1790616552.964253,28.18,-1.23,-1.38
1790616553.004221,25.6,-1.27,-1.35
1790616553.065005,23.4,-1.32,-1.32
1790616553.127973,21.2,-1.36,-1.29
1790616553.1660109,19.11,-1.37,-1.24
1790616553.2254689,17.29,-1.39,-1.2
1790616553.284159,15.59,-1.43,-1.14
1790616553.3277729,14.04,-1.42,-1.11
1790616553.384195,12.53,-1.44,-1.07
1790616553.428422,11.13,-1.47,-1.04
1790616553.4842172,9.98,-1.48,-1.04
1790616553.544131,8.92,-1.5,-1.0
1790616553.584026,7.93,-1.51,-0.97
1790616553.644135,6.84,-1.51,-0.96
1790616553.684402,6.0,-1.51,-0.94
1790616553.746188,5.34,-1.51,-0.91
1790616553.804186,3.96,-1.53,-0.87
1790616553.845432,3.44,-1.53,-0.86
1790616553.904429,2.89,-1.54,-0.85
1790616553.9640892,2.27,-1.55,-0.83
1790616554.02543,1.76,-1.56,-0.82
1790616554.085165,1.19,-1.57,-0.81
1790616554.1448371,0.6,-1.57,-0.8
1790616554.184844,0.35,-1.59,-0.78
1790616554.244887,0.31,-1.59,-0.79
1790616554.304708,0.32,-1.59,-0.79
1790616554.345422,0.31,-1.59,-0.8
1790616554.404096,0.31,-1.59,-0.79
1790616554.446603,0.3,-1.59,-0.8
1790616554.504166,0.31,-1.59,-0.8
1790616554.564376,0.29,-1.59,-0.8
1790616554.625947,0.27,-1.59,-0.8
1790616554.6842,0.26,-1.59,-0.8
1790616554.744032,0.26,-1.6,-0.8
1790616554.804162,0.24,-1.6,-0.8
1790616554.844127,0.23,-1.6,-0.8
1790616554.9042718,0.22,-1.6,-0.8
1790616554.96693,0.15,-1.6,-0.8
1790616555.004098,0.18,-1.6,-0.79
1790616555.065686,0.15,-1.6,-0.79
1790616555.1052392,0.15,-1.6,-0.79
1790616555.164908,0.15,-1.6,-0.79
1790616555.204203,0.16,-1.6,-0.8
1790616555.264739,0.15,-1.6,-0.8
1790616555.326859,0.15,-1.6,-0.79
1790616555.368475,0.15,-1.6,-0.79
1790616555.426313,0.14,-1.6,-0.79
1790616555.488249,0.14,-1.6,-0.79
1790616555.524065,0.13,-1.6,-0.79
1790616555.5874681,0.03,-1.56,-0.79
1790616555.6446028,-0.05,-1.49,-0.82
1790616555.689255,-0.12,-1.48,-0.86
1790616555.744459,-0.17,-1.54,-0.86
1790616555.7871192,-0.34,-1.59,-0.86
1790616555.846091,-0.45,-1.7,-0.8
1790616555.904008,-0.55,-1.71,-0.76
1790616555.964362,-0.57,-1.73,-0.75
1790616556.0040362,-0.59,-1.71,-0.74
1790616556.064409,-0.59,-1.67,-0.84
1790616556.123926,-0.65,-1.66,-0.78
1790616556.164932,-0.65,-1.66,-0.82
1790616556.229256,-0.68,-1.68,-0.83
1790616556.304987,-0.64,-1.75,-0.78
1790616556.344807,-0.56,-1.83,-0.81
1790616556.404995,-0.46,-1.91,-0.89
1790616556.4441578,-0.55,-1.95,-0.88
1790616556.504094,-0.6,-1.97,-0.92
1790616556.564115,-0.5,-1.97,-0.88
1790616556.604171,-0.48,-2.02,-0.87
1790616556.663907,-0.55,-2.05,-0.86
1790616556.7252328,-0.5,-2.06,-0.8
1790616556.785686,-0.49,-2.11,-0.77
1790616556.825424,-0.48,-2.15,-0.75
1790616556.887546,-0.49,-2.19,-0.68
1790616556.9466398,-0.53,-2.22,-0.65
1790616557.004748,-0.51,-2.22,-0.69
1790616557.044162,-0.45,-2.22,-0.71
1790616557.1048489,-0.54,-2.2,-0.76
1790616557.144274,-0.53,-2.21,-0.77
1790616557.204397,-0.59,-2.2,-0.8
1790616557.2443452,-0.59,-2.2,-0.78
1790616557.304278,-0.61,-2.21,-0.77
1790616557.364207,-0.62,-2.22,-0.78
1790616557.404149,-0.6,-2.21,-0.79
1790616557.464119,-0.6,-2.19,-0.77
1790616557.5041249,-0.61,-2.17,-0.78
1790616557.564739,-0.6,-2.19,-0.77
1790616557.604183,-0.55,-2.2,-0.77
1790616557.664161,-0.49,-2.21,-0.79
1790616557.724125,-0.45,-2.2,-0.78
1790616557.768335,-0.46,-2.2,-0.77
1790616557.824506,-0.46,-2.18,-0.77
1790616557.887367,-0.49,-2.19,-0.77
1790616557.926163,-0.48,-2.19,-0.75
1790616557.9889312,-0.48,-2.17,-0.77
1790616558.0439901,-0.46,-2.18,-0.79
1790616558.088768,-0.46,-2.18,-0.8
1790616558.144133,-0.48,-2.17,-0.81
1790616558.1884758,-0.51,-2.18,-0.82
1790616558.244969,-0.6,-2.19,-0.79
1790616558.304985,-0.54,-2.23,-0.82
1790616558.3441951,-0.52,-2.24,-0.82
1790616558.4051762,-0.53,-2.23,-0.81
1790616558.465634,-0.54,-2.23,-0.8
1790616558.524317,-0.55,-2.22,-0.8
1790616558.584631,-0.54,-2.22,-0.79
1790616558.6447942,-0.54,-2.22,-0.79
1790616558.6871161,-0.54,-2.22,-0.79
1790616558.745363,-0.54,-2.22,-0.79
1790616558.805009,-0.54,-2.22,-0.78
1790616558.845527,-0.54,-2.22,-0.78
1790616558.904798,-0.54,-2.22,-0.78
1790616558.944151,-0.54,-2.22,-0.78
1790616559.0046122,-0.54,-2.22,-0.78
1790616559.064487,-0.54,-2.22,-0.78
1790616559.104105,-0.54,-2.22,-0.78
1790616559.161759,-0.54,-2.22,-0.78
1790616559.204054,-0.55,-2.22,-0.78
1790616559.264742,-0.54,-2.22,-0.78
1790616559.324023,-0.52,-2.22,-0.78
1790616559.364297,-0.51,-2.22,-0.78
1790616559.424125,-0.5,-2.23,-0.78
1790616559.484087,-0.5,-2.23,-0.78
1790616559.524329,-0.49,-2.23,-0.79
1790616559.587475,-0.49,-2.23,-0.79
1790616559.6276789,-0.48,-2.23,-0.79
1790616559.684963,-0.48,-2.23,-0.79
1790616559.744054,-0.48,-2.23,-0.79
1790616559.805747,-0.48,-2.23,-0.79
1790616559.8444061,-0.47,-2.24,-0.8
1790616559.9041128,-0.46,-2.24,-0.8
1790616559.9641778,-0.46,-2.24,-0.8
1790616560.005134,-0.45,-2.24,-0.8
1790616560.064641,-0.47,-2.24,-0.8
1790616560.104152,-0.45,-2.24,-0.8
1790616560.164352,-0.45,-2.24,-0.8
1790616560.225101,-0.44,-2.24,-0.8
1790616560.2646022,-0.43,-2.24,-0.8
1790616560.3231308,-0.43,-2.24,-0.8
1790616560.384089,-0.43,-2.24,-0.8
1790616560.424938,-0.43,-2.24,-0.8
1790616560.4860191,-0.42,-2.24,-0.8
1790616560.524704,-0.42,-2.24,-0.81
1790616560.5854778,-0.38,-2.23,-0.82
1790616560.6456,-0.42,-2.24,-0.81
1790616560.6879869,-0.44,-2.24,-0.81
1790616560.745638,-0.43,-2.24,-0.81
1790616560.804139,-0.42,-2.24,-0.81
1790616560.864289,-0.42,-2.24,-0.81
1790616560.903965,-0.42,-2.24,-0.81
1790616560.965526,-0.41,-2.24,-0.81
1790616561.004638,-0.41,-2.24,-0.81
1790616561.06411,-0.41,-2.24,-0.81
1790616561.123894,-0.4,-2.25,-0.81
1790616561.164742,-0.43,-2.25,-0.81
1790616561.226028,-0.45,-2.25,-0.81
1790616561.287934,-0.44,-2.25,-0.82
1790616561.345504,-0.43,-2.25,-0.82
1790616561.3874922,-0.42,-2.25,-0.82
1790616561.4458282,-0.42,-2.25,-0.82
1790616561.48468,-0.41,-2.25,-0.82
1790616561.546609,-0.41,-2.25,-0.83
1790616561.6045818,-0.4,-2.25,-0.83
1790616561.645691,-0.35,-2.26,-0.83
1790616561.7040808,-0.38,-2.26,-0.83
1790616561.764265,-0.39,-2.26,-0.83
1790616561.824571,-0.41,-2.26,-0.83
1790616561.863987,-0.41,-2.26,-0.84
1790616561.92459,-0.41,-2.26,-0.84
1790616561.984958,-0.4,-2.26,-0.84
1790616562.024514,-0.4,-2.26,-0.84
1790616562.084664,-0.4,-2.26,-0.84
1790616562.124029,-0.39,-2.26,-0.84
1790616562.1841311,-0.39,-2.26,-0.84
1790616562.2240698,-0.38,-2.26,-0.84
1790616562.284642,-0.39,-2.26,-0.84
1790616562.346463,-0.35,-2.26,-0.84
1790616562.404462,-0.37,-2.26,-0.85
1790616562.451351,-0.38,-2.26,-0.85
1790616562.5038831,-0.38,-2.26,-0.85
1790616562.547573,-0.38,-2.26,-0.85
1790616562.604634,-0.38,-2.26,-0.85
1790616562.664875,-0.38,-2.26,-0.85
1790616562.70477,-0.39,-2.26,-0.84
1790616562.784412,-0.38,-2.26,-0.85
1790616562.824076,-0.38,-2.27,-0.85
1790616562.884224,-0.38,-2.27,-0.85
1790616562.952516,-0.38,-2.27,-0.85
1790616563.004012,-0.38,-2.27,-0.85
1790616563.0448189,-0.39,-2.27,-0.85
1790616563.105428,-0.39,-2.27,-0.85
1790616563.147072,-0.4,-2.27,-0.85
1790616563.205117,-0.41,-2.27,-0.85
1790616563.268596,-0.41,-2.28,-0.85
1790616563.305026,-0.41,-2.28,-0.85
1790616563.3646898,-0.41,-2.28,-0.85
1790616563.405046,-0.41,-2.28,-0.85
1790616563.4640121,-0.41,-2.28,-0.85
1790616563.50439,-0.42,-2.29,-0.85
1790616563.564574,-0.42,-2.28,-0.85
1790616563.604054,-0.42,-2.29,-0.85
1790616563.664005,-0.42,-2.29,-0.85
1790616563.72417,-0.43,-2.29,-0.85
1790616563.78386,-0.43,-2.29,-0.85
1790616563.824578,-0.51,-2.29,-0.85
1790616563.884845,-0.47,-2.29,-0.85
1790616563.924829,-0.51,-2.29,-0.86
1790616563.984758,-0.52,-2.29,-0.85
1790616564.044419,-0.52,-2.29,-0.86
1790616564.085346,-0.51,-2.29,-0.86
1790616564.1453922,-0.51,-2.29,-0.86
1790616564.184072,-0.51,-2.3,-0.86
1790616564.2452428,-0.51,-2.3,-0.86
1790616564.286596,-0.51,-2.3,-0.86
1790616564.345081,-0.51,-2.3,-0.86
1790616564.385111,-0.51,-2.3,-0.86
1790616564.4459,-0.51,-2.3,-0.87
1790616564.507061,-0.58,-2.3,-0.87
1790616564.545138,-0.58,-2.31,-0.87
1790616564.6078231,-0.57,-2.31,-0.87
1790616564.664279,-0.57,-2.31,-0.87
1790616564.7072158,-0.57,-2.31,-0.87
1790616564.7648509,-0.57,-2.31,-0.87
1790616564.824259,-0.57,-2.31,-0.86
1790616564.8641,-0.57,-2.31,-0.86
1790616564.924038,-0.52,-2.31,-0.87
1790616564.985012,-0.52,-2.31,-0.87
1790616565.0239859,-0.55,-2.31,-0.87
1790616565.0840771,-0.57,-2.32,-0.87
1790616565.144564,-0.57,-2.32,-0.87
1790616565.207298,-0.57,-2.32,-0.87
1790616565.248501,-0.57,-2.32,-0.87
1790616565.305569,-0.57,-2.32,-0.87
1790616565.363976,-0.58,-2.32,-0.87
1790616565.4051049,-0.58,-2.32,-0.87
1790616565.4641259,-0.58,-2.32,-0.88
1790616565.505663,-0.59,-2.32,-0.88
1790616565.5640268,-0.59,-2.33,-0.88
1790616565.60624,-0.59,-2.33,-0.88
1790616565.664375,-0.6,-2.33,-0.88
1790616565.723951,-0.62,-2.33,-0.88
1790616565.76525,-0.63,-2.33,-0.88
1790616565.8243158,-0.64,-2.33,-0.88
1790616565.865122,-0.64,-2.33,-0.88
1790616565.924101,-0.65,-2.33,-0.88
1790616565.9640682,-0.66,-2.33,-0.88
1790616566.024346,-0.66,-2.33,-0.89
1790616566.085616,-0.66,-2.33,-0.89
1790616566.124463,-0.66,-2.33,-0.89
1790616566.183973,-0.66,-2.33,-0.88
1790616566.224776,-0.67,-2.33,-0.88
1790616566.307133,-0.73,-2.27,-0.88
1790616566.343877,-0.97,-2.19,-0.87
1790616566.405602,-1.28,-2.21,-0.82
1790616566.4462998,-1.24,-2.26,-0.85
1790616566.506881,-1.22,-2.36,-0.85
1790616566.545564,-1.2,-2.44,-0.85
1790616566.607488,-1.11,-2.45,-0.85
1790616566.664644,-1.14,-2.44,-0.85
1790616566.7082188,-1.1,-2.42,-0.86
1790616566.764833,-1.06,-2.38,-0.86
1790616566.824212,-0.93,-2.34,-0.88
1790616566.883979,-0.91,-2.34,-0.87
1790616566.9243362,-0.85,-2.38,-0.87
1790616566.984104,-0.81,-2.38,-0.9
1790616567.045801,-0.77,-2.39,-0.89
1790616567.084481,-0.78,-2.36,-0.89
1790616567.144248,-0.75,-2.32,-0.89
1790616567.1841931,-0.64,-2.27,-0.94
1790616567.243775,-0.61,-2.25,-0.93
1790616567.307243,-0.57,-2.19,-0.96
1790616567.344337,-0.59,-2.16,-0.93
1790616567.4082508,-0.44,-2.08,-0.93
1790616567.463958,-0.45,-2.07,-0.92
1790616567.506162,-0.41,-2.03,-0.92
1790616567.5650592,-0.43,-2.01,-0.9
1790616567.605836,-0.45,-1.96,-0.91
1790616567.668261,-0.43,-2.03,-0.89
1790616567.706889,-0.44,-2.01,-0.89
1790616567.7649012,-0.43,-2.05,-0.85
1790616567.824306,-0.42,-2.06,-0.87
1790616567.864377,-0.42,-2.08,-0.89
1790616567.924564,-0.44,-2.09,-0.89
1790616567.983967,-0.43,-2.13,-0.88
1790616568.026151,-0.41,-2.11,-0.9
1790616568.08433,-0.45,-2.1,-0.89
1790616568.124545,-0.45,-2.09,-0.89
1790616568.184045,-0.45,-2.06,-0.87
1790616568.224355,-0.45,-2.04,-0.89
1790616568.284528,-0.47,-2.04,-0.89
1790616568.344307,-0.55,-2.06,-0.91
1790616568.4064379,-0.55,-2.1,-0.87
1790616568.444961,-0.54,-2.11,-0.87
1790616568.506389,-0.55,-2.11,-0.88
1790616568.544459,-0.56,-2.11,-0.89
1790616568.606053,-0.56,-2.11,-0.91
1790616568.6650639,-0.55,-2.1,-0.91
1790616568.705843,-0.54,-2.1,-0.92
1790616568.770645,-0.56,-2.11,-0.92
1790616568.804356,-0.58,-2.11,-0.92
1790616568.8642108,-0.57,-2.11,-0.92
1790616568.924314,-0.58,-2.13,-0.93
1790616568.966927,-0.56,-2.13,-0.94
1790616569.024885,-0.55,-2.15,-0.95
1790616569.0849762,-0.6,-2.18,-0.95
1790616569.144301,-0.59,-2.18,-0.94
1790616569.18474,-0.58,-2.18,-0.94
1790616569.244131,-0.57,-2.16,-0.94
1790616569.3050659,-0.55,-2.13,-0.94
1790616569.345286,-0.53,-2.12,-0.94
1790616569.405012,-0.52,-2.13,-0.93
1790616569.466851,-0.52,-2.12,-0.93
1790616569.5047271,-0.51,-2.12,-0.93
1790616569.56648,-0.51,-2.12,-0.93
1790616569.605591,-0.5,-2.12,-0.93
1790616569.668247,-0.49,-2.12,-0.93
1790616569.723937,-0.49,-2.12,-0.93
1790616569.7846668,-0.49,-2.13,-0.93
1790616569.8242502,-0.49,-2.12,-0.93
1790616569.884162,-0.49,-2.12,-0.93
1790616569.943915,-0.49,-2.13,-0.93
1790616569.984415,-0.49,-2.13,-0.93
1790616570.044828,-0.49,-2.13,-0.93
1790616570.105122,-0.48,-2.13,-0.93
1790616570.145083,-0.48,-2.13,-0.93
1790616570.205756,-0.48,-2.13,-0.93
1790616570.2681,-0.48,-2.13,-0.93
1790616570.324075,-0.48,-2.13,-0.93
1790616570.3656619,-0.48,-2.13,-0.93
1790616570.424557,-0.48,-2.13,-0.93
1790616570.483756,-0.47,-2.13,-0.93
1790616570.523935,-0.47,-2.13,-0.93
1790616570.584741,-0.47,-2.13,-0.93
1790616570.624416,-0.47,-2.13,-0.93
1790616570.684593,-0.46,-2.13,-0.92
1790616570.7243001,-0.46,-2.14,-0.93
1790616570.784385,-0.46,-2.14,-0.93
1790616570.844604,-0.47,-2.14,-0.93
1790616570.9065018,-0.45,-2.14,-0.92
1790616570.943948,-0.44,-2.14,-0.93
1790616571.00656,-0.44,-2.14,-0.93
1790616571.045016,-0.43,-2.14,-0.93
1790616571.106539,-0.43,-2.14,-0.93
1790616571.144777,-0.43,-2.14,-0.93
1790616571.204652,-0.42,-2.14,-0.93
1790616571.265651,-0.42,-2.14,-0.93
1790616571.3063529,-0.4,-2.14,-0.93
1790616571.364318,-0.43,-2.15,-0.93
1790616571.4238122,-0.44,-2.14,-0.93
1790616571.467131,-0.44,-2.14,-0.93
1790616571.524599,-0.44,-2.14,-0.93
1790616571.564102,-0.43,-2.14,-0.93
1790616571.624178,-0.43,-2.14,-0.93
1790616571.684324,-0.43,-2.14,-0.93
1790616571.724159,-0.43,-2.14,-0.93
1790616571.784804,-0.43,-2.14,-0.93
1790616571.8445299,-0.43,-2.14,-0.93
1790616571.884413,-0.43,-2.14,-0.93
1790616571.944737,-0.47,-2.14,-0.93
1790616572.0052018,-0.46,-2.14,-0.93
1790616572.0446012,-0.46,-2.14,-0.93
1790616572.104204,-0.46,-2.14,-0.93
1790616572.14539,-0.46,-2.14,-0.93
1790616572.2044008,-0.46,-2.14,-0.93
1790616572.244522,-0.46,-2.14,-0.93
1790616572.30394,-0.45,-2.14,-0.93
1790616572.36763,-0.45,-2.14,-0.93
1790616572.405814,-0.41,-2.14,-0.93
1790616572.466004,-0.43,-2.14,-0.93
1790616572.52444,-0.44,-2.14,-0.93
1790616572.565291,-0.52,-2.14,-0.93
1790616572.624717,-0.52,-2.14,-0.93
1790616572.664405,-0.51,-2.14,-0.92
1790616572.723901,-0.51,-2.14,-0.92
1790616572.769352,-0.5,-2.14,-0.92
1790616572.823832,-0.49,-2.14,-0.93
1790616572.866533,-0.49,-2.14,-0.93
1790616572.924683,-0.48,-2.14,-0.93
1790616572.985057,-0.47,-2.14,-0.93
1790616573.027736,-0.44,-2.14,-0.92
1790616573.08448,-0.46,-2.14,-0.92
1790616573.1439419,-0.46,-2.14,-0.92
1790616573.184638,-0.46,-2.14,-0.92
1790616573.24449,-0.46,-2.14,-0.92
1790616573.305144,-0.47,-2.14,-0.91
1790616573.344328,-0.47,-2.14,-0.91
1790616573.404646,-0.47,-2.14,-0.91
1790616573.444045,-0.47,-2.14,-0.91
1790616573.504935,-0.48,-2.14,-0.91
1790616573.5646908,-0.49,-2.14,-0.91
1790616573.60412,-0.49,-2.14,-0.91
1790616573.664403,-0.49,-2.14,-0.91
1790616573.726489,-0.5,-2.14,-0.91
1790616573.773537,-0.51,-2.14,-0.91
1790616573.827153,-0.51,-2.14,-0.9
1790616573.8643389,-0.51,-2.15,-0.9
1790616573.927197,-0.52,-2.15,-0.9
1790616573.9846752,-0.52,-2.15,-0.89
1790616574.025617,-0.53,-2.15,-0.89
1790616574.0838559,-0.54,-2.15,-0.89
1790616574.127021,-0.56,-2.15,-0.89
1790616574.2044191,-0.57,-2.15,-0.89
1790616574.2660532,-0.57,-2.15,-0.89
1790616574.326686,-0.58,-2.15,-0.88
1790616574.364224,-0.58,-2.15,-0.88
1790616574.4259799,-0.58,-2.15,-0.88
1790616574.46436,-0.58,-2.15,-0.88
1790616574.526268,-0.64,-2.15,-0.89
1790616574.5846012,-0.69,-2.15,-0.88
1790616574.626542,-0.7,-2.16,-0.88
1790616574.684111,-0.72,-2.16,-0.88
1790616574.7267158,-0.73,-2.15,-0.87
1790616574.784308,-0.74,-2.16,-0.87
1790616574.8442812,-0.74,-2.16,-0.87
1790616574.884358,-0.75,-2.16,-0.87
1790616574.944034,-0.76,-2.16,-0.87
1790616575.004128,-0.78,-2.16,-0.87
1790616575.044188,-0.8,-2.16,-0.87
1790616575.104528,-0.82,-2.16,-0.86
1790616575.144588,-0.89,-2.16,-0.86
1790616575.20449,-0.9,-2.16,-0.86
1790616575.271725,-0.97,-2.17,-0.85
1790616575.30396,-0.97,-2.16,-0.85
1790616575.364436,-0.96,-2.16,-0.85
1790616575.404264,-0.97,-2.17,-0.85
1790616575.464746,-0.97,-2.17,-0.85
1790616575.527887,-0.98,-2.17,-0.84
1790616575.564918,-0.99,-2.16,-0.84
1790616575.625941,-0.98,-2.16,-0.84
1790616575.684454,-1.06,-2.17,-0.83
1790616575.728538,-1.07,-2.16,-0.83
1790616575.785472,-1.07,-2.16,-0.83
1790616575.843924,-1.08,-2.16,-0.83
1790616575.883924,-1.09,-2.16,-0.83
1790616575.947479,-1.1,-2.16,-0.83
1790616575.984729,-1.1,-2.17,-0.83
1790616576.043757,-1.11,-2.17,-0.82
1790616576.104272,-1.12,-2.17,-0.82
1790616576.144609,-1.14,-2.17,-0.83
1790616576.204048,-1.15,-2.17,-0.82
1790616576.2667809,-1.16,-2.17,-0.82
1790616576.304575,-1.17,-2.17,-0.82
1790616576.364009,-1.18,-2.17,-0.82
1790616576.429267,-1.21,-2.17,-0.82
1790616576.463947,-1.23,-2.17,-0.81
1790616576.525524,-1.24,-2.17,-0.81
1790616576.563875,-1.25,-2.17,-0.81
1790616576.6254349,-1.26,-2.17,-0.81
1790616576.666568,-1.26,-2.17,-0.81
1790616576.725547,-1.27,-2.17,-0.81
1790616576.787174,-1.28,-2.17,-0.81
1790616576.826282,-1.29,-2.18,-0.81
1790616576.884098,-1.3,-2.18,-0.8
1790616576.9262028,-1.3,-2.17,-0.8
1790616576.9847538,-1.41,-2.14,-0.8
1790616577.044221,-1.66,-2.08,-0.83
1790616577.084152,-2.0,-2.09,-0.81
1790616577.145443,-2.02,-2.13,-0.77
1790616577.185215,-1.97,-2.17,-0.79
1790616577.244639,-1.86,-2.27,-0.79
1790616577.304279,-1.59,-2.37,-0.84
1790616577.363672,-1.51,-2.36,-0.85
1790616577.4243772,-1.48,-2.42,-0.83
1790616577.4652102,-1.38,-2.38,-0.84
1790616577.5267122,-1.36,-2.38,-0.82
1790616577.584262,-1.22,-2.35,-0.81
1790616577.625261,-1.18,-2.39,-0.81
1790616577.685728,-1.14,-2.36,-0.85
1790616577.726497,-1.04,-2.3,-0.83
1790616577.788053,-1.05,-2.26,-0.84
1790616577.8443289,-1.03,-2.25,-0.9
1790616577.884556,-1.06,-2.2,-0.84
1790616577.944146,-0.93,-2.18,-0.86
1790616577.988155,-0.89,-2.1,-0.86
1790616578.044534,-0.83,-2.02,-0.87
1790616578.1039512,-0.73,-1.96,-0.88
1790616578.1447392,-0.76,-1.95,-0.88
1790616578.203669,-0.69,-1.9,-0.89
1790616578.269136,-0.67,-1.87,-0.84
1790616578.304254,-0.56,-1.92,-0.89
1790616578.364218,-0.56,-1.92,-0.86
1790616578.423877,-0.41,-1.98,-0.87
1790616578.4637089,-0.51,-1.99,-0.8
1790616578.524738,-0.51,-2.02,-0.76
1790616578.5647411,-0.28,-2.03,-0.82
1790616578.626133,-0.4,-2.03,-0.92
1790616578.685915,-0.34,-2.01,-0.96
1790616578.744936,-0.41,-2.04,-0.95
1790616578.805013,-0.53,-2.09,-0.96
1790616578.845388,-0.51,-2.07,-0.95
1790616578.9049878,-0.55,-2.05,-0.94
1790616578.9448729,-0.58,-2.04,-0.95
1790616579.004926,-0.58,-2.04,-0.96
1790616579.0649102,-0.57,-2.03,-0.93
1790616579.104888,-0.58,-2.03,-0.95
1790616579.164944,-0.63,-2.04,-0.96
1790616579.224999,-0.66,-2.05,-0.97
1790616579.26816,-0.64,-2.05,-0.97
1790616579.3246772,-0.62,-2.05,-0.97
1790616579.3871949,-0.6,-2.04,-0.96
1790616579.425337,-0.59,-2.04,-0.93
1790616579.48835,-0.58,-2.05,-0.92
1790616579.544689,-0.56,-2.04,-0.94
1790616579.589748,-0.49,-2.06,-0.98
1790616579.6462238,-0.48,-2.07,-0.99
1790616579.687875,-0.48,-2.09,-0.98
1790616579.744985,-0.52,-2.12,-0.95
1790616579.804832,-0.53,-2.1,-0.94
1790616579.844964,-0.53,-2.1,-0.94
1790616579.905056,-0.53,-2.1,-0.93
1790616579.944993,-0.52,-2.1,-0.93
1790616580.004906,-0.52,-2.1,-0.93
1790616580.045006,-0.52,-2.09,-0.93
1790616580.10514,-0.52,-2.09,-0.93
1790616580.164574,-0.52,-2.09,-0.93
1790616580.2051892,-0.52,-2.09,-0.93
1790616580.264887,-0.52,-2.09,-0.93
1790616580.324596,-0.52,-2.09,-0.93
1790616580.364916,-0.52,-2.09,-0.93
1790616580.424701,-0.52,-2.09,-0.93
1790616580.485472,-0.52,-2.09,-0.93
1790616580.5248299,-0.52,-2.09,-0.93
1790616580.586692,-0.52,-2.09,-0.93
1790616580.6251142,-0.54,-2.09,-0.93
1790616580.68976,-0.54,-2.09,-0.93
1790616580.744763,-0.53,-2.09,-0.93
1790616580.7866392,-0.54,-2.09,-0.94
1790616580.8447738,-0.54,-2.09,-0.94
1790616580.904636,-0.54,-2.09,-0.94
1790616580.9448981,-0.53,-2.09,-0.94
1790616581.005024,-0.53,-2.1,-0.94
1790616581.044828,-0.53,-2.1,-0.94
1790616581.105015,-0.53,-2.1,-0.94
1790616581.145052,-0.53,-2.1,-0.94
1790616581.20528,-0.53,-2.1,-0.94
1790616581.264805,-0.53,-2.1,-0.94
1790616581.305098,-0.53,-2.1,-0.94
1790616581.364884,-0.53,-2.1,-0.94
1790616581.42556,-0.53,-2.1,-0.95
1790616581.464979,-0.54,-2.1,-0.95
1790616581.524655,-0.55,-2.1,-0.95
1790616581.584738,-0.55,-2.1,-0.95
1790616581.624819,-0.55,-2.1,-0.95
1790616581.684907,-0.56,-2.1,-0.95
1790616581.744737,-0.56,-2.1,-0.95
1790616581.786517,-0.56,-2.1,-0.95
1790616581.844872,-0.57,-2.09,-0.96
1790616581.905239,-0.59,-2.1,-0.96
1790616581.944869,-0.67,-2.09,-0.95
1790616582.0050611,-0.63,-2.09,-0.96
1790616582.0646138,-0.72,-2.1,-0.96
1790616582.1048808,-0.75,-2.09,-0.96
1790616582.165028,-0.76,-2.09,-0.96
1790616582.204799,-0.8,-2.09,-0.97
1790616582.265279,-0.81,-2.09,-0.97
1790616582.324914,-0.82,-2.09,-0.98
1790616582.3647869,-0.83,-2.08,-0.98
1790616582.4263282,-0.84,-2.09,-0.99
1790616582.4649768,-0.86,-2.07,-1.0
1790616582.5250392,-0.87,-2.07,-1.0
1790616582.5648189,-0.88,-2.07,-1.0
1790616582.624921,-0.88,-2.07,-1.0
1790616582.685627,-0.87,-2.07,-1.0
1790616582.724998,-0.87,-2.07,-1.0
1790616582.7870111,-0.88,-2.06,-1.0
1790616582.82483,-0.88,-2.06,-1.0
1790616582.888491,-0.88,-2.07,-1.0
1790616582.952317,-0.88,-2.06,-1.0
1790616582.987286,-0.88,-2.06,-1.0
1790616583.0457668,-0.88,-2.06,-1.0
1790616583.086522,-0.87,-2.06,-1.0
1790616583.165684,-0.86,-2.06,-1.0
1790616583.2058082,-0.87,-2.06,-1.0
1790616583.266363,-0.88,-2.06,-1.0
1790616583.30577,-0.88,-2.06,-0.99
1790616583.3657632,-0.88,-2.06,-0.99
1790616583.427876,-0.88,-2.06,-0.99
1790616583.465955,-0.89,-2.06,-1.0
1790616583.524977,-0.89,-2.06,-1.0
1790616583.5869608,-0.89,-2.06,-1.0
1790616583.6261299,-0.91,-2.06,-1.0
1790616583.686317,-0.9,-2.06,-1.0
1790616583.725834,-0.9,-2.06,-1.0
1790616583.786864,-0.9,-2.06,-1.0
1790616583.848654,-0.89,-2.06,-1.01
1790616583.8858051,-0.89,-2.06,-1.01
1790616583.94595,-0.9,-2.05,-1.01
1790616584.005672,-0.95,-2.06,-1.01
1790616584.045964,-0.93,-2.05,-1.01
1790616584.106115,-0.93,-2.05,-1.01
1790616584.165812,-0.93,-2.05,-1.01
1790616584.205888,-0.93,-2.05,-1.02
1790616584.267304,-0.93,-2.05,-1.02
1790616584.32571,-0.93,-2.05,-1.02
1790616584.3658419,-0.92,-2.05,-1.02
1790616584.4260201,-0.93,-2.05,-1.03
1790616584.4659321,-0.91,-2.04,-1.03
1790616584.526073,-0.9,-2.04,-1.03
1790616584.585962,-0.95,-2.04,-1.03
1790616584.6260118,-0.96,-2.04,-1.03
1790616584.68595,-0.96,-2.04,-1.03
1790616584.726144,-0.96,-2.04,-1.03
1790616584.785901,-0.96,-2.04,-1.03
1790616584.826386,-0.96,-2.04,-1.03
1790616584.885791,-0.96,-2.04,-1.03
1790616584.946207,-0.96,-2.04,-1.04
1790616584.985813,-0.96,-2.03,-1.04
1790616585.047714,-0.97,-2.03,-1.04
1790616585.105859,-0.97,-2.03,-1.04
1790616585.1494882,-1.02,-2.03,-1.04
1790616585.205732,-1.02,-2.03,-1.04
1790616585.265672,-1.01,-2.03,-1.04
1790616585.305711,-1.01,-2.03,-1.05
1790616585.3662531,-1.01,-2.03,-1.05
1790616585.427256,-1.02,-2.03,-1.05
1790616585.48737,-1.02,-2.03,-1.05
1790616585.5257442,-1.02,-2.03,-1.05
1790616585.5864792,-1.02,-2.03,-1.05
1790616585.6257322,-1.02,-2.03,-1.05
1790616585.685908,-1.01,-2.03,-1.05
1790616585.747951,-1.13,-2.03,-1.05
1790616585.785716,-1.15,-2.03,-1.05
1790616585.847662,-1.14,-2.03,-1.05
1790616585.905656,-1.14,-2.02,-1.05
1790616585.945977,-1.14,-2.02,-1.06
1790616586.0058072,-1.14,-2.03,-1.05
1790616586.046703,-1.15,-2.02,-1.05
1790616586.1055942,-1.15,-2.02,-1.05
1790616586.1656919,-1.15,-2.02,-1.05
1790616586.2079659,-1.15,-2.02,-1.05
1790616586.2656589,-1.12,-2.02,-1.05
1790616586.325962,-1.15,-2.02,-1.06
1790616586.3657641,-1.16,-2.02,-1.06
1790616586.4259741,-1.17,-2.02,-1.06
1790616586.4658408,-1.18,-2.02,-1.06
1790616586.527201,-1.19,-2.02,-1.06
1790616586.585554,-1.2,-2.02,-1.06
1790616586.625792,-1.21,-2.02,-1.06
1790616586.6857128,-1.22,-2.02,-1.06
1790616586.748003,-1.22,-2.01,-1.06
1790616586.78571,-1.23,-2.01,-1.06
1790616586.846022,-1.24,-2.01,-1.06
1790616586.90735,-1.26,-2.01,-1.06
1790616586.9656808,-1.26,-2.02,-1.06
1790616587.0086322,-1.27,-2.02,-1.05
1790616587.0656471,-1.28,-2.01,-1.05
1790616587.12584,-1.29,-2.01,-1.05
1790616587.1657941,-1.3,-2.01,-1.05
1790616587.228533,-1.31,-2.01,-1.05
1790616587.285783,-1.33,-2.01,-1.06
1790616587.3258188,-1.34,-2.02,-1.06
1790616587.386126,-1.35,-2.02,-1.06
1790616587.446348,-1.37,-2.02,-1.07
1790616587.485642,-1.38,-2.02,-1.07
1790616587.546886,-1.39,-2.02,-1.07
1790616587.585732,-1.41,-2.01,-1.07
1790616587.665768,-1.43,-2.01,-1.07
1790616587.707457,-1.45,-2.01,-1.07
1790616587.766536,-1.51,-2.01,-1.08
1790616587.808675,-1.55,-2.02,-1.07
1790616587.865799,-1.6,-2.02,-1.08
1790616587.906688,-1.64,-2.01,-1.08
1790616587.965842,-1.65,-2.01,-1.08
1790616588.007991,-1.66,-2.01,-1.08
1790616588.06604,-1.67,-2.01,-1.08
1790616588.126536,-1.69,-2.01,-1.08
1790616588.1659808,-1.7,-2.01,-1.07
1790616588.22561,-1.71,-2.01,-1.07
1790616588.26581,-1.72,-2.01,-1.07
1790616588.325737,-1.73,-2.01,-1.07
1790616588.365789,-1.74,-2.01,-1.07
1790616588.425626,-1.74,-2.01,-1.07
1790616588.486036,-1.75,-2.01,-1.07
1790616588.525849,-1.76,-2.01,-1.07
1790616588.586231,-1.78,-2.0,-1.07
1790616588.647097,-1.77,-2.0,-1.07
1790616588.685676,-1.82,-2.0,-1.07
1790616588.745824,-1.83,-2.0,-1.07
1790616588.809152,-1.88,-2.0,-1.07
1790616588.866262,-1.89,-2.0,-1.07
1790616588.9074528,-1.9,-2.0,-1.07
1790616588.965699,-1.94,-2.0,-1.07
1790616589.0256798,-1.97,-2.0,-1.07
1790616589.065771,-1.99,-2.0,-1.07
1790616589.125859,-2.01,-2.0,-1.07
1790616589.1656508,-2.01,-2.0,-1.07
1790616589.225734,-2.02,-2.0,-1.07
1790616589.2858088,-2.03,-2.0,-1.07
1790616589.345684,-2.07,-1.99,-1.08
1790616589.385639,-2.09,-2.0,-1.07
1790616589.447465,-2.09,-2.0,-1.07
1790616589.506886,-2.14,-2.0,-1.07
1790616589.5657191,-2.14,-2.0,-1.07
1790616589.605679,-2.14,-2.0,-1.08
1790616589.6655931,-2.15,-1.99,-1.08
1790616589.706162,-2.14,-1.99,-1.08
1790616589.770731,-2.15,-1.99,-1.08
1790616589.825791,-2.15,-1.99,-1.08
1790616589.8857238,-2.15,-1.99,-1.08
1790616589.9258509,-2.15,-1.99,-1.08
1790616589.9859252,-2.16,-1.99,-1.08
1790616590.045679,-2.16,-1.99,-1.09
1790616590.085901,-2.16,-1.99,-1.09
1790616590.1456482,-2.2,-1.97,-1.09
1790616590.185765,-2.23,-1.99,-1.08
1790616590.245733,-2.23,-1.99,-1.08
1790616590.306874,-2.23,-1.99,-1.08
1790616590.3456829,-2.23,-1.99,-1.08
1790616590.40571,-2.23,-1.99,-1.09
1790616590.468012,-2.24,-1.98,-1.09
1790616590.509571,-2.24,-1.99,-1.09
1790616590.5681229,-2.25,-1.99,-1.09
1790616590.627166,-2.3,-1.99,-1.09
1790616590.667248,-2.3,-1.99,-1.09
1790616590.727145,-2.3,-1.99,-1.09
1790616590.7682319,-2.3,-1.99,-1.09
1790616590.8271239,-2.31,-1.99,-1.09
1790616590.865994,-2.28,-1.99,-1.08
1790616590.92609,-2.42,-1.98,-1.09
1790616590.985567,-2.42,-1.99,-1.09
1790616591.025811,-2.42,-1.99,-1.09
1790616591.0857751,-2.42,-1.99,-1.09
1790616591.126084,-2.42,-1.98,-1.09
1790616591.185733,-2.42,-1.98,-1.09
1790616591.225915,-2.42,-1.98,-1.09
1790616591.285818,-2.42,-1.98,-1.08
1790616591.345695,-2.43,-1.98,-1.08
1790616591.385739,-2.4,-1.97,-1.08
1790616591.445911,-2.44,-1.97,-1.09
1790616591.4858959,-2.44,-1.97,-1.09
1790616591.545729,-2.44,-1.96,-1.09
1790616591.5871098,-2.46,-1.97,-1.09
1790616591.645927,-2.46,-1.96,-1.08
1790616591.7056699,-2.48,-1.96,-1.08
1790616591.7456908,-2.51,-1.97,-1.08
1790616591.8057442,-2.52,-1.97,-1.08
1790616591.8676522,-2.52,-1.97,-1.08
1790616591.9058108,-2.53,-1.97,-1.08
1790616591.968841,-2.53,-1.97,-1.08
1790616592.005713,-2.54,-1.97,-1.08
1790616592.0684118,-2.55,-1.97,-1.08
1790616592.125819,-2.55,-1.97,-1.08
1790616592.185915,-2.56,-1.97,-1.08
1790616592.225981,-2.64,-1.97,-1.08
1790616592.287318,-2.65,-1.97,-1.09
1790616592.3457532,-2.65,-1.97,-1.09
1790616592.3857532,-2.65,-1.97,-1.09
1790616592.445879,-2.65,-1.97,-1.09
1790616592.507165,-2.71,-1.97,-1.09
1790616592.5456362,-2.73,-1.97,-1.09
1790616592.60549,-2.72,-1.97,-1.09
1790616592.665668,-2.73,-1.97,-1.1
1790616592.7055428,-2.73,-1.97,-1.1
1790616592.769021,-2.74,-1.97,-1.1
1790616592.806145,-2.74,-1.97,-1.1
1790616592.86582,-2.74,-1.97,-1.1
1790616592.905735,-2.74,-1.97,-1.1
1790616592.967036,-2.75,-1.97,-1.1
1790616593.0259469,-2.8,-1.97,-1.1
1790616593.067905,-2.81,-1.96,-1.11
1790616593.126014,-2.8,-1.97,-1.11
1790616593.1855109,-2.81,-1.96,-1.11
1790616593.2259,-2.82,-1.97,-1.11
1790616593.285805,-2.79,-1.96,-1.11
1790616593.325634,-2.83,-1.96,-1.11
1790616593.385688,-2.84,-1.96,-1.11
1790616593.445552,-2.85,-1.97,-1.11
1790616593.4859278,-2.86,-1.97,-1.11
1790616593.545826,-2.86,-1.97,-1.11
1790616593.585678,-2.86,-1.97,-1.11
1790616593.645814,-2.87,-1.97,-1.12
1790616593.706717,-2.89,-1.97,-1.12
1790616593.745713,-2.93,-1.97,-1.12
1790616593.805662,-2.96,-1.97,-1.12
1790616593.8672168,-2.96,-1.97,-1.12
1790616593.925492,-2.98,-1.97,-1.12
1790616593.967409,-2.99,-1.97,-1.12
1790616594.0257049,-2.97,-1.97,-1.12
1790616594.087179,-3.02,-1.97,-1.12
1790616594.125705,-3.04,-1.97,-1.12
1790616594.185757,-3.06,-1.97,-1.12
1790616594.2256799,-3.07,-1.96,-1.12
1790616594.286007,-3.09,-1.96,-1.12
1790616594.346038,-3.1,-1.96,-1.12
1790616594.4062452,-3.13,-1.97,-1.12
1790616594.465596,-3.14,-1.97,-1.12
1790616594.506919,-3.15,-1.97,-1.12
1790616594.568042,-3.19,-1.96,-1.12
1790616594.628751,-3.2,-1.96,-1.12
1790616594.667016,-3.21,-1.97,-1.12
1790616594.728054,-3.21,-1.97,-1.12
1790616594.785677,-3.22,-1.97,-1.12
1790616594.8259358,-3.2,-1.97,-1.13
1790616594.88555,-3.26,-1.96,-1.13
1790616594.945555,-3.28,-1.97,-1.13
1790616594.98569,-3.29,-1.97,-1.13
1790616595.0458372,-3.3,-1.97,-1.13
1790616595.085641,-3.3,-1.97,-1.13
1790616595.145917,-3.31,-1.97,-1.14
1790616595.205885,-3.31,-1.96,-1.14
1790616595.245832,-3.31,-1.96,-1.14
1790616595.3059251,-3.3,-1.96,-1.14
1790616595.345846,-3.3,-1.96,-1.14
1790616595.4056761,-3.31,-1.96,-1.14
1790616595.445659,-3.32,-1.96,-1.14
1790616595.505706,-3.32,-1.96,-1.14
1790616595.568074,-3.33,-1.96,-1.14
1790616595.605782,-3.33,-1.96,-1.14
1790616595.666931,-3.33,-1.96,-1.14
1790616595.730252,-3.33,-1.96,-1.14
1790616595.78577,-3.34,-1.95,-1.14
1790616595.845651,-3.35,-1.95,-1.14
1790616595.885749,-3.35,-1.95,-1.14
1790616595.945962,-3.36,-1.96,-1.14
1790616595.98597,-3.37,-1.96,-1.14
1790616596.0457711,-3.38,-1.95,-1.14
1790616596.105386,-3.4,-1.95,-1.14
1790616596.145602,-3.42,-1.95,-1.14
1790616596.2058508,-3.43,-1.95,-1.14
1790616596.2456388,-3.44,-1.95,-1.14
1790616596.305959,-3.46,-1.95,-1.14
1790616596.365555,-3.47,-1.95,-1.14
1790616596.405827,-3.48,-1.95,-1.14
1790616596.466293,-3.49,-1.96,-1.14
1790616596.505847,-3.5,-1.95,-1.14
1790616596.5654132,-3.51,-1.95,-1.14
1790616596.620161,-3.52,-1.96,-1.14
1790616596.666551,-3.53,-1.96,-1.14
1790616596.7456472,-3.53,-1.96,-1.14
1790616596.7856221,-3.53,-1.96,-1.15
1790616596.8457441,-3.53,-1.96,-1.15
1790616596.885943,-3.53,-1.95,-1.15
1790616596.945654,-3.52,-1.95,-1.15
1790616596.9857259,-3.52,-1.95,-1.16
1790616597.045683,-3.52,-1.95,-1.16
1790616597.1054962,-3.57,-1.95,-1.16
1790616597.145764,-3.54,-1.94,-1.16
1790616597.205466,-3.57,-1.95,-1.16
1790616597.2659268,-3.59,-1.94,-1.16
1790616597.32691,-3.6,-1.94,-1.16
1790616597.365582,-3.61,-1.95,-1.16
1790616597.42717,-3.62,-1.95,-1.16
1790616597.4657202,-3.64,-1.95,-1.16
1790616597.527317,-3.65,-1.95,-1.16
1790616597.585841,-3.66,-1.95,-1.16
1790616597.629637,-3.67,-1.95,-1.16
1790616597.68589,-3.68,-1.94,-1.16
1790616597.745538,-3.71,-1.94,-1.16
1790616597.7855518,-3.71,-1.94,-1.16
1790616597.846514,-3.71,-1.95,-1.16
1790616597.905631,-3.71,-1.95,-1.16
1790616597.945694,-3.71,-1.95,-1.16
1790616598.005694,-3.84,-1.95,-1.16
1790616598.0458272,-3.87,-1.95,-1.16
1790616598.105719,-3.88,-1.94,-1.16
1790616598.165428,-3.9,-1.94,-1.16
1790616598.205666,-3.91,-1.94,-1.15
1790616598.285614,-3.91,-1.94,-1.16
1790616598.325846,-3.9,-1.95,-1.16
1790616598.385451,-3.89,-1.94,-1.16
1790616598.42648,-3.89,-1.94,-1.16
1790616598.4858959,-3.9,-1.94,-1.16
1790616598.526162,-3.93,-1.94,-1.16
1790616598.585641,-3.94,-1.94,-1.16
1790616598.62792,-3.96,-1.94,-1.16
1790616598.690725,-3.96,-1.94,-1.16
1790616598.727815,-3.96,-1.94,-1.16
1790616598.7858298,-3.95,-1.93,-1.16
1790616598.855808,-4.02,-1.94,-1.16
1790616598.90573,-4.03,-1.93,-1.16
1790616598.9656,-4.1,-1.94,-1.16
1790616599.005693,-4.13,-1.93,-1.16
1790616599.06577,-4.15,-1.93,-1.15
1790616599.125397,-4.17,-1.93,-1.15
1790616599.1656,-4.18,-1.93,-1.15
1790616599.226124,-4.2,-1.93,-1.15
1790616599.2657049,-4.21,-1.93,-1.16
1790616599.325712,-4.2,-1.93,-1.16
1790616599.365709,-4.2,-1.93,-1.16
1790616599.4260411,-4.19,-1.93,-1.16
1790616599.486774,-4.19,-1.93,-1.16
1790616599.5267541,-4.2,-1.93,-1.16
1790616599.5877178,-4.2,-1.93,-1.16
1790616599.645368,-4.21,-1.92,-1.16
1790616599.705483,-4.25,-1.93,-1.16
1790616599.7457259,-4.26,-1.92,-1.16
1790616599.8056479,-4.3,-1.92,-1.16
1790616599.865551,-4.3,-1.93,-1.16
1790616599.90566,-4.33,-1.92,-1.16
1790616599.967394,-4.4,-1.93,-1.15
1790616600.0056489,-4.39,-1.92,-1.15
1790616600.066089,-4.38,-1.92,-1.15
1790616600.125643,-4.38,-1.92,-1.15
1790616600.1655061,-4.39,-1.92,-1.15
1790616600.225953,-4.39,-1.92,-1.15
1790616600.286145,-4.4,-1.92,-1.15
1790616600.345995,-4.45,-1.92,-1.16
1790616600.386789,-4.49,-1.92,-1.16
1790616600.4456708,-4.5,-1.92,-1.15
1790616600.4878058,-4.51,-1.91,-1.15
1790616600.545836,-4.52,-1.91,-1.15
1790616600.5864792,-4.5,-1.91,-1.15
1790616600.645806,-4.58,-1.91,-1.15
1790616600.688182,-4.6,-1.91,-1.15
1790616600.7457411,-4.62,-1.91,-1.15
1790616600.805438,-4.84,-1.89,-1.16
1790616600.845688,-7.99,-1.94,-1.18
1790616600.905805,-10.6,-1.96,-1.06
1790616600.9457548,-12.88,-1.99,-0.97
1790616601.0056279,-15.65,-2.03,-0.89
1790616601.0655448,-18.43,-2.03,-0.78
1790616601.12725,-21.2,-2.05,-0.72
1790616601.165644,-24.1,-2.03,-0.59
1790616601.225354,-27.04,-2.05,-0.46
1790616601.287508,-29.79,-2.06,-0.42
1790616601.325681,-32.89,-2.04,-0.29
1790616601.3870158,-35.75,-2.02,-0.18
1790616601.4254668,-38.74,-2.0,-0.07
1790616601.488566,-41.69,-1.98,0.07
1790616601.545578,-44.62,-1.98,0.11
1790616601.587521,-47.81,-1.91,0.3
1790616601.645738,-50.65,-1.9,0.36
1790616601.705486,-53.66,-1.86,0.43
1790616601.745715,-56.7,-1.83,0.56
1790616601.805645,-62.46,-1.7,0.72
1790616601.8654048,-65.01,-1.66,0.81
1790616601.906442,-67.24,-1.61,0.83
1790616601.965919,-69.33,-1.56,0.91
1790616602.025831,-71.37,-1.52,0.95
1790616602.065464,-73.18,-1.45,0.95
1790616602.1255941,-74.86,-1.39,1.02
1790616602.187893,-76.39,-1.35,1.08
1790616602.227485,-77.73,-1.32,1.12
1790616602.2870789,-79.06,-1.3,1.15
1790616602.325644,-80.18,-1.28,1.16
1790616602.387685,-81.32,-1.25,1.14
1790616602.4255989,-82.28,-1.2,1.18
1790616602.487488,-83.1,-1.18,1.22
1790616602.545433,-83.93,-1.15,1.24
1790616602.588192,-84.68,-1.13,1.26
1790616602.645879,-85.36,-1.11,1.27
1790616602.687552,-85.92,-1.11,1.28
1790616602.745575,-86.5,-1.1,1.28
1790616602.805823,-87.71,-1.06,1.29
1790616602.8456671,-88.27,-1.03,1.27
1790616602.905662,-88.68,-1.01,1.28
1790616602.945854,-88.78,-1.0,1.29
1790616603.005478,-88.8,-1.0,1.29
1790616603.046228,-88.81,-0.99,1.29
1790616603.106434,-88.81,-0.99,1.29
1790616603.145649,-88.81,-0.99,1.29
1790616603.205817,-88.81,-0.99,1.29
1790616603.265425,-88.79,-0.99,1.28
1790616603.329648,-88.77,-0.98,1.28
1790616603.386754,-88.78,-0.98,1.29
1790616603.426295,-88.78,-0.98,1.29
1790616603.4867399,-88.78,-0.98,1.29
1790616603.526057,-88.79,-0.98,1.29
1790616603.587679,-88.79,-0.98,1.29
1790616603.625598,-88.8,-0.98,1.29
1790616603.687074,-88.8,-0.98,1.29
1790616603.725853,-88.85,-0.98,1.29
1790616603.8054242,-88.87,-0.98,1.29
1790616603.848026,-88.87,-0.98,1.29
1790616603.905717,-88.87,-0.98,1.29
1790616603.947783,-88.87,-0.98,1.29
1790616604.0063841,-88.88,-0.97,1.29
1790616604.047421,-88.89,-0.97,1.29
1790616604.105559,-88.9,-0.97,1.29
1790616604.1475542,-88.91,-0.97,1.29
1790616604.205649,-88.91,-0.97,1.29
1790616604.265837,-88.93,-0.96,1.29
1790616604.3253949,-89.01,-0.92,1.28
1790616604.367001,-89.22,-0.86,1.28
1790616604.425604,-89.45,-0.84,1.18
1790616604.465802,-89.58,-0.88,1.17
1790616604.525847,-89.72,-0.96,1.12
1790616604.565564,-89.79,-1.06,1.18
1790616604.627116,-89.87,-1.11,1.23
1790616604.6655722,-89.99,-1.17,1.3
1790616604.7274399,-90.01,-1.17,1.27
1790616604.786863,-90.03,-1.1,1.28
1790616604.825784,-90.03,-1.09,1.21
1790616604.885289,-90.08,-1.05,1.27
1790616604.925803,-90.06,-1.07,1.25
1790616604.9858649,-90.12,-1.07,1.26
1790616605.0256588,-90.12,-1.08,1.28
1790616605.0865002,-90.17,-1.12,1.28
1790616605.125522,-90.2,-1.15,1.27
1790616605.186764,-90.16,-1.11,1.31
1790616605.225569,-90.19,-1.06,1.24
1790616605.287114,-90.21,-1.04,1.24
1790616605.34724,-90.24,-1.03,1.25
1790616605.388583,-90.18,-0.95,1.27
1790616605.4480221,-90.25,-0.96,1.26
1790616605.4854422,-90.18,-0.99,1.17
1790616605.5473769,-90.23,-0.99,1.19
1790616605.625723,-90.26,-0.95,1.24
1790616605.665641,-90.24,-0.97,1.24
1790616605.72628,-90.31,-0.93,1.25
1790616605.785913,-90.25,-0.94,1.26
1790616605.825705,-90.31,-0.93,1.27
1790616605.885758,-90.31,-0.95,1.25
1790616605.925746,-90.3,-0.97,1.3
1790616605.987527,-90.33,-1.0,1.31
1790616606.047442,-90.33,-0.99,1.33
1790616606.086307,-90.34,-1.01,1.33
1790616606.147038,-90.35,-0.99,1.31
1790616606.18578,-90.36,-0.98,1.3
1790616606.24896,-90.38,-0.97,1.32
1790616606.30654,-90.41,-0.98,1.32
1790616606.3467882,-90.41,-0.98,1.32
1790616606.406541,-90.42,-1.02,1.3
1790616606.4471328,-90.44,-1.03,1.3
1790616606.506612,-90.47,-1.03,1.29
1790616606.5482419,-90.49,-1.02,1.29
1790616606.607726,-90.51,-1.03,1.3
1790616606.648458,-90.5,-1.01,1.33
1790616606.71189,-90.53,-1.02,1.37
1790616606.767879,-90.53,-1.02,1.36
1790616606.8276742,-90.55,-1.01,1.32
1790616606.867557,-90.54,-1.03,1.33
1790616606.927476,-90.55,-1.03,1.32
1790616606.9883509,-90.55,-1.03,1.29
1790616607.027879,-90.57,-1.05,1.28
1790616607.0888808,-90.58,-1.04,1.27
1790616607.1275468,-90.59,-1.04,1.27
1790616607.187739,-90.59,-1.03,1.27
1790616607.227744,-90.58,-1.02,1.28
1790616607.288359,-90.58,-1.01,1.28
1790616607.348085,-90.58,-1.01,1.28
1790616607.4084501,-90.58,-1.01,1.28
1790616607.447619,-90.59,-1.01,1.28
1790616607.515265,-90.59,-1.0,1.28
1790616607.550255,-90.59,-1.0,1.28
1790616607.611146,-90.59,-1.0,1.29
1790616607.648292,-90.59,-1.01,1.29
1790616607.709249,-90.59,-1.0,1.28
1790616607.767541,-90.58,-1.0,1.28
1790616607.82765,-90.59,-1.0,1.28
1790616607.887485,-90.59,-1.0,1.28
1790616607.950141,-90.59,-1.0,1.28
1790616607.9874802,-90.59,-1.0,1.28
1790616608.048343,-90.58,-1.01,1.28
1790616608.0874372,-90.58,-1.0,1.28
1790616608.1484559,-90.58,-1.0,1.29
1790616608.187465,-90.58,-1.0,1.29
1790616608.247315,-90.58,-1.0,1.29
1790616608.30962,-90.58,-1.0,1.28
1790616608.349623,-90.58,-1.0,1.28
1790616608.41051,-90.58,-1.0,1.28
1790616608.449337,-90.58,-0.99,1.28
1790616608.510607,-90.58,-0.99,1.28
1790616608.567384,-90.58,-0.99,1.28
1790616608.607554,-90.67,-0.99,1.28
1790616608.667337,-90.66,-0.99,1.28
1790616608.707584,-90.66,-0.99,1.28
1790616608.767594,-90.67,-0.99,1.28
1790616608.811082,-90.67,-0.99,1.28
1790616608.867578,-90.67,-0.98,1.28
1790616608.9274812,-90.67,-0.98,1.28
1790616608.9673579,-90.67,-0.98,1.27
1790616609.02779,-90.67,-0.98,1.27
1790616609.0873559,-90.67,-0.98,1.27
1790616609.127552,-90.65,-0.98,1.26
1790616609.187395,-90.71,-0.98,1.27
1790616609.227403,-90.72,-0.97,1.27
1790616609.287425,-90.73,-0.97,1.27
1790616609.327789,-90.73,-0.97,1.27
1790616609.38749,-90.73,-0.97,1.27
1790616609.428319,-90.73,-0.97,1.27
1790616609.487541,-90.73,-0.97,1.27
1790616609.527524,-90.73,-0.97,1.27
1790616609.587577,-90.73,-0.97,1.27
1790616609.648749,-90.73,-0.97,1.27
1790616609.687742,-90.73,-0.97,1.27
1790616609.7482529,-90.74,-0.96,1.27
1790616609.78827,-90.77,-0.96,1.27
1790616609.847431,-90.78,-0.96,1.27
1790616609.907996,-90.78,-0.96,1.27
1790616609.9474711,-90.78,-0.96,1.27
1790616610.007318,-90.77,-0.96,1.27
1790616610.0491142,-90.77,-0.96,1.27
1790616610.108819,-90.77,-0.96,1.26
1790616610.167566,-90.77,-0.96,1.26
1790616610.227508,-90.76,-0.96,1.26
1790616610.28845,-90.74,-0.96,1.26
1790616610.327414,-90.82,-0.96,1.26
1790616610.3873851,-90.83,-0.95,1.26
1790616610.427584,-90.83,-0.96,1.26
1790616610.4874449,-90.83,-0.96,1.26
1790616610.52784,-90.83,-0.96,1.26
1790616610.5876842,-90.83,-0.96,1.26
1790616610.6474292,-90.83,-0.95,1.26
1790616610.68733,-90.83,-0.95,1.26
1790616610.74818,-90.83,-0.95,1.26
1790616610.807873,-90.84,-0.95,1.25
1790616610.847611,-90.81,-0.95,1.25
1790616610.909853,-90.84,-0.95,1.25
1790616610.947399,-90.85,-0.95,1.25
1790616611.009462,-90.86,-0.95,1.25
1790616611.047702,-90.86,-0.95,1.25
1790616611.1090891,-90.87,-0.95,1.25
1790616611.167285,-90.88,-0.95,1.25
1790616611.208065,-90.89,-0.95,1.25
1790616611.271416,-90.89,-0.95,1.25
1790616611.3276749,-90.9,-0.95,1.26
1790616611.3708642,-90.91,-0.95,1.26
1790616611.427638,-90.92,-0.95,1.26
1790616611.4677372,-90.92,-0.95,1.26
1790616611.5285351,-90.93,-0.94,1.26
1790616611.570521,-90.93,-0.94,1.26
1790616611.628559,-90.94,-0.94,1.26
1790616611.6715038,-90.94,-0.94,1.26
1790616611.729145,-90.95,-0.94,1.26
1790616611.788594,-90.95,-0.94,1.26
1790616611.828463,-90.96,-0.94,1.27
1790616611.88942,-90.97,-0.94,1.26
1790616611.9304771,-90.98,-0.94,1.27
1790616611.992161,-90.98,-0.94,1.27
1790616612.050476,-90.99,-0.94,1.27
1790616612.091119,-91.01,-0.94,1.27
1790616612.150311,-91.02,-0.94,1.27
1790616612.210231,-91.02,-0.94,1.27
1790616612.272882,-91.03,-0.94,1.27
1790616612.33213,-91.04,-0.94,1.27
1790616612.3906171,-91.09,-0.94,1.26
1790616612.4511821,-91.14,-0.94,1.27
1790616612.4904451,-91.17,-0.94,1.27
1790616612.5503201,-91.18,-0.94,1.27
1790616612.590785,-91.19,-0.94,1.27
1790616612.6504729,-91.19,-0.94,1.27
1790616612.710804,-91.2,-0.94,1.27
1790616612.750568,-91.2,-0.93,1.27
1790616612.830666,-91.21,-0.93,1.26
1790616612.8705862,-91.22,-0.93,1.26
1790616612.93061,-91.22,-0.93,1.27
1790616612.9731,-91.29,-0.93,1.27
1790616613.0307431,-91.34,-0.92,1.27
1790616613.072314,-91.34,-0.93,1.27
1790616613.130553,-91.34,-0.93,1.27
1790616613.191123,-91.36,-0.93,1.27
1790616613.230675,-91.37,-0.93,1.27
1790616613.2904692,-91.39,-0.92,1.27
1790616613.330594,-91.4,-0.92,1.27
1790616613.3905568,-91.41,-0.92,1.28
1790616613.450357,-91.38,-0.92,1.28
1790616613.490446,-91.43,-0.92,1.28
1790616613.5503879,-91.46,-0.92,1.28
1790616613.5904808,-91.47,-0.92,1.27
1790616613.650527,-91.51,-0.92,1.28
1790616613.711274,-91.52,-0.92,1.27
1790616613.750436,-91.53,-0.92,1.27
1790616613.810463,-91.54,-0.91,1.28
1790616613.870622,-91.55,-0.92,1.28
1790616613.910741,-91.55,-0.92,1.28
1790616613.972088,-91.56,-0.92,1.28
1790616614.0328052,-91.56,-0.92,1.28
1790616614.070441,-91.56,-0.91,1.28
1790616614.132714,-91.56,-0.91,1.28
1790616614.17186,-91.57,-0.91,1.28
1790616614.230618,-91.6,-0.92,1.28
1790616614.2904582,-91.63,-0.92,1.28
1790616614.350328,-91.62,-0.91,1.28
1790616614.390477,-91.62,-0.91,1.28
1790616614.450382,-91.62,-0.91,1.28
1790616614.4904802,-91.59,-0.91,1.28
1790616614.5503528,-91.6,-0.91,1.28
1790616614.6104372,-91.7,-0.91,1.28
1790616614.674538,-91.7,-0.91,1.28
1790616614.710376,-91.7,-0.91,1.28
1790616614.7723432,-91.7,-0.91,1.28
1790616614.810544,-91.7,-0.91,1.28
1790616614.8721201,-91.7,-0.91,1.28
1790616614.9103858,-91.71,-0.91,1.28
1790616614.97056,-91.77,-0.9,1.28
1790616615.031252,-91.75,-0.9,1.28
1790616615.0704262,-91.76,-0.9,1.28
1790616615.132412,-91.76,-0.9,1.28
1790616615.19018,-91.74,-0.9,1.28
1790616615.234177,-91.72,-0.9,1.28
1790616615.290775,-91.79,-0.91,1.28
1790616615.331845,-91.82,-0.91,1.28
1790616615.390431,-91.81,-0.9,1.28
1790616615.431978,-91.81,-0.9,1.28
1790616615.4905229,-91.81,-0.9,1.28
1790616615.550601,-91.81,-0.9,1.28
1790616615.590366,-91.81,-0.9,1.28
1790616615.650626,-91.81,-0.9,1.28
1790616615.6905658,-91.85,-0.9,1.28
1790616615.750536,-91.85,-0.9,1.28
1790616615.810407,-91.87,-0.89,1.28
1790616615.850487,-91.87,-0.89,1.28
1790616615.9102101,-91.88,-0.89,1.28
1790616615.950398,-91.84,-0.89,1.28
1790616616.0105128,-91.86,-0.89,1.27
1790616616.050626,-91.88,-0.89,1.28
1790616616.1103811,-91.9,-0.89,1.28
1790616616.171359,-91.9,-0.89,1.28
1790616616.211391,-91.9,-0.89,1.27
1790616616.271849,-91.9,-0.89,1.28
1790616616.311408,-91.9,-0.89,1.28
1790616616.371728,-91.9,-0.89,1.27
1790616616.411565,-91.92,-0.89,1.27
1790616616.472097,-91.97,-0.89,1.27
1790616616.5312588,-91.96,-0.89,1.27
1790616616.571403,-91.97,-0.89,1.27
1790616616.6310751,-91.96,-0.88,1.27
1790616616.673354,-91.93,-0.89,1.27
1790616616.73172,-91.93,-0.88,1.27
1790616616.7725298,-91.97,-0.88,1.27
1790616616.851406,-92.0,-0.88,1.27
1790616616.91136,-92.0,-0.88,1.27
1790616616.9711099,-92.0,-0.88,1.27
1790616617.011437,-92.01,-0.88,1.27
1790616617.071208,-92.02,-0.88,1.27
1790616617.1116009,-92.02,-0.88,1.27
1790616617.173173,-91.98,-0.88,1.27
1790616617.2117188,-92.01,-0.88,1.27
1790616617.2723808,-92.02,-0.88,1.27
1790616617.331872,-92.03,-0.87,1.27
1790616617.3712919,-92.04,-0.87,1.27
1790616617.4345012,-92.04,-0.87,1.27
1790616617.472899,-92.05,-0.87,1.28
1790616617.531683,-92.07,-0.87,1.27
1790616617.571535,-92.07,-0.87,1.27
1790616617.631828,-92.07,-0.87,1.27
1790616617.671385,-92.08,-0.87,1.27
1790616617.731401,-92.09,-0.87,1.27
1790616617.7947662,-92.1,-0.87,1.28
1790616617.85286,-92.12,-0.87,1.28
1790616617.892724,-92.13,-0.87,1.28
1790616617.952802,-92.14,-0.87,1.27
1790616618.0112839,-92.14,-0.87,1.27
1790616618.051557,-92.15,-0.86,1.28
1790616618.111389,-92.16,-0.86,1.28
1790616618.152703,-92.17,-0.86,1.27
1790616618.211363,-92.18,-0.87,1.27
1790616618.272461,-92.19,-0.87,1.27
1790616618.311543,-92.2,-0.86,1.27
1790616618.372339,-92.21,-0.86,1.27
1790616618.434243,-92.22,-0.86,1.27
1790616618.471383,-92.23,-0.86,1.27
1790616618.532864,-92.24,-0.86,1.27
1790616618.596401,-92.25,-0.85,1.27
1790616618.632828,-92.26,-0.85,1.27
1790616618.693108,-92.27,-0.85,1.27
1790616618.7336059,-92.27,-0.85,1.27
1790616618.793345,-92.28,-0.85,1.27
1790616618.85116,-92.29,-0.85,1.27
1790616618.893995,-92.34,-0.84,1.27
1790616618.9511611,-92.32,-0.84,1.27
1790616618.9942431,-92.35,-0.84,1.27
1790616619.053478,-92.34,-0.84,1.27
1790616619.111511,-92.34,-0.84,1.27
1790616619.171435,-92.34,-0.84,1.27
1790616619.211644,-92.35,-0.84,1.27
1790616619.2754428,-92.35,-0.84,1.27
1790616619.331808,-92.35,-0.84,1.27
1790616619.3922381,-92.35,-0.83,1.27
1790616619.431344,-92.39,-0.83,1.27
1790616619.492924,-92.39,-0.84,1.27
1790616619.551391,-92.41,-0.83,1.27
1790616619.5941591,-92.4,-0.84,1.27
1790616619.651474,-92.38,-0.84,1.28
1790616619.691467,-92.39,-0.84,1.28
1790616619.751339,-92.44,-0.84,1.28
1790616619.8113348,-92.45,-0.83,1.28
1790616619.871489,-92.45,-0.83,1.28
1790616619.9113832,-92.46,-0.83,1.27
1790616619.9713652,-92.46,-0.83,1.28
1790616620.011373,-92.46,-0.83,1.28
1790616620.071436,-92.47,-0.83,1.28
1790616620.111603,-92.48,-0.83,1.28
1790616620.1714618,-92.5,-0.83,1.27
1790616620.231544,-92.51,-0.83,1.28
1790616620.296007,-92.52,-0.83,1.28
1790616620.3317811,-92.52,-0.83,1.28
1790616620.3914618,-92.53,-0.83,1.28
1790616620.433372,-92.49,-0.83,1.28
1790616620.492197,-92.56,-0.83,1.27
1790616620.551352,-92.57,-0.83,1.28
1790616620.592483,-92.58,-0.83,1.28
1790616620.651184,-92.58,-0.83,1.27
1790616620.691936,-92.59,-0.83,1.27
1790616620.751124,-92.6,-0.83,1.27
1790616620.811318,-92.6,-0.83,1.27
1790616620.851207,-92.61,-0.83,1.27
1790616620.9115741,-92.62,-0.83,1.28
1790616620.951231,-92.65,-0.82,1.27
1790616621.011426,-92.66,-0.82,1.28
1790616621.071243,-92.67,-0.83,1.27
1790616621.1116009,-92.68,-0.82,1.27
1790616621.171264,-92.68,-0.82,1.28
1790616621.211335,-92.65,-0.81,1.27
1790616621.271432,-92.69,-0.82,1.28
1790616621.337321,-92.69,-0.81,1.28
1790616621.391671,-92.69,-0.81,1.28
1790616621.431735,-92.7,-0.82,1.28
1790616621.492662,-92.71,-0.82,1.28
1790616621.531341,-92.89,-0.8,1.25
1790616621.591778,-96.1,-0.73,1.29
1790616621.631346,-98.78,-0.63,1.33
1790616621.693942,-100.97,-0.56,1.33
1790616621.751424,-103.81,-0.5,1.29
1790616621.81121,-109.35,-0.26,1.34
1790616621.854721,-112.26,-0.19,1.37
1790616621.911148,-115.17,-0.08,1.37
1790616621.951614,-118.04,0.01,1.37
1790616622.011656,-121.0,0.11,1.4
1790616622.071189,-123.94,0.2,1.37
1790616622.111328,-126.85,0.3,1.35
1790616622.171517,-130.0,0.41,1.37
1790616622.2112792,-132.8,0.51,1.34
1790616622.271394,-135.93,0.61,1.37
1790616622.3112059,-138.79,0.66,1.29
1790616622.371285,-141.82,0.76,1.25
1790616622.432294,-144.95,0.85,1.27
1790616622.4713118,-147.79,0.92,1.17
1790616622.531905,-150.86,1.01,1.16
1790616622.57146,-153.47,1.07,1.09
1790616622.631752,-155.82,1.14,1.05
1790616622.693131,-158.16,1.21,0.99
1790616622.731981,-160.27,1.25,0.98
1790616622.812138,-163.96,1.33,0.86
1790616622.854421,-165.69,1.36,0.82
1790616622.9114509,-167.46,1.38,0.79
1790616622.971593,-168.7,1.43,0.72
1790616623.011399,-169.7,1.48,0.71
1790616623.071737,-170.96,1.51,0.7
1790616623.111358,-172.01,1.54,0.66
1790616623.17134,-172.84,1.55,0.63
1790616623.211544,-173.6,1.56,0.59
1790616623.271311,-174.31,1.57,0.56
1790616623.33114,-175.0,1.58,0.54
1790616623.392127,-175.59,1.59,0.52
1790616623.4541829,-176.21,1.62,0.48
1790616623.493543,-176.72,1.64,0.47
1790616623.553441,-177.25,1.66,0.48
1790616623.611398,-178.46,1.69,0.47
1790616623.653944,-179.04,1.69,0.46
1790616623.711328,-179.24,1.69,0.44
1790616623.77129,-179.25,1.69,0.44
1790616623.811232,-179.25,1.69,0.43
1790616623.8715,-179.24,1.69,0.43
1790616623.911245,-179.24,1.69,0.43
1790616623.971335,-179.24,1.69,0.43
1790616624.031522,-179.24,1.7,0.43
1790616624.071363,-179.23,1.7,0.43
1790616624.1315022,-179.25,1.7,0.43
1790616624.191031,-179.26,1.7,0.43
1790616624.232571,-179.26,1.7,0.43
1790616624.2933812,-179.26,1.7,0.43
1790616624.331243,-179.27,1.7,0.43
1790616624.391513,-179.27,1.7,0.43
1790616624.454287,-179.31,1.7,0.43
1790616624.49304,-179.35,1.7,0.43
1790616624.5526552,-179.34,1.7,0.43
1790616624.611491,-179.34,1.7,0.43
1790616624.6513438,-179.34,1.7,0.43
1790616624.711516,-179.35,1.7,0.42
1790616624.7526531,-179.35,1.7,0.42
1790616624.8128698,-179.36,1.7,0.43
1790616624.851561,-179.36,1.7,0.43
1790616624.914954,-179.37,1.7,0.42
1790616624.951605,-179.38,1.7,0.42
1790616625.011431,-179.39,1.72,0.42
1790616625.0716522,-179.46,1.78,0.41
1790616625.111566,-179.49,1.81,0.37
1790616625.1714618,-179.47,1.83,0.32
1790616625.231231,-179.57,1.77,0.28
1790616625.271295,-179.7,1.66,0.27
1790616625.331365,-179.79,1.61,0.26
1790616625.371218,-179.91,1.6,0.35
1790616625.4315,-180.0,1.55,0.35
1790616625.471178,179.93,1.54,0.36
1790616625.531348,179.89,1.56,0.31
1790616625.5934138,179.96,1.68,0.32
1790616625.631349,179.9,1.74,0.31
1790616625.693301,179.88,1.77,0.31
1790616625.751322,179.86,1.77,0.32
1790616625.8110862,179.83,1.83,0.33
1790616625.8518028,179.84,1.87,0.31
1790616625.9119139,179.81,1.89,0.31
1790616625.9517062,179.81,1.97,0.33
1790616626.0113122,179.83,2.0,0.32
1790616626.071274,179.78,2.09,0.33
1790616626.113604,179.8,2.1,0.33
1790616626.171146,179.79,2.16,0.31
1790616626.2113159,179.78,2.15,0.2
1790616626.271172,179.66,2.11,0.14
1790616626.3112772,179.74,2.08,0.12
1790616626.372641,179.72,2.04,0.07
1790616626.411268,179.73,2.03,0.08
1790616626.4672692,179.7,2.03,0.12
1790616626.5141919,179.7,2.01,0.15
1790616626.571548,179.63,1.98,0.16
1790616626.6310248,179.64,1.95,0.19
1790616626.671315,179.63,1.91,0.25
1790616626.731817,179.66,1.91,0.22
1790616626.771316,179.7,1.92,0.18
1790616626.8318799,179.75,1.91,0.17
1790616626.891382,179.76,1.91,0.17
1790616626.931295,179.77,1.92,0.17
1790616626.99157,179.77,1.92,0.18
1790616627.031258,179.78,1.91,0.2
1790616627.0912151,179.71,1.92,0.21
1790616627.151326,179.62,1.89,0.2
1790616627.192172,179.6,1.97,0.15
1790616627.252939,179.6,1.97,0.15
1790616627.313559,179.55,2.07,0.18
1790616627.353853,179.5,2.12,0.15
1790616627.4130712,179.51,2.08,0.14
1790616627.471152,179.49,2.05,0.15
1790616627.513255,179.46,2.03,0.11
1790616627.571271,179.47,2.04,0.13
1790616627.6163661,179.46,2.04,0.12
1790616627.671241,179.38,2.11,0.16
1790616627.713543,179.41,2.14,0.07
1790616627.771255,179.41,2.19,0.17
1790616627.8310652,179.4,2.17,0.2
1790616627.871258,179.39,2.14,0.18
1790616627.931464,179.37,2.12,0.2
1790616627.971255,179.38,2.06,0.22
1790616628.0381,179.35,2.02,0.23
1790616628.09118,179.3,2.0,0.21
1790616628.131279,179.32,1.98,0.21
1790616628.191169,179.32,1.93,0.28
1790616628.2312121,179.32,1.94,0.29
1790616628.3131661,179.31,1.88,0.3
1790616628.353332,179.33,1.82,0.27
1790616628.413289,179.31,1.8,0.26
1790616628.451595,179.29,1.8,0.31
1790616628.513495,179.29,1.75,0.26
1790616628.571504,179.24,1.71,0.24
1790616628.612733,179.25,1.72,0.28
1790616628.6714072,179.28,1.65,0.24
1790616628.731884,179.19,1.64,0.22
1790616628.772459,179.22,1.57,0.22
1790616628.8323252,179.16,1.57,0.21
1790616628.872695,179.19,1.61,0.32
1790616628.9321249,179.18,1.59,0.32
1790616628.972586,179.12,1.59,0.28
1790616629.032335,179.14,1.59,0.27
1790616629.072278,179.12,1.58,0.24
1790616629.132381,179.11,1.61,0.3
1790616629.192461,179.13,1.63,0.27
1790616629.232188,179.09,1.64,0.29
1790616629.292341,179.09,1.68,0.3
1790616629.332384,179.1,1.66,0.27
1790616629.3924422,179.1,1.69,0.27
1790616629.433386,179.08,1.67,0.29
1790616629.487473,179.03,1.67,0.29
1790616629.532251,179.04,1.69,0.3
1790616629.59248,179.01,1.69,0.3
1790616629.6323142,178.96,1.72,0.25
1790616629.6922581,178.99,1.73,0.26
1790616629.75213,178.98,1.74,0.35
1790616629.792244,179.0,1.74,0.31
1790616629.8521879,179.0,1.74,0.3
1790616629.9124951,178.99,1.75,0.33
1790616629.972043,179.01,1.74,0.28
1790616630.012684,178.96,1.79,0.34
1790616630.07214,178.96,1.87,0.29
1790616630.1320162,178.96,1.95,0.24
1790616630.1748831,178.91,1.93,0.24
1790616630.232378,178.91,1.92,0.24
1790616630.292511,178.92,1.92,0.24
1790616630.374542,178.92,1.91,0.24
1790616630.412239,178.92,1.91,0.25
1790616630.474763,178.92,1.92,0.25
1790616630.532191,178.91,1.92,0.26
1790616630.5747619,178.9,1.92,0.26
1790616630.632417,178.89,1.92,0.26
1790616630.692396,178.89,1.92,0.26
1790616630.732816,178.89,1.92,0.26
1790616630.7933571,178.89,1.92,0.26
1790616630.852146,178.89,1.92,0.26
1790616630.892211,178.89,1.92,0.25
1790616630.952416,178.89,1.92,0.26
1790616630.992264,178.89,1.92,0.26
1790616631.052991,177.74,1.92,0.24
1790616631.113268,174.7,1.92,0.16
1790616631.1524842,172.46,1.93,0.08
1790616631.212378,169.85,1.96,0.01
1790616631.2522082,167.27,1.98,-0.06
1790616631.314359,164.45,2.01,-0.16
1790616631.3747342,161.67,2.01,-0.25
1790616631.414737,158.85,1.96,-0.36
1790616631.47452,155.91,1.97,-0.53
1790616631.512009,152.95,1.97,-0.64
1790616631.57485,150.08,1.94,-0.68
1790616631.614431,147.11,1.94,-0.82
1790616631.675437,144.19,1.91,-0.9
1790616631.712878,141.13,1.91,-1.03
1790616631.774513,138.17,1.88,-1.16
1790616631.8320892,135.29,1.83,-1.22
1790616631.874824,132.2,1.82,-1.34
1790616631.93219,129.26,1.75,-1.4
1790616631.974685,126.22,1.69,-1.55
1790616632.033267,123.31,1.64,-1.61
1790616632.075708,120.29,1.55,-1.73
1790616632.133278,117.2,1.47,-1.83
1790616632.1741319,114.26,1.44,-1.9
1790616632.233387,111.29,1.33,-1.92
1790616632.274086,108.28,1.24,-1.99
1790616632.333212,105.31,1.13,-2.1
1790616632.39311,102.2,1.04,-2.16
1790616632.433085,99.27,0.95,-2.24
1790616632.493077,96.39,0.82,-2.31
1790616632.53321,93.25,0.76,-2.35
1790616632.613172,87.21,0.56,-2.43
1790616632.6741161,84.3,0.46,-2.49
1790616632.7133691,81.26,0.35,-2.55
1790616632.79298,78.22,0.24,-2.56
1790616632.8336902,75.24,0.12,-2.59
1790616632.893155,72.27,0.06,-2.59
1790616632.934299,69.19,-0.08,-2.55
1790616632.994355,66.22,-0.18,-2.62
1790616633.034267,63.17,-0.3,-2.58
1790616633.094379,60.21,-0.41,-2.57
1790616633.154208,57.2,-0.52,-2.55
1790616633.194358,51.2,-0.69,-2.54
1790616633.254188,51.2,-0.69,-2.54
1790616633.3141801,45.29,-0.94,-2.38
1790616633.374,42.19,-1.01,-2.37
1790616633.4143722,39.23,-1.1,-2.26
1790616633.4743302,36.19,-1.21,-2.27
1790616633.514407,33.25,-1.29,-2.19
1790616633.574476,30.31,-1.4,-2.16
1790616633.634146,27.56,-1.47,-2.1
1790616633.674334,25.09,-1.5,-2.03
1790616633.734875,22.58,-1.61,-1.93
1790616633.774206,20.5,-1.65,-1.84
1790616633.836483,18.33,-1.72,-1.76
1790616633.894217,16.35,-1.78,-1.7
1790616633.936043,14.64,-1.84,-1.74
1790616633.9947572,11.5,-1.89,-1.59
1790616634.0542688,10.17,-1.91,-1.56
1790616634.095108,8.95,-1.92,-1.51
1790616634.154259,8.07,-1.96,-1.5
1790616634.194238,7.13,-1.97,-1.48
1790616634.254386,6.25,-1.98,-1.44
1790616634.313945,5.52,-1.99,-1.4
1790616634.354898,4.88,-2.0,-1.36
1790616634.413995,4.35,-2.0,-1.34
1790616634.454197,3.7,-1.99,-1.32
1790616634.514359,3.13,-1.99,-1.29
1790616634.554209,2.52,-1.98,-1.28
1790616634.613987,1.87,-1.99,-1.26
1790616634.6542652,1.4,-1.99,-1.25
1790616634.714114,1.0,-1.99,-1.25
1790616634.773837,0.9,-1.99,-1.25
1790616634.8357902,0.9,-1.99,-1.25
1790616634.875566,0.89,-1.98,-1.25
1790616634.937276,0.89,-1.98,-1.24
1790616634.975411,0.89,-1.97,-1.24
1790616635.037405,0.89,-1.97,-1.24
1790616635.094344,0.92,-1.97,-1.24
1790616635.137555,0.9,-1.97,-1.24
1790616635.194361,0.89,-1.97,-1.24
1790616635.254733,0.88,-1.96,-1.24
1790616635.294157,0.88,-1.96,-1.24
1790616635.354101,0.88,-1.95,-1.24
1790616635.394061,0.88,-1.95,-1.23
1790616635.454071,0.87,-1.95,-1.23
1790616635.494404,0.87,-1.95,-1.23
1790616635.5542731,0.86,-1.95,-1.22
1790616635.594113,0.86,-1.95,-1.22
1790616635.6541,0.86,-1.94,-1.22
1790616635.714197,0.85,-1.94,-1.22
1790616635.754076,0.85,-1.94,-1.22
1790616635.814192,0.84,-1.94,-1.22
1790616635.874379,0.83,-1.94,-1.22
1790616635.914297,0.83,-1.94,-1.22
1790616635.975923,0.78,-1.94,-1.22
1790616636.014199,0.71,-1.95,-1.22
1790616636.075142,0.69,-1.95,-1.22
1790616636.1141398,0.69,-1.94,-1.22
1790616636.174028,0.7,-1.94,-1.21
1790616636.234574,0.7,-1.94,-1.22
1790616636.2743459,0.71,-1.94,-1.22
1790616636.334707,0.71,-1.94,-1.22
1790616636.394221,0.71,-1.94,-1.22
1790616636.434357,0.71,-1.94,-1.22
1790616636.4941308,0.67,-1.93,-1.22
1790616636.534654,0.58,-1.9,-1.23
1790616636.59409,0.49,-1.87,-1.3
1790616636.6359549,0.36,-1.88,-1.31
1790616636.69416,0.19,-1.91,-1.37
1790616636.734928,0.14,-2.01,-1.35
1790616636.794278,-0.04,-2.15,-1.35
1790616636.854048,-0.11,-2.21,-1.26
1790616636.9140391,-0.14,-2.17,-1.32
1790616636.9543018,-0.16,-2.11,-1.33
1790616637.0141811,-0.15,-2.03,-1.38
1790616637.094296,-0.21,-2.0,-1.32
1790616637.15408,-0.25,-2.05,-1.33
1790616637.194187,-0.24,-2.11,-1.33
1790616637.254827,-0.25,-2.15,-1.32
1790616637.3141272,-0.25,-2.18,-1.29
1790616637.3544781,-0.26,-2.19,-1.32
1790616637.41427,-0.32,-2.17,-1.33
1790616637.454474,-0.32,-2.21,-1.4
1790616637.5141618,-0.24,-2.19,-1.4
1790616637.574209,-0.14,-2.18,-1.41
1790616637.614135,-0.2,-2.21,-1.38
1790616637.6741061,-0.35,-2.25,-1.42
1790616637.7145479,-0.34,-2.28,-1.29
1790616637.774553,-0.28,-2.31,-1.26
1790616637.834469,-0.34,-2.34,-1.25
1790616637.8746629,-0.35,-2.36,-1.17
1790616637.934829,-0.29,-2.35,-1.14
1790616637.974241,-0.34,-2.36,-1.15
1790616638.0342999,-0.27,-2.4,-1.18
1790616638.096643,-0.31,-2.41,-1.2
1790616638.1342971,-0.38,-2.42,-1.26
1790616638.1941838,-0.39,-2.42,-1.23
1790616638.237278,-0.43,-2.48,-1.19
1790616638.295634,-0.41,-2.43,-1.21
1790616638.354244,-0.4,-2.43,-1.21
1790616638.3960042,-0.39,-2.42,-1.22
1790616638.454209,-0.39,-2.43,-1.22
1790616638.495992,-0.41,-2.45,-1.21
1790616638.555302,-0.39,-2.46,-1.23
1790616638.595274,-0.38,-2.44,-1.31
1790616638.6544,-0.37,-2.41,-1.24
1790616638.695734,-0.46,-2.37,-1.19
1790616638.754134,-0.47,-2.29,-1.24
1790616638.813969,-0.47,-2.26,-1.22
1790616638.8541281,-0.51,-2.23,-1.2
1790616638.9141572,-0.49,-2.27,-1.23
1790616638.954324,-0.5,-2.3,-1.26
1790616639.0143979,-0.51,-2.3,-1.27
1790616639.074241,-0.55,-2.29,-1.27
1790616639.1143382,-0.56,-2.32,-1.26
1790616639.1740758,-0.58,-2.28,-1.29
1790616639.234934,-0.56,-2.28,-1.29
1790616639.277358,-0.64,-2.21,-1.38
1790616639.354201,-0.63,-2.19,-1.21
1790616639.4143622,-0.66,-2.17,-1.22
1790616639.45413,-0.66,-2.19,-1.23
1790616639.5143301,-0.67,-2.2,-1.19
1790616639.573934,-0.68,-2.17,-1.21
1790616639.6141849,-0.65,-2.18,-1.22
1790616639.673943,-0.69,-2.12,-1.18
1790616639.7141461,-0.76,-2.12,-1.23
1790616639.774146,-0.74,-2.15,-1.21
1790616639.834829,-0.78,-2.1,-1.21
1790616639.874146,-0.74,-2.08,-1.21
1790616639.934638,-0.77,-2.1,-1.17
1790616639.9949608,-0.81,-2.11,-1.22
1790616640.034472,-0.77,-2.1,-1.2
1790616640.0961149,-0.77,-2.1,-1.17
1790616640.133981,-0.8,-2.07,-1.24
1790616640.196049,-0.81,-2.07,-1.2
1790616640.235032,-0.83,-2.06,-1.19
1790616640.2962508,-0.78,-2.06,-1.15
1790616640.3539178,-0.78,-2.06,-1.15
1790616640.396647,-0.81,-2.1,-1.19
1790616640.454509,-0.8,-2.05,-1.16
1790616640.495863,-0.78,-2.07,-1.21
1790616640.554591,-0.85,-2.07,-1.18
1790616640.595006,-0.87,-2.04,-1.22
1790616640.654138,-0.85,-2.05,-1.18
1790616640.713984,-0.86,-2.03,-1.22
1790616640.754069,-0.88,-2.0,-1.25
1790616640.8142269,-0.91,-2.02,-1.22
1790616640.85409,-0.92,-1.97,-1.26
1790616640.915586,-0.92,-2.02,-1.21
1790616640.974059,-0.94,-1.99,-1.14
1790616641.014508,-0.98,-1.96,-1.2
1790616641.075166,-0.96,-1.98,-1.17
1790616641.1145139,-0.97,-1.95,-1.21
1790616641.1741052,-0.94,-1.94,-1.21
1790616641.233854,-0.98,-1.93,-1.16
1790616641.2741408,-1.05,-1.89,-1.2
1790616641.334323,-1.0,-1.93,-1.21
1790616641.393912,-0.98,-1.9,-1.15
1790616641.434119,-1.02,-1.86,-1.2
1790616641.494559,-1.03,-1.88,-1.16
1790616641.554097,-1.07,-1.85,-1.2
1790616641.6154969,-0.99,-1.72,-1.16
1790616641.6542132,-1.0,-1.74,-1.15
1790616641.714436,-0.99,-1.75,-1.14
1790616641.774088,-1.0,-1.76,-1.14
1790616641.814282,-0.99,-1.76,-1.13
1790616641.874232,-0.99,-1.76,-1.13
1790616641.914591,-0.99,-1.76,-1.12
1790616641.974127,-0.98,-1.76,-1.12
1790616642.033896,-0.98,-1.76,-1.12
1790616642.0743198,-0.98,-1.76,-1.13
1790616642.134691,-0.98,-1.76,-1.13
1790616642.1743832,-0.98,-1.76,-1.13
1790616642.235391,-0.98,-1.76,-1.12
1790616642.29399,-0.97,-1.76,-1.12
1790616642.3359091,-0.97,-1.76,-1.12
1790616642.3940759,-0.97,-1.76,-1.12
1790616642.454082,-0.98,-1.76,-1.12
1790616642.493941,-1.51,-1.77,-1.12
1790616642.554724,-4.64,-1.79,-1.05
1790616642.614075,-7.14,-1.84,-0.91
1790616642.6540852,-9.47,-1.88,-0.81
1790616642.71431,-12.16,-1.9,-0.69
1790616642.7629921,-14.95,-1.94,-0.61
1790616642.814036,-17.66,-1.96,-0.59
1790616642.874072,-20.64,-1.97,-0.49
1790616642.9143932,-23.48,-2.0,-0.4
1790616642.97419,-26.29,-2.01,-0.36
1790616643.034558,-29.34,-1.99,-0.27
1790616643.0743392,-32.23,-1.99,-0.18
1790616643.1339562,-35.19,-1.97,-0.1
1790616643.174143,-38.23,-1.97,-0.0
1790616643.234105,-41.12,-1.94,0.06
1790616643.295688,-44.13,-1.92,0.15
1790616643.334065,-47.19,-1.88,0.21
1790616643.394069,-50.05,-1.81,0.31
1790616643.4340422,-53.21,-1.79,0.42
1790616643.494878,-56.06,-1.74,0.46
1790616643.534391,-59.16,-1.68,0.6
1790616643.594045,-61.91,-1.65,0.62
1790616643.6555688,-64.48,-1.56,0.7
1790616643.694227,-67.13,-1.48,0.79
1790616643.7544692,-69.31,-1.46,0.77
1790616643.837059,-73.59,-1.34,0.89
1790616643.894258,-75.32,-1.32,0.95
1790616643.934079,-77.04,-1.29,0.98
1790616643.9960651,-78.55,-1.24,0.96
1790616644.05604,-80.86,-1.18,1.06
1790616644.095532,-81.9,-1.15,1.09
1790616644.155741,-82.89,-1.13,1.14
1790616644.214103,-83.71,-1.11,1.15
1790616644.2737122,-84.41,-1.09,1.15
1790616644.3338208,-85.05,-1.05,1.15
1790616644.374203,-85.65,-1.03,1.17
1790616644.4345942,-86.27,-1.01,1.18
1790616644.473957,-86.87,-0.98,1.2
1790616644.5354419,-87.45,-0.97,1.21
1790616644.5950668,-87.98,-0.96,1.22
1790616644.634232,-88.53,-0.94,1.23
1790616644.694022,-89.07,-0.92,1.25
1790616644.75414,-89.31,-0.92,1.25
1790616644.814008,-89.31,-0.92,1.24
1790616644.8556008,-89.32,-0.91,1.24
1790616644.914196,-89.33,-0.91,1.24
1790616644.973927,-89.34,-0.91,1.24
1790616645.0141408,-89.34,-0.91,1.24
1790616645.0738199,-89.32,-0.91,1.23
1790616645.114093,-89.36,-0.91,1.23
1790616645.1751392,-89.38,-0.9,1.23
1790616645.233838,-89.39,-0.9,1.24
1790616645.273958,-89.4,-0.9,1.24
1790616645.334065,-89.4,-0.9,1.24
1790616645.3740852,-89.41,-0.9,1.24
1790616645.43403,-89.41,-0.9,1.24
1790616645.474037,-89.42,-0.9,1.25
1790616645.534867,-89.5,-0.91,1.25
1790616645.5741792,-89.49,-0.9,1.25
1790616645.634071,-89.54,-0.9,1.25
1790616645.69387,-89.55,-0.9,1.25
1790616645.734557,-89.55,-0.91,1.25
1790616645.7941,-89.55,-0.9,1.25
1790616645.8542259,-89.55,-0.91,1.25
1790616645.895361,-89.55,-0.91,1.25
1790616645.954081,-89.55,-0.9,1.25
1790616645.993985,-89.55,-0.9,1.25
1790616646.056957,-89.55,-0.9,1.25
1790616646.1141398,-89.6,-0.88,1.25
1790616646.174381,-89.59,-0.8,1.22
1790616646.2338078,-89.66,-0.77,1.2
1790616646.2747462,-89.78,-0.81,1.1
1790616646.333833,-89.84,-0.85,1.1
1790616646.3742971,-89.92,-0.97,1.16
1790616646.434023,-90.04,-1.05,1.2
1790616646.494493,-90.11,-1.08,1.24
1790616646.533972,-90.15,-1.15,1.3
1790616646.595783,-90.15,-1.13,1.23
1790616646.634023,-90.19,-1.13,1.16
1790616646.69417,-90.19,-1.08,1.2
1790616646.7538078,-90.24,-1.09,1.23
1790616646.81389,-90.24,-1.18,1.24
1790616646.854284,-90.29,-1.2,1.3
1790616646.9174662,-90.31,-1.17,1.24
1790616646.974026,-90.26,-1.15,1.24
1790616647.014215,-90.27,-1.09,1.27
1790616647.07429,-90.3,-1.01,1.24
1790616647.114031,-90.3,-0.91,1.28
1790616647.1743171,-90.39,-0.85,1.31
1790616647.2358541,-90.35,-0.79,1.29
1790616647.294147,-90.41,-0.79,1.24
1790616647.334004,-90.53,-0.74,1.24
1790616647.393857,-90.57,-0.69,1.25
1790616647.4340339,-90.49,-0.7,1.22
1790616647.493855,-90.44,-0.62,1.22
1790616647.53393,-90.41,-0.64,1.2
1790616647.593954,-90.49,-0.53,1.25
1790616647.657268,-90.49,-0.51,1.26
1790616647.695171,-90.46,-0.49,1.26
1790616647.754377,-90.49,-0.5,1.21
1790616647.816488,-90.41,-0.47,1.23
1790616647.8739772,-90.54,-0.46,1.29
1790616647.933876,-90.53,-0.49,1.27
1790616647.9738948,-90.52,-0.54,1.3
1790616648.033888,-90.5,-0.62,1.26
1790616648.093947,-90.67,-0.64,1.29
1790616648.1339011,-90.61,-0.66,1.35
1790616648.1940322,-90.79,-0.68,1.5
1790616648.254881,-90.8,-0.69,1.52
1790616648.334,-90.51,-0.66,1.47
1790616648.374801,-90.48,-0.64,1.45
1790616648.434071,-90.44,-0.63,1.42
1790616648.474373,-90.4,-0.64,1.39
1790616648.5342479,-90.4,-0.66,1.37
1790616648.574309,-90.42,-0.68,1.41
1790616648.634258,-90.4,-0.7,1.4
1790616648.674123,-90.39,-0.7,1.4
1790616648.734741,-90.38,-0.72,1.37
1790616648.7941508,-90.39,-0.74,1.37
1790616648.8538291,-90.45,-0.74,1.37
1790616648.893964,-90.53,-0.72,1.4
1790616648.953973,-90.47,-0.73,1.4
1790616649.015538,-90.43,-0.78,1.38
1790616649.054416,-90.33,-0.81,1.33
1790616649.114959,-90.36,-0.81,1.33
1790616649.1550982,-90.36,-0.8,1.34
1790616649.214904,-90.36,-0.8,1.35
1790616649.255003,-90.36,-0.8,1.36
1790616649.315179,-90.36,-0.79,1.36
1790616649.3550222,-90.36,-0.79,1.36
1790616649.414785,-90.36,-0.79,1.37
1790616649.455094,-90.36,-0.79,1.37
1790616649.515148,-90.36,-0.79,1.37
1790616649.555153,-90.36,-0.79,1.37
1790616649.6149702,-90.36,-0.79,1.37
1790616649.654902,-90.36,-0.79,1.37
1790616649.715276,-90.36,-0.79,1.37
1790616649.775359,-90.36,-0.79,1.37
1790616649.8349,-90.35,-0.79,1.37
1790616649.875166,-90.36,-0.79,1.37
1790616649.935215,-90.36,-0.79,1.37
1790616649.975169,-90.36,-0.79,1.37
1790616650.036226,-90.36,-0.79,1.37
1790616650.094879,-90.36,-0.79,1.37
1790616650.135791,-90.36,-0.79,1.37
1790616650.1947489,-90.36,-0.8,1.37
1790616650.235562,-90.36,-0.8,1.37
1790616650.2959511,-90.36,-0.8,1.37
1790616650.3547,-90.35,-0.8,1.37
1790616650.395005,-90.35,-0.8,1.37
1790616650.455856,-90.35,-0.8,1.36
1790616650.494876,-90.35,-0.8,1.36
1790616650.577122,-90.35,-0.8,1.36
1790616650.616301,-90.34,-0.8,1.36
1790616650.674945,-90.34,-0.8,1.36
1790616650.7174258,-90.34,-0.8,1.37
1790616650.775189,-90.34,-0.8,1.37
1790616650.834914,-90.33,-0.8,1.36
1790616650.8782248,-90.33,-0.8,1.36
1790616650.934962,-90.33,-0.8,1.37
1790616650.977948,-90.33,-0.8,1.36
1790616651.0362382,-90.35,-0.8,1.36
1790616651.095912,-90.33,-0.8,1.36
1790616651.136126,-90.33,-0.8,1.36
1790616651.196203,-90.33,-0.79,1.36
1790616651.256109,-90.32,-0.79,1.36
1790616651.296018,-90.32,-0.79,1.37
1790616651.355849,-90.32,-0.79,1.38
1790616651.416152,-90.33,-0.79,1.38
1790616651.456576,-90.35,-0.79,1.39
1790616651.516204,-90.34,-0.79,1.38
1790616651.579207,-90.4,-0.79,1.38
1790616651.61822,-90.43,-0.79,1.38
1790616651.6784608,-90.45,-0.79,1.38
1790616651.7366982,-90.45,-0.79,1.37
1790616651.7961369,-90.46,-0.79,1.37
1790616651.8365598,-90.47,-0.8,1.37
1790616651.896238,-90.47,-0.8,1.36
1790616651.936018,-90.47,-0.8,1.36
1790616651.996126,-90.47,-0.8,1.36
1790616652.055886,-90.47,-0.8,1.36
1790616652.095979,-90.49,-0.8,1.35
1790616652.156088,-90.53,-0.81,1.35
1790616652.2173178,-90.51,-0.81,1.35
1790616652.255788,-90.52,-0.81,1.35
1790616652.3158069,-90.52,-0.81,1.35
1790616652.37787,-90.52,-0.81,1.35
1790616652.415927,-90.51,-0.81,1.35
1790616652.478396,-90.5,-0.81,1.35
1790616652.535985,-90.49,-0.81,1.34
1790616652.576289,-90.49,-0.81,1.34
1790616652.6360588,-90.46,-0.81,1.34
1790616652.696432,-90.46,-0.82,1.34
1790616652.7365792,-90.51,-0.82,1.34
1790616652.8161302,-90.53,-0.82,1.33
1790616652.876384,-90.53,-0.82,1.33
1790616652.9183831,-90.53,-0.82,1.33
1790616652.976182,-90.54,-0.82,1.33
1790616653.01741,-90.54,-0.82,1.32
1790616653.077985,-90.55,-0.82,1.32
1790616653.135894,-90.56,-0.82,1.32
1790616653.176641,-90.56,-0.82,1.32
1790616653.236552,-90.56,-0.82,1.32
1790616653.296035,-90.53,-0.83,1.31
1790616653.3557,-90.55,-0.83,1.31
1790616653.3959732,-90.55,-0.83,1.31
1790616653.455729,-90.54,-0.83,1.31
1790616653.4960158,-90.53,-0.83,1.31
1790616653.555955,-90.53,-0.83,1.31
1790616653.596192,-90.53,-0.83,1.3
1790616653.655952,-90.52,-0.83,1.3
1790616653.7157052,-90.52,-0.83,1.3
1790616653.755966,-90.52,-0.83,1.3
1790616653.8161159,-90.52,-0.83,1.3
1790616653.8758678,-90.53,-0.83,1.3
1790616653.915861,-90.54,-0.84,1.29
1790616653.9757178,-90.55,-0.84,1.29
1790616654.016028,-90.56,-0.84,1.29
1790616654.07597,-90.57,-0.84,1.29
1790616654.136941,-90.57,-0.85,1.29
1790616654.1760051,-90.58,-0.85,1.28
1790616654.236144,-90.58,-0.85,1.28
1790616654.2960188,-90.59,-0.85,1.28
1790616654.343649,-90.59,-0.85,1.28
1790616654.3957639,-90.59,-0.85,1.28
1790616654.435812,-90.58,-0.85,1.27
1790616654.496463,-90.58,-0.86,1.27
1790616654.555826,-90.58,-0.86,1.27
1790616654.596204,-90.58,-0.86,1.27
1790616654.6574552,-90.58,-0.86,1.27
1790616654.69589,-90.59,-0.86,1.27
1790616654.756145,-90.6,-0.86,1.26
1790616654.81575,-90.66,-0.86,1.26
1790616654.855885,-90.63,-0.87,1.26
1790616654.915692,-90.66,-0.86,1.26
1790616654.955925,-90.69,-0.86,1.26
1790616655.0168588,-90.7,-0.86,1.25
1790616655.078142,-90.71,-0.86,1.25
1790616655.137138,-90.72,-0.87,1.25
1790616655.176109,-90.73,-0.87,1.25
1790616655.238254,-90.74,-0.87,1.25
1790616655.296269,-90.75,-0.87,1.24
1790616655.337982,-90.76,-0.87,1.24
1790616655.396435,-90.82,-0.87,1.23
1790616655.455702,-90.82,-0.87,1.23
1790616655.495935,-90.84,-0.87,1.23
1790616655.5557902,-90.85,-0.87,1.23
1790616655.596011,-90.85,-0.88,1.23
1790616655.657411,-90.85,-0.88,1.23
1790616655.695968,-90.85,-0.87,1.23
1790616655.772384,-90.86,-0.87,1.23
1790616655.816087,-90.86,-0.88,1.23
1790616655.876438,-90.84,-0.88,1.23
1790616655.9161768,-90.82,-0.87,1.23
1790616655.976235,-90.9,-0.87,1.22
1790616656.016196,-90.91,-0.87,1.22
1790616656.0772648,-90.91,-0.88,1.22
1790616656.116011,-90.91,-0.88,1.22
1790616656.176641,-90.9,-0.88,1.22
1790616656.237275,-89.96,-0.88,1.22
1790616656.2778392,-87.34,-0.96,1.18
1790616656.338913,-85.04,-1.03,1.15
1790616656.3769019,-82.61,-1.13,1.13
1790616656.4374,-80.11,-1.2,1.09
1790616656.4969542,-74.71,-1.34,1.0
1790616656.557471,-71.96,-1.41,0.93
1790616656.5972102,-69.06,-1.46,0.86
1790616656.6582222,-66.2,-1.53,0.76
1790616656.717154,-63.34,-1.57,0.67
1790616656.757708,-60.37,-1.62,0.57
1790616656.8372731,-57.48,-1.68,0.47
1790616656.87694,-54.51,-1.72,0.43
1790616656.937681,-51.54,-1.74,0.33
1790616656.997822,-45.61,-1.83,0.11
1790616657.0566962,-42.62,-1.87,-0.03
1790616657.0972202,-39.67,-1.89,-0.09
1790616657.156621,-36.69,-1.88,-0.21
1790616657.196845,-33.7,-1.89,-0.32
1790616657.284805,-30.93,-1.92,-0.39
1790616657.3382459,-25.63,-1.9,-0.59
1790616657.3969479,-23.14,-1.9,-0.6
1790616657.456875,-21.0,-1.89,-0.72
1790616657.496777,-18.95,-1.88,-0.79
1790616657.5569038,-17.15,-1.88,-0.83
1790616657.5969,-15.37,-1.85,-0.88
1790616657.656885,-13.91,-1.84,-0.95
1790616657.697013,-12.42,-1.83,-1.02
1790616657.772125,-11.12,-1.82,-1.07
1790616657.8169248,-10.07,-1.81,-1.1
1790616657.8767538,-8.93,-1.81,-1.12
1790616657.91797,-7.72,-1.8,-1.13
1790616657.9775941,-7.09,-1.79,-1.17
1790616658.016862,-6.3,-1.78,-1.2
1790616658.076908,-5.55,-1.79,-1.23
1790616658.137142,-4.94,-1.78,-1.25
1790616658.180924,-4.43,-1.78,-1.26
1790616658.236948,-3.77,-1.78,-1.28
1790616658.27724,-3.22,-1.78,-1.29
1790616658.337443,-2.7,-1.77,-1.32
1790616658.3970041,-2.15,-1.75,-1.35
1790616658.43978,-1.58,-1.73,-1.35
1790616658.500677,-0.58,-1.7,-1.33
1790616658.5568588,-0.33,-1.71,-1.34
1790616658.597205,-0.27,-1.71,-1.34
1790616658.656814,-0.27,-1.71,-1.34
1790616658.7167711,-0.26,-1.71,-1.35
1790616658.756754,-0.26,-1.71,-1.35
1790616658.816812,-0.26,-1.71,-1.35
1790616658.87691,-0.26,-1.71,-1.36
1790616658.9379861,-0.27,-1.71,-1.36
1790616658.976855,-0.25,-1.71,-1.36
1790616659.039284,-0.25,-1.71,-1.36
1790616659.077905,-0.25,-1.71,-1.36
1790616659.136966,-0.25,-1.71,-1.36
1790616659.198804,-0.25,-1.71,-1.36
1790616659.236817,-0.25,-1.71,-1.36
1790616659.300582,-0.25,-1.71,-1.36
1790616659.3570712,-0.23,-1.71,-1.36
1790616659.397989,-0.28,-1.72,-1.37
1790616659.4570932,-0.25,-1.71,-1.37
1790616659.499407,-0.25,-1.71,-1.37
1790616659.5768561,-0.24,-1.71,-1.37
1790616659.617484,-0.24,-1.72,-1.37
1790616659.677085,-0.24,-1.72,-1.37
1790616659.739726,-0.24,-1.72,-1.37
1790616659.799126,-0.24,-1.72,-1.38
1790616659.8566542,-0.24,-1.72,-1.38
1790616659.89903,-0.23,-1.69,-1.37
1790616659.9568021,-0.17,-1.62,-1.35
1790616659.999265,-0.05,-1.63,-1.32
1790616660.0576231,-0.06,-1.66,-1.35
1790616660.099357,-0.08,-1.72,-1.3
1790616660.156981,-0.07,-1.78,-1.32
1790616660.216873,-0.08,-1.87,-1.37
1790616660.2578702,-0.07,-1.87,-1.46
1790616660.316779,-0.07,-1.9,-1.47
1790616660.35687,-0.07,-1.88,-1.49
1790616660.416836,-0.1,-1.85,-1.46
1790616660.456811,-0.09,-1.87,-1.48
1790616660.5174809,-0.13,-1.82,-1.48
1790616660.556837,-0.15,-1.87,-1.49
1790616660.6168692,-0.13,-1.9,-1.51
1790616660.676851,-0.18,-1.92,-1.53
1790616660.717162,-0.19,-1.88,-1.54
1790616660.7768488,-0.19,-1.82,-1.52
1790616660.836829,-0.17,-1.84,-1.56
1790616660.876888,-0.22,-1.82,-1.55
1790616660.93683,-0.22,-1.81,-1.55
1790616660.9977002,-0.21,-1.81,-1.49
1790616661.036939,-0.27,-1.81,-1.5
1790616661.103667,-0.25,-1.82,-1.49
1790616661.1571178,-0.32,-1.83,-1.5
1790616661.1986518,-0.28,-1.85,-1.5
1790616661.257083,-0.27,-1.87,-1.53
1790616661.317989,-0.32,-1.85,-1.55
1790616661.3570051,-0.26,-1.89,-1.73
1790616661.4172502,-0.36,-1.98,-1.59
1790616661.476811,-0.36,-1.97,-1.58
1790616661.517,-0.32,-2.03,-1.59
1790616661.576731,-0.37,-2.03,-1.57
1790616661.639232,-0.35,-2.07,-1.64
1790616661.6767108,-0.38,-2.07,-1.66
1790616661.7369092,-0.38,-2.08,-1.65
1790616661.818281,-0.4,-2.08,-1.66
1790616661.857145,-0.46,-2.06,-1.62
1790616661.916817,-0.45,-2.05,-1.63
1790616661.9768069,-0.42,-2.05,-1.62
1790616662.0168252,-0.44,-2.08,-1.59
1790616662.076803,-0.43,-2.1,-1.63
1790616662.1169899,-0.43,-2.1,-1.64
1790616662.176904,-0.44,-2.1,-1.64
1790616662.237847,-0.44,-2.09,-1.63
1790616662.297013,-0.43,-2.09,-1.63
1790616662.336912,-0.42,-2.08,-1.62
1790616662.3971589,-0.42,-2.08,-1.62
1790616662.456658,-0.42,-2.08,-1.62
1790616662.497004,-0.41,-2.08,-1.62
1790616662.557475,-0.41,-2.08,-1.62
1790616662.598133,-0.41,-2.08,-1.62
1790616662.661791,-0.41,-2.08,-1.62
1790616662.717804,-0.41,-2.08,-1.62
1790616662.76352,-0.41,-2.08,-1.62
1790616662.817034,-0.41,-2.08,-1.62
1790616662.862894,-0.38,-2.08,-1.63
1790616662.9385788,-0.46,-2.08,-1.63
1790616662.977752,-0.48,-2.09,-1.63
1790616663.038275,-0.49,-2.09,-1.63
1790616663.077919,-0.49,-2.09,-1.62
1790616663.1377559,-0.5,-2.09,-1.62
1790616663.177854,-0.5,-2.09,-1.63
1790616663.237549,-0.51,-2.09,-1.63
1790616663.2980092,-0.51,-2.09,-1.63
1790616663.3377762,-0.51,-2.09,-1.63
1790616663.3981068,-0.52,-2.1,-1.64
1790616663.437758,-0.52,-2.1,-1.64
1790616663.49843,-0.53,-2.1,-1.64
1790616663.537777,-0.53,-2.1,-1.64
1790616663.599445,-0.55,-2.11,-1.64
1790616663.661134,-0.56,-2.11,-1.64
1790616663.698445,-0.57,-2.11,-1.64
1790616663.766689,-0.58,-2.11,-1.64
1790616663.818004,-0.59,-2.11,-1.64
1790616663.877905,-0.6,-2.11,-1.64
1790616663.918051,-0.71,-2.12,-1.64
1790616663.9778838,-0.72,-2.11,-1.64
1790616664.0378041,-0.73,-2.12,-1.64
1790616664.097825,-0.74,-2.11,-1.65
1790616664.162722,-0.74,-2.11,-1.65
1790616664.217988,-0.74,-2.11,-1.65
1790616664.264271,-0.75,-2.11,-1.65
1790616664.317931,-0.75,-2.11,-1.65
1790616664.378258,-0.74,-2.11,-1.65
1790616664.419352,-0.73,-2.11,-1.66
1790616664.482264,-0.8,-2.11,-1.66
1790616664.517806,-0.83,-2.11,-1.66
1790616664.578301,-0.82,-2.11,-1.66
1790616664.6375701,-0.82,-2.12,-1.65
1790616664.678027,-0.82,-2.11,-1.65
1790616664.7375638,-0.82,-2.11,-1.65
1790616664.797716,-0.83,-2.11,-1.65
1790616664.837753,-0.83,-2.11,-1.65
1790616664.8983319,-0.83,-2.11,-1.64
1790616664.959591,-0.83,-2.12,-1.64
1790616664.998114,-0.83,-2.12,-1.63
1790616665.058055,-0.86,-2.12,-1.63
1790616665.11768,-0.87,-2.12,-1.63
1790616665.1606889,-0.87,-2.12,-1.62
1790616665.218116,-0.87,-2.12,-1.62
1790616665.277751,-0.88,-2.12,-1.62
1790616665.3379579,-0.87,-2.12,-1.62
1790616665.397748,-0.88,-2.12,-1.62
1790616665.459313,-0.88,-2.12,-1.62
1790616665.4979048,-0.89,-2.12,-1.61
1790616665.562036,-0.86,-2.12,-1.61
1790616665.599574,-0.9,-2.12,-1.61
1790616665.658182,-0.91,-2.12,-1.61
1790616665.7180228,-0.92,-2.12,-1.61
1790616665.764659,-0.92,-2.12,-1.6
1790616665.8179069,-0.92,-2.12,-1.6
1790616665.878309,-0.92,-2.12,-1.6
1790616665.917821,-0.91,-2.12,-1.6
1790616665.978026,-0.91,-2.12,-1.6
1790616666.017923,-0.91,-2.12,-1.59
1790616666.078159,-0.9,-2.12,-1.6
1790616666.138998,-0.9,-2.13,-1.59
1790616666.177706,-0.9,-2.13,-1.6
1790616666.237833,-0.89,-2.13,-1.59
1790616666.3178391,-0.91,-2.13,-1.59
1790616666.3779762,-0.92,-2.12,-1.59
1790616666.4223979,-0.92,-2.13,-1.59
1790616666.477707,-0.93,-2.13,-1.58
1790616666.537961,-0.94,-2.13,-1.58
1790616666.57776,-0.94,-2.13,-1.58
1790616666.6378481,-0.95,-2.13,-1.58
1790616666.6980312,-0.96,-2.13,-1.57
1790616666.7688682,-0.96,-2.13,-1.57
1790616666.821505,-0.97,-2.13,-1.57
1790616666.8779352,-0.97,-2.13,-1.57
1790616666.9210932,-0.98,-2.13,-1.57
1790616666.9780722,-0.98,-2.13,-1.56
1790616667.021766,-0.98,-2.13,-1.56
1790616667.078069,-0.98,-2.13,-1.55
1790616667.137674,-0.98,-2.13,-1.55
1790616667.1778932,-0.98,-2.13,-1.55
1790616667.238569,-0.98,-2.13,-1.54
1790616667.297986,-0.98,-2.13,-1.54
1790616667.337827,-0.97,-2.13,-1.54
1790616667.397567,-0.98,-2.13,-1.54
1790616667.4379342,-0.99,-2.13,-1.53
1790616667.497888,-0.99,-2.13,-1.53
1790616667.5379279,-1.01,-2.14,-1.53
1790616667.5979142,-1.02,-2.14,-1.53
1790616667.657513,-1.04,-2.14,-1.53
1790616667.697841,-1.08,-2.14,-1.53
1790616667.7624269,-1.06,-2.14,-1.52
1790616667.797983,-1.07,-2.14,-1.52
1790616667.857733,-1.08,-2.14,-1.51
1790616667.9231172,-1.08,-2.14,-1.51
1790616667.957831,-1.09,-2.14,-1.51
1790616668.018844,-1.09,-2.14,-1.51
1790616668.0579572,-1.09,-2.14,-1.51
1790616668.124736,-1.09,-2.14,-1.5
1790616668.160948,-1.1,-2.14,-1.5
1790616668.224799,-1.1,-2.14,-1.5
1790616668.268225,-1.1,-2.14,-1.5
1790616668.318513,-1.14,-2.14,-1.5
1790616668.377575,-1.13,-2.14,-1.49
1790616668.437696,-1.11,-2.14,-1.49
1790616668.5019531,-1.11,-2.14,-1.48
1790616668.560319,-1.11,-2.14,-1.48
1790616668.5978508,-1.11,-2.14,-1.48
1790616668.6584861,-1.1,-2.14,-1.48
1790616668.6986392,-1.1,-2.14,-1.48
1790616668.757833,-1.07,-2.13,-1.47
1790616668.8183649,-1.08,-2.13,-1.48
1790616668.857771,-1.13,-2.14,-1.47
1790616668.917608,-1.14,-2.14,-1.47
1790616668.9778728,-1.15,-2.14,-1.47
1790616669.038136,-1.16,-2.14,-1.46
1790616669.077694,-1.17,-2.14,-1.46
1790616669.137623,-1.68,-2.15,-1.46
1790616669.177931,-5.13,-2.22,-1.35
1790616669.237668,-7.63,-2.25,-1.27
1790616669.2978659,-12.88,-2.33,-1.03
1790616669.357572,-15.66,-2.35,-0.95
1790616669.397791,-18.37,-2.39,-0.84
1790616669.4579048,-21.41,-2.42,-0.64
1790616669.518188,-24.2,-2.41,-0.57
1790616669.558796,-27.2,-2.42,-0.45
1790616669.6230972,-30.16,-2.39,-0.32
1790616669.65914,-33.11,-2.39,-0.15
1790616669.7179399,-36.07,-2.39,0.0
1790616669.777577,-39.07,-2.35,0.09
1790616669.818635,-42.04,-2.33,0.2
1790616669.877749,-45.0,-2.31,0.35
1790616669.9377558,-48.05,-2.25,0.45
1790616669.9786959,-50.97,-2.2,0.57
1790616670.038008,-54.05,-2.17,0.66
1790616670.077746,-57.01,-2.12,0.8
1790616670.138409,-59.99,-2.05,0.91
1790616670.1778162,-62.58,-2.01,1.0
1790616670.237799,-65.39,-1.9,1.09
1790616670.297587,-67.82,-1.81,1.17
1790616670.3379781,-69.84,-1.77,1.24
1790616670.397559,-74.14,-1.63,1.33
1790616670.457681,-75.68,-1.59,1.35
1790616670.497646,-77.43,-1.53,1.38
1790616670.558364,-78.93,-1.51,1.42
1790616670.597604,-79.97,-1.47,1.46
1790616670.6578162,-81.09,-1.43,1.49
1790616670.717547,-82.14,-1.38,1.5
1790616670.797927,-83.81,-1.31,1.57
1790616670.837895,-84.54,-1.28,1.6
1790616670.897737,-85.27,-1.25,1.61
1790616670.9577699,-85.83,-1.24,1.62
1790616670.9977448,-86.4,-1.23,1.64
1790616671.057699,-87.0,-1.21,1.66
1790616671.097711,-87.56,-1.19,1.69
1790616671.157909,-88.13,-1.17,1.71
1790616671.197658,-88.67,-1.15,1.7
1790616671.2621639,-89.22,-1.12,1.7
1790616671.317943,-89.3,-1.12,1.7
1790616671.3579788,-89.33,-1.12,1.7
1790616671.41825,-89.34,-1.11,1.7
1790616671.4812858,-89.36,-1.11,1.71
1790616671.5180569,-89.37,-1.11,1.71
1790616671.5826602,-89.38,-1.11,1.72
1790616671.618285,-89.38,-1.1,1.72
1790616671.681311,-89.4,-1.1,1.72
1790616671.720018,-89.46,-1.1,1.72
1790616671.783129,-89.46,-1.1,1.73
1790616671.837814,-89.47,-1.1,1.73
1790616671.8834822,-89.47,-1.1,1.74
1790616671.938792,-89.48,-1.1,1.74
1790616671.9809291,-89.49,-1.1,1.75
1790616672.037877,-89.5,-1.09,1.75
1790616672.08354,-89.53,-1.09,1.75
1790616672.137643,-89.6,-1.1,1.76
1790616672.1980531,-89.61,-1.1,1.77
1790616672.237739,-89.63,-1.09,1.77
1790616672.2978141,-89.64,-1.09,1.77
1790616672.357707,-89.66,-1.09,1.78
1790616672.397762,-89.66,-1.09,1.78
1790616672.45786,-89.68,-1.09,1.78
1790616672.497825,-89.69,-1.09,1.78
1790616672.557908,-89.7,-1.08,1.79
1790616672.5977678,-89.79,-1.05,1.77
1790616672.657872,-89.93,-0.99,1.76
1790616672.697676,-90.09,-0.97,1.71
1790616672.7577019,-90.16,-1.01,1.66
1790616672.819485,-90.21,-1.11,1.7
1790616672.882796,-90.26,-1.23,1.76
1790616672.918236,-90.27,-1.28,1.75
1790616672.989562,-90.27,-1.35,1.8
1790616673.0458171,-90.3,-1.36,1.8
1790616673.097903,-90.32,-1.36,1.77
1790616673.1576068,-90.3,-1.32,1.75
1790616673.197691,-90.36,-1.31,1.73
1790616673.257571,-90.36,-1.35,1.79
1790616673.317717,-90.35,-1.35,1.74
1790616673.3576472,-90.34,-1.28,1.77
1790616673.417644,-90.32,-1.28,1.74
1790616673.457542,-90.34,-1.21,1.73
1790616673.517811,-90.36,-1.17,1.73
1790616673.577949,-90.35,-1.09,1.74
1790616673.637671,-90.35,-1.03,1.76
1790616673.682719,-90.38,-0.94,1.77
1790616673.737951,-90.38,-0.89,1.78
1790616673.7976341,-90.38,-0.84,1.76
1790616673.837771,-90.43,-0.77,1.8
1790616673.898261,-90.41,-0.71,1.83
1790616673.957922,-90.42,-0.65,1.75
1790616673.997698,-90.41,-0.67,1.74
1790616674.057866,-90.4,-0.65,1.73
1790616674.097755,-90.47,-0.67,1.78
1790616674.157621,-90.43,-0.72,1.79
1790616674.21761,-90.48,-0.68,1.69
1790616674.2662358,-90.45,-0.75,1.78
1790616674.3174772,-90.44,-0.73,1.68
1790616674.360013,-90.49,-0.75,1.66
1790616674.417661,-90.54,-0.75,1.61
1790616674.4577029,-90.57,-0.78,1.63
1790616674.51762,-90.65,-0.78,1.61
1790616674.5577128,-90.64,-0.76,1.64
1790616674.61763,-90.64,-0.76,1.65
1790616674.6590521,-90.65,-0.75,1.66
1790616674.71826,-90.65,-0.75,1.67
1790616674.778091,-90.64,-0.75,1.67
1790616674.837795,-90.64,-0.75,1.68
1790616674.8777611,-90.64,-0.75,1.68
1790616674.93765,-90.64,-0.75,1.68
1790616674.997697,-90.65,-0.75,1.68
1790616675.057924,-90.65,-0.75,1.69
1790616675.0987,-90.67,-0.75,1.69
1790616675.1581929,-90.67,-0.75,1.69
1790616675.2233222,-90.66,-0.75,1.7
1790616675.2778292,-90.65,-0.75,1.7
1790616675.341193,-90.64,-0.75,1.7
1790616675.397488,-90.65,-0.75,1.7
1790616675.437797,-90.65,-0.75,1.71
1790616675.4978828,-90.66,-0.75,1.72
1790616675.557715,-90.66,-0.75,1.72
1790616675.598214,-90.66,-0.75,1.72
1790616675.65789,-90.65,-0.75,1.72
1790616675.697935,-90.65,-0.75,1.72
1790616675.7669828,-90.65,-0.75,1.72
1790616675.817556,-90.65,-0.75,1.73
1790616675.858111,-90.65,-0.75,1.73
1790616675.9175591,-90.65,-0.75,1.73
1790616675.958357,-90.65,-0.75,1.73
1790616676.017955,-90.65,-0.75,1.73
1790616676.0577831,-90.65,-0.75,1.73
1790616676.121312,-90.65,-0.75,1.73
1790616676.17839,-90.65,-0.75,1.73
1790616676.219135,-90.68,-0.75,1.73
1790616676.277961,-90.66,-0.75,1.73
1790616676.3434129,-90.66,-0.75,1.73
1790616676.377596,-90.66,-0.75,1.73
1790616676.4398909,-90.66,-0.75,1.74
1790616676.4786718,-90.67,-0.74,1.74
1790616676.541915,-90.67,-0.74,1.74
1790616676.597833,-90.67,-0.74,1.74
1790616676.642495,-90.67,-0.74,1.74
1790616676.699151,-90.67,-0.74,1.74
1790616676.7434392,-90.65,-0.74,1.74
1790616676.797715,-90.68,-0.73,1.73
1790616676.842965,-90.69,-0.73,1.74
1790616676.897763,-90.69,-0.73,1.74
1790616676.957506,-90.68,-0.73,1.74
1790616676.997715,-90.68,-0.74,1.74
1790616677.057855,-90.68,-0.74,1.74
1790616677.117714,-90.68,-0.74,1.74
1790616677.1580238,-90.67,-0.74,1.74
1790616677.2175539,-90.67,-0.74,1.74
1790616677.2781582,-90.66,-0.74,1.74
1790616677.319059,-90.66,-0.74,1.74
1790616677.3785899,-90.69,-0.74,1.74
1790616677.4504042,-90.68,-0.74,1.74
1790616677.497727,-90.68,-0.74,1.74
1790616677.559019,-90.69,-0.74,1.75
1790616677.597665,-90.69,-0.74,1.75
1790616677.65815,-90.7,-0.74,1.75
1790616677.6976519,-90.71,-0.74,1.75
1790616677.7577221,-90.72,-0.74,1.75
1790616677.817603,-90.73,-0.74,1.75
1790616677.857609,-90.71,-0.74,1.75
1790616677.9174058,-90.75,-0.74,1.75
1790616677.95774,-90.76,-0.74,1.75
1790616678.017775,-90.77,-0.74,1.75
1790616678.077591,-90.77,-0.74,1.75
1790616678.117717,-90.78,-0.74,1.75
1790616678.177829,-90.78,-0.74,1.75
1790616678.21767,-90.78,-0.74,1.75
1790616678.27779,-90.78,-0.74,1.76
1790616678.339078,-90.79,-0.74,1.76
1790616678.3976011,-90.79,-0.74,1.76
1790616678.4388669,-90.78,-0.74,1.76
1790616678.498671,-90.78,-0.74,1.76
1790616678.540011,-90.79,-0.74,1.76
1790616678.598701,-90.8,-0.74,1.76
1790616678.6431649,-90.84,-0.76,1.76
1790616678.702121,-90.84,-0.74,1.76
1790616678.740917,-90.84,-0.74,1.76
1790616678.8184042,-90.87,-0.74,1.75
1790616678.85994,-90.88,-0.74,1.75
1790616678.9186308,-90.88,-0.74,1.75
1790616678.959074,-90.89,-0.74,1.75
1790616679.018662,-90.89,-0.74,1.75
1790616679.078518,-90.91,-0.74,1.75
1790616679.119482,-90.93,-0.74,1.75
1790616679.178622,-90.93,-0.74,1.75
1790616679.243794,-90.96,-0.75,1.75
1790616679.3018932,-90.96,-0.74,1.75
1790616679.340501,-90.98,-0.74,1.75
1790616679.403517,-90.98,-0.74,1.76
1790616679.460191,-90.98,-0.74,1.76
1790616679.519163,-90.99,-0.74,1.76
1790616679.5611038,-91.0,-0.74,1.76
1790616679.6191292,-91.0,-0.74,1.76
1790616679.661488,-91.0,-0.74,1.76
1790616679.741245,-91.0,-0.74,1.76
1790616679.7794812,-91.0,-0.74,1.76
1790616679.838454,-91.0,-0.72,1.76
1790616679.902261,-91.02,-0.73,1.76
1790616679.9422028,-91.03,-0.73,1.76
1790616680.00228,-91.04,-0.73,1.76
1790616680.0585222,-91.04,-0.73,1.75
1790616680.100529,-91.05,-0.73,1.75
1790616680.161959,-91.05,-0.73,1.75
1790616680.219462,-91.05,-0.73,1.75
1790616680.262502,-91.04,-0.73,1.75
1790616680.3186848,-91.04,-0.73,1.76
1790616680.358562,-91.04,-0.73,1.75
1790616680.4188218,-91.04,-0.73,1.75
1790616680.458689,-91.04,-0.73,1.75
1790616680.51868,-91.05,-0.73,1.75
1790616680.578432,-91.06,-0.73,1.75
1790616680.6218848,-91.07,-0.73,1.76
1790616680.6785011,-91.09,-0.73,1.75
1790616680.721882,-91.08,-0.73,1.75
1790616680.7812748,-91.1,-0.73,1.75
1790616680.839861,-91.1,-0.72,1.75
1790616680.881155,-91.11,-0.72,1.75
1790616680.9395142,-91.11,-0.72,1.75
1790616680.979077,-91.12,-0.71,1.75
1790616681.043987,-91.13,-0.71,1.75
1790616681.103673,-91.15,-0.71,1.75
1790616681.141498,-91.16,-0.71,1.75
1790616681.2034318,-91.18,-0.71,1.75
1790616681.241413,-91.2,-0.71,1.75
1790616681.304577,-91.26,-0.7,1.75
1790616681.361598,-91.29,-0.69,1.75
1790616681.404295,-91.32,-0.69,1.74
1790616681.458415,-91.35,-0.68,1.74
1790616681.502461,-91.37,-0.68,1.73
1790616681.5586061,-91.39,-0.67,1.73
1790616681.6025548,-91.39,-0.68,1.74
1790616681.658848,-91.4,-0.67,1.74
1790616681.719776,-91.41,-0.67,1.74
1790616681.768839,-91.42,-0.68,1.74
1790616681.8194041,-91.42,-0.67,1.74
1790616681.881357,-91.42,-0.67,1.74
1790616681.9447181,-91.42,-0.67,1.74
1790616681.999371,-91.44,-0.68,1.74
1790616682.058919,-91.44,-0.68,1.74
1790616682.1024299,-91.45,-0.68,1.74
1790616682.158595,-91.45,-0.68,1.74
1790616682.202295,-91.52,-0.68,1.74
1790616682.2692149,-91.5,-0.68,1.74
1790616682.319201,-91.53,-0.68,1.74
1790616682.359621,-91.56,-0.68,1.74
1790616682.4186392,-91.56,-0.68,1.74
1790616682.459192,-91.56,-0.68,1.74
1790616682.520368,-91.56,-0.68,1.74
1790616682.55853,-91.56,-0.68,1.74
1790616682.621354,-91.56,-0.68,1.74
1790616682.681864,-91.57,-0.68,1.74
1790616682.739212,-91.57,-0.68,1.74
1790616682.779565,-91.57,-0.68,1.74
1790616682.8427362,-91.61,-0.68,1.74
1790616682.901844,-91.68,-0.68,1.74
1790616682.9406562,-91.66,-0.68,1.74
1790616683.001458,-91.68,-0.67,1.75
1790616683.043653,-91.68,-0.67,1.75
1790616683.099206,-91.68,-0.67,1.75
1790616683.1589172,-91.69,-0.67,1.75
1790616683.202964,-91.69,-0.67,1.75
1790616683.2683818,-91.67,-0.67,1.75
1790616683.31894,-91.65,-0.66,1.75
1790616683.358558,-91.72,-0.66,1.75
1790616683.418943,-91.74,-0.66,1.75
1790616683.458647,-91.75,-0.67,1.76
1790616683.52161,-91.76,-0.67,1.75
1790616683.5627468,-91.77,-0.66,1.75
1790616683.6187148,-91.78,-0.66,1.76
1790616683.678438,-91.79,-0.66,1.75
1790616683.718615,-91.8,-0.66,1.76
1790616683.7794821,-91.8,-0.66,1.76
1790616683.8397472,-91.8,-0.66,1.76
1790616683.8792052,-91.81,-0.65,1.76
1790616683.93946,-91.81,-0.65,1.77
1790616683.981925,-91.81,-0.65,1.77
1790616684.039433,-91.81,-0.65,1.76
1790616684.078562,-91.85,-0.65,1.77
1790616684.140457,-91.85,-0.65,1.77
1790616684.211096,-91.84,-0.65,1.77
1790616684.266565,-91.85,-0.65,1.77
1790616684.3214562,-91.81,-0.64,1.77
1790616684.3627431,-91.84,-0.64,1.77
1790616684.419977,-91.86,-0.64,1.78
1790616684.479594,-91.88,-0.64,1.78
1790616684.519609,-91.89,-0.64,1.78
1790616684.579585,-91.88,-0.64,1.78
1790616684.61956,-91.88,-0.64,1.78
1790616684.679787,-91.88,-0.63,1.78
1790616684.739556,-91.89,-0.63,1.78
1790616684.779475,-91.89,-0.63,1.78
1790616684.841013,-91.9,-0.63,1.78
1790616684.899925,-91.99,-0.62,1.78
1790616684.9414542,-91.99,-0.62,1.78
1790616684.99982,-91.99,-0.62,1.78
1790616685.063339,-92.0,-0.62,1.78
1790616685.1001651,-91.96,-0.62,1.78
1790616685.1624,-92.02,-0.62,1.78
1790616685.201586,-92.02,-0.62,1.78
1790616685.268066,-92.04,-0.62,1.78
1790616685.319714,-92.05,-0.62,1.78
1790616685.363986,-92.05,-0.62,1.78
1790616685.4196942,-92.06,-0.61,1.78
1790616685.481508,-92.07,-0.62,1.79
1790616685.521697,-92.07,-0.62,1.78
1790616685.580056,-92.08,-0.62,1.79
1790616685.6224,-92.09,-0.62,1.79
1790616685.681485,-92.12,-0.62,1.79
1790616685.739508,-92.15,-0.61,1.79
1790616685.800597,-92.14,-0.61,1.79
1790616685.83951,-92.15,-0.61,1.8
1790616685.9025111,-92.12,-0.61,1.8
1790616685.941613,-92.17,-0.61,1.8
1790616686.003446,-92.18,-0.61,1.8
1790616686.039742,-92.2,-0.61,1.8
1790616686.100085,-92.21,-0.61,1.8
1790616686.139829,-92.21,-0.61,1.8
1790616686.199548,-92.22,-0.61,1.8
1790616686.23964,-92.23,-0.61,1.8
1790616686.3198562,-92.23,-0.61,1.8
1790616686.362695,-92.24,-0.61,1.8
1790616686.425002,-92.24,-0.61,1.8
1790616686.499578,-92.26,-0.6,1.8
1790616686.541545,-92.3,-0.6,1.8
1790616686.5994759,-92.32,-0.6,1.8
1790616686.641588,-92.32,-0.6,1.8
1790616686.6995041,-92.31,-0.6,1.8
1790616686.763349,-92.28,-0.6,1.8
1790616686.819923,-92.33,-0.6,1.8
1790616686.863382,-92.34,-0.6,1.8
1790616686.919841,-92.34,-0.6,1.8
1790616686.9798799,-92.34,-0.6,1.8
1790616687.0196018,-92.34,-0.6,1.8
1790616687.0793111,-92.34,-0.6,1.8
1790616687.1227388,-92.34,-0.6,1.81
1790616687.179691,-92.34,-0.6,1.81
1790616687.223593,-92.34,-0.6,1.81
1790616687.2802591,-92.31,-0.6,1.81
1790616687.3243961,-92.34,-0.6,1.81
1790616687.380598,-92.4,-0.59,1.81
1790616687.44121,-92.44,-0.59,1.81
1790616687.481558,-92.43,-0.59,1.81
1790616687.541687,-92.43,-0.59,1.81
1790616687.579954,-92.43,-0.59,1.81
1790616687.64121,-92.43,-0.59,1.81
1790616687.701399,-92.44,-0.58,1.82
1790616687.7395241,-92.45,-0.59,1.82
1790616687.801127,-92.45,-0.59,1.82
1790616687.8597891,-92.46,-0.59,1.83
1790616687.900266,-92.46,-0.59,1.83
1790616687.960334,-92.46,-0.59,1.83
1790616688.023093,-92.47,-0.58,1.83
1790616688.0795462,-92.47,-0.58,1.83
1790616688.123748,-92.48,-0.58,1.83
1790616688.179862,-92.48,-0.58,1.83
1790616688.239406,-92.49,-0.58,1.84
1790616688.299988,-92.49,-0.59,1.84
1790616688.3628852,-92.5,-0.59,1.84
1790616688.401338,-92.51,-0.59,1.84
1790616688.459896,-92.51,-0.59,1.84
1790616688.522719,-92.51,-0.59,1.84
1790616688.5795798,-92.51,-0.58,1.84
1790616688.6223328,-92.52,-0.58,1.84
1790616688.68158,-92.53,-0.58,1.84
1790616688.739388,-92.54,-0.58,1.84
1790616688.801117,-92.57,-0.58,1.84
1790616688.841275,-92.58,-0.58,1.84
1790616688.90136,-92.59,-0.58,1.84
1790616688.9593768,-92.6,-0.58,1.84
1790616688.999719,-92.69,-0.57,1.84
1790616689.06011,-92.66,-0.57,1.84
1790616689.123272,-92.68,-0.57,1.84
1790616689.159775,-92.68,-0.57,1.85
1790616689.225043,-92.69,-0.57,1.85
1790616689.260848,-92.69,-0.58,1.84
1790616689.324028,-92.69,-0.58,1.85
1790616689.3795688,-92.69,-0.58,1.85
1790616689.427354,-92.69,-0.57,1.85
1790616689.47946,-92.69,-0.57,1.85
1790616689.5234601,-92.7,-0.58,1.85
1790616689.579573,-92.7,-0.58,1.85
1790616689.639286,-92.7,-0.57,1.84
1790616689.679552,-92.71,-0.58,1.84
1790616689.7408829,-92.71,-0.57,1.84
1790616689.7796469,-92.69,-0.57,1.84
1790616689.839487,-92.77,-0.57,1.85
1790616689.9007459,-92.77,-0.57,1.85
1790616689.941215,-92.79,-0.57,1.85
1790616690.001205,-92.78,-0.58,1.85
1790616690.059433,-92.81,-0.57,1.85
1790616690.0998888,-92.84,-0.57,1.85
1790616690.159913,-92.89,-0.57,1.85
1790616690.199527,-92.89,-0.57,1.85
1790616690.26738,-92.9,-0.57,1.85
1790616690.321429,-92.9,-0.57,1.85
1790616690.3596768,-92.9,-0.57,1.85
1790616690.421386,-92.9,-0.57,1.85
1790616690.461026,-92.89,-0.57,1.86
1790616690.521835,-92.94,-0.57,1.85
1790616690.5637949,-92.94,-0.57,1.86
1790616690.621983,-93.0,-0.57,1.86
1790616690.662196,-93.0,-0.57,1.86
1790616690.7240052,-92.96,-0.58,1.86
1790616690.7816162,-92.98,-0.57,1.86
1790616690.840553,-92.99,-0.57,1.86
1790616690.883331,-92.99,-0.57,1.86
1790616690.941248,-92.99,-0.57,1.86
1790616691.000514,-92.99,-0.57,1.86
1790616691.061377,-92.99,-0.57,1.87
1790616691.101114,-92.99,-0.57,1.87
1790616691.160173,-92.99,-0.57,1.87
1790616691.201149,-92.99,-0.57,1.87
1790616691.263832,-92.99,-0.57,1.87
1790616691.322884,-92.99,-0.57,1.87
1790616691.3615959,-93.0,-0.57,1.87
1790616691.42198,-92.99,-0.57,1.88
1790616691.461426,-92.99,-0.57,1.88
1790616691.520792,-92.99,-0.57,1.88
1790616691.561143,-92.99,-0.57,1.87
1790616691.622537,-92.99,-0.57,1.87
1790616691.682116,-93.0,-0.57,1.88
1790616691.740913,-93.0,-0.57,1.88
1790616691.782045,-92.97,-0.57,1.88
1790616691.841414,-92.96,-0.57,1.88
1790616691.882936,-93.0,-0.58,1.87
1790616691.941464,-93.03,-0.57,1.87
1790616691.983207,-93.03,-0.57,1.87
1790616692.040595,-93.04,-0.57,1.87
1790616692.100456,-93.04,-0.57,1.88
1790616692.1410198,-93.09,-0.57,1.88
1790616692.200879,-93.11,-0.57,1.88
1790616692.240899,-93.12,-0.57,1.88
1790616692.3011892,-93.12,-0.57,1.88
1790616692.360793,-93.13,-0.57,1.88
1790616692.400686,-93.14,-0.57,1.88
1790616692.459996,-93.14,-0.57,1.88
1790616692.501461,-93.19,-0.57,1.88
1790616692.560451,-93.2,-0.57,1.88
1790616692.620904,-93.27,-0.56,1.88
1790616692.660396,-93.28,-0.57,1.88
1790616692.7227619,-93.28,-0.57,1.87
1790616692.782258,-93.25,-0.57,1.87
1790616692.8404841,-93.28,-0.57,1.87
1790616692.881341,-93.28,-0.57,1.87
1790616692.941858,-93.29,-0.57,1.87
1790616693.0009348,-93.3,-0.57,1.88
1790616693.041177,-93.31,-0.57,1.88
1790616693.1003761,-93.32,-0.57,1.87
1790616693.163244,-93.32,-0.57,1.87
1790616693.220756,-93.33,-0.57,1.88
1790616693.28273,-93.33,-0.57,1.88
1790616693.3211038,-93.34,-0.57,1.88
1790616693.3827999,-93.35,-0.57,1.88
1790616693.440914,-93.35,-0.57,1.88
1790616693.484169,-93.36,-0.57,1.88
1790616693.5412748,-93.36,-0.56,1.88
1790616693.583909,-93.37,-0.56,1.88
1790616693.641752,-93.38,-0.56,1.89
1790616693.6853938,-93.38,-0.56,1.89
1790616693.742232,-93.38,-0.56,1.89
1790616693.80157,-93.4,-0.56,1.89
1790616693.841353,-93.41,-0.56,1.89
1790616693.9019089,-93.41,-0.56,1.89
1790616693.961508,-93.39,-0.56,1.89
1790616694.002125,-93.41,-0.55,1.89
1790616694.0616388,-93.44,-0.56,1.89
1790616694.101464,-93.45,-0.56,1.89
1790616694.161311,-93.45,-0.56,1.89
1790616694.222684,-93.47,-0.55,1.89
1790616694.28488,-93.49,-0.56,1.89
1790616694.323338,-93.54,-0.56,1.89
1790616694.383457,-93.52,-0.56,1.89
1790616694.42153,-93.54,-0.56,1.89
1790616694.483045,-93.55,-0.55,1.89
1790616694.521462,-93.55,-0.55,1.89
1790616694.582481,-93.56,-0.56,1.89
1790616694.641431,-93.57,-0.55,1.89
1790616694.684715,-93.57,-0.55,1.89
1790616694.7415428,-93.61,-0.55,1.89
1790616694.8013802,-93.63,-0.55,1.9
1790616694.861561,-93.64,-0.55,1.9
1790616694.9014652,-93.64,-0.56,1.9
1790616694.9612422,-93.67,-0.56,1.9
1790616695.021487,-93.71,-0.55,1.9
1790616695.0617878,-93.76,-0.54,1.89
1790616695.121325,-93.74,-0.54,1.9
1790616695.181955,-93.75,-0.55,1.9
1790616695.2440808,-93.76,-0.55,1.9
1790616695.281989,-93.76,-0.55,1.9
1790616695.344321,-93.76,-0.55,1.9
1790616695.382306,-93.76,-0.55,1.9
1790616695.461849,-93.72,-0.54,1.91
1790616695.521255,-93.82,-0.54,1.91
1790616695.5615842,-93.83,-0.55,1.91
1790616695.6213171,-93.83,-0.54,1.91
1790616695.66163,-93.84,-0.54,1.91
1790616695.721631,-93.85,-0.54,1.91
1790616695.783602,-93.83,-0.54,1.91
1790616695.821302,-93.89,-0.54,1.92
1790616695.882316,-93.9,-0.54,1.92
1790616695.921419,-93.91,-0.54,1.92
1790616695.984195,-93.91,-0.53,1.92
1790616696.0217369,-94.47,-0.5,1.93
1790616696.0826108,-97.74,-0.39,1.92
1790616696.1437938,-100.28,-0.27,1.93
1790616696.184511,-102.61,-0.17,1.98
1790616696.243066,-105.42,-0.1,1.95
1790616696.302062,-111.02,0.13,1.91
1790616696.361352,-113.76,0.25,1.95
1790616696.4214542,-116.72,0.35,1.9
1790616696.482333,-119.56,0.5,1.87
1790616696.521544,-122.6,0.63,1.84
1790616696.582426,-125.64,0.76,1.83
1790616696.6429691,-128.41,0.87,1.78
1790616696.7014241,-131.49,1.0,1.72
1790616696.7461498,-137.43,1.24,1.57
1790616696.801682,-140.47,1.35,1.53
1790616696.861373,-143.39,1.43,1.4
1790616696.921602,-146.44,1.53,1.35
1790616696.982094,-149.41,1.64,1.29
1790616697.042753,-152.11,1.7,1.18
1790616697.0844648,-154.66,1.78,1.14
1790616697.143605,-157.07,1.82,1.06
1790616697.2013628,-161.47,1.95,0.91
1790616697.261494,-163.39,2.0,0.85
1790616697.321764,-165.01,2.03,0.76
1790616697.3817651,-166.48,2.05,0.69
1790616697.444606,-167.91,2.07,0.66
1790616697.481353,-169.13,2.1,0.61
1790616697.544244,-170.39,2.12,0.54
1790616697.581386,-171.5,2.13,0.48
1790616697.6534998,-172.5,2.16,0.43
1790616697.701355,-173.98,2.2,0.42
1790616697.765238,-174.82,2.21,0.41
1790616697.821322,-175.51,2.22,0.38
1790616697.8620312,-176.05,2.23,0.36
1790616697.9217741,-176.7,2.24,0.34
1790616697.982454,-177.28,2.25,0.31
1790616698.0468469,-177.8,2.26,0.3
1790616698.0835588,-178.37,2.26,0.28
1790616698.1441028,-178.93,2.27,0.26
1790616698.1828191,-179.5,2.28,0.21
1790616698.243257,-179.58,2.29,0.2
1790616698.304781,-179.57,2.29,0.2
1790616698.362429,-179.57,2.29,0.2
1790616698.401854,-179.57,2.29,0.2
1790616698.4617548,-179.57,2.29,0.2
1790616698.5214899,-179.54,2.3,0.2
1790616698.561512,-179.54,2.3,0.2
1790616698.62154,-179.55,2.3,0.2
1790616698.661579,-179.55,2.3,0.2
1790616698.722184,-179.54,2.31,0.2
1790616698.781257,-179.54,2.31,0.2
1790616698.8215702,-179.53,2.31,0.21
1790616698.8838441,-179.51,2.31,0.21
1790616698.922011,-179.51,2.31,0.21
1790616698.983073,-179.54,2.3,0.21
1790616699.0446138,-179.53,2.31,0.21
1790616699.082946,-179.54,2.31,0.21
1790616699.144116,-179.54,2.31,0.21
1790616699.2011352,-179.54,2.31,0.21
1790616699.2420402,-179.54,2.31,0.21
1790616699.301464,-179.56,2.31,0.22
1790616699.362221,-179.57,2.33,0.22
1790616699.40158,-179.71,2.41,0.17
1790616699.461418,-179.95,2.45,0.11
1790616699.505025,179.82,2.42,0.04
1790616699.56197,179.77,2.41,0.06
1790616699.605282,179.77,2.26,0.08
1790616699.662005,179.73,2.16,0.09
1790616699.701503,179.67,2.18,0.11
1790616699.7633972,179.63,2.2,0.17
1790616699.821483,179.64,2.17,0.17
1790616699.8659258,179.63,2.24,0.13
1790616699.941499,179.61,2.29,0.15
1790616699.9812322,179.58,2.37,0.15
1790616700.042902,179.58,2.33,0.17
1790616700.081392,179.54,2.35,0.18
1790616700.142286,179.56,2.32,0.2
1790616700.181222,179.57,2.32,0.23
1790616700.244243,179.55,2.35,0.18
1790616700.303128,179.53,2.37,0.07
1790616700.361163,179.57,2.37,0.1
1790616700.403593,179.53,2.4,0.08
1790616700.46125,179.54,2.39,0.09
1790616700.502717,179.53,2.38,0.07
1790616700.561142,179.5,2.37,0.09
1790616700.603403,179.5,2.3,0.1
1790616700.6614552,179.48,2.28,0.1
1790616700.7215512,179.51,2.23,0.07
1790616700.781556,179.48,2.25,0.07
1790616700.8428302,179.45,2.21,0.11
1790616700.903117,179.46,2.2,0.12
1790616700.9615831,179.43,2.18,0.14
1790616701.021468,179.42,2.21,0.13
1790616701.081713,179.42,2.17,0.12
1790616701.144622,179.41,2.18,0.15
1790616701.181411,179.41,2.18,0.14
1790616701.242835,179.42,2.16,0.13
1790616701.30283,179.39,2.13,0.15
1790616701.3420181,179.39,2.13,0.15
1790616701.4035149,179.38,2.13,0.15
1790616701.442849,179.38,2.13,0.15
1790616701.503249,179.43,2.12,0.15
1790616701.542665,179.43,2.14,0.16
1790616701.6033092,179.45,2.15,0.13
1790616701.641752,179.43,2.15,0.11
1790616701.7036622,179.46,2.15,0.11
1790616701.769048,179.46,2.14,0.1
1790616701.82271,179.46,2.12,0.11
1790616701.861324,179.46,2.11,0.12
1790616701.921498,179.47,2.11,0.11
1790616701.96126,179.48,2.1,0.1
1790616702.0214028,179.48,2.1,0.09
1790616702.081182,179.49,2.09,0.07
1790616702.141866,179.44,2.08,0.06
1790616702.202409,179.44,2.09,0.06
1790616702.241416,179.44,2.1,0.07
1790616702.3213508,179.44,2.1,0.07
1790616702.3613272,179.44,2.1,0.08
1790616702.421185,179.44,2.11,0.08
1790616702.461322,179.44,2.11,0.08
1790616702.52129,179.44,2.11,0.08
1790616702.561335,179.45,2.11,0.08
1790616702.621412,179.44,2.11,0.09
1790616702.661372,179.45,2.11,0.08
1790616702.7213702,179.45,2.11,0.08
1790616702.781609,179.45,2.11,0.08
1790616702.821339,179.45,2.11,0.08
1790616702.8816268,179.45,2.11,0.08
1790616702.942898,179.45,2.11,0.08
1790616703.004763,179.45,2.11,0.08
1790616703.041748,179.45,2.11,0.08
1790616703.104021,179.45,2.11,0.08
1790616703.161482,179.45,2.11,0.08
1790616703.221385,179.45,2.11,0.08
1790616703.2615428,179.46,2.11,0.09
1790616703.3213089,179.46,2.1,0.09
1790616703.381375,179.45,2.1,0.09
1790616703.441469,179.46,2.1,0.09
1790616703.4813702,179.46,2.1,0.09
1790616703.54135,179.46,2.1,0.1
1790616703.6015491,179.47,2.1,0.1
1790616703.6414049,179.47,2.1,0.1
1790616703.7030652,179.47,2.1,0.1
1790616703.741338,179.47,2.1,0.1
1790616703.803574,179.47,2.1,0.1
1790616703.861333,179.47,2.1,0.1
1790616703.9213068,179.47,2.1,0.1
1790616703.961483,179.47,2.1,0.1
1790616704.021596,179.38,2.1,0.1
1790616704.081564,179.38,2.1,0.1
1790616704.1420789,179.38,2.1,0.1
1790616704.203431,179.38,2.11,0.11
1790616704.2641401,179.38,2.11,0.11
1790616704.321568,179.38,2.11,0.11
1790616704.3816051,179.38,2.11,0.11
1790616704.441311,179.39,2.11,0.11
1790616704.503129,179.41,2.11,0.1
1790616704.564033,179.34,2.11,0.1
1790616704.6214871,179.33,2.11,0.1
1790616704.681322,179.32,2.11,0.1
1790616704.721212,179.33,2.11,0.11
1790616704.7812061,179.32,2.11,0.11
1790616704.8412359,179.32,2.11,0.11
1790616704.881195,179.32,2.11,0.11
1790616704.941229,179.33,2.11,0.11
1790616705.003118,179.33,2.11,0.12
1790616705.041437,179.32,2.11,0.12
1790616705.102463,179.32,2.11,0.12
1790616705.162121,179.27,2.11,0.12
1790616705.221237,179.26,2.11,0.12
1790616705.2811542,179.26,2.11,0.12
1790616705.341494,179.26,2.11,0.12
1790616705.401071,179.26,2.11,0.12
1790616705.44149,179.26,2.11,0.12
1790616705.5021691,179.26,2.11,0.12
1790616705.562794,179.26,2.11,0.12
1790616705.6037362,179.25,2.11,0.13
1790616705.663554,179.27,2.11,0.13
1790616705.703043,179.19,2.12,0.13
1790616705.769221,179.18,2.12,0.13
1790616705.821449,179.18,2.12,0.13
1790616705.8626292,179.18,2.11,0.13
1790616705.92132,179.18,2.11,0.13
1790616705.9629922,179.18,2.11,0.13
1790616706.021365,179.18,2.11,0.14
1790616706.081248,179.18,2.11,0.14
1790616706.121313,179.18,2.11,0.14
1790616706.181458,179.18,2.11,0.14
1790616706.221474,179.22,2.11,0.14
1790616706.281344,179.2,2.11,0.14
1790616706.3411598,179.2,2.11,0.14
1790616706.402913,179.19,2.12,0.14
1790616706.4411688,179.18,2.11,0.13
1790616706.5019798,179.17,2.12,0.14
1790616706.541157,179.17,2.11,0.14
1790616706.603468,179.17,2.11,0.14
1790616706.66372,179.16,2.12,0.14
1790616706.721361,179.15,2.12,0.14
1790616706.761529,179.14,2.12,0.14
1790616706.821513,179.14,2.12,0.14
1790616706.881151,179.13,2.12,0.14
1790616706.9214761,179.12,2.12,0.14
1790616706.981389,179.11,2.12,0.14
1790616707.021504,179.11,2.11,0.14
1790616707.0812721,179.1,2.11,0.14
1790616707.141265,179.1,2.11,0.14
1790616707.181386,179.1,2.12,0.14
1790616707.2413702,179.1,2.12,0.15
1790616707.301533,179.09,2.11,0.15
1790616707.341344,179.08,2.11,0.15
1790616707.401165,179.09,2.11,0.15
1790616707.441238,179.08,2.11,0.15
1790616707.501033,179.07,2.11,0.15
1790616707.563277,179.06,2.11,0.15
1790616707.60128,179.05,2.11,0.15
1790616707.661824,179.04,2.11,0.15
1790616707.721486,179.01,2.11,0.15
1790616707.781777,178.95,2.11,0.15
1790616707.8411589,178.92,2.11,0.15
1790616707.881654,178.92,2.11,0.15
1790616707.941299,178.91,2.11,0.15
1790616707.981685,178.91,2.11,0.15
1790616708.041292,178.91,2.11,0.15
1790616708.101372,178.9,2.11,0.15
1790616708.141165,178.9,2.11,0.15
1790616708.201313,178.9,2.11,0.15
1790616708.2411299,178.9,2.1,0.15
1790616708.301485,178.9,2.1,0.15
1790616708.3619351,178.9,2.1,0.15
1790616708.40535,178.79,2.1,0.15
1790616708.4624808,178.8,2.1,0.16
1790616708.5023649,178.8,2.1,0.16
1790616708.561883,178.8,2.1,0.16
1790616708.6012769,178.8,2.1,0.16
1790616708.662285,178.8,2.1,0.16
1790616708.7015371,178.8,2.1,0.16
1790616708.771551,178.79,2.1,0.17
1790616708.8143911,178.79,2.1,0.17
1790616708.886773,178.81,2.1,0.17
1790616708.9238431,178.75,2.1,0.17
1790616708.981188,178.75,2.1,0.17
1790616709.021413,178.73,2.1,0.17
1790616709.081137,178.72,2.1,0.18
1790616709.121863,178.71,2.1,0.18
1790616709.1811142,178.71,2.11,0.18
1790616709.22274,178.69,2.11,0.18
1790616709.281421,178.69,2.11,0.18
1790616709.3223271,178.69,2.11,0.18
1790616709.38122,178.68,2.11,0.18
1790616709.441092,178.68,2.11,0.18
1790616709.481233,178.68,2.11,0.18
1790616709.541663,178.67,2.1,0.18
1790616709.581425,178.67,2.11,0.18
1790616709.641473,178.67,2.11,0.18
1790616709.681419,178.64,2.11,0.18
1790616709.741246,178.64,2.11,0.19
1790616709.801425,178.63,2.11,0.19
1790616709.861516,178.63,2.11,0.19
1790616709.921728,178.66,2.12,0.19
1790616709.963098,178.6,2.11,0.2
1790616710.023278,178.59,2.12,0.19
1790616710.081435,178.58,2.11,0.2
1790616710.1233568,178.58,2.11,0.19
1790616710.181481,178.58,2.11,0.19
1790616710.241171,178.58,2.11,0.2
1790616710.281374,178.58,2.11,0.2
1790616710.341332,178.58,2.11,0.2
1790616710.401366,178.59,2.11,0.2
1790616710.463043,178.53,2.11,0.2
1790616710.501363,178.53,2.11,0.2
1790616710.5616121,178.5,2.11,0.2
1790616710.623515,178.51,2.12,0.21
1790616710.664709,178.51,2.12,0.21
1790616710.722514,178.53,2.12,0.21
1790616710.7814028,178.5,2.12,0.21
1790616710.841423,178.47,2.12,0.21
1790616710.88129,178.46,2.12,0.21
1790616710.941426,178.46,2.12,0.21
1790616710.9819462,178.45,2.12,0.21
1790616711.041259,178.45,2.12,0.21
1790616711.081248,178.44,2.12,0.21
1790616711.162606,178.44,2.12,0.22
1790616711.222992,178.43,2.12,0.22
1790616711.281143,178.39,2.12,0.22
1790616711.324776,178.39,2.12,0.22
1790616711.3815548,178.39,2.12,0.22
1790616711.421588,178.38,2.12,0.22
1790616711.4842722,178.37,2.12,0.23
1790616711.5421288,178.41,2.12,0.22
1790616711.5815198,178.33,2.12,0.22
1790616711.6410758,178.32,2.12,0.22
1790616711.683549,178.32,2.12,0.22
1790616711.7411861,178.31,2.12,0.22
1790616711.801152,178.31,2.12,0.23
1790616711.842083,178.31,2.12,0.23
1790616711.901108,178.31,2.12,0.23
1790616711.942142,178.31,2.12,0.23
1790616712.001359,178.31,2.12,0.23
1790616712.0426428,178.22,2.12,0.23
1790616712.111799,178.21,2.12,0.23
1790616712.161067,178.16,2.13,0.23
1790616712.201462,178.17,2.13,0.24
1790616712.261135,178.16,2.13,0.24
1790616712.32397,178.18,2.13,0.24
1790616712.361781,178.11,2.13,0.24
1790616712.4264011,178.11,2.13,0.24
1790616712.461484,178.12,2.13,0.24
1790616712.522597,178.11,2.13,0.24
1790616712.561259,178.11,2.12,0.24
1790616712.623261,178.11,2.12,0.24
1790616712.681094,178.1,2.12,0.24
1790616712.722336,178.1,2.12,0.25
1790616712.781269,178.09,2.12,0.25
1790616712.823178,178.09,2.12,0.25
1790616712.8811789,178.11,2.12,0.25
1790616712.941329,178.08,2.12,0.24
1790616712.981809,178.07,2.12,0.24
1790616713.0413911,178.06,2.12,0.24
1790616713.101137,178.05,2.12,0.25
1790616713.162103,178.05,2.12,0.26
1790616713.201208,178.05,2.12,0.26
1790616713.2644742,178.05,2.12,0.26
1790616713.3219478,178.04,2.12,0.26
1790616713.4015071,178.03,2.12,0.27
1790616713.463094,178.03,2.12,0.27
1790616713.501413,178.02,2.12,0.27
1790616713.562592,178.02,2.12,0.27
1790616713.601446,178.01,2.12,0.27
1790616713.661578,178.0,2.12,0.27
1790616713.720883,177.98,2.12,0.27
1790616713.783988,177.98,2.12,0.27
1790616713.8216588,177.96,2.12,0.27
1790616713.883407,177.95,2.12,0.27
1790616713.9411972,177.94,2.12,0.27
1790616713.983626,177.93,2.12,0.27
1790616714.041196,177.93,2.12,0.27
1790616714.100992,177.91,2.12,0.27
1790616714.14113,177.9,2.12,0.27
1790616714.2012448,177.89,2.12,0.26
1790616714.241123,177.88,2.12,0.26
1790616714.3013592,177.87,2.12,0.26
1790616714.361621,177.86,2.12,0.26
1790616714.423611,177.85,2.12,0.27
1790616714.46135,177.85,2.12,0.27
1790616714.521696,177.85,2.12,0.27
1790616714.561184,177.85,2.12,0.27
1790616714.6230001,177.77,2.13,0.26
1790616714.661282,177.76,2.12,0.27
1790616714.7215722,177.76,2.12,0.27
1790616714.7811468,177.75,2.12,0.27
1790616714.841726,177.75,2.12,0.27
1790616714.8835468,177.74,2.12,0.27
1790616714.941238,177.74,2.12,0.26
1790616715.001173,177.73,2.12,0.26
1790616715.041628,177.73,2.12,0.26
1790616715.101577,177.71,2.12,0.26
1790616715.1412811,177.71,2.12,0.26
1790616715.2011678,177.63,2.12,0.26
1790616715.241236,177.62,2.12,0.26
1790616715.301255,177.62,2.12,0.26
1790616715.3614578,177.62,2.12,0.26
1790616715.421118,177.62,2.12,0.26
1790616715.461152,177.64,2.12,0.27
1790616715.5223198,177.58,2.12,0.26
1790616715.561314,177.56,2.12,0.26
1790616715.622377,177.57,2.12,0.26
1790616715.68144,177.56,2.12,0.27
1790616715.741485,177.55,2.12,0.27
1790616715.7823732,177.54,2.12,0.27
1790616715.841175,177.54,2.12,0.27
1790616715.883158,177.54,2.12,0.27
1790616715.941288,177.54,2.12,0.27
1790616716.00101,177.5,2.12,0.26
1790616716.041195,177.49,2.12,0.27
1790616716.101315,177.48,2.13,0.27
1790616716.1410859,177.48,2.12,0.27
1790616716.2013729,177.51,2.13,0.27
1790616716.262121,177.48,2.12,0.27
1790616716.301176,177.46,2.13,0.27
1790616716.3612092,177.45,2.13,0.27
1790616716.4012659,177.44,2.13,0.27
1790616716.461157,177.44,2.13,0.27
1790616716.501257,177.44,2.13,0.27
1790616716.561121,177.44,2.13,0.27
1790616716.601367,177.43,2.13,0.28
1790616716.661438,177.44,2.13,0.28
1790616716.7233841,177.43,2.13,0.28
1790616716.7836149,177.35,2.13,0.27
1790616716.822762,177.33,2.13,0.27
1790616716.882983,177.33,2.13,0.28
1790616716.921345,177.32,2.13,0.27
1790616716.982611,177.33,2.13,0.27
1790616717.04101,177.36,2.13,0.28
1790616717.10098,177.28,2.13,0.27
1790616717.141588,177.26,2.13,0.28
1790616717.201504,177.35,2.13,0.28
1790616717.241441,177.55,2.13,0.29
1790616717.301413,177.86,2.13,0.3
1790616717.360991,178.25,2.13,0.33
1790616717.421358,178.6,2.13,0.35
1790616717.4612658,179.01,2.13,0.36
1790616717.521297,179.02,2.13,0.37
1790616717.581154,179.02,2.13,0.37
1790616717.6219451,179.02,2.13,0.37
1790616717.6813052,179.02,2.13,0.37
1790616717.721372,179.02,2.13,0.37
1790616717.7819462,179.01,2.13,0.38
1790616717.849111,179.0,2.13,0.38
1790616717.901221,179.02,2.13,0.38
1790616717.9611058,179.03,2.13,0.38
1790616718.0010839,179.03,2.13,0.38
1790616718.061218,179.03,2.13,0.38
1790616718.1211278,179.03,2.13,0.38
1790616718.1614609,179.03,2.13,0.38
1790616718.220885,179.03,2.13,0.38
1790616718.281659,179.05,2.14,0.38
1790616718.322029,179.1,2.2,0.38
1790616718.38127,179.11,2.24,0.42
1790616718.42111,178.55,2.18,0.39
1790616718.481577,178.51,2.19,0.36
1790616718.5210502,178.9,2.13,0.36
1790616718.581679,178.96,2.11,0.41
1790616718.6431842,179.1,2.06,0.39
1790616718.6823108,179.29,2.08,0.32
1790616718.7428238,179.31,2.14,0.32
1790616718.801343,179.4,2.23,0.38
1790616718.843076,179.4,2.23,0.38
1790616718.9013638,179.59,2.36,0.4
1790616718.94315,179.58,2.37,0.44
1790616719.001238,179.66,2.37,0.45
1790616719.043125,179.68,2.36,0.46
1790616719.101365,179.77,2.37,0.48
1790616719.144284,179.77,2.41,0.44
1790616719.201327,179.83,2.39,0.35
1790616719.261122,179.89,2.38,0.21
1790616719.321375,179.79,2.35,0.22
1790616719.361231,179.75,2.36,0.21
1790616719.421054,179.78,2.36,0.23
1790616719.483176,179.69,2.35,0.18
1790616719.5430322,179.81,2.3,0.15
1790616719.6010282,179.8,2.27,0.11
1790616719.6435761,179.79,2.24,0.17
1790616719.701094,179.79,2.2,0.22
1790616719.743823,179.74,2.23,0.27
1790616719.801319,179.65,2.23,0.29
1790616719.861231,179.69,2.22,0.25
1790616719.901333,179.55,2.25,0.24
1790616719.961369,179.55,2.23,0.23
1790616720.0015051,179.53,2.25,0.25
1790616720.06148,179.66,2.18,0.19
1790616720.121027,179.56,2.19,0.27
1790616720.181159,179.5,2.19,0.26
1790616720.2444391,179.54,2.16,0.27
1790616720.3013692,179.59,2.17,0.25
1790616720.361084,179.57,2.16,0.26
1790616720.4011269,179.53,2.16,0.26
1790616720.461088,179.52,2.15,0.27
1790616720.5011368,179.47,2.13,0.28
1790616720.561228,179.5,2.11,0.3
1790616720.601134,179.53,2.1,0.3
1790616720.6612868,179.55,2.1,0.31
1790616720.70109,179.44,2.12,0.34
1790616720.765128,179.48,2.1,0.33
1790616720.821144,179.46,2.08,0.31
1790616720.861759,179.34,2.08,0.38
1790616720.920987,179.35,2.09,0.42
1790616720.981091,179.38,2.09,0.42
1790616721.0210612,179.39,2.09,0.42
1790616721.08112,179.4,2.09,0.42
1790616721.142624,179.4,2.09,0.43
1790616721.183987,179.39,2.1,0.43
1790616721.242721,179.39,2.11,0.43
1790616721.301167,179.39,2.12,0.42
1790616721.361225,179.39,2.12,0.42
1790616721.401122,179.39,2.12,0.42
1790616721.461217,179.39,2.12,0.42
1790616721.501785,179.39,2.11,0.42
1790616721.5612302,179.4,2.12,0.42
1790616721.621127,179.4,2.12,0.42
1790616721.66115,179.39,2.12,0.42
1790616721.721542,179.38,2.12,0.42
1790616721.781722,179.39,2.11,0.42
1790616721.842081,179.41,2.12,0.43
1790616721.881423,179.42,2.11,0.43
1790616721.941809,179.43,2.11,0.43
1790616722.001119,179.42,2.11,0.43
1790616722.041661,179.43,2.11,0.43
1790616722.1011698,179.44,2.11,0.43
1790616722.14219,179.44,2.11,0.43
1790616722.204322,179.45,2.11,0.44
1790616722.241411,179.46,2.11,0.44
1790616722.301215,179.46,2.11,0.44
1790616722.360974,179.47,2.11,0.44
1790616722.403402,179.47,2.12,0.44
1790616722.4614599,179.48,2.12,0.44
1790616722.520988,179.48,2.12,0.44
1790616722.56216,179.46,2.11,0.44
1790616722.602722,179.49,2.11,0.44
1790616722.661273,179.49,2.11,0.44
1790616722.720909,179.49,2.11,0.44
1790616722.761142,179.49,2.11,0.45
1790616722.8191109,179.49,2.11,0.45
1790616722.861283,179.5,2.11,0.45
1790616722.9196868,179.5,2.12,0.45
1790616722.96164,179.5,2.12,0.45
1790616723.019136,179.51,2.12,0.45
1790616723.061114,179.54,2.12,0.45
1790616723.121089,179.52,2.12,0.45
1790616723.180908,179.52,2.12,0.44
1790616723.2216,179.52,2.11,0.44
1790616723.2809,179.52,2.11,0.44
1790616723.321069,179.52,2.11,0.44
1790616723.381124,179.52,2.11,0.44
1790616723.42106,179.52,2.11,0.44
1790616723.481059,179.53,2.11,0.44
1790616723.541947,179.53,2.11,0.44
1790616723.581152,179.54,2.11,0.44
1790616723.643772,179.53,2.11,0.44
1790616723.6810932,179.51,2.11,0.44
1790616723.7410402,179.53,2.11,0.44
1790616723.8031218,179.53,2.11,0.43
1790616723.861087,179.53,2.11,0.43
1790616723.903141,179.53,2.11,0.43
1790616723.961077,179.53,2.11,0.44
1790616724.0212,179.54,2.11,0.44
1790616724.061089,179.54,2.11,0.44
1790616724.121055,179.57,2.1,0.44
1790616724.16111,179.59,2.1,0.44
1790616724.221309,179.57,2.1,0.44
1790616724.281229,179.57,2.1,0.44
1790616724.34097,179.57,2.1,0.44
1790616724.381191,179.57,2.1,0.44
1790616724.441004,179.57,2.1,0.44
1790616724.481328,179.58,2.1,0.44
1790616724.5409899,179.57,2.1,0.44
1790616724.621187,179.57,2.1,0.45
1790616724.6610591,179.58,2.1,0.44
1790616724.721086,179.6,2.09,0.45
1790616724.781065,179.6,2.09,0.45
1790616724.842596,179.58,2.09,0.45
1790616724.8810549,179.54,2.09,0.44
1790616724.9425159,179.49,2.09,0.44
1790616724.9813912,179.51,2.1,0.44
1790616725.042591,179.51,2.1,0.44
1790616725.101561,179.51,2.1,0.45
1790616725.142236,179.52,2.1,0.45
1790616725.203959,179.52,2.1,0.45
1790616725.271041,179.52,2.1,0.45
1790616725.320958,179.52,2.09,0.46
1790616725.361705,179.52,2.1,0.46
1790616725.421181,179.53,2.09,0.45
1790616725.4610078,179.53,2.09,0.45
1790616725.521395,179.53,2.09,0.46
1790616725.580905,179.54,2.09,0.46
1790616725.621218,179.53,2.09,0.46
1790616725.681246,179.53,2.09,0.46
1790616725.721268,179.54,2.08,0.46
1790616725.7810402,179.54,2.08,0.46
1790616725.840889,179.54,2.08,0.46
1790616725.881093,179.53,2.08,0.46
1790616725.9408891,179.53,2.08,0.46
1790616725.9811258,179.53,2.08,0.46
1790616726.0414872,179.53,2.08,0.46
1790616726.0810711,179.53,2.07,0.46
1790616726.1410549,179.52,2.07,0.46
1790616726.201984,179.5,2.07,0.46
1790616726.242723,179.45,2.07,0.45
1790616726.306732,179.49,2.07,0.46
1790616726.362012,179.47,2.07,0.45
1790616726.4218922,179.47,2.07,0.46
1790616726.464342,179.47,2.07,0.46
1790616726.522053,179.47,2.07,0.46
1790616726.563147,179.47,2.07,0.46
1790616726.62205,179.47,2.07,0.47
1790616726.682065,179.47,2.07,0.47
1790616726.741805,179.48,2.07,0.47
1790616726.8030772,179.48,2.06,0.47
1790616726.8639061,179.48,2.06,0.47
1790616726.9222012,179.4,2.06,0.47
1790616726.982111,179.38,2.06,0.47
1790616727.022093,179.36,2.06,0.47
1790616727.082166,179.37,2.06,0.47
1790616727.122062,179.37,2.06,0.47
1790616727.182082,179.37,2.06,0.47
1790616727.2431092,179.37,2.06,0.47
1790616727.303406,179.38,2.06,0.48
1790616727.3429482,179.4,2.06,0.48
1790616727.403637,179.31,2.06,0.48
1790616727.442987,179.31,2.06,0.48
1790616727.5029068,179.32,2.06,0.48
1790616727.563592,179.32,2.06,0.48
1790616727.622997,179.32,2.06,0.48
1790616727.6630259,179.32,2.06,0.49
1790616727.723218,179.32,2.06,0.49
1790616727.768919,179.32,2.06,0.49
1790616727.823013,179.32,2.06,0.49
1790616727.8830988,179.31,2.06,0.49
1790616727.923095,179.31,2.06,0.5
1790616727.983681,179.3,2.06,0.5
1790616728.023106,179.29,2.06,0.49
1790616728.084321,179.3,2.06,0.5
1790616728.123209,179.28,2.06,0.5
1790616728.183216,179.28,2.06,0.5
1790616728.243167,179.21,2.06,0.5
1790616728.303584,179.2,2.06,0.5
1790616728.343287,179.19,2.06,0.5
1790616728.403003,179.19,2.07,0.5
1790616728.463945,179.18,2.09,0.5
1790616728.502957,178.92,2.13,0.49
1790616728.566344,178.77,2.19,0.45
1790616728.603074,178.71,2.18,0.47
1790616728.666659,178.82,2.12,0.43
1790616728.7032042,178.86,2.06,0.45
1790616728.77107,178.95,2.04,0.38
1790616728.8228962,178.8,2.04,0.41
1790616728.8646631,178.88,2.11,0.46
1790616728.922979,178.97,2.1,0.51
1790616728.9830441,178.95,2.16,0.64
1790616729.023078,178.88,2.19,0.68
1790616729.0889459,179.07,2.19,0.68
1790616729.142974,179.17,2.29,0.65
1790616729.202813,179.01,2.33,0.57
1790616729.242871,178.98,2.38,0.55
1790616729.3028858,179.06,2.4,0.59
1790616729.369474,179.15,2.4,0.58
1790616729.403539,179.21,2.4,0.54
1790616729.463627,179.32,2.37,0.5
1790616729.5028539,179.41,2.36,0.55
1790616729.564068,179.47,2.37,0.54
1790616729.6229172,179.51,2.32,0.54
1790616729.663549,179.58,2.3,0.52
1790616729.7236521,179.45,2.33,0.52
1790616729.7829099,179.44,2.3,0.56
1790616729.823091,179.53,2.31,0.63
1790616729.882925,179.51,2.31,0.67
1790616729.925817,179.44,2.26,0.69
1790616729.98368,179.46,2.27,0.61
1790616730.0433018,179.41,2.24,0.59
1790616730.083092,179.47,2.25,0.62
1790616730.143121,179.48,2.26,0.6
1790616730.2027771,179.47,2.28,0.61
1790616730.24301,179.44,2.3,0.62
1790616730.303143,179.49,2.35,0.63
1790616730.36353,179.35,2.37,0.63
1790616730.427169,179.38,2.35,0.63
1790616730.463485,179.41,2.34,0.63
1790616730.524609,179.3,2.33,0.65
1790616730.56317,179.43,2.33,0.67
1790616730.625321,179.56,2.32,0.67
1790616730.68306,179.62,2.31,0.65
1790616730.742986,179.57,2.33,0.63
1790616730.783581,179.51,2.35,0.63
1790616730.8429172,179.44,2.36,0.66
1790616730.8834062,179.44,2.35,0.68
1790616730.942977,179.45,2.32,0.67
1790616731.003155,179.52,2.31,0.67
1790616731.043354,179.39,2.33,0.68
1790616731.1053498,179.31,2.34,0.71
1790616731.1666849,179.3,2.35,0.7
1790616731.203081,179.3,2.35,0.7
1790616731.262739,179.31,2.36,0.7
1790616731.3029308,179.31,2.36,0.7
1790616731.362869,179.31,2.36,0.69
1790616731.426075,179.31,2.36,0.69
1790616731.4638422,179.32,2.37,0.69
1790616731.52508,179.32,2.37,0.69
1790616731.582928,179.32,2.37,0.69
1790616731.625333,179.32,2.37,0.69
1790616731.6833122,179.32,2.37,0.69
1790616731.724813,179.32,2.37,0.68
1790616731.784214,179.32,2.36,0.69
1790616731.842991,179.32,2.36,0.68
1790616731.903289,179.33,2.36,0.69
1790616731.943111,179.33,2.36,0.69
1790616732.003217,179.33,2.36,0.69
1790616732.0628638,179.33,2.37,0.69
1790616732.1030378,179.33,2.36,0.69
1790616732.164557,179.33,2.36,0.69
1790616732.202995,179.32,2.37,0.69
1790616732.2676742,179.32,2.37,0.69
1790616732.323984,179.33,2.37,0.69
1790616732.382797,179.32,2.37,0.69
1790616732.423916,179.32,2.37,0.69
1790616732.483202,179.32,2.37,0.69
1790616732.524425,179.33,2.37,0.69
1790616732.583186,179.32,2.37,0.69
1790616732.624327,179.32,2.37,0.69
1790616732.6833138,179.32,2.37,0.69
1790616732.743145,179.29,2.36,0.69
1790616732.78295,179.31,2.37,0.69
1790616732.843811,179.31,2.37,0.69
1790616732.902751,179.32,2.37,0.69
1790616732.9439518,179.33,2.37,0.7
1790616733.0035641,179.33,2.37,0.7
1790616733.043252,179.34,2.37,0.7
1790616733.1030002,179.34,2.37,0.7
1790616733.1430972,179.35,2.38,0.7
1790616733.203049,179.39,2.38,0.7
1790616733.268729,179.39,2.38,0.7
1790616733.302897,179.4,2.38,0.71
1790616733.362968,179.39,2.38,0.71
1790616733.4226282,179.39,2.39,0.71
1790616733.463171,179.39,2.38,0.71
1790616733.523169,179.4,2.39,0.71
1790616733.56357,179.4,2.39,0.71
1790616733.625126,179.41,2.39,0.71
1790616733.6827362,179.41,2.39,0.72
1790616733.723467,179.41,2.39,0.72
1790616733.7829492,179.42,2.39,0.72
1790616733.843646,179.38,2.39,0.72
1790616733.882962,179.38,2.4,0.72
1790616733.9433339,179.39,2.4,0.72
1790616734.002769,179.39,2.4,0.72
1790616734.043063,179.4,2.4,0.72
1790616734.102954,179.41,2.4,0.72
1790616734.143073,179.41,2.4,0.72
1790616734.204652,179.42,2.4,0.73
1790616734.243111,179.43,2.4,0.73
1790616734.302999,179.46,2.4,0.73
1790616734.363229,179.4,2.4,0.73
1790616734.402957,179.41,2.4,0.73
1790616734.46304,179.42,2.4,0.74
1790616734.50331,179.41,2.41,0.73
1790616734.5631092,179.41,2.4,0.74
1790616734.6031911,179.42,2.4,0.74
1790616734.6629,179.42,2.41,0.74
1790616734.723264,179.42,2.41,0.74
1790616734.7636192,179.42,2.41,0.74
1790616734.823307,179.43,2.41,0.74
1790616734.886205,179.44,2.41,0.74
1790616734.924187,179.44,2.41,0.74
1790616734.9848928,179.47,2.41,0.75
1790616735.042997,179.45,2.41,0.75
1790616735.085276,179.45,2.42,0.74
1790616735.14287,179.45,2.42,0.75
1790616735.183112,179.45,2.42,0.75
1790616735.2431061,179.45,2.42,0.75
1790616735.3030999,179.45,2.42,0.75
1790616735.363944,179.46,2.42,0.75
1790616735.402967,179.46,2.42,0.76
1790616735.46443,179.47,2.42,0.75
1790616735.5232158,179.46,2.42,0.75
1790616735.562977,179.46,2.42,0.76
1790616735.6234171,179.46,2.42,0.76
1790616735.662984,179.46,2.42,0.76
1790616735.723247,179.45,2.42,0.76
1790616735.786467,179.46,2.42,0.76
1790616735.842983,179.45,2.42,0.77
1790616735.9027462,179.45,2.42,0.77
1790616735.9429,179.45,2.43,0.77
1790616736.0027268,179.44,2.43,0.77
1790616736.043107,179.44,2.42,0.77
1790616736.103007,179.44,2.43,0.77
1790616736.1631172,179.43,2.43,0.77
1790616736.203094,179.43,2.43,0.78
1790616736.2667258,179.43,2.43,0.78
1790616736.3243892,179.42,2.43,0.78
1790616736.363147,179.42,2.44,0.78
1790616736.423282,179.41,2.44,0.78
1790616736.463294,179.35,2.44,0.77
1790616736.523624,179.38,2.44,0.78
1790616736.563452,179.36,2.44,0.78
1790616736.6226408,179.36,2.44,0.78
1790616736.6631198,179.36,2.44,0.78
1790616736.723787,179.36,2.45,0.78
1790616736.7641249,179.36,2.45,0.78
1790616736.825036,179.36,2.45,0.78
1790616736.8647912,179.37,2.45,0.78
1790616736.923959,179.36,2.45,0.79
1790616736.985257,179.36,2.45,0.79
1790616737.02741,179.36,2.45,0.79
1790616737.085925,179.3,2.45,0.78
1790616737.124192,179.28,2.45,0.79
1790616737.1856241,179.28,2.46,0.79
1790616737.2241302,179.28,2.46,0.79
1790616737.28479,179.28,2.46,0.79
1790616737.343766,179.28,2.46,0.79
1790616737.3862069,179.28,2.46,0.79
1790616737.443837,179.28,2.46,0.79
1790616737.503871,179.31,2.47,0.79
1790616737.5440059,179.25,2.46,0.79
1790616737.604073,179.25,2.47,0.79
1790616737.643858,179.24,2.47,0.79
1790616737.7045178,179.24,2.47,0.79
1790616737.743758,179.24,2.47,0.79
1790616737.804428,179.24,2.47,0.79
1790616737.863897,179.24,2.47,0.8
1790616737.9039402,179.2,2.46,0.8
1790616737.96369,176.55,2.55,0.66
1790616738.004143,173.93,2.61,0.48
1790616738.083915,171.55,2.68,0.39
1790616738.123819,168.73,2.73,0.3
1790616738.183867,166.12,2.73,0.15
1790616738.2456288,163.3,2.72,0.04
1790616738.303822,157.59,2.74,-0.25
1790616738.3448,154.69,2.75,-0.35
1790616738.403857,151.83,2.76,-0.52
1790616738.4639208,148.84,2.75,-0.63
1790616738.523602,145.95,2.76,-0.77
1790616738.563808,142.83,2.71,-0.91
1790616738.623699,139.99,2.7,-1.0
1790616738.664139,136.94,2.66,-1.17
1790616738.7262561,134.04,2.61,-1.33
1790616738.784193,130.99,2.56,-1.46
1790616738.824342,127.95,2.47,-1.63
1790616738.884659,125.05,2.42,-1.71
1790616738.924275,122.01,2.34,-1.9
1790616738.9848802,119.04,2.28,-1.98
1790616739.046068,115.97,2.2,-2.1
1790616739.1038451,110.06,2.02,-2.31
1790616739.146527,107.01,1.88,-2.44
1790616739.204575,104.05,1.78,-2.54
1790616739.26406,100.99,1.68,-2.65
1790616739.303846,98.05,1.53,-2.74
1790616739.364065,95.12,1.47,-2.85
1790616739.403884,91.96,1.3,-2.91
1790616739.464032,89.14,1.17,-2.99
1790616739.503901,85.99,1.05,-3.1
1790616739.564058,83.12,0.94,-3.19
1790616739.6235662,80.02,0.78,-3.22
1790616739.663855,76.95,0.67,-3.28
1790616739.7240498,74.04,0.47,-3.3
1790616739.7852821,71.04,0.32,-3.35
1790616739.824022,68.0,0.19,-3.4
1790616739.883938,65.06,0.04,-3.4
1790616739.946167,62.06,-0.08,-3.41
1790616740.0038478,56.1,-0.38,-3.39
1790616740.046495,53.01,-0.53,-3.37
1790616740.103969,50.09,-0.68,-3.27
1790616740.163879,46.97,-0.81,-3.25
1790616740.2237701,44.14,-0.97,-3.21
1790616740.2637298,41.08,-1.12,-3.15
1790616740.3474078,35.12,-1.39,-3.03
1790616740.403868,32.04,-1.52,-2.97
1790616740.445756,29.27,-1.64,-2.85
1790616740.5047538,26.6,-1.75,-2.73
1790616740.5451798,24.16,-1.85,-2.65
1790616740.604784,21.9,-1.96,-2.6
1790616740.664841,19.87,-2.01,-2.51
1790616740.724681,18.04,-2.07,-2.48
1790616740.7856,16.26,-2.15,-2.41
1790616740.8247612,14.63,-2.21,-2.34
1790616740.8848178,12.97,-2.24,-2.25
1790616740.924771,11.47,-2.28,-2.2
1790616740.985312,10.28,-2.31,-2.14
1790616741.044676,9.26,-2.37,-2.1
1790616741.084903,8.26,-2.42,-2.08
1790616741.145733,7.29,-2.45,-2.07
1790616741.20475,5.48,-2.47,-1.99
1790616741.245346,4.82,-2.49,-1.95
1790616741.304727,4.22,-2.51,-1.92
1790616741.344991,3.6,-2.52,-1.89
1790616741.4048798,2.99,-2.52,-1.85
1790616741.4449549,2.45,-2.53,-1.82
1790616741.504862,1.98,-2.54,-1.79
1790616741.544994,1.48,-2.56,-1.77
1790616741.605098,1.04,-2.58,-1.76
1790616741.665267,1.03,-2.59,-1.75
1790616741.709226,1.04,-2.59,-1.74
1790616741.7654998,1.04,-2.58,-1.74
1790616741.825409,1.05,-2.58,-1.73
1790616741.88507,1.05,-2.58,-1.73
1790616741.924902,1.06,-2.57,-1.72
1790616741.9847062,1.09,-2.57,-1.72
1790616742.025141,1.07,-2.57,-1.72
1790616742.08481,1.07,-2.56,-1.72
1790616742.14488,1.07,-2.56,-1.72
1790616742.1848671,1.07,-2.56,-1.72
1790616742.2452989,1.07,-2.56,-1.71
1790616742.309664,1.07,-2.55,-1.7
1790616742.347574,1.07,-2.55,-1.7
1790616742.406985,1.06,-2.55,-1.7
1790616742.464889,1.06,-2.55,-1.69
1790616742.50752,1.05,-2.55,-1.69
1790616742.564895,1.05,-2.55,-1.69
1790616742.624981,1.04,-2.55,-1.68
1790616742.684664,1.04,-2.55,-1.68
1790616742.72491,1.04,-2.55,-1.68
1790616742.784828,1.03,-2.55,-1.68
1790616742.825027,1.03,-2.55,-1.67
1790616742.8856242,0.99,-2.55,-1.67
1790616742.944814,0.96,-2.56,-1.67
1790616742.985306,0.97,-2.56,-1.67
1790616743.046463,0.97,-2.55,-1.66
1790616743.084791,0.79,-2.42,-1.75
1790616743.146114,0.79,-2.42,-1.75
1790616743.185749,0.3,-2.46,-1.8
1790616743.2457442,0.17,-2.5,-1.76
1790616743.308523,0.09,-2.58,-1.76
1790616743.367229,0.04,-2.57,-1.75
1790616743.407147,-0.01,-2.6,-1.72
1790616743.46733,-0.02,-2.62,-1.71
1790616743.525567,-0.09,-2.55,-1.76
1790616743.566032,-0.12,-2.52,-1.74
1790616743.62571,-0.1,-2.5,-1.78
1790616743.665854,-0.13,-2.5,-1.75
1790616743.726453,-0.16,-2.49,-1.78
1790616743.786051,-0.14,-2.54,-1.78
1790616743.825664,-0.16,-2.57,-1.73
1790616743.88593,-0.14,-2.61,-1.78
1790616743.925759,-0.16,-2.61,-1.78
1790616743.9860082,-0.26,-2.64,-1.76
1790616744.045863,-0.11,-2.63,-1.8
1790616744.085668,-0.11,-2.61,-1.77
1790616744.1459122,-0.21,-2.6,-1.77
1790616744.2079968,-0.16,-2.57,-1.83
1790616744.26588,-0.1,-2.57,-1.83
1790616744.306227,-0.14,-2.52,-1.79
1790616744.365657,-0.19,-2.47,-1.71
1790616744.40644,-0.2,-2.45,-1.65
1790616744.465827,-0.14,-2.4,-1.6
1790616744.525907,-0.21,-2.37,-1.53
1790616744.565803,-0.27,-2.36,-1.5
1790616744.6260538,-0.13,-2.3,-1.46
1790616744.685714,-0.17,-2.26,-1.57
1790616744.726264,-0.27,-2.32,-1.61
1790616744.825881,-0.23,-2.25,-1.76
1790616744.885632,-0.31,-2.21,-1.76
1790616744.926013,-0.27,-2.25,-1.76
1790616744.9857721,-0.37,-2.24,-1.74
1790616745.026502,-0.35,-2.21,-1.75
1790616745.085662,-0.36,-2.21,-1.75
1790616745.147605,-0.24,-2.26,-1.81
1790616745.1858041,-0.39,-2.28,-1.78
1790616745.2455208,-0.37,-2.29,-1.74
1790616745.306251,-0.24,-2.29,-1.76
1790616745.3658612,-0.29,-2.29,-1.78
1790616745.40572,-0.33,-2.28,-1.79
1790616745.465814,-0.35,-2.28,-1.8
1790616745.525971,-0.38,-2.27,-1.8
1790616745.5659468,-0.35,-2.26,-1.79
1790616745.6260421,-0.39,-2.29,-1.8
1790616745.685805,-0.35,-2.29,-1.79
1790616745.72613,-0.34,-2.3,-1.76
1790616745.78596,-0.34,-2.31,-1.74
1790616745.846345,-0.33,-2.31,-1.73
1790616745.905588,-0.34,-2.3,-1.72
1790616745.965642,-0.33,-2.3,-1.72
1790616746.0070982,-0.33,-2.29,-1.72
1790616746.068241,-0.32,-2.29,-1.72
1790616746.105855,-0.32,-2.29,-1.72
1790616746.167489,-0.31,-2.29,-1.71
1790616746.225724,-0.31,-2.28,-1.71
1790616746.286032,-0.3,-2.28,-1.71
1790616746.3259158,-0.3,-2.28,-1.71
1790616746.387569,-0.3,-2.28,-1.71
1790616746.42681,-0.3,-2.28,-1.71
1790616746.488179,-0.3,-2.28,-1.71
1790616746.527298,-0.3,-2.28,-1.71
1790616746.586705,-0.3,-2.28,-1.71
1790616746.62682,-0.3,-2.28,-1.71
1790616746.688253,-0.3,-2.28,-1.71
1790616746.74672,-0.3,-2.28,-1.71
1790616746.787043,-0.3,-2.28,-1.71
1790616746.846741,-0.3,-2.28,-1.71
1790616746.90894,-0.3,-2.28,-1.71
1790616746.947753,-0.31,-2.28,-1.71
1790616747.009644,-0.3,-2.28,-1.71
1790616747.087877,-0.3,-2.28,-1.72
1790616747.146642,-0.3,-2.28,-1.72
1790616747.187098,-0.3,-2.28,-1.71
1790616747.247187,-0.32,-2.28,-1.71
1790616747.3068318,-0.32,-2.28,-1.71
1790616747.346852,-0.34,-2.24,-1.72
1790616747.408025,-0.48,-2.19,-1.73
1790616747.467825,-0.63,-2.19,-1.72
1790616747.509686,-0.65,-2.21,-1.73
1790616747.5679302,-0.67,-2.3,-1.7
1790616747.626726,-0.65,-2.35,-1.76
1790616747.66845,-0.64,-2.41,-1.75
1790616747.72689,-0.58,-2.44,-1.79
1790616747.786645,-0.61,-2.45,-1.76
1790616747.82687,-0.61,-2.43,-1.84
1790616747.8878121,-0.59,-2.42,-1.81
1790616747.9268212,-0.44,-2.38,-1.76
1790616747.987422,-0.43,-2.37,-1.73
1790616748.0465732,-0.45,-2.39,-1.69
1790616748.0869792,-0.4,-2.43,-1.64
1790616748.1474218,-0.46,-2.42,-1.57
1790616748.187213,-0.45,-2.51,-1.55
1790616748.2469492,-0.38,-2.52,-1.63
1790616748.308864,-0.47,-2.59,-1.66
1790616748.367031,-0.37,-2.55,-1.71
1790616748.409051,-0.44,-2.6,-1.7
1790616748.467139,-0.5,-2.62,-1.69
1790616748.5071082,-0.47,-2.58,-1.73
1790616748.567254,-0.55,-2.57,-1.67
1790616748.62681,-0.49,-2.58,-1.72
1790616748.6669078,-0.48,-2.58,-1.72
1790616748.726539,-0.5,-2.54,-1.74
1790616748.7702558,-0.54,-2.52,-1.73
1790616748.827181,-0.47,-2.46,-1.76
1790616748.867,-0.59,-2.43,-1.72
1790616748.926975,-0.76,-2.4,-1.67
1790616748.9672031,-0.79,-2.3,-1.47
1790616749.029137,-0.6,-2.31,-1.52
1790616749.0869179,-0.5,-2.31,-1.57
1790616749.126743,-0.52,-2.28,-1.63
1790616749.187257,-0.45,-2.27,-1.59
1790616749.230428,-0.42,-2.25,-1.6
1790616749.287758,-0.39,-2.24,-1.62
1790616749.370413,-0.36,-2.21,-1.67
1790616749.40767,-0.36,-2.22,-1.7
1790616749.469731,-0.4,-2.23,-1.7
1790616749.50805,-0.43,-2.24,-1.69
1790616749.5691001,-0.53,-2.27,-1.7
1790616749.629374,-0.55,-2.3,-1.7
1790616749.669732,-0.49,-2.31,-1.69
1790616749.729949,-0.49,-2.32,-1.68
1790616749.7877471,-0.57,-2.31,-1.7
1790616749.8481631,-0.54,-2.31,-1.69
1790616749.887795,-0.51,-2.28,-1.69
1790616749.9483871,-0.51,-2.27,-1.72
1790616750.007824,-0.52,-2.33,-1.73
1790616750.047853,-0.56,-2.34,-1.72
1790616750.1078029,-0.53,-2.36,-1.72
1790616750.169983,-0.52,-2.35,-1.72
1790616750.2077792,-0.51,-2.35,-1.72
1790616750.2719748,-0.51,-2.34,-1.71
1790616750.330251,-0.51,-2.34,-1.71
1790616750.368324,-0.5,-2.33,-1.71
1790616750.429802,-0.5,-2.33,-1.7
1790616750.487669,-0.5,-2.32,-1.7
1790616750.529079,-0.5,-2.32,-1.7
1790616750.587785,-0.5,-2.32,-1.7
1790616750.628663,-0.49,-2.32,-1.7
1790616750.687592,-0.49,-2.31,-1.7
1790616750.7298539,-0.48,-2.31,-1.7
1790616750.787901,-0.48,-2.31,-1.7
1790616750.84763,-0.48,-2.32,-1.7
1790616750.8875709,-0.48,-2.32,-1.7
1790616750.9477801,-0.48,-2.32,-1.7
1790616751.007724,-0.48,-2.31,-1.7
1790616751.0477262,-0.48,-2.31,-1.7
1790616751.108832,-0.48,-2.31,-1.7
1790616751.1477299,-0.48,-2.31,-1.7
1790616751.2080908,-0.48,-2.31,-1.7
1790616751.247731,-0.48,-2.31,-1.7
1790616751.30799,-0.48,-2.31,-1.7
1790616751.3689768,-0.48,-2.31,-1.7
1790616751.407719,-0.48,-2.31,-1.7
1790616751.4677398,-0.48,-2.31,-1.7
1790616751.530607,-0.48,-2.31,-1.7
1790616751.5877519,-0.48,-2.31,-1.7
1790616751.6480498,-0.5,-2.32,-1.69
1790616751.687725,-0.5,-2.32,-1.69
1790616751.7476559,-0.5,-2.32,-1.69
1790616751.787638,-0.62,-2.24,-1.67
1790616751.84798,-0.75,-2.23,-1.65
1790616751.907634,-0.7,-2.27,-1.68
1790616751.9477289,-0.73,-2.34,-1.71
1790616752.0084999,-0.74,-2.41,-1.7
1790616752.0476558,-0.7,-2.46,-1.71
1790616752.1078882,-0.68,-2.48,-1.75
1790616752.147926,-0.75,-2.48,-1.81
1790616752.2079518,-0.97,-2.43,-1.81
1790616752.272511,-0.88,-2.44,-1.8
1790616752.328089,-0.74,-2.45,-1.8
1790616752.36807,-0.74,-2.44,-1.76
1790616752.428351,-0.61,-2.45,-1.76
1790616752.467946,-0.57,-2.48,-1.71
1790616752.530459,-0.49,-2.51,-1.65
1790616752.587751,-0.43,-2.52,-1.61
1790616752.630205,-0.38,-2.53,-1.57
1790616752.687776,-0.36,-2.55,-1.65
1790616752.747722,-0.33,-2.53,-1.71
1790616752.807607,-0.41,-2.56,-1.72
1790616752.868638,-0.43,-2.53,-1.7
1790616752.933044,-0.47,-2.54,-1.62
1790616752.9702358,-0.47,-2.54,-1.64
1790616753.028345,-0.49,-2.55,-1.62
1790616753.087532,-0.49,-2.54,-1.62
1790616753.1302578,-0.44,-2.52,-1.69
1790616753.187725,-0.52,-2.5,-1.7
1790616753.229671,-0.48,-2.5,-1.7
1790616753.288105,-0.17,-2.46,-1.65
1790616753.3477812,-0.37,-2.45,-1.63
1790616753.407864,-0.5,-2.48,-1.61
1790616753.467536,-0.45,-2.49,-1.63
1790616753.527902,-0.51,-2.5,-1.58
1790616753.587677,-0.54,-2.47,-1.58
1790616753.627949,-0.43,-2.47,-1.61
1790616753.68782,-0.4,-2.46,-1.62
1790616753.7280939,-0.55,-2.45,-1.63
1790616753.792362,-0.62,-2.46,-1.64
1790616753.8476439,-0.61,-2.48,-1.63
1790616753.907729,-0.6,-2.47,-1.64
1790616753.9687989,-0.57,-2.48,-1.65
1790616754.007724,-0.52,-2.47,-1.67
1790616754.067654,-0.56,-2.52,-1.67
1790616754.129418,-0.46,-2.54,-1.69
1790616754.189331,-0.47,-2.54,-1.71
1790616754.228589,-0.48,-2.52,-1.7
1790616754.2887812,-0.5,-2.5,-1.69
1790616754.348623,-0.49,-2.5,-1.68
1790616754.389178,-0.54,-2.49,-1.69
1790616754.447593,-0.6,-2.52,-1.68
1790616754.490093,-0.54,-2.58,-1.67
1790616754.547622,-0.55,-2.58,-1.67
1790616754.607724,-0.55,-2.58,-1.66
1790616754.647601,-0.56,-2.58,-1.66
1790616754.7077692,-0.56,-2.58,-1.65
1790616754.747607,-0.57,-2.57,-1.65
1790616754.80791,-0.57,-2.57,-1.65
1790616754.847732,-0.57,-2.57,-1.64
1790616754.908051,-0.57,-2.57,-1.64
1790616754.947778,-0.58,-2.57,-1.64
1790616755.0076659,-0.58,-2.57,-1.64
1790616755.067745,-0.58,-2.57,-1.64
1790616755.127915,-0.59,-2.58,-1.63
1790616755.1677241,-0.59,-2.58,-1.63
1790616755.227896,-0.59,-2.58,-1.64
1790616755.2890072,-0.59,-2.57,-1.63
1790616755.329806,-0.58,-2.57,-1.63
1790616755.388173,-0.59,-2.57,-1.63
1790616755.428027,-0.59,-2.57,-1.63
1790616755.489362,-0.59,-2.57,-1.63
1790616755.529187,-0.42,-2.57,-1.64
1790616755.587698,2.36,-2.45,-1.71
1790616755.647972,4.7,-2.43,-1.78
1790616755.690397,7.04,-2.37,-1.89
1790616755.7477179,12.34,-2.2,-2.11
1790616755.8076842,15.04,-2.13,-2.24
1790616755.8478541,17.87,-2.0,-2.31
1790616755.907951,20.64,-1.94,-2.42
1790616755.967704,23.58,-1.84,-2.55
1790616756.007599,26.51,-1.77,-2.67
1790616756.06762,29.36,-1.64,-2.73
1790616756.128097,32.35,-1.51,-2.82
1790616756.1676002,35.24,-1.4,-2.9
1790616756.228034,38.27,-1.24,-3.0
1790616756.2899368,41.16,-1.13,-3.09
1790616756.347618,44.16,-0.99,-3.11
1790616756.3880398,47.16,-0.84,-3.12
1790616756.447895,50.03,-0.69,-3.15
1790616756.489559,53.08,-0.56,-3.22
1790616756.549397,58.94,-0.29,-3.25
1790616756.607733,61.84,-0.12,-3.3
1790616756.6481369,64.17,-0.03,-3.31
1790616756.7096589,66.45,0.06,-3.32
1790616756.747678,68.7,0.15,-3.35
1790616756.808146,70.64,0.3,-3.28
1790616756.847842,72.3,0.37,-3.26
1790616756.907914,74.12,0.44,-3.27
1790616756.9677398,75.78,0.52,-3.28
1790616757.0092878,77.19,0.59,-3.23
1790616757.068373,78.52,0.67,-3.22
1790616757.1078951,79.7,0.69,-3.21
1790616757.167559,80.73,0.72,-3.19
1790616757.2278552,81.67,0.76,-3.17
1790616757.2676868,82.54,0.8,-3.18
1790616757.3276858,83.35,0.84,-3.19
1790616757.36764,84.07,0.89,-3.16
1790616757.4275022,84.69,0.94,-3.11
1790616757.4874089,85.25,0.98,-3.09
1790616757.527641,85.86,1.01,-3.08
1790616757.5878348,86.36,1.03,-3.07
1790616757.6475,86.87,1.04,-3.05
1790616757.687851,87.39,1.05,-3.04
1790616757.74784,88.57,1.1,-3.04
1790616757.807668,89.04,1.13,-3.04
1790616757.867636,89.32,1.15,-3.06
1790616757.9083781,89.32,1.15,-3.06
1790616757.967946,89.31,1.15,-3.05
1790616758.007686,89.31,1.15,-3.04
1790616758.0676632,89.31,1.15,-3.04
1790616758.127817,89.31,1.16,-3.03
1790616758.1677551,89.3,1.16,-3.03
1790616758.228989,89.27,1.16,-3.04
1790616758.307722,89.29,1.16,-3.03
1790616758.348437,89.28,1.16,-3.03
1790616758.407886,89.28,1.16,-3.03
1790616758.449912,89.28,1.16,-3.03
1790616758.507842,89.28,1.17,-3.03
1790616758.548775,89.28,1.17,-3.03
1790616758.607729,89.28,1.17,-3.03
1790616758.667504,89.31,1.18,-3.02
1790616758.7081962,89.3,1.18,-3.03
1790616758.767424,89.3,1.18,-3.02
1790616758.807832,89.3,1.18,-3.03
1790616758.869102,89.35,1.2,-3.03
1790616758.9276989,89.53,1.23,-2.94
1790616758.9676318,89.75,1.27,-2.9
1790616759.027765,89.84,1.21,-2.89
1790616759.067907,89.84,1.19,-2.8
1790616759.127746,89.76,1.12,-2.78
1790616759.167619,89.77,1.08,-2.77
1790616759.22761,89.74,1.05,-2.79
1790616759.267551,89.87,1.08,-2.94
1790616759.327737,89.81,1.06,-2.97
1790616759.3884292,89.76,1.08,-3.0
1790616759.427639,89.82,1.06,-3.03
1790616759.488749,89.77,1.01,-3.09
1790616759.5276742,89.66,1.0,-3.08
1790616759.58763,89.81,0.98,-3.06
1790616759.64941,89.72,0.93,-3.05
1790616759.6874619,89.76,0.87,-3.06
1790616759.750051,89.74,0.89,-3.09
1790616759.787633,89.67,0.9,-3.11
1790616759.847619,89.72,0.95,-3.07
1790616759.907682,89.6,1.0,-3.06
1790616759.950054,89.7,1.08,-2.98
1790616760.009634,89.63,1.14,-3.0
1790616760.049879,89.6,1.17,-3.01
1790616760.109635,89.61,1.2,-3.04
1790616760.169426,89.58,1.28,-3.08
1790616760.214258,89.58,1.33,-3.04
1790616760.272376,89.55,1.42,-3.08
1790616760.3140302,89.51,1.45,-3.08
1790616760.370828,89.54,1.51,-3.11
1790616760.430701,89.52,1.54,-3.12
1790616760.4708202,89.57,1.51,-3.24
1790616760.530533,89.53,1.53,-3.29
1790616760.590611,89.49,1.51,-3.36
1790616760.650572,89.48,1.53,-3.35
1790616760.710567,89.43,1.54,-3.34
1790616760.753394,89.43,1.54,-3.35
1790616760.812685,89.47,1.53,-3.37
1790616760.853429,89.44,1.52,-3.38
1790616760.910771,89.35,1.5,-3.37
1790616760.950907,89.41,1.48,-3.37
1790616761.0120718,89.41,1.5,-3.38
1790616761.051668,89.49,1.5,-3.38
1790616761.112627,89.39,1.49,-3.37
1790616761.170618,89.4,1.5,-3.36
1790616761.212188,89.44,1.5,-3.35
1790616761.270665,89.43,1.49,-3.38
1790616761.312567,89.37,1.48,-3.4
1790616761.370369,89.5,1.48,-3.4
1790616761.4117508,89.5,1.5,-3.39
1790616761.47038,89.39,1.49,-3.4
1790616761.513452,89.33,1.48,-3.39
1790616761.570729,89.34,1.44,-3.38
1790616761.6307762,89.35,1.45,-3.38
1790616761.670542,89.35,1.45,-3.38
1790616761.7306938,89.35,1.45,-3.37
1790616761.7712,89.34,1.46,-3.37
1790616761.8305411,89.34,1.46,-3.37
1790616761.890504,89.34,1.47,-3.37
1790616761.930708,89.34,1.47,-3.37
1790616761.991004,89.34,1.48,-3.37
1790616762.0305521,89.34,1.49,-3.37
1790616762.090509,89.33,1.5,-3.39
1790616762.150838,89.33,1.5,-3.39
1790616762.1907892,89.33,1.5,-3.38
1790616762.25052,89.33,1.49,-3.38
1790616762.313289,89.34,1.49,-3.38
1790616762.350441,89.33,1.49,-3.38
1790616762.4119291,89.33,1.49,-3.38
1790616762.470664,89.34,1.49,-3.38
1790616762.511459,89.33,1.49,-3.38
1790616762.570622,89.34,1.49,-3.38
1790616762.630435,89.34,1.49,-3.38
1790616762.67059,91.12,1.51,-3.27
1790616762.730378,93.82,1.66,-3.16
1790616762.790626,98.61,1.86,-2.97
1790616762.850548,101.27,2.0,-2.87
1790616762.890607,104.02,2.14,-2.74
1790616762.950443,104.02,2.14,-2.74
1790616763.01091,109.63,2.36,-2.54
1790616763.0517151,112.47,2.45,-2.4
1790616763.1112168,115.3,2.54,-2.3
1790616763.153169,118.24,2.65,-2.14
1790616763.211091,121.13,2.74,-2.01
1790616763.250759,124.1,2.81,-1.89
1790616763.311009,127.11,2.93,-1.69
1790616763.370507,129.97,3.01,-1.61
1790616763.411284,132.96,3.08,-1.46
1790616763.470762,135.94,3.1,-1.3
1790616763.5112572,138.99,3.12,-1.16
1790616763.570785,142.04,3.2,-0.96
1790616763.630573,144.84,3.18,-0.81
1790616763.690596,147.94,3.24,-0.66
1790616763.730484,150.71,3.23,-0.5
1790616763.7904088,153.43,3.22,-0.4
1790616763.830632,156.04,3.24,-0.23
1790616763.8907259,160.61,3.21,0.04
1790616763.950728,162.55,3.2,0.16
1790616764.010373,164.1,3.23,0.29
1790616764.050569,165.69,3.18,0.39
1790616764.11055,167.36,3.13,0.46
1790616764.150719,168.58,3.11,0.51
1790616764.2106729,169.75,3.09,0.59
1790616764.2508118,170.86,3.09,0.65
1790616764.310677,171.81,3.09,0.7
1790616764.3704,172.56,3.08,0.74
1790616764.4109151,173.42,3.04,0.79
1790616764.470838,174.2,3.02,0.84
1790616764.510907,174.91,3.01,0.88
1790616764.570623,175.46,3.0,0.9
1790616764.6108851,176.02,2.99,0.92
1790616764.6736572,176.6,2.98,0.96
1790616764.710507,177.15,2.98,0.97
1790616764.7711601,177.72,2.99,1.0
1790616764.830518,178.25,2.99,1.03
1790616764.873877,178.75,2.99,1.05
1790616764.930512,179.19,2.97,1.08
1790616764.994101,179.46,2.97,1.1
1790616765.030368,179.45,2.97,1.1
1790616765.090563,179.44,2.98,1.1
1790616765.1503732,179.44,2.98,1.1
1790616765.1905239,179.43,2.99,1.09
1790616765.2510011,179.42,3.0,1.09
1790616765.312581,179.39,3.0,1.09
1790616765.351074,179.4,3.0,1.1
1790616765.412148,179.41,3.01,1.11
1790616765.472546,179.42,3.01,1.1
1790616765.5107698,179.42,3.01,1.11
1790616765.5718021,179.42,3.02,1.11
1790616765.6119769,179.42,3.02,1.12
1790616765.6707158,179.42,3.03,1.12
1790616765.7304032,179.42,3.03,1.12
1790616765.790522,179.45,3.04,1.13
1790616765.8305438,179.46,3.04,1.13
1790616765.890583,179.43,3.04,1.13
1790616765.9509451,179.43,3.04,1.13
1790616765.990593,179.67,3.06,1.16
1790616766.050827,179.67,3.06,1.16
1790616766.090483,179.85,3.06,1.31
1790616766.150825,179.81,3.01,1.37
1790616766.211205,179.67,2.97,1.43
1790616766.2738318,179.7,2.88,1.41
1790616766.310851,179.8,2.94,1.29
1790616766.373367,179.76,2.93,1.2
1790616766.4118268,179.75,2.94,1.16
1790616766.4740312,179.76,2.99,1.12
1790616766.5304031,179.65,2.96,1.09
1790616766.575767,179.68,3.02,1.11
1790616766.6305711,179.68,3.0,1.14
1790616766.6907442,179.71,2.98,1.17
1790616766.730643,179.7,2.93,1.15
1790616766.7907321,179.7,2.92,1.18
1790616766.830678,179.69,2.91,1.13
1790616766.890538,179.61,2.75,1.12
1790616766.950478,179.61,2.75,1.12
1790616766.990517,179.55,2.77,1.09
1790616767.050352,179.6,2.7,1.07
1790616767.1108968,179.56,2.73,1.05
1790616767.150516,179.51,2.7,1.09
1790616767.2136,179.52,2.73,1.11
1790616767.290716,179.48,2.73,1.1
1790616767.350538,179.53,2.76,1.1
1790616767.4107141,179.48,2.74,1.07
1790616767.451642,179.5,2.76,1.03
1790616767.510279,179.49,2.71,1.01
1790616767.550373,179.43,2.78,1.05
1790616767.610825,179.37,2.8,1.18
1790616767.6718888,179.48,2.81,1.2
1790616767.710422,179.54,2.85,1.18
1790616767.790756,179.59,2.87,1.01
1790616767.830518,179.49,2.87,1.01
1790616767.890811,179.47,2.89,1.02
1790616767.930521,179.41,2.91,1.01
1790616767.990561,179.4,2.89,1.04
1790616768.0305972,179.44,2.87,1.0
1790616768.0904949,179.43,2.88,1.01
1790616768.150475,179.42,2.89,1.02
1790616768.1906052,179.4,2.92,1.04
1790616768.250367,179.42,2.9,1.03
1790616768.310356,179.46,2.89,1.01
1790616768.370647,179.45,2.89,1.0
1790616768.430767,179.43,2.9,1.02
1790616768.470905,179.42,2.91,1.04
1790616768.530755,179.4,2.9,1.06
1790616768.592035,179.38,2.88,1.08
1790616768.630549,179.41,2.85,1.08
1790616768.69059,179.42,2.84,1.06
1790616768.750431,179.42,2.83,1.06
1790616768.790806,179.44,2.85,1.05
1790616768.850786,179.44,2.85,1.04
1790616768.890958,179.44,2.86,1.04
1790616768.950408,179.44,2.86,1.04
1790616769.010252,179.44,2.87,1.04
1790616769.050432,179.44,2.87,1.04
1790616769.110323,179.44,2.88,1.05
1790616769.171253,179.43,2.88,1.05
1790616769.239279,179.43,2.88,1.04
1790616769.290868,179.43,2.88,1.05
1790616769.330472,179.44,2.89,1.05
1790616769.3907032,179.43,2.89,1.05
1790616769.450422,179.43,2.89,1.05
1790616769.490582,179.43,2.88,1.05
1790616769.5503738,179.43,2.89,1.04
1790616769.610703,179.43,2.89,1.04
1790616769.650487,179.43,2.89,1.04
1790616769.71047,179.43,2.88,1.05
1790616769.772896,179.43,2.88,1.05
1790616769.832095,178.88,2.91,0.98
1790616769.890264,175.77,3.04,0.8
1790616769.9321768,173.35,3.09,0.6
1790616769.9903228,170.9,3.14,0.48
1790616770.031477,168.17,3.18,0.33
1790616770.090548,165.48,3.22,0.17
1790616770.131819,162.66,3.22,0.05
1790616770.190561,156.87,3.27,-0.29
1790616770.250464,156.87,3.27,-0.29
1790616770.3104131,151.08,3.27,-0.62
1790616770.350849,148.12,3.26,-0.74
1790616770.410392,145.15,3.24,-0.96
1790616770.472838,142.21,3.2,-1.08
1790616770.510335,139.25,3.17,-1.22
1790616770.570944,136.25,3.12,-1.42
1790616770.6328619,133.28,3.06,-1.58
1790616770.671427,130.2,2.99,-1.77
1790616770.733061,127.26,2.91,-1.93
1790616770.7926881,124.28,2.83,-2.04
1790616770.852693,118.48,2.68,-2.32
1790616770.8926551,115.93,2.59,-2.42
1790616770.9524999,113.51,2.46,-2.53
1790616770.992503,111.37,2.37,-2.63
1790616771.05246,109.35,2.31,-2.73
1790616771.11247,107.27,2.21,-2.83
1790616771.172493,105.7,2.12,-2.9
1790616771.212332,104.02,2.05,-2.95
1790616771.272894,102.62,2.01,-3.0
1790616771.332743,101.14,1.96,-3.06
1790616771.3922482,100.0,1.9,-3.09
1790616771.434371,98.93,1.84,-3.13
1790616771.492512,97.77,1.77,-3.19
1790616771.532974,96.73,1.73,-3.23
1790616771.592476,95.97,1.7,-3.27
1790616771.6523242,95.23,1.67,-3.29
1790616771.69295,94.07,1.6,-3.32
1790616771.752722,93.38,1.58,-3.34
1790616771.8327072,92.84,1.56,-3.33
1790616771.8725078,92.37,1.54,-3.35
1790616771.932462,91.78,1.5,-3.37
1790616771.972499,91.2,1.45,-3.4
1790616772.032495,90.66,1.42,-3.43
1790616772.092343,90.46,1.4,-3.43
1790616772.132406,90.4,1.39,-3.43
1790616772.199363,90.4,1.39,-3.43
1790616772.25289,90.4,1.39,-3.43
1790616772.312484,90.4,1.4,-3.43
1790616772.352427,90.41,1.4,-3.44
1790616772.4126542,90.43,1.4,-3.44
1790616772.474699,90.4,1.4,-3.44
1790616772.512542,90.4,1.4,-3.44
1790616772.572413,90.4,1.4,-3.44
1790616772.612559,90.39,1.4,-3.44
1790616772.672561,90.39,1.4,-3.44
1790616772.7332191,90.39,1.4,-3.44
1790616772.7948742,90.38,1.4,-3.44
1790616772.834125,90.37,1.4,-3.44
1790616772.894332,90.39,1.4,-3.44
1790616772.952613,90.36,1.4,-3.44
1790616772.993772,90.36,1.4,-3.44
1790616773.052601,90.31,1.42,-3.45
1790616773.112256,90.22,1.51,-3.52
1790616773.152701,90.09,1.53,-3.53
1790616773.2139049,89.89,1.49,-3.57
1790616773.273799,89.79,1.38,-3.6
1790616773.334987,89.79,1.27,-3.6
1790616773.372531,89.75,1.22,-3.55
1790616773.432832,89.72,1.17,-3.53
1790616773.495109,89.72,1.12,-3.48
1790616773.535234,89.69,1.16,-3.51
1790616773.594823,89.67,1.18,-3.57
1790616773.632421,89.67,1.25,-3.56
1790616773.693384,89.63,1.25,-3.56
1790616773.75233,89.63,1.36,-3.54
1790616773.812254,89.58,1.38,-3.5
1790616773.852424,89.58,1.43,-3.53
1790616773.912823,89.56,1.43,-3.52
1790616773.9528651,89.46,1.55,-3.57
1790616774.035418,89.44,1.56,-3.6
1790616774.072673,89.27,1.63,-3.54
1790616774.1333141,89.36,1.68,-3.54
1790616774.172467,89.51,1.72,-3.57
1790616774.232564,89.47,1.73,-3.52
1790616774.296692,89.46,1.76,-3.46
1790616774.352212,89.46,1.76,-3.46
1790616774.3962219,89.59,1.79,-3.53
1790616774.453231,89.54,1.82,-3.53
1790616774.494684,89.55,1.8,-3.53
1790616774.554173,89.53,1.82,-3.52
1790616774.59395,89.47,1.87,-3.51
1790616774.653422,89.73,1.86,-3.49
1790616774.71342,89.72,1.78,-3.49
1790616774.753479,89.62,1.72,-3.48
1790616774.81348,89.61,1.66,-3.44
1790616774.8748212,89.62,1.59,-3.49
1790616774.9134889,89.55,1.58,-3.48
1790616774.9734862,89.55,1.54,-3.44
1790616775.033417,89.57,1.55,-3.45
1790616775.09316,89.56,1.58,-3.47
1790616775.1337652,89.51,1.61,-3.49
1790616775.193726,89.44,1.67,-3.45
1790616775.2536619,89.45,1.65,-3.45
1790616775.313405,89.42,1.63,-3.5
1790616775.3536441,89.41,1.61,-3.49
1790616775.413614,89.42,1.58,-3.49
1790616775.4534478,89.42,1.53,-3.46
1790616775.513438,89.43,1.53,-3.5
1790616775.5731468,89.43,1.54,-3.51
1790616775.613299,89.38,1.55,-3.52
1790616775.673284,89.39,1.57,-3.53
1790616775.733321,89.38,1.57,-3.54
1790616775.773509,89.4,1.57,-3.54
1790616775.835055,89.38,1.55,-3.51
1790616775.893483,89.47,1.53,-3.51
1790616775.933423,89.48,1.52,-3.53
1790616775.993612,89.53,1.52,-3.52
1790616776.053461,89.54,1.52,-3.52
1790616776.093594,89.54,1.52,-3.51
1790616776.158601,89.53,1.53,-3.5
1790616776.196722,89.53,1.53,-3.5
1790616776.274443,89.53,1.53,-3.5
1790616776.333654,89.53,1.53,-3.5
1790616776.373378,89.53,1.53,-3.5
1790616776.433394,89.53,1.53,-3.5
1790616776.493322,89.54,1.53,-3.5
1790616776.5336242,89.54,1.53,-3.5
1790616776.59346,89.54,1.53,-3.5
1790616776.633836,89.54,1.53,-3.5
1790616776.694248,89.54,1.53,-3.5
1790616776.733799,89.54,1.53,-3.5
1790616776.793376,89.53,1.53,-3.5
1790616776.8553941,89.54,1.53,-3.5
1790616776.896727,89.53,1.54,-3.5
1790616776.95518,89.53,1.53,-3.5
1790616776.994581,89.53,1.53,-3.5
1790616777.054114,89.54,1.53,-3.5
1790616777.093895,89.53,1.53,-3.5
1790616777.154825,89.53,1.54,-3.5
1790616777.213352,89.53,1.54,-3.5
1790616777.260679,89.53,1.54,-3.5
1790616777.3136342,89.53,1.53,-3.5
1790616777.360249,89.53,1.53,-3.5
1790616777.414352,89.53,1.53,-3.5
1790616777.4734552,89.52,1.53,-3.5
1790616777.51362,89.51,1.53,-3.5
1790616777.573309,89.52,1.53,-3.5
1790616777.613333,89.52,1.53,-3.51
1790616777.673214,89.51,1.56,-3.51
1790616777.7135448,89.5,1.63,-3.52
1790616777.773265,89.57,1.63,-3.52
1790616777.8333209,89.54,1.62,-3.53
1790616777.8732412,89.44,1.57,-3.53
1790616777.933692,89.37,1.49,-3.55
1790616777.9735968,89.34,1.46,-3.54
1790616778.033421,89.26,1.51,-3.53
1790616778.093952,89.17,1.47,-3.56
1790616778.1334689,89.25,1.52,-3.55
1790616778.193697,89.3,1.55,-3.53
1790616778.2339,89.33,1.61,-3.54
1790616778.294797,89.34,1.65,-3.49
1790616778.356812,89.42,1.64,-3.54
1790616778.394977,89.41,1.61,-3.5
1790616778.461062,89.46,1.66,-3.51
1790616778.51364,89.58,1.65,-3.52
1790616778.573656,89.55,1.66,-3.53
1790616778.613746,89.54,1.67,-3.56
1790616778.6733701,89.54,1.68,-3.59
1790616778.733215,89.52,1.67,-3.52
1790616778.793229,89.52,1.67,-3.49
1790616778.833227,89.52,1.63,-3.55
1790616778.8936262,89.43,1.61,-3.56
1790616778.933578,89.44,1.62,-3.37
1790616778.994105,89.51,1.61,-3.4
1790616779.033374,89.51,1.58,-3.39
1790616779.093546,89.38,1.51,-3.4
1790616779.1334069,89.36,1.51,-3.51
1790616779.193536,89.43,1.46,-3.57
1790616779.233737,89.36,1.48,-3.59
1790616779.2940211,89.45,1.39,-3.66
1790616779.354628,89.34,1.32,-3.68
1790616779.413497,89.34,1.37,-3.65
1790616779.4734368,89.45,1.38,-3.66
1790616779.513439,89.48,1.38,-3.64
1790616779.5732741,89.48,1.38,-3.6
1790616779.613367,89.53,1.32,-3.56
1790616779.673274,89.56,1.34,-3.55
1790616779.7133598,89.58,1.34,-3.54
1790616779.7740622,89.61,1.32,-3.58
1790616779.8335822,89.57,1.36,-3.57
1790616779.873332,89.59,1.3,-3.6
1790616779.933393,89.53,1.31,-3.56
1790616779.973323,89.49,1.29,-3.58
1790616780.0335438,89.56,1.28,-3.52
1790616780.093353,89.56,1.26,-3.47
1790616780.133377,89.54,1.27,-3.48
1790616780.193512,89.53,1.27,-3.48
1790616780.2333472,89.52,1.28,-3.49
1790616780.29321,89.52,1.29,-3.52
1790616780.354208,89.52,1.3,-3.53
1790616780.413315,89.52,1.3,-3.53
1790616780.453386,89.53,1.3,-3.54
1790616780.513272,89.53,1.3,-3.54
1790616780.5535822,89.53,1.3,-3.54
1790616780.6133919,89.53,1.3,-3.54
1790616780.65483,89.53,1.3,-3.54
1790616780.721447,89.53,1.3,-3.54
1790616780.7739232,89.53,1.3,-3.54
1790616780.8134599,89.53,1.3,-3.54
1790616780.8735502,89.5,1.3,-3.54
1790616780.915468,87.09,1.17,-3.57
1790616780.973485,84.37,0.97,-3.66
1790616781.014922,82.18,0.84,-3.73
1790616781.073401,79.52,0.69,-3.77
1790616781.1200671,76.73,0.54,-3.79
1790616781.174098,73.96,0.39,-3.84
1790616781.2331579,71.19,0.23,-3.87
1790616781.2734778,68.41,0.04,-3.85
1790616781.333688,65.44,-0.12,-3.87
1790616781.373365,62.55,-0.28,-3.87
1790616781.4333801,59.55,-0.45,-3.87
1790616781.473402,56.66,-0.61,-3.85
1790616781.533395,53.71,-0.81,-3.83
1790616781.57335,50.74,-0.97,-3.78
1790616781.6335082,47.73,-1.12,-3.73
1790616781.673332,44.73,-1.28,-3.68
1790616781.73356,41.79,-1.46,-3.62
1790616781.79333,35.75,-1.73,-3.44
1790616781.834135,35.75,-1.73,-3.44
1790616781.893321,32.68,-1.95,-3.32
1790616781.933633,29.89,-2.08,-3.27
1790616781.993244,24.42,-2.34,-3.03
1790616782.054521,21.95,-2.39,-2.94
1790616782.093272,19.86,-2.48,-2.83
1790616782.154963,18.08,-2.57,-2.74
1790616782.193343,16.21,-2.68,-2.69
1790616782.2536361,14.51,-2.74,-2.58
1790616782.3150752,13.05,-2.78,-2.51
1790616782.3535092,11.73,-2.82,-2.44
1790616782.4147441,10.36,-2.89,-2.36
1790616782.473286,9.32,-2.93,-2.32
1790616782.515435,8.17,-2.95,-2.31
1790616782.5734022,7.38,-2.96,-2.27
1790616782.619601,6.58,-2.99,-2.22
1790616782.673295,5.91,-3.01,-2.17
1790616782.715206,5.25,-3.03,-2.13
1790616782.774271,4.53,-3.04,-2.09
1790616782.8335,3.92,-3.06,-2.05
1790616782.873467,3.4,-3.08,-2.03
1790616782.9334688,2.79,-3.12,-1.98
1790616782.973265,2.35,-3.15,-1.96
1790616783.033748,1.89,-3.17,-1.95
1790616783.093069,1.25,-3.18,-1.95
1790616783.133472,0.66,-3.18,-1.92
1790616783.193158,0.6,-3.18,-1.89
1790616783.233857,0.63,-3.18,-1.89
1790616783.293545,0.63,-3.19,-1.9
1790616783.353454,0.64,-3.19,-1.89
1790616783.393193,0.64,-3.19,-1.9
1790616783.453233,0.66,-3.19,-1.9
1790616783.493243,0.66,-3.18,-1.9
1790616783.553248,0.64,-3.18,-1.9
1790616783.614947,0.63,-3.18,-1.9
1790616783.653524,0.63,-3.18,-1.9
1790616783.713387,0.63,-3.18,-1.89
1790616783.754272,0.62,-3.18,-1.89
1790616783.81331,0.62,-3.18,-1.89
1790616783.853558,0.61,-3.18,-1.89
1790616783.913404,0.59,-3.18,-1.89
1790616783.953439,0.56,-3.18,-1.89
1790616784.014953,0.59,-3.19,-1.89
1790616784.053781,0.59,-3.19,-1.89
1790616784.119123,0.59,-3.19,-1.89
1790616784.153122,0.59,-3.19,-1.89
1790616784.214005,0.59,-3.19,-1.89
1790616784.253564,0.59,-3.19,-1.89
1790616784.3142679,0.59,-3.19,-1.89
1790616784.373287,0.6,-3.19,-1.89
1790616784.4141262,0.6,-3.19,-1.9
1790616784.4732869,0.6,-3.19,-1.9
1790616784.5137038,0.6,-3.19,-1.9
1790616784.5732899,0.6,-3.19,-1.9
1790616784.613534,0.6,-3.19,-1.9
1790616784.673684,0.61,-3.19,-1.9
1790616784.713412,0.61,-3.19,-1.9
1790616784.773858,0.6,-3.19,-1.9
1790616784.834006,0.6,-3.19,-1.9
1790616784.873378,0.6,-3.19,-1.9
1790616784.933952,0.59,-3.19,-1.9
1790616784.993261,0.59,-3.19,-1.9
1790616785.0333078,0.59,-3.19,-1.9
1790616785.0936918,1.07,-3.18,-1.93
1790616785.1530838,3.91,-3.04,-2.04
1790616785.203956,6.14,-2.98,-2.2
1790616785.276549,8.36,-2.91,-2.34
1790616785.333663,10.93,-2.81,-2.41
1790616785.3773298,13.71,-2.71,-2.58
1790616785.433886,16.31,-2.65,-2.71
1790616785.478901,19.11,-2.49,-2.77
1790616785.533174,21.9,-2.37,-2.96
1790616785.578614,24.76,-2.33,-3.07
1790616785.633447,27.76,-2.18,-3.21
1790616785.6947699,33.51,-1.89,-3.39
1790616785.733336,33.51,-1.89,-3.39
1790616785.793483,39.45,-1.62,-3.58
1790616785.8531032,42.44,-1.47,-3.66
1790616785.893483,45.32,-1.29,-3.7
1790616785.95354,48.28,-1.13,-3.76
1790616785.9934452,51.32,-0.97,-3.79
1790616786.0532491,54.26,-0.8,-3.84
1790616786.113037,57.19,-0.59,-3.82
1790616786.153375,60.18,-0.42,-3.86
1790616786.21451,63.13,-0.26,-3.87
1790616786.253282,66.23,-0.1,-3.88
1790616786.31653,69.14,0.08,-3.86
1790616786.3776681,72.05,0.27,-3.89
1790616786.414855,75.07,0.44,-3.85
1790616786.4736588,78.06,0.6,-3.78
1790616786.515025,81.07,0.79,-3.8
1790616786.57818,84.01,0.96,-3.72
1790616786.6135502,86.97,1.15,-3.63
1790616786.6760068,90.05,1.35,-3.62
1790616786.714077,92.94,1.48,-3.49
1790616786.774783,96.02,1.69,-3.47
1790616786.833302,98.87,1.84,-3.38
1790616786.8755999,101.94,1.99,-3.22
1790616786.933079,105.01,2.18,-3.17
1790616786.9933062,107.86,2.27,-3.04
1790616787.033303,110.98,2.45,-2.9
1790616787.093539,113.77,2.55,-2.8
1790616787.133342,116.92,2.67,-2.67
1790616787.193446,122.78,2.84,-2.44
1790616787.253095,125.84,3.0,-2.25
1790616787.293355,128.85,3.03,-2.11
1790616787.353569,131.82,3.1,-1.92
1790616787.3933382,134.85,3.18,-1.78
1790616787.460216,137.74,3.21,-1.64
1790616787.533947,140.8,3.28,-1.42
1790616787.593185,143.83,3.3,-1.26
1790616787.633402,146.72,3.35,-1.04
1790616787.6933389,149.74,3.37,-0.92
1790616787.733616,152.42,3.35,-0.76
1790616787.793317,157.62,3.34,-0.43
1790616787.8536131,159.84,3.33,-0.31
1790616787.893331,161.87,3.35,-0.18
1790616787.9532428,163.75,3.34,-0.11
1790616788.013422,165.34,3.3,-0.01
1790616788.073892,166.68,3.28,0.1
1790616788.114133,168.21,3.25,0.18
1790616788.173381,169.41,3.24,0.25
1790616788.213546,170.53,3.23,0.29
1790616788.277198,171.59,3.22,0.32
1790616788.3331149,172.44,3.19,0.36
1790616788.374461,173.24,3.17,0.41
1790616788.433057,174.15,3.16,0.49
1790616788.48008,174.81,3.14,0.52
1790616788.5333838,175.27,3.15,0.56
1790616788.577096,175.94,3.15,0.62
1790616788.63362,176.54,3.16,0.67
1790616788.694098,177.07,3.16,0.69
1790616788.733203,177.59,3.15,0.71
1790616788.812979,178.73,3.12,0.78
1790616788.85308,179.28,3.11,0.82
1790616788.913266,179.62,3.1,0.85
1790616788.953241,179.65,3.11,0.86
1790616789.013344,179.66,3.11,0.87
1790616789.073128,179.66,3.1,0.87
1790616789.114157,179.66,3.1,0.87
1790616789.174675,179.66,3.1,0.88
1790616789.213425,179.66,3.1,0.88
1790616789.293194,179.64,3.11,0.87
1790616789.3335721,179.64,3.11,0.87
1790616789.393503,179.66,3.1,0.87
1790616789.438726,179.66,3.1,0.87
1790616789.493203,179.67,3.1,0.87
1790616789.553195,179.67,3.1,0.87
1790616789.5931861,179.67,3.1,0.87
1790616789.653156,179.67,3.1,0.87
1790616789.6938,179.67,3.1,0.87
1790616789.753289,179.68,3.1,0.87
1790616789.8135931,179.68,3.1,0.87
1790616789.853281,179.68,3.11,0.88
1790616789.9130418,179.68,3.1,0.88
1790616789.9538748,179.68,3.1,0.88
1790616790.01358,179.69,3.11,0.88
1790616790.074186,179.69,3.11,0.88
1790616790.115139,179.69,3.11,0.88
1790616790.1747751,179.69,3.11,0.88
1790616790.213876,179.73,3.11,0.88
1790616790.274376,179.69,3.1,0.88
1790616790.3356102,179.7,3.11,0.88
1790616790.393491,179.81,3.17,0.87
1790616790.4531999,179.87,3.16,0.92
1790616790.493346,179.95,3.13,0.96
1790616790.5532649,179.88,3.05,1.03
1790616790.59412,179.87,2.94,1.05
1790616790.653234,179.89,2.88,1.0
1790616790.7130299,179.9,2.9,0.98
1790616790.7531111,179.89,2.85,0.9
1790616790.8134348,179.89,2.86,0.91
1790616790.8745952,179.86,2.89,0.94
1790616790.913213,179.83,2.93,0.98
1790616790.974253,179.83,2.94,0.99
1790616791.0131352,179.8,2.94,1.05
1790616791.0731268,179.79,2.86,0.99
1790616791.139283,179.81,2.82,0.98
1790616791.176321,179.76,2.79,0.93
1790616791.238913,179.72,2.84,0.86
1790616791.27592,179.58,2.82,0.81
1790616791.3389199,179.53,2.81,0.83
1790616791.376408,179.64,2.79,0.85
1790616791.436995,179.67,2.8,0.92
1790616791.49361,179.69,2.8,0.95
1790616791.5357912,179.71,2.8,0.96
1790616791.593482,179.66,2.78,1.07
1790616791.653405,179.73,2.71,1.02
1790616791.693331,179.73,2.72,0.97
1790616791.753403,179.64,2.67,0.96
1790616791.793369,179.68,2.7,1.0
1790616791.853313,179.63,2.65,0.95
1790616791.913823,179.58,2.68,0.97
1790616791.973773,179.61,2.7,0.93
1790616792.034176,179.59,2.74,0.96
1790616792.0744262,179.56,2.75,0.91
1790616792.135021,179.57,2.78,0.97
1790616792.1739972,179.59,2.76,0.94
1790616792.237311,179.5,2.79,0.92
1790616792.2730901,179.44,2.85,0.93
1790616792.3358479,179.37,2.91,0.92
1790616792.373138,179.39,2.91,0.91
1790616792.436424,179.43,2.95,0.93
1790616792.493013,179.48,2.93,0.88
1790616792.535131,179.51,2.93,0.91
1790616792.59324,179.52,2.96,0.97
1790616792.633806,179.47,2.99,1.04
1790616792.693302,179.5,3.0,1.06
1790616792.73386,179.67,3.0,1.06
1790616792.793567,179.68,3.01,1.04
1790616792.85461,179.67,3.01,1.04
1790616792.893976,179.68,3.01,1.03
1790616792.953336,179.68,3.01,1.03
1790616793.013335,179.68,3.01,1.03
1790616793.0540018,179.69,3.01,1.03
1790616793.113204,179.69,3.01,1.03
1790616793.153507,179.69,3.01,1.02
1790616793.21321,179.69,3.02,1.02
1790616793.275073,179.69,3.01,1.02
1790616793.333691,179.69,3.01,1.02
1790616793.373059,179.69,3.01,1.02
1790616793.433436,179.69,3.01,1.02
1790616793.493084,179.69,3.01,1.02
1790616793.533282,179.69,3.02,1.02
1790616793.593229,179.68,3.01,1.03
1790616793.6332428,179.69,3.01,1.02
1790616793.693006,179.69,3.01,1.02
1790616793.733439,179.7,3.01,1.02
1790616793.7931762,179.7,3.01,1.02
1790616793.853589,179.71,3.01,1.02
1790616793.8932722,179.71,3.01,1.02
1790616793.9531798,179.71,3.01,1.02
1790616794.0130272,179.71,3.01,1.02
1790616794.0537548,179.71,3.01,1.01
1790616794.113197,179.7,3.01,1.01
1790616794.153434,179.7,3.01,1.01
1790616794.2225049,179.68,3.01,1.01
1790616794.273265,179.69,3.01,1.01
1790616794.333652,179.68,3.01,1.0
1790616794.373342,179.68,3.01,1.0
1790616794.434203,179.67,3.01,1.0
1790616794.473063,179.65,3.05,1.0
1790616794.533449,179.55,3.13,1.01
1790616794.594984,179.29,3.21,1.07
1790616794.6334279,179.21,3.22,1.06
1790616794.6990469,179.17,3.18,0.92
1790616794.753236,179.26,3.08,0.81
1790616794.8132942,179.29,3.02,0.8
1790616794.853319,179.3,3.05,0.78
1790616794.913433,179.31,3.01,0.75
1790616794.9533298,179.34,3.05,0.74
1790616795.01313,179.45,3.05,0.77
1790616795.073141,179.45,3.08,0.81
1790616795.1132731,179.59,3.03,0.79
1790616795.1732202,179.55,2.99,0.76
1790616795.2351072,179.47,2.97,0.77
1790616795.2944782,179.55,2.98,0.66
1790616795.335733,179.45,2.94,0.61
1790616795.395251,179.33,2.93,0.61
1790616795.4532008,179.48,2.91,0.7
1790616795.49882,179.41,2.93,0.79
1790616795.554689,179.51,2.92,0.83
1790616795.613006,179.48,2.93,0.88
1790616795.6531782,179.42,2.91,0.95
1790616795.713921,179.5,2.87,0.93
1790616795.75331,179.51,2.85,0.9
1790616795.8154812,179.47,2.82,0.85
1790616795.854354,179.48,2.88,0.84
1790616795.91431,179.49,2.9,0.74
1790616795.974155,179.43,2.95,0.78
1790616796.0142348,179.49,2.98,0.76
1790616796.074642,179.41,3.02,0.77
1790616796.114124,179.45,3.01,0.73
1790616796.1743329,179.34,3.0,0.76
1790616796.2144399,179.49,3.03,0.71
1790616796.29432,179.45,3.07,0.69
1790616796.334792,179.48,3.13,0.7
1790616796.395963,179.5,3.17,0.69
1790616796.447178,179.33,3.18,0.7
1790616796.494669,179.41,3.17,0.74
1790616796.5539808,179.39,3.17,0.77
1790616796.595192,179.33,3.2,0.8
1790616796.654204,179.42,3.22,0.81
1790616796.695043,179.51,3.23,0.8
1790616796.761097,179.52,3.24,0.78
1790616796.815865,179.53,3.26,0.77
1790616796.8740008,179.53,3.26,0.8
1790616796.9141371,179.58,3.23,0.78
1790616796.9742038,179.56,3.25,0.75
1790616797.016705,179.49,3.23,0.72
1790616797.074218,179.42,3.21,0.67
1790616797.134709,179.49,3.21,0.67
1790616797.174166,179.49,3.21,0.66
1790616797.234323,179.49,3.21,0.66
1790616797.294162,179.49,3.21,0.67
1790616797.334406,179.49,3.22,0.67
1790616797.3944352,179.49,3.22,0.67
1790616797.454172,179.5,3.23,0.68
1790616797.494426,179.5,3.23,0.68
1790616797.5543292,179.5,3.23,0.67
1790616797.594302,179.5,3.23,0.67
1790616797.654158,179.5,3.23,0.67
1790616797.714218,179.5,3.23,0.67
1790616797.759883,179.5,3.23,0.67
1790616797.8139899,179.5,3.23,0.67
1790616797.874437,179.5,3.23,0.67
1790616797.9139688,179.5,3.23,0.67
1790616797.97455,179.5,3.23,0.67
1790616798.014189,179.5,3.23,0.67
1790616798.074223,179.5,3.23,0.67
1790616798.1142569,179.5,3.23,0.68
1790616798.174591,179.5,3.23,0.67
1790616798.214138,179.5,3.23,0.67
1790616798.274144,179.5,3.23,0.67
1790616798.334485,179.5,3.23,0.67
1790616798.374221,179.5,3.23,0.67
1790616798.42996,179.5,3.23,0.67
1790616798.49431,179.51,3.23,0.67
1790616798.534315,179.5,3.23,0.67
1790616798.594052,179.5,3.23,0.68
1790616798.634202,179.5,3.23,0.68
1790616798.7035651,179.49,3.25,0.67
1790616798.7647202,179.25,3.38,0.64
1790616798.814213,179.22,3.39,0.63
1790616798.854232,179.17,3.28,0.68
1790616798.914113,179.19,3.23,0.71
1790616798.9550369,179.2,3.19,0.73
1790616799.014326,179.23,3.14,0.69
1790616799.059516,179.22,3.14,0.67
1790616799.1144269,179.22,3.16,0.62
1790616799.174078,179.4,3.19,0.55
1790616799.214251,179.57,3.21,0.58
1790616799.2757492,179.53,3.2,0.61
1790616799.334103,179.48,3.21,0.66
1790616799.394955,179.46,3.22,0.7
1790616799.4341388,179.55,3.21,0.7
1790616799.4960818,179.56,3.2,0.72
1790616799.53406,179.44,3.18,0.81
1790616799.594075,179.51,3.2,0.77
1790616799.658326,179.53,3.2,0.68
1790616799.694551,179.45,3.24,0.66
1790616799.7612731,179.46,3.22,0.64
1790616799.8141272,179.44,3.26,0.7
1790616799.8739252,179.46,3.2,0.69
1790616799.914164,179.47,3.19,0.68
1790616799.974148,179.45,3.2,0.67
1790616800.0169978,179.41,3.19,0.66
1790616800.074155,179.39,3.23,0.63
1790616800.11413,179.43,3.19,0.59
1790616800.174088,179.51,3.18,0.59
1790616800.2140958,179.39,3.14,0.57
1790616800.29387,179.08,3.1,0.59
1790616800.33407,179.17,3.12,0.71
1790616800.3948128,179.36,3.03,0.7
1790616800.434141,179.48,2.97,0.69
1790616800.494265,179.39,2.93,0.78
1790616800.5541482,179.52,2.93,0.79
1790616800.5943308,179.61,2.94,0.77
1790616800.654549,179.61,2.95,0.76
1790616800.6942909,179.6,2.95,0.74
1790616800.754703,179.59,2.94,0.74
1790616800.814013,179.56,2.94,0.74
1790616800.8553479,179.56,2.92,0.77
1790616800.92108,179.55,2.91,0.77
1790616800.994268,179.49,2.87,0.78
1790616801.040716,179.52,2.82,0.75
1790616801.095383,179.53,2.82,0.74
1790616801.1341052,179.53,2.82,0.74
1790616801.1955352,179.49,2.83,0.74
1790616801.269943,179.46,2.81,0.76
1790616801.3146691,179.46,2.8,0.77
1790616801.354811,179.49,2.77,0.76
1790616801.4139829,179.54,2.75,0.75
1790616801.4740841,179.53,2.76,0.75
1790616801.5140438,179.51,2.76,0.75
1790616801.574162,179.51,2.77,0.75
1790616801.633926,179.52,2.77,0.75
1790616801.6741278,179.52,2.77,0.75
1790616801.733939,179.52,2.77,0.75
1790616801.774266,179.53,2.77,0.75
1790616801.8339689,179.53,2.77,0.75
1790616801.894048,179.54,2.77,0.76
1790616801.9342442,179.54,2.77,0.76
1790616801.994024,179.54,2.77,0.76
1790616802.0541382,179.54,2.77,0.76
1790616802.094023,179.54,2.77,0.76
1790616802.1544352,179.54,2.77,0.76
1790616802.19399,179.54,2.77,0.75
1790616802.2547488,179.54,2.77,0.76
1790616802.313952,179.54,2.77,0.76
1790616802.374181,179.54,2.77,0.76
1790616802.434203,179.54,2.77,0.76
1790616802.47406,179.7,2.78,0.77
1790616802.534938,-177.56,2.75,0.96
1790616802.574351,-175.29,2.66,1.13
1790616802.6340868,-172.77,2.59,1.27
1790616802.6944718,-170.19,2.53,1.41
1790616802.7338722,-167.66,2.44,1.52
1790616802.794229,-164.78,2.36,1.61
1790616802.833993,-162.12,2.25,1.72
1790616802.894277,-159.19,2.12,1.86
1790616802.9559941,-153.45,1.94,2.02
1790616802.994412,-150.49,1.8,2.14
1790616803.054313,-147.49,1.68,2.27
1790616803.094422,-144.63,1.53,2.35
1790616803.1545658,-141.64,1.37,2.36
1790616803.216226,-138.75,1.24,2.42
1790616803.274322,-135.73,1.08,2.48
1790616803.316308,-132.71,0.93,2.52
1790616803.3744462,-129.86,0.76,2.54
1790616803.434073,-126.83,0.62,2.59
1790616803.474286,-123.92,0.46,2.65
1790616803.533857,-120.88,0.29,2.66
1790616803.5940962,-117.99,0.14,2.71
1790616803.6340759,-115.43,0.02,2.72
1790616803.6941981,-112.84,-0.14,2.69
1790616803.734109,-110.5,-0.26,2.73
1790616803.794143,-106.67,-0.46,2.65
1790616803.856689,-104.86,-0.57,2.61
1790616803.91627,-103.33,-0.65,2.62
1790616803.954561,-101.99,-0.69,2.63
1790616804.0198798,-100.81,-0.77,2.6
1790616804.055184,-99.62,-0.85,2.57
1790616804.122208,-98.49,-0.93,2.54
1790616804.155036,-97.63,-0.99,2.52
1790616804.218882,-96.86,-1.03,2.51
1790616804.254891,-96.05,-1.07,2.51
1790616804.316525,-95.41,-1.07,2.54
1790616804.354273,-94.88,-1.07,2.52
1790616804.415173,-94.34,-1.09,2.49
1790616804.473922,-93.74,-1.12,2.47
1790616804.5153081,-93.21,-1.15,2.46
1790616804.5741792,-92.69,-1.17,2.44
1790616804.635817,-92.13,-1.21,2.43
1790616804.674094,-91.59,-1.24,2.41
1790616804.735491,-91.1,-1.27,2.38
1790616804.793819,-90.55,-1.31,2.35
1790616804.8341959,-90.31,-1.32,2.32
1790616804.8939672,-90.32,-1.32,2.33
1790616804.934252,-90.32,-1.32,2.34
1790616804.994048,-90.33,-1.32,2.35
1790616805.053853,-90.33,-1.32,2.35
1790616805.09401,-90.34,-1.31,2.35
1790616805.159743,-90.37,-1.31,2.35
1790616805.19439,-90.37,-1.31,2.35
1790616805.260971,-90.35,-1.31,2.35
1790616805.293975,-90.35,-1.31,2.36
1790616805.3543959,-90.36,-1.31,2.36
1790616805.414073,-90.36,-1.31,2.36
1790616805.4740999,-90.36,-1.31,2.37
1790616805.514045,-90.36,-1.3,2.37
1790616805.573948,-90.37,-1.3,2.37
1790616805.614315,-90.35,-1.3,2.37
1790616805.674419,-90.4,-1.3,2.37
1790616805.715747,-90.37,-1.3,2.37
1790616805.78102,-90.35,-1.26,2.39
1790616805.838061,-90.33,-1.15,2.43
1790616805.879185,-90.38,-1.17,2.52
1790616805.937739,-90.33,-1.2,2.5
1790616805.980056,-90.33,-1.27,2.43
1790616806.037586,-90.28,-1.31,2.38
1790616806.079943,-90.34,-1.34,2.4
1790616806.136008,-90.32,-1.4,2.32
1790616806.1803331,-90.32,-1.4,2.31
1790616806.236174,-90.29,-1.42,2.29
1790616806.297091,-90.31,-1.36,2.33
1790616806.337152,-90.3,-1.33,2.36
1790616806.396252,-90.33,-1.33,2.38
1790616806.437824,-90.33,-1.33,2.38
1790616806.4962041,-90.24,-1.4,2.34
1790616806.555872,-90.36,-1.43,2.36
1790616806.598389,-90.34,-1.39,2.31
1790616806.65618,-90.36,-1.41,2.35
1790616806.7185578,-90.37,-1.4,2.31
1790616806.7579331,-90.4,-1.33,2.33
1790616806.817612,-90.41,-1.31,2.32
1790616806.8560379,-90.48,-1.3,2.36
1790616806.917241,-90.44,-1.32,2.32
1790616806.9804292,-90.42,-1.32,2.32
1790616807.018093,-90.51,-1.32,2.32
1790616807.0807319,-90.44,-1.3,2.29
1790616807.119976,-90.45,-1.32,2.29
1790616807.181101,-90.52,-1.33,2.27
1790616807.236305,-90.46,-1.34,2.25
1790616807.279768,-90.52,-1.34,2.26
1790616807.336155,-90.52,-1.36,2.24
1790616807.38204,-90.51,-1.36,2.22
1790616807.4372869,-90.57,-1.42,2.26
1790616807.4976902,-90.65,-1.39,2.28
1790616807.538183,-90.63,-1.42,2.33
1790616807.595813,-90.57,-1.4,2.3
1790616807.635995,-90.58,-1.38,2.32
1790616807.697512,-90.56,-1.37,2.33
1790616807.7579489,-90.57,-1.35,2.32
1790616807.816836,-90.56,-1.36,2.3
1790616807.856055,-90.61,-1.37,2.3
1790616807.915992,-90.6,-1.38,2.33
1790616807.9568498,-90.58,-1.39,2.33
1790616808.016833,-90.57,-1.39,2.32
1790616808.081554,-90.57,-1.38,2.31
1790616808.1179771,-90.57,-1.38,2.3
1790616808.180484,-90.58,-1.38,2.29
1790616808.236193,-90.59,-1.36,2.32
1790616808.298246,-90.58,-1.36,2.35
1790616808.341776,-90.58,-1.36,2.35
1790616808.397892,-90.59,-1.39,2.35
1790616808.436026,-90.59,-1.39,2.35
1790616808.498195,-90.61,-1.42,2.32
1790616808.555976,-90.61,-1.43,2.32
1790616808.596627,-90.63,-1.41,2.33
1790616808.6561852,-90.64,-1.4,2.34
1790616808.715936,-90.64,-1.4,2.34
1790616808.7582731,-90.64,-1.4,2.34
1790616808.815951,-90.64,-1.39,2.34
1790616808.880266,-90.64,-1.39,2.34
1790616808.9159198,-90.64,-1.39,2.34
1790616808.976502,-90.65,-1.39,2.34
1790616809.0361578,-90.64,-1.39,2.34
1790616809.078096,-90.65,-1.39,2.35
1790616809.136139,-90.65,-1.39,2.34
1790616809.19584,-90.65,-1.39,2.34
1790616809.236234,-90.65,-1.39,2.34
1790616809.297152,-90.65,-1.4,2.35
1790616809.3403788,-90.65,-1.4,2.35
1790616809.397992,-90.65,-1.39,2.34
1790616809.456191,-90.65,-1.39,2.34
1790616809.4965818,-90.64,-1.39,2.34
1790616809.558228,-90.65,-1.39,2.34
1790616809.6180649,-90.65,-1.39,2.34
1790616809.656032,-90.65,-1.39,2.35
1790616809.7161422,-90.65,-1.39,2.34
1790616809.776163,-90.65,-1.39,2.34
1790616809.81733,-90.65,-1.4,2.35
1790616809.876361,-90.65,-1.39,2.34
1790616809.9397829,-90.65,-1.39,2.34
1790616809.995931,-90.69,-1.4,2.34
1790616810.0579112,-90.69,-1.39,2.34
1790616810.096102,-90.69,-1.39,2.34
1790616810.156126,-90.69,-1.39,2.34
1790616810.197122,-90.69,-1.39,2.34
1790616810.258383,-90.69,-1.36,2.34
1790616810.3167381,-90.8,-1.26,2.37
1790616810.357789,-90.79,-1.21,2.34
1790616810.4175282,-90.76,-1.23,2.36
1790616810.458057,-90.71,-1.32,2.33
1790616810.5163321,-90.67,-1.38,2.31
1790616810.5559318,-90.69,-1.44,2.32
1790616810.616113,-90.72,-1.43,2.28
1790616810.67568,-90.64,-1.47,2.27
1790616810.717918,-90.58,-1.49,2.27
1790616810.777206,-90.58,-1.45,2.23
1790616810.8396108,-90.5,-1.43,2.28
1790616810.876039,-90.52,-1.41,2.31
1790616810.9385521,-90.52,-1.44,2.33
1790616810.980835,-90.57,-1.47,2.4
1790616811.041034,-90.65,-1.45,2.49
1790616811.0768461,-90.55,-1.49,2.5
1790616811.1423821,-90.51,-1.52,2.39
1790616811.177988,-90.46,-1.49,2.34
1790616811.2425852,-90.57,-1.47,2.28
1790616811.2982981,-90.61,-1.38,2.21
1790616811.340821,-90.61,-1.38,2.21
1790616811.39814,-90.52,-1.35,2.22
1790616811.457962,-90.55,-1.3,2.27
1790616811.498085,-90.42,-1.34,2.25
1790616811.558002,-90.45,-1.32,2.3
1790616811.598012,-90.46,-1.31,2.3
1790616811.658338,-90.47,-1.24,2.3
1790616811.6981509,-90.41,-1.26,2.25
1790616811.760544,-90.43,-1.23,2.25
1790616811.81777,-90.44,-1.23,2.24
1790616811.85804,-90.57,-1.25,2.25
1790616811.9177861,-90.47,-1.27,2.18
1790616811.9580429,-90.55,-1.23,2.21
1790616812.018292,-90.53,-1.24,2.21
1790616812.0794702,-90.59,-1.32,2.3
1790616812.118141,-90.58,-1.34,2.37
1790616812.1983192,-90.55,-1.3,2.37
1790616812.259291,-90.55,-1.3,2.35
1790616812.318312,-90.63,-1.3,2.36
1790616812.3579898,-90.55,-1.3,2.38
1790616812.4187891,-90.64,-1.32,2.37
1790616812.457984,-90.65,-1.33,2.37
1790616812.5181189,-90.66,-1.34,2.39
1790616812.577722,-90.55,-1.33,2.4
1790616812.6181,-90.51,-1.31,2.42
1790616812.67773,-90.51,-1.29,2.39
1790616812.7181098,-90.55,-1.28,2.38
1790616812.777984,-90.56,-1.29,2.37
1790616812.839384,-90.51,-1.29,2.35
1790616812.878314,-90.49,-1.3,2.33
1790616812.9399931,-90.58,-1.29,2.35
1790616812.979512,-90.59,-1.29,2.36
1790616813.04143,-90.54,-1.3,2.38
1790616813.0791922,-90.54,-1.32,2.41
1790616813.138655,-90.52,-1.33,2.4
1790616813.178894,-90.5,-1.34,2.4
1790616813.239574,-90.49,-1.33,2.4
1790616813.29851,-90.49,-1.33,2.4
1790616813.3415308,-90.49,-1.32,2.41
1790616813.398682,-90.49,-1.32,2.41
1790616813.438578,-90.49,-1.31,2.4
1790616813.500723,-90.48,-1.31,2.4
1790616813.557958,-90.48,-1.31,2.4
1790616813.602349,-90.48,-1.32,2.4
1790616813.658025,-90.48,-1.32,2.4
1790616813.700276,-90.48,-1.32,2.4
1790616813.7585,-90.48,-1.32,2.4
1790616813.818871,-90.48,-1.31,2.4
1790616813.857982,-90.48,-1.31,2.4
1790616813.91786,-90.48,-1.31,2.4
1790616813.97804,-90.48,-1.32,2.4
1790616814.01806,-90.49,-1.31,2.4
1790616814.078515,-90.48,-1.31,2.4
1790616814.1179142,-90.48,-1.32,2.4
1790616814.179575,-90.48,-1.32,2.4
1790616814.2387578,-90.49,-1.32,2.4
1790616814.278013,-90.48,-1.32,2.4
1790616814.341428,-90.49,-1.32,2.4
1790616814.40144,-90.49,-1.32,2.4
1790616814.4396548,-90.5,-1.32,2.4
1790616814.501146,-90.49,-1.32,2.4
1790616814.557983,-90.49,-1.31,2.4
1790616814.600805,-90.5,-1.31,2.4
1790616814.6578,-90.52,-1.3,2.4
1790616814.700997,-90.53,-1.23,2.4
1790616814.760292,-90.5,-1.2,2.34
1790616814.818134,-90.6,-1.18,2.33
1790616814.8579059,-90.65,-1.24,2.32
1790616814.917996,-90.72,-1.27,2.34
1790616814.978313,-90.69,-1.38,2.32
1790616815.01894,-90.77,-1.4,2.33
1790616815.077923,-90.81,-1.38,2.31
1790616815.118109,-90.71,-1.37,2.3
1790616815.177875,-90.69,-1.37,2.29
1790616815.217838,-90.63,-1.31,2.26
1790616815.277795,-90.36,-1.33,2.2
1790616815.338563,-90.34,-1.35,2.19
1790616815.378261,-90.41,-1.33,2.24
1790616815.438637,-90.44,-1.34,2.31
1790616815.477935,-90.3,-1.39,2.31
1790616815.540245,-90.49,-1.32,2.51
1790616815.601156,-90.47,-1.38,2.53
1790616815.638453,-90.47,-1.37,2.47
1790616815.7000818,-90.51,-1.4,2.43
1790616815.738843,-90.57,-1.37,2.41
1790616815.80063,-90.56,-1.31,2.44
1790616815.858112,-90.62,-1.25,2.37
1790616815.917749,-90.66,-1.21,2.43
1790616815.95796,-90.62,-1.25,2.42
1790616816.017927,-90.57,-1.19,2.36
1790616816.0581949,-90.56,-1.22,2.33
1790616816.117853,-90.51,-1.19,2.27
1790616816.158004,-90.46,-1.18,2.26
1790616816.2182882,-90.56,-1.13,2.3
1790616816.277935,-90.53,-1.13,2.37
1790616816.337842,-90.53,-1.13,2.46
1790616816.377866,-90.51,-1.1,2.45
1790616816.438085,-90.55,-1.16,2.44
1790616816.478071,-90.55,-1.18,2.49
1790616816.5377731,-90.56,-1.19,2.47
1790616816.577952,-90.53,-1.18,2.47
1790616816.6380942,-90.58,-1.16,2.46
1790616816.717708,-90.64,-1.12,2.47
1790616816.7597,-90.64,-1.14,2.5
1790616816.817909,-90.56,-1.15,2.51
1790616816.8587048,-90.44,-1.16,2.41
1790616816.918082,-90.53,-1.16,2.4
1790616816.9779189,-90.64,-1.16,2.4
1790616817.018271,-90.62,-1.15,2.39
1790616817.0587242,-90.6,-1.15,2.4
1790616817.118508,-90.51,-1.14,2.42
1790616817.158796,-90.47,-1.11,2.44
1790616817.218003,-90.48,-1.1,2.49
1790616817.277641,-90.48,-1.12,2.48
1790616817.318784,-90.51,-1.16,2.49
1790616817.377888,-90.46,-1.24,2.48
1790616817.4377222,-90.5,-1.22,2.49
1790616817.4782631,-90.5,-1.22,2.48
1790616817.537867,-90.48,-1.21,2.48
1790616817.577926,-90.47,-1.21,2.48
1790616817.6383932,-90.47,-1.2,2.48
1790616817.6778922,-90.46,-1.2,2.48
1790616817.7377322,-90.45,-1.19,2.47
1790616817.7984881,-90.45,-1.18,2.47
1790616817.837801,-90.43,-1.14,2.49
1790616817.8984,-90.43,-1.13,2.49
1790616817.960413,-90.44,-1.12,2.5
1790616817.9996428,-90.45,-1.12,2.5
1790616818.060501,-90.45,-1.11,2.49
1790616818.0998452,-90.45,-1.11,2.49
1790616818.1602821,-90.46,-1.11,2.49
1790616818.218115,-90.46,-1.11,2.49
1790616818.2779279,-90.46,-1.11,2.48
1790616818.3377512,-90.45,-1.11,2.49
1790616818.377943,-90.45,-1.11,2.49
1790616818.4422662,-90.46,-1.11,2.49
1790616818.497807,-90.45,-1.11,2.49
1790616818.537786,-90.45,-1.11,2.49
1790616818.5979671,-90.45,-1.11,2.49
1790616818.637907,-90.45,-1.11,2.49
1790616818.701304,-90.45,-1.1,2.49
1790616818.738965,-90.45,-1.1,2.49
1790616818.7988842,-90.45,-1.1,2.5
1790616818.85985,-90.45,-1.1,2.5
1790616818.9183629,-90.45,-1.1,2.5
1790616818.977897,-90.45,-1.1,2.5
1790616819.0380402,-90.45,-1.1,2.5
1790616819.078777,-90.47,-1.1,2.51
1790616819.138714,-90.48,-1.1,2.51
1790616819.178157,-90.49,-1.09,2.51
1790616819.2378721,-90.48,-1.09,2.51
1790616819.298687,-90.48,-1.09,2.51
1790616819.3592541,-90.48,-1.09,2.51
1790616819.397963,-90.48,-1.09,2.52
1790616819.462528,-90.47,-1.09,2.52
1790616819.518154,-90.46,-1.09,2.52
1790616819.559941,-90.47,-1.09,2.52
1790616819.618531,-90.47,-1.09,2.52
1790616819.659937,-90.47,-1.09,2.52
1790616819.717688,-90.47,-1.09,2.53
1790616819.762512,-90.47,-1.09,2.53
1790616819.817823,-90.48,-1.09,2.54
1790616819.8611588,-90.48,-1.09,2.54
1790616819.917984,-90.48,-1.09,2.54
1790616819.977846,-90.49,-1.09,2.54
1790616820.018015,-90.49,-1.08,2.54
1790616820.077984,-90.49,-1.08,2.54
1790616820.118307,-90.49,-1.08,2.54
1790616820.1785018,-90.5,-1.08,2.54
1790616820.218184,-90.51,-1.08,2.54
1790616820.2778938,-90.51,-1.08,2.54
1790616820.338031,-90.51,-1.08,2.54
1790616820.378028,-90.52,-1.08,2.54
1790616820.439272,-90.52,-1.08,2.54
1790616820.498284,-90.52,-1.08,2.54
1790616820.537842,-90.52,-1.08,2.54
1790616820.5992908,-90.53,-1.08,2.54
1790616820.638052,-90.53,-1.08,2.55
1790616820.6986182,-90.53,-1.07,2.55
1790616820.737941,-90.54,-1.07,2.55
1790616820.797853,-90.54,-1.07,2.55
1790616820.858907,-90.54,-1.07,2.56
1790616820.8978848,-90.54,-1.07,2.56
1790616820.95954,-90.54,-1.07,2.56
1790616821.018273,-90.54,-1.07,2.56
1790616821.059733,-90.55,-1.06,2.56
1790616821.117873,-90.55,-1.06,2.56
1790616821.177867,-90.56,-1.06,2.56
1790616821.217964,-90.56,-1.06,2.57
1790616821.2782788,-90.57,-1.05,2.57
1790616821.338021,-90.58,-1.06,2.57
1790616821.3798258,-90.59,-1.05,2.58
1790616821.437977,-90.6,-1.05,2.58
1790616821.478036,-90.6,-1.05,2.58
1790616821.5380201,-90.61,-1.05,2.58
1790616821.578183,-90.62,-1.05,2.58
1790616821.639458,-90.62,-1.05,2.59
1790616821.697628,-90.63,-1.04,2.59
1790616821.737988,-90.64,-1.04,2.59
1790616821.797782,-90.66,-1.04,2.6
1790616821.837779,-90.67,-1.03,2.6
1790616821.897986,-90.68,-1.03,2.6
1790616821.957634,-90.68,-1.03,2.6
1790616821.997886,-90.69,-1.03,2.6
1790616822.0579462,-90.7,-1.03,2.6
1790616822.098864,-90.7,-1.03,2.6
1790616822.163151,-90.71,-1.03,2.61
1790616822.2178,-90.71,-1.02,2.61
1790616822.260035,-90.72,-1.02,2.61
1790616822.3182359,-90.73,-1.02,2.61
1790616822.3580348,-90.73,-1.02,2.61
1790616822.4199092,-90.74,-1.02,2.61
1790616822.4778209,-90.74,-1.02,2.61
1790616822.520771,-90.75,-1.02,2.61
1790616822.577858,-90.76,-1.02,2.61
1790616822.620667,-90.77,-1.02,2.61
1790616822.678041,-90.77,-1.02,2.62
1790616822.7377028,-90.78,-1.02,2.62
1790616822.7778041,-90.79,-1.02,2.62
1790616822.837686,-90.79,-1.01,2.62
1790616822.877882,-90.8,-1.01,2.63
1790616822.937848,-90.8,-1.01,2.63
1790616822.997814,-90.81,-1.01,2.63
1790616823.059793,-90.83,-1.01,2.63
1790616823.0979671,-90.83,-1.01,2.64
1790616823.1588402,-90.84,-1.0,2.64
1790616823.197815,-90.85,-1.01,2.64
1790616823.2607691,-90.85,-1.0,2.64
1790616823.319981,-90.86,-1.0,2.64
1790616823.3592231,-90.87,-1.0,2.65
1790616823.418684,-90.88,-1.0,2.65
1790616823.477887,-90.88,-1.0,2.65
1790616823.5194418,-90.89,-1.0,2.65
1790616823.5780602,-90.9,-1.0,2.65
1790616823.637548,-90.9,-1.0,2.65
1790616823.6777961,-90.9,-0.99,2.65
1790616823.738028,-90.9,-0.99,2.66
1790616823.7776709,-90.91,-0.99,2.66
1790616823.837673,-90.92,-0.99,2.66
1790616823.8977149,-90.92,-0.99,2.66
1790616823.937872,-90.94,-0.99,2.66
1790616823.99775,-90.94,-0.98,2.67
1790616824.05949,-90.95,-0.98,2.67
1790616824.0980349,-90.96,-0.98,2.67
1790616824.158047,-90.95,-0.98,2.67
1790616824.197809,-90.96,-0.98,2.67
1790616824.258177,-90.96,-0.98,2.67
1790616824.320524,-90.97,-0.98,2.68
1790616824.377606,-90.99,-0.98,2.68
1790616824.4205382,-90.99,-0.97,2.68
1790616824.477665,-90.99,-0.97,2.68
1790616824.538593,-91.0,-0.98,2.68
1790616824.577701,-91.0,-0.97,2.68
1790616824.6380212,-91.01,-0.97,2.69
1790616824.677814,-91.01,-0.97,2.69
1790616824.7378418,-91.02,-0.97,2.69
1790616824.79795,-91.04,-0.97,2.69
1790616824.839114,-91.04,-0.97,2.69
1790616824.8977878,-91.05,-0.97,2.69
1790616824.957542,-91.06,-0.97,2.69
1790616824.99772,-91.06,-0.96,2.7
1790616825.057585,-91.08,-0.96,2.7
1790616825.0977411,-91.09,-0.96,2.7
1790616825.157838,-91.1,-0.96,2.7
1790616825.2205062,-91.11,-0.96,2.7
1790616825.277969,-91.12,-0.96,2.7
1790616825.321217,-91.13,-0.96,2.7
1790616825.377861,-91.14,-0.96,2.7
1790616825.421371,-91.15,-0.96,2.71
1790616825.478264,-91.15,-0.96,2.71
1790616825.537722,-91.16,-0.96,2.71
1790616825.578165,-91.17,-0.96,2.71
1790616825.657511,-91.17,-0.96,2.71
1790616825.719231,-91.19,-0.96,2.71
1790616825.778024,-91.2,-0.96,2.71
1790616825.837536,-91.2,-0.95,2.72
1790616825.877877,-91.21,-0.95,2.72
1790616825.9377012,-91.22,-0.95,2.72
1790616825.981009,-91.22,-0.95,2.72
1790616826.037923,-91.23,-0.94,2.72
1790616826.09776,-91.24,-0.94,2.72
1790616826.138016,-91.24,-0.94,2.72
1790616826.1979468,-91.24,-0.94,2.73
1790616826.23892,-91.26,-0.94,2.73
1790616826.298794,-91.26,-0.94,2.73
1790616826.358846,-91.26,-0.94,2.73
1790616826.3997939,-91.27,-0.94,2.73
1790616826.4598038,-91.28,-0.94,2.73
1790616826.519625,-91.29,-0.94,2.73
1790616826.559807,-91.3,-0.93,2.73
1790616826.623332,-91.31,-0.93,2.74
1790616826.6598132,-91.31,-0.93,2.74
1790616826.7198899,-91.31,-0.93,2.73
1790616826.782989,-91.31,-0.92,2.74
1790616826.8398879,-91.31,-0.92,2.74
1790616826.882292,-91.32,-0.92,2.74
1790616826.9399612,-91.33,-0.92,2.74
1790616827.000551,-91.33,-0.92,2.74
1790616827.039716,-91.33,-0.92,2.74
1790616827.1000059,-91.34,-0.92,2.75
1790616827.1404538,-91.35,-0.92,2.75
1790616827.199905,-91.36,-0.91,2.75
1790616827.2597592,-91.36,-0.91,2.75
1790616827.299812,-91.37,-0.91,2.75
1790616827.35972,-91.38,-0.91,2.75
1790616827.419447,-91.38,-0.91,2.75
1790616827.459651,-91.39,-0.91,2.75
1790616827.519837,-91.39,-0.9,2.75
1790616827.559583,-91.39,-0.9,2.76
1790616827.619877,-91.4,-0.9,2.76
1790616827.681034,-91.4,-0.9,2.76
1790616827.719627,-91.4,-0.9,2.76
1790616827.781205,-91.41,-0.9,2.77
1790616827.8396668,-91.42,-0.9,2.77
1790616827.899773,-91.43,-0.89,2.77
1790616827.959702,-91.44,-0.89,2.77
1790616827.999698,-91.45,-0.89,2.77
1790616828.0598001,-91.46,-0.89,2.77
1790616828.1197388,-91.47,-0.89,2.77
1790616828.1596339,-91.47,-0.88,2.77
1790616828.2199218,-91.48,-0.88,2.77
1790616828.281117,-91.49,-0.88,2.78
1790616828.319646,-91.49,-0.88,2.78
1790616828.3805702,-91.49,-0.88,2.78
1790616828.419601,-91.5,-0.88,2.78
1790616828.482168,-91.5,-0.88,2.78
1790616828.539725,-91.51,-0.88,2.78
1790616828.599763,-91.51,-0.88,2.78
1790616828.639971,-91.52,-0.88,2.79
1790616828.6998148,-91.52,-0.88,2.79
1790616828.7397451,-91.51,-0.87,2.79
1790616828.7997031,-91.51,-0.87,2.79
1790616828.859786,-91.51,-0.87,2.79
1790616828.9194958,-91.5,-0.87,2.79
1790616828.959656,-91.51,-0.87,2.79
1790616829.0197482,-91.51,-0.87,2.79
1790616829.0801878,-91.51,-0.87,2.8
1790616829.119842,-91.51,-0.86,2.8
1790616829.181143,-91.51,-0.86,2.8
1790616829.2396002,-91.52,-0.86,2.8
1790616829.300004,-91.53,-0.86,2.81
1790616829.340054,-91.54,-0.86,2.81
1790616829.401807,-91.54,-0.86,2.81
1790616829.4596999,-91.55,-0.86,2.81
1790616829.499937,-91.55,-0.85,2.81
1790616829.559861,-91.55,-0.85,2.81
1790616829.6195798,-91.56,-0.85,2.82
1790616829.6600478,-91.56,-0.85,2.82
1790616829.7198138,-91.56,-0.84,2.82
1790616829.7803578,-91.57,-0.84,2.83
1790616829.8398879,-91.58,-0.84,2.83
1790616829.8808908,-91.58,-0.84,2.83
1790616829.939699,-91.59,-0.84,2.83
1790616829.999619,-91.6,-0.84,2.83
1790616830.0397508,-91.6,-0.83,2.83
1790616830.099752,-91.61,-0.83,2.83
1790616830.1596842,-91.61,-0.83,2.83
1790616830.2195652,-91.62,-0.83,2.83
1790616830.259706,-91.62,-0.83,2.83
1790616830.319743,-91.63,-0.83,2.84
1790616830.379978,-91.63,-0.83,2.84
1790616830.419613,-91.63,-0.83,2.84
1790616830.480103,-91.63,-0.82,2.84
1790616830.519619,-91.64,-0.82,2.85
1790616830.581581,-91.64,-0.83,2.85
1790616830.641515,-91.65,-0.83,2.85
1790616830.680141,-91.66,-0.83,2.85
1790616830.740833,-91.66,-0.82,2.85
1790616830.7996092,-91.66,-0.82,2.85
1790616830.842571,-91.65,-0.82,2.86
1790616830.899592,-91.65,-0.82,2.86
1790616830.941687,-91.63,-0.82,2.86
1790616830.999924,-91.63,-0.82,2.86
1790616831.05965,-91.63,-0.81,2.87
1790616831.099809,-91.7,-0.81,2.87
1790616831.159612,-91.81,-0.81,2.87
1790616831.199831,-91.78,-0.8,2.88
1790616831.2594829,-91.78,-0.8,2.88
1790616831.3197298,-91.78,-0.8,2.88
1790616831.3599098,-91.78,-0.8,2.89
1790616831.4197052,-91.77,-0.8,2.89
1790616831.459927,-91.76,-0.8,2.89
1790616831.519734,-91.75,-0.79,2.89
1790616831.5599282,-91.75,-0.79,2.89
1790616831.619704,-91.75,-0.79,2.89
1790616831.6612449,-91.74,-0.79,2.9
1790616831.719546,-91.74,-0.79,2.9
1790616831.779629,-91.73,-0.79,2.9
1790616831.82012,-91.79,-0.79,2.9
1790616831.8796859,-91.92,-0.78,2.9
1790616831.942154,-91.91,-0.78,2.91
1790616831.9997451,-91.9,-0.78,2.91
1790616832.04431,-91.91,-0.78,2.91
1790616832.099852,-91.9,-0.78,2.91
1790616832.1597178,-91.9,-0.78,2.92
1790616832.1995609,-91.89,-0.77,2.92
1790616832.259677,-91.89,-0.77,2.92
1790616832.299645,-91.88,-0.77,2.92
1790616832.359663,-91.88,-0.77,2.92
1790616832.41984,-91.88,-0.77,2.92
1790616832.479611,-91.87,-0.77,2.93
1790616832.520121,-91.87,-0.77,2.93
1790616832.579764,-91.86,-0.77,2.93
1790616832.640209,-91.86,-0.77,2.93
1790616832.679722,-91.85,-0.77,2.93
1790616832.740179,-91.84,-0.77,2.93
1790616832.800023,-91.84,-0.77,2.94
1790616832.839946,-91.85,-0.77,2.94
1790616832.899696,-91.84,-0.77,2.94
1790616832.959566,-91.91,-0.76,2.94
1790616832.999572,-92.06,-0.76,2.95
1790616833.0455198,-92.08,-0.75,2.95
1790616833.0996978,-92.15,-0.75,2.95
1790616833.1596758,-92.15,-0.75,2.96
1790616833.199971,-92.14,-0.74,2.96
1790616833.266175,-92.15,-0.74,2.96
1790616833.320693,-92.22,-0.74,2.96
1790616833.379551,-92.23,-0.74,2.97
1790616833.419662,-92.23,-0.73,2.97
1790616833.479857,-92.23,-0.73,2.97
1790616833.5198898,-92.23,-0.73,2.98
1790616833.581221,-92.23,-0.72,2.98
1790616833.6407318,-92.23,-0.72,2.98
1790616833.67988,-92.24,-0.72,2.98
1790616833.7409978,-92.24,-0.72,2.98
1790616833.799488,-92.24,-0.72,2.98
1790616833.8402581,-92.23,-0.72,2.98
1790616833.9006789,-92.24,-0.72,2.99
1790616833.960701,-92.25,-0.72,2.99
1790616834.003616,-92.25,-0.72,2.99
1790616834.060879,-92.25,-0.72,2.99
1790616834.1036391,-92.25,-0.72,2.99
1790616834.160726,-92.26,-0.72,2.99
1790616834.220474,-92.36,-0.71,2.99
1790616834.282112,-92.37,-0.71,2.99
1790616834.320689,-92.37,-0.71,2.99
1790616834.3811378,-92.37,-0.71,2.99
1790616834.421151,-92.37,-0.7,3.0
1790616834.480681,-92.37,-0.7,3.0
1790616834.540462,-92.37,-0.7,3.0
1790616834.580674,-92.37,-0.7,3.0
1790616834.6466482,-92.36,-0.7,3.01
1790616834.7035258,-92.36,-0.7,3.01
1790616834.761569,-92.35,-0.7,3.01
1790616834.803469,-92.35,-0.7,3.01
1790616834.86174,-92.4,-0.7,3.01
1790616834.921775,-92.48,-0.69,3.01
1790616834.961642,-92.48,-0.69,3.02
1790616835.02224,-92.47,-0.69,3.02
1790616835.081532,-92.47,-0.69,3.02
1790616835.121762,-92.47,-0.69,3.02
1790616835.181778,-92.46,-0.69,3.02
1790616835.242765,-92.46,-0.69,3.02
1790616835.302669,-92.45,-0.68,3.02
1790616835.341967,-92.45,-0.68,3.02
1790616835.403402,-92.46,-0.68,3.03
1790616835.442276,-92.46,-0.68,3.03
1790616835.5034308,-92.47,-0.68,3.03
1790616835.5418508,-92.47,-0.68,3.04
1790616835.6027038,-92.48,-0.68,3.04
1790616835.661673,-92.48,-0.67,3.04
1790616835.702556,-92.49,-0.67,3.04
1790616835.761736,-92.5,-0.67,3.04
1790616835.822483,-92.51,-0.67,3.04
1790616835.8632371,-92.53,-0.67,3.05
1790616835.922786,-92.62,-0.66,3.04
1790616835.962678,-92.63,-0.66,3.04
1790616836.023849,-92.64,-0.66,3.05
1790616836.082697,-92.64,-0.65,3.05
1790616836.122677,-92.64,-0.65,3.05
1790616836.184045,-92.65,-0.65,3.05
1790616836.242523,-92.65,-0.65,3.05
1790616836.302927,-92.65,-0.65,3.05
1790616836.342643,-92.65,-0.65,3.05
1790616836.404421,-92.66,-0.65,3.05
1790616836.442912,-92.66,-0.65,3.05
1790616836.503167,-92.66,-0.64,3.06
1790616836.562519,-92.67,-0.64,3.06
1790616836.6027431,-92.68,-0.64,3.06
1790616836.6623738,-92.68,-0.64,3.06
1790616836.724142,-92.68,-0.64,3.06
1790616836.7677498,-92.68,-0.63,3.07
1790616836.8239748,-92.69,-0.63,3.07
1790616836.90316,-92.7,-0.63,3.07
1790616836.9428842,-92.7,-0.63,3.07
1790616837.003005,-92.7,-0.63,3.07
1790616837.042737,-92.71,-0.62,3.08
1790616837.103127,-92.71,-0.62,3.08
1790616837.164203,-92.7,-0.62,3.08
1790616837.204799,-92.71,-0.62,3.08
1790616837.2677581,-92.71,-0.61,3.08
1790616837.322508,-92.71,-0.61,3.08
1790616837.3654919,-92.72,-0.61,3.08
1790616837.4224901,-92.73,-0.61,3.08
1790616837.4649012,-92.72,-0.61,3.09
1790616837.522708,-92.73,-0.61,3.09
1790616837.5642262,-92.73,-0.61,3.09
1790616837.622689,-92.74,-0.6,3.09
1790616837.682399,-92.74,-0.61,3.1
1790616837.722595,-92.75,-0.61,3.1
1790616837.782449,-92.76,-0.6,3.1
1790616837.8424928,-92.76,-0.6,3.11
1790616837.8824599,-92.78,-0.6,3.11
1790616837.9425652,-92.79,-0.6,3.11
1790616838.002704,-92.8,-0.59,3.11
1790616838.06579,-92.81,-0.59,3.12
1790616838.103113,-92.82,-0.59,3.12
1790616838.165925,-92.84,-0.59,3.12
1790616838.222872,-92.85,-0.58,3.12
1790616838.282801,-92.87,-0.58,3.12
1790616838.322695,-92.89,-0.58,3.12
1790616838.382564,-92.91,-0.58,3.13
1790616838.442637,-92.93,-0.58,3.13
1790616838.482699,-92.95,-0.57,3.13
1790616838.5428019,-92.97,-0.57,3.13
1790616838.582569,-92.98,-0.57,3.14
1790616838.6426702,-93.01,-0.56,3.14
1790616838.702425,-93.02,-0.56,3.14
1790616838.742547,-93.03,-0.56,3.14
1790616838.804662,-93.04,-0.56,3.14
1790616838.865929,-93.05,-0.56,3.14
1790616838.9224682,-93.06,-0.55,3.15
1790616838.964252,-93.07,-0.55,3.15
1790616839.0225239,-93.09,-0.55,3.15
1790616839.082853,-93.11,-0.55,3.15
1790616839.1425622,-93.12,-0.54,3.16
1790616839.205394,-93.15,-0.54,3.16
1790616839.2424939,-93.17,-0.54,3.16
1790616839.3046882,-93.18,-0.53,3.16
1790616839.3624341,-93.19,-0.53,3.16
1790616839.404562,-93.19,-0.53,3.16
1790616839.462755,-93.2,-0.53,3.17
1790616839.504628,-93.2,-0.53,3.17
1790616839.5636601,-93.21,-0.53,3.17
1790616839.6230989,-93.21,-0.53,3.18
1790616839.663674,-93.22,-0.53,3.18
1790616839.7226949,-93.22,-0.53,3.18
1790616839.78253,-93.23,-0.52,3.18
1790616839.842967,-93.24,-0.52,3.19
1790616839.882665,-93.24,-0.52,3.19
1790616839.942781,-93.24,-0.52,3.19
1790616839.982808,-93.24,-0.52,3.19
1790616840.043286,-93.24,-0.52,3.19
1790616840.1024792,-93.24,-0.52,3.2
1790616840.163101,-93.25,-0.52,3.19
1790616840.222385,-93.26,-0.51,3.19
1790616840.282617,-93.27,-0.51,3.19
1790616840.3226628,-93.28,-0.51,3.19
1790616840.382603,-93.29,-0.51,3.2
1790616840.4426172,-93.3,-0.5,3.2
1790616840.502471,-93.33,-0.5,3.2
1790616840.5436401,-93.34,-0.5,3.21
1790616840.603742,-93.35,-0.5,3.21
1790616840.664038,-93.36,-0.5,3.21
1790616840.702673,-93.38,-0.49,3.21
1790616840.7826402,-93.39,-0.49,3.21
1790616840.822758,-93.4,-0.49,3.21
1790616840.883326,-93.41,-0.49,3.22
1790616840.9226,-93.43,-0.49,3.22
1790616840.983094,-93.44,-0.48,3.22
1790616841.042639,-93.46,-0.48,3.22
1790616841.102413,-93.49,-0.48,3.23
1790616841.1424232,-93.51,-0.47,3.23
1790616841.203678,-93.52,-0.47,3.23
1790616841.242953,-93.54,-0.47,3.23
1790616841.3037498,-93.56,-0.47,3.23
1790616841.3632839,-93.58,-0.47,3.23
1790616841.424431,-93.59,-0.46,3.23
1790616841.487164,-93.61,-0.46,3.24
1790616841.5225759,-93.62,-0.46,3.24
1790616841.582857,-93.62,-0.46,3.24
1790616841.624844,-93.65,-0.45,3.24
1790616841.682911,-93.66,-0.45,3.24
1790616841.742526,-93.68,-0.45,3.24
1790616841.802645,-93.7,-0.44,3.24
1790616841.8425589,-93.7,-0.44,3.24
1790616841.903541,-93.71,-0.44,3.25
1790616841.942998,-93.72,-0.44,3.25
1790616842.002615,-93.72,-0.44,3.25
1790616842.062649,-93.73,-0.43,3.25
1790616842.123863,-93.74,-0.43,3.25
1790616842.163562,-93.74,-0.43,3.25
1790616842.224652,-93.74,-0.43,3.26
1790616842.282901,-93.75,-0.43,3.26
1790616842.342562,-93.75,-0.43,3.26
1790616842.3830311,-93.76,-0.43,3.26
1790616842.443337,-93.77,-0.43,3.27
1790616842.503226,-93.78,-0.43,3.27
1790616842.542618,-93.79,-0.42,3.27
1790616842.602666,-93.79,-0.42,3.28
1790616842.662354,-93.79,-0.42,3.28
1790616842.7033632,-93.79,-0.42,3.28
1790616842.770577,-93.79,-0.42,3.28
1790616842.824505,-93.78,-0.42,3.28
1790616842.884043,-93.78,-0.42,3.28
1790616842.922596,-93.79,-0.42,3.28
1790616842.982744,-93.8,-0.41,3.28
1790616843.042845,-93.81,-0.41,3.28
1790616843.1028008,-93.82,-0.41,3.29
1790616843.162528,-93.83,-0.41,3.29
1790616843.203625,-93.83,-0.4,3.3
1790616843.265485,-93.83,-0.4,3.3
1790616843.325323,-93.83,-0.4,3.3
1790616843.365143,-93.83,-0.4,3.3
1790616843.425278,-93.84,-0.4,3.3
1790616843.48451,-93.84,-0.39,3.3
1790616843.5250828,-93.85,-0.39,3.3
1790616843.584725,-93.86,-0.39,3.31
1790616843.664626,-93.87,-0.39,3.31
1790616843.725347,-93.88,-0.39,3.31
1790616843.767498,-93.88,-0.39,3.31
1790616843.8247712,-93.89,-0.39,3.31
1790616843.86625,-93.89,-0.39,3.31
1790616843.9252422,-93.9,-0.38,3.32
1790616843.988184,-93.9,-0.39,3.32
1790616844.0267541,-93.91,-0.38,3.32
1790616844.0878289,-93.91,-0.38,3.32
1790616844.126306,-93.91,-0.38,3.32
1790616844.185664,-93.91,-0.38,3.32
1790616844.2273228,-93.91,-0.38,3.33
1790616844.2885041,-93.91,-0.38,3.33
1790616844.346328,-93.91,-0.38,3.33
1790616844.388206,-93.9,-0.38,3.34
1790616844.4466271,-93.9,-0.38,3.34
1790616844.506494,-93.9,-0.38,3.34
1790616844.54654,-93.9,-0.37,3.34
1790616844.606559,-93.9,-0.37,3.34
1790616844.666286,-93.91,-0.37,3.35
1790616844.726232,-93.91,-0.37,3.35
1790616844.7672389,-93.92,-0.37,3.35
1790616844.8272069,-93.92,-0.36,3.35
1790616844.888149,-93.93,-0.36,3.35
1790616844.926579,-93.94,-0.36,3.35
1790616844.989324,-93.94,-0.36,3.35
1790616845.0277052,-93.96,-0.36,3.36
1790616845.087432,-93.96,-0.36,3.36
1790616845.126593,-93.97,-0.36,3.36
1790616845.1893382,-93.98,-0.36,3.36
1790616845.2279758,-93.99,-0.36,3.36
1790616845.288795,-94.0,-0.35,3.36
1790616845.3466759,-94.0,-0.36,3.36
1790616845.3898509,-94.0,-0.35,3.36
1790616845.4466078,-93.99,-0.35,3.36
1790616845.488082,-93.99,-0.35,3.36
1790616845.546617,-93.99,-0.35,3.37
1790616845.606344,-93.98,-0.35,3.37
1790616845.646496,-93.98,-0.35,3.37
1790616845.706692,-93.99,-0.35,3.38
1790616845.7468119,-93.99,-0.35,3.38
1790616845.806408,-93.99,-0.35,3.38
1790616845.867777,-93.99,-0.35,3.38
1790616845.90657,-93.99,-0.35,3.39
1790616845.966944,-94.0,-0.35,3.39
1790616846.026331,-94.0,-0.35,3.39
1790616846.06668,-94.0,-0.35,3.39
1790616846.1272771,-94.01,-0.34,3.39
1790616846.167264,-94.02,-0.34,3.39
1790616846.226414,-94.03,-0.34,3.39
1790616846.288022,-94.03,-0.33,3.4
1790616846.3464189,-94.04,-0.33,3.4
1790616846.389468,-94.05,-0.33,3.4
1790616846.446624,-94.06,-0.33,3.4
1790616846.4865909,-94.07,-0.33,3.4
1790616846.546703,-94.09,-0.33,3.41
1790616846.6064541,-94.1,-0.33,3.41
1790616846.6464372,-94.11,-0.33,3.41
1790616846.7067578,-94.11,-0.33,3.42
1790616846.7663958,-94.12,-0.33,3.42
1790616846.826674,-94.13,-0.32,3.42
1790616846.886673,-94.14,-0.32,3.42
1790616846.9465852,-94.15,-0.32,3.42
1790616846.98669,-94.16,-0.32,3.43
1790616847.046705,-94.18,-0.32,3.43
1790616847.1063309,-94.19,-0.32,3.43
1790616847.146646,-94.2,-0.32,3.43
1790616847.2066848,-94.2,-0.31,3.43
1790616847.266942,-94.2,-0.31,3.43
1790616847.306777,-94.2,-0.31,3.44
1790616847.366703,-94.21,-0.31,3.44
1790616847.426622,-94.22,-0.31,3.44
1790616847.466779,-94.22,-0.31,3.44
1790616847.526316,-94.23,-0.31,3.45
1790616847.586794,-94.23,-0.31,3.45
1790616847.646584,-94.23,-0.31,3.45
1790616847.6870668,-94.23,-0.3,3.45
1790616847.746589,-94.25,-0.3,3.45
1790616847.806595,-94.26,-0.3,3.45
1790616847.8519738,-94.26,-0.3,3.46
1790616847.906771,-94.27,-0.3,3.46
1790616847.948411,-94.27,-0.3,3.46
1790616848.006732,-94.28,-0.3,3.46
1790616848.049419,-94.29,-0.3,3.47
1790616848.126951,-94.29,-0.3,3.47
1790616848.166739,-94.29,-0.3,3.47
1790616848.227772,-94.29,-0.3,3.48
1790616848.287304,-94.29,-0.29,3.48
1790616848.3265762,-94.3,-0.29,3.48
1790616848.3883011,-94.3,-0.29,3.48
1790616848.42656,-94.3,-0.29,3.48
1790616848.487492,-94.3,-0.29,3.48
1790616848.5264919,-94.31,-0.29,3.49
1790616848.5874119,-94.3,-0.29,3.49
1790616848.64768,-94.31,-0.29,3.49
1790616848.68688,-94.31,-0.29,3.49
1790616848.749147,-94.32,-0.29,3.49
1790616848.786664,-94.33,-0.28,3.5
1790616848.84932,-94.33,-0.28,3.5
1790616848.8879511,-94.33,-0.28,3.5
1790616848.949703,-94.33,-0.28,3.5
1790616849.00659,-94.34,-0.28,3.5
1790616849.048917,-94.34,-0.28,3.51
1790616849.1069472,-94.35,-0.27,3.51
1790616849.1505659,-94.36,-0.27,3.51
1790616849.2066078,-94.36,-0.27,3.51
1790616849.266412,-94.37,-0.27,3.52
1790616849.326248,-94.37,-0.27,3.52
1790616849.366369,-94.37,-0.27,3.52
1790616849.42669,-94.38,-0.27,3.52
1790616849.4867682,-94.38,-0.26,3.52
1790616849.526558,-94.39,-0.26,3.52
1790616849.586706,-94.39,-0.26,3.53
1790616849.650306,-94.4,-0.26,3.53
1790616849.6873941,-94.43,-0.26,3.53
1790616849.74864,-94.43,-0.26,3.54
1790616849.807316,-94.44,-0.25,3.54
1790616849.866681,-94.45,-0.25,3.54
1790616849.906446,-94.47,-0.25,3.54
1790616849.966378,-94.47,-0.25,3.54
1790616850.0267148,-94.49,-0.25,3.54
1790616850.0890298,-94.51,-0.24,3.55
1790616850.148602,-94.52,-0.24,3.55
1790616850.1868448,-94.55,-0.24,3.55
1790616850.248738,-94.56,-0.23,3.56
1790616850.3063319,-94.58,-0.23,3.56
1790616850.3665972,-94.59,-0.23,3.56
1790616850.4264479,-94.61,-0.23,3.56
1790616850.46659,-94.63,-0.22,3.56
1790616850.52628,-94.65,-0.22,3.57
1790616850.566421,-94.66,-0.22,3.57
1790616850.626256,-94.67,-0.22,3.57
1790616850.666547,-94.69,-0.22,3.57
1790616850.72652,-94.7,-0.21,3.57
1790616850.788018,-94.72,-0.21,3.57
1790616850.8474848,-94.73,-0.21,3.58
1790616850.90671,-94.75,-0.21,3.58
1790616850.948521,-94.76,-0.21,3.58
1790616851.007709,-94.77,-0.21,3.58
1790616851.048516,-94.77,-0.2,3.59
1790616851.107507,-94.78,-0.2,3.59
1790616851.167522,-94.79,-0.2,3.59
1790616851.207426,-94.8,-0.2,3.59
1790616851.267637,-94.81,-0.19,3.59
1790616851.3274748,-94.82,-0.19,3.59
1790616851.367511,-94.85,-0.19,3.59
1790616851.427317,-94.86,-0.18,3.6
1790616851.4873369,-94.88,-0.18,3.6
1790616851.549796,-94.9,-0.18,3.6
1790616851.607321,-94.94,-0.17,3.6
1790616851.6683898,-94.96,-0.17,3.6
1790616851.711156,-94.98,-0.17,3.6
1790616851.768527,-95.0,-0.16,3.6
1790616851.829073,-95.02,-0.16,3.6
1790616851.889069,-95.04,-0.16,3.61
1790616851.9504588,-95.07,-0.15,3.61
1790616851.988462,-95.11,-0.15,3.6
1790616852.048702,-95.13,-0.14,3.61
1790616852.1107311,-95.15,-0.14,3.6
1790616852.151079,-95.17,-0.14,3.6
1790616852.228312,-95.2,-0.13,3.6
1790616852.2883148,-95.22,-0.13,3.6
1790616852.3500512,-95.24,-0.13,3.6
1790616852.410233,-95.29,-0.12,3.6
1790616852.449012,-95.31,-0.12,3.6
1790616852.50931,-95.32,-0.12,3.6
1790616852.568653,-95.34,-0.12,3.61
1790616852.6285398,-95.34,-0.12,3.61
1790616852.6885061,-95.36,-0.12,3.61
1790616852.728353,-95.37,-0.11,3.61
1790616852.788459,-95.38,-0.11,3.61
1790616852.848243,-95.38,-0.11,3.61
1790616852.88863,-95.39,-0.11,3.62
1790616852.948298,-95.39,-0.11,3.62
1790616852.98847,-95.4,-0.11,3.62
1790616853.0494359,-95.4,-0.1,3.62
1790616853.088452,-95.42,-0.1,3.62
1790616853.149229,-95.42,-0.1,3.62
1790616853.2096488,-95.43,-0.1,3.62
1790616853.248708,-95.43,-0.09,3.62
1790616853.309083,-95.43,-0.09,3.62
1790616853.3684428,-95.43,-0.09,3.63
1790616853.409222,-95.44,-0.08,3.63
1790616853.4685252,-95.44,-0.08,3.63
1790616853.528338,-95.44,-0.09,3.63
1790616853.568459,-95.45,-0.08,3.63
1790616853.628428,-95.45,-0.08,3.63
1790616853.688374,-95.45,-0.08,3.63
1790616853.728472,-95.46,-0.08,3.64
1790616853.788667,-95.46,-0.08,3.64
1790616853.828745,-95.47,-0.08,3.64
1790616853.888642,-95.47,-0.07,3.64
1790616853.9285839,-95.48,-0.07,3.64
1790616853.988572,-95.48,-0.07,3.64
1790616854.028759,-95.49,-0.06,3.64
1790616854.0883799,-95.49,-0.06,3.64
1790616854.148248,-95.49,-0.06,3.64
1790616854.188412,-95.5,-0.06,3.65
1790616854.249006,-95.51,-0.06,3.65
1790616854.2889228,-95.51,-0.06,3.65
1790616854.34866,-95.51,-0.06,3.65
1790616854.388433,-95.52,-0.05,3.66
1790616854.449405,-95.52,-0.05,3.66
1790616854.488398,-95.53,-0.05,3.66
1790616854.548346,-95.54,-0.05,3.66
1790616854.608347,-95.54,-0.05,3.66
1790616854.6504152,-95.54,-0.04,3.66
1790616854.7102542,-95.55,-0.04,3.66
1790616854.750049,-95.55,-0.04,3.67
1790616854.82453,-95.55,-0.04,3.67
1790616854.8684201,-95.56,-0.03,3.67
1790616854.92836,-95.56,-0.03,3.67
1790616854.971175,-95.56,-0.03,3.67
1790616855.028464,-95.57,-0.03,3.67
1790616855.088419,-95.57,-0.03,3.68
1790616855.1285388,-95.57,-0.03,3.68
1790616855.1885052,-95.58,-0.03,3.68
1790616855.248279,-95.58,-0.02,3.68
1790616855.2884731,-95.58,-0.02,3.69
1790616855.3491259,-95.59,-0.02,3.69
1790616855.42544,-95.6,-0.02,3.69
1790616855.469959,-95.6,-0.02,3.69
1790616855.5299652,-95.61,-0.02,3.69
1790616855.570762,-95.61,-0.02,3.69
1790616855.630066,-95.62,-0.01,3.69
1790616855.670262,-95.62,-0.01,3.69
1790616855.729936,-95.63,-0.01,3.7
1790616855.7882051,-95.63,-0.01,3.7
1790616855.828659,-95.64,-0.01,3.7
1790616855.888285,-95.64,-0.0,3.7
1790616855.928464,-95.65,-0.0,3.7
1790616855.988291,-95.65,0.0,3.7
1790616856.048226,-95.66,0.0,3.71
1790616856.108568,-95.67,0.01,3.71
1790616856.14843,-95.68,0.01,3.71
1790616856.210784,-95.69,0.01,3.72
1790616856.269939,-95.7,0.01,3.72
1790616856.3282712,-95.71,0.02,3.72
1790616856.373184,-95.72,0.02,3.72
1790616856.428233,-95.73,0.02,3.72
1790616856.488341,-95.74,0.02,3.73
1790616856.529803,-95.75,0.02,3.73
1790616856.588464,-95.76,0.03,3.73
1790616856.6483479,-95.77,0.03,3.73
1790616856.688464,-95.79,0.03,3.73
1790616856.748381,-95.79,0.03,3.73
1790616856.8088582,-95.8,0.04,3.73
1790616856.871531,-95.81,0.04,3.73
1790616856.910861,-95.82,0.04,3.73
1790616856.9701178,-95.83,0.04,3.74
1790616857.0086489,-95.84,0.05,3.74
1790616857.072333,-95.84,0.05,3.74
1790616857.1284192,-95.86,0.05,3.75
1790616857.188353,-95.86,0.05,3.75
1790616857.22834,-95.87,0.05,3.76
1790616857.288449,-95.88,0.05,3.76
1790616857.329721,-95.89,0.05,3.76
1790616857.388591,-95.91,0.06,3.77
1790616857.4486442,-95.91,0.06,3.77
1790616857.48844,-95.93,0.06,3.77
1790616857.548435,-95.94,0.06,3.77
1790616857.6081622,-95.94,0.06,3.78
1790616857.648261,-95.94,0.06,3.78
1790616857.708234,-95.95,0.06,3.78
1790616857.748408,-95.94,0.06,3.78
1790616857.808275,-95.94,0.06,3.78
1790616857.870199,-95.95,0.07,3.79
1790616857.928558,-95.96,0.07,3.79
1790616857.9699998,-95.97,0.07,3.79
1790616858.028291,-95.97,0.07,3.79
1790616858.069613,-95.98,0.07,3.79
1790616858.128444,-95.99,0.08,3.79
1790616858.1887481,-95.99,0.08,3.79
1790616858.229038,-95.99,0.08,3.8
1790616858.311767,-96.01,0.08,3.81
1790616858.348385,-96.01,0.08,3.81
1790616858.408386,-96.02,0.09,3.81
1790616858.4483771,-96.03,0.09,3.81
1790616858.508358,-96.03,0.09,3.81
1790616858.5695229,-96.04,0.09,3.81
1790616858.608475,-96.05,0.09,3.82
1790616858.6685681,-96.05,0.1,3.82
1790616858.708422,-96.05,0.1,3.82
1790616858.769846,-96.06,0.1,3.82
1790616858.828445,-96.06,0.1,3.82
1790616858.868619,-96.06,0.11,3.83
1790616858.928601,-96.07,0.11,3.83
1790616858.988401,-96.08,0.11,3.83
1790616859.02848,-96.08,0.11,3.83
1790616859.0886889,-96.09,0.11,3.83
1790616859.148383,-96.1,0.12,3.84
1790616859.188718,-96.1,0.12,3.84
1790616859.248631,-96.11,0.12,3.84
1790616859.3090591,-96.11,0.12,3.84
1790616859.389744,-96.11,0.13,3.84
1790616859.4282691,-96.12,0.12,3.85
1790616859.488567,-96.13,0.13,3.85
1790616859.548298,-96.13,0.13,3.85
1790616859.588479,-96.14,0.13,3.85
1790616859.648492,-96.14,0.13,3.85
1790616859.709672,-96.14,0.13,3.86
1790616859.748543,-96.15,0.13,3.86
1790616859.8311949,-96.15,0.13,3.86
1790616859.888454,-96.15,0.13,3.86
1790616859.9310741,-96.16,0.13,3.86
1790616859.988426,-96.16,0.13,3.86
1790616860.0482051,-96.16,0.14,3.86
1790616860.088437,-96.17,0.14,3.86
1790616860.148594,-96.18,0.14,3.86
1790616860.208459,-96.18,0.14,3.87
1790616860.2685592,-96.19,0.15,3.87
1790616860.329282,-96.2,0.15,3.87
1790616860.3707871,-96.2,0.15,3.87
1790616860.435508,-96.2,0.15,3.87
1790616860.488558,-96.2,0.15,3.87
1790616860.529917,-96.21,0.16,3.87
1790616860.588417,-96.21,0.16,3.87
1790616860.6481202,-96.21,0.16,3.88
1790616860.688318,-96.22,0.16,3.88
1790616860.749027,-96.23,0.16,3.88
1790616860.808514,-96.24,0.16,3.89
1790616860.8692539,-96.25,0.16,3.89
1790616860.908811,-96.25,0.17,3.89
1790616860.9689379,-96.27,0.17,3.89
1790616861.028469,-96.27,0.17,3.89
1790616861.088377,-96.28,0.17,3.9
1790616861.132957,-96.29,0.18,3.9
1790616861.188425,-96.3,0.18,3.9
1790616861.2483032,-96.31,0.18,3.9
1790616861.3084412,-96.32,0.18,3.9
1790616861.348366,-96.32,0.18,3.9
1790616861.408205,-96.33,0.18,3.9
1790616861.448334,-96.33,0.18,3.9
1790616861.5082948,-96.34,0.19,3.9
1790616861.5776691,-96.34,0.19,3.91
1790616861.6293042,-96.34,0.19,3.91
1790616861.670231,-96.35,0.19,3.91
1790616861.729352,-96.35,0.19,3.91
1790616861.770417,-96.35,0.2,3.91
1790616861.8303628,-96.35,0.2,3.92
1790616861.889923,-96.35,0.2,3.92
1790616861.949132,-96.36,0.2,3.92
1790616861.988426,-96.37,0.21,3.93
1790616862.0484009,-96.37,0.21,3.93
1790616862.1105049,-96.37,0.21,3.93
1790616862.148389,-96.37,0.21,3.94
1790616862.208478,-96.38,0.21,3.94
1790616862.268095,-96.39,0.21,3.94
1790616862.3293362,-96.39,0.21,3.94
1790616862.3683488,-96.4,0.22,3.94
1790616862.4294899,-96.41,0.21,3.95
1790616862.488429,-96.42,0.22,3.95
1790616862.529323,-96.42,0.22,3.95
1790616862.588217,-96.42,0.22,3.95
1790616862.648691,-96.43,0.22,3.95
1790616862.6882172,-96.46,0.22,3.95
1790616862.7483509,-96.46,0.23,3.95
1790616862.808447,-96.47,0.23,3.95
1790616862.8483882,-96.48,0.23,3.96
1790616862.90816,-96.5,0.23,3.96
1790616862.968126,-96.55,0.24,3.96
1790616863.008277,-96.7,0.24,3.96
1790616863.0686998,-96.69,0.24,3.96
1790616863.108426,-96.69,0.25,3.96
1790616863.168982,-96.69,0.25,3.97
1790616863.2295942,-96.7,0.25,3.97
1790616863.2895381,-96.7,0.25,3.97
1790616863.329799,-96.7,0.25,3.97
1790616863.389333,-96.69,0.25,3.98
1790616863.449507,-96.69,0.25,3.98
1790616863.491877,-96.69,0.26,3.98
1790616863.549952,-96.68,0.26,3.98
1790616863.5923488,-96.68,0.27,3.98
1790616863.649207,-96.68,0.27,3.98
1790616863.689273,-96.69,0.27,3.98
1790616863.749511,-96.7,0.27,3.98
1790616863.810587,-96.7,0.27,3.99
1790616863.869502,-96.7,0.27,3.99
1790616863.9095402,-96.7,0.27,3.99
1790616863.969513,-96.7,0.28,3.99
1790616864.0093372,-96.7,0.28,3.99
1790616864.071536,-96.71,0.28,3.99
1790616864.130917,-96.72,0.28,3.99
1790616864.1695092,-96.73,0.28,4.0
1790616864.231141,-96.74,0.28,4.0
1790616864.290358,-96.74,0.28,4.01
1790616864.349183,-96.74,0.29,4.01
1790616864.39089,-96.76,0.29,4.01
1790616864.449485,-96.77,0.29,4.02
1790616864.491692,-96.77,0.29,4.01
1790616864.549546,-96.77,0.29,4.01
1790616864.609131,-96.77,0.29,4.02
1790616864.649305,-96.78,0.3,4.02
1790616864.709127,-96.77,0.3,4.02
1790616864.771222,-96.78,0.3,4.02
1790616864.832036,-96.78,0.3,4.03
1790616864.893497,-96.78,0.31,4.03
1790616864.92927,-96.79,0.31,4.03
1790616864.992542,-96.81,0.31,4.03
1790616865.049386,-96.82,0.31,4.03
1790616865.093463,-96.83,0.32,4.03
1790616865.149665,-96.91,0.32,4.04
1790616865.2094579,-97.06,0.33,4.04
1790616865.2496278,-97.05,0.33,4.04
1790616865.309599,-97.05,0.34,4.04
1790616865.369365,-97.05,0.34,4.05
