unix_timestamp,acc_x,acc_y,acc_z,gyro_x,gyro_y,gyro_z
1790616395.820107,0.00152,0.01065,-0.99856,0.00068,0.0014,0.00391
1790616395.920167,-0.0018,0.01137,-0.99796,0.00275,0.00107,0.00324
1790616396.040101,0.00062,0.01068,-0.9979,0.00147,0.00231,0.00486
1790616396.233212,-4e-05,0.01014,-0.99799,0.00293,0.00063,0.00421
1790616396.242097,-0.00057,0.0114,-0.99814,0.00152,0.00027,0.00244
1790616396.376138,-0.00018,0.01011,-0.99848,0.0038,0.00202,0.00415
1790616396.624911,0.00791,0.01854,-0.99824,0.00529,-0.00026,0.00246
1790616396.6267588,-0.00072,0.01695,-0.99758,0.00446,0.00097,0.00182
1790616396.64198,-0.00036,0.00788,-0.99799,0.00227,0.00085,0.00184
1790616396.7645922,-0.00344,0.00963,-0.998,0.0027,0.00234,0.00875
1790616396.854624,0.00076,0.01086,-0.99721,0.00037,0.00028,0.00358
1790616397.135355,-0.0004,0.01438,-0.99801,0.00484,0.00282,0.00138
1790616397.1968052,-0.00068,0.01038,-0.99788,-0.00017,-0.0001,0.00666
1790616397.202178,-0.00029,0.01007,-0.99747,0.00367,0.0007,0.00259
1790616397.375503,0.00046,0.01248,-0.9977,0.00377,0.00346,0.00196
1790616397.401085,0.00012,0.01172,-0.99869,0.00234,0.00131,0.00134
1790616397.533958,-1e-05,0.01205,-0.99778,0.0036,0.00302,0.0027
1790616397.7097652,-0.00057,0.01234,-0.99781,0.00181,0.00079,0.00395
1790616397.72233,0.00088,0.01126,-0.9992,0.00164,0.00046,0.00363
1790616397.888937,-0.00125,0.01121,-0.99766,0.00459,0.00066,0.00301
1790616397.920973,-0.00032,0.01036,-0.99651,0.00233,0.00264,0.00561
1790616398.0299342,-0.00077,0.01151,-0.99817,0.00262,0.00184,0.00021
1790616398.1411572,0.00076,0.01138,-0.99878,0.00258,-0.00044,0.00159
1790616398.2891,0.0,0.01124,-0.99626,0.00287,0.00095,0.00396
1790616398.463231,4e-05,0.01048,-0.997,0.00204,0.00125,0.0019
1790616398.466061,0.00116,0.00984,-0.99764,0.00117,0.0032,0.00474
1790616398.587658,0.00046,0.01084,-0.99932,0.0016,0.00105,0.0053
1790616398.762472,0.00134,0.01307,-0.99974,-0.00138,0.00127,0.00065
1790616398.7743979,0.00074,0.01305,-0.99764,0.001,0.00117,0.00268
1790616398.9449558,0.00062,0.01035,-0.99771,0.00177,9e-05,0.00163
1790616398.9809868,0.00172,0.01118,-0.99939,0.00117,-0.00073,0.0035
1790616399.081046,0.00094,0.01358,-0.99804,0.00472,0.00151,0.00258
1790616399.201186,0.00199,0.01161,-0.99919,0.00207,0.0001,0.00253
1790616399.321003,-0.0009,0.01134,-0.99845,0.00509,-0.00167,0.00374
1790616399.423033,0.00108,0.01284,-0.99896,0.00386,0.00118,0.00154
1790616399.541139,0.00178,0.01255,-0.99912,0.00345,0.00115,0.00122
1790616399.640994,-0.00058,0.01042,-0.99894,0.0044,0.00062,0.00429
1790616399.741374,0.00096,0.01269,-0.9997,0.00145,0.00216,0.00312
1790616399.861932,-0.00069,0.01245,-0.99835,0.00368,0.00504,0.00307
1790616399.9619899,0.00151,0.01212,-1.00047,0.00181,0.00087,0.00137
1790616400.080941,0.00158,0.01168,-0.99785,0.0039,0.00168,0.00166
1790616400.1811001,0.00074,0.01173,-0.99811,0.00317,0.00238,0.00209
1790616400.2812421,-0.00021,0.0114,-0.99784,0.00419,0.00151,0.00565
1790616400.400885,-0.00109,0.01108,-0.99833,0.00177,-0.00041,0.00151
1790616400.5013728,-0.00041,0.01051,-0.9971,0.00146,0.00218,0.00397
1790616400.601417,-0.00111,0.01053,-0.99821,0.00322,-0.00144,0.00094
1790616400.721226,-0.0006,0.01139,-0.99758,0.00228,0.00186,0.00329
1790616400.8407838,0.00049,0.01116,-1.00077,0.00278,0.00103,0.00538
1790616400.94116,-0.00055,0.01227,-0.99792,0.00224,0.00183,0.00356
1790616401.060917,0.00272,0.01315,-0.99859,0.00397,0.00219,0.00071
1790616401.160884,-0.00091,0.01247,-0.9986,0.00452,0.00427,0.00199
1790616401.260938,-0.00041,0.01039,-0.99746,0.00334,0.00138,0.00548
1790616401.361467,0.00118,0.01278,-0.99763,0.0013,-3e-05,0.00274
1790616401.480955,-0.00014,0.01062,-1.00009,0.00255,0.00102,0.00228
1790616401.5807822,0.00069,0.01186,-0.99841,0.00565,0.00201,0.00261
1790616401.6842802,0.00026,0.01176,-0.99788,0.00414,0.00029,0.00281
1790616401.800867,-0.00051,0.01002,-0.99782,0.00365,-0.00106,0.0039
1790616401.901602,-0.00074,0.0114,-0.99838,0.00419,0.00083,0.00312
1790616402.0014699,-0.00078,0.00992,-0.99759,0.00524,0.00069,0.00504
1790616402.121345,0.00045,0.0114,-0.99929,0.00305,-0.00049,0.00177
1790616402.221298,0.00052,0.01294,-0.99707,0.0032,-0.00033,0.00231
1790616402.3223941,-0.00031,0.01197,-0.99885,0.00264,0.00213,0.00349
1790616402.421819,-0.00213,0.01233,-0.99863,-0.0015,0.00186,-0.00013
1790616402.522867,0.00192,0.01216,-0.99878,0.00104,0.00169,0.00183
1790616402.64072,0.00117,0.01323,-0.99886,0.00172,-0.00026,0.0018
1790616402.740706,-0.02618,-0.07746,-0.99042,0.01101,0.00827,0.5245
1790616402.840829,-0.00028,-0.00897,-1.00192,0.02212,0.00466,0.40564
1790616402.9409091,0.04643,0.04728,-0.99594,-0.01303,-0.00017,0.43516
1790616403.041746,-0.02344,-0.04045,-0.99825,-0.00712,-0.00493,0.5513
1790616403.14123,-0.0223,0.02031,-0.98857,0.03639,0.01662,0.48017
1790616403.2613068,0.01556,0.00488,-0.99831,-0.00966,-0.00318,0.48552
1790616403.360874,0.05523,0.17475,-0.99307,-0.001,-0.03083,-0.01649
1790616403.46099,0.00975,0.03254,-0.99898,0.00239,0.00161,-0.01978
1790616403.5613492,0.00434,0.01848,-0.99958,0.00372,-0.00152,-0.0047
1790616403.6834922,-0.00289,0.00387,-0.99766,0.00504,-0.00084,0.00385
1790616403.7819278,-0.00648,0.00254,-0.99848,0.00273,0.00024,0.01375
1790616403.883792,0.0331,0.12161,-0.99586,0.01018,0.00656,-0.30181
1790616403.983076,0.01122,0.04413,-0.9918,0.01453,0.01228,-0.35757
1790616404.083172,-0.00777,-0.02811,-0.99866,-0.00549,0.01755,-0.32126
1790616404.1860218,0.00839,-0.0197,-1.00053,-0.00305,-0.00092,-0.33253
1790616404.282027,0.01309,0.04539,-0.99615,0.00072,0.00823,-0.30386
1790616404.400737,-0.00546,0.02948,-0.99584,0.00634,0.00689,-0.2901
1790616404.500986,-0.00746,-0.02568,-1.00016,0.00639,-0.00897,-0.17378
1790616404.6021109,-0.00139,0.04232,-0.99855,-0.00823,0.00576,-0.22283
1790616404.720742,0.00896,0.0159,-0.99904,0.00346,0.00222,-0.19753
1790616404.8212092,-0.00068,0.01538,-0.99924,0.00413,0.00368,-0.20009
1790616404.920948,-0.01465,0.01706,-0.999,0.00243,0.00014,-0.15658
1790616405.0218,-0.01307,-0.05172,-0.99773,0.00488,-0.00063,-0.02094
1790616405.120712,0.00103,-0.00448,-0.99994,0.00269,-0.00172,-0.00551
1790616405.22208,0.00803,0.02377,-0.99867,0.00257,0.00046,-0.02958
1790616405.3408,0.00584,0.03345,-0.99875,0.00076,-0.00037,-0.0338
1790616405.441086,0.00457,0.03096,-0.99905,0.00581,0.00358,-0.02199
1790616405.5409338,0.00497,0.02603,-0.99904,0.00126,0.00038,-0.00652
1790616405.640935,0.00041,0.0149,-0.99986,0.00264,0.00159,0.01955
1790616405.740811,0.00667,0.03331,-0.99812,0.00175,-0.00033,-0.0364
1790616405.840949,0.00309,0.0288,-0.99886,0.00434,-0.00057,-0.00731
1790616405.961386,0.00037,0.00984,-0.99878,0.00479,0.0017,0.01768
1790616406.060975,-0.00511,0.00114,-0.99784,0.00543,9e-05,0.03402
1790616406.160819,-0.00676,-0.00772,-0.99847,0.00201,0.00283,0.04073
1790616406.260711,-0.00856,-0.00887,-0.99892,0.0027,0.00206,0.037
1790616406.3611462,-0.0083,-0.00541,-0.99965,0.00619,0.00386,0.01978
1790616406.461014,-0.00565,0.00127,-0.99753,0.00081,0.00181,0.00215
1790616406.583306,0.00587,0.00344,-0.99947,0.00193,0.00017,-0.00253
1790616406.682701,-0.01002,0.01225,-0.99926,0.00093,0.00445,-0.0072
1790616406.801311,0.00309,0.02325,-0.99882,0.00164,-0.00275,-0.0314
1790616406.9011571,0.01087,0.03201,-0.99624,0.00234,-0.00067,-0.03299
1790616407.00077,0.00787,0.03045,-0.99868,0.00486,-0.00011,-0.02298
1790616407.100953,0.00607,0.03243,-0.99931,0.0027,0.00046,-0.02569
1790616407.201142,0.01164,0.0349,-0.99963,0.00078,0.00341,-0.05742
1790616407.3319721,0.00865,0.02558,-0.99975,0.00523,0.00695,-0.00965
1790616407.420856,6e-05,0.01414,-0.99978,0.00142,0.00221,0.00995
1790616407.520923,-0.00266,0.00693,-1.00075,0.00221,-0.00408,0.02806
1790616407.641589,-0.00294,0.02432,-1.00099,0.00111,0.00157,-0.00063
1790616407.7422569,-0.00406,-0.00696,-0.99993,0.00798,0.00044,0.0427
1790616407.860915,-0.00958,-0.01179,-0.99953,0.00381,0.00451,0.03743
1790616407.960992,-0.00894,-0.00558,-0.99825,0.00462,0.00704,0.01476
1790616408.060707,-0.0028,0.00863,-1.00046,0.00441,0.00054,-0.00995
1790616408.1822941,0.01832,0.01872,-0.99873,0.00145,-0.00089,-0.03293
1790616408.280718,0.00337,0.03109,-0.99957,0.00162,0.00355,-0.00702
1790616408.3817952,0.00405,0.01773,-0.99813,0.0047,0.0011,0.01392
1790616408.4814699,0.00059,0.00609,-0.99759,0.00595,0.00362,0.02747
1790616408.601255,-0.00818,-0.00421,-0.99852,0.00429,-5e-05,0.04035
1790616408.70096,-0.01036,-0.01028,-0.99987,-0.00026,0.00161,0.04075
1790616408.801261,0.01,0.00349,-0.99865,0.00219,0.00226,0.00523
1790616408.901206,-0.00748,0.00568,-0.9982,0.00543,0.00182,-0.00386
1790616409.001236,0.0013,0.02144,-0.99853,0.00312,0.00203,-0.03365
1790616409.102092,0.00699,0.02701,-0.99938,0.00082,0.00124,-0.04113
1790616409.1997921,0.00733,0.03471,-0.9992,-0.00125,0.00056,-0.04956
1790616409.321684,0.00999,0.032,-1.00246,0.0052,0.00209,-0.03004
1790616409.421986,0.00578,0.02607,-0.99871,0.00537,0.00509,-0.00893
1790616409.5229409,0.00047,0.01734,-1.00072,0.00303,0.00056,0.00593
1790616409.642596,-0.00106,0.00906,-0.99899,0.00242,0.00028,0.02507
1790616409.742196,-0.00501,0.00371,-0.99956,0.0041,0.00256,0.03091
1790616409.841721,-0.00692,-0.00619,-1.00035,0.00404,0.00278,0.03798
1790616409.942136,-0.01128,-0.00909,-0.99853,0.00162,-0.00069,0.04015
1790616410.0431612,-0.00975,-0.01086,-0.99983,0.0074,0.00492,0.02886
1790616410.1423638,-0.0074,-0.00176,-0.99818,0.00285,-0.00092,-0.00048
1790616410.2428422,-0.00808,0.00484,-0.99819,0.00704,-0.0009,-0.00612
1790616410.382782,-0.0208,-0.03099,-0.99624,0.00937,0.00531,0.04891
1790616410.501101,-0.00517,-0.0041,-0.99892,0.00415,0.00377,0.04011
1790616410.582824,-0.00605,-0.00717,-0.99804,0.0048,0.00434,0.03352
1790616410.683787,-0.00831,-0.00722,-1.0,0.00505,0.00295,0.02687
1790616410.783419,-0.00644,-0.00549,-0.9992,0.00435,0.00404,0.01016
1790616410.941628,-0.00809,-0.00709,-0.99933,0.00222,0.00178,0.01045
1790616411.06333,-0.00771,-0.01114,-1.00044,0.00707,0.00343,0.0265
1790616411.0835671,-0.00754,-0.00729,-0.99966,0.00655,0.00246,0.01741
1790616411.20802,-0.00925,-0.00486,-0.99734,0.00464,-0.00243,0.01659
1790616411.3977668,-0.00748,-0.00454,-0.9984,0.00312,-0.0017,0.00507
1790616411.402307,-0.01166,0.01141,-0.99831,0.00012,0.00234,-0.0124
1790616411.5822039,0.00176,0.00594,-0.99855,-0.0001,-0.00226,-0.0299
1790616411.7010581,0.00529,0.02076,-0.99705,0.00506,-0.00213,-0.0287
1790616411.723604,0.00158,0.02593,-0.99765,0.00375,0.00132,-0.03314
1790616411.879712,0.01693,0.04256,-1.00472,0.01323,0.02759,0.91705
1790616412.045259,0.00475,-0.00862,-1.00778,-0.00139,-0.01161,0.85068
1790616412.060383,-0.00847,-0.01575,-1.02073,-0.00083,-0.02237,0.95463
1790616412.219059,0.01087,0.01147,-0.98996,0.01221,-0.01219,1.00235
1790616412.24518,0.01694,-0.00043,-0.99082,-0.01927,-0.00172,0.99926
1790616412.385186,0.03233,0.03041,-1.01024,-0.00932,-0.02367,0.97615
1790616412.559391,-0.01308,-0.02445,-1.01115,-0.01402,-0.02286,1.1251
1790616412.566166,-0.00053,-0.00443,-0.97558,0.05212,0.00046,1.04322
1790616412.722382,0.01764,0.00314,-0.98984,0.03116,-0.00532,1.01602
1790616412.870328,0.01535,0.01699,-0.99518,-0.05134,0.00574,1.03209
1790616412.903703,-0.00891,-0.00317,-1.02176,0.02229,-0.0336,1.07207
1790616413.123159,-0.00736,-0.01344,-1.0144,-0.00939,0.00263,1.08136
1790616413.132206,0.01709,0.02106,-1.00057,0.00313,-0.01271,0.82647
1790616413.303761,0.00258,0.041,-1.0058,0.02105,-0.00978,0.70225
1790616413.325553,6e-05,0.00619,-0.99915,0.02525,-0.01344,0.63841
1790616413.456906,-0.00598,-0.0277,-0.99535,0.01865,0.01051,0.25538
1790616413.60438,-0.00469,-2e-05,-0.9986,0.00287,-0.00822,0.39191
1790616413.77893,-0.00601,0.00682,-0.99572,0.00735,0.0023,0.27431
1790616413.783249,-0.01985,-0.00898,-1.00099,0.00908,-0.01016,0.2249
1790616413.844368,-0.01232,0.01545,-0.9943,0.00191,0.00103,0.21146
1790616413.967958,-0.0001,0.02368,-1.00264,0.00127,0.00167,0.03141
1790616414.065057,0.00232,0.02074,-0.99794,0.00147,0.00404,-0.00079
1790616414.167757,0.00071,0.02306,-0.99827,0.00379,-0.00153,-0.01697
1790616414.274166,0.00364,0.03147,-0.99847,3e-05,-0.00249,-0.05574
1790616414.364914,-0.00207,0.01696,-0.99888,0.0084,-0.00415,-0.00843
1790616414.4690108,-0.00368,0.02149,-0.99934,0.0038,0.00034,-0.02202
1790616414.583972,-0.00434,0.01826,-0.99851,0.00494,0.00289,-0.01158
1790616414.683917,-0.00751,0.00782,-0.9993,0.00197,0.00207,-0.0066
1790616414.803874,-0.0161,-0.00359,-0.99864,0.00595,0.00584,0.01846
1790616414.923685,-0.00217,0.0231,-0.9968,0.00177,-0.0001,-0.01438
1790616415.024657,-0.00096,0.01906,-0.99711,0.00219,-0.00016,-0.01849
1790616415.123894,-0.00245,0.01675,-0.99866,0.00377,0.00015,-0.01501
1790616415.243702,-0.00503,0.00769,-0.99918,0.00368,0.0038,-0.00093
1790616415.3444538,0.17879,0.00495,-0.98999,0.01379,0.03331,0.03824
1790616415.463806,0.23416,0.0544,-0.99565,-0.00799,-0.01004,-0.07774
1790616415.569151,0.02813,-0.01207,-1.01195,0.02947,-0.05131,0.01973
1790616415.668013,-0.12765,0.00459,-0.96964,-0.02573,0.00645,-0.0125
1790616415.770823,-0.09787,-0.00691,-0.98699,0.00748,0.01221,-0.01473
1790616415.8848588,0.04327,0.01819,-0.97999,0.03585,0.00498,-0.0157
1790616415.985122,0.07327,0.01975,-0.99287,-0.01123,0.00045,-0.01346
1790616416.085321,0.00568,0.00216,-1.00739,-0.0382,0.01216,0.00011
1790616416.204588,-0.07656,0.00949,-1.02962,-0.00626,-0.02275,-0.01607
1790616416.325396,-0.0447,-0.01134,-1.00433,0.03307,-0.00877,0.03947
1790616416.424688,0.03463,0.00769,-0.98448,-0.007,0.02332,0.01631
1790616416.524717,-0.0161,0.02879,-0.98838,0.02777,0.02281,-0.01199
1790616416.624717,-0.03705,0.01002,-1.01803,0.01709,-0.005,0.01004
1790616416.744664,-0.02122,-0.01255,-1.00042,0.00407,-0.0249,-0.02327
1790616416.8445618,-0.03712,-0.00526,-1.01047,-0.00145,-0.01743,-0.01626
1790616416.9449458,-0.05435,0.01403,-1.00159,-0.00932,-0.00385,-0.00841
1790616417.045131,-0.08392,0.00424,-0.98697,0.02546,0.00187,-0.00427
1790616417.164896,-0.03804,0.01901,-0.99442,-0.0018,0.01599,0.02484
1790616417.284555,0.00374,0.00802,-0.99813,0.00441,-0.00031,-0.04377
1790616417.385483,-0.00952,-0.0161,-0.99657,0.00108,0.00324,0.06282
1790616417.487016,-0.02896,0.02311,-1.00278,-0.00255,0.00171,-0.06959
1790616417.589059,-0.02786,0.0446,-1.00022,0.00526,-0.00379,-0.01408
1790616417.687973,0.03175,0.02132,-0.99408,-0.00402,0.0068,-0.02108
1790616417.7890508,0.03025,0.00086,-1.00048,0.00644,-0.00238,-0.01359
1790616417.887042,-0.0283,0.03074,-1.00486,0.00243,-0.00193,0.00783
1790616417.987036,-0.02061,0.03447,-0.99562,0.00193,0.00063,-0.04388
1790616418.1066382,-0.02497,-0.00266,-0.99916,-0.00089,0.00192,0.04846
1790616418.207551,-0.03994,0.00333,-0.99738,0.00114,0.00324,0.0179
1790616418.32882,-0.01922,0.00947,-0.99659,0.0032,0.00249,0.00131
1790616418.429216,-0.00286,0.00777,-0.99934,0.00043,0.00148,0.00215
1790616418.5270588,-0.003,0.0075,-1.00014,0.00316,0.00047,0.00263
1790616418.629709,-0.00279,0.00619,-1.00011,0.00208,0.00139,0.00218
1790616418.7269802,-0.00197,0.00789,-1.00027,0.00177,0.00037,0.00545
1790616418.847795,-0.0055,0.00866,-0.99666,0.00289,0.0022,0.00097
1790616418.947422,0.00186,0.01412,-0.997,0.00329,-0.00251,-0.01523
1790616419.048297,0.00184,0.02101,-0.99859,0.00547,-0.00016,-0.02129
1790616419.147346,-0.0011,0.02166,-1.00061,0.002,-0.00118,-0.0199
1790616419.247021,-0.00646,0.00599,-0.99914,0.0024,0.00216,-0.00115
1790616419.367116,-0.00592,0.00216,-0.99666,0.00208,0.00233,0.0042
1790616419.468382,-0.00575,0.00497,-0.99702,0.00014,0.00251,0.00431
1790616419.568201,-0.00531,0.00487,-0.99917,0.00344,0.00312,0.00071
1790616419.6668658,-0.00435,0.00935,-1.00009,0.00448,0.00156,-0.00491
1790616419.7683752,-0.00332,0.01119,-0.99826,0.00418,0.00084,-0.00835
1790616419.865725,-0.0025,0.01341,-0.99697,0.00172,0.0021,-0.01606
1790616419.968731,-0.00493,0.01318,-0.99719,-0.0053,0.03468,0.01308
1790616420.086663,-0.00117,-0.00789,-0.99868,0.00235,-0.00626,0.00817
1790616420.190428,0.00561,0.00517,-0.99662,0.01116,0.01217,0.01151
1790616420.291702,-0.00442,0.00373,-0.9973,-0.00085,0.00221,0.00079
1790616420.391925,-0.00115,0.0425,-1.00027,-0.00496,-0.00624,-0.07118
1790616420.49051,0.00059,0.01173,-0.99995,0.00018,0.00119,-0.01925
1790616420.6082811,-0.00262,0.01296,-1.00044,0.00119,0.00195,-0.01414
1790616420.707526,-0.00423,0.015,-0.99823,0.00135,0.00092,-0.01763
1790616420.807749,-0.03077,0.02069,-1.00205,0.00271,0.01067,-0.03135
1790616420.9083211,0.00877,-0.00543,-0.9961,-0.00207,0.02091,0.02048
1790616421.008706,-0.00809,0.00988,-1.00094,0.0019,0.01031,0.00342
1790616421.128876,-0.00414,0.00838,-0.99966,0.00254,-2e-05,0.00624
1790616421.228093,-0.00635,0.00241,-0.99804,0.00406,0.00161,0.02184
1790616421.329687,-0.00672,-0.00145,-0.99854,0.00422,0.00133,0.02115
1790616421.427937,-0.0229,0.01406,-1.00148,-0.00373,-0.00023,-0.027
1790616421.5281541,-0.00266,0.00306,-1.00108,-0.00385,0.00994,-0.00774
1790616421.647668,-0.00387,0.01952,-0.99918,0.00423,0.00344,0.00364
1790616421.748943,-0.00685,0.00444,-0.99814,0.00577,0.00136,0.01436
1790616421.8677561,-0.00579,0.00375,-0.99897,0.00318,0.00042,0.01785
1790616421.967489,-0.00823,-0.01031,-0.99693,0.0019,0.00135,0.02207
1790616422.06755,-0.0081,0.00206,-0.9998,0.00523,-0.00097,0.02334
1790616422.168255,-0.02639,-0.00335,-1.00155,-0.00072,-0.01694,0.01273
1790616422.268553,-0.00476,-0.01569,-0.99849,0.00471,-0.00223,0.02201
1790616422.3681998,-0.01114,-0.00707,-0.99952,0.00584,3e-05,0.01514
1790616422.468478,-0.00858,-0.00618,-0.99879,0.00351,0.00355,0.02897
1790616422.5681112,-0.00894,-0.00653,-0.99904,0.00459,0.00198,0.02467
1790616422.667873,-0.01151,-0.00998,-0.9984,0.0057,0.00328,0.03088
1790616422.787652,-0.00505,0.01765,-0.99899,0.00605,0.00463,-0.00976
1790616422.888941,-0.00458,0.01183,-0.99871,0.00194,-0.00128,0.00089
1790616422.9893498,-0.00248,0.01125,-0.99977,0.00302,0.00504,0.01226
1790616423.089618,-0.00532,0.00485,-0.99931,0.00169,0.00131,0.01877
1790616423.1938891,-0.00801,-0.00106,-1.00032,0.00202,0.00022,0.02931
1790616423.2944498,-0.00987,-0.00519,-1.00124,0.00419,0.00535,0.02947
1790616423.391937,-0.0078,0.01965,-0.99913,-0.00067,0.00443,-0.01008
1790616423.508565,-0.00521,-0.00471,-1.0,0.00526,0.00444,0.02678
1790616423.609291,-0.00813,-0.00736,-1.00091,0.00299,0.00442,0.0234
1790616423.708517,-0.0107,-0.00857,-0.99911,0.00542,-0.00052,0.02382
1790616423.8096519,-0.00981,-0.00281,-1.00036,0.00412,0.00359,0.01404
1790616423.928565,-0.00189,0.01565,-0.99846,0.00379,-0.00041,0.00094
1790616424.0287108,-0.00367,0.00805,-0.99715,0.00275,0.00369,0.01204
1790616424.1295831,-0.00468,0.00497,-0.99785,0.00281,0.00175,0.02079
1790616424.2287512,-0.00706,-0.0015,-0.99895,0.00274,0.00191,0.02318
1790616424.328733,-0.01115,-0.0055,-0.99883,0.00458,0.00246,0.02874
1790616424.4290402,-0.01113,-0.01798,-1.00113,0.00541,-0.00165,0.05371
1790616424.549398,-0.01656,-0.00847,-1.00143,0.00399,0.00446,0.02731
1790616424.650177,-0.01215,-0.00951,-0.9985,0.00951,-0.00014,0.03033
1790616424.750057,-0.01029,-0.01027,-0.99664,0.00574,0.00198,0.02646
1790616424.850336,-0.01141,-0.00605,-0.99786,0.00403,0.00266,0.01622
1790616424.968519,-0.01042,-0.00321,-0.99779,0.00133,0.00281,0.00791
1790616425.0684428,-0.00642,0.00267,-0.99822,0.00415,-0.00128,-0.00891
1790616425.1686919,-0.00621,0.0049,-1.00021,0.00405,-0.00028,-0.01693
1790616425.268544,-0.0028,0.01472,-0.99968,0.00222,0.00169,-0.02676
1790616425.389696,0.00073,0.02027,-0.9966,-0.00223,-0.00135,-0.03186
1790616425.489917,-0.00113,0.0221,-1.00084,-0.00237,0.00166,-0.03607
1790616425.5891762,0.00228,0.02736,-0.99967,-0.00229,0.00233,-0.03778
1790616425.6911502,0.00146,0.02852,-0.9996,-0.00075,0.00575,-0.03331
1790616425.7895648,0.00361,0.02908,-1.00085,0.00068,0.00205,-0.02448
1790616425.890065,0.00089,0.02329,-0.99985,0.00109,-0.00297,-0.00838
1790616426.008841,0.00677,0.03407,-0.99976,0.00063,0.00386,-0.05235
1790616426.128659,-0.00488,0.02475,-1.00203,0.00393,-0.00018,-0.00445
1790616426.228714,-0.00462,0.01859,-0.99809,0.00372,0.00268,0.00773
1790616426.3288908,-0.00682,0.00766,-0.99956,-0.00019,0.00659,0.02134
1790616426.449335,-0.00834,0.00081,-0.99873,0.0056,0.00266,0.02908
1790616426.550405,-0.00729,-0.0013,-0.99773,0.00572,0.00382,-0.00699
1790616426.6496892,-0.01223,-0.01054,-0.99941,0.00206,0.00197,0.03525
1790616426.7510982,-0.01505,-0.0163,-0.99818,0.00553,0.00136,0.04388
1790616426.868451,-0.01491,-0.01777,-0.99753,0.00582,0.00041,0.03468
1790616426.968509,-0.01302,-0.0156,-0.99744,0.00496,0.003,0.02401
1790616427.069311,-0.00694,0.01572,-1.00024,-0.0007,0.00199,-0.05407
1790616427.16875,-0.00218,0.01175,-0.99999,-0.00042,0.0011,-0.007
1790616427.27097,-0.00513,0.00986,-0.9991,0.00073,-0.0014,-0.02174
1790616427.388659,-0.00323,0.02161,-0.99986,0.00123,-0.00224,-0.03386
1790616427.4884648,0.00268,0.02666,-1.00154,-0.00175,0.0017,-0.04007
1790616427.5886662,0.00366,0.03188,-0.99816,-0.00125,-0.00303,-0.04152
1790616427.688737,0.00589,0.03114,-1.00033,-0.00059,0.00315,-0.03178
1790616427.79136,0.00075,0.03099,-0.99997,-0.00158,-0.00019,-0.03228
1790616427.9116359,-0.00079,0.02798,-0.99996,0.0001,0.0035,-0.02346
1790616428.008657,-0.0005,0.02661,-0.99878,0.00145,0.00421,-0.00934
1790616428.109028,-0.006,0.01287,-0.99808,0.00169,-0.00026,0.01256
1790616428.212123,-0.00823,0.00166,-0.99886,0.0039,0.0035,0.03321
1790616428.330374,0.23775,0.01904,-1.01994,-0.003,0.02982,-0.00663
1790616428.429833,0.14046,-0.01484,-1.02114,0.04765,-0.03176,-0.02309
1790616428.529869,-0.07875,0.00467,-1.02268,0.0137,-0.05981,-0.00222
1790616428.650309,-0.13538,0.01135,-0.99112,0.00491,-0.01903,-0.02703
1790616428.749704,-0.04196,-0.01268,-1.01981,0.01335,0.00968,0.0043
1790616428.849358,0.07404,-0.02575,-1.01492,0.01509,-0.00852,0.04374
1790616428.949572,0.05027,0.02077,-0.97956,0.02438,-0.05661,-0.01211
1790616429.0494132,-0.04277,-0.00265,-0.96748,-0.0116,0.02282,0.02816
1790616429.149778,-0.05203,0.02029,-1.00244,0.0339,-0.00174,0.00268
1790616429.269713,-0.00659,0.02035,-1.0065,0.00298,0.01853,-0.03618
1790616429.3695822,0.04215,0.02662,-1.00916,0.01198,-0.00195,-0.00622
1790616429.469513,0.01153,-0.02001,-0.98338,-0.02116,0.02452,0.0293
1790616429.569982,-0.02568,0.00677,-0.99967,0.00558,0.01343,-0.01112
1790616429.6903522,-0.05307,0.01693,-1.06872,0.03152,-0.01988,0.02097
1790616429.789865,-0.02367,-0.02748,-0.99202,0.02139,0.01562,0.05657
1790616429.889693,-0.05973,0.01078,-1.02061,-0.01098,0.00144,0.00537
1790616430.010628,-0.06865,-0.01014,-1.01356,-0.02667,0.01074,0.03282
1790616430.110749,-0.07389,0.00731,-0.99901,0.00577,0.0032,-0.00265
1790616430.210816,-0.04247,0.01243,-0.99056,-0.0071,0.00046,0.0188
1790616430.313347,0.02204,0.00385,-0.99636,0.00715,0.01523,0.02205
1790616430.411964,0.00544,0.02092,-1.00066,0.00459,-0.0009,0.00362
1790616430.52955,-0.01694,0.01934,-0.99317,-0.00073,0.00102,-0.01906
1790616430.629765,0.01553,-0.00088,-0.99821,0.00786,0.00723,0.00509
1790616430.7512572,0.0171,-0.00584,-0.99975,-0.00472,-0.00234,0.02227
1790616430.849594,-0.00039,-0.00121,-1.00176,0.00308,0.00444,-0.0008
1790616430.949624,-0.03079,-0.01085,-0.99901,0.00596,-0.00238,0.00736
1790616431.049901,-0.06184,-0.01341,-0.9972,0.00459,-0.00025,0.02783
1790616431.1496232,-0.02518,0.0031,-0.99914,0.00167,0.00584,-0.00216
1790616431.249565,-0.00792,-0.0018,-0.99946,-0.00082,0.00211,0.00482
1790616431.369463,0.00714,0.00117,-0.99898,0.00525,0.00046,0.00495
1790616431.469586,0.00421,0.00338,-0.99817,0.00345,0.00196,0.00436
1790616431.569509,0.00179,0.00468,-1.00115,0.00535,0.00331,0.00224
1790616431.66963,-0.00384,0.00184,-0.99845,0.001,0.00111,0.00576
1790616431.78954,-0.00472,0.00177,-1.00066,0.00153,0.00074,0.00302
1790616431.889667,-0.00155,0.00785,-0.99749,0.00133,0.00469,-0.00994
1790616431.9897869,-0.00262,0.00437,-0.99947,0.00521,0.00409,-0.0003
1790616432.109789,-0.00499,0.00394,-0.99896,0.00093,0.00417,-0.00078
1790616432.210469,-0.0041,0.00064,-0.9991,0.00589,0.00133,0.00566
1790616432.3101702,-0.0051,0.00257,-0.9978,0.00264,0.00402,0.00371
1790616432.411564,-0.00425,0.00349,-0.99852,0.00359,0.00224,0.00279
1790616432.5094972,-0.00225,0.0005,-0.99904,0.00279,0.00095,0.00414
1790616432.610323,-0.0047,0.00195,-0.99939,0.00449,0.00024,0.00507
1790616432.710263,-0.00559,0.00546,-0.99989,0.00347,0.00276,0.00256
1790616432.8296719,0.00811,0.00803,-0.99955,0.00255,0.00156,-0.01031
1790616432.929586,-0.01529,0.00527,-0.99669,0.00333,-0.00032,0.00099
1790616433.031065,0.00112,0.0053,-0.99876,0.00048,0.00338,0.00025
1790616433.129727,0.00098,0.00869,-1.00077,-0.0001,0.00106,-0.00866
1790616433.2296681,0.00019,0.0089,-1.00022,0.00201,0.00037,-0.00942
1790616433.349637,0.00255,0.01534,-0.99969,-0.00157,-0.00137,-0.01484
1790616433.449715,-0.00205,0.01532,-0.99922,0.00059,0.00277,-0.02027
1790616433.54969,-0.00018,0.01466,-1.00093,0.00492,0.0047,-0.01728
1790616433.671674,0.00014,0.01042,-0.99988,-0.00013,0.00389,-0.01708
1790616433.777121,-0.00235,0.01114,-0.99976,0.00156,0.00164,-0.01808
1790616433.8721962,-0.00048,0.01092,-0.99876,0.00238,-0.00093,-0.01611
1790616433.9706292,-0.00769,-0.00184,-0.99926,0.00391,0.00738,-0.02219
1790616434.070647,-0.0013,-0.00142,-1.00187,0.00293,0.00179,-0.00914
1790616434.190758,-0.00192,0.0081,-1.00153,0.00408,0.00305,-0.00775
1790616434.2909172,-0.00321,0.00537,-1.00046,0.00307,0.00114,-0.01682
1790616434.390818,-0.00118,0.01127,-1.0011,0.0032,-0.00321,-0.01537
1790616434.490884,0.01078,0.018,-0.99984,0.00342,0.00268,-0.00866
1790616434.611091,-0.01222,-0.00996,-1.00153,0.0079,0.00158,0.01615
1790616434.710429,-0.00922,-0.00893,-0.99943,0.00308,0.001,0.01805
1790616434.810425,-0.00733,-0.01115,-0.99749,0.00576,0.00322,0.01978
1790616434.910561,-0.00933,-0.01433,-0.99986,0.00536,0.00423,0.02362
1790616435.012674,-0.00784,-0.01126,-1.00034,0.0029,0.00191,0.01859
1790616435.132761,-0.01412,-0.01035,-0.99893,0.00645,0.00046,0.02315
1790616435.230586,-0.00874,-0.01607,-0.99818,0.00476,0.00317,0.03046
1790616435.3505979,-0.00972,-0.0117,-0.99979,0.0066,0.00414,0.03486
1790616435.4503691,-0.00867,-0.01024,-0.99852,0.00283,0.00163,0.02589
1790616435.550422,-0.0102,-0.00988,-0.99992,0.00236,0.00292,0.02879
1790616435.6503522,-0.00916,-0.0092,-0.99864,0.00603,0.00127,0.02843
1790616435.750593,-0.00818,-0.00939,-0.99873,0.00518,0.00146,0.03092
1790616435.850635,-0.0089,-0.00835,-1.00024,0.00418,0.00037,0.02714
1790616435.970749,-0.00761,-0.00432,-0.99725,0.00035,0.00229,0.02664
1790616436.0723588,-0.00637,-0.00444,-1.00141,0.00319,0.00342,0.02446
1790616436.172657,-0.00962,-0.00425,-0.99887,0.00714,0.00333,0.02555
1790616436.290455,-0.00639,-0.00264,-0.99958,0.00226,0.00426,0.02474
1790616436.3911848,-0.00879,-0.00644,-0.99751,0.00454,0.00217,0.02477
1790616436.4905632,-0.00808,-0.00438,-0.998,0.00228,0.00665,0.02959
1790616436.5916429,-0.00851,0.00436,-1.0007,0.00718,0.00243,0.02886
1790616436.691638,-0.00171,0.01449,-1.00154,0.00428,-0.00509,-0.00219
1790616436.811417,-0.00379,0.00765,-1.0035,0.00367,-0.00279,0.00372
1790616436.911911,-0.00468,0.00102,-0.99905,0.00095,0.00339,0.01789
1790616437.0114582,-0.00993,-0.00619,-0.99928,0.00404,0.0051,0.02665
1790616437.112035,-0.00867,-0.00613,-1.00004,0.00141,0.00484,0.02662
1790616437.2124732,-0.00604,-0.00549,-0.99833,0.00319,0.00109,-0.00155
1790616437.351551,-0.00592,0.00405,-0.9999,0.00264,0.00448,0.0164
1790616437.451583,-0.00388,0.00267,-0.99729,0.00191,0.00103,0.01546
1790616437.5515468,-0.00329,0.00493,-0.9966,0.00184,0.00047,0.01766
1790616437.65151,0.01543,0.02493,-0.99814,0.00494,0.00725,-0.02811
1790616437.751557,0.00446,0.01404,-1.00174,0.00446,0.00252,-0.01937
1790616437.8515399,0.01328,0.03528,-0.99807,0.01311,0.00312,-0.01479
1790616437.951576,-0.00374,-0.00113,-0.99612,0.00879,0.00962,-0.00229
1790616438.0515509,-0.00959,-0.02609,-0.99596,-0.00141,0.01197,0.01405
1790616438.151634,-0.00789,-0.00369,-1.00016,0.00116,0.00351,0.008
1790616438.2529962,-0.00683,-0.00975,-0.99939,8e-05,0.00239,0.00291
1790616438.371823,-0.00607,-0.00086,-0.99917,0.00251,0.00026,-0.00589
1790616438.47185,-0.00952,-0.02808,-0.99699,0.0074,0.00185,0.02093
1790616438.572282,-0.01296,-0.01535,-0.99873,0.00179,0.00311,0.00836
1790616438.6917682,-0.00861,-0.00353,-0.99955,0.00402,0.00268,-0.00329
1790616438.7914681,-0.00389,-0.02045,-0.99784,0.00136,0.00487,0.0309
1790616438.891618,-0.00888,-0.02082,-0.99901,0.00719,0.00183,0.03912
1790616438.991649,-0.01288,-0.01507,-0.99966,0.00427,0.00548,0.03202
1790616439.091438,-0.01105,-0.01482,-0.99895,0.00425,0.00615,0.01488
1790616439.191447,-0.00336,-0.02181,-0.99774,0.00363,0.00289,0.00883
1790616439.291977,-0.01793,-0.02268,-0.99878,0.00745,0.00317,0.04929
1790616439.394057,-0.01135,-0.02125,-0.99859,0.00515,0.00221,0.03817
1790616439.494751,-0.0131,-0.00856,-1.00058,0.00295,-0.00059,0.02306
1790616439.612175,-0.00347,0.00354,-1.00009,0.00263,0.00472,0.01925
1790616439.7117262,-0.00845,-0.00554,-0.9979,0.00222,0.00048,0.03157
1790616439.831532,-0.01014,-0.01542,-0.9983,0.00414,0.00472,0.02911
1790616439.93228,-0.009,-0.01216,-0.99955,0.00229,0.00395,0.00235
1790616440.032321,-0.00923,-0.01779,-0.99962,0.00694,0.00125,0.03126
1790616440.131741,-0.01114,-0.022,-0.99837,0.0025,0.00217,0.05775
1790616440.251553,-0.03114,-0.03661,-0.99817,0.00765,0.00269,0.04007
1790616440.3516119,-0.01399,-0.01647,-0.99954,0.00604,0.00534,0.04002
1790616440.451584,-0.01109,-0.01936,-0.99787,0.00606,0.00235,0.03895
1790616440.571458,-0.01285,-0.01443,-0.99821,0.00188,0.00656,0.02634
1790616440.6721869,-0.01055,-0.00117,-0.99955,0.00469,-0.00198,-0.0026
1790616440.793979,-0.00724,-0.00908,-0.99699,0.00613,0.00284,0.02805
1790616440.892432,-0.01203,-0.01745,-0.99815,0.00524,0.00249,0.02902
1790616441.0113652,-0.00555,-0.00749,-0.99907,0.0042,0.007,-0.02795
1790616441.1116931,-0.00499,0.01169,-0.99867,0.00056,0.00143,-0.02236
1790616441.211446,0.00142,0.01133,-1.0,0.00329,0.00083,-0.02611
1790616441.311706,0.00374,0.02034,-0.99948,0.00165,0.00069,-0.03299
1790616441.4316502,0.00076,0.00495,-0.99899,0.0069,0.00611,0.02343
1790616441.531578,-0.00735,0.01636,-0.99952,0.00338,0.00527,-0.00166
1790616441.633425,-0.00334,0.00605,-0.99861,0.00361,0.00161,0.01346
1790616441.731463,-0.00616,-0.00403,-1.00096,0.00396,-0.0003,0.023
1790616441.871528,-0.00842,-0.00834,-0.99891,0.00322,-0.00088,0.02613
1790616441.971615,-0.00929,-0.01245,-0.99898,0.00375,0.00498,0.0299
1790616442.094899,-0.00997,-0.0136,-0.99852,0.00426,0.0034,0.02799
1790616442.193415,-0.01147,-0.01494,-0.99915,0.0005,0.00215,0.029
1790616442.294156,-0.00977,-0.01682,-0.99836,0.0025,0.00359,0.02547
1790616442.391367,-0.00989,-0.01163,-1.00065,0.00346,0.00432,0.01211
1790616442.492509,-0.00735,-0.00576,-1.00025,0.00335,0.00258,-0.00326
1790616442.612385,-0.00503,0.00166,-0.99887,0.00112,-0.0011,-0.01673
1790616442.711251,-0.00236,0.01238,-1.00057,0.00379,-8e-05,-0.03134
1790616442.811496,0.00074,0.0184,-1.00236,0.00276,-0.00161,-0.03926
1790616442.911595,0.00298,0.02295,-1.00138,0.00288,0.00383,-0.0359
1790616443.0117881,0.00625,0.02398,-1.00095,0.00084,-0.00084,-0.03221
1790616443.131299,-0.0013,0.01116,-1.00232,0.00359,0.00311,0.00355
1790616443.231325,-0.00966,0.01921,-1.0002,0.00664,-0.00108,-0.00112
1790616443.333814,0.00194,0.01472,-1.00082,0.00583,-0.00056,0.00218
1790616443.4513412,-0.00371,0.00269,-1.00013,-0.00107,0.00306,0.01124
1790616443.5514429,-0.01074,-0.00426,-0.99871,0.00143,-0.00146,0.02305
1790616443.651319,-0.00676,-0.00254,-1.00055,0.00206,0.00205,0.02219
1790616443.75138,-0.00889,0.00579,-1.00118,0.00317,0.00334,-0.02061
1790616443.8543518,-0.00531,-0.01476,-0.99654,0.00376,0.00067,0.02915
1790616443.954298,-0.01454,-0.01739,-0.99917,0.00529,0.00375,0.04398
1790616444.092094,-0.01346,-0.02497,-1.00082,-0.00125,0.00811,0.02224
1790616444.193674,-0.00953,-0.02445,-0.9991,0.00619,0.00045,0.0421
1790616444.291533,-0.00995,-0.01568,-1.00035,0.00473,0.00662,0.03635
1790616444.391855,-0.01136,-0.01707,-1.00031,0.00122,0.00621,0.0416
1790616444.494006,-0.01325,-0.01874,-0.99905,0.00346,0.00707,0.03547
1790616444.594052,-0.00639,-0.00911,-0.99778,0.00376,0.00805,-0.00424
1790616444.696314,-0.00935,-0.01802,-0.99855,0.00505,0.00088,0.02976
1790616444.811591,-0.01184,-0.01788,-0.99838,0.00355,0.0044,0.03809
1790616444.911467,-0.01731,-0.02361,-0.99955,-0.00182,0.0022,0.01619
1790616445.0115461,-0.00993,-0.02857,-0.99951,0.00394,0.01009,0.04034
1790616445.1115,-0.01468,-0.02177,-0.99878,0.00227,0.00215,0.0401
1790616445.211436,-0.01381,-0.02181,-0.99926,0.00343,0.00335,0.03777
1790616445.331239,-0.00039,-0.02233,-0.99739,0.00901,0.01204,0.01427
1790616445.4316218,-0.01546,-0.01373,-0.99716,0.00076,0.00775,0.03333
1790616445.532187,-0.01539,-0.02176,-1.00022,0.00485,0.0062,0.04281
1790616445.632319,0.01388,0.02543,-0.99837,0.00391,0.0089,-0.0211
1790616445.732317,-0.00857,-0.02034,-0.99972,0.00402,0.00067,0.01994
1790616445.8324459,-0.00978,-0.00946,-0.99883,0.00201,0.00666,0.01589
1790616445.932462,0.03892,0.15169,-0.98347,-0.02612,-0.01374,-1.24226
1790616446.0327191,0.03412,0.05512,-1.00944,0.00048,-0.01793,-0.866
1790616446.132513,0.00483,-0.03541,-1.00393,0.01558,-0.00307,-0.95527
1790616446.253056,0.0008,0.01202,-0.99837,0.01287,0.00848,-1.03582
1790616446.372593,0.00555,0.00059,-1.00125,-4e-05,0.00317,-0.95389
1790616446.472471,0.00512,-0.00268,-0.99726,0.01119,0.02812,-1.02653
1790616446.5724108,0.0038,-0.0007,-1.00494,-0.00138,0.02009,-1.03777
1790616446.672698,0.01647,0.00713,-1.01072,0.00232,-0.0046,-1.08572
1790616446.772595,0.01718,0.02337,-0.99347,0.01143,0.0114,-1.08118
1790616446.8724742,-0.00683,-0.0194,-1.01684,-0.04508,0.01038,-0.95605
1790616446.973048,-0.01656,-0.04257,-1.00291,-0.00932,0.01887,-0.85984
1790616447.07266,7e-05,-0.04529,-0.99836,0.0006,0.01522,-0.76725
1790616447.173432,-0.0281,-0.02304,-1.00416,-0.00217,0.02179,-0.67176
1790616447.2923,0.01763,0.00459,-1.0054,0.00913,0.00795,-0.59834
1790616447.392262,-0.02076,0.0164,-1.0099,-0.01172,0.01741,-0.47985
1790616447.492237,0.00381,-0.04076,-0.99913,0.00852,0.00483,-0.45926
1790616447.593206,0.00062,-0.0065,-1.00024,-0.00308,0.00648,-0.30333
1790616447.693598,-0.00391,0.02739,-0.99804,0.00316,0.00731,-0.23497
1790616447.815423,-0.01734,0.01533,-1.00115,-0.00586,0.00636,-0.19621
1790616447.914282,0.02094,-0.00653,-0.99952,0.00571,0.0036,-0.22046
1790616448.01381,0.02407,0.00467,-1.00163,-0.00076,0.00275,-0.17604
1790616448.114897,-0.00673,0.03959,-0.99844,0.00631,0.00218,-0.19565
1790616448.213658,-0.01005,-0.01791,-0.99659,0.00776,0.00509,0.00601
1790616448.315264,-0.00504,0.00152,-0.99811,0.00094,0.00263,0.01278
1790616448.4136472,-0.00353,0.00302,-0.99669,0.00424,0.00035,0.01254
1790616448.516484,0.00393,0.02228,-0.9973,0.00068,0.00453,0.00149
1790616448.632229,-0.00151,-0.00031,-0.99943,0.00358,0.00368,0.01462
1790616448.732765,-0.00297,-0.00147,-0.99945,0.00416,0.00242,0.01966
1790616448.8323562,0.00142,0.0012,-1.00008,0.0036,-7e-05,-0.00338
1790616448.932433,-0.00678,0.03077,-1.00109,-0.00081,-0.00083,-0.05168
1790616449.032373,0.007,0.02973,-1.00047,0.00319,0.00311,-0.02352
1790616449.1325068,0.01007,0.02439,-1.00011,0.00234,-0.00023,-0.02457
1790616449.232393,0.00538,0.02656,-0.99946,0.00128,-0.00046,-0.02415
1790616449.332567,0.00891,0.02727,-1.00031,0.00111,0.00219,-0.02448
1790616449.4520772,0.18157,0.0083,-0.99877,-0.00429,0.03714,-0.05579
1790616449.552354,0.23024,0.02707,-0.99022,-0.00026,0.01248,-0.04101
1790616449.651969,0.03039,0.00168,-1.00554,0.00515,-0.01425,-0.02938
1790616449.752631,-0.1162,0.02599,-0.99424,0.02026,-0.00414,-0.03898
1790616449.853318,-0.09554,-0.01169,-1.00016,0.0013,0.03605,0.00584
1790616449.972522,0.054,0.02164,-1.00752,0.00224,0.01009,-0.01741
1790616450.072891,0.08376,0.01168,-1.00417,0.01687,-0.0024,-0.00017
1790616450.172488,-0.00087,0.01078,-1.01473,0.03145,0.01775,0.00295
1790616450.272618,-0.05532,0.01491,-0.98202,0.02108,-0.02092,0.00114
1790616450.3735821,-0.02971,0.01264,-0.98543,-0.00968,0.02518,0.01259
1790616450.472366,0.03254,0.01044,-0.98349,0.02056,0.02786,0.0127
1790616450.5923321,0.04003,0.02554,-0.99851,0.01663,0.0052,-0.00631
1790616450.692371,-0.01264,0.01322,-1.01721,-0.00229,-0.06693,0.00992
1790616450.8128908,-0.03574,-0.03387,-1.02064,0.05482,-0.00722,-0.0224
1790616450.916325,-0.00793,0.02873,-0.98641,0.00103,-0.01964,-0.05432
1790616451.013792,-0.02162,0.06837,-1.00595,0.00643,0.02135,-0.03329
1790616451.113173,-0.0789,-0.01433,-0.99334,0.03022,-0.00888,0.02933
1790616451.214226,-0.10354,0.00841,-1.00189,-0.00145,0.00822,-0.01161
1790616451.332234,0.02367,0.0155,-0.99724,0.00085,0.01979,-0.00096
1790616451.432273,0.00321,0.0291,-0.99369,0.00348,0.00659,-0.00257
1790616451.532243,-0.03095,0.01648,-1.00343,-0.00359,-0.0038,0.00231
1790616451.632607,-0.0593,0.00615,-1.00516,-0.00454,0.00237,0.00154
1790616451.7329931,0.00148,0.01636,-1.00143,0.00461,0.00653,-0.0042
1790616451.832675,0.02969,0.01641,-1.00111,0.00957,0.0125,-0.00763
1790616451.952389,-0.00627,0.0225,-0.99942,0.0212,-0.00205,-0.0277
1790616452.05223,-0.02745,0.01516,-0.99224,0.00593,0.00518,0.00564
1790616452.1526442,-0.01699,0.01276,-0.99834,0.00167,0.00774,-0.00253
1790616452.2526772,-0.06853,0.03583,-0.99719,0.0035,-0.01029,-0.03974
1790616452.35248,-0.03393,0.02214,-0.9995,0.00628,0.00411,0.00634
1790616452.452492,-0.01776,0.00989,-1.00068,-0.00097,0.00514,0.00179
1790616452.55235,-0.00985,0.01311,-1.00155,0.0003,0.003,0.00544
1790616452.652286,0.00595,0.01486,-1.00045,0.0048,0.00098,0.00277
1790616452.7525172,0.00504,0.01379,-0.99828,0.0024,0.00441,0.0047
1790616452.873684,-0.00602,0.01312,-1.00009,0.00582,0.00443,0.00636
1790616452.97468,-0.01047,0.01336,-1.00084,0.00404,0.00474,0.00266
1790616453.092136,-0.00767,0.01123,-0.99877,0.00331,0.00387,0.00245
1790616453.1921668,-0.01477,0.01431,-1.00026,-0.00082,-0.00071,-0.003
1790616453.2923589,-0.00756,0.00876,-1.00148,9e-05,0.00068,0.01449
1790616453.39232,-0.00675,0.0066,-1.00058,0.0054,0.00347,0.01868
1790616453.492862,-0.00306,0.02405,-0.99993,0.00262,0.00029,-0.00789
1790616453.612455,-0.0044,0.01661,-0.99787,0.00349,0.00267,0.00178
1790616453.712409,-0.00633,0.01226,-1.00234,0.00428,0.00383,0.00497
1790616453.832159,-0.00666,0.01414,-1.00164,0.00282,0.00426,0.00399
1790616453.932483,-0.00717,0.01089,-1.00152,0.00432,0.00191,0.00545
1790616454.052785,-0.00769,0.00826,-0.99932,-0.00054,0.00182,0.01327
1790616454.152145,-0.00813,0.01181,-0.99921,0.00412,0.00232,0.01119
1790616454.252202,-0.01375,0.0228,-1.00123,0.00057,0.0053,-0.00513
1790616454.352134,-0.00139,0.019,-0.99956,0.00361,0.00053,-0.0051
1790616454.452532,-0.00567,0.01598,-1.00003,0.00319,0.00384,-0.00564
1790616454.552413,-0.00735,0.00912,-1.00133,0.00339,0.00326,0.00579
1790616454.652568,-0.01081,0.00505,-1.00046,0.00363,0.00606,0.01433
1790616454.7754502,-0.0093,0.00921,-0.99965,0.0002,0.00708,0.00751
1790616454.872362,-0.00218,0.02516,-0.99834,0.00316,0.00131,-0.00831
1790616454.9722319,-0.00012,0.028,-0.99931,0.00437,0.00375,-0.0134
1790616455.073777,-0.00121,0.03231,-0.99901,0.00176,0.00136,-0.0253
1790616455.172124,-0.00311,0.01911,-1.0011,0.00408,0.00068,-0.01686
1790616455.312154,-0.00499,0.01619,-1.00071,0.00529,0.00327,-0.01021
1790616455.412479,-0.00815,0.01673,-0.99852,0.00264,0.00244,-0.00813
1790616455.512639,-0.00506,0.02152,-1.00087,0.00345,0.00411,-0.00774
1790616455.6122491,0.00011,0.02917,-1.00064,0.00196,0.00297,-0.01872
1790616455.70911,-0.00163,0.02821,-0.99842,0.00286,0.0011,-0.02349
1790616455.83234,-0.005,0.01972,-0.99901,0.00728,0.00229,0.00076
1790616455.9321458,-0.02608,-0.00368,-1.00208,0.00552,-0.00388,0.02156
1790616456.0323288,-0.01124,0.00334,-0.99977,0.00388,0.00138,0.01725
1790616456.1324139,-0.00858,0.00245,-1.00022,0.00415,0.00088,0.02051
1790616456.2323258,-0.00907,0.0115,-0.99851,0.0033,0.00382,0.01308
1790616456.332391,-0.00818,0.00873,-0.99863,0.00198,0.00256,0.01822
1790616456.433075,0.00957,0.02357,-1.00055,0.00525,0.00286,0.00147
1790616456.536063,-0.00575,0.02476,-0.99894,0.00772,0.00448,-0.00871
1790616456.652289,-0.00365,0.02815,-1.00053,0.00319,0.0011,-0.01636
1790616456.752274,-0.00047,0.02746,-0.99997,0.00167,0.0013,-0.01671
1790616456.852366,-0.00142,0.02639,-1.00067,0.00438,0.00217,-0.01331
1790616456.9523451,-0.00255,0.02828,-0.99846,0.00556,0.00253,-0.02487
1790616457.0523992,-0.00333,0.0268,-0.99781,0.00237,0.00549,-0.02157
1790616457.172469,-0.00128,0.02748,-0.99863,0.00301,0.00233,-0.02524
1790616457.276143,-0.00034,0.02822,-1.0013,0.00345,0.00048,-0.02625
1790616457.3738098,-0.0015,0.02322,-0.99964,0.00465,0.00052,-0.02458
1790616457.472641,-0.00395,0.02221,-0.99932,-0.0008,0.0029,-0.0244
1790616457.592355,-0.00728,0.01124,-0.99928,0.00219,0.00116,-0.01242
1790616457.692758,-0.00846,0.01806,-1.00132,0.00627,-0.00051,-0.01308
1790616457.7927191,-0.00705,0.01333,-0.99932,0.0025,0.00068,-0.01146
1790616457.8925571,-0.00815,0.00986,-0.99856,0.00568,0.00355,-0.00778
1790616458.0123708,-0.0076,-0.0007,-0.99627,0.00313,0.00414,-0.00959
1790616458.112231,-0.01716,-0.02184,-1.00024,0.00351,0.00291,0.03525
1790616458.212416,-0.01204,0.00485,-0.9988,0.00358,0.00727,0.02479
1790616458.312555,-0.00535,0.01407,-0.99777,0.00292,7e-05,0.0105
1790616458.4327822,-0.00762,0.01605,-0.99888,0.00412,0.00393,0.01159
1790616458.532254,-0.00221,0.01383,-0.99917,0.00316,0.0001,-0.03023
1790616458.634752,-0.00641,0.0147,-1.00026,0.00123,-0.00057,-0.02141
1790616458.735648,-0.00869,0.02305,-1.00012,0.00129,6e-05,-0.02138
1790616458.852266,-0.00921,0.01235,-0.99833,0.00533,0.00101,-0.01306
1790616458.952249,-0.00687,0.01688,-0.99875,0.00621,0.0004,-0.0147
1790616459.052143,0.00416,0.04105,-1.00061,0.00502,-0.00369,-0.07425
1790616459.152173,-0.01122,-0.00109,-0.99851,0.00275,0.00454,0.01417
1790616459.2520902,-0.01657,-0.0081,-0.99855,0.00335,-0.00087,0.02862
1790616459.352077,-0.01647,-0.00856,-1.00035,0.00817,0.00338,0.03453
1790616459.452061,0.11228,0.2862,-0.99223,-0.01699,-0.00744,-1.24659
1790616459.552107,-0.00779,0.00179,-1.01011,-0.00111,8e-05,-0.77591
1790616459.652288,-0.00422,0.01922,-0.99544,-0.02044,0.026,-1.02311
1790616459.7741618,0.02853,0.0263,-0.97437,0.0016,0.013,-1.01321
1790616459.873434,-0.00365,-0.00901,-1.01396,-0.01059,0.00899,-0.99295
1790616459.974933,0.00582,0.01837,-1.00624,0.01438,0.004,-1.06376
1790616460.093088,0.015,0.03154,-0.99338,-0.0062,0.02144,-1.07922
1790616460.193077,-0.00748,0.0132,-1.00022,-0.00868,0.01628,-0.9936
1790616460.293385,0.00368,0.00502,-0.98755,0.00038,0.02321,-0.96322
1790616460.393507,-0.01054,-0.02206,-0.99214,0.01679,0.00182,-0.98785
1790616460.5141041,-0.01876,-0.02617,-1.00491,0.02797,0.02227,-0.84069
1790616460.61361,-0.00336,-0.00531,-0.982,-0.00143,0.02236,-0.87043
1790616460.713214,0.01384,0.03646,-0.99864,0.00191,0.00811,-0.73551
1790616460.833044,-0.01745,-0.02767,-0.99879,0.00392,0.0011,-0.4925
1790616460.9360871,-0.02027,0.02787,-0.99628,-0.00414,0.0103,-0.4451
1790616461.0530748,-0.01543,0.01201,-1.00042,0.00652,0.01031,-0.32314
1790616461.153379,-0.00208,-0.00175,-1.00015,0.00208,0.00571,-0.24307
1790616461.253299,-0.01766,-0.02317,-1.00183,0.00107,-0.00055,-0.19584
1790616461.3534698,-0.01093,0.02536,-0.99965,0.00139,0.00151,-0.23405
1790616461.473239,-0.01282,0.01147,-0.99861,0.00408,0.00035,-0.20016
1790616461.5731509,-0.00873,0.02773,-1.00233,-0.00116,0.00374,-0.17484
1790616461.673223,-0.03939,-0.07153,-0.99919,0.00917,0.01123,-0.02265
1790616461.773025,-0.00797,-0.00661,-0.99925,0.00209,0.00589,0.02712
1790616461.8956978,-0.01151,-0.00422,-0.99942,0.00401,0.00174,0.03243
1790616462.001379,-0.01725,-0.00466,-0.9991,0.00367,0.00187,0.03224
1790616462.0969012,-0.01639,0.0054,-0.99974,0.0041,-0.00063,0.01571
1790616462.196661,-0.01091,-0.0023,-0.99945,0.00345,0.00162,0.02939
1790616462.313461,-0.0129,-0.00451,-0.99778,0.00493,0.00381,0.03291
1790616462.413501,-0.01716,-0.00524,-0.99871,0.00347,0.00559,0.02852
1790616462.513206,-0.00228,0.00307,-1.00008,0.00666,0.00173,-0.00888
1790616462.6348631,-0.01297,-0.00064,-0.99916,0.00452,0.0019,0.02911
1790616462.734476,-0.01158,-0.00186,-0.99726,0.00392,0.00282,0.02978
1790616462.835961,-0.01402,-0.00365,-0.99837,0.00229,0.00065,0.03332
1790616462.936518,-0.01597,-0.00665,-1.00055,0.00621,0.00078,0.02828
1790616463.053269,0.18754,-0.00635,-1.0058,0.00132,0.01837,0.01318
1790616463.1531572,0.18623,0.02903,-1.06447,-0.04639,-0.06762,-0.01169
1790616463.253471,0.02508,0.01969,-0.96742,0.03287,-0.02111,-0.03413
1790616463.3731809,-0.14918,-0.00596,-1.03142,0.00693,-0.03629,0.0171
1790616463.473262,-0.08765,0.01112,-1.00703,0.03833,0.01563,-0.04224
1790616463.5734851,0.05036,0.02337,-0.99693,0.02612,-0.0011,-0.01784
1790616463.6937962,0.04052,0.00598,-0.98063,0.07011,0.02795,0.00659
1790616463.8129761,-0.01215,0.00802,-0.97992,-0.00349,-0.00266,-0.02103
1790616463.9131892,-0.06808,0.00108,-1.02216,0.00412,-0.00756,0.01001
1790616464.013045,-0.02756,-0.01968,-1.01427,-0.00713,0.03646,0.03986
1790616464.1134799,0.00972,-0.00751,-1.02456,-0.00744,-0.00715,0.01753
1790616464.2351391,-0.04052,-0.00332,-1.02096,-0.02075,-0.01831,0.02869
1790616464.3531919,-0.03539,0.02747,-1.00572,-0.00531,0.03009,0.00017
1790616464.453132,-0.00449,0.01299,-0.99029,0.00607,-0.00019,0.00018
1790616464.5532439,-0.02991,0.00465,-0.99067,0.01127,-0.03363,0.01767
1790616464.673027,-0.07479,-0.00074,-0.98156,-0.0042,-0.00696,0.01071
1790616464.773222,-0.09995,0.0143,-0.99155,0.00219,-0.00418,-0.00662
1790616464.873249,-0.05652,-0.00606,-0.99314,0.02651,0.01451,-0.04866
1790616464.973191,0.0119,0.01236,-1.00038,0.00367,0.00573,-0.01803
1790616465.07338,0.00522,0.02498,-1.00799,-0.00209,-0.00797,0.00463
1790616465.19363,-0.03492,0.00102,-0.99636,0.00494,-0.00274,-0.00496
1790616465.293172,-0.0368,-0.01203,-0.99553,-0.0101,0.01209,0.05717
1790616465.393394,-0.00824,0.01543,-1.00232,0.01345,0.00699,-0.01322
1790616465.5130072,0.03435,0.01699,-0.9979,-0.00329,-0.0003,-0.0274
1790616465.613816,-0.01638,-0.01328,-0.99976,-0.0154,0.00669,0.0443
1790616465.712971,-0.04467,0.01295,-0.99831,0.01968,-0.00601,-0.04943
1790616465.8131049,-0.08286,0.02694,-0.99756,-0.00046,0.00236,0.056
1790616465.9136572,-0.03091,-0.00127,-0.99925,0.00462,0.00548,0.02252
1790616466.013236,-0.01862,0.00983,-0.99737,0.00504,0.00464,0.00247
1790616466.11318,-0.00965,0.01116,-0.99805,0.00715,0.00506,-0.00099
1790616466.2133539,-0.00995,0.00962,-0.99864,0.00328,0.00082,0.00197
1790616466.3133068,-0.01155,0.01267,-0.99902,0.00335,0.00233,-0.00039
1790616466.413502,-0.00936,0.00437,-0.99693,0.00453,0.00704,0.02287
1790616466.533077,-0.01034,0.00962,-0.99736,0.00123,0.00313,0.0092
1790616466.633079,-0.01213,0.00198,-0.99776,0.00522,0.0005,0.01657
1790616466.7330408,-0.012,0.00166,-0.99816,0.00798,0.00305,0.02239
1790616466.8544939,-0.01547,-0.00017,-0.99899,0.0055,0.00149,0.02172
1790616466.953173,-0.01435,-0.00475,-0.99887,0.0065,0.00481,0.02618
1790616467.053616,-0.01363,-0.00202,-0.99944,0.00471,0.00428,0.02018
1790616467.1543949,-0.01542,-0.00678,-0.99988,0.00384,0.00578,0.0266
1790616467.273153,-0.01633,-0.00281,-0.99844,0.00584,0.00401,0.02046
1790616467.373201,-0.02194,0.00445,-0.99916,0.0022,0.00582,0.01585
1790616467.4731221,-0.01344,0.00011,-0.99862,0.00301,0.00098,0.00773
1790616467.573219,-0.01177,0.00441,-0.99943,0.00572,0.00218,-0.00258
1790616467.673738,-0.00877,0.01033,-0.99764,0.002,0.00228,-0.01087
1790616467.793486,-0.00769,0.01891,-0.99946,0.00215,-0.00072,-0.01901
1790616467.895651,-0.00788,0.02711,-0.99962,0.00586,0.00131,-0.01137
1790616467.994352,-0.00979,0.01924,-1.00115,0.00363,0.00054,-0.00256
1790616468.093369,-0.00838,0.01375,-0.99746,0.00203,0.00531,0.01435
1790616468.194349,-0.01242,0.00407,-0.99993,0.00558,-0.00014,0.02734
1790616468.313024,-0.01718,-0.00962,-0.99736,0.00665,0.00273,0.03989
1790616468.413117,-0.01853,-0.01167,-0.99693,0.00716,0.00568,0.03113
1790616468.513078,-0.01464,-0.00282,-0.99928,0.00504,0.0045,0.00843
1790616468.613716,-0.01146,0.00903,-1.00025,0.00342,-0.00036,-0.01259
1790616468.713099,-0.00412,0.02451,-1.00235,-0.00067,-0.00207,-0.03358
1790616468.8331652,-0.00569,0.02065,-1.00107,0.00342,0.00502,-0.02299
1790616468.933425,-0.00065,0.05667,-1.00224,0.00389,0.00399,-0.02413
1790616469.056153,-0.00674,-0.01561,-0.99908,0.0077,0.01133,0.02249
1790616469.15297,-0.02452,-0.01082,-0.99824,0.00629,0.00141,0.04776
1790616469.255025,-0.01844,-0.01434,-0.99924,0.00452,0.00226,0.0308
1790616469.385046,-0.01391,0.00354,-0.99958,0.00293,0.00206,-0.00213
1790616469.4530718,0.00211,0.03338,-1.00482,0.0053,-0.00319,-0.05145
1790616469.5537238,-0.02339,0.02626,-1.00531,-0.00232,-0.01097,-0.04494
1790616469.653931,-0.0047,0.00556,-1.00098,-0.0011,0.01424,-0.02851
1790616469.773304,-0.00236,0.03109,-1.00095,0.0039,-0.00119,-0.03388
1790616469.873139,-0.00326,0.03184,-0.99915,0.00489,-0.0009,-0.01901
1790616469.973171,-0.00344,0.05891,-1.00381,-0.01286,-0.00806,-0.04308
1790616470.073754,-0.01832,-0.03446,-0.99813,0.0047,0.00087,-0.00206
1790616470.1929972,-0.00954,0.01954,-1.00019,0.00402,0.00152,-0.02592
1790616470.2933419,-0.00326,0.02899,-1.00192,-0.00013,-0.00036,-0.037
1790616470.3930519,-0.00138,0.033,-1.00129,0.00081,0.00311,-0.03498
1790616470.49334,-0.00534,0.02826,-1.00117,0.00662,0.00084,-0.00892
1790616470.595726,-0.01203,0.01685,-0.99921,0.0039,-0.00133,0.01096
1790616470.694582,-0.01153,0.06261,-1.00285,-0.02031,0.00075,-0.08995
1790616470.8143969,-0.00343,0.02848,-0.9995,0.00317,-0.00129,-0.01977
1790616470.9142668,-0.00658,0.01933,-0.99927,0.00754,-0.0004,0.00783
1790616471.033165,-0.01665,-0.00836,-0.99833,0.00649,0.00264,0.04035
1790616471.1330922,-0.02036,-0.0131,-0.9978,0.00495,0.0042,0.00648
1790616471.2331169,-0.01606,-0.00318,-0.99849,0.00373,0.00423,0.00768
1790616471.3332102,-0.01264,0.00752,-1.00052,0.00212,0.00163,-0.01499
1790616471.4335659,-0.00643,0.01718,-0.99935,0.00149,0.00323,-0.02631
1790616471.53347,-0.00442,0.04557,-1.00212,-0.0033,-0.00151,-0.06607
1790616471.652905,-0.01338,0.01708,-1.00003,0.00037,0.00147,-0.03534
1790616471.7557151,-0.00736,0.02669,-1.00115,0.00609,-0.00106,-0.03068
1790616471.853052,-0.00566,0.01585,-1.00017,0.00164,0.00329,-0.02613
1790616471.9530969,-0.00404,0.02215,-0.99889,0.00166,0.00222,-0.03915
1790616472.055431,-0.00223,0.02758,-1.00082,0.00182,0.00086,-0.03539
1790616472.154521,-0.00175,0.04736,-1.00367,0.00222,-0.00302,-0.09473
1790616472.255362,-0.01092,0.01991,-1.00033,0.00197,-0.00189,-0.04052
1790616472.3541481,0.00046,0.03125,-1.00335,-0.00121,0.00217,-0.03869
1790616472.454759,-0.00273,0.03217,-1.00065,0.00126,0.00448,-0.03008
1790616472.554066,-0.00643,0.02497,-1.00213,0.00673,0.00419,-0.0055
1790616472.655159,-0.01159,0.01424,-0.99913,0.00568,0.00208,0.02032
1790616472.774095,-0.00378,0.00533,-1.00026,0.00129,0.00755,-0.00168
1790616472.8743732,-0.00169,0.02292,-1.00241,0.00176,0.00331,-0.02447
1790616472.974279,-0.00131,0.02925,-1.00097,0.00435,0.00021,-0.03053
1790616473.074608,-0.00437,0.02819,-1.00277,0.00239,0.00231,-0.03418
1790616473.173941,-0.00751,0.02588,-1.0008,0.00133,0.00379,-0.02685
1790616473.294153,-0.00601,0.02383,-1.00015,0.00161,-0.00496,-0.02918
1790616473.394088,-0.0056,0.03331,-1.00278,0.0014,-0.00367,-0.02705
1790616473.494242,-0.00585,0.02887,-1.00102,0.00541,-0.00183,-0.03055
1790616473.5941272,-0.00464,0.02597,-1.00044,-1e-05,2e-05,-0.03038
1790616473.694164,-0.00404,0.01971,-1.00138,0.00144,0.0031,-0.02933
1790616473.817821,-0.01316,0.004,-1.00082,0.00274,0.00277,-0.01664
1790616473.914312,-0.00962,-0.00017,-0.99943,0.00036,0.00084,-0.02074
1790616474.0138502,-0.01778,-0.00729,-0.99799,0.00353,0.00466,0.00998
1790616474.113865,-0.0139,0.00727,-0.99993,0.00393,0.00379,0.00974
1790616474.2155142,-0.01067,0.01367,-1.00049,0.00318,0.00599,-0.004
1790616474.314133,-0.00541,0.01298,-0.99783,-8e-05,0.00578,-0.00036
1790616474.4154592,-0.00591,0.01762,-1.00121,0.00169,0.00391,0.00279
1790616474.514545,-0.01049,0.01436,-1.00235,0.00352,0.00295,5e-05
1790616474.6154702,-0.00773,0.01302,-0.99932,0.00611,0.00165,0.00172
1790616474.714487,-0.01158,0.00329,-0.99943,0.00388,0.00093,0.01881
1790616474.8153741,-0.01554,0.00243,-1.00027,0.00733,0.0015,0.01975
1790616474.9339252,-0.01531,-0.00114,-0.99845,0.00257,0.00329,0.02261
1790616475.034164,-0.00636,0.00536,-0.9958,-0.00104,0.00269,-0.00495
1790616475.133981,-0.01808,0.03164,-1.00084,0.00393,0.00217,-0.02448
1790616475.233881,0.00237,0.02872,-0.9999,0.00772,0.00872,-0.01557
1790616475.334441,-0.00046,0.01808,-0.99992,0.00578,0.00794,-0.00887
1790616475.435457,-0.00627,0.00766,-1.00026,0.00685,0.01164,-0.00533
1790616475.555511,-0.00762,0.02384,-1.00227,0.00622,0.00448,0.00563
1790616475.6539059,-0.01248,-5e-05,-1.00031,0.00777,0.0012,0.02372
1790616475.754855,-0.01603,-0.00427,-0.99907,0.00551,0.0026,0.02495
1790616475.8542778,-0.00211,-0.00618,-0.99913,0.00397,-0.00024,0.00924
1790616475.9771252,-0.02023,0.00919,-1.00023,0.00209,0.00574,0.00444
1790616476.0746791,-0.00522,0.0152,-0.99848,5e-05,0.004,-0.01238
1790616476.17571,0.00759,0.04169,-1.00037,0.00464,-0.00865,-0.06559
1790616476.293921,-0.00395,0.02573,-0.99973,0.00082,0.00197,-0.03318
1790616476.394488,-0.00445,0.01652,-1.00075,0.0031,0.002,-0.01618
1790616476.494412,-0.00686,0.01977,-0.99933,-0.00052,0.00385,-0.03666
1790616476.59446,-0.00224,0.02244,-0.99959,0.00055,0.00014,-0.01327
1790616476.6942751,-0.00152,0.02492,-0.9997,0.00277,0.00385,-0.03184
1790616476.794019,-0.009,0.02545,-1.00001,0.00228,0.00166,-0.01873
1790616476.916414,-0.00717,0.01444,-1.0004,0.0004,0.0018,-0.00408
1790616477.014475,0.0056,0.04817,-1.00089,0.00506,0.00028,-0.06304
1790616477.1142652,-0.00581,0.02369,-0.99767,0.00307,-0.00038,-0.0356
1790616477.214253,-0.00402,0.01847,-0.9995,0.00416,0.00162,-0.01592
1790616477.315499,-0.01124,0.01424,-0.99913,0.00143,0.00452,-0.0143
1790616477.434154,0.00034,0.04312,-1.00075,0.00178,-0.00185,-0.04176
1790616477.5340219,-0.01521,-0.00514,-0.99784,0.00185,0.01214,0.03557
1790616477.6346712,-0.01281,0.00173,-0.99896,0.00586,0.00221,0.01713
1790616477.736247,-0.00557,0.0008,-0.9972,0.0082,-0.00453,-0.00357
1790616477.853887,-0.00888,0.01619,-0.99909,0.00233,0.00304,-0.03476
1790616477.953825,-0.00673,0.02408,-0.99916,0.00308,0.00055,-0.01952
1790616478.054751,-0.00772,0.01652,-0.99847,0.00103,0.00648,-0.00595
1790616478.1539268,-0.01134,0.00524,-0.99778,0.00453,0.00222,0.02247
1790616478.2539158,-0.02207,0.00231,-0.99962,0.00245,-0.00375,0.00405
1790616478.354023,-0.01169,0.0028,-1.00015,0.00159,0.00321,0.00169
1790616478.454023,-0.01508,-0.00099,-0.99997,0.00228,0.00405,0.03135
1790616478.5540621,-0.01193,0.02397,-0.99853,0.00675,-0.00049,-0.04593
1790616478.654057,-0.00902,0.0154,-0.99795,0.00365,0.00609,0.0115
1790616478.754011,-0.01056,0.00338,-0.99879,0.00526,0.00225,0.02319
1790616478.874465,-0.01688,-0.00446,-0.9988,0.00339,0.00164,0.02485
1790616478.9768388,-0.01524,-0.00238,-0.9998,0.00269,0.00569,0.01561
1790616479.074593,0.00564,0.02726,-0.9999,0.00058,-9e-05,-0.02332
1790616479.193986,-0.01448,0.01274,-0.99774,0.00625,0.00523,-0.02416
1790616479.293869,-0.0149,-0.00787,-0.99822,-0.00043,0.00779,0.01894
1790616479.3939252,-0.01231,0.0138,-1.00155,0.00657,0.00125,-0.00861
1790616479.4940128,-0.00779,0.02394,-1.00085,0.00512,0.00243,-0.02373
1790616479.593919,-0.00538,0.02606,-1.00018,0.00489,0.00106,-0.02211
1790616479.693977,-0.00845,0.01236,-1.00001,0.00723,0.00572,0.0093
1790616479.794058,-0.01331,-9e-05,-0.99878,0.00014,0.00413,0.02796
1790616479.896232,-0.006,0.00492,-1.00011,0.00308,-0.00137,-0.03081
1790616480.0140889,-0.02042,0.001,-0.999,0.00134,-0.00136,0.02098
1790616480.1140769,-0.01687,-0.00563,-1.00015,0.00771,0.00046,0.03527
1790616480.214568,-0.01285,-0.01011,-0.9975,0.00494,0.00255,0.03629
1790616480.335775,-0.01601,-0.00075,-1.00112,0.00384,0.0015,0.00402
1790616480.437299,-0.01177,0.01258,-0.99865,0.00285,0.00429,-0.01697
1790616480.535927,-0.00731,0.02358,-1.00157,0.00302,0.00369,-0.02916
1790616480.6346428,-0.00106,0.03148,-0.99986,0.00465,0.00337,-0.0332
1790616480.7343428,-0.00611,0.0266,-0.99893,0.00782,0.00793,-0.01088
1790616480.854101,-0.00354,0.01513,-0.99788,0.00876,-0.00067,-0.00845
1790616480.954038,-0.00784,0.01354,-0.99944,0.00509,0.0027,-0.02801
1790616481.054365,-0.00598,0.02762,-0.99916,0.00796,0.00177,-0.03919
1790616481.1751208,-0.00383,0.03066,-0.99996,0.00246,0.00368,-0.02906
1790616481.27405,-0.00696,0.02244,-1.00118,0.00398,0.0036,-0.00581
1790616481.374231,-0.00956,0.01219,-0.99795,0.00381,-0.0002,0.01722
1790616481.495444,-0.01504,-0.00304,-1.00148,0.00299,0.00347,0.03471
1790616481.594219,-0.02756,-0.02667,-1.00334,0.00647,-0.00259,0.06501
1790616481.694719,0.00543,0.02502,-0.9999,0.00213,0.00517,0.02068
1790616481.794249,-0.00916,0.0006,-1.00187,-0.00418,0.00115,-0.01518
1790616481.914047,-0.00263,0.02268,-0.99782,0.01224,0.00343,-0.01908
1790616482.0139031,-0.03749,-0.01746,-1.00181,0.00305,0.00058,0.01354
1790616482.1145852,-0.00307,0.03531,-1.00124,0.00458,0.0085,-0.04436
1790616482.233925,-0.00352,0.02581,-0.99946,0.006,0.00622,-0.0141
1790616482.334372,-0.00888,0.01701,-0.99886,0.00696,0.00308,-0.00936
1790616482.437581,-0.00743,0.00809,-1.00073,0.00563,-0.00106,0.01784
1790616482.5539992,-0.01723,-0.01023,-1.00048,0.00591,0.00397,0.06574
1790616482.65403,-0.02058,-0.0127,-0.99981,0.00224,-0.00064,0.02751
1790616482.7540648,-0.0189,-0.01319,-0.99846,0.00325,0.00438,0.04128
1790616482.8938618,-0.01609,-0.00903,-0.99882,0.00108,0.00726,0.03257
1790616482.994959,-0.01704,0.00343,-1.00169,0.00432,0.00619,0.00968
1790616483.09673,-0.01471,0.01469,-1.00051,0.00447,-0.00183,-0.01403
1790616483.214114,-0.00618,0.02759,-0.99969,0.00789,0.0047,-0.03391
1790616483.314178,-0.00135,0.03003,-1.00147,0.0035,0.0035,-0.03449
1790616483.414054,-0.0041,0.02609,-0.99933,0.00394,0.00754,-0.01606
1790616483.514008,-0.00827,0.00746,-0.99783,0.00226,0.00031,0.01551
1790616483.634488,-0.01797,0.04126,-0.99963,0.00093,0.00931,-0.03848
1790616483.7337248,-0.00644,0.04611,-1.00203,0.00577,0.00159,-0.03831
1790616483.836148,-0.00193,0.02765,-0.9995,0.00734,0.00908,-0.01998
1790616483.936107,-0.0028,0.02985,-1.0004,0.00666,0.00934,-0.03439
1790616484.053901,-0.02371,-0.02563,-0.99846,0.00541,-0.00204,0.05068
1790616484.1539829,-0.02161,-0.01423,-0.99992,0.00076,0.00099,0.03481
1790616484.2541802,-0.02096,-0.01189,-0.99955,0.00238,0.00449,0.02505
1790616484.354149,-0.03611,-0.01331,-1.00004,0.00559,-0.00866,0.01347
1790616484.473984,-0.01457,-0.01693,-0.99968,-0.00078,-0.00344,0.02877
1790616484.5739882,-0.01555,-0.01301,-0.99638,0.00529,0.00545,0.04608
1790616484.69418,-0.02253,-0.01282,-0.99767,0.00651,0.00116,0.02971
1790616484.795821,-0.00296,0.04551,-0.99875,0.00016,0.00319,-0.02403
1790616484.895662,-0.01105,0.03073,-1.00186,-0.00061,0.00543,-0.04763
1790616485.013945,-0.01801,0.02482,-0.99914,0.00926,0.00096,0.00924
1790616485.113982,-0.01772,-0.01423,-0.99875,0.00293,0.00088,0.03597
1790616485.21394,-0.02079,0.00329,-1.00079,0.00105,0.00322,0.01936
1790616485.31423,-0.01494,-0.00621,-0.99839,-0.00119,0.00203,0.00655
1790616485.43551,-0.01374,0.00391,-1.00041,0.00404,0.00127,-0.00265
1790616485.533847,-0.015,0.00108,-0.99836,0.00366,0.00099,0.00271
1790616485.633835,-0.00491,0.00563,-0.99959,0.00348,0.00942,-0.02735
1790616485.753949,-0.0234,-0.01172,-0.99861,0.00608,-0.00118,0.03268
1790616485.8538601,-0.01966,-0.01025,-0.99798,0.00497,0.00793,0.03127
1790616485.95398,0.00204,0.01216,-0.99528,0.01199,0.01356,0.01723
1790616486.054108,-0.01448,-0.01959,-0.99932,0.00523,0.00641,0.04414
1790616486.154092,-0.02211,-0.01101,-0.99878,0.00485,0.00123,0.03443
1790616486.2744372,-0.01494,-0.04129,-0.99871,-0.00593,0.01698,0.98523
1790616486.374068,-0.01441,-0.03467,-1.00196,-0.00248,0.00116,0.81897
1790616486.4938738,-0.00365,0.01204,-1.01161,0.00698,0.00158,0.97374
1790616486.593763,0.01835,0.04334,-0.99176,0.02006,-0.00518,0.95499
1790616486.6941912,0.00064,-0.00528,-1.00754,0.00948,-0.01281,1.01077
1790616486.813963,-0.00455,0.00516,-0.99486,0.00416,0.00963,0.98749
1790616486.913825,-0.01281,-0.02904,-1.0097,-0.01231,-0.00542,1.08451
1790616487.0137632,0.01842,0.05472,-1.00493,0.00055,-0.0015,0.99336
1790616487.1139672,-0.01975,0.00157,-0.98739,0.00896,0.00669,1.09723
1790616487.213822,0.00603,-0.00323,-0.9861,0.01901,-0.00533,1.04834
1790616487.313853,-0.00359,0.00901,-0.98761,0.01901,0.00184,0.96521
1790616487.433762,0.00303,0.01411,-0.99955,-0.00626,-0.00888,0.84526
1790616487.5341592,0.01232,0.06056,-0.99982,-0.00236,-0.0063,0.708
1790616487.634408,-0.02726,-0.0287,-1.00015,0.00674,-0.00154,0.6733
1790616487.755299,0.0159,0.06728,-0.99693,-0.00387,-0.00209,0.37459
1790616487.874111,0.00914,0.04786,-0.99901,-0.00141,-0.00243,0.37335
1790616487.973867,-0.00115,0.03207,-0.99749,0.00359,-0.00187,0.34842
1790616488.074274,0.00206,0.05127,-1.00559,-0.0054,0.00771,0.19884
1790616488.1741261,-0.0161,0.01408,-1.00137,0.00493,0.00369,0.22167
1790616488.293689,-0.02223,0.01752,-0.9989,0.00722,0.00281,0.19457
1790616488.3950698,0.00568,0.01551,-0.99875,0.00634,0.00433,0.15939
1790616488.494829,0.01742,0.01935,-0.99966,0.00437,-0.00061,0.16513
1790616488.595561,-0.0027,0.09094,-1.0008,0.00066,0.00553,0.01571
1790616488.695364,-0.01177,0.02657,-1.00103,0.00451,0.00145,-0.01316
1790616488.813809,-0.01118,0.02104,-0.99979,0.00514,0.00532,-0.00907
1790616488.91387,-0.00958,0.01668,-0.99961,0.00725,0.00385,-0.00916
1790616489.014272,-0.01302,0.00022,-0.9989,0.00505,0.00781,0.01731
1790616489.113981,-0.01491,0.00386,-1.00067,0.00487,0.00393,0.01682
1790616489.213838,-0.0177,0.00184,-1.00097,0.00536,0.00126,0.02397
1790616489.3357482,-0.01894,0.00877,-0.99944,0.00411,0.00236,0.01947
1790616489.433742,7e-05,0.00796,-1.00182,0.00704,0.00645,0.00509
1790616489.534451,-0.01533,0.01074,-1.00135,0.00449,0.0057,0.01317
1790616489.634104,-0.01439,0.00396,-1.00092,0.00385,0.0036,0.0175
1790616489.734146,-0.01095,0.01323,-1.00166,0.00564,0.00132,0.00977
1790616489.8539379,-0.00948,0.01515,-1.00152,0.0044,0.00589,0.00523
1790616489.954224,0.19365,0.01214,-1.00407,0.01657,0.04192,0.0405
1790616490.0556521,0.23368,-0.00647,-1.01131,-0.00809,-0.01766,0.05023
1790616490.154783,-0.02157,0.01434,-0.99926,-0.04253,-0.03811,-0.00513
1790616490.256036,-0.15449,0.06428,-0.98338,-0.05208,0.00903,-0.01239
1790616490.373861,-0.08205,0.01058,-0.98601,0.04434,0.00592,-0.01311
1790616490.473854,0.05982,-0.00902,-0.99075,0.01624,0.01415,-0.00345
1790616490.573815,0.06069,-0.03246,-0.9841,0.04371,-0.01484,0.06084
1790616490.674922,-0.03596,0.00562,-1.00932,0.00317,-0.02228,0.00429
1790616490.793746,-0.08125,0.02646,-1.00499,0.02105,0.00015,0.01021
1790616490.893722,-0.04409,-0.0064,-1.00634,-0.0117,0.01489,-0.0272
1790616490.994993,0.03874,0.02155,-1.00703,0.00263,0.0133,-0.0245
1790616491.095762,0.02863,0.0208,-1.02972,0.01279,-0.00259,-0.01912
1790616491.2158248,-0.03458,-0.0077,-0.99793,0.00571,-0.00193,0.05167
1790616491.314406,-0.01778,0.02682,-0.95231,-0.00853,0.05982,-0.00832
1790616491.413877,0.00772,0.02396,-0.99281,0.0185,0.01971,-0.0377
1790616491.5139909,-0.08772,0.01037,-1.00776,0.00242,-0.00635,0.01557
1790616491.6337678,-0.07935,-0.00267,-0.98955,0.00447,0.01759,0.00856
1790616491.733623,-0.02027,0.02172,-0.99842,0.00651,0.00242,-0.01006
1790616491.833798,-0.00262,0.00462,-0.99446,0.01404,0.00223,0.01374
1790616491.933768,-0.00582,0.02154,-1.00205,0.00264,-0.00027,-0.00515
1790616492.0537841,-0.03697,0.00855,-1.00665,0.00489,0.00244,-0.01978
1790616492.15436,-0.02871,0.02672,-1.00022,-2e-05,0.00917,0.00086
1790616492.253862,0.00742,0.00311,-1.00279,0.00479,0.00431,-0.00447
1790616492.3737202,0.02224,0.01729,-1.00388,0.00682,0.00915,0.04047
1790616492.473932,-0.00863,0.04522,-1.0004,0.00552,0.00277,-0.0585
1790616492.573914,-0.01729,0.01683,-1.0053,0.00288,-0.00639,0.04136
1790616492.69398,-0.08306,-0.04841,-0.99885,0.01302,0.01561,0.03472
1790616492.793706,-0.02702,-0.00349,-1.00139,0.0057,0.00365,0.01954
1790616492.894621,-0.00951,0.01731,-1.00184,0.00282,0.00311,-0.00262
1790616492.993987,-0.00709,0.01453,-1.0021,0.004,0.00515,0.0028
1790616493.115859,-0.00593,0.01114,-1.00261,0.00581,0.00163,0.00349
1790616493.2155771,-0.00466,0.01318,-1.00181,0.00638,0.00275,0.00522
1790616493.315753,-0.00322,0.01449,-1.00201,0.00505,0.00271,0.00198
1790616493.433735,-0.0111,0.00412,-1.00236,0.00545,0.00666,0.03746
1790616493.533622,-0.00869,0.03246,-1.00103,0.00524,0.00254,-0.01265
1790616493.63369,-0.00301,0.02855,-1.00275,0.00249,0.00433,-0.02494
1790616493.733858,-0.00934,0.00685,-1.002,0.00718,-0.00047,0.00857
1790616493.8547578,-0.00973,0.00236,-1.00321,0.00598,0.00314,0.01426
1790616493.954112,-0.00904,0.00933,-1.00302,0.0022,0.00365,0.01192
1790616494.0739908,-0.00668,0.00918,-1.00207,0.00531,0.00118,0.0098
1790616494.17405,-0.00772,0.01252,-1.00011,0.00615,0.00423,0.00595
1790616494.2739022,-0.00618,0.01161,-1.00069,0.00288,0.00249,0.00997
1790616494.37385,-0.00731,0.011,-1.00308,0.00573,0.00273,0.01059
1790616494.474057,-0.00686,0.01322,-1.00365,0.00683,0.00384,0.01251
1790616494.5938659,-0.00664,0.00469,-1.00189,0.00318,0.00618,0.02207
1790616494.693826,-0.01317,0.00697,-1.00032,0.00077,0.00351,0.01774
1790616494.81506,-0.00831,-0.00177,-1.00454,0.00364,0.00235,0.02373
1790616494.9338791,-0.0092,-0.00136,-1.00233,0.00478,0.00198,0.02652
1790616495.034098,-0.00744,0.00759,-1.00147,0.00677,0.00047,0.00636
1790616495.134449,-0.01322,-0.00146,-1.00237,0.00478,-0.00016,0.03657
1790616495.234391,-0.01197,-0.00101,-1.00212,0.00437,0.0028,0.02877
1790616495.3544,-0.01262,-0.00112,-1.00211,0.00134,0.00274,0.02964
1790616495.45469,-0.01126,5e-05,-0.99938,0.00515,0.00282,0.02971
1790616495.554454,-0.01212,-9e-05,-1.00167,0.00383,0.00146,0.03312
1790616495.6541,-0.01066,-0.00103,-1.00102,0.0033,0.00145,0.03258
1790616495.754782,-0.00587,0.01694,-1.00396,0.00532,0.00336,-0.00176
1790616495.875943,0.00127,0.02425,-0.9998,0.00682,0.00527,0.00226
1790616495.976187,-0.00128,0.02006,-1.00191,0.00421,-0.00142,0.00232
1790616496.094004,-0.00328,0.01644,-1.00221,0.0008,0.00328,0.00821
1790616496.2137,-0.00487,0.01533,-1.00287,0.00623,0.0044,0.01661
1790616496.3139899,-0.02437,0.00406,-1.00201,0.00537,0.00703,0.01935
1790616496.416497,-0.00676,0.01591,-1.00194,0.00415,-0.00054,0.01031
1790616496.514577,-0.00457,0.01563,-1.00309,0.00463,0.00226,0.01508
1790616496.6337721,-0.00742,0.01495,-1.00261,0.00376,0.0052,0.00978
1790616496.734499,0.00088,0.00932,-1.00182,0.00485,0.00216,0.02572
1790616496.8340101,-0.01606,0.00704,-1.00204,0.007,0.00673,0.02341
1790616496.953745,-0.00973,0.00111,-1.00146,0.00516,0.00428,0.02773
1790616497.07663,-0.01035,-0.00441,-1.00075,0.00313,0.00777,0.0325
1790616497.175997,-0.01202,-0.00307,-0.99919,0.00616,0.01,0.02899
1790616497.2764,-0.01289,-0.00378,-1.001,0.00318,0.00639,0.02928
1790616497.393717,-0.01478,-0.00419,-1.00011,0.00159,0.00699,0.0288
1790616497.493643,-0.01202,-0.00381,-1.00086,0.00192,0.00481,0.0307
1790616497.5936608,-0.01404,-0.00479,-1.00236,0.00187,0.00615,0.03207
1790616497.693686,-0.01501,-0.00554,-1.00096,0.00311,0.00357,0.0316
1790616497.794181,-0.01243,-0.00141,-1.00108,0.00622,0.00237,0.01751
1790616497.9151921,-0.00894,-0.00063,-1.00268,0.00217,0.00297,0.01235
1790616498.03374,-0.01338,-0.00446,-1.00113,0.00326,0.00162,0.02184
1790616498.134621,-0.01426,-0.00705,-1.001,0.00807,0.00217,0.02505
1790616498.234057,-0.00895,0.00081,-1.00261,0.00313,0.00269,0.00351
1790616498.3539908,-0.0126,-0.01194,-1.0016,0.00457,0.00062,0.02045
1790616498.4743528,-0.01186,0.00436,-1.00122,0.0082,-0.00034,0.02986
1790616498.573996,-0.01024,0.0004,-1.0009,0.00597,0.00283,0.02984
1790616498.674315,-0.01019,0.00135,-1.00052,0.00414,0.00102,0.03438
1790616498.794085,-0.01167,0.00149,-1.00302,0.0043,0.00081,0.03499
1790616498.893944,-0.00745,0.00625,-1.00243,0.0029,0.0126,-0.00319
1790616498.993885,-0.01046,0.00665,-1.00348,0.00291,0.00536,0.02457
1790616499.113997,-0.00983,0.0033,-1.00163,0.00487,0.00264,0.03275
1790616499.213792,-0.01218,-0.00161,-1.00004,0.00403,0.00646,0.03821
1790616499.333737,-0.02074,-0.00785,-1.0013,0.00589,-0.00188,0.04274
1790616499.433724,-0.01214,0.00186,-1.00125,0.00776,0.0038,0.0341
1790616499.53394,-0.01084,-0.00178,-1.00053,0.00361,0.00392,0.03563
1790616499.633891,-0.01287,-0.00368,-1.00065,0.0044,0.00253,0.03861
1790616499.753726,0.12096,0.3337,-0.96833,-0.06045,-0.00801,-1.33942
1790616499.853636,0.02072,0.04287,-1.00656,0.01668,-0.01383,-0.90439
1790616499.953996,-0.00352,0.04008,-1.00824,0.00063,0.00133,-0.99314
1790616500.0541341,0.02333,0.0368,-1.00083,0.0066,0.02227,-1.02272
1790616500.1740642,-0.00835,-0.00237,-1.00388,-0.01613,0.01,-0.95934
1790616500.2743511,-0.00614,-0.04568,-1.01655,-0.01974,-0.01337,-0.96099
1790616500.373972,-0.00642,0.00358,-1.01387,-0.00048,0.0132,-1.01829
1790616500.4753358,0.01062,0.04574,-1.00609,0.0313,0.01248,-1.07576
1790616500.5936909,-0.00248,-0.01025,-1.00941,0.02066,0.00825,-1.03624
1790616500.6936698,-0.01059,-0.00092,-1.00347,-0.04899,0.01755,-1.05972
1790616500.793814,0.00728,0.01486,-0.99408,0.00336,0.00986,-1.06505
1790616500.91386,0.0058,0.0284,-1.00156,-0.01109,0.01293,-1.05008
1790616501.0139189,0.00066,-0.02206,-1.00549,0.0286,0.01209,-1.05565
1790616501.1351402,-0.02361,0.01434,-1.01541,-0.09785,0.03591,-1.04998
1790616501.235106,-0.00747,-0.0075,-0.99925,-0.00531,0.02387,-1.0445
1790616501.3538392,-0.00155,0.00767,-1.01108,-0.00445,0.01671,-1.01972
1790616501.453621,0.00019,0.01019,-0.99189,0.03148,0.01382,-1.01292
1790616501.553752,-0.01,0.00301,-0.98707,0.00989,0.02602,-1.03275
1790616501.653792,-0.01775,-0.03215,-1.01542,-0.01717,0.02209,-0.97352
1790616501.753643,0.00491,-0.01799,-1.00072,0.00138,0.00807,-1.02214
1790616501.854086,-0.00577,0.00261,-1.01128,0.00135,0.02655,-1.03729
1790616501.975529,0.01043,0.05192,-1.00638,0.02092,0.00369,-1.08231
1790616502.073527,-0.00902,-0.01813,-1.00771,0.01208,-0.00056,-1.0288
1790616502.1758358,-0.01534,-0.01241,-1.00508,-0.0244,0.00625,-1.05164
1790616502.293719,-0.0078,-0.00452,-1.01013,0.01044,-0.0122,-0.97768
1790616502.393856,-0.00682,0.03511,-0.99899,0.00103,0.04017,-0.81382
1790616502.513752,-0.02241,-0.03053,-1.00401,0.0162,0.0093,-0.6152
1790616502.613736,-0.01626,-0.02579,-1.00157,0.01292,-0.0006,-0.55459
1790616502.7138638,-0.008,0.01651,-0.99927,0.0192,0.00064,-0.37302
1790616502.8352199,-0.00518,0.00462,-1.00289,0.00901,0.00278,-0.31926
1790616502.935512,-0.01764,-0.0297,-1.00027,0.00869,0.00759,-0.26123
1790616503.036936,-0.04166,0.00458,-1.00155,-0.00347,-0.01076,-0.23342
1790616503.136144,0.00463,0.01146,-1.00579,0.00607,0.00958,-0.22901
1790616503.2351842,0.01718,0.00767,-1.00392,0.00441,0.00419,-0.19299
1790616503.3547,-0.03499,-0.04385,-0.99772,0.005,-0.00243,-0.05045
1790616503.455196,-0.02826,0.00824,-1.00217,0.00396,0.00478,0.0209
1790616503.555089,-0.01905,-0.00348,-1.00052,0.00746,0.00483,0.03009
1790616503.6755788,-0.01813,-0.00252,-1.00277,0.007,0.00103,0.02961
1790616503.7754612,-0.01301,-0.00042,-1.00252,0.00468,0.00341,0.02092
1790616503.875471,-0.0196,-0.00327,-1.00125,0.00827,0.00038,0.02749
1790616503.9946618,-0.01653,-0.00784,-1.00122,0.006,0.00523,0.02739
1790616504.0949519,-0.01738,-0.00847,-0.99993,0.00417,0.00484,0.03008
1790616504.1966689,-0.0186,-0.01254,-1.00297,0.00635,0.00259,0.03603
1790616504.295115,-0.01912,-0.01349,-1.00475,0.0021,0.00225,0.03116
1790616504.398023,-0.02095,-0.00976,-1.00109,0.0034,0.00405,0.02254
1790616504.496856,-0.01789,-0.00999,-1.00122,0.00342,0.00503,0.02164
1790616504.5975108,-0.0169,-0.00892,-1.00068,0.00231,0.00043,0.01962
1790616504.7147331,-0.01841,0.00028,-1.00022,0.00394,-0.00604,0.01363
1790616504.8360279,0.09019,0.00045,-0.99419,-0.01921,0.03285,-0.0683
1790616504.955565,0.21,0.03666,-0.99867,-0.01176,-0.01371,0.03793
1790616505.075504,0.09189,-0.00019,-0.99714,0.01602,0.00488,-0.10305
1790616505.1755571,-0.07841,-0.04028,-1.02511,0.0104,-0.0541,0.03478
1790616505.296265,-0.12838,-0.00498,-1.01827,-0.01485,-0.04851,-0.00366
1790616505.397773,-0.02505,0.00967,-0.99934,-0.00088,0.00707,-0.0085
1790616505.500918,0.04294,0.00822,-0.99798,0.0259,0.02724,0.00062
1790616505.599424,0.0509,0.06042,-0.99965,0.02911,0.0266,-0.06264
1790616505.7157602,-0.05096,-0.02481,-1.00682,-0.0061,0.01335,0.01929
1790616505.815636,-0.03853,0.0344,-1.02533,-0.00582,0.0194,-0.00158
1790616505.936276,0.0334,0.03366,-0.98667,-5e-05,0.01975,-0.0347
1790616506.036702,0.0152,-0.08497,-0.99323,0.08497,0.00838,0.01576
1790616506.155693,-0.01701,-0.02349,-0.99653,-0.01546,-0.01754,-0.05835
1790616506.255808,-0.03031,0.1531,-1.00541,0.01479,0.0022,-0.0315
1790616506.356055,-0.03227,0.02706,-0.97909,0.03813,-0.00642,-0.01077
1790616506.4772322,-0.08895,-0.04733,-0.99415,0.02299,-0.00376,0.06115
1790616506.575496,-0.09744,0.03276,-0.9847,0.00299,0.01156,-0.00261
1790616506.675644,-0.05411,-0.00593,-0.99699,-0.01121,0.01866,0.01647
1790616506.7967649,0.00346,0.00704,-0.99409,0.00705,0.0084,0.00029
1790616506.915574,0.02809,0.00877,-1.00441,0.00634,-0.01047,-0.01169
1790616507.015531,-0.01528,-0.00472,-1.00423,-0.01648,-0.00553,-0.00223
1790616507.115903,-0.05307,-0.00129,-1.00295,0.00122,0.00058,0.01779
1790616507.215879,-0.0318,0.01082,-1.00205,0.01163,0.00151,0.00621
1790616507.3357482,-0.02389,0.03356,-1.00189,-0.00244,0.00523,0.00738
1790616507.435474,-0.04215,0.00434,-1.00135,0.00726,0.00423,0.00268
1790616507.53565,-0.02566,0.00525,-1.0001,0.00375,0.00163,0.00895
1790616507.635745,-0.01037,0.00919,-0.99963,0.00666,0.00422,0.00069
1790616507.755925,-0.00592,0.00761,-1.00135,0.00505,0.00032,0.00412
1790616507.8757179,-0.00557,0.00716,-1.00088,0.00559,0.0045,0.00511
1790616507.975936,-0.00605,0.0072,-1.00073,0.00435,0.00414,0.00411
1790616508.075855,-0.01993,0.00162,-1.00442,0.00568,0.00732,-0.01527
1790616508.196464,-0.00502,0.0046,-1.00235,0.00233,-0.00148,0.02114
1790616508.29684,-0.02131,-0.00699,-1.00397,0.00418,0.00236,0.01614
1790616508.415529,-0.00643,-0.00498,-1.00119,0.00497,-9e-05,0.02081
1790616508.515899,-0.0073,0.01446,-1.00161,0.00237,0.00516,0.0083
1790616508.635477,0.00147,0.01529,-1.00054,0.00142,0.00462,-0.00781
1790616508.7356339,-0.01147,0.01376,-1.0008,0.00385,0.00228,-0.00366
1790616508.835797,-0.00177,0.01323,-1.00129,0.0016,0.00267,-0.00962
1790616508.957875,-0.00471,0.01987,-0.9999,0.00308,-0.00291,-0.03655
1790616509.0571232,-0.01732,-0.01627,-1.00141,0.00729,0.00141,0.04659
1790616509.1757178,-0.01366,-0.00723,-1.00074,0.00259,0.00426,0.03258
1790616509.275585,-0.01274,-0.01036,-0.99957,0.00208,0.00314,0.02788
1790616509.397402,-0.01184,-0.0018,-1.00188,0.00425,0.00172,0.02324
1790616509.498218,-0.00759,0.00738,-1.00272,0.0032,0.00525,-0.0085
1790616509.5982752,-0.01252,0.00935,-1.00041,0.00671,0.004,0.01593
1790616509.69627,-0.00902,0.00624,-1.00096,0.0019,0.00321,0.00678
1790616509.8156958,-0.00871,0.00937,-1.00231,0.00658,0.00207,0.00881
1790616509.915582,-0.01496,-0.00016,-1.00182,0.00365,0.00318,0.03484
1790616510.0157282,-0.01364,-0.00397,-1.00215,0.00268,0.00329,0.02992
1790616510.115564,-0.01359,-0.00491,-1.00084,0.00727,0.00016,0.02832
1790616510.2158961,-0.00693,0.01476,-1.00149,0.00285,0.00207,-0.00114
1790616510.335605,-0.00553,0.00964,-1.00166,0.00772,0.00471,0.02212
1790616510.4355671,-0.00883,0.00017,-1.00299,0.00452,0.0003,0.01724
1790616510.5356631,-0.00289,0.01533,-1.00158,0.00331,0.00396,-0.01549
1790616510.655684,-0.01407,-0.00875,-1.00228,0.00606,0.00226,0.02344
1790616510.756256,-0.01689,-0.01674,-1.00051,0.005,0.00298,0.02737
1790616510.876199,-0.01309,-0.00857,-1.00126,0.00809,0.00321,0.03018
1790616510.9762838,-0.01724,-0.00873,-1.00108,0.00756,0.00191,0.02958
1790616511.096689,-0.01218,0.01806,-1.00179,0.00497,-0.00015,-0.01037
1790616511.199109,-0.00077,0.01758,-1.00413,0.0034,0.00347,-0.00466
1790616511.2983491,-2e-05,0.01858,-1.00181,0.00105,0.00365,-0.0148
1790616511.418941,0.0012,0.02427,-1.00109,-0.00033,0.00253,-0.05126
1790616511.519958,-0.02485,-0.01374,-1.00032,0.00794,-0.00083,0.03541
1790616511.61877,-0.00977,-0.00028,-0.99978,0.00264,0.00334,0.01221
1790616511.720014,-0.00596,0.01461,-1.00222,0.00267,0.00435,-0.00014
1790616511.817929,0.00513,0.03362,-1.0006,0.00207,0.01021,-0.04535
1790616511.9374678,-0.00209,0.03251,-1.00025,0.00314,0.00418,-0.04286
1790616512.0384388,-0.00225,0.019,-1.0006,0.00584,0.00047,-0.01837
1790616512.139233,-0.00518,0.01412,-1.0014,0.00555,-0.00147,-0.01736
1790616512.238574,-0.00622,0.01657,-0.99998,0.00149,0.00227,-0.0149
1790616512.3593102,-0.00517,0.01417,-0.9999,0.00341,0.00417,-0.01187
1790616512.459699,-0.00725,0.00815,-1.00095,0.00412,0.00197,-0.0043
1790616512.57863,-0.00969,0.00126,-1.00239,0.00502,0.00319,0.01129
1790616512.678752,-0.01404,-0.00958,-0.99901,0.00769,0.00573,0.02643
1790616512.778852,-0.01415,-0.00942,-1.00074,0.0017,0.00901,0.02187
1790616512.8984032,-0.01445,-0.01076,-0.99876,0.00454,0.00594,0.02934
1790616512.998466,-0.01611,-0.01352,-1.00364,0.00563,0.00236,0.03763
1790616513.098905,-0.01662,-0.01466,-1.00104,0.00354,0.00242,0.04031
1790616513.1988878,-0.01697,-0.01341,-1.0007,0.00867,0.00265,0.04219
1790616513.319922,-0.01219,-0.00691,-1.00254,0.00302,0.00156,0.03671
1790616513.438654,-0.01375,-0.00642,-1.00209,0.00454,0.00317,0.04025
1790616513.560284,-0.01439,-0.00683,-1.00244,0.005,0.00058,0.03508
1790616513.662633,-0.00678,0.01291,-1.00081,-0.0032,0.00736,-0.01536
1790616513.760994,0.00281,0.01804,-1.00296,0.00123,0.00489,-0.00559
1790616513.881946,-0.00284,0.02002,-1.00079,0.005,0.00272,-0.015
1790616513.980693,-0.00046,0.02993,-1.0011,0.00141,0.00224,-0.02574
1790616514.1005728,-0.00245,0.02632,-1.00011,0.00398,0.00283,-0.02394
1790616514.20056,0.00034,0.02859,-1.00205,-0.00072,0.00606,-0.03013
1790616514.300467,-0.00371,0.02411,-1.00325,0.00314,0.00343,-0.02914
1790616514.400656,-0.00085,0.02756,-1.00396,0.00098,0.00173,-0.0336
1790616514.500424,-0.02568,0.03311,-1.00079,0.00153,-0.00162,-0.00691
1790616514.6008189,0.01146,0.02229,-1.00053,0.00871,6e-05,-0.01555
1790616514.703032,-0.00513,0.01268,-1.00315,0.00421,0.00649,-0.01194
1790616514.8215208,-0.00501,0.01858,-1.00272,0.00434,-0.00045,-0.02222
1790616514.921698,0.00169,-0.00718,-0.99906,0.0073,-0.00285,0.02901
1790616515.023477,-0.0186,-0.01166,-1.00218,0.00825,-0.00065,0.02888
1790616515.124506,-0.01035,-0.01006,-1.00051,0.00405,0.00563,0.0287
1790616515.2415879,-0.0147,-0.01162,-1.00038,0.00504,0.00662,0.03282
1790616515.3485062,-0.01625,-0.01256,-1.001,0.00504,0.00707,0.0272
1790616515.448289,-0.0169,-0.01124,-1.00157,0.00613,0.00512,0.02257
1790616515.543023,-0.01481,-0.0093,-0.99953,0.00395,0.00566,0.01843
1790616515.647174,0.00088,0.00095,-1.00101,0.01507,0.00682,-0.00044
1790616515.765852,-0.00741,0.0088,-1.0004,0.0027,0.00114,-0.01214
1790616515.884928,-0.00769,0.01804,-1.00181,0.00291,-0.00099,-0.01908
1790616515.986374,-0.0034,0.01914,-1.00106,0.00281,0.00106,-0.0261
1790616516.0882828,-0.00082,0.03051,-1.00348,-0.00146,-0.00137,-0.04531
1790616516.202635,-0.01385,-0.00354,-1.00202,0.00703,-0.00495,-0.01283
1790616516.302454,0.01745,0.02876,-1.00219,0.00394,0.00399,-0.02095
1790616516.423237,-0.00295,0.01821,-1.0,0.0053,0.00415,-0.01616
1790616516.5260532,-0.00923,0.02655,-1.00251,0.00545,-0.00277,-0.02998
1790616516.622324,-0.00416,0.01294,-1.00063,-0.00119,0.00436,-0.01797
1790616516.746185,-0.00417,0.01577,-1.00127,0.00636,0.00179,-0.02041
1790616516.845622,-0.00575,0.01746,-1.00285,0.00285,0.00292,-0.02135
1790616516.9626439,0.00231,0.02928,-1.00402,0.00445,0.0021,-0.06248
1790616517.0627232,-0.01778,-0.01382,-1.00167,0.00746,0.00601,0.02262
1790616517.184022,-0.01206,-0.00401,-1.00186,0.00498,0.00391,0.01492
1790616517.3026261,-0.01399,0.0091,-1.00249,0.00319,0.0091,-0.00183
1790616517.4024441,-0.00665,0.02207,-1.00311,0.0048,-0.00427,-0.02191
1790616517.502597,-0.00363,0.01374,-1.00344,0.00241,-0.00519,-0.02629
1790616517.60637,-0.00428,0.02168,-1.00246,0.00754,0.00103,-0.03131
1790616517.722368,-0.00581,0.01623,-1.00213,0.00523,-0.00066,-0.02705
1790616517.8226402,-0.00759,0.00949,-1.00141,0.00523,-0.00306,-0.02216
1790616517.9244092,-0.00824,0.00054,-1.00061,0.00554,-0.00928,-0.01106
1790616518.02515,-0.02298,0.01892,-1.00241,-0.0065,-0.01327,-0.01862
1790616518.144563,-0.00849,0.00102,-1.00134,0.00433,0.00423,-0.00933
1790616518.2486348,-0.00742,0.01276,-1.00182,0.00645,0.00647,-0.01093
1790616518.362551,-0.01889,-0.01457,-0.99981,0.00889,0.00492,0.02894
1790616518.462542,-0.00759,0.01927,-1.00167,0.00109,0.00853,0.01048
1790616518.564636,-0.00615,0.00996,-1.00122,0.00052,0.00183,0.00447
1790616518.6823769,-0.00596,0.0125,-1.00205,0.00119,0.00709,0.0065
1790616518.783874,-0.00666,0.00324,-1.00067,0.00696,0.00687,0.00052
1790616518.9037251,-0.00523,0.01269,-1.0043,0.00314,0.00333,-0.0016
1790616519.003575,-0.0076,0.01238,-1.00088,0.00422,0.00047,0.02428
1790616519.103966,-0.00399,0.01109,-1.0033,0.0027,0.00909,0.00895
1790616519.2247412,-0.02663,0.01956,-1.00487,0.00216,-0.01595,-0.01569
1790616519.323819,0.00477,0.01833,-1.00298,-0.00129,0.00019,-0.04486
1790616519.426019,-0.00055,0.02137,-1.00136,0.00285,0.00017,-0.01519
1790616519.543835,-0.02271,-0.01656,-0.99228,-0.01171,0.02787,-1.10809
1790616519.645761,0.00826,0.02144,-1.00176,0.01083,0.01795,-0.88599
1790616519.7657862,0.01584,-0.0109,-1.00139,0.00746,-0.00223,-0.98233
1790616519.8647182,0.01273,0.01832,-1.00462,0.01697,0.0056,-1.00958
1790616519.963748,0.00037,0.03759,-1.00448,0.02454,0.01115,-1.0122
1790616520.066064,0.00258,0.00687,-0.98843,0.00048,0.00569,-1.04232
1790616520.163811,0.01727,0.01229,-1.01827,-0.00497,-0.00814,-1.0531
1790616520.2834759,0.02053,0.02582,-0.99383,0.01272,0.01373,-1.07543
1790616520.3835561,-0.0099,0.0015,-1.00099,0.00811,0.03743,-0.97046
1790616520.483535,0.01213,0.0271,-0.98769,-0.0086,0.04103,-0.99346
1790616520.6066,-0.05147,-0.15185,-1.02072,0.00803,0.02462,-0.63996
1790616520.7088299,0.0022,-0.02116,-1.01064,-0.00178,-0.00244,-0.79601
1790616520.825561,0.01834,0.03706,-0.99993,0.00668,-0.00377,-0.73263
1790616520.9234219,-0.01013,-0.02001,-0.99707,0.00441,-0.00383,-0.41891
1790616521.023527,-0.02642,-0.02354,-0.99824,-0.0079,0.02022,-0.27816
1790616521.146115,-0.00902,-0.00783,-1.00313,0.01796,0.00647,-0.30714
1790616521.2437649,-0.01915,-0.01233,-1.00077,0.00916,0.00093,-0.26663
1790616521.364697,-0.01048,-0.01317,-1.00194,0.00019,0.00893,-0.18693
1790616521.463721,0.00456,0.02897,-1.0011,-0.00035,-0.00062,-0.23374
1790616521.583238,-0.01278,0.04655,-1.00169,-8e-05,0.00512,-0.20545
1790616521.685601,-0.00913,-0.01946,-1.00156,0.01026,0.00779,-0.14766
1790616521.808162,-0.01325,-0.06007,-1.00063,0.0049,-0.00628,-0.04007
1790616521.9080372,-0.01338,0.00766,-1.00178,0.00467,0.00631,0.01643
1790616522.0076559,-0.01325,0.00695,-1.001,0.00394,0.00407,0.02723
1790616522.123361,-0.01233,-0.00251,-1.0006,0.00563,0.00444,0.0294
1790616522.223665,-0.01102,-0.00568,-0.99961,0.00726,0.00922,0.01509
1790616522.320931,-0.00729,0.00098,-0.99898,0.00283,0.00126,0.00273
1790616522.426348,-0.00689,0.00914,-1.00312,0.0053,0.00203,-0.01284
1790616522.547106,-0.00031,0.00394,-1.00514,0.00964,-0.00304,-0.01031
1790616522.663444,-0.01599,-0.01572,-0.99993,0.01264,0.00734,0.03731
1790616522.766013,0.07021,-0.01187,-1.00097,0.00235,0.01302,0.01701
1790616522.865941,0.27189,0.05375,-0.99925,-0.02207,-0.00311,-0.26254
1790616522.966063,0.0926,0.01603,-1.02453,-0.0091,-0.03555,-0.01515
1790616523.0834079,-0.07595,0.0002,-0.96657,0.01184,0.01289,0.02333
1790616523.183459,-0.11692,-0.00463,-0.98372,0.01582,0.02219,0.03218
1790616523.308887,0.02386,0.06531,-0.98528,0.01715,0.02023,-0.01119
1790616523.403619,0.08839,0.0457,-0.97535,0.01617,0.06451,-0.01627
1790616523.5245,-0.04558,0.00859,-1.02688,0.00204,-0.0112,0.00176
1790616523.6234539,-0.07065,-0.01051,-1.02297,-0.01068,0.01594,0.03426
1790616523.725468,-0.01193,-0.02475,-0.99229,0.03966,0.03555,0.06472
1790616523.844022,0.03228,-0.00949,-0.98136,0.01361,-0.01092,0.02774
1790616523.944318,0.00789,-0.00391,-0.9898,-0.00687,-0.00017,0.0166
1790616524.0433862,-0.0098,0.04234,-1.01395,0.01055,-0.02477,-0.0082
1790616524.146081,-0.01367,0.02297,-1.01086,0.03227,0.0013,-0.00715
1790616524.246717,-0.01819,0.02429,-1.01121,-0.00382,0.00105,-0.01749
1790616524.363957,-0.04885,0.00596,-0.99833,0.00794,-0.00368,0.04676
1790616524.4662988,-0.31249,0.02918,-1.00179,0.00797,0.03574,-0.00198
1790616524.563801,-0.07617,0.03333,-1.01034,-0.00026,-0.0389,-0.02771
1790616524.6856608,-0.00518,0.02405,-1.00034,0.00643,-0.01178,-0.00325
1790616524.783764,-0.20803,0.02782,-1.00223,0.00116,-0.00707,-0.03058
1790616524.88495,-0.13091,0.0292,-1.01829,-0.06386,0.03392,-0.02291
1790616524.987208,0.08406,0.01636,-1.0146,-0.00202,0.03191,-0.01596
1790616525.08361,0.1244,0.01044,-1.00182,-0.01739,0.01314,-0.01128
1790616525.2062469,-0.02596,0.00532,-0.99949,0.00723,-0.00866,0.02695
1790616525.3038552,-0.08473,0.02467,-0.99785,-0.00603,0.02946,-0.0313
1790616525.423508,-0.03027,0.01866,-0.99902,-0.03336,-0.00863,-0.03832
1790616525.523411,0.03684,0.01131,-0.9984,0.02013,0.00015,0.01202
1790616525.6235971,-0.02268,0.0266,-1.00478,0.01579,-0.01023,-0.01174
1790616525.745564,-0.05111,0.01937,-0.99672,-0.03144,0.0004,-0.01125
1790616525.8455338,-0.00606,0.01899,-1.00963,0.04488,-0.01242,0.00717
1790616525.943497,0.00075,-0.00176,-0.97892,0.00559,0.01081,0.04785
1790616526.044113,-0.0013,0.01338,-1.00066,0.00653,-0.01217,0.00037
1790616526.143688,-0.02417,0.0088,-1.00067,0.01969,0.00457,-0.00568
1790616526.269242,-0.02224,0.03228,-0.98818,0.00301,0.01642,-0.03458
1790616526.383297,-0.0068,0.00212,-0.98722,-0.00861,0.0012,0.02129
1790616526.483704,0.01433,0.01803,-1.00521,0.02847,0.00733,-0.0294
1790616526.583609,-0.00411,0.01502,-1.01659,0.00045,0.00849,-0.01096
1790616526.684711,-0.01953,0.01131,-1.00414,-0.02355,0.02238,-0.0111
1790616526.8040981,-0.01769,-0.0093,-0.9929,-0.02274,0.01628,0.03958
1790616526.9040651,0.00252,0.00742,-1.01069,-0.01882,0.00207,0.00414
1790616527.005332,-0.00166,0.02672,-1.01923,0.01913,0.00681,-0.00636
1790616527.126484,-0.01478,0.00527,-1.00491,0.00873,0.00123,-0.02623
1790616527.243412,0.00407,0.02456,-1.00361,-0.0108,-0.00845,-0.00095
1790616527.3434901,0.17,-0.00248,-1.01631,0.01865,0.00436,0.0139
1790616527.443768,0.03199,0.02351,-1.00382,0.0062,-0.00703,-0.00965
1790616527.543479,0.00979,0.01012,-1.00159,0.00127,0.00219,0.00125
1790616527.66338,-0.00752,0.00942,-1.00384,0.0003,0.00278,0.00919
1790616527.766567,-0.01753,0.01171,-1.0008,0.00344,0.00054,0.00546
1790616527.865024,-0.01287,0.01143,-1.00046,0.0019,0.00463,0.00193
1790616527.963556,-0.00408,0.01156,-0.99993,0.00606,0.0013,0.00288
1790616528.066752,0.00051,0.01195,-1.00185,0.00382,0.00341,0.00238
1790616528.1833549,-0.00659,0.01234,-1.00027,0.00384,0.00298,0.00508
1790616528.2833338,-0.01112,0.03201,-1.00341,0.00791,0.00431,-0.0372
1790616528.4032772,-0.00305,0.00675,-1.00192,0.00604,0.00281,0.01012
1790616528.5036428,0.12757,0.00612,-1.00095,-0.00379,0.01489,0.01214
1790616528.607795,0.2131,-0.0073,-0.96763,0.04221,0.07144,-0.12108
1790616528.723274,0.04287,0.02317,-1.03423,-0.09063,-0.05237,0.03624
1790616528.8282099,-0.08995,0.02924,-0.98799,0.05656,-0.01056,0.0097
1790616528.943297,0.02111,-0.00796,-1.00739,0.00765,0.0001,0.05555
1790616529.043416,0.08004,0.0159,-1.01055,0.02169,-0.02319,0.0167
1790616529.143451,0.01336,0.05499,-0.97837,0.0056,0.00144,-0.04587
1790616529.27326,-0.06027,-0.00383,-1.00539,0.01539,0.00949,0.02932
1790616529.3838348,-0.0309,0.00364,-1.00232,0.00534,0.01234,0.03
1790616529.505315,0.00584,-0.00805,-1.00822,0.00772,0.01356,0.02677
1790616529.6038349,0.04383,0.01073,-1.00891,0.00143,0.04519,-0.00611
1790616529.704164,-0.02605,0.0106,-1.01384,0.04559,0.02036,-0.00128
1790616529.8263412,0.00032,0.02598,-0.98847,0.00763,0.01392,-0.00699
1790616529.926592,0.01015,0.02079,-0.9938,-0.00117,0.00755,-0.00349
1790616530.028032,-0.05938,0.01002,-0.99977,0.01414,-0.02272,0.03764
1790616530.127049,-0.08413,0.02438,-1.00061,0.00658,-0.00867,0.00224
1790616530.243449,-0.07456,0.0089,-1.01332,0.0082,-0.01191,-0.01793
1790616530.343553,-0.01218,0.01027,-1.00186,0.01414,0.00954,0.03007
1790616530.463169,0.00878,0.02282,-1.00394,0.0022,0.00161,0.02069
1790616530.565691,-0.00557,0.02481,-0.99183,0.00923,0.00368,-0.04583
1790616530.6642392,-0.01669,0.00066,-1.00092,0.00162,0.00049,-0.00485
1790616530.7833338,-0.03382,-0.01341,-1.00692,0.00062,-0.00451,0.04746
1790616530.8835762,0.0022,0.0115,-1.00131,0.01324,0.00999,0.03898
1790616531.0033312,0.01852,-0.00758,-1.00087,0.01106,0.00245,-0.02922
1790616531.103284,-0.04467,0.01728,-1.00918,-0.00418,0.01552,0.03376
1790616531.228253,-0.0026,0.01577,-0.99865,0.00845,0.03983,-0.0112
1790616531.32808,-0.03651,0.01052,-1.00093,0.00539,0.00638,0.00579
1790616531.4432251,-0.01936,0.00965,-1.00219,0.00337,0.00343,0.00309
1790616531.546247,-0.0042,0.00948,-1.00314,0.00461,0.00108,0.0031
1790616531.664633,-0.00421,0.0107,-1.00101,0.00227,-0.00139,0.0087
1790616531.769502,-0.00982,0.00951,-1.0011,0.00389,-0.00647,0.01029
1790616531.883704,-0.02506,0.00883,-1.00194,0.00236,-0.01997,0.0111
1790616532.0036328,0.01476,0.01796,-1.00223,0.00601,-0.02488,-0.00191
1790616532.103363,0.0022,-0.02611,-0.99979,0.00337,0.01106,0.00319
1790616532.2046359,-0.00614,-0.00212,-1.00395,0.0038,0.00544,0.01441
1790616532.323435,-0.00124,0.00896,-1.00089,0.00462,0.00425,0.00757
1790616532.4263391,0.01543,0.06488,-1.00328,0.01609,-0.00113,0.92207
1790616532.5232818,-0.00357,-0.00902,-0.98694,0.04123,0.01864,0.91766
1790616532.623879,0.03027,0.04288,-1.00428,0.00092,0.00605,0.90592
1790616532.7276,0.00166,0.00157,-0.99948,0.00588,-0.01516,1.07422
1790616532.824202,0.0048,0.01055,-1.019,-0.02162,-0.01178,1.08457
1790616532.9434109,-0.01534,-0.05011,-0.97827,0.02568,0.0161,1.10446
1790616533.045502,0.02416,0.0129,-1.00322,0.03258,-0.02053,0.99708
1790616533.1436641,0.00894,0.02558,-1.00418,-0.01024,-0.03171,1.04055
1790616533.243881,0.00711,0.01969,-1.00463,-0.0067,-0.00258,1.0825
1790616533.3653262,0.00131,0.01327,-0.99753,-0.00889,0.012,1.06243
1790616533.463736,-0.01903,-0.02542,-1.01067,0.03898,-0.01084,0.86519
1790616533.583214,0.01662,0.02837,-1.00073,0.00458,0.00576,0.72406
1790616533.68676,-0.00656,0.04157,-0.99431,-0.00887,0.00181,0.70039
1790616533.823345,0.00019,0.00353,-0.99761,0.01194,-0.0007,0.46988
1790616533.943656,-0.0123,-0.01987,-1.01464,-0.01613,0.01784,0.37836
1790616534.0437381,-0.00494,0.01423,-1.00154,-0.00399,0.02056,0.36753
1790616534.146019,0.02216,0.06105,-0.99878,0.01052,0.01651,0.21182
1790616534.2466922,-0.01656,0.00902,-1.00367,0.00778,-0.00684,0.21426
1790616534.364165,-0.02132,0.00035,-1.00165,0.01134,-0.00938,0.18546
1790616534.463626,-0.03382,0.00933,-1.00433,0.00537,-0.00072,0.18729
1790616534.585876,-0.00167,0.02924,-1.00091,-0.00131,-0.00068,0.18704
1790616534.687648,0.00559,0.02884,-0.99985,0.00571,0.00337,-0.0083
1790616534.803921,-0.00786,0.01622,-1.00064,0.00303,0.00373,0.00765
1790616534.9033852,-0.00747,0.015,-1.00241,0.00321,0.00736,-0.00103
1790616535.00548,-0.01025,0.00987,-0.99999,0.00391,-0.0028,-0.00506
1790616535.1035252,-0.00541,0.01884,-1.00168,0.00507,0.00267,-0.00444
1790616535.225909,-0.00997,0.01516,-1.00094,0.00273,0.00596,0.00088
1790616535.324481,-0.00489,0.01849,-1.00156,0.00461,0.00466,-0.00639
1790616535.4233,0.00526,0.03482,-1.00063,0.00788,-0.0061,-0.06656
1790616535.524781,-0.00516,0.00421,-1.00306,0.00203,0.00088,-0.00387
1790616535.625741,0.12068,-0.01521,-0.99527,-0.01197,0.04244,0.05649
1790616535.7432399,0.21228,-0.00089,-0.98255,0.03406,0.01922,0.13859
1790616535.8448482,0.0779,-0.00473,-1.03872,0.01121,-0.03715,-0.01197
1790616535.965176,-0.09163,0.01144,-0.97426,-0.05224,0.0307,0.01108
1790616536.087925,-0.11131,-0.02514,-1.00082,0.00688,0.00259,0.03385
1790616536.184319,-0.00587,-0.00973,-0.98515,0.04028,0.03759,0.03598
1790616536.304398,0.05646,0.00204,-1.00344,0.01254,-0.00983,-0.00757
1790616536.404568,0.00703,-0.13905,-1.02766,0.04686,-0.02467,0.15605
1790616536.524193,-0.04856,0.0103,-1.01098,0.01771,0.00737,0.01185
1790616536.6242502,-0.01734,0.01265,-1.01365,0.00736,0.01669,-0.01323
1790616536.746547,0.02899,0.04595,-1.02814,-0.00388,-0.06508,-0.02537
1790616536.8443468,-0.0174,-0.01834,-1.02068,-0.03424,-0.01267,0.0486
1790616536.944421,-0.02147,0.02636,-0.98497,-0.03186,0.02916,-0.04367
1790616537.064183,-0.02957,0.03248,-0.99132,0.03288,-0.01358,-0.02664
1790616537.164445,-0.02021,0.00303,-1.01195,-0.00741,0.00708,0.04214
1790616537.26527,-0.05711,0.00148,-1.00571,0.01133,-0.02469,0.03594
1790616537.3860748,-0.12009,0.00413,-0.99419,0.01301,0.00758,0.00863
1790616537.486799,-0.09081,0.00298,-1.01505,-0.00526,-0.00306,0.01466
1790616537.585003,0.00642,0.01468,-0.99693,0.02433,0.01151,-0.01026
1790616537.7049642,0.03888,0.01009,-1.00139,0.00875,-0.00333,0.00485
1790616537.824739,-0.02614,0.00011,-1.00629,-0.01718,0.00066,0.02301
1790616537.9254458,-0.05523,0.00787,-0.99853,-0.00018,0.00424,0.01225
1790616538.024378,0.03005,0.01318,-1.00053,0.00147,0.00964,0.00136
1790616538.124835,0.02053,0.01325,-0.99709,0.01039,0.00599,0.01477
1790616538.225266,-0.02678,-0.00065,-1.00452,0.01088,-0.00079,0.02717
1790616538.346594,-0.0476,0.01582,-1.00325,-0.00023,-0.00098,0.00841
1790616538.446669,-0.04396,0.0193,-1.00036,0.00357,0.00584,-0.00851
1790616538.564172,-0.02834,0.00863,-1.00154,0.00434,0.00527,-0.00125
1790616538.664156,-0.02268,0.0074,-1.0004,0.00241,0.00556,0.00406
1790616538.768747,-0.01772,0.00953,-1.00201,0.00558,0.00513,0.00497
1790616538.8858821,-0.01715,0.00903,-1.00391,0.00544,0.00645,0.0058
1790616538.985603,-0.01905,0.00895,-1.00257,0.00487,0.00283,0.0068
1790616539.0869818,-0.01825,0.0088,-0.99953,0.00398,0.00722,0.00358
1790616539.2053618,-0.02062,0.00721,-1.00193,0.00334,0.00297,0.00404
1790616539.304436,-0.02297,0.00588,-1.00241,0.00376,0.0031,0.00566
1790616539.425359,-0.02134,0.00826,-1.00181,0.0053,0.00416,0.004
1790616539.5252259,-0.04611,-0.11594,-1.0126,-0.01231,-0.03046,-0.89515
1790616539.647058,0.00767,0.06116,-1.0026,0.00822,-0.0018,-0.91436
1790616539.7480261,-0.0003,0.00548,-0.99389,0.02603,0.01413,-1.00144
1790616539.864203,-0.0141,0.01251,-1.00117,-0.02501,0.01747,-0.98322
1790616539.96559,-0.02701,-0.01895,-1.00495,-0.00035,0.01726,-0.96015
1790616540.066599,-0.00873,0.00355,-1.00519,0.01873,0.03385,-1.02732
1790616540.184855,-0.00357,-0.01042,-0.99994,0.00564,0.01288,-1.08631
1790616540.284329,0.01199,0.01861,-0.99399,-0.02929,0.02488,-1.08188
1790616540.404416,0.00242,0.0253,-0.99996,-0.01177,-0.00149,-1.08252
1790616540.505675,-0.01119,0.00408,-1.00543,0.00452,0.01943,-0.99682
1790616540.624469,7e-05,0.0065,-1.0023,0.01579,0.00951,-0.90631
1790616540.724278,-0.00809,0.00274,-0.97906,-0.01456,0.02326,-0.79295
1790616540.845448,-0.00728,-0.02495,-1.00103,0.01212,0.0055,-0.6118
1790616540.951871,-0.02164,0.0055,-1.00332,0.00337,0.0175,-0.49464
1790616541.065066,-0.02182,-0.02217,-0.99804,-0.00464,-0.01349,-0.41292
1790616541.164829,0.01459,0.00693,-1.00307,0.01122,0.00776,-0.34068
1790616541.2700648,-0.00174,0.01821,-1.00132,0.00436,-0.00043,-0.22186
1790616541.365578,-0.03351,-0.00615,-1.00202,0.0064,0.00484,-0.21466
1790616541.4643729,-0.02316,-0.0497,-1.00514,0.00766,0.00718,-0.17412
1790616541.565143,-0.00193,-0.00447,-1.00467,0.00559,0.00155,-0.19357
1790616541.685571,0.00847,0.01,-1.00339,0.00204,-0.00107,-0.19615
1790616541.809494,-0.01597,0.00478,-0.99765,0.00375,-0.00753,-0.10364
1790616541.904335,-0.02853,-0.01126,-1.0005,0.00234,0.00199,-0.01649
1790616542.024378,-0.01481,0.01489,-1.00331,0.00133,0.00585,-0.01841
1790616542.124287,-0.00814,0.00647,-1.00259,0.00299,-0.00035,-0.01315
1790616542.224282,-0.00981,0.00076,-1.00144,0.00077,0.00555,-0.00246
1790616542.3448918,-0.01055,-0.00104,-1.0014,0.00335,0.00172,-0.00385
1790616542.445128,-0.01139,0.00074,-1.00153,0.00596,0.00432,-0.0073
1790616542.546242,-0.0072,-0.00017,-1.00332,0.00718,-0.00539,-0.01556
1790616542.644174,-0.02223,0.0255,-1.00383,0.00292,-0.00242,-0.048
1790616542.77677,-0.00781,0.00598,-1.00072,0.00216,0.00197,-0.01082
1790616542.8841972,-0.00752,-0.00166,-1.00048,0.00284,0.00222,-0.00456
1790616542.9852958,-0.01016,-0.00185,-1.00011,0.00419,0.00477,-0.0041
1790616543.084044,-0.00757,0.00042,-1.00215,0.006,0.00542,-0.00385
1790616543.185308,0.2259,0.02985,-1.01033,-0.04376,0.05668,-0.07351
1790616543.306516,0.16866,-0.02302,-0.9979,-0.01524,-0.01512,-0.06283
1790616543.405827,-0.00645,0.02442,-0.99721,-0.02797,-0.05181,-0.01072
1790616543.505541,-0.13664,0.01385,-0.99828,0.01354,-0.02156,-0.03938
1790616543.606199,-0.0594,-0.00556,-0.99549,-0.03387,0.02168,0.03157
1790616543.7090712,0.05593,0.01338,-1.02103,-0.01035,0.02221,-0.00217
1790616543.8247879,-0.05268,-0.05719,-1.02203,-0.00938,-0.0261,0.07747
1790616543.945378,-0.05806,0.0123,-0.98272,0.02559,0.00933,-0.00623
1790616544.044251,-0.02111,-0.00306,-0.9905,0.04899,0.01018,0.0075
1790616544.1465569,0.0329,0.02446,-0.97102,0.01441,0.054,-0.00652
1790616544.265194,0.02396,0.08448,-1.0056,0.01412,-0.00487,-0.04102
1790616544.365618,-0.03926,0.0963,-0.99331,0.03627,-0.06821,-0.04494
1790616544.4644082,-0.03253,-0.06912,-1.00902,0.03635,-0.01318,-0.04038
1790616544.5643919,0.00021,-0.11889,-1.00119,0.03898,-0.00465,0.03196
1790616544.684103,-0.02636,-0.11889,-1.00521,-0.00055,0.01617,0.01568
1790616544.784502,-0.08248,0.14879,-1.02055,0.01623,-0.02062,0.03114
1790616544.9059808,-0.0918,0.06854,-0.99837,0.00365,0.00137,0.00924
1790616545.024079,-0.06626,0.00536,-0.99515,0.01862,-0.00973,0.02148
1790616545.1245089,-0.02799,0.00222,-1.00205,0.00425,0.00216,0.00613
1790616545.244125,-0.01923,3e-05,-1.00199,0.00561,0.00103,0.00286
1790616545.34428,-0.00728,0.00146,-1.00388,0.00351,0.00222,0.00386
1790616545.44437,-0.00583,0.00203,-1.00181,0.00451,0.001,0.00283
1790616545.544339,-0.00501,0.00166,-1.00068,0.00373,0.00333,0.00536
1790616545.644503,-0.00733,0.0167,-1.0002,-0.0001,0.00493,-0.04369
1790616545.769185,-0.00955,-0.00484,-1.0022,0.0043,0.00075,0.01119
1790616545.8645928,-0.0098,-0.00076,-1.00303,0.00593,0.00322,0.00753
1790616545.964468,-0.00962,-0.00247,-1.00197,0.0025,0.00409,0.01229
1790616546.065279,-0.00921,-0.00223,-1.0006,0.00563,0.00272,0.01245
1790616546.1653628,-0.00955,-0.00155,-1.00053,0.00332,0.00167,0.01222
1790616546.2846332,-0.00915,-0.00165,-1.0022,0.00596,0.0052,0.01301
1790616546.384589,-0.01091,-0.00382,-0.99976,0.00234,0.00414,0.018
1790616546.4845362,-0.01094,-0.00868,-1.00255,0.00368,0.00521,0.01945
1790616546.584506,-0.01035,-0.00845,-1.00214,0.00474,0.00197,0.02179
1790616546.684617,-0.00865,-0.00631,-1.00327,0.00631,-0.00028,0.00812
1790616546.80623,-0.01333,0.00622,-1.00069,0.0032,0.00091,0.00342
1790616546.907753,-0.00774,0.00437,-1.00235,0.00179,0.00525,0.00681
1790616547.0243819,-0.00492,0.00169,-1.00171,0.00616,0.00475,0.00893
1790616547.124074,-0.00922,-0.00907,-1.00169,0.00658,0.00166,0.02813
1790616547.2255208,-0.00922,-0.00907,-1.00169,0.00658,0.00166,0.02813
1790616547.344197,-0.00596,0.00608,-1.00147,0.00323,0.00285,0.01148
1790616547.4440699,-0.00613,0.0045,-1.00228,0.00244,-0.00152,0.01366
1790616547.544076,-0.00707,0.00032,-1.00025,0.002,0.00164,0.01245
1790616547.64423,-0.00778,0.00258,-1.00224,0.00379,0.00066,0.01302
1790616547.766258,-0.00964,-0.00427,-0.99953,0.00334,0.00483,0.02318
1790616547.8658938,-0.00991,-0.01197,-0.99917,0.00281,0.00595,0.00073
1790616547.965634,-0.00322,0.01635,-1.00193,0.00518,0.00138,-0.00571
1790616548.084022,-0.00369,0.00803,-1.00221,0.00459,0.00546,-0.00037
1790616548.1851578,-0.00353,0.00908,-1.00055,0.00464,0.00266,0.00751
1790616548.304557,-0.00713,0.00659,-1.00328,0.00478,0.00591,0.01107
1790616548.4041312,-0.00679,0.0272,-1.00083,0.00141,-0.00016,-0.04402
1790616548.504074,-0.00232,0.0222,-1.00262,-0.00066,0.00666,-0.03326
1790616548.6055732,-0.00049,0.02249,-1.0012,0.00301,0.00637,-0.02681
1790616548.7240279,-0.00104,0.02095,-1.00186,0.00053,0.00081,-0.02328
1790616548.8249412,-0.0009,0.01915,-1.00229,0.00419,0.00588,-0.01388
1790616548.924175,0.00896,0.01618,-1.00061,0.00048,0.00415,0.00754
1790616549.024616,-0.01357,0.00402,-1.00197,0.00415,0.00181,-0.02695
1790616549.144106,-0.0007,0.01592,-1.0001,0.00344,0.0073,-0.00882
1790616549.245565,-0.00017,0.01443,-1.00078,0.00289,0.00761,-0.00936
1790616549.344177,-0.00399,0.01474,-1.00088,0.00424,0.00532,-0.00736
1790616549.4444458,-0.00624,0.01613,-1.00129,0.00359,0.00033,-0.00931
1790616549.584579,-0.00366,0.01262,-1.00263,0.00649,0.00629,-0.00247
1790616549.685087,-0.00088,0.01776,-1.00308,0.00363,0.00285,-0.0105
1790616549.784579,-0.00278,0.0137,-1.00233,0.00396,0.00238,-0.00598
1790616549.904192,-0.00429,0.0083,-0.99998,0.00402,0.00447,0.00218
1790616550.004402,-0.00429,0.01341,-1.00046,0.00298,0.00141,-0.00182
1790616550.1044,-0.00353,0.01316,-1.00171,0.00168,0.00449,0.00035
1790616550.2045052,-0.00534,0.01125,-1.00295,0.00292,0.00473,0.00347
1790616550.32418,-0.00266,0.01291,-0.99867,0.0026,0.00288,-0.00263
1790616550.424305,-0.00675,-0.00051,-1.00189,0.00615,0.00492,-0.01921
1790616550.5247731,-0.00723,5e-05,-1.00093,0.00341,0.00708,-0.00457
1790616550.624425,-0.00849,-0.00674,-1.00185,0.00344,-0.00146,0.00306
1790616550.744245,-0.01328,-0.01335,-1.00168,0.0059,0.00464,0.00883
1790616550.86512,-0.01602,-0.01262,-1.00231,0.00435,0.00325,0.01313
1790616550.964811,-0.01388,-0.01491,-1.00154,0.00523,0.00104,0.01635
1790616551.0680552,-0.00993,-0.00797,-1.00208,0.00296,0.00292,-0.012
1790616551.185004,-0.01413,-0.01026,-1.00346,0.00696,0.00348,0.01644
1790616551.304606,-0.01548,-0.01335,-1.00135,0.00552,-0.00173,0.02814
1790616551.404423,-0.01616,-0.01452,-1.00069,0.00531,0.00326,0.03078
1790616551.5072331,-0.01603,-0.01355,-1.0025,0.00539,0.00482,0.02957
1790616551.6044319,-0.02502,-0.02001,-1.00372,0.00499,-0.001,0.03688
1790616551.704871,-0.00197,0.00996,-1.00151,0.00466,0.00684,0.00063
1790616551.8251991,-0.00756,0.00721,-1.00203,0.00092,0.00431,0.00186
1790616551.926294,0.1468,0.40818,-1.00056,0.00033,0.00032,-1.23293
1790616552.027654,0.00825,0.03278,-0.99432,-0.00404,0.0169,-0.88461
1790616552.144106,0.03055,0.04919,-0.98737,0.02689,-0.00251,-1.00301
1790616552.2662652,0.00767,-0.02318,-1.01137,0.00284,0.00188,-0.97297
1790616552.3841689,0.0267,0.0306,-1.00679,0.0268,0.02404,-1.09369
1790616552.484195,0.00954,0.0204,-1.00109,-0.01901,0.03413,-1.01795
1790616552.584338,0.03323,0.0219,-0.98885,0.00401,0.04092,-1.00375
1790616552.684254,0.01052,-0.0015,-0.9948,0.00921,0.00263,-0.97552
1790616552.804068,-0.01919,-0.06453,-1.00566,0.02733,0.00279,-0.98903
1790616552.904211,0.00318,0.00621,-1.00717,0.01021,-0.00275,-1.06432
1790616553.004194,0.00668,-0.00034,-1.00505,0.04139,-0.00105,-0.89263
1790616553.104469,-0.01244,-0.02103,-1.01578,-0.00659,-0.0041,-0.75297
1790616553.204337,-0.00232,-0.01031,-1.01359,0.00254,0.01325,-0.7246
1790616553.327532,0.00593,-0.01741,-1.00995,0.00731,0.00666,-0.51058
1790616553.428389,-0.01067,-0.00867,-1.00339,-0.00342,0.00595,-0.38728
1790616553.52872,-0.00779,0.00899,-1.00136,0.00599,0.00207,-0.34003
1790616553.627531,-0.01682,-0.01427,-1.00226,0.00349,0.0062,-0.30136
1790616553.745119,0.00193,0.00955,-1.00264,0.00415,0.00423,-0.25783
1790616553.8454242,-0.00366,0.00242,-1.00297,0.00409,0.00643,-0.1757
1790616553.94458,0.01029,0.02489,-1.00198,0.00501,0.0003,-0.22377
1790616554.084733,0.00625,0.02163,-0.99988,0.00781,0.00776,-0.18922
1790616554.1846,-0.0095,-0.03386,-0.9999,0.00412,-0.0031,-0.08462
1790616554.284267,-0.00234,0.0273,-1.00055,0.00276,0.00579,-0.023
1790616554.384471,0.00573,0.02831,-1.00181,0.00142,0.00287,-0.03345
1790616554.503901,0.00627,0.02552,-1.00064,0.00113,0.00395,-0.03296
1790616554.6041238,5e-05,0.02006,-0.99959,0.00341,0.00358,-0.03319
1790616554.726221,-0.00565,0.012,-0.99962,0.004,0.00053,-0.01518
1790616554.844116,-0.0013,0.01119,-1.00125,0.00459,-0.00043,-0.01267
1790616554.9441679,0.00416,0.01444,-1.00135,0.00434,0.00217,-0.02727
1790616555.0452778,-0.00142,0.02853,-1.00083,0.00748,0.00334,-0.02533
1790616555.144532,0.00462,0.02422,-0.99948,0.00554,0.00286,-0.01088
1790616555.2445052,0.00713,0.02696,-1.0015,0.00102,0.00653,-0.01282
1790616555.368177,0.00483,0.02501,-1.00314,0.00227,0.005,-0.01197
1790616555.4649742,0.0048,0.02088,-1.00401,0.00296,0.00545,-0.00144
1790616555.5653389,0.08315,0.02994,-0.99882,0.00923,0.01545,-0.03652
1790616555.688679,0.23038,0.00747,-1.01384,-0.01416,-0.0175,-0.01836
1790616555.787101,0.13439,0.0355,-0.98088,0.01573,-0.02354,-0.06048
1790616555.9039922,-0.06298,0.03282,-1.03428,-0.00762,-0.05124,-0.03034
1790616556.003907,-0.13604,-0.02045,-0.99745,0.02537,-0.01043,0.00422
1790616556.104737,-0.00392,0.00589,-1.0037,-0.05708,0.01444,-0.01243
1790616556.2040489,0.09216,0.00112,-1.01306,-0.02057,-0.01102,-0.00532
1790616556.344574,-0.04267,0.03254,-1.01318,0.00831,-0.04594,-0.02943
1790616556.444146,-0.03938,0.13739,-0.98914,0.02313,-0.0113,-0.04227
1790616556.5444531,-0.00689,0.10616,-0.99499,0.02527,0.05816,0.06219
1790616556.644394,0.03627,0.01773,-0.99325,-0.00463,0.01715,-0.03126
1790616556.764724,-0.00178,-0.05588,-0.99368,0.03167,0.00742,0.02528
1790616556.886195,-0.03507,-0.09193,-1.00005,0.00792,-0.01775,0.02602
1790616556.985462,-0.03553,-0.04365,-0.96838,-0.01743,0.00021,0.00386
1790616557.0868638,-0.0163,0.01,-0.99624,0.00322,0.00931,-0.0267
1790616557.2042,-0.048,0.03576,-0.99013,-0.00813,-0.00834,0.03047
1790616557.303964,-0.07664,-0.01604,-1.00576,0.01101,-0.00597,0.02573
1790616557.404133,-0.06557,0.01455,-0.99652,-0.00446,0.00962,0.01111
1790616557.504113,-0.01997,0.0258,-0.99784,0.01446,0.01411,-0.00694
1790616557.604168,-0.02743,0.01506,-1.00736,0.00511,-0.01331,0.01294
1790616557.7040799,-0.01488,0.00885,-0.99948,-0.00451,-0.00123,0.00994
1790616557.824367,-0.01198,0.02712,-0.99919,0.01123,0.00085,0.00046
1790616557.925965,-0.00152,0.02165,-0.99737,-0.00448,0.01115,-0.00658
1790616558.025134,-0.00919,0.00644,-0.99351,0.00501,0.00021,0.00975
1790616558.1240919,-0.00988,0.01987,-1.00104,0.0007,0.00554,-0.01007
1790616558.2239628,-0.02802,-0.01631,-1.00272,0.01003,-0.00857,0.04407
1790616558.344157,-0.08049,0.01841,-0.99619,-0.00184,0.00148,-0.00281
1790616558.444082,-0.01589,0.02997,-0.99951,0.00624,0.00732,-0.02163
1790616558.58397,-0.02152,0.01162,-1.00291,0.00764,0.00388,0.00265
1790616558.686511,-0.01804,0.00961,-1.00071,0.0036,0.00282,0.0072
1790616558.804804,-0.01066,0.01451,-1.00085,0.00646,-0.00097,-0.00108
1790616558.904542,-0.00923,0.01311,-1.00176,0.00697,0.00377,0.00462
1790616559.003981,-0.00849,0.01107,-1.00134,0.00333,0.00217,0.00416
1790616559.103981,-0.01196,0.01185,-1.00335,0.00503,0.00392,0.00419
1790616559.203918,-0.01004,0.01232,-1.00166,0.00363,0.00361,0.00392
1790616559.304045,-0.0134,-0.00885,-1.00182,0.00671,0.00995,0.02991
1790616559.404319,-0.00863,0.01409,-1.0006,0.0049,0.00533,0.00542
1790616559.524203,-0.00659,0.01642,-1.00279,0.00297,0.00292,0.00286
1790616559.627651,-0.00741,0.02293,-1.00283,0.00306,0.00193,-0.0163
1790616559.724876,-0.00686,0.01757,-0.99917,0.00534,0.00476,-0.01406
1790616559.844394,-0.00881,0.01159,-0.99982,0.00226,0.00133,-0.00361
1790616559.94683,-0.01042,0.00633,-1.00094,0.00267,0.00482,0.00415
1790616560.047092,-0.00235,0.00857,-1.00132,0.00158,-0.00054,0.00191
1790616560.163925,-0.01984,0.00215,-1.00104,0.00189,0.00193,0.01467
1790616560.264454,-0.01507,-0.00165,-1.00051,0.00479,0.00668,0.02351
1790616560.3645818,-0.01473,-0.00343,-0.99926,0.00378,0.00622,0.02499
1790616560.464659,-0.01749,-0.00875,-1.0001,0.00583,0.00665,0.03053
1790616560.564167,-0.01834,-0.0206,-1.0005,0.00181,0.01086,0.05142
1790616560.686975,-0.01656,-0.02468,-1.00153,0.00618,0.0012,0.01436
1790616560.803954,-0.01673,-0.0066,-1.00158,0.00449,0.00507,0.02687
1790616560.903866,-0.01864,-0.00761,-0.99965,0.0055,0.00535,0.02738
1790616561.004284,-0.01536,-0.00841,-1.00087,0.00851,0.00414,0.02818
1790616561.104726,-0.01779,-0.00858,-1.0023,0.00412,0.00952,0.03056
1790616561.226012,-0.01924,-0.00911,-1.00077,0.0044,0.0021,0.03022
1790616561.325305,-0.00731,0.02105,-1.00274,0.00485,0.00329,0.01194
1790616561.425293,-0.00758,0.01423,-0.99925,0.00421,0.00397,0.01248
1790616561.546596,-0.01037,0.01441,-1.00007,0.00103,0.00199,0.01649
1790616561.645677,-0.00711,0.01768,-1.00066,0.0072,0.00162,0.01334
1790616561.7456121,-0.02393,0.01389,-1.00336,0.00507,0.00513,0.00937
1790616561.8639731,-0.00386,0.0275,-0.99966,0.00481,0.00444,-0.00918
1790616561.9641888,-0.00414,0.03059,-1.00279,0.00556,0.00063,-0.01161
1790616562.063967,-0.00548,0.02719,-1.00093,0.00379,0.00509,-0.00846
1790616562.164024,-0.00465,0.03114,-1.00142,0.0034,0.00249,-0.0132
1790616562.2844522,-0.00341,0.02885,-1.00058,0.00341,0.00296,-0.00963
1790616562.384676,0.00097,0.0296,-1.00073,0.00491,-0.0012,-0.02131
1790616562.485387,-0.00765,0.02285,-1.00122,0.00187,0.00431,-0.00423
1790616562.60462,-0.00149,0.02626,-1.00277,0.00643,0.00245,-0.00609
1790616562.704538,-0.00248,0.02711,-1.00322,0.0041,0.00382,-0.00982
1790616562.8240619,-0.00503,0.03046,-1.00189,0.00576,0.00062,-0.01521
1790616562.925982,-0.00549,0.02732,-1.00168,0.00459,0.0019,-0.01144
1790616563.044779,-0.00093,0.03123,-1.00226,0.00328,0.00211,-0.02219
1790616563.147035,0.00297,0.03803,-1.00069,0.00142,0.00335,-0.03221
1790616563.2474408,0.00104,0.036,-1.00168,0.00217,0.0027,-0.03545
1790616563.346889,-0.00106,0.03617,-1.00209,0.00317,0.00049,-0.03403
1790616563.4480069,-0.00284,0.03551,-1.00139,0.00123,-0.00161,-0.03419
1790616563.54687,-0.00109,0.03604,-1.0014,0.00366,0.00146,-0.03273
1790616563.66399,-0.00158,0.03769,-1.0033,0.00294,0.00388,-0.03765
1790616563.7649071,-0.00203,0.03637,-1.00474,0.00261,-0.00066,-0.04024
1790616563.8844779,-0.00626,0.03376,-1.00313,0.00565,0.00705,-0.02749
1790616563.984715,-0.00368,0.05279,-0.99887,0.00286,0.00206,-0.05063
1790616564.08533,-0.00351,0.02978,-1.00218,0.00014,0.00102,-0.03634
1790616564.184056,-0.00651,0.02819,-1.00153,0.0014,0.0021,-0.03636
1790616564.2864509,-0.00392,0.02729,-1.00269,0.00346,-0.00381,-0.0359
1790616564.38466,-0.00541,0.02623,-1.00204,0.00516,0.00046,-0.03291
1790616564.485333,-0.00251,0.02798,-1.00129,0.00119,-0.00219,-0.04261
1790616564.607451,-0.00785,0.01309,-0.99995,0.00282,0.00126,-0.01898
1790616564.707126,-0.00964,0.01291,-1.00101,0.00515,-0.00169,-0.02228
1790616564.8070788,-0.00847,0.01998,-1.00225,0.00356,-0.00123,-0.0267
1790616564.924022,-0.00585,0.02113,-0.99996,0.00492,0.00116,-0.02901
1790616565.023927,-0.0051,0.03309,-1.00148,0.00021,0.00027,-0.04675
1790616565.124395,-0.00486,0.03158,-1.00154,0.00571,0.00136,-0.03027
1790616565.2484531,-0.00448,0.03345,-1.00017,0.00337,-0.00123,-0.04275
1790616565.345365,-0.00148,0.03277,-1.00328,0.00467,0.00514,-0.04377
1790616565.446508,-0.00471,0.03185,-1.00137,-0.00075,0.00243,-0.03873
1790616565.5445518,-0.00257,0.03109,-1.00216,0.00153,-0.00145,-0.0419
1790616565.664002,-0.00271,0.02777,-1.00162,0.00051,0.00422,-0.01957
1790616565.7652328,-0.00818,0.01197,-1.002,0.001,0.0031,-0.02319
1790616565.864827,-0.01222,0.00901,-1.00196,0.00639,0.00391,-0.00839
1790616565.964052,-0.01344,0.00614,-1.0025,0.00537,0.00367,-0.00485
1790616566.0650592,-0.01319,0.00433,-1.00158,0.00452,0.0023,-0.00567
1790616566.164224,-0.00905,0.0152,-1.00219,0.00425,0.00127,-0.02007
1790616566.283812,0.08055,0.01008,-0.99901,0.00644,0.01713,-0.01199
1790616566.383873,0.23642,0.03368,-1.0174,0.00287,-0.01331,-0.11302
1790616566.484382,0.08345,-0.02386,-0.95992,-0.03947,0.03178,0.04482
1790616566.606792,-0.09976,-0.00047,-1.03858,-0.03216,-0.05966,0.07815
1790616566.707648,-0.11568,0.02705,-0.98501,-0.00737,0.00504,-0.03063
1790616566.823835,-0.00327,0.02098,-0.99041,0.00849,0.03077,-0.00477
1790616566.924073,0.02246,-0.01746,-1.01325,-0.00451,0.01769,0.03176
1790616567.024035,-0.05065,0.00667,-0.98527,-0.0015,-0.02527,-0.00807
1790616567.123998,-0.06443,-0.01051,-0.97605,-0.02734,0.0239,0.0316
1790616567.22475,0.01456,-0.03512,-0.97371,-0.0082,0.02639,-0.00287
1790616567.343976,0.02928,-0.0196,-0.97965,0.01613,0.02703,0.03323
1790616567.455651,0.01653,0.03476,-0.99748,0.00648,0.03657,-0.00367
1790616567.544395,-0.01888,0.02769,-1.01046,0.01416,-0.00317,-0.00943
1790616567.644227,-0.05259,-0.00475,-1.0269,0.05213,-0.03318,-0.00126
1790616567.7441568,-0.01173,0.02376,-1.00005,0.04923,-0.00734,-0.02115
1790616567.8642602,-0.02421,0.02916,-0.99273,0.00392,-0.0135,-0.0266
1790616567.964533,-0.10068,0.01165,-1.0093,0.00977,-0.00855,0.0029
1790616568.064775,-0.08604,0.02922,-1.00056,0.0001,0.00635,-0.02553
1790616568.1838899,-0.02994,0.0031,-0.99527,0.01806,0.01131,0.0077
1790616568.284516,0.03123,0.01099,-1.00361,0.00215,0.00351,-0.00384
1790616568.384088,0.00644,0.00588,-1.00383,-0.00657,-0.00023,-0.01082
1790616568.505748,-0.03839,0.01069,-0.99988,-0.00161,0.00111,0.01971
1790616568.605938,-0.02448,0.0126,-1.00136,0.00143,0.00082,-0.0022
1790616568.70518,-0.00566,0.01327,-1.00271,0.00238,0.00417,0.00059
1790616568.8042529,0.00836,0.01743,-1.00762,-0.00605,0.0005,-0.00441
1790616568.905455,0.0253,0.01204,-1.0021,0.00139,0.00167,0.00114
1790616569.024868,-0.0163,0.00458,-0.99678,-0.0016,0.017,0.01769
1790616569.1256409,-0.04621,0.00726,-1.00099,0.00334,0.00564,0.0143
1790616569.2241411,-0.02252,0.01232,-1.00083,0.00014,0.00906,0.002
1790616569.34489,0.00538,0.01158,-1.00089,0.00516,0.0055,0.01073
1790616569.444161,0.00637,0.01148,-1.00045,0.00399,0.00401,0.0048
1790616569.544481,0.00087,0.01255,-1.00257,0.00323,0.00181,0.00363
1790616569.667904,-0.00232,0.01225,-1.0024,0.00308,0.00248,0.00343
1790616569.784033,-0.00652,0.01283,-1.00253,0.0034,0.00421,0.00408
1790616569.884066,-0.00826,0.01076,-0.99927,0.00715,0.00192,0.0053
1790616569.984318,-0.00328,0.02227,-1.00149,0.00272,-0.00097,-0.01507
1790616570.084555,-0.00527,0.00778,-1.00195,0.00239,0.0016,0.00617
1790616570.203915,-0.00715,0.00983,-1.00213,-0.00011,0.00259,0.00454
1790616570.305353,-0.00747,0.00465,-1.00219,0.00523,0.00317,0.01309
1790616570.4243891,-0.00827,0.00591,-0.99969,0.00408,0.0043,0.01265
1790616570.523814,-0.00907,-0.00014,-1.00009,6e-05,0.00493,0.01623
1790616570.624287,-0.00999,-0.0009,-1.00108,0.00537,0.00257,0.02619
1790616570.7238789,-0.01117,-0.00227,-1.00061,0.00555,0.0032,0.02562
1790616570.8442712,-0.00973,-0.0005,-1.0006,0.00197,0.00686,0.04588
1790616570.943933,-0.0121,0.00557,-1.00087,0.00473,0.00074,0.02043
1790616571.044728,-0.0067,0.00572,-1.00139,0.00549,0.00397,0.02092
1790616571.1446881,-0.0057,0.00898,-1.00324,0.00689,0.00535,0.01961
1790616571.2447412,-0.00529,0.01118,-1.00136,0.00656,0.00055,0.01321
1790616571.344353,-0.0007,0.02358,-1.0015,0.01051,0.00354,-0.00107
1790616571.46644,-0.01037,-0.00791,-0.99944,0.00847,0.0049,0.02169
1790616571.5640872,-0.01316,-0.00478,-1.00133,0.00281,0.00124,0.01656
1790616571.665437,-0.01069,-0.00014,-1.00013,0.00537,0.00551,0.0165
1790616571.784265,-0.00964,-0.00151,-1.00066,0.00496,0.00461,0.01394
1790616571.884404,-0.01009,0.00023,-0.99932,0.00483,0.00209,0.01159
1790616571.984808,-0.01474,-0.0097,-1.00094,0.00757,0.00258,0.0161
1790616572.085972,-0.01106,-0.01629,-1.00097,0.00515,0.00205,0.03223
1790616572.184599,-0.00951,-0.00241,-0.99875,0.00377,0.00554,0.02196
1790616572.303705,-0.01398,-0.00907,-1.00109,0.00645,0.00666,0.01934
1790616572.405806,-0.00642,0.00524,-1.00123,0.00203,0.00284,-0.00213
1790616572.505501,0.01436,0.02415,-1.00176,0.00244,-0.0011,-0.01301
1790616572.604758,-0.0023,0.01879,-1.00131,0.00562,0.00725,-0.02709
1790616572.704978,-0.00714,0.00046,-1.00095,0.00665,-0.00017,0.00643
1790616572.804781,-0.00433,0.00872,-1.00212,0.00366,0.00162,-0.01426
1790616572.924653,-0.00132,0.02573,-1.00106,0.00244,-0.00104,-0.03082
1790616573.027724,0.01724,0.04203,-1.00196,-0.00347,0.00088,-0.02857
1790616573.1243489,-0.00388,0.03855,-1.00047,0.00532,0.0023,-0.02791
1790616573.2248478,0.0055,0.03139,-1.00174,0.00408,0.00152,-0.01851
1790616573.344312,0.0015,0.02883,-1.00102,0.00723,0.00731,-0.00564
1790616573.44403,-0.00285,0.01868,-1.00318,0.00534,0.00294,0.01356
1790616573.5442,-0.0078,0.00454,-1.00004,0.00708,0.00424,0.03124
1790616573.6640499,-0.01137,-0.00734,-1.00048,0.00514,0.00441,0.04221
1790616573.7725492,-0.01324,-0.01009,-1.00044,0.00838,-0.00014,0.03549
1790616573.864327,-0.01492,-0.01138,-1.00026,0.00301,0.00202,0.0299
1790616573.964389,-0.00952,0.00063,-1.00173,0.00753,0.00745,0.0089
1790616574.066188,-0.00895,-0.00066,-1.00001,0.00669,0.00254,0.00206
1790616574.2042298,-0.0094,-0.00217,-1.00053,0.00412,0.00264,0.00228
1790616574.3045938,-0.00812,0.00165,-1.00157,0.00025,0.00043,-0.00456
1790616574.405469,-0.00575,0.01113,-1.00076,0.00224,0.00462,-0.0184
1790616574.52579,-0.00065,0.021,-1.00149,0.00097,0.00193,-0.03144
1790616574.626529,-0.0059,0.00857,-0.99785,0.00702,0.00781,-0.00061
1790616574.72653,-0.00633,0.00292,-1.00026,0.00157,0.00586,0.00546
1790616574.844188,-0.00512,0.00414,-1.00224,0.00135,0.00152,-0.00865
1790616574.944021,-0.00683,0.00315,-1.00182,0.0037,0.00252,-0.00955
1790616575.043957,-0.00978,0.00214,-0.99974,0.00512,-0.00012,-0.00314
1790616575.144572,-0.00317,0.00626,-1.00078,0.00077,0.01324,-0.02913
1790616575.244232,0.00115,0.03055,-1.00176,0.00332,0.00553,-0.03846
1790616575.364306,-0.00174,0.02858,-1.00158,0.00327,-0.00012,-0.02209
1790616575.46464,-0.00071,0.01967,-1.00116,0.00514,0.00255,-0.03159
1790616575.5646012,0.0009,0.02197,-1.00166,0.00234,0.003,-0.03058
1790616575.664246,-0.01073,0.01867,-1.00173,0.00713,0.00173,-0.01218
1790616575.784574,-0.01203,-0.00337,-1.00162,0.00737,0.00243,0.03417
1790616575.883706,-0.0114,-0.00414,-0.99986,0.00628,0.00363,0.03238
1790616575.984498,-0.01188,-0.0068,-1.00023,0.00572,0.00461,0.03618
1790616576.084852,-0.01431,-0.01035,-1.00087,0.00431,0.0049,0.03603
1790616576.184282,-0.01191,-0.00553,-0.99912,0.00651,0.00542,0.03237
1790616576.3043818,-0.01254,-0.00442,-0.99902,0.00356,0.00616,0.03358
1790616576.411679,-0.01433,-0.00824,-0.99887,0.00617,0.00577,0.03285
1790616576.504322,-0.00739,0.00368,-1.00189,0.00653,0.00455,0.02245
1790616576.60386,-0.01076,0.00467,-0.99981,0.0045,-0.00216,0.02413
1790616576.725058,-0.01032,-0.00242,-1.00067,0.0043,0.00736,0.02557
1790616576.825265,-0.00811,-0.00026,-0.9987,0.00553,0.00501,0.02607
1790616576.925392,0.07252,0.01237,-1.00297,0.00095,0.01765,-0.02016
1790616577.043745,0.23558,0.01203,-1.00287,0.03214,0.0151,-0.10594
1790616577.144951,0.13313,0.02264,-1.00884,-0.03285,0.01652,0.01057
1790616577.2445922,-0.07665,0.01187,-1.01287,0.02432,0.01114,0.04698
1790616577.3438451,-0.12257,0.02315,-0.99326,-0.00413,0.00858,0.04332
1790616577.4642339,-0.01526,-0.00713,-0.99557,0.01042,0.01451,0.03596
1790616577.565071,0.05452,-0.00695,-0.99757,0.01377,-0.00095,0.08668
1790616577.664601,0.02944,0.01777,-1.00713,-0.02053,0.05369,0.00785
1790616577.7876768,-0.04014,0.03771,-1.00944,0.03279,0.04206,-0.01862
1790616577.884384,-0.03332,0.05878,-0.99124,0.04102,0.01733,-0.01592
1790616577.987906,0.01397,0.03712,-0.98966,0.00887,0.02837,0.03015
1790616578.087538,0.01754,0.01381,-1.00866,0.01082,0.00631,0.02944
1790616578.190093,0.00966,0.07755,-1.01985,0.03986,0.0054,-0.06198
1790616578.304239,-0.038,-0.01009,-0.99536,0.01139,0.02299,0.01602
1790616578.403832,0.00714,-0.02053,-0.9615,0.0695,-0.03955,0.00474
1790616578.504886,0.02749,-0.01374,-0.97734,0.03853,0.00839,-0.04359
1790616578.6254349,-0.03512,-0.07065,-1.0166,-0.03188,-0.00931,0.08844
1790616578.725256,-0.10595,0.04374,-0.99764,-0.01255,-0.01208,-0.05038
1790616578.845375,-0.04181,0.00361,-1.00131,0.00953,0.00284,0.00792
1790616578.944858,0.02797,-0.00179,-1.00563,-0.00266,0.00753,-0.00352
1790616579.0453188,0.03053,0.00968,-0.99654,0.01908,0.00031,0.01901
1790616579.164733,-0.03274,0.0268,-1.00229,0.0004,0.00764,-0.01138
1790616579.2681448,-0.04509,0.01006,-1.00106,0.00252,0.00081,0.01152
1790616579.364872,0.00527,0.02198,-1.00354,0.01242,0.00355,0.00532
1790616579.4649,0.04077,0.01328,-1.00165,0.00922,-0.00064,0.00245
1790616579.5881002,0.01896,0.00594,-1.00447,-0.00656,-0.0035,0.02856
1790616579.687298,-0.05008,0.00453,-0.99251,0.01009,0.0088,0.0097
1790616579.788169,-0.06898,-0.00228,-1.00058,0.00644,0.00399,-0.00922
1790616579.8873,-0.01831,0.01665,-1.00175,0.00725,0.00337,0.00397
1790616579.987904,-0.01184,0.0115,-1.00134,0.0042,0.0014,0.00445
1790616580.105014,-0.00439,0.01549,-1.00002,0.00389,0.0046,0.00468
1790616580.204831,-0.00163,0.01408,-1.00268,0.00209,0.0057,0.00231
1790616580.30525,-0.0004,0.01397,-0.99977,0.00448,0.00191,0.00192
1790616580.424576,-0.00197,0.01462,-1.00159,0.002,0.0052,0.00413
1790616580.524638,-0.00213,0.0128,-1.00353,0.00576,0.0031,0.00484
1790616580.625004,-0.00325,0.00523,-0.99966,0.00793,0.00277,0.01327
1790616580.724938,-0.00108,0.01797,-1.00218,0.00187,0.00501,0.00067
1790616580.824971,-0.00152,0.01328,-1.00247,0.00561,0.00475,0.0082
1790616580.944695,-0.00232,0.01427,-1.00064,0.00501,0.00362,0.00125
1790616581.044814,-0.00368,0.01385,-1.00118,0.00535,0.00152,0.00129
1790616581.145016,-0.00202,0.0147,-1.00251,0.00449,0.00322,0.00436
1790616581.244873,-0.00116,0.01637,-1.00254,0.00268,0.00022,-0.00204
1790616581.3648682,-0.00059,0.01636,-1.00204,0.00391,0.00189,-0.0034
1790616581.464963,-0.00409,0.01516,-1.00048,0.00424,0.00533,-0.00087
1790616581.5654132,-0.00698,0.00783,-1.00197,0.00346,0.00212,0.00769
1790616581.665529,-0.00458,0.00679,-1.00236,0.00257,0.00293,0.0153
1790616581.785868,-0.00547,0.00926,-1.00042,0.00387,0.00169,0.01658
1790616581.885024,-0.00249,0.01348,-1.0011,0.00333,0.00294,0.01083
1790616582.0050502,-0.00403,0.0466,-1.00509,-0.00818,-0.01639,-0.04877
1790616582.1048698,-0.01222,0.03119,-0.99914,0.00654,-0.00846,-0.0335
1790616582.2047842,-0.00981,0.01151,-1.00123,0.00512,-0.00319,0.007
1790616582.305045,-0.00702,0.01803,-1.00101,0.00389,0.00607,0.00175
1790616582.405453,-0.00718,0.01336,-1.00093,0.00126,0.00469,0.00323
1790616582.524766,0.00536,0.0243,-0.99712,-0.00252,0.02464,-0.00229
1790616582.62467,-0.00506,0.01366,-1.00198,0.00433,0.00187,-0.00968
1790616582.724823,-0.0011,0.00074,-1.00386,0.00131,0.00367,0.0048
1790616582.824814,-0.0049,0.01844,-1.00197,0.00787,0.00137,0.00967
1790616582.925827,-0.00471,0.0044,-1.0023,0.00344,0.00542,0.01364
1790616583.0258062,-0.0021,0.01006,-1.0009,0.0025,0.00528,0.02059
1790616583.150815,0.041,0.01661,-0.99835,0.01343,-0.0092,-0.00638
1790616583.265604,0.00232,0.02791,-1.00206,0.00156,-0.00145,-0.02322
1790616583.36561,0.0015,0.02501,-1.00007,0.00663,0.00236,-0.0137
1790616583.465943,-0.0011,0.01924,-1.00292,0.00213,0.00329,-0.01273
1790616583.565714,-0.00165,0.0197,-1.00216,0.00369,0.00323,-0.00681
1790616583.6657732,-0.01482,-0.00526,-1.00187,0.00337,0.00172,0.02043
1790616583.786689,-0.00619,0.00318,-1.00193,0.00571,0.00568,0.02578
1790616583.885789,-0.00854,-0.00154,-1.00213,0.00273,0.00577,0.02601
1790616583.9857621,0.0005,0.0032,-1.0008,0.0026,0.00645,0.02088
1790616584.105619,-0.01289,0.0131,-1.00084,0.00564,0.00266,-0.0161
1790616584.205662,0.00273,0.03593,-1.0027,0.00515,0.0037,-0.03189
1790616584.306477,0.00735,0.02916,-1.0026,0.00513,0.00503,-0.0197
1790616584.406115,0.00299,0.03451,-1.00117,0.0044,0.00316,-0.02025
1790616584.525764,0.0088,0.05473,-1.00154,0.00725,0.00079,-0.0645
1790616584.625717,0.00122,0.02483,-1.00377,0.00263,0.00097,-0.03193
1790616584.7257001,-0.00167,0.02597,-1.0014,0.00502,0.00409,-0.022
1790616584.826359,0.00383,0.02757,-1.00247,0.00612,0.00257,-0.02216
1790616584.925897,0.00245,0.03005,-1.00127,0.00623,0.00225,-0.02461
1790616585.047688,0.0001,0.02989,-1.00237,0.00406,0.00205,-0.02778
1790616585.149438,0.00322,0.03157,-1.00116,0.00303,-0.00058,-0.03099
1790616585.246573,-0.00274,0.02183,-1.00084,0.00228,-0.00359,-0.01097
1790616585.36621,-0.00159,0.02165,-1.00049,0.00523,0.0067,-0.02174
1790616585.465717,0.00047,0.0222,-1.00226,0.0047,-0.0006,-0.02402
1790616585.565783,-0.00106,0.02298,-1.00071,0.00546,0.00033,-0.02354
1790616585.685803,0.00018,0.01993,-1.00114,0.00704,-0.00171,-0.00885
1790616585.7855759,-0.03643,-0.03942,-1.00248,0.0069,-0.00688,0.06147
1790616585.8857868,-0.01141,-0.00261,-1.00137,0.00487,-0.00321,0.04013
1790616585.985899,-0.00799,-0.00296,-1.00283,0.00461,0.00499,0.04112
1790616586.086057,-0.00767,-0.00084,-1.00214,0.00386,-0.00154,0.03816
1790616586.207953,-0.00703,-0.00171,-1.0011,0.00694,0.00133,0.03742
1790616586.3069792,-0.0097,-0.00827,-1.00284,0.0079,-0.00061,0.05554
1790616586.4093518,-0.01603,-0.00243,-1.00199,0.00747,0.00149,0.03049
1790616586.527141,-0.00595,-0.00333,-1.00227,0.00551,0.00472,0.03639
1790616586.625773,-0.00661,-0.00344,-1.00017,0.00318,0.00244,0.04093
1790616586.725754,-0.0105,-0.00646,-1.00176,0.00833,0.00028,0.04015
1790616586.845749,-0.00848,-0.0065,-1.00006,0.00484,-0.00438,0.04104
1790616586.946346,-0.00812,-0.0033,-1.00151,0.00745,-0.00351,0.03975
1790616587.046186,-0.00997,-0.00462,-1.00276,0.00493,0.0026,0.03278
1790616587.165579,-0.00782,-0.00261,-0.99913,0.00515,-0.00198,0.03625
1790616587.2660108,-0.00716,0.00205,-1.0011,0.00195,0.0022,0.03396
1790616587.386113,-0.0077,0.00122,-1.00111,0.00417,0.0009,0.03957
1790616587.4856262,-0.00825,0.00292,-0.99989,0.00576,-0.0003,0.03665
1790616587.585715,-0.00699,0.0059,-1.00073,0.00427,0.00573,0.03095
1790616587.706717,-0.00327,0.01286,-1.00119,0.00136,0.00237,0.02395
1790616587.807741,0.00181,0.02381,-1.003,-0.00229,-0.00208,0.00529
1790616587.90606,0.01132,0.04732,-1.00134,0.00192,0.00492,-0.06436
1790616588.0078661,-0.00461,-0.00091,-1.00176,0.00631,0.00071,-0.01491
1790616588.106504,-0.00148,0.01244,-0.99962,0.00691,0.00386,-0.01525
1790616588.208162,-0.00775,0.0012,-1.00068,0.00434,0.00068,0.00018
1790616588.325553,-0.00951,0.00057,-1.00154,0.0009,0.00256,0.00439
1790616588.425539,-0.00621,0.00374,-1.00021,0.00493,0.0025,0.00798
1790616588.525758,-0.00731,0.0067,-1.00107,0.00415,0.00453,0.00545
1790616588.625621,-0.01966,-0.03692,-1.00225,0.00545,-0.00783,0.04855
1790616588.7262468,-0.01632,-0.00856,-1.00118,0.00901,-0.00108,0.02866
1790616588.8456728,-0.00509,0.03516,-1.0026,0.0003,0.00638,0.00994
1790616588.945754,-0.00718,0.03651,-1.00015,0.00197,0.00106,-0.03439
1790616589.065759,0.00536,0.02993,-0.99914,0.00447,-0.00032,-0.03441
1790616589.165632,-0.00281,0.02064,-1.00079,0.00437,0.00288,-0.01816
1790616589.2856472,-0.00251,0.01231,-1.00003,0.00406,0.00281,-0.00854
1790616589.385622,-0.0353,-0.01586,-0.99999,0.00715,-0.01445,0.03011
1790616589.506829,-0.02393,-0.02717,-0.99884,0.03778,-0.01842,0.03243
1790616589.605668,0.0003,0.04097,-1.00248,-0.00462,0.00689,0.00162
1790616589.705909,-1e-05,0.02505,-1.00004,0.00177,0.00424,-0.00066
1790616589.806731,0.00131,0.02094,-0.9995,0.00408,0.00291,-0.00132
1790616589.925834,0.00163,0.02667,-1.00111,0.00531,0.00561,-0.00384
1790616590.0261,0.00181,0.02732,-1.00096,0.00713,-0.00297,-0.00365
1790616590.1253529,-0.02197,0.03822,-1.00418,-0.01001,0.02044,-0.00835
1790616590.245592,0.00111,0.03965,-1.00115,-0.0007,-0.00166,-0.02734
1790616590.3456671,0.0053,0.03394,-0.99943,0.00702,0.00551,-0.01691
1790616590.4458392,0.00499,0.03159,-1.00139,0.00728,0.00234,-0.01163
1790616590.567418,0.00166,0.03116,-1.00129,0.00419,0.00299,-0.01109
1790616590.667229,0.02453,0.02327,-0.99944,0.00253,0.01037,-0.01315
1790616590.76822,0.00018,0.032,-1.00146,0.00247,-0.00015,-0.02126
1790616590.865815,0.00281,0.03488,-1.00193,0.00219,0.0074,-0.01952
1790616590.967556,-0.00317,0.06123,-1.00183,0.00582,0.00632,-0.03352
1790616591.068204,0.0043,0.02616,-1.00168,0.00401,-0.00194,-0.0206
1790616591.168205,0.00212,0.04033,-1.00135,0.00384,0.00032,-0.03145
1790616591.28581,0.00569,0.03592,-1.0024,0.00698,0.00273,-0.02378
1790616591.385727,-0.00258,0.02637,-1.00122,0.00239,0.00418,0.00551
1790616591.4858801,0.0141,0.01413,-1.00023,0.00177,0.00809,0.02351
1790616591.587101,0.00164,0.00741,-0.99903,0.00427,-0.01025,0.01534
1790616591.6858041,0.00325,0.01988,-1.00073,0.00526,0.01101,0.02475
1790616591.805515,-0.01571,0.02422,-1.0034,5e-05,0.00176,-0.03051
1790616591.905793,0.00882,0.03721,-1.00123,-2e-05,-0.00105,-0.02046
1790616592.0057018,0.00507,0.03572,-1.00198,0.0033,0.00523,-0.01258
1790616592.125618,0.0025,0.02864,-1.00134,0.00387,0.00155,-0.00412
1790616592.2256892,-0.00247,0.01533,-1.00102,-1e-05,0.00559,-0.02242
1790616592.325877,0.0024,0.03381,-1.00235,0.00066,0.00101,-0.03422
1790616592.4455051,0.00255,0.0355,-1.0034,0.00187,0.00165,-0.03942
1790616592.545609,0.00037,-0.0265,-1.0011,0.00459,0.0,-0.00778
1790616592.645705,-0.00467,0.00156,-1.00397,0.00576,0.00407,-0.00107
1790616592.745875,-0.00783,0.00452,-1.00207,0.00023,0.00367,0.00073
1790616592.845943,-0.0052,0.00698,-1.00037,0.00272,0.00353,-0.0027
1790616592.966335,-0.00312,0.01266,-1.00147,0.00638,0.00598,-0.0167
1790616593.067623,-0.00149,-0.01423,-0.99996,0.0028,0.00951,0.01425
1790616593.171602,-0.00698,-0.01008,-1.00203,0.00343,0.00662,0.01369
1790616593.2658932,-0.01448,-0.01369,-1.00238,0.00376,0.00312,0.04917
1790616593.385674,-0.01957,-0.03392,-1.00105,0.00633,0.00661,0.04892
1790616593.485894,-0.01187,-0.00494,-1.00046,0.0073,-0.00029,0.0472
1790616593.585481,-0.0104,-0.00161,-0.99937,0.006,0.00287,0.04212
1790616593.686041,-0.01064,-0.00382,-1.00027,0.00729,0.00241,0.04092
1790616593.8056488,-0.00745,0.01123,-1.00203,0.00689,0.00389,0.01246
1790616593.9058392,-0.00276,0.01544,-0.99995,0.00318,0.00424,0.03074
1790616594.006712,-0.00575,0.01237,-1.00063,0.0047,0.0003,0.02478
1790616594.125691,-0.01289,0.00127,-1.00081,0.00598,-0.0001,0.0409
1790616594.2256699,-0.01293,-0.00581,-1.00157,0.00822,0.00384,0.04057
1790616594.325181,-0.0107,-0.0058,-1.00131,0.00644,0.00336,0.04049
1790616594.446454,-0.01203,-0.00657,-1.0003,0.00636,0.0011,0.03967
1790616594.5674062,-0.01189,0.00443,-1.00174,0.00591,0.00662,0.00377
1790616594.6667469,-0.00592,0.00572,-1.00189,0.00835,0.00208,0.03767
1790616594.785474,-0.00869,-0.0096,-1.0021,0.00385,0.0061,0.03127
1790616594.8854568,-0.00991,-0.00715,-1.00154,0.00716,0.00652,0.0115
1790616594.985676,-0.02126,-0.01459,-0.99943,0.01108,0.0037,0.04607
1790616595.085531,-0.01094,-0.00911,-1.00093,0.00579,0.00396,0.02665
1790616595.1856608,-0.00656,0.0069,-1.00233,0.00267,0.00305,0.00016
1790616595.305909,-0.00134,0.02069,-1.00127,0.0044,0.00016,-0.02364
1790616595.405495,0.00217,0.02306,-1.00368,0.0043,-0.00306,-0.00736
1790616595.505549,-0.00765,0.01978,-1.00381,0.00517,-0.00034,-0.02818
1790616595.605723,0.00483,0.03152,-1.00144,0.00444,0.00489,-0.04109
1790616595.7057111,0.00872,0.037,-1.00228,0.00256,-0.00124,-0.03916
1790616595.827959,0.00193,0.03121,-1.00115,0.00678,0.00338,-0.00818
1790616595.945801,0.0014,0.02561,-1.00337,0.00274,-0.00062,-0.0018
1790616596.045542,-0.00045,0.02317,-1.00169,0.00035,-0.00014,0.00966
1790616596.14559,-0.00555,0.01488,-1.00116,0.00227,0.00513,0.0241
1790616596.2455082,-0.01064,0.00752,-0.99998,0.00447,0.0006,0.03005
1790616596.345803,-0.00864,0.0003,-0.99981,0.00592,0.00855,0.03705
1790616596.446184,-0.0109,-0.00516,-1.00009,0.00259,0.00437,0.04198
1790616596.545704,-0.01107,-0.0072,-0.99909,0.00591,0.00391,0.03213
1790616596.666445,-0.01153,-0.00431,-0.99985,0.00563,0.00591,0.02108
1790616596.78548,-0.00398,0.00619,-1.0011,0.00381,0.00529,-0.0041
1790616596.885934,0.00133,0.02317,-1.00211,0.00291,0.00327,-0.02704
1790616596.985548,0.00535,0.03137,-1.00276,0.00143,-0.00234,-0.0352
1790616597.086025,0.0039,0.03187,-1.00263,0.00399,0.0014,-0.03012
1790616597.1858602,9e-05,0.03976,-1.00297,0.00415,-0.00094,-0.02847
1790616597.3059049,0.00842,0.0367,-1.00327,0.00413,0.00198,-0.01556
1790616597.405696,-0.00539,0.01585,-1.00135,0.00542,-0.00368,0.01501
1790616597.527298,-0.01228,-0.00922,-1.00057,0.00689,0.00337,0.04531
1790616597.6295848,-0.01325,-0.00686,-1.00074,0.00511,0.01054,0.0359
1790616597.725722,-0.01681,0.00172,-1.00033,0.00713,0.00532,0.03998
1790616597.84545,-0.00264,0.00817,-1.00239,0.00461,0.00142,-0.00738
1790616597.945683,0.00048,0.02202,-1.00472,0.00758,-0.00313,-0.00889
1790616598.045815,-0.03515,-0.04747,-0.99572,0.01481,0.00297,0.07372
1790616598.146683,-0.00639,-0.00987,-1.00114,0.01,0.00593,0.03494
1790616598.2654872,-0.00347,-0.00514,-1.00028,0.00667,0.00619,0.00621
1790616598.36562,0.00164,0.02843,-1.00354,0.00217,0.00255,-0.03456
1790616598.465537,-5e-05,0.02153,-1.00363,0.00603,0.00429,0.00393
1790616598.5672162,-0.00568,0.01857,-1.00184,0.00597,0.00305,0.02272
1790616598.665567,-0.01032,-0.00537,-0.99958,0.00838,0.00088,0.03459
1790616598.7855449,-0.00686,0.00799,-1.00075,0.0059,0.00889,0.0097
1790616598.905704,0.00266,-0.01793,-0.99678,0.00559,0.00654,0.00992
1790616599.005682,-0.00293,0.01768,-1.0018,0.00199,0.00756,-0.0209
1790616599.1065001,0.00071,0.02606,-1.00026,0.00652,0.00181,0.01313
1790616599.205647,-0.00109,0.0094,-1.00076,0.00467,0.00811,0.02905
1790616599.305502,-0.0083,-0.00617,-1.00008,0.00408,0.00577,0.02638
1790616599.425652,-0.00496,0.01034,-1.00024,0.00434,0.00118,-0.00576
1790616599.5259142,0.00475,0.03292,-1.00377,0.00358,0.00242,-0.02103
1790616599.626345,-0.00137,0.01792,-1.00225,0.00483,0.00145,0.01703
1790616599.7457159,-0.00943,-0.0009,-1.00112,0.00765,0.00809,0.03375
1790616599.845975,-0.03019,0.00377,-1.00312,-0.00857,0.01588,-0.00292
1790616599.9670038,-9e-05,0.02049,-1.00065,0.00173,0.00071,-0.02532
1790616600.0660741,0.00081,0.02921,-1.00197,0.00452,-0.00091,-0.02595
1790616600.165476,0.00635,0.02898,-1.00426,0.00097,-0.0015,-0.02591
1790616600.265771,0.00017,0.02186,-1.00187,0.00218,0.00121,0.00191
1790616600.386702,-0.00979,0.02739,-1.00213,0.00435,0.00088,-0.00681
1790616600.4871109,-0.00752,-0.00116,-1.00076,0.00435,0.00805,0.0333
1790616600.5861702,-0.00291,-0.00474,-0.99933,0.01032,0.02134,0.04729
1790616600.687916,-0.00731,-0.03995,-0.99799,0.0056,0.00609,0.03468
1790616600.7881868,-0.00935,-0.00352,-0.99888,0.0048,0.00665,0.03497
1790616600.905789,0.11886,0.36362,-1.0034,-0.07977,0.00327,-1.17409
1790616601.005402,0.02122,0.03999,-1.0067,0.00022,0.00988,-0.78758
1790616601.1062012,0.00256,-0.00683,-1.01432,0.00392,0.01629,-0.96258
1790616601.205842,0.00971,0.0256,-0.99214,0.01084,0.01735,-1.01195
1790616601.325332,0.00237,-0.00832,-0.99375,0.01457,0.00769,-1.01289
1790616601.425442,-0.00194,-0.00048,-1.00924,0.02927,0.00946,-1.0285
1790616601.5273988,0.01712,0.01947,-0.98949,0.03795,0.01967,-1.13879
1790616601.626155,0.02264,0.04544,-0.98238,0.01736,0.02737,-1.05604
1790616601.745694,-0.02024,0.00808,-1.01195,-0.02579,0.00192,-0.98087
1790616601.8456519,-0.00035,0.02139,-1.01426,0.00449,0.01288,-0.89223
1790616601.965389,0.00255,0.01867,-1.00411,0.01692,0.00432,-0.72604
1790616602.065453,-0.01358,-0.0108,-1.00354,-0.00697,0.02616,-0.64738
1790616602.165628,-0.00696,-0.00263,-1.00102,0.0165,0.00491,-0.54222
1790616602.2866828,-0.00384,0.01917,-0.99879,0.00797,-0.00032,-0.46214
1790616602.3873339,-0.01863,0.02127,-1.00173,-0.00668,-0.00154,-0.3815
1790616602.4866838,-0.0132,0.0112,-1.00641,0.01045,0.00024,-0.27999
1790616602.586998,-0.00785,-0.0021,-1.00391,0.00567,0.0049,-0.26089
1790616602.6866481,-0.0097,0.00225,-1.00256,0.00498,0.0029,-0.18321
1790616602.7868822,-0.02346,0.05037,-1.00243,0.00344,0.00413,-0.19009
1790616602.8864372,-0.02813,0.00686,-0.99926,-0.00607,0.01061,-0.18382
1790616602.987496,-0.02148,-0.00157,-1.00492,0.00701,-0.00253,-0.0192
1790616603.1063402,-0.0037,0.00436,-1.00015,0.00354,0.00812,0.01492
1790616603.205801,-0.01161,0.0071,-1.00119,0.00229,0.00393,0.01097
1790616603.305561,-0.01549,0.01676,-1.00144,0.00223,0.00421,-0.01342
1790616603.426223,-0.00357,0.03319,-1.00171,0.00526,0.00575,-0.02911
1790616603.525955,-0.00474,0.03196,-1.00161,0.0049,0.00363,-0.01889
1790616603.62557,-0.01041,0.02371,-1.00215,0.00425,0.00366,0.00863
1790616603.725833,-0.00473,0.0303,-1.00237,0.00254,0.0033,-0.02537
1790616603.847996,-0.01313,0.02473,-1.00254,0.00506,0.00621,-0.02304
1790616603.947767,-0.00558,0.03254,-1.00349,0.00441,0.00867,-0.0036
1790616604.0473979,-0.0114,0.0118,-1.00181,0.00502,0.0041,0.02826
1790616604.147538,-0.02033,-0.00144,-1.00106,0.00499,0.00015,0.0353
1790616604.246764,-0.02212,-0.00029,-1.00116,0.00586,0.00706,0.02408
1790616604.3653,0.17653,0.03205,-0.99753,-0.0029,0.02576,-0.06548
1790616604.46542,0.19273,-0.02368,-0.9833,0.01818,0.01634,-0.02292
1790616604.5654368,0.00686,-0.00066,-0.98963,0.03573,-0.04164,-0.01536
1790616604.665451,-0.13347,0.02075,-0.97751,0.01149,0.00297,-0.04751
1790616604.766114,-0.09792,0.01836,-0.99288,0.00535,0.03932,0.01425
1790616604.8660889,0.04374,0.03946,-0.97913,0.03489,0.02697,-0.01038
1790616604.965916,0.0812,0.02569,-0.98784,0.01662,0.0219,-0.01233
1790616605.0861251,-0.02875,0.02279,-1.01443,0.00403,0.00121,-0.03352
1790616605.186731,-0.07791,-0.01463,-0.98561,0.01536,-0.00787,0.0385
1790616605.2870138,-0.05807,0.0151,-1.01669,0.00618,-0.00242,0.01738
1790616605.388435,0.02289,0.00148,-0.98704,0.00811,0.03181,0.03444
1790616605.48541,0.01994,0.00557,-1.0214,-0.02491,0.00837,0.04702
1790616605.605546,-0.0045,0.03756,-1.00159,0.01357,-0.03353,0.01145
1790616605.705875,-0.04401,0.02629,-1.02086,0.02645,-0.01279,-0.01396
1790616605.8254662,-0.05611,0.00543,-1.00207,0.00216,-0.01916,0.00826
1790616605.925455,-0.0716,0.00134,-1.02767,0.01636,-0.02033,0.01612
1790616606.025601,-0.09404,-0.00213,-1.00499,0.0084,-0.00194,0.01803
1790616606.1256042,-0.04249,0.01579,-1.0089,-0.00623,0.00647,0.0008
1790616606.225442,-0.00822,0.00572,-1.00351,0.00507,0.00935,0.01138
1790616606.346466,-0.01166,0.02532,-1.00194,0.00567,0.00375,-0.00737
1790616606.4466538,-0.03022,0.02138,-1.00062,0.00871,-0.00445,-0.00706
1790616606.5482292,-0.03013,0.02352,-0.99519,0.01336,0.01488,-0.01913
1790616606.648154,-0.03012,0.01155,-0.99884,0.01032,0.01275,0.02207
1790616606.747373,0.02177,0.00947,-0.99988,0.00499,0.00337,0.0037
1790616606.867541,-0.01539,0.00821,-1.0045,0.0127,-0.00059,0.00251
1790616606.967736,-0.04181,0.0036,-1.00241,-0.00206,0.00451,0.00643
1790616607.0881898,-0.09415,-0.00038,-0.99909,0.00606,0.00548,0.02835
1790616607.187683,-0.04169,0.00417,-1.00194,0.00363,0.00607,0.01439
1790616607.288348,-0.02603,0.01655,-1.00194,0.00569,0.00471,0.00235
1790616607.3880541,-0.0167,0.01855,-1.00067,0.0042,0.00595,0.00287
1790616607.487803,-0.01055,0.01518,-1.00089,0.00528,0.00397,0.0034
1790616607.587588,-0.0117,0.01738,-1.00241,0.00698,0.00461,0.00334
1790616607.708512,-0.01692,0.01455,-1.0003,0.00527,0.00415,0.00431
1790616607.827625,-0.01534,0.01512,-1.00112,0.00656,0.00205,0.00371
1790616607.927546,-0.01445,0.01806,-1.0021,0.00437,0.00392,0.00205
1790616608.027733,-0.01237,0.02167,-1.00076,0.00657,0.00153,-0.00512
1790616608.1276019,-0.01322,0.02353,-1.00355,0.00222,0.00255,-0.00758
1790616608.227476,-0.01404,0.02202,-1.00215,0.00292,0.00395,-0.00486
1790616608.34898,-0.01012,0.02459,-1.00299,0.00381,0.00017,-0.00262
1790616608.448788,-0.01325,0.02094,-1.00133,0.0066,0.00619,0.0018
1790616608.551918,-0.01483,0.01973,-1.00186,0.00559,0.00302,0.01215
1790616608.6483562,-0.0205,0.00314,-1.00043,0.00467,-0.00143,0.03018
1790616608.747699,-0.02261,0.01168,-1.00359,0.00282,0.00109,0.01795
1790616608.8673658,-0.01594,0.00781,-1.00151,0.00741,0.00351,0.0212
1790616608.967345,-0.01748,0.00849,-1.00205,0.00251,0.00279,0.01721
1790616609.067542,-0.01936,0.00358,-1.00194,0.00623,0.00481,0.01918
1790616609.167499,-0.01717,0.01382,-1.00269,0.0045,0.00029,-0.00305
1790616609.2676868,-0.02252,0.00059,-0.99988,0.00544,0.00348,0.035
1790616609.3675158,-0.02125,0.00323,-1.00161,0.00504,0.00479,0.02731
1790616609.467863,-0.02016,0.00095,-1.00079,0.00701,0.00119,0.02954
1790616609.567824,-0.0171,0.00443,-1.00118,0.00217,0.00413,0.01836
1790616609.6872902,-0.02055,0.00673,-1.00056,0.00049,0.00117,0.0184
1790616609.7880478,-0.01708,0.01296,-1.00137,0.00548,0.00501,0.00043
1790616609.8875608,-0.01461,0.01286,-1.00161,0.00586,0.00528,0.00925
1790616609.988248,-0.02074,0.00166,-1.00245,0.0024,0.00212,0.01493
1790616610.107785,-0.01824,0.00837,-1.00079,0.00378,0.00622,0.00681
1790616610.2079859,-0.01424,0.01981,-1.00188,0.00345,0.00101,-0.01638
1790616610.3273978,-0.01061,0.03154,-1.00295,0.00276,0.00683,-0.03101
1790616610.4275682,-0.01445,0.02542,-1.00327,0.00368,0.00368,-0.01999
1790616610.5276449,-0.01134,0.02882,-1.0013,0.00016,0.00192,-0.02665
1790616610.627506,-0.00853,0.03353,-1.00043,0.00183,0.00368,-0.02816
1790616610.728787,-0.00822,0.03533,-1.00182,0.00168,0.00688,-0.02525
1790616610.847595,-0.00911,0.03151,-1.00251,0.00332,0.0043,-0.00709
1790616610.947383,-0.02594,0.01475,-1.00259,0.00477,0.00071,-0.00126
1790616611.047601,-0.01301,0.02309,-1.00216,0.00481,0.00358,0.00738
1790616611.147512,-0.01175,0.01884,-1.00201,0.00749,0.00213,0.00773
1790616611.2481658,-0.01406,0.0161,-1.00115,0.00473,0.00584,0.01247
1790616611.370518,-0.01791,0.01077,-1.00227,0.00451,0.00306,0.02571
1790616611.467723,-0.01859,0.00158,-1.0026,0.00577,0.00021,0.02809
1790616611.5700018,-0.02107,0.00158,-1.00135,0.00553,-0.00025,0.03414
1790616611.6703758,-0.02256,-0.00184,-1.00068,0.00429,0.00171,0.02709
1790616611.772118,-0.02343,0.00187,-1.00238,0.00566,0.00031,0.01751
1790616611.871157,-0.0203,0.00617,-1.0012,-0.00038,0.00452,0.0096
1790616611.9909408,-0.01718,0.00919,-1.00105,0.00285,0.00686,-0.00257
1790616612.090903,-0.01639,0.01371,-1.00151,0.00404,0.00046,-0.00891
1790616612.191091,-0.01556,0.0179,-1.00083,0.00554,0.00323,-0.01375
1790616612.332105,-0.0089,0.02925,-1.00122,0.00483,0.00327,-0.03287
1790616612.4303832,-0.01012,0.03457,-0.9999,0.00289,0.0054,-0.03571
1790616612.530748,-0.01955,-0.00726,-1.00262,0.00479,-0.00033,0.00895
1790616612.650337,-0.02016,0.00258,-1.00232,0.00504,0.00378,0.01218
1790616612.7504818,-0.02116,0.00687,-1.00352,0.00283,-0.00036,0.00666
1790616612.870243,-0.01889,0.00459,-1.00259,0.00458,0.00126,0.00188
1790616612.972447,-0.01683,0.01159,-0.99977,0.00384,0.00201,-0.00799
1790616613.071533,-0.01259,0.02792,-1.0023,0.00562,0.00026,-0.0125
1790616613.1709282,-0.01463,0.02984,-1.00107,0.00131,0.00315,-0.02426
1790616613.271211,-0.01629,0.01915,-1.00119,0.00299,0.00515,-0.01668
1790616613.39046,-0.01801,0.01198,-1.00168,0.0039,0.00198,-0.00368
1790616613.490429,-0.02562,0.0239,-1.00221,0.00122,0.00834,-0.01686
1790616613.590421,-0.01774,0.01885,-1.00292,0.00202,-0.00303,-0.02926
1790616613.6904461,0.00182,0.04001,-0.99986,0.00874,0.01099,-0.00508
1790616613.810452,-0.01092,0.00761,-0.99701,0.01172,0.00846,0.00902
1790616613.910725,-0.02187,-0.01532,-1.00084,0.00201,0.01204,0.01754
1790616614.010506,-0.01781,0.01615,-1.00143,0.00662,0.0013,0.01604
1790616614.1103208,-0.02165,0.00015,-0.99943,0.00661,0.00193,0.0276
1790616614.230601,-0.0064,0.00475,-1.00076,0.00359,0.00429,-0.00872
1790616614.332989,-0.01921,0.02048,-1.00371,0.00716,0.00361,0.00127
1790616614.432357,-0.01152,0.02469,-1.00226,0.00543,0.00267,-0.00012
1790616614.532087,0.0056,0.04462,-1.00253,0.00798,-0.00364,-0.0436
1790616614.6504478,-0.0138,0.02628,-1.0032,0.00223,0.0001,-0.036
1790616614.7505128,-0.01742,0.02199,-1.00143,0.00263,0.00051,-0.02471
1790616614.850522,-0.01293,0.03011,-1.00225,0.00269,0.00345,-0.03
1790616614.970549,-0.00597,0.02609,-1.00295,0.00264,0.00389,-0.02342
1790616615.070125,-0.01839,0.02232,-1.00155,0.00746,0.00172,-0.01244
1790616615.170136,-0.01348,0.0198,-0.99936,0.00264,0.00236,-0.02031
1790616615.290307,-0.0037,0.0442,-1.00059,0.00586,0.00425,-0.06631
1790616615.3709812,-0.02048,0.00223,-1.00195,0.00355,0.00533,-0.00648
1790616615.470576,-0.01451,0.01341,-1.00237,0.00319,0.00395,-0.01357
1790616615.5901859,-0.01281,0.01743,-1.00058,0.00537,0.00257,-0.01831
1790616615.6905322,-0.01246,0.0238,-1.00167,0.00192,0.00438,-0.02511
1790616615.790336,-0.02121,0.00817,-0.99889,0.00341,0.00796,-0.01753
1790616615.8903759,-0.0135,0.01261,-1.00294,0.00236,0.00602,-0.01557
1790616616.0105011,-0.01493,0.01638,-1.00095,0.00453,0.00592,-0.0088
1790616616.1103702,-0.03293,0.01093,-1.00247,0.0023,-0.0028,0.00193
1790616616.211375,-0.00932,0.03175,-1.00178,-0.00101,0.00324,-0.03417
1790616616.311394,-0.00742,0.03681,-1.00129,0.003,0.00414,-0.03467
1790616616.411553,-0.00801,0.0357,-1.00365,-0.00054,0.00407,-0.03117
1790616616.511426,-0.01619,0.03448,-1.00143,0.00688,0.00561,-0.03834
1790616616.611701,-0.0042,0.02844,-1.00214,0.00221,0.00351,-0.02954
1790616616.71134,-0.00829,0.03396,-1.00226,0.0017,0.00611,-0.02966
1790616616.851397,-0.00949,0.03826,-1.00178,0.00319,0.00938,-0.04124
1790616616.951603,-0.00731,0.03608,-1.0013,0.00245,0.00293,-0.03426
1790616617.0515661,-0.00579,0.03807,-1.00364,0.00154,0.00665,-0.03614
1790616617.15149,-0.00933,0.03253,-1.00169,0.00085,0.00425,-0.01315
1790616617.251489,-0.02164,0.02883,-1.00265,0.00052,0.00393,-0.02121
1790616617.371233,-0.00612,0.03916,-1.00334,0.00142,0.0025,-0.02952
1790616617.472853,-0.00501,0.03959,-1.00161,0.0001,0.00265,-0.0275
1790616617.5712461,-0.00426,0.04012,-0.99959,0.00456,0.00299,-0.03091
1790616617.671359,-0.01,0.03512,-1.00266,0.00428,0.00366,-0.01181
1790616617.794303,-0.00906,0.03327,-1.0004,0.00544,0.00355,-0.00876
1790616617.89271,-0.01127,0.0336,-0.99883,0.00158,0.00442,-0.00358
1790616617.994671,-0.01319,0.02849,-1.00441,0.00435,0.00661,0.00228
1790616618.093846,-0.01402,0.02533,-1.0018,0.00178,0.0021,0.0091
1790616618.211349,-0.01204,0.02239,-1.00088,0.00388,0.00303,0.01502
1790616618.311533,-0.01518,0.01544,-1.00169,0.00349,0.00114,0.02308
1790616618.4116778,-0.01644,0.01136,-1.00104,0.00472,-0.00033,0.02857
1790616618.532724,-0.02089,-0.00195,-1.00155,0.00667,0.00105,0.04206
1790616618.632273,-0.02517,-0.00387,-1.00189,0.00662,0.00265,0.04044
1790616618.7334259,-0.02434,-0.00477,-1.00067,0.00601,0.00347,0.03826
1790616618.831593,-0.02321,-0.00855,-1.00233,0.00633,0.00567,0.03882
1790616618.931338,-0.03419,-0.00407,-1.00023,0.00291,0.00087,0.01472
1790616619.031894,-0.00915,0.04335,-1.00368,-0.00169,-0.00073,-0.03323
1790616619.151383,-0.01162,0.03951,-1.00162,0.00699,0.00441,-0.01734
1790616619.274482,-0.01059,0.03244,-1.00131,0.00242,0.01018,0.00215
1790616619.3716679,-0.01232,0.02081,-1.00241,0.00715,0.00724,0.02263
1790616619.471467,-0.02242,0.01226,-1.00059,0.00742,0.00151,-0.01178
1790616619.593615,-0.01081,0.02644,-1.00198,0.00431,0.00489,0.01576
1790616619.691402,-0.01585,0.01694,-1.00055,0.00646,0.00217,0.03089
1790616619.811319,-0.01281,0.01999,-1.0014,0.00858,0.00332,-0.00601
1790616619.911366,-0.01134,0.03527,-1.00223,0.0023,0.00485,0.01095
1790616620.0111518,-0.01291,0.01898,-1.00211,0.00589,0.00051,0.02536
1790616620.1115782,-0.01736,0.0126,-1.00205,0.00263,-0.00027,0.03449
1790616620.211785,-0.01544,0.01168,-1.00116,0.00206,0.00621,0.01332
1790616620.33173,-0.02307,-0.00148,-1.00165,0.00656,0.00685,0.04992
1790616620.433346,-0.02834,-0.01093,-1.00067,0.00601,-0.00371,0.05387
1790616620.5315142,-0.01764,-0.01055,-0.99751,0.00742,0.00537,0.0436
1790616620.631458,-0.02577,-0.00746,-1.00143,0.00661,0.0033,0.04971
1790616620.7319381,-0.02565,-0.01448,-0.99957,0.00843,0.00083,0.04985
1790616620.8511958,-0.02629,-0.0166,-1.00079,0.00897,-0.00077,0.0344
1790616620.95122,-0.02046,-0.00189,-1.00442,0.00265,-0.01063,-0.00541
1790616621.051264,-0.02509,-0.01596,-0.99823,0.00758,0.00416,0.03109
1790616621.151979,-0.03081,-0.01276,-1.00041,0.00772,0.00028,0.04354
1790616621.271227,-0.02721,-0.01597,-0.99556,0.00644,0.00954,0.05862
1790616621.372282,-0.01768,0.00136,-1.00146,0.00394,0.00925,0.04542
1790616621.471282,-0.02241,-0.00848,-1.00013,0.004,-0.00042,0.04661
1790616621.591507,0.1599,0.3798,-1.00313,0.02449,-0.04762,-1.22035
1790616621.6914299,-0.01293,0.02468,-1.00085,0.00306,0.01503,-0.72451
1790616621.7922308,-0.0232,0.01482,-0.9961,0.01346,0.00758,-1.01915
1790616621.891632,0.00427,0.03534,-1.00117,0.01235,0.0011,-1.03687
1790616622.0112152,-0.01303,-0.01665,-1.00924,0.0058,0.03266,-0.97473
1790616622.111111,-1e-05,0.0088,-0.99374,0.01133,0.01163,-1.03784
1790616622.211104,-0.00832,0.03391,-1.00519,-0.00756,0.01727,-1.13378
1790616622.3111942,0.02581,0.04606,-0.99705,0.04052,0.03445,-1.10785
1790616622.411245,0.0109,0.05745,-0.98949,0.00575,0.00484,-1.06163
1790616622.5112588,-0.01818,-0.02352,-1.01781,-0.03877,0.01932,-0.95676
1790616622.6311061,-0.00679,-0.00502,-1.00318,-0.00243,-0.00114,-0.82423
1790616622.7319329,-0.02079,-0.01135,-0.99962,-0.0295,-0.00125,-0.68795
1790616622.85418,-0.00927,0.01091,-1.00699,0.0026,0.00256,-0.59595
1790616622.954481,-0.04895,-0.04459,-0.99583,-0.00992,0.02549,-0.43922
1790616623.0532951,-0.00908,0.02041,-0.9989,0.01177,0.00471,-0.44415
1790616623.171123,-0.00053,0.00203,-1.0041,0.00209,0.00117,-0.29024
1790616623.2712939,-0.02338,0.03182,-1.00177,-0.00099,0.00032,-0.24627
1790616623.391965,-0.02853,0.0065,-0.9993,0.00526,0.00513,-0.19699
1790616623.49346,-0.01521,-0.02914,-0.99818,0.00382,0.01403,-0.17358
1790616623.592737,0.00693,0.00511,-1.00229,0.01163,0.00824,-0.21696
1790616623.711097,-0.0035,-0.00511,-1.00252,0.00527,0.00402,-0.21005
1790616623.81122,-0.01316,0.02589,-1.00085,0.00414,0.00288,-0.01406
1790616623.9112298,-0.01466,0.00683,-1.00203,0.0026,0.00265,-0.00447
1790616624.0112529,-0.01235,0.01492,-1.00146,0.00334,0.00298,0.00034
1790616624.1120582,-0.01619,0.00139,-1.00087,0.00231,0.00239,-0.00139
1790616624.232557,-0.0135,0.0008,-1.00115,0.00685,0.00246,0.01551
1790616624.331219,-0.01683,-0.00609,-1.00144,0.0046,1e-05,0.02648
1790616624.431185,-0.01989,-0.00969,-1.00113,0.00442,0.00542,0.02796
1790616624.551852,-0.02646,-0.01708,-0.99928,0.00338,0.00236,0.06691
1790616624.651215,-0.0203,-0.00501,-0.99994,0.00783,0.00302,0.03479
1790616624.752374,-0.02137,-0.01459,-1.0009,0.00454,0.00203,0.03254
1790616624.851545,-0.02162,-0.01522,-1.00149,0.00636,0.00558,0.03382
1790616624.9512992,-0.02042,-0.01291,-1.00121,0.00325,0.0041,0.02167
1790616625.0525088,0.1,0.00277,-0.99201,0.01157,0.02814,-0.0189
1790616625.171082,0.21718,0.01779,-0.96777,-0.00816,0.04844,0.0219
1790616625.2710872,0.08198,0.01274,-1.00952,-0.02541,-0.12281,-0.05508
1790616625.3710122,-0.11598,-0.00439,-0.98719,0.02848,0.00346,-0.04382
1790616625.4711628,-0.12196,0.02797,-1.00325,0.00418,0.01383,-0.01763
1790616625.571187,-0.01423,-0.0223,-1.00377,0.00962,0.06505,0.03038
1790616625.6930392,0.06103,-0.00509,-1.01879,0.00535,0.00231,0.01724
1790616625.7929971,0.00791,-0.00968,-1.01149,-0.01267,0.01532,-0.00693
1790616625.9117289,-0.06729,-0.00255,-0.98792,0.00068,0.04102,-0.02757
1790616626.0112388,-0.04966,-0.00015,-0.99298,0.01094,0.02276,0.00181
1790616626.111296,0.01921,-0.02818,-0.99577,0.00607,0.03741,-0.01507
1790616626.2111518,0.03684,-0.02581,-0.98337,0.00472,0.02508,-0.00269
1790616626.311266,-0.00107,0.04822,-0.96572,-0.00507,-0.00851,-0.05223
1790616626.411256,-0.01956,0.06235,-1.0112,-0.01516,-0.01896,0.02
1790616626.513844,-0.02014,0.06218,-1.01049,0.01566,-0.00366,-0.00282
1790616626.6138089,-0.01552,0.01213,-0.97232,0.01772,0.00619,-0.03482
1790616626.731711,-0.21348,0.03797,-0.9975,-0.00125,0.01523,0.01556
1790616626.831869,-0.08027,-0.00771,-1.00425,0.00432,0.0032,0.03532
1790616626.931284,-0.03845,-0.0102,-1.00215,0.00763,0.00399,0.03238
1790616627.031242,-0.16928,0.00459,-1.00046,0.013,0.01024,-0.01565
1790616627.131291,-0.16124,-0.00231,-0.99038,-0.06019,0.03676,-0.01544
1790616627.231215,0.02572,0.01198,-0.97847,0.06298,0.01665,-0.0011
1790616627.352167,0.12722,0.02902,-0.97933,0.0022,0.01936,-0.03301
1790616627.4535968,0.0212,0.00338,-1.00193,0.00588,-0.00568,0.0103
1790616627.552289,-0.09835,0.02004,-0.9945,0.0046,0.02093,0.00295
1790616627.6539872,-0.08218,0.02283,-0.97109,0.00066,0.03732,-0.01372
1790616627.753964,0.02973,0.00456,-0.97156,-0.00137,0.03441,-0.00571
1790616627.8712409,0.07999,0.01584,-1.00131,-0.00438,-0.01043,0.01362
1790616627.9712389,0.00618,0.00118,-1.00623,0.00879,-0.02039,0.00037
1790616628.07137,-0.07415,0.01166,-0.99959,0.00128,-0.00876,-0.0226
1790616628.171227,-0.03672,-0.00482,-0.99572,0.03361,-0.01003,-0.00624
1790616628.291161,0.0122,-0.00613,-1.0033,-0.01411,-0.02673,0.01458
1790616628.391204,0.01679,-0.01218,-1.00752,0.00284,-0.02051,0.01546
1790616628.5133839,-0.02445,0.0066,-0.98606,0.04425,0.01035,0.00492
1790616628.612288,-0.02747,0.02383,-0.99769,-0.02257,-0.01108,-0.01916
1790616628.712843,-0.03369,-0.01141,-1.00489,-0.00306,-0.03496,0.05118
1790616628.812495,-0.02853,-0.03017,-0.98267,0.06507,0.02433,0.03674
1790616628.912641,-0.02588,0.01838,-0.98557,-0.04148,0.0115,-0.05969
1790616629.019582,-0.03042,0.0029,-0.99642,-0.01657,0.02586,0.00654
1790616629.1320992,-0.03264,-0.01348,-1.01156,-0.01419,0.00595,0.0346
1790616629.232171,-0.00476,0.01315,-0.99622,-0.01533,0.02007,2e-05
1790616629.332153,-0.00811,0.00104,-1.00865,0.02433,0.00431,-0.00954
1790616629.433237,-0.02288,0.01111,-0.99323,-0.0139,-0.00386,-0.00285
1790616629.5321321,-0.0173,0.01132,-0.9966,0.00305,0.00917,0.01422
1790616629.632302,-0.01187,-0.00087,-1.00585,0.00547,0.00194,0.02249
1790616629.7323709,-0.00998,0.01187,-0.99825,0.02309,0.01878,-0.00136
1790616629.852173,-0.02134,0.00559,-0.9866,-0.01862,0.00813,-0.00862
1790616629.952329,-0.02291,-0.00993,-1.00629,-0.02001,-0.012,0.04146
1790616630.072096,0.00711,0.02007,-1.01657,-0.03125,0.0214,-0.01649
1790616630.174135,0.14253,0.00803,-1.00909,-0.00539,-0.0362,-0.02276
1790616630.292352,0.01059,-0.00695,-1.00262,0.00323,0.00496,0.00857
1790616630.4122071,0.00141,0.00717,-1.00183,0.00475,0.00498,0.0013
1790616630.512109,-0.02154,0.00266,-1.00086,0.00277,0.00033,0.00569
1790616630.6323001,-0.02066,0.00384,-1.00396,0.00519,0.00406,0.00044
1790616630.7328,-0.01864,0.00382,-1.00085,0.00508,0.00428,0.00336
1790616630.832254,-0.01063,0.00607,-1.00139,0.00226,0.00511,0.00465
1790616630.9323049,-0.01064,0.0037,-1.00098,0.00567,0.00324,0.00655
1790616631.052041,0.01472,0.07367,-1.00064,-0.00344,-0.01588,-0.17683
1790616631.152468,-0.01852,-0.02919,-0.98359,0.00523,0.00339,-0.7556
1790616631.252197,-0.0339,-0.03374,-1.00948,0.02039,0.01241,-0.85456
1790616631.352414,-0.0126,-0.0131,-1.0096,0.01337,0.01092,-0.97241
1790616631.47412,0.00822,-0.00519,-0.98703,-0.02795,0.01387,-1.02234
1790616631.574282,0.00838,-0.00333,-1.01114,0.01979,0.01484,-0.99015
1790616631.674944,-0.01817,-0.00528,-0.99498,0.0079,0.01473,-1.01334
1790616631.773737,-0.0153,-0.02309,-1.01169,-0.01829,0.04445,-1.06123
1790616631.8745978,0.01694,0.02253,-0.99489,0.00885,0.03875,-1.09323
1790616631.974068,0.00289,-0.0051,-0.99605,-0.01742,0.00974,-1.07827
1790616632.075325,0.02658,0.03354,-1.0024,-0.01896,0.00051,-1.07441
1790616632.173792,-0.01489,-0.00601,-1.0002,0.0054,0.02862,-1.00236
1790616632.2737322,0.00219,0.00725,-1.01246,0.00159,0.00511,-1.06138
1790616632.373888,0.01368,0.02043,-0.98444,0.02997,-0.01022,-1.08866
1790616632.4739652,-0.01747,-0.0154,-1.0077,-0.00419,-0.00916,-0.98986
1790616632.5931861,-0.01042,-0.04674,-1.01849,-0.00395,-0.01013,-1.03408
1790616632.713266,0.00814,-0.01212,-1.0092,-0.00663,0.0072,-1.00402
1790616632.833479,0.00051,0.02574,-0.98149,0.01851,0.01931,-1.01316
1790616632.9341068,-0.00453,-0.03976,-0.99915,-0.04408,0.01402,-1.01267
1790616633.033994,0.02195,-0.02066,-0.98732,-0.00046,0.02086,-1.02996
1790616633.138198,0.00725,0.00194,-1.00406,0.00165,0.02679,-1.00023
1790616633.237416,-0.0024,0.00321,-1.02319,0.01558,-0.01915,-1.0604
1790616633.354215,0.0151,0.03682,-0.9889,0.01135,0.0189,-1.08601
1790616633.4543848,-0.00572,-0.01083,-1.02298,-0.05848,0.01311,-1.06749
1790616633.574015,0.00569,-0.00396,-1.00772,0.00256,0.01255,-1.02604
1790616633.674309,-0.01126,-0.00956,-1.01125,0.01053,0.01896,-0.86388
1790616633.774195,-0.01804,-0.03072,-0.99246,0.01264,0.00027,-0.71669
1790616633.874371,0.00966,-0.00435,-0.99595,0.01389,0.00304,-0.70675
1790616633.9946618,-0.00735,0.02165,-0.99369,0.02808,0.00281,-0.60862
1790616634.0947661,-0.00678,0.02299,-1.01119,-0.00121,0.00852,-0.45463
1790616634.194064,-0.02102,-0.02701,-1.00928,-0.00324,-0.00303,-0.29689
1790616634.2941408,0.00259,0.02369,-1.00193,0.00914,0.00518,-0.30337
1790616634.3941572,0.00112,0.00219,-1.00311,0.00951,0.00362,-0.22291
1790616634.494335,-0.02025,0.02548,-1.00216,-0.00125,0.01155,-0.22329
1790616634.5944011,-0.01125,-0.01505,-1.00068,0.00314,0.01356,-0.21319
1790616634.713977,-0.02902,0.03282,-0.99927,-0.00304,0.00811,-0.16182
1790616634.815159,-0.00308,0.00809,-1.00334,0.0053,0.00639,0.01264
1790616634.936704,-0.00211,0.00606,-1.00299,0.00096,0.00286,0.0087
1790616635.0368378,-0.00416,0.00967,-1.00314,0.00471,0.00208,0.00129
1790616635.137012,-0.0197,0.01333,-1.00219,0.00638,-0.00109,-0.00077
1790616635.2354188,-0.01327,0.00713,-1.00147,0.00487,-0.00079,0.00131
1790616635.338263,-0.0028,0.01917,-1.00216,0.00257,0.00308,-0.01635
1790616635.4373372,0.00043,0.02804,-1.00206,0.00442,0.00357,-0.02826
1790616635.5540469,-0.00214,0.0304,-1.00274,0.00498,0.00093,-0.02915
1790616635.654089,0.00214,0.03161,-1.00148,0.00155,0.00233,-0.02988
1790616635.7540638,0.0,0.02641,-1.00205,0.00409,0.00556,-0.01597
1790616635.8541849,0.00179,0.0301,-1.001,0.00599,0.00463,-0.01478
1790616635.955039,-0.00164,0.02927,-1.00193,0.00284,0.00677,-0.01296
1790616636.055108,-0.02121,0.02906,-1.00396,0.00047,-0.00098,-0.02397
1790616636.154302,-0.00491,0.01975,-0.99882,0.00295,0.00133,-0.00041
1790616636.273877,-0.0014,0.01968,-0.99998,0.00519,0.00166,-0.01694
1790616636.3739572,-0.00114,0.02747,-1.00291,0.00322,0.00205,-0.02853
1790616636.474101,0.00209,0.03347,-1.00179,0.0025,0.00252,-0.03475
1790616636.5743601,0.18913,0.00089,-1.01649,-0.01611,0.01486,-0.03817
1790616636.674332,0.19885,0.02532,-1.00374,-0.01683,0.01194,-0.0497
1790616636.7942588,0.02056,0.02066,-0.9994,-0.00367,-0.04142,-0.0088
1790616636.8950999,-0.12363,0.02942,-1.00663,0.08833,-0.0505,-0.04751
1790616637.013959,-0.09197,0.0117,-1.0065,0.00562,0.02639,0.00804
1790616637.135621,0.057,0.01505,-0.99133,-0.01162,-0.01561,-0.02394
1790616637.2539809,0.00419,0.011,-0.99858,0.00083,0.00026,0.01039
1790616637.35428,-0.0616,0.02548,-0.99884,-0.00783,0.01986,-0.0276
1790616637.4543,-0.04606,0.06935,-1.03775,-0.05327,-0.03865,0.04569
1790616637.5543559,-0.00675,0.11003,-0.95945,0.03815,0.04085,0.07582
1790616637.654361,0.03214,0.10526,-0.97242,0.01995,0.00091,-0.10666
1790616637.774464,0.01411,-0.03171,-1.01579,-0.00321,-0.03017,-0.02222
1790616637.8739269,-0.046,-0.09096,-0.9957,0.03901,-0.01594,0.02034
1790616637.97418,-0.04457,-0.1135,-0.98928,0.01544,0.00764,-0.0184
1790616638.074702,-0.05812,0.02095,-1.00884,-0.00408,0.00629,-0.02527
1790616638.194172,-0.09573,0.01302,-0.98749,0.01562,0.00825,-0.00078
1790616638.2940679,-0.21032,0.01705,-0.99908,-0.001,0.01331,-0.00838
1790616638.3955688,-0.02174,0.00433,-0.99997,0.00179,0.00642,0.00721
1790616638.495341,-0.02539,0.02156,-1.00141,0.00306,0.00379,0.00161
1790616638.594883,-0.21314,0.0198,-1.00606,0.00764,-0.00777,-0.00534
1790616638.6948118,-0.16234,0.00849,-0.95896,0.02498,0.02443,-0.02109
1790616638.7979321,0.03684,0.00712,-1.01747,-0.0124,0.04314,0.02527
1790616638.896666,0.11431,0.01895,-1.02385,0.00926,0.02274,-0.01113
1790616639.0142322,0.00076,0.00842,-0.99852,-0.00755,-0.00762,0.00714
1790616639.114313,-0.11281,0.02764,-1.00511,0.00319,0.00265,-0.01694
1790616639.214668,0.04013,0.04739,-0.97475,-0.03553,0.06519,-0.05067
1790616639.354188,0.05008,0.04301,-0.98808,0.05917,0.00195,-0.00967
1790616639.4541109,-0.01793,0.02114,-1.00934,0.01027,-0.01188,-9e-05
1790616639.5540512,-0.05388,0.00582,-0.99825,-0.00512,0.00423,0.00898
1790616639.654173,-0.00879,0.0419,-0.99068,0.02831,0.01425,-0.0298
1790616639.774079,0.01578,0.02138,-0.99131,0.00523,-0.00576,-0.01381
1790616639.874109,0.02499,-0.0193,-1.01601,0.00695,0.01153,0.04535
1790616639.974099,-0.02449,0.01201,-1.00768,-0.01981,0.0141,-0.00909
1790616640.075041,-0.04865,0.01413,-0.98805,0.03561,0.00835,-0.00118
1790616640.174075,-0.00697,0.04013,-0.99841,0.01077,0.00997,-0.03398
1790616640.295594,0.01166,0.00843,-0.99997,0.00412,-0.01883,0.01414
1790616640.395448,-0.00782,0.00574,-1.00241,-0.03024,-0.00748,-0.01049
1790616640.495706,-0.01561,-0.00129,-0.98285,0.03479,0.04117,0.01406
1790616640.5945852,-0.00091,0.03411,-1.00267,0.01809,0.00514,-0.03052
1790616640.695301,-0.02597,-0.00089,-0.99659,0.01176,-0.0233,0.03025
1790616640.81421,0.00382,0.02713,-0.99883,0.00546,0.01282,-0.01247
1790616640.914025,-0.00537,-0.02583,-0.998,-0.00107,0.02773,0.01697
1790616641.014137,0.00707,0.02258,-0.99872,0.02697,0.01188,0.01471
1790616641.114125,-0.0277,0.02007,-1.00024,0.01351,-0.00734,0.01373
1790616641.2141051,-0.01163,0.02653,-1.00834,-0.0221,0.02011,-0.02374
1790616641.333848,0.00467,0.01229,-0.98516,0.03332,0.01112,0.01381
1790616641.433878,-0.00979,0.02816,-0.99713,0.01743,-0.00617,-0.00498
1790616641.5341911,0.09273,-3e-05,-0.95974,0.00638,0.08334,0.01351
1790616641.654165,0.06171,0.02593,-1.00342,0.00248,-0.01384,-0.00639
1790616641.75424,0.00412,0.01166,-1.00139,0.00724,0.00208,0.00974
1790616641.873999,0.0018,0.01704,-1.00081,0.00991,0.0037,0.00406
1790616641.9740312,0.00581,0.01062,-1.00082,0.00529,0.00068,0.00255
1790616642.074123,0.00287,0.01237,-1.00161,0.00206,0.00189,0.00484
1790616642.1743722,-0.00725,0.01207,-1.00056,0.00125,0.00202,0.00399
1790616642.293814,-0.00643,0.01378,-1.00167,0.00465,0.00407,0.00174
1790616642.394006,-0.00098,0.01412,-1.00136,0.00381,0.00306,0.00447
1790616642.493748,-0.00325,0.01527,-1.00071,0.0048,0.00416,0.00131
1790616642.5944262,0.11299,0.28546,-0.98048,-0.01393,0.00263,-1.20047
1790616642.71391,-0.00423,0.0077,-1.00993,0.00726,0.00869,-0.80188
1790616642.814019,0.01147,0.00253,-1.00859,0.00924,-0.00312,-0.98291
1790616642.914287,0.00132,0.04069,-1.00736,0.01257,0.0104,-1.04231
1790616643.0142488,0.00423,0.03205,-0.98514,-0.01071,0.00908,-0.9813
1790616643.114403,0.00785,0.00246,-1.00637,-0.00066,0.00793,-1.06564
1790616643.23409,-0.00347,0.01352,-1.01691,0.00302,0.00626,-1.03002
1790616643.333917,-0.01563,-0.00417,-1.00493,0.03108,0.01286,-0.97383
1790616643.4339268,-0.00635,-0.02231,-1.00644,-0.00679,0.00261,-0.96122
1790616643.533931,-0.01124,-0.03551,-1.01346,-0.02521,0.01819,-0.9551
1790616643.634058,0.01794,0.03612,-1.00266,0.01813,0.01975,-0.94454
1790616643.735032,0.00325,0.0314,-0.98524,0.00964,0.01919,-0.80451
1790616643.874262,-0.01683,-0.01778,-1.00921,0.00997,-0.01191,-0.60571
1790616643.9955032,-0.03389,0.00237,-0.9933,-0.02558,0.02087,-0.53394
1790616644.0952718,-0.02383,-0.00167,-1.00519,0.00772,0.00547,-0.36944
1790616644.1949902,-0.01631,0.01294,-1.00151,0.01464,0.00514,-0.35911
1790616644.314223,0.01179,0.00262,-1.00495,0.00546,0.00991,-0.20923
1790616644.433892,-0.00905,0.02959,-1.00258,0.00809,0.00564,-0.20637
1790616644.5338418,-0.02297,0.01887,-1.00097,0.00262,0.00168,-0.18217
1790616644.6342158,-0.02654,0.01441,-1.00444,0.0065,0.00368,-0.18652
1790616644.7346401,0.0192,0.03398,-1.00477,-0.00312,0.00277,-0.03129
1790616644.854903,-0.00744,0.03454,-0.99977,0.00045,0.00608,-0.03298
1790616644.955026,-0.00836,0.03262,-1.00126,0.00277,0.00048,-0.03203
1790616645.055566,-0.01329,0.01752,-1.00298,0.00154,0.00819,-0.01264
1790616645.175049,-0.017,0.00069,-1.00269,0.00451,0.00425,-0.01184
1790616645.273932,-0.01369,0.00645,-1.00203,0.00227,0.00398,-0.002
1790616645.374073,-0.01711,0.00517,-1.00205,0.00226,0.00305,0.00172
1790616645.4740212,-0.0145,0.00889,-1.00168,0.00393,0.00192,-0.00101
1790616645.574111,-0.01274,0.00225,-1.00067,-0.0012,0.00862,0.00183
1790616645.674125,-0.01888,0.02976,-1.00168,0.0141,0.00602,-0.01507
1790616645.793952,-0.01258,0.02528,-1.00043,0.0053,0.00411,-0.01455
1790616645.8948128,-0.00995,0.02992,-1.00208,0.00442,0.00049,-0.01562
1790616645.993838,-0.00728,0.03226,-1.00284,0.00439,0.0031,-0.0208
1790616646.114124,-0.00613,0.03054,-1.00257,0.00305,0.00204,-0.01374
1790616646.2150688,0.21692,0.02805,-1.0236,-0.07694,-0.03845,-0.05393
1790616646.3140311,0.05838,0.02554,-0.98522,0.01401,-0.01256,-0.0395
1790616646.433768,-0.16293,-0.02125,-1.00169,0.02222,0.02517,0.02533
1790616646.533951,-0.10585,0.02473,-0.9809,-0.00895,0.02427,-0.04084
1790616646.634006,-0.00213,-0.01727,-0.99343,0.04675,0.05529,0.01543
1790616646.734543,0.05825,0.00505,-1.00144,0.0147,-0.02868,-0.00776
1790616646.853756,0.00782,0.04382,-1.01241,0.02108,-0.01153,-0.01779
1790616646.95717,-0.10037,-0.00022,-1.00993,-0.00629,0.03444,0.03856
1790616647.0544078,-0.03999,0.02651,-0.99311,-0.02213,0.05045,-0.01593
1790616647.173999,0.03331,0.01479,-1.02561,0.04131,0.0257,-0.08186
1790616647.273977,-0.10637,0.13055,-0.97363,-0.02244,0.04133,-0.04828
1790616647.374594,-0.06848,0.01164,-1.00518,0.00523,0.01183,0.04796
1790616647.474763,0.03271,0.03227,-0.98886,-0.0006,0.03618,0.04312
1790616647.5939379,0.03261,0.04008,-0.98993,0.01277,0.01189,-0.00713
1790616647.694046,-0.02097,-0.00175,-1.00826,0.00817,0.02506,-0.01667
1790616647.815962,-0.02013,0.03034,-1.00606,-0.01714,0.0124,-0.04118
1790616647.9174788,0.08972,0.07239,-0.99189,0.03064,0.00828,-0.06427
1790616648.0338712,-0.03422,0.03218,-1.00924,-0.00153,0.00317,-0.06252
1790616648.133889,-0.11839,-0.08299,-1.00176,0.0665,0.00619,-0.06902
1790616648.237334,-0.15153,-0.05449,-1.00458,-0.01969,0.0085,0.09406
1790616648.374698,-0.03502,0.02978,-1.00184,-0.00199,0.01053,0.01495
1790616648.47436,0.07454,0.01594,-1.00722,-0.01138,0.00103,0.02256
1790616648.574293,0.05315,0.01594,-1.00045,0.01938,-0.00371,-0.00352
1790616648.6741061,-0.0589,0.02364,-0.99538,0.0201,0.01261,-0.00102
1790616648.793917,-0.06601,0.02191,-1.00034,0.00181,-0.00447,0.00104
1790616648.893779,-0.00818,0.01695,-1.00125,0.0066,0.0048,-0.02912
1790616648.993855,0.04172,0.0049,-1.00463,0.00511,5e-05,0.02571
1790616649.094753,-0.09401,0.0093,-0.99947,-0.014,-0.0219,0.0316
1790616649.194865,-0.03399,0.00746,-1.00158,0.01175,0.00768,0.00719
1790616649.294996,-0.02792,0.01056,-1.00305,0.00542,0.00574,0.00523
1790616649.3950121,-0.01593,0.01533,-1.00276,0.00639,0.00459,0.0032
1790616649.495352,-0.00844,0.01261,-1.00256,0.00566,0.0018,0.00378
1790616649.595021,-0.00892,0.01499,-1.00097,0.00593,0.00439,0.00428
1790616649.7149818,-0.01108,0.01381,-1.00301,0.00422,0.00512,0.00322
1790616649.815234,-0.00976,0.01923,-1.00018,0.00722,0.00487,-0.00626
1790616649.934885,-0.01067,0.01093,-1.00014,0.00219,0.00154,0.00323
1790616650.036216,-0.01543,0.00957,-1.00082,0.00408,0.0028,0.01263
1790616650.1353018,-0.01803,-0.00405,-1.00014,0.00759,0.00084,0.02774
1790616650.2355468,-0.0171,0.00165,-1.00206,0.00678,0.00324,0.02387
1790616650.335086,-0.01608,-0.00268,-1.00126,0.00506,0.00215,0.02926
1790616650.434973,-0.01602,0.00176,-1.00074,0.00353,0.00642,0.02549
1790616650.554867,-0.01685,-0.0018,-1.00162,0.00429,0.00451,0.03139
1790616650.655585,-0.01758,-0.0012,-1.00169,0.00426,0.00376,0.03016
1790616650.774855,-0.01735,-0.00191,-1.00288,0.00772,0.00208,0.03105
1790616650.87821,-0.01684,-0.00151,-0.99979,0.00651,0.00072,0.03106
1790616650.977195,-0.01583,0.00192,-1.00154,0.00989,0.0012,0.03276
1790616651.0775402,-0.01333,0.00587,-1.0,0.00211,0.00134,0.03035
1790616651.196186,-0.01385,0.00901,-1.00311,0.00373,0.00717,0.01853
1790616651.295789,-0.01799,0.01245,-1.00234,0.0055,0.00812,0.02302
1790616651.39602,-0.02259,0.00564,-1.00103,0.00991,0.00494,0.02815
1790616651.516191,-0.02047,0.00624,-1.00177,0.00627,0.00405,0.02323
1790616651.618168,-0.00874,0.00692,-1.0016,0.00506,0.00632,0.02295
1790616651.715992,-0.01166,0.00355,-0.99996,0.00393,0.00788,0.02957
1790616651.835847,-0.01692,-0.00234,-1.00196,0.00472,0.0027,0.02594
1790616651.935924,-0.01713,-0.00337,-1.00247,0.00618,0.00277,0.01666
1790616652.036099,-0.0133,0.00916,-1.0002,0.0021,0.00318,-0.00444
1790616652.155814,-0.01456,0.0109,-1.00235,0.0044,0.00077,-0.00572
1790616652.2557719,-0.00898,0.00705,-1.00251,0.00185,0.00309,0.00194
1790616652.3557482,-0.01173,0.01032,-1.00244,0.00251,0.00415,-0.01777
1790616652.477628,-0.00475,0.02769,-1.00217,0.00036,0.00137,-0.03502
1790616652.576043,-0.00326,0.03546,-1.00312,0.00147,0.00399,-0.02867
1790616652.677495,0.00913,0.03894,-1.002,0.00195,0.0044,-0.01102
1790616652.816094,0.00612,0.05215,-1.00056,0.00113,0.01076,-0.04137
1790616652.91765,-0.00253,0.03619,-1.00097,0.00568,0.01231,-0.01585
1790616653.0173051,-0.00914,0.01443,-1.0019,0.00473,0.00268,0.01634
1790616653.117174,-0.01908,-0.01,-1.00058,0.00679,0.00227,0.04001
1790616653.2365,-0.01926,-0.01112,-1.00172,0.0061,0.00296,0.0282
1790616653.335904,-0.01183,0.00704,-1.00239,0.00114,0.00719,-0.0129
1790616653.435931,-0.01277,0.01725,-1.00194,0.00223,0.00279,-0.02001
1790616653.53619,-0.00153,0.02931,-1.00169,0.00401,0.00148,-0.03772
1790616653.6559381,-0.00235,0.0379,-1.00088,-0.00196,0.00549,-0.03859
1790616653.755765,-0.00466,0.03711,-1.00104,0.00542,0.00858,-0.01685
1790616653.855757,-0.00828,0.02246,-0.9991,0.0035,0.00606,0.01243
1790616653.95593,-0.01236,0.00512,-0.99949,0.00556,0.00065,0.03804
1790616654.075681,-0.01758,-0.00734,-1.00312,0.00795,0.00436,0.048
1790616654.175882,-0.02071,-0.01497,-1.00201,0.00729,0.00238,0.03877
1790616654.275692,-0.0177,-0.00529,-0.99971,0.00678,0.00415,0.00948
1790616654.37672,-0.01041,0.00832,-1.00004,0.00149,0.00215,-0.01533
1790616654.496423,-0.00661,0.0264,-1.00272,0.00146,0.00061,-0.04339
1790616654.5961878,-0.00064,0.04094,-1.00238,-0.00163,0.00221,-0.04831
1790616654.6958761,-0.00391,0.0377,-1.00302,0.00139,0.00982,-0.02188
1790616654.7960699,-0.00813,0.02638,-1.00042,0.00203,0.00369,0.00473
1790616654.896012,-0.01176,0.02652,-1.00332,0.00764,0.0038,0.00388
1790616654.996057,-0.00748,0.04269,-1.00148,0.00301,-0.00222,-0.02004
1790616655.115895,-0.01013,0.02086,-1.00129,0.00134,0.00525,0.0141
1790616655.2382379,-0.01329,0.00924,-1.00288,0.00538,0.00497,0.03138
1790616655.3373902,-0.01809,-0.00236,-1.00277,0.00902,0.00453,0.03804
1790616655.4364731,-0.01887,-0.01142,-1.00027,0.00925,0.00639,0.01929
1790616655.537305,-0.01868,-0.00781,-1.0013,0.00563,0.00391,0.0328
1790616655.6556978,-0.01686,-0.00442,-1.00133,0.00885,0.00617,0.02493
1790616655.7577012,-0.01626,0.00039,-1.00006,0.00649,0.00149,0.00596
1790616655.855904,-0.01078,0.0117,-1.00218,0.00339,0.00354,-0.01269
1790616655.976199,0.0027,0.04642,-1.00229,-0.00064,-0.00277,-0.08904
1790616656.0769799,-0.00185,0.02247,-1.00082,0.00404,0.00284,-0.02813
1790616656.1757839,-0.00446,0.02332,-1.00406,0.00484,0.00114,-0.03267
1790616656.277803,-0.03727,-0.08878,-1.01204,-0.00026,-0.01453,0.95537
1790616656.376887,-0.00491,0.02237,-0.99505,0.02011,-0.01285,0.80919
1790616656.4969249,0.00689,-0.01716,-1.00041,0.0105,0.00503,0.93691
1790616656.597194,-0.01445,-0.01468,-1.00288,0.01291,-0.0242,0.95965
1790616656.696768,-0.00589,0.00883,-1.01656,-0.00996,-0.01552,1.02982
1790616656.816867,0.0134,0.00126,-0.99752,0.00465,0.00287,1.04332
1790616656.93734,0.01207,-0.0037,-0.99752,-0.00999,0.00748,1.04262
1790616657.036861,0.01466,0.00704,-0.99708,-0.00496,-0.00278,1.05551
1790616657.1379688,-0.00165,-0.00208,-0.99134,-0.00382,0.00047,1.08925
1790616657.284679,0.0222,0.07346,-1.01434,0.00991,-0.00526,0.95559
1790616657.396725,-0.0112,-0.03979,-0.99739,-0.00094,-0.00488,0.97662
1790616657.4967659,-0.01021,0.00446,-1.00941,-0.02497,0.01173,0.78725
1790616657.596704,0.0149,0.08308,-1.0139,0.0056,-0.00737,0.62309
1790616657.6969972,0.01733,0.03202,-1.00039,-0.00026,-0.00241,0.51103
1790616657.8166988,0.01852,0.04351,-1.00027,-0.00405,-0.00061,0.44942
1790616657.9179578,-0.04046,0.00464,-1.00056,0.0092,-0.00563,0.39135
1790616658.016768,0.01724,0.05851,-1.00498,0.00188,0.00087,0.19978
1790616658.116732,0.00394,0.01141,-1.00039,0.00761,-0.00496,0.17209
1790616658.216894,-0.03209,0.03127,-1.00409,0.00643,-0.0006,0.19583
1790616658.336643,-0.0233,0.02013,-0.99934,0.00359,0.00189,0.19836
1790616658.439755,0.00449,-0.00487,-0.99786,0.02074,0.00583,0.19273
1790616658.53716,0.04942,0.03353,-1.00232,0.00147,-0.00169,0.07798
1790616658.656797,-0.03684,-0.00883,-1.00579,0.00409,0.00159,0.0269
1790616658.7566621,-0.01711,0.00045,-1.00354,0.00327,0.00351,0.01877
1790616658.876894,-0.00712,0.00643,-1.00158,0.00185,0.00325,0.01497
1790616658.976803,-0.00641,0.00563,-1.00067,0.00673,0.00295,0.02975
1790616659.077759,-0.00377,0.02053,-1.00092,0.00592,0.00111,0.00088
1790616659.176833,-0.00594,0.01833,-1.00329,0.00598,0.00732,-0.00541
1790616659.3005672,-0.00408,0.02183,-1.00127,0.00518,0.00391,-0.00689
1790616659.397356,-0.01282,0.01191,-1.0026,-0.00341,0.00575,0.01021
1790616659.499392,-0.00418,-0.01904,-1.00283,0.00566,0.00259,0.03524
1790616659.6171362,-0.0054,0.01703,-1.00376,0.00434,0.00332,0.00352
1790616659.716789,-0.00609,0.01814,-1.00074,0.00425,0.00183,-0.00049
1790616659.836886,-0.00651,0.01172,-1.00003,0.0072,0.00203,-0.0006
1790616659.9378629,0.14223,-0.00332,-0.99345,0.00865,0.0239,0.0237
1790616660.038217,0.22546,0.03782,-1.02137,-0.00422,-0.0528,-0.00329
1790616660.1568089,0.06066,0.01455,-0.98336,0.00403,-0.00531,-0.02934
1790616660.256656,-0.1024,0.01242,-0.97901,-0.03751,0.00099,-0.0018
1790616660.356854,-0.11042,-0.01703,-0.979,-0.00081,0.04009,0.00653
1790616660.456652,0.01609,-0.00446,-1.0124,-0.01879,-0.01275,0.01608
1790616660.556627,0.0552,-0.00203,-1.00808,0.00038,-0.01813,0.00237
1790616660.656961,0.01126,0.02469,-0.97872,0.00374,0.01332,-0.04187
1790616660.77668,-0.06545,-0.0009,-0.99054,0.00866,0.01338,0.00721
1790616660.87686,-0.02404,0.04064,-1.01272,0.0133,0.00655,-0.01036
1790616660.976875,0.03326,0.03577,-1.00457,0.04843,0.00473,-0.02263
1790616661.103384,-0.00175,0.0128,-1.02847,0.01785,0.01483,-0.00236
1790616661.198385,-0.01975,0.01805,-0.99681,0.0194,0.01467,0.02482
1790616661.297098,-0.03192,0.01658,-0.98853,-0.00117,-0.0098,-0.03493
1790616661.416959,-0.06103,-0.0226,-1.03719,-0.05804,-0.01751,0.04545
1790616661.516989,-0.04944,0.03737,-1.00479,-0.00164,0.00368,-0.03584
1790616661.6182241,-0.1234,0.02485,-1.00452,-0.0026,0.00129,0.0062
1790616661.7368488,-0.0786,0.02384,-0.9938,0.0094,0.00466,-0.00464
1790616661.8570812,0.03033,0.0172,-0.99577,0.01449,0.01425,-0.01475
1790616661.957003,0.00508,0.00607,-1.00565,0.00821,0.00605,0.01507
1790616662.057222,-0.054,-0.00376,-1.00074,-0.01814,-0.00358,0.00788
1790616662.176867,-0.04641,0.01235,-1.00227,0.0094,0.00522,0.00424
1790616662.2768068,-0.03702,0.00925,-1.00383,0.00644,0.00395,0.00813
1790616662.396606,-0.02286,0.01444,-1.00192,0.00369,0.00411,0.00611
1790616662.496974,-0.01679,0.01401,-1.0031,0.00437,0.00469,0.00524
1790616662.597754,-0.01314,0.01543,-1.00091,0.0048,0.00454,0.00274
1790616662.699202,-0.01218,0.01224,-1.0049,0.00444,0.00388,0.00485
1790616662.81681,-0.0101,0.0142,-1.00187,0.00712,0.00735,0.00669
1790616662.917813,-0.02223,-0.00472,-1.00312,0.00377,0.00483,0.00029
1790616663.018273,-0.01653,0.00529,-1.00343,0.00087,0.00257,-0.00206
1790616663.118328,-0.01348,0.01545,-1.00214,0.00154,0.00128,0.00251
1790616663.2194839,-0.01196,0.01397,-1.00002,0.00691,0.00415,0.00281
1790616663.337763,-0.01128,0.01672,-1.00258,0.00405,0.00149,0.00139
1790616663.437747,-0.01078,0.01505,-1.00222,0.00481,0.00225,-0.00102
1790616663.537761,-0.01028,0.01928,-1.00138,0.00466,0.00408,-0.00745
1790616663.637995,-0.01259,0.01381,-1.00197,0.00219,0.00429,0.00093
1790616663.76621,-0.01345,0.00927,-1.00049,0.00676,0.00189,0.00918
1790616663.86161,-0.01326,0.01189,-1.00241,0.00473,0.00406,0.00944
1790616663.95839,-0.01302,-0.01342,-1.00131,0.00527,0.00172,0.0059
1790616664.097737,-0.0152,0.01553,-1.00286,0.00325,0.00278,0.00111
1790616664.19816,-0.01274,0.01444,-1.00213,0.00337,0.00256,0.00175
1790616664.317739,-0.01165,0.01455,-1.00141,0.00419,0.00019,0.00583
1790616664.417776,-0.01264,0.01359,-1.00264,0.00495,0.00252,0.00115
1790616664.5176902,-0.01621,-0.00447,-1.00078,0.00184,0.00348,0.01359
1790616664.618294,-0.01846,-0.00247,-1.00186,0.0056,0.00326,0.0183
1790616664.717948,-0.01606,-0.00115,-1.00291,0.00585,0.0048,0.02113
1790616664.837527,-0.01604,0.00038,-1.00089,0.00602,0.00351,0.0247
1790616664.938414,-0.01654,-0.00093,-1.00047,0.00321,0.0055,0.02581
1790616665.057842,-0.01255,0.01436,-1.00096,0.00107,0.00476,-0.00165
1790616665.160192,-0.00959,0.02614,-1.00148,0.00782,0.00623,0.01141
1790616665.258985,-0.01786,0.00343,-1.00277,0.0049,0.00186,0.02131
1790616665.37811,-0.01535,0.00663,-1.00208,0.00467,0.00271,0.0217
1790616665.4978292,-0.01601,0.00171,-1.00057,0.00376,0.00205,0.02712
1790616665.59877,-0.0133,-0.01193,-1.00265,0.00742,-0.00127,0.0411
1790616665.69766,-0.02073,-0.00032,-1.00109,0.00453,0.00442,0.00762
1790616665.817866,-0.01242,0.00321,-1.00243,0.00602,0.00308,0.00712
1790616665.917805,-0.01139,0.00846,-0.99921,0.00245,0.00355,-0.00789
1790616666.017907,-0.00301,0.0291,-1.00475,-0.0007,0.00637,-0.02437
1790616666.117886,-0.00704,0.02886,-1.00322,0.00185,0.0079,-0.01227
1790616666.237587,-0.01839,0.03291,-1.0015,0.00522,0.0015,-0.01167
1790616666.3776178,-0.00668,0.02097,-1.00276,0.00247,0.0042,0.00636
1790616666.477547,-0.01078,0.00888,-1.00004,0.0054,0.00244,0.02585
1790616666.5776231,-0.01958,0.00078,-1.00148,0.00732,0.00021,0.03502
1790616666.69774,-0.01901,-0.00489,-1.00085,0.00605,0.00459,0.03265
1790616666.817504,-0.01788,-0.00572,-0.99877,0.00404,0.00201,0.0201
1790616666.91778,-0.01747,-0.00473,-1.00223,0.00501,0.002,0.01476
1790616667.021284,-0.01022,0.0141,-1.00155,0.00258,0.00231,-0.02122
1790616667.1217458,-0.00719,0.02774,-1.00118,0.00057,0.00118,-0.03585
1790616667.2215838,-0.00311,0.03654,-1.00178,0.00036,0.00206,-0.0337
1790616667.337567,-0.00282,0.03507,-1.00282,0.00408,0.0073,-0.01362
1790616667.4375732,-0.00859,0.02014,-1.00434,0.00241,0.0,0.01414
1790616667.53756,-0.01498,0.00784,-1.00031,0.00649,0.00671,0.03308
1790616667.637857,-0.01848,-0.00656,-1.00091,0.00692,-4e-05,0.03974
1790616667.737828,-0.02605,-0.01542,-0.99899,0.01256,0.0019,0.08356
1790616667.8379562,-0.01687,-0.00321,-1.00273,0.00606,0.01002,0.03838
1790616667.95781,-0.01973,-0.01178,-0.99944,0.00856,0.00519,0.04378
1790616668.057701,-0.02253,-0.01285,-1.00021,0.00646,0.0079,0.03648
1790616668.160888,-0.01964,-0.01386,-1.00151,0.00561,0.00789,0.02316
1790616668.268209,-0.01772,-0.00241,-1.0002,0.00233,0.00067,0.00326
1790616668.359334,-0.01484,0.01303,-1.00224,0.00445,0.00598,-0.00484
1790616668.477747,-0.00848,0.02631,-1.00153,0.00307,0.00265,-0.02829
1790616668.597609,-0.00415,0.03304,-1.00356,5e-05,-0.00424,-0.0413
1790616668.6983418,0.00021,0.03918,-1.00367,-0.00036,0.00134,-0.04178
1790616668.797832,-0.00752,0.03481,-1.00319,0.00202,0.00785,-0.0155
1790616668.89776,0.01465,0.03904,-1.00213,0.00333,0.00031,-0.02097
1790616669.018306,-0.01285,0.01941,-1.00076,0.00477,-1e-05,0.01677
1790616669.1179469,0.12151,0.34342,-0.99045,-0.02054,-0.0095,-1.34927
1790616669.237652,-0.00585,0.01692,-1.03095,-0.02781,0.02621,-0.79041
1790616669.338012,0.00241,0.01305,-0.99557,-0.01588,0.03005,-0.99286
1790616669.457581,0.0154,0.01697,-0.99842,0.04358,0.01229,-1.07537
1790616669.558769,0.01441,0.03959,-0.97735,0.00564,0.01848,-1.05882
1790616669.659111,-0.00158,0.01163,-1.0257,0.01359,-0.01305,-1.03082
1790616669.7645628,0.00306,0.02655,-1.00148,-0.01468,0.03315,-1.05032
1790616669.877735,-0.00662,-0.0023,-0.99633,0.0292,0.01069,-1.01588
1790616669.9786801,-0.02329,-0.01965,-1.00766,0.01661,0.0139,-0.9856
1790616670.077732,-0.01596,0.00064,-1.00405,0.03026,0.00752,-1.00944
1790616670.1777978,-0.01656,-0.01161,-1.01891,0.00091,-0.00576,-0.88634
1790616670.277861,-0.01783,-0.01943,-1.00601,-0.013,0.02103,-0.85216
1790616670.397412,0.0149,0.01372,-0.99224,0.00497,0.016,-0.85928
1790616670.497634,-0.03138,-0.0189,-1.00311,-0.00725,0.00075,-0.52956
1790616670.597593,-0.0233,-0.02937,-0.99458,0.0047,0.00671,-0.53155
1790616670.6974971,-0.00934,0.04672,-1.00732,0.00318,0.00667,-0.38218
1790616670.8378491,-0.01157,-0.03945,-1.00238,0.00857,0.00062,-0.24619
1790616670.937911,-0.01756,0.00715,-1.0018,0.00288,0.00582,-0.19301
1790616671.0377522,-0.01278,0.02953,-1.00062,0.00467,0.00332,-0.20594
1790616671.138138,-0.01687,0.01386,-1.00349,0.00809,0.00814,-0.19515
1790616671.2619562,-0.02134,0.00133,-1.00072,0.00166,0.00585,-0.21622
1790616671.357953,-0.02126,0.00204,-1.00034,0.00226,0.00616,0.01055
1790616671.45791,-0.01149,0.01456,-1.00425,0.00433,0.00519,0.00798
1790616671.58211,-0.00722,0.01339,-1.00033,0.00309,0.00252,0.00439
1790616671.680453,-0.00956,0.01357,-1.00109,-0.00015,-0.00075,-0.01005
1790616671.782944,-0.01115,-0.00259,-1.00095,0.00347,0.00372,-0.01461
1790616671.883465,-0.0069,0.01265,-1.00219,0.00214,0.0034,-0.02039
1790616671.980385,-0.00707,0.0133,-1.00257,0.00108,0.00119,-0.02592
1790616672.0826628,-0.01109,0.00865,-1.00098,0.0021,0.00497,-0.01906
1790616672.19761,-0.01817,-0.02094,-1.0005,0.00884,0.00485,0.04405
1790616672.297774,-0.01396,0.01812,-1.00212,0.00292,0.00416,-0.00991
1790616672.397723,-0.00594,0.02173,-1.00333,0.00419,-0.00173,-0.01572
1790616672.497599,-0.0064,0.02563,-1.00208,0.00024,0.00324,-0.02858
1790616672.597752,-0.01034,0.01475,-1.00155,0.00095,0.00314,-0.01991
1790616672.697661,0.16283,-0.01779,-1.00408,0.02765,0.01739,-0.03816
1790616672.818231,0.21649,0.00552,-1.02805,-0.02283,-0.02388,-0.01428
1790616672.918102,-0.15195,0.00376,-1.01977,0.01852,-0.04954,-0.01345
1790616673.044874,-0.12073,-0.02175,-1.01463,0.01204,-0.00346,0.03016
1790616673.137887,0.03524,0.01536,-1.00248,-0.0061,0.0023,0.01638
1790616673.257479,0.04129,-0.00747,-1.01924,0.03011,-0.02541,0.01907
1790616673.3575602,-0.01572,0.00234,-0.98442,7e-05,0.03771,0.0117
1790616673.457528,-0.05958,0.02355,-0.98901,0.01443,0.02223,-0.00958
1790616673.5776188,-0.04427,0.01045,-1.00839,-0.00393,0.02887,0.02672
1790616673.682463,0.0267,0.03221,-1.00648,0.00431,0.02601,-0.02138
1790616673.782325,0.00965,-0.00064,-1.01343,-0.00985,0.0603,-0.01418
1790616673.897665,-0.04648,-0.02798,-1.02844,0.00289,0.00553,0.04125
1790616673.997686,-0.02023,0.00559,-0.98963,-0.04969,0.01583,-0.01925
1790616674.097739,-0.00305,-0.00454,-0.98399,-0.00323,0.00439,0.02662
1790616674.1977868,0.00556,-0.05591,-1.00544,0.0107,-0.00963,0.02279
1790616674.297943,-0.06014,-0.04495,-1.02302,0.06727,-0.03027,0.02466
1790616674.4174259,-0.09052,0.02661,-1.01448,-0.01232,-0.01245,-0.02898
1790616674.5174541,-0.11689,0.11022,-1.00342,0.00473,-0.00778,-0.00479
1790616674.617428,-0.02494,0.00948,-0.99457,0.03165,0.01498,-0.02814
1790616674.7182,-0.01135,0.01493,-1.00196,0.00569,0.006,-0.0068
1790616674.8177469,-0.00586,0.01086,-1.00101,0.00495,0.00443,0.00441
1790616674.937514,-0.0062,0.01287,-0.9998,0.00113,0.0021,0.00148
1790616675.043204,-0.00758,0.01165,-1.0004,0.00415,0.00291,0.00378
1790616675.1581812,-0.01502,-0.00019,-1.00123,0.00244,0.00719,0.01962
1790616675.277802,-0.00899,0.018,-1.00243,0.00263,0.00429,0.00612
1790616675.380712,-0.00794,0.01022,-1.0011,0.00564,0.00157,0.01599
1790616675.47765,-0.0054,0.01977,-1.00132,0.00393,0.00282,-0.00332
1790616675.5979588,-0.00753,0.01216,-1.00262,0.00678,0.00486,0.00124
1790616675.697619,-0.00843,0.01015,-1.00238,0.00333,0.00141,0.00143
1790616675.797861,-0.00709,0.01302,-1.00372,0.00276,0.00523,0.00316
1790616675.897847,-0.00708,0.01312,-1.00108,0.00274,0.00336,0.00223
1790616676.0175328,-0.00626,0.01406,-1.00304,0.00557,0.00378,0.00028
1790616676.121286,-0.00544,0.01658,-1.00114,0.0024,0.00475,-0.00237
1790616676.219069,-0.00457,0.0151,-1.00157,0.00702,0.00287,0.00516
1790616676.317481,-0.01203,0.00912,-1.00172,0.00202,0.00267,0.01295
1790616676.4395049,-0.01104,0.00124,-1.00039,0.00407,0.00318,0.0242
1790616676.53949,-0.01017,-0.00037,-1.00144,0.00633,0.00608,0.01849
1790616676.6397052,-0.01062,0.0002,-1.00153,0.00736,0.00728,0.01309
1790616676.7434082,-0.00782,0.00269,-1.00133,-0.00165,0.00646,0.00461
1790616676.842756,-0.0136,-0.00697,-0.99991,0.00656,0.00545,0.03497
1790616676.942362,-0.01067,-0.00155,-1.00161,0.00503,0.00229,0.01383
1790616677.0575948,-0.00691,0.00914,-1.00132,0.00331,0.00394,-0.00101
1790616677.1575592,-0.00674,0.01783,-1.00183,0.00153,0.00034,-0.0211
1790616677.257759,-0.00247,0.02424,-1.00111,0.00296,0.00057,-0.02391
1790616677.3782551,-0.00176,0.02894,-1.0038,0.00283,0.0019,-0.01829
1790616677.4977112,-0.00779,0.03807,-1.00393,0.00475,-0.00245,-0.01436
1790616677.597653,-0.00327,0.02118,-1.00102,0.00648,0.00475,0.00141
1790616677.6976361,-0.00699,0.01269,-0.99985,0.00572,-0.00036,0.00838
1790616677.79762,-0.01101,0.00177,-1.00005,0.00664,0.00229,0.02333
1790616677.898614,-0.01261,-0.00555,-1.00132,0.00609,0.00569,0.03245
1790616678.0176709,-0.03656,-0.02915,-1.00198,0.00709,-0.0017,0.03861
1790616678.1177018,-0.01491,0.00059,-1.00274,0.00605,-0.00083,0.02867
1790616678.217655,-0.00994,0.00639,-1.00022,0.00452,0.00217,-0.00025
1790616678.338685,-0.00594,0.01571,-1.00091,0.00293,0.00175,-0.01935
1790616678.438412,-0.00343,0.02534,-1.00297,0.00295,0.00368,-0.0239
1790616678.538903,-0.00196,0.03105,-1.00149,0.00304,0.00148,-0.01443
1790616678.6425128,-0.00436,0.02167,-0.99902,0.00225,0.00106,-0.00272
1790616678.740437,-0.00635,0.02343,-1.00098,0.00827,-0.00383,0.00778
1790616678.859925,-0.00674,-0.02371,-0.99836,0.0125,-0.00492,0.03244
1790616678.9590569,-0.02425,-0.02015,-1.00087,0.00257,0.00292,0.0276
1790616679.059995,-0.00882,0.01263,-1.00125,0.00182,0.00319,0.0067
1790616679.1584861,-0.02988,-0.01624,-1.00153,0.0113,-0.02729,0.00771
1790616679.27998,0.01696,0.02707,-1.00077,0.00726,-0.00051,0.00987
1790616679.381645,-0.00663,-0.00105,-1.00108,0.00606,0.00264,0.01875
1790616679.5026078,-0.01143,0.0103,-1.00245,0.00501,0.00121,0.02515
1790616679.603072,-0.00962,6e-05,-1.00138,0.00437,0.00279,0.02783
1790616679.721233,-0.01429,-0.00554,-1.00087,0.00291,0.0031,0.02766
1790616679.83832,-0.03991,-0.0059,-1.00617,0.00791,0.03278,0.009
1790616679.9421608,-0.01529,-0.00739,-1.00089,0.00787,-0.00107,0.03203
1790616680.041665,-0.01486,-0.00679,-1.00043,0.00314,0.00283,0.02579
1790616680.1593,-0.01686,-0.01179,-0.99967,0.00406,0.00236,0.02945
1790616680.26135,-0.01147,0.00088,-1.00126,0.00196,0.00236,0.01313
1790616680.358546,0.0005,0.02895,-1.00226,-5e-05,0.00839,-0.03121
1790616680.458673,-0.00245,0.02922,-1.00022,0.00169,0.00678,-0.02374
1790616680.558662,-0.00065,0.02935,-1.00334,0.00534,0.00162,-0.03495
1790616680.658947,-0.00902,0.02508,-1.00411,0.00262,-0.01488,-0.02327
1790616680.779158,0.00432,0.02869,-1.00147,0.00637,0.00148,-0.01565
1790616680.879167,-0.00636,0.02168,-1.00082,0.00644,0.00742,0.00327
1790616680.9790661,-0.00526,0.02058,-1.00272,0.00517,-0.00069,0.00713
1790616681.081463,-0.00442,0.01616,-1.00065,0.00641,-0.00089,0.00251
1790616681.18051,-0.0039,0.02093,-1.00066,0.00275,0.00273,-0.00705
1790616681.304536,-0.00455,0.0285,-1.00136,0.00416,0.00194,-0.02116
1790616681.40428,-0.00576,0.02608,-1.00197,0.001,0.0048,-0.03138
1790616681.5022569,-0.00608,0.00965,-1.00244,0.00106,0.00493,-0.01443
1790616681.602533,-0.00297,0.0001,-0.99991,0.00684,0.00252,0.00791
1790616681.700307,-0.00634,-0.00351,-1.00101,0.00633,0.00723,0.02633
1790616681.819387,-0.0099,-0.0047,-1.00066,0.00539,0.0021,0.02914
1790616681.921908,-0.00911,0.00792,-1.00414,0.00218,0.0043,0.0219
1790616682.039147,-0.00654,0.00968,-1.00224,0.00659,-0.00126,0.01744
1790616682.141315,-0.00759,0.01035,-1.00077,0.00372,0.00072,0.01695
1790616682.239147,-0.00905,0.01894,-1.00195,0.00821,0.00357,-0.00014
1790616682.3595939,0.00302,0.04484,-1.00277,0.00403,0.00124,-0.03534
1790616682.4591758,-0.00228,0.0284,-1.00208,0.00384,0.00162,-0.02748
1790616682.558471,-0.00042,0.03093,-1.00105,0.00364,0.00656,-0.02062
1790616682.6790981,0.00069,0.03371,-1.00177,0.00643,0.00395,-0.02297
1790616682.7795541,0.00052,0.03058,-1.00275,0.00587,0.0064,-0.02393
1790616682.881532,-0.00395,0.01975,-1.00349,0.00804,0.0038,-0.03561
1790616682.978837,-0.00971,0.00701,-1.00185,0.00415,0.0057,-0.00265
1790616683.0989828,-0.00849,0.01182,-1.00078,0.00514,0.00403,0.0003
1790616683.202759,-0.01139,0.00249,-1.00311,0.00438,0.00299,0.00406
1790616683.305253,-0.00631,0.00459,-1.00152,0.00214,0.00303,0.00377
1790616683.401974,0.00948,0.0342,-1.00329,0.00696,-0.00147,-0.06479
1790616683.521309,-0.00121,0.0131,-0.99744,0.00291,-0.00755,-0.00512
1790616683.618686,-0.0068,0.00195,-1.00154,0.00296,0.01038,0.00949
1790616683.718602,-0.0285,-0.01903,-1.00502,-0.00031,0.001,0.00976
1790616683.8216908,-0.01207,-0.00274,-1.00106,0.00569,0.00536,0.0227
1790616683.919679,-0.01555,-0.00968,-0.99949,0.00844,0.00466,0.0288
1790616684.020381,-0.01334,-0.00425,-1.00068,0.00887,0.00124,0.01271
1790616684.138309,-0.01675,0.00425,-1.00411,0.00238,0.00277,0.03316
1790616684.263967,-0.01396,-0.00012,-1.00037,0.00791,0.00321,0.03116
1790616684.362643,-0.00936,0.01365,-1.00142,0.00455,0.00445,0.02742
1790616684.462421,-0.00076,0.04152,-1.00453,0.00505,0.00282,-0.02161
1790616684.562782,-0.0053,0.02822,-1.0014,0.00373,0.00358,-0.01003
1790616684.679501,-0.00288,0.02779,-1.00177,0.00616,0.00856,-0.00875
1790616684.779459,0.00365,0.03215,-1.0037,0.00522,0.00501,-0.01571
1790616684.8817222,0.00571,0.04071,-1.00027,0.01032,0.00602,-0.04957
1790616684.98003,-0.01633,0.00363,-1.00092,0.00319,0.00759,0.02295
1790616685.099587,-0.01466,-0.00534,-1.0012,0.00684,0.00199,0.03543
1790616685.201544,-0.00929,0.00115,-1.00169,0.00586,0.0004,0.03418
1790616685.306088,-0.01053,0.00836,-1.00151,0.00836,-0.00067,0.02528
1790616685.401288,-0.00904,0.00727,-1.00314,0.00518,0.00726,0.0205
1790616685.519686,-0.00839,0.00607,-0.99974,0.00496,0.00363,0.02207
1790616685.621996,-0.00784,0.0052,-0.99958,0.01089,0.00383,0.00526
1790616685.720451,-0.00275,0.02914,-1.0016,0.00496,0.00276,0.00129
1790616685.839498,-0.00387,0.01446,-1.00122,0.00473,0.00189,0.00531
1790616685.941602,0.00077,0.01614,-1.00269,0.00606,0.0017,0.01328
1790616686.03948,-0.01369,0.00441,-1.00095,0.0088,0.00679,0.01884
1790616686.13951,-0.00944,0.00363,-1.00128,0.00386,0.0079,0.02287
1790616686.2396271,-0.01292,-0.001,-1.00154,0.00303,0.00281,0.02852
1790616686.3598468,-0.01084,-0.00511,-1.00044,0.00206,0.00794,0.02869
1790616686.481704,-0.0126,-0.00592,-1.00116,0.00089,0.00682,0.02753
1790616686.581368,-0.00139,0.01051,-0.99956,0.00206,0.007,-0.00303
1790616686.699417,-0.0082,1e-05,-1.00166,0.00334,0.00077,0.01316
1790616686.8004029,0.00264,0.01049,-1.0039,0.00488,0.00359,0.0067
1790616686.919488,-0.00145,0.02518,-1.00324,0.00777,-0.00098,-0.02261
1790616687.019465,-0.00298,0.02223,-0.99952,0.00289,0.00093,-0.01915
1790616687.122723,-0.00072,0.02693,-1.00153,0.00403,0.00113,-0.02739
1790616687.219755,0.00168,0.0311,-1.00347,0.00208,0.00096,-0.02888
1790616687.319541,-0.01433,0.02234,-1.00108,0.00458,0.00628,-0.01827
1790616687.423352,9e-05,0.03157,-1.00125,0.00569,0.00221,-0.01451
1790616687.524124,-0.00491,0.02113,-1.00226,0.00614,0.00589,-0.00346
1790616687.641193,-0.00571,0.01487,-1.00182,0.00219,0.00349,0.0113
1790616687.739508,-0.00846,0.00285,-1.00241,0.00344,0.00617,0.0193
1790616687.8596249,-0.01199,0.00119,-1.00137,0.00556,0.00459,0.02827
1790616687.9599302,-0.01257,-0.00209,-0.9999,0.00406,0.00422,0.03073
1790616688.064252,-0.01618,-0.00328,-1.00214,0.00396,0.00293,0.02728
1790616688.1795049,-0.014,-0.00231,-1.00298,0.00318,0.00669,0.01974
1790616688.2798212,-0.00971,0.00372,-1.00078,0.00706,0.00641,0.00982
1790616688.401323,-0.00616,0.00739,-1.00019,0.003,0.0036,-0.00372
1790616688.521878,-0.00496,0.01645,-1.00175,0.00298,0.00364,-0.01158
1790616688.6222231,-0.00521,0.02189,-1.00358,0.00241,-0.0004,-0.02542
1790616688.722811,0.00012,0.02915,-1.00211,0.00264,0.00092,-0.03298
1790616688.839417,-0.00269,0.02585,-1.00028,0.004,0.00123,-0.03178
1790616688.941071,0.00078,0.02874,-1.00182,0.00514,0.00154,-0.03161
1790616689.0597398,-0.01749,0.00893,-1.00249,0.00349,0.00336,-0.01829
1790616689.159499,-0.00084,0.0377,-1.00234,0.00891,0.005,-0.026
1790616689.260801,0.0028,0.03444,-1.00094,0.00675,0.00136,-0.0273
1790616689.3603709,-0.00021,0.03002,-1.00175,0.00593,0.00159,-0.02145
1790616689.4604201,0.00053,0.02981,-1.00158,0.00482,0.00092,-0.02078
1790616689.579556,0.00166,0.02962,-1.00186,0.00368,0.00241,-0.01708
1790616689.679538,0.00119,0.02854,-1.00238,0.004,0.00356,-0.0169
1790616689.7796302,0.00056,0.02694,-1.00141,0.00714,0.00032,-0.01221
1790616689.879681,-0.02556,-0.0049,-1.00391,0.01026,-0.00461,-0.03751
1790616690.0003421,-0.01071,0.02746,-1.00265,0.00644,0.00191,-0.00641
1790616690.0997,0.00387,0.03042,-1.0023,-0.00134,0.01242,-0.00722
1790616690.1995149,-0.00071,-0.00654,-1.00133,0.00935,-0.00171,0.01208
1790616690.301553,-0.01596,-0.01251,-1.00134,0.00551,0.0015,0.02402
1790616690.39958,-0.01297,0.00302,-1.0011,0.00511,0.00544,0.01477
1790616690.503061,-0.0093,0.00538,-1.00206,0.00534,0.00377,0.00163
1790616690.601242,-0.02664,-0.01562,-1.00072,0.00876,0.00362,0.01474
1790616690.7232041,-0.01925,-0.01881,-1.00028,0.00653,-0.00035,0.04439
1790616690.820927,-0.01783,-0.00434,-1.00273,0.00202,0.0092,0.02404
1790616690.941043,-0.01467,-0.00717,-0.99893,0.00311,0.00481,0.03681
1790616691.041567,-0.01102,-0.00308,-1.00245,0.00668,0.00737,0.0282
1790616691.143409,-0.01834,-0.00349,-1.00022,0.00533,0.00601,0.0302
1790616691.241698,-0.01586,-0.00227,-1.00089,0.0035,0.00439,0.02892
1790616691.361158,-0.01586,-0.00276,-1.00178,0.0051,0.00611,0.02711
1790616691.4614148,-0.01121,0.0046,-1.00182,0.00376,0.00535,0.01806
1790616691.5609548,-0.01146,0.01099,-1.00172,0.0035,-0.00106,0.00932
1790616691.661071,-0.01131,0.01235,-1.00188,0.00357,0.00305,0.00763
1790616691.78195,-0.01534,-0.00133,-1.00191,0.00472,0.00388,0.02686
1790616691.882921,-0.02244,0.00087,-1.00414,0.00774,-0.00163,-0.03048
1790616691.9831932,-0.0047,0.0142,-1.00109,0.00769,-0.00305,-0.02081
1790616692.08181,-0.00273,0.01661,-1.00341,0.00626,0.00308,-0.02378
1790616692.183318,-0.00773,0.00235,-1.00241,0.00536,0.00106,0.01056
1790616692.301175,-0.01324,-0.00492,-1.00006,0.00514,-0.00245,0.01145
1790616692.400673,-0.01379,-0.00425,-1.00223,0.00488,0.00495,0.02025
1790616692.5014489,-0.01737,-0.0093,-1.00149,0.00423,0.00342,0.02783
1790616692.600564,-0.0278,-0.01063,-1.00079,0.00489,0.00368,0.01272
1790616692.72243,-0.00747,-0.00786,-0.99991,0.00891,0.01187,0.03153
1790616692.821079,-0.01107,0.01234,-1.00048,0.00245,0.0101,0.00816
1790616692.9404101,-0.00359,0.01839,-1.00397,0.00325,0.00621,0.00323
1790616693.040252,-0.00263,0.02293,-1.00342,0.00092,0.00233,-0.00244
1790616693.141577,-0.00043,0.02242,-1.00143,0.00054,0.00191,-0.00216
1790616693.267776,-0.00143,0.02361,-1.00167,0.0035,0.00372,-0.0052
1790616693.382431,-0.0007,0.02751,-1.0017,0.00354,0.00184,-0.01191
1790616693.4841568,-0.00177,0.02281,-1.00049,0.00307,0.00338,-0.01049
1790616693.5836449,-0.00049,0.02576,-1.0003,0.00483,-0.00038,-0.02362
1790616693.685229,0.00152,0.02834,-1.00337,0.00756,0.00091,-0.01889
1790616693.784199,-3e-05,0.02977,-1.00258,0.00531,0.00503,-0.01737
1790616693.9018948,0.00148,0.03258,-1.00142,0.00342,0.00371,-0.02733
1790616694.002111,0.00117,0.02985,-1.00252,0.0045,0.00213,-0.02343
1790616694.1014469,-0.02558,0.01334,-1.0038,0.00122,-0.00426,-0.03107
1790616694.202983,-0.00315,0.02524,-1.00183,0.00618,0.00369,-0.01896
1790616694.3220859,-0.02833,-0.01497,-1.00087,0.00766,0.00249,0.02242
1790616694.421431,0.00436,0.02068,-1.00057,-0.00146,0.00507,0.00103
1790616694.5213451,-0.00451,0.01936,-1.00242,0.00217,0.00238,0.0014
1790616694.621414,-0.00349,0.02179,-1.00331,0.00347,0.0038,-0.00133
1790616694.741507,-0.01022,0.03458,-0.99878,0.00233,0.00678,-0.04278
1790616694.841322,0.00886,0.03219,-1.00018,0.00835,0.00249,-0.02528
1790616694.9412968,-0.00089,0.03431,-1.00248,0.01165,0.00269,-0.00907
1790616695.061748,-0.01712,-0.00124,-1.00279,0.00616,0.00632,0.01585
1790616695.1618922,-0.01867,-0.01436,-1.00358,0.00609,0.00489,0.02917
1790616695.281493,-0.01377,0.00104,-1.00015,0.00256,0.00867,0.02996
1790616695.38174,-0.00897,0.00309,-0.99936,0.0008,0.01449,0.02302
1790616695.5016441,-0.01342,0.01402,-1.00211,0.00593,0.00203,0.01423
1790616695.6016011,-0.0013,0.03577,-1.00315,0.00655,-0.00934,-0.02412
1790616695.721206,-0.00527,0.03379,-0.99983,0.00792,-0.00302,-0.02608
1790616695.8212118,-0.01541,-0.04933,-1.00129,0.00542,0.00472,0.04732
1790616695.921403,-0.00709,0.00661,-1.00186,0.00578,0.00958,0.0218
1790616696.021423,0.10729,0.30871,-0.99782,0.00334,0.01231,-1.25236
1790616696.1216252,0.01542,0.04739,-1.00214,0.01733,0.01245,-0.79586
1790616696.243051,0.00168,-0.01295,-0.99659,-0.01584,0.01291,-0.93566
1790616696.361335,-0.00011,-0.02619,-1.00623,0.03958,-0.0049,-0.92007
1790616696.461385,-0.00565,0.00489,-1.00111,-0.00517,0.00796,-0.99138
1790616696.561388,0.0029,-0.00144,-0.99374,0.01983,0.0227,-1.07079
1790616696.6822138,0.02434,0.0332,-0.98822,-0.00256,0.02825,-1.0754
1790616696.801671,0.00553,0.03058,-1.01775,0.01827,0.02227,-1.0475
1790616696.921586,0.00395,0.02287,-1.00733,-0.02037,0.00511,-1.00411
1790616697.021151,-0.00491,-0.01112,-0.9996,0.02052,0.01219,-0.87808
1790616697.1430342,-0.02138,0.01424,-1.00155,-0.01715,-0.00291,-0.81329
1790616697.26123,-0.00527,-0.01052,-1.00748,0.00753,0.0119,-0.68323
1790616697.381739,-0.02271,-0.00136,-1.0054,0.00464,-0.00285,-0.50643
1790616697.4812968,0.00557,-0.01387,-1.00165,-0.00343,0.0101,-0.42966
1790616697.581374,-0.01218,0.02466,-1.00082,-0.00612,0.00292,-0.39558
1790616697.7012968,-0.02771,0.00901,-1.0075,0.00116,0.00229,-0.34149
1790616697.801444,0.01197,0.03016,-1.00327,0.0091,0.00829,-0.29123
1790616697.9213178,-0.0211,0.0217,-1.00162,0.00509,0.00494,-0.20106
1790616698.021614,-0.00438,0.0229,-1.00269,0.00904,0.00129,-0.19426
1790616698.1436422,-0.01828,0.01181,-0.99881,-0.00526,0.00466,-0.20313
1790616698.242359,-0.0136,0.00971,-1.0025,0.00634,0.00292,0.03713
1790616698.344028,-0.00803,0.00136,-1.00232,0.0047,0.00735,0.02365
1790616698.461333,-0.0121,-0.00243,-1.00084,0.00381,0.00534,0.01725
1790616698.561494,-0.01051,0.01154,-1.00182,1e-05,0.00384,0.00191
1790616698.6615229,-0.0156,0.00277,-1.00206,0.00193,0.00439,0.01626
1790616698.7674618,-0.01021,0.01754,-1.0026,0.00306,0.00159,-0.0134
1790616698.8623512,-0.00403,0.03017,-1.0023,0.00436,0.00175,-0.02971
1790616698.982899,-8e-05,0.03205,-1.00089,0.00172,0.00132,-0.02413
1790616699.082916,-0.01991,0.04415,-1.00236,-0.00516,-0.00169,-0.04419
1790616699.1814651,-0.00657,0.01573,-1.00302,0.00677,0.00486,0.01273
1790616699.281387,-0.01318,-0.00445,-1.00138,0.00632,0.00575,0.03493
1790616699.401555,-0.00805,-0.00376,-0.9991,0.00271,0.00762,0.0185
1790616699.5013099,0.2111,0.02198,-1.00205,-0.00851,0.00523,-0.08014
1790616699.6011899,0.15642,0.00105,-0.98807,0.00191,0.03124,0.001
1790616699.701267,-0.03471,0.00533,-1.05192,-0.00349,-0.09416,-0.01236
1790616699.804615,-0.1385,0.02413,-0.98142,0.02899,0.035,-0.01525
1790616699.921587,0.05878,0.01567,-0.98894,0.01264,0.02338,0.00079
1790616700.021945,0.07416,0.03456,-0.97602,0.00643,0.04223,-0.0142
1790616700.1418061,-0.03785,0.01668,-1.00342,0.0101,0.00541,-0.01737
1790616700.243655,-0.08754,-0.00815,-1.00334,-0.00844,-0.02158,0.01021
1790616700.341686,-0.02353,0.01084,-1.03658,0.03292,-0.01006,0.01448
1790616700.443157,0.02728,0.01866,-1.00975,0.03668,-0.02467,-0.01487
1790616700.5418549,0.01311,0.0127,-0.99328,0.01143,-0.00711,0.00447
1790616700.661145,-0.0136,0.0297,-0.97936,0.02078,-0.01773,-0.01041
1790616700.7725608,-0.03138,0.02963,-0.99971,0.00043,0.02508,-0.03797
1790616700.903106,-0.02394,0.00287,-1.02062,-0.00087,-0.02723,0.0056
1790616701.021455,-0.05007,0.00763,-1.01327,-0.0032,-0.01548,0.00246
1790616701.121451,-0.0472,-0.0009,-1.0084,-0.00225,0.00116,0.01217
1790616701.221618,-0.03889,0.03218,-0.99693,0.01252,-0.01243,-0.01382
1790616701.342005,-0.02496,0.02297,-1.00237,0.00071,-7e-05,-0.00416
1790616701.442799,-0.03483,0.01699,-1.00927,-0.00066,-0.00495,-0.01008
1790616701.542159,-0.01552,0.00968,-0.99689,0.00805,0.01054,0.01206
1790616701.641469,0.00769,0.02135,-1.00432,-0.00658,0.00198,-0.01206
1790616701.741515,-0.00771,0.01182,-1.00221,-0.00183,0.00233,0.01524
1790616701.8613079,-0.02418,0.01848,-1.00382,0.01254,-0.0019,0.00931
1790616701.961248,-0.00937,0.01509,-1.00347,0.00296,0.00155,0.00719
1790616702.061559,-0.01301,0.01323,-1.00215,-0.00895,-0.00163,0.01289
1790616702.181379,-0.068,-0.00099,-1.00083,0.00825,0.00256,-0.00646
1790616702.302227,-0.03078,0.0196,-1.00121,0.00599,0.00431,0.00151
1790616702.402263,-0.02478,0.01006,-1.00099,0.00461,0.00579,0.00632
1790616702.503606,-0.01437,0.01535,-1.00049,0.00563,0.00091,0.0028
1790616702.602593,-0.0118,0.01426,-0.99982,0.00408,0.00371,0.0032
1790616702.7213418,-0.01091,0.01546,-1.00232,0.00326,0.00495,0.00633
1790616702.821324,-0.0159,0.014,-1.0032,0.00431,0.00245,0.0036
1790616702.9223511,-0.01233,0.01755,-1.00159,0.00363,-0.00018,-0.01179
1790616703.041488,-0.01325,0.01905,-1.00111,0.00534,0.00073,0.00122
1790616703.1613948,-0.01581,0.01333,-1.00279,0.00443,0.00121,0.00061
1790616703.261529,-0.01097,0.02156,-1.00183,0.00395,0.00336,-0.00353
1790616703.3812082,-0.01281,0.02139,-1.00126,0.00391,0.00094,-0.01192
1790616703.481179,-0.01303,0.02465,-1.00306,0.00397,0.0,-0.0164
1790616703.581314,-0.01089,0.023,-1.00195,0.00201,0.00335,-0.01387
1790616703.68155,-0.01032,0.02574,-1.00274,0.00427,0.00246,-0.01635
1790616703.803533,-0.01144,0.02813,-1.00275,0.00446,0.00376,-0.01835
1790616703.903717,-0.01088,0.02636,-1.00077,0.00305,0.00313,-0.01516
1790616704.0212119,-0.00863,0.02826,-1.00188,0.00335,0.0061,-0.01415
1790616704.142032,-0.02235,0.00318,-1.00099,0.00562,0.00249,0.02216
1790616704.243343,-0.01732,-0.00216,-1.00046,0.00671,0.00433,0.02609
1790616704.381584,-0.01762,0.00318,-1.00214,0.00615,0.00509,0.01842
1790616704.502153,-0.01481,0.00645,-1.00188,0.00371,0.00122,0.00557
1790616704.6214669,-0.01443,0.0104,-1.00324,0.00461,0.0011,-0.0134
1790616704.7211971,-0.02077,-0.00176,-1.00101,0.0075,0.00501,0.027
1790616704.821346,-0.01771,0.00023,-1.00046,0.00691,0.0044,0.02247
1790616704.921682,-0.0197,0.00081,-1.00154,0.00581,0.00676,0.01281
1790616705.041426,-0.01902,0.00603,-1.00234,0.00452,0.00248,0.00296
1790616705.1416352,-0.0118,0.02359,-1.00223,0.00623,0.00526,-0.03791
1790616705.264284,-0.01594,0.01785,-1.00035,0.00572,0.0028,0.01278
1790616705.381902,-0.01922,0.0005,-1.00173,0.00268,0.00341,0.01045
1790616705.481594,-0.0143,0.01385,-1.00104,0.00283,0.00206,-0.00545
1790616705.603487,-0.01241,0.01831,-1.00058,0.00192,0.00194,-0.01998
1790616705.701638,-0.00996,0.00616,-1.00158,0.00469,0.00031,0.00595
1790616705.801864,-0.03331,-0.01786,-1.00067,0.0061,-0.0006,0.02776
1790616705.902295,-0.02431,-0.00534,-0.99964,0.00511,0.00072,0.02569
1790616706.002995,-0.01833,0.00171,-0.99953,0.00284,0.00142,0.01078
1790616706.121297,-0.01332,0.00617,-1.00094,0.00219,0.00337,-0.00187
1790616706.221463,0.00391,0.04133,-1.00094,-0.00113,0.00327,-0.02405
1790616706.3216362,-0.0134,0.03207,-1.00183,0.00389,0.00467,-0.0182
1790616706.441154,-0.00764,0.02693,-0.99985,0.0057,0.00113,-0.00286
1790616706.541056,-0.01188,0.02281,-1.00278,0.00138,0.0004,0.00848
1790616706.663668,-0.01555,0.00976,-1.00142,0.00789,0.00613,0.01944
1790616706.761357,-0.01627,0.00259,-1.00133,0.00356,0.00439,0.02559
1790616706.864075,-0.02033,-0.00276,-0.99966,0.00339,0.00392,0.02904
1790616706.963913,-0.02129,-0.00431,-1.00075,0.0048,0.00555,0.03018
1790616707.0812612,-0.01774,0.00109,-1.00174,0.00404,0.00575,0.01026
1790616707.181369,-0.01676,0.01205,-1.00149,0.00381,0.0041,-0.01048
1790616707.281184,-0.01157,0.02689,-1.00181,0.00192,0.0043,-0.02675
1790616707.381305,-0.01088,0.02612,-1.00096,0.0025,0.00162,-0.02867
1790616707.4814909,-0.00741,0.03565,-1.00064,0.00117,0.00504,-0.03245
1790616707.6011012,-0.00709,0.03426,-1.00425,0.00238,0.00553,-0.02689
1790616707.7212029,-0.00852,0.03017,-1.00192,0.00371,0.00591,-0.00903
1790616707.821644,-0.02056,-0.0116,-0.99927,0.00891,0.00868,0.02638
1790616707.921601,-0.01884,0.00037,-1.00167,0.00234,-0.00214,0.01455
1790616708.041095,-0.01608,0.00208,-1.00205,0.00281,-0.00014,-0.00454
1790616708.141153,-0.01627,0.00751,-1.00309,0.00446,0.00219,-0.01043
1790616708.241118,-0.01268,0.02045,-1.00213,0.00471,0.0038,-0.02517
1790616708.3415859,-0.00785,0.0262,-1.00301,0.00229,0.00258,-0.03267
1790616708.441494,-0.01887,0.00625,-1.00155,0.00487,0.00446,0.00094
1790616708.541277,-0.00512,0.0361,-1.00141,0.00029,0.00215,-0.03027
1790616708.641427,-0.01073,0.02869,-1.00128,0.00257,0.00565,-0.01183
1790616708.770912,-0.00774,0.02976,-1.00032,0.00519,0.00167,-0.00651
1790616708.886188,-0.01753,0.01088,-1.00244,0.00729,0.00195,0.04227
1790616708.961542,0.00106,-0.00015,-1.00056,0.00478,0.00909,0.02347
1790616709.062838,-0.00139,0.02324,-0.99922,0.00413,0.01459,0.01735
1790616709.1616058,-0.00832,0.00103,-1.00068,0.0061,0.00917,0.02724
1790616709.281158,-0.02717,-0.01287,-1.00413,0.00416,-0.00192,0.0179
1790616709.381206,-0.01743,0.01215,-1.00107,0.00581,0.00023,0.02536
1790616709.48112,-0.02058,-0.00857,-1.00047,0.00388,0.00421,0.03792
1790616709.581166,-0.02056,-0.00708,-0.99949,0.00266,0.00793,0.03849
1790616709.681408,-0.01076,0.00397,-1.0014,0.00924,0.00349,0.00312
1790616709.801315,-0.02555,-0.0036,-0.99962,0.00598,0.00746,0.01942
1790616709.901056,-0.01818,-0.00052,-1.00146,0.00105,0.00592,0.01202
1790616710.022026,-0.01272,0.01568,-1.00208,0.00528,0.00186,-0.02358
1790616710.123101,-0.02494,-0.0127,-1.00238,0.00919,0.00387,0.04496
1790616710.222743,-0.01866,0.00409,-1.00092,0.00196,0.00537,0.00042
1790616710.3413188,-0.01532,0.01174,-1.00118,0.00348,0.00629,-0.02037
1790616710.441403,-0.00563,0.03907,-1.00314,0.00474,-0.0022,-0.06161
1790616710.561475,-0.01885,0.02145,-1.00143,0.00327,0.00321,-0.03926
1790616710.664623,-0.00595,0.02951,-1.00303,0.00409,0.00377,-0.01969
1790616710.7811468,-0.00589,0.03529,-1.00339,0.00555,0.0037,-0.01451
1790616710.881175,-0.01877,0.00407,-1.00195,0.00623,0.0045,0.026
1790616710.9810638,-0.01865,0.0003,-1.00185,0.00626,0.00306,0.03262
1790616711.0810518,-0.02081,-0.00746,-0.99928,0.00512,0.00622,0.03506
1790616711.201215,-0.02025,-0.00314,-1.00211,0.00458,0.00379,0.0195
1790616711.323664,-0.01658,0.0165,-1.00396,0.00592,-0.00171,-0.01243
1790616711.421291,-0.01548,0.00685,-0.99984,0.00466,0.0022,-0.00431
1790616711.5215948,-0.00871,0.01791,-1.00197,0.00021,0.00337,-0.04428
1790616711.6231942,-0.02472,-0.00866,-1.00308,0.00318,0.00865,0.01472
1790616711.7240782,-0.01688,0.00363,-1.00137,0.00224,0.00199,0.00346
1790616711.842047,-0.01359,0.01326,-1.00096,0.0026,0.00645,-0.02141
1790616711.942123,-0.00934,0.03008,-1.00127,0.00155,5e-05,-0.03434
1790616712.0424142,-0.00474,0.04813,-1.00304,0.00347,0.00524,-0.06458
1790616712.141685,-0.00494,0.01688,-1.00046,0.00608,0.00483,-0.03215
1790616712.241378,-0.0096,0.02285,-1.002,0.00131,0.00437,-0.03048
1790616712.361195,-0.00316,0.02936,-1.00075,0.00325,0.00184,-0.04569
1790616712.4611259,-0.02626,-0.00892,-1.00258,0.00614,0.0008,0.01543
1790616712.561086,-0.01911,0.00445,-1.00283,0.00397,0.0028,0.00216
1790616712.663083,-0.0144,0.0141,-1.0019,0.00435,0.00283,-0.01594
1790616712.766473,-0.01021,0.02233,-1.002,0.00512,0.0026,-0.03001
1790616712.881048,-0.004,0.01696,-1.00101,0.00573,0.00157,-0.01323
1790616712.9817731,-0.01587,0.0253,-1.00231,0.00191,0.00503,-0.03557
1790616713.082133,-0.01355,0.02141,-1.00137,0.00616,-0.00184,-0.02578
1790616713.20105,-0.0067,0.02966,-1.00259,0.0026,0.00216,-0.03086
1790616713.3013902,-0.00826,0.03075,-0.99935,0.00394,0.00551,-0.0238
1790616713.4411762,-0.00725,0.02681,-1.0024,0.00371,0.00422,-0.0052
1790616713.5609658,-0.01158,0.02731,-1.00248,0.00689,-0.00019,0.00421
1790616713.661193,-0.00912,0.01751,-1.00327,0.00575,0.00127,0.00806
1790616713.7615511,-0.01483,0.00981,-1.00337,0.00546,0.00214,0.01979
1790616713.882945,-0.01939,0.00114,-0.99867,0.00578,0.00138,0.02844
1790616713.983219,-0.01944,-0.00462,-1.00171,0.00193,-0.00091,0.03499
1790616714.082871,-0.02026,-0.00961,-1.00163,0.0032,0.00428,0.03752
1790616714.18327,-0.02202,-0.00955,-1.00147,0.0017,0.00575,0.0309
1790616714.301347,-0.02084,-0.00656,-1.00247,0.00476,0.00174,0.02334
1790616714.401331,-0.01826,-0.00084,-1.00192,0.00324,0.00175,0.00756
1790616714.5216708,-0.01783,0.00046,-1.00256,0.00218,0.00263,-0.00046
1790616714.621852,-0.01403,0.01259,-1.00248,0.0013,0.004,-0.01856
1790616714.7213361,-0.00911,0.03139,-1.00277,0.00545,0.0034,0.00703
1790616714.82168,-0.01259,0.01139,-1.0011,0.00403,0.00346,0.02
1790616714.941088,-0.0153,0.00945,-1.00341,0.00519,0.00032,0.02279
1790616715.0416179,-0.01655,0.0045,-1.00264,0.0063,0.00189,0.0255
1790616715.141261,-0.02177,-0.00336,-0.99981,0.00365,0.00106,0.05104
1790616715.241226,-0.01939,0.00675,-1.00135,0.00821,-0.00246,0.01442
1790616715.341513,-0.01514,0.01494,-0.99922,0.0061,0.00309,0.01955
1790616715.46091,-0.02022,-0.0018,-1.00268,0.00847,0.00174,0.05456
1790616715.561304,-0.02581,-0.00248,-1.00398,0.00042,0.00147,0.02183
1790616715.681355,-0.01878,-0.0042,-1.00159,0.00683,-0.00017,0.03421
1790616715.782214,-0.01871,-0.00173,-1.00034,0.00464,0.00573,0.02918
1790616715.883112,-0.01842,0.00361,-1.0009,0.00204,0.00284,0.03069
1790616715.982371,-0.01656,0.00574,-1.00178,3e-05,0.0012,0.01362
1790616716.1010492,-0.0107,0.02215,-1.00128,0.00729,0.00485,0.01128
1790616716.201049,-0.01539,0.0096,-1.00315,0.00229,0.00308,0.01655
1790616716.3011599,-0.02267,0.01157,-1.00312,0.00551,0.00387,0.03104
1790616716.401066,-0.00197,0.04099,-1.00225,0.00284,0.00512,-0.01974
1790616716.501247,-0.00603,0.03691,-1.00219,0.00231,0.00421,-0.01518
1790616716.601353,-0.00521,0.0359,-1.00333,0.00386,0.00539,-0.01594
1790616716.701349,-0.00941,0.02891,-1.0021,0.00386,0.00289,-0.00729
1790616716.821853,-0.0251,-0.00255,-1.00014,0.00484,0.0023,0.0185
1790616716.920887,-0.02208,0.001,-0.99891,0.00167,0.00556,0.01662
1790616717.0215318,0.00911,0.04528,-0.99965,0.0085,0.00546,-0.0553
1790616717.1413069,-0.0166,-0.0211,-1.0004,0.00647,-0.00108,0.03448
1790616717.2414,-0.01789,-0.00663,-1.00204,0.00055,0.00472,0.06746
1790616717.341208,-0.02369,0.00325,-1.00106,0.00775,0.00785,0.14043
1790616717.4611351,-0.0126,0.0189,-1.00057,0.00494,0.00246,0.15256
1790616717.561194,-0.00932,0.02785,-1.00141,0.00391,0.00224,-0.00392
1790616717.661292,-0.01272,0.01507,-1.00096,0.00598,0.00309,-0.00331
1790616717.781705,-0.01452,0.0155,-1.00154,0.00613,0.00498,0.00191
1790616717.9012039,-0.02086,-0.01121,-1.00085,0.00984,0.00698,0.04908
1790616718.001068,-0.0147,0.01471,-1.00008,0.00263,0.00708,0.00834
1790616718.101311,-0.01073,0.02283,-1.0015,0.00149,0.00859,-0.00671
1790616718.201071,-0.012,0.01952,-1.0006,0.00293,0.00383,0.00075
1790616718.321453,-0.01626,0.01167,-1.00186,0.00525,0.00409,0.00433
1790616718.421061,0.19843,0.02266,-1.00652,0.04148,-0.00603,0.00676
1790616718.52103,0.04798,-0.09111,-0.98166,0.03631,-0.02351,-0.00268
1790616718.621239,-0.07355,0.00287,-0.99975,-0.02871,0.00963,0.10437
1790616718.742809,-0.0835,0.0038,-1.02051,0.01912,0.03482,0.04098
1790616718.842746,-0.09528,0.01001,-1.01002,0.01273,0.01524,-0.02378
1790616718.942961,0.05446,-0.00158,-1.02008,0.01908,0.00706,0.02572
1790616719.0424,0.0358,0.03249,-0.98699,0.00833,-0.00345,0.00706
1790616719.140936,-0.02845,0.01892,-0.99451,-0.0008,0.01998,-0.01771
1790616719.261106,-0.04432,-0.00694,-0.97839,-0.02261,0.0177,0.03798
1790616719.361207,0.01016,0.02362,-1.00386,-0.03094,0.02517,0.00492
1790616719.482823,0.03889,0.03501,-1.00294,-0.00768,-0.01459,-0.02962
1790616719.5822132,0.00714,0.18211,-0.98855,-0.00737,0.00868,-0.01392
1790616719.682435,-0.11725,-0.03868,-1.03374,0.00955,-0.01262,0.06407
1790616719.801037,-0.08754,-0.05275,-0.981,0.02901,0.01456,0.00181
1790616719.901082,-0.02693,-0.0233,-1.01768,-0.02375,-0.0106,0.04374
1790616720.001489,0.03273,0.0451,-1.00303,0.02487,0.01448,-0.00929
1790616720.121016,-0.03863,-0.01751,-1.00762,0.00775,0.02289,-0.0145
1790616720.2424371,-0.03085,0.04351,-0.98344,0.00886,0.0157,0.00987
1790616720.34284,-0.00063,0.03221,-0.99662,0.00728,-0.0006,-0.0111
1790616720.441417,-0.03598,0.02078,-1.00841,-0.00015,-0.03424,-0.00116
1790616720.5608609,-0.04592,0.01717,-0.99732,0.00965,-0.01424,0.00063
1790616720.66095,-0.02373,0.03665,-1.00072,-0.00726,0.01271,-0.02975
1790616720.765111,-0.02562,-0.01506,-1.00043,0.01841,-0.01588,0.04564
1790616720.861444,-0.0923,-0.00497,-0.98527,0.04356,0.02498,-0.05451
1790616720.962364,-0.08005,-0.00594,-1.00689,-0.00429,-0.00111,-0.00461
1790616721.0811079,-0.0324,0.02016,-1.00153,0.0048,0.00506,0.00857
1790616721.1838112,-0.02133,0.01163,-1.00044,0.00634,0.00482,0.00328
1790616721.2824142,-0.00995,0.01283,-1.0019,0.00433,0.00387,0.00314
1790616721.4011068,-0.01009,0.01364,-1.00161,0.00342,0.00646,0.00384
1790616721.501506,-0.01079,0.01367,-1.00255,0.00575,0.00487,0.00184
1790616721.601443,-0.01411,0.0147,-0.99967,0.00167,0.00447,0.00536
1790616721.721065,-0.01604,0.01391,-1.00432,0.00242,0.00493,0.00301
1790616721.8226922,-0.00893,0.02099,-1.00225,0.00379,0.00441,0.00428
1790616721.9223628,-0.01353,0.01778,-1.00333,0.00516,0.00512,-0.00206
1790616722.041631,-0.01641,0.01766,-1.00081,0.00254,0.0042,-0.00296
1790616722.141658,-0.01465,0.00974,-1.00228,0.00234,0.00358,0.00246
1790616722.2408519,-0.01562,0.01145,-1.00314,0.00511,0.00343,0.00715
1790616722.3541188,-0.01441,0.01407,-1.00193,0.00478,0.00501,0.00459
1790616722.461448,-0.0148,0.01345,-1.00067,0.00266,0.00271,0.00577
1790616722.562146,-0.0107,0.01719,-1.00268,0.00173,-0.0017,-0.01087
1790616722.661033,-0.02071,0.0195,-1.0012,0.00477,0.00276,-0.00027
1790616722.7608461,-0.00933,0.02336,-1.00014,0.0046,0.00299,-0.01358
1790616722.861187,-0.00733,0.02036,-1.00249,0.00485,0.00546,-0.00985
1790616722.961629,-0.01099,0.02117,-1.00142,0.00468,0.0037,-0.00574
1790616723.060904,-0.01448,0.01713,-1.00007,0.00276,0.00302,0.00027
1790616723.1610959,-0.0141,0.01445,-1.00242,0.00088,0.00283,0.01041
1790616723.261367,-0.00607,0.02747,-1.00094,0.00556,0.00021,-0.01436
1790616723.361095,-0.00937,0.02435,-0.99988,0.00465,0.00079,-0.01504
1790616723.48093,-0.01128,0.02597,-1.0012,0.00479,0.00347,-0.01716
1790616723.581141,-0.01104,0.02336,-1.00134,0.00338,0.003,-0.0116
1790616723.681077,-0.019,0.02047,-1.00301,-0.00159,0.00406,0.00266
1790616723.802624,-0.01303,0.01192,-1.00122,0.00525,0.00014,0.00279
1790616723.903114,-0.01789,0.00459,-1.00271,0.00184,0.00645,0.01146
1790616724.001796,-0.01819,-0.0001,-1.00177,0.00423,0.00537,0.01973
1790616724.103232,-0.02063,-0.0004,-1.00228,0.00331,0.00597,0.01619
1790616724.2209148,-0.00177,0.02106,-1.00301,0.00223,0.00089,0.00283
1790616724.321206,-0.00683,0.03606,-1.00017,0.00069,0.0054,-0.02524
1790616724.421373,-0.00664,0.03216,-1.00049,0.00582,0.00534,-0.01883
1790616724.540979,-0.00741,0.03374,-1.00112,0.00341,0.00267,-0.03095
1790616724.66096,-0.01118,0.03278,-1.00086,0.00256,0.00129,-0.03029
1790616724.7808378,0.00575,0.04265,-1.00142,0.00051,0.00263,-0.02623
1790616724.8808892,-0.01304,0.02203,-1.00145,0.00603,0.00567,-0.01585
1790616724.9813812,-0.0107,0.03592,-1.00411,0.00446,0.00353,-0.0199
1790616725.081085,-0.01079,0.02746,-1.00341,0.00206,-0.00079,-0.02083
1790616725.20289,-0.01292,0.03081,-1.00146,0.00503,0.0017,-0.01948
1790616725.305218,-0.01106,0.03219,-1.00114,0.00599,-0.00128,-0.02265
1790616725.403409,-0.00999,0.02853,-1.0039,0.00215,0.00556,-0.01921
1790616725.521209,-0.00613,0.03007,-1.00205,0.00438,0.0045,-0.021
1790616725.620909,-0.00905,0.02908,-1.00036,0.00312,0.00718,-0.01762
1790616725.7209668,-0.01135,0.02198,-1.00027,0.00233,0.00158,-0.01697
1790616725.821719,-0.01391,0.02061,-0.99877,0.00219,0.00103,-0.0095
1790616725.921099,-0.01917,0.00788,-1.0018,0.0022,0.00311,0.00233
1790616726.0220249,-0.02111,0.00654,-1.0022,0.00369,0.00338,0.00595
1790616726.140842,-0.01902,0.00365,-1.00034,0.0045,0.00077,0.0157
1790616726.242573,-0.02433,-0.01049,-1.00328,0.00212,0.00483,0.00713
1790616726.345817,-0.02246,-0.02118,-0.99977,0.00422,0.00784,0.02716
1790616726.4635599,-0.01986,-0.00324,-0.99686,0.00426,0.0083,0.02725
1790616726.562953,-0.02129,-0.00588,-1.00062,0.00416,0.00564,0.03355
1790616726.682048,-0.02151,-0.00497,-1.00254,0.00645,0.00322,0.03499
1790616726.7818198,-0.01981,-0.00222,-1.00273,0.00622,0.00444,0.02988
1790616726.9219148,-0.01636,0.004,-0.9983,0.00576,0.00098,0.01954
1790616727.021899,-0.01869,0.02301,-0.99966,0.00643,-0.00107,0.00315
1790616727.1218429,-0.00592,0.03138,-1.00303,0.00503,0.00072,-0.0285
1790616727.222116,-0.00804,0.03568,-1.00147,0.00178,0.00111,-0.03143
1790616727.3428311,-0.01815,0.02806,-1.00044,0.00334,0.00625,-0.00514
1790616727.4428039,-0.02082,-0.02891,-0.99803,0.00905,0.0001,0.04788
1790616727.5431092,-0.02098,0.00023,-1.00048,0.00266,-0.00335,0.02819
1790616727.663009,-0.01681,0.01119,-1.00004,0.00059,0.00369,0.0143
1790616727.768907,-0.01606,0.0156,-1.00281,0.00089,0.00357,0.00717
1790616727.8638358,-0.01126,0.02442,-1.00216,0.00339,0.00031,-0.00357
1790616727.964664,-0.00616,0.02976,-1.00027,0.00158,0.00041,-0.02219
1790616728.063447,-0.00564,0.03468,-0.99957,0.00168,0.00486,-0.03178
1790616728.1832,-0.01483,0.00359,-1.00059,0.00672,0.00771,0.02064
1790616728.283724,-0.01813,0.02093,-1.00041,0.00164,0.00278,-0.03065
1790616728.4027038,-0.00467,0.03687,-1.00217,0.00622,1e-05,-0.0274
1790616728.502802,0.01735,0.03996,-0.99972,0.00145,0.01188,-0.00653
1790616728.6030478,0.14119,0.01942,-1.01479,-0.05248,0.02806,-0.08236
1790616728.7031748,0.1094,0.00278,-1.0043,-0.01535,-0.03421,0.04002
1790616728.803332,0.01495,0.10243,-0.98151,-0.01735,0.03921,0.01293
1790616728.922965,-0.05565,0.06801,-0.99529,0.01943,0.01679,0.04564
1790616729.023062,-0.05791,-0.03469,-0.9829,0.06033,0.00508,0.00253
1790616729.14281,0.07935,0.07187,-1.02359,0.0058,0.01184,-0.06162
1790616729.24286,0.07617,0.0687,-0.98765,0.00999,0.02049,-0.01041
1790616729.343044,-0.01771,0.01139,-1.01215,0.01458,0.01502,0.07783
1790616729.4431329,-0.07445,-0.01734,-0.99401,0.02441,0.01869,0.06773
1790616729.563607,-0.02772,-0.01046,-1.01155,-0.02995,-0.00374,0.01987
1790616729.662903,0.0263,0.03945,-0.97085,0.0244,0.01994,0.01206
1790616729.76531,-0.01621,0.0113,-0.98852,0.03507,0.02545,-0.00464
1790616729.8635678,0.00778,-0.07472,-1.00967,0.01868,-0.00856,-0.01973
1790616729.983018,-0.07402,-0.01427,-0.95986,-0.05081,0.02732,0.01526
1790616730.082825,-0.13058,0.02577,-0.98637,-0.00165,0.01495,0.02434
1790616730.183572,-0.0633,0.03748,-0.99812,0.00862,0.01928,-0.03253
1790616730.30279,0.0223,0.01682,-0.99843,0.00706,0.00987,-0.00789
1790616730.402881,0.03666,0.08077,-1.00759,-0.00128,0.00845,-0.06589
1790616730.503569,-0.01603,0.01887,-0.98922,0.00328,0.0085,0.00972
1790616730.625094,-0.07203,-0.04701,-1.0031,0.00613,0.01075,0.07676
1790616730.725208,0.04065,0.02113,-0.99906,0.00644,0.01103,-0.01909
1790616730.825621,0.05831,0.00041,-1.00315,0.00942,-0.00266,-9e-05
1790616730.94272,-0.05346,0.01333,-1.00492,-0.00259,-0.0089,0.01185
1790616731.043343,-0.06816,0.05099,-0.99783,0.00732,0.01259,-0.05293
1790616731.143048,-0.03433,0.0316,-1.0029,-5e-05,0.00348,-0.02365
1790616731.2428641,-0.02108,0.01296,-1.00024,0.00397,0.00496,0.00373
1790616731.362858,-0.01143,0.00883,-1.00296,0.00406,0.00409,0.00242
1790616731.4630458,-0.0101,0.01196,-1.00309,0.00276,0.00577,0.00592
1790616731.563466,-0.00952,0.01173,-1.00184,0.00399,0.00284,0.0005
1790616731.6645849,-0.01163,0.01358,-1.0022,0.00186,0.00389,0.00126
1790616731.784197,-0.01423,0.01015,-1.00087,0.00318,0.00414,0.0071
1790616731.883529,-0.0094,0.01354,-1.00111,0.00106,0.00366,0.00509
1790616732.003092,-0.00378,0.01043,-1.00178,0.0036,0.00109,0.00543
1790616732.103022,-0.00153,0.014,-1.00198,0.00596,0.00624,0.00343
1790616732.2029781,-0.00289,0.01076,-1.00063,0.00271,0.00389,0.00124
1790616732.3030279,-0.00915,0.01258,-1.00313,0.00492,0.00526,0.00358
1790616732.423279,-0.01025,0.01227,-1.00263,0.00307,0.00166,0.00358
1790616732.524034,-0.00808,0.01187,-1.00091,0.00696,0.00195,0.00253
1790616732.623451,-0.01092,0.01209,-1.00168,0.00355,0.0015,0.00253
1790616732.72299,-0.006,0.00736,-1.00251,0.00835,0.00257,0.00215
1790616732.843549,-0.01485,0.01347,-0.99916,0.00566,0.00315,-0.00073
1790616732.943486,-0.00807,0.01143,-1.00217,-0.0008,0.00572,0.00379
1790616733.043099,-0.00732,0.01264,-1.00255,0.00398,0.00173,0.00015
1790616733.14299,-0.0095,0.01282,-1.00367,0.0059,0.00326,0.00239
1790616733.242972,-0.00578,0.02098,-1.00213,-0.00711,0.01891,0.01765
1790616733.362944,-0.00226,0.03075,-1.00128,0.00078,0.00373,-0.00524
1790616733.463077,-0.00216,0.02033,-1.00009,0.0033,0.00644,-0.00639
1790616733.5635068,-0.00677,0.01649,-1.00056,0.00566,0.00778,-0.00478
1790616733.6634932,-0.00638,0.01782,-1.0014,0.00482,0.00221,-0.00977
1790616733.782936,-0.00719,0.01904,-1.00103,0.00445,0.00209,-0.01137
1790616733.8829498,-0.00817,0.00284,-0.99948,0.00596,0.00079,-0.00588
1790616733.9831948,-0.00337,0.01453,-1.0005,-0.00076,0.00284,-0.01658
1790616734.0828538,-0.00579,0.02121,-1.00022,0.00542,0.00082,-0.0006
1790616734.204533,-0.00789,0.01441,-1.00203,0.00275,0.00367,0.00211
1790616734.3029819,-0.00587,0.01906,-1.00076,0.0031,0.00446,0.00352
1790616734.4029388,-0.00269,0.00959,-1.00135,0.00359,0.0052,0.00879
1790616734.503236,-0.01811,-0.0043,-1.00257,0.00092,3e-05,0.02526
1790616734.603153,-0.01239,0.00073,-1.00291,0.00603,0.0018,0.02415
1790616734.7027452,-0.01297,-0.0018,-1.00222,0.0064,0.00369,0.02258
1790616734.823238,-0.01427,0.00021,-1.00194,0.00359,0.00395,0.02154
1790616734.923466,-0.0022,0.00956,-1.00206,0.00802,0.00474,-0.00458
1790616735.023395,-0.01167,0.01747,-1.00101,0.0037,0.00403,-0.01128
1790616735.124903,-0.004,0.01921,-1.00246,0.00462,0.00261,-0.02133
1790616735.2427819,-0.00573,0.02138,-1.00256,0.00332,0.00081,-0.0228
1790616735.3428962,-0.0092,0.02571,-1.00145,0.00505,0.00193,-0.02125
1790616735.462707,-0.00446,0.02438,-1.00048,0.00335,0.00555,-0.02104
1790616735.56296,-0.00333,0.02912,-0.99951,0.00536,0.00412,-0.02197
1790616735.662969,-0.00365,0.02439,-1.00312,0.00638,0.00416,-0.01634
1790616735.7857301,-0.00579,0.02138,-1.0006,0.00647,0.00383,-0.00868
1790616735.8859289,-0.00801,0.02079,-0.99907,0.0035,0.003,-0.00565
1790616735.986799,-0.00447,0.01666,-1.00198,0.00326,0.00203,0.00165
1790616736.1027799,-0.00826,0.01724,-1.00286,0.00547,0.00374,0.00165
1790616736.203082,-0.00753,0.01505,-1.00399,0.00282,-2e-05,0.00695
1790616736.3029602,-0.00951,0.01184,-1.0025,0.00351,0.00425,0.01155
1790616736.4030771,-0.00969,0.00948,-1.00029,0.00554,0.00563,0.0132
1790616736.503114,-0.00582,0.01619,-1.00065,0.00211,0.0012,-0.02017
1790616736.603267,-0.01281,0.00138,-1.00315,0.00395,-0.00249,-0.00691
1790616736.703851,-0.00731,0.02067,-1.00263,0.00357,-0.00117,-0.00971
1790616736.8249102,-0.00822,0.01563,-1.00075,0.00579,0.00075,0.00441
1790616736.9239428,-0.01032,0.00952,-1.00188,0.00531,0.00696,0.01843
1790616737.027385,-0.00335,0.0229,-1.00295,0.00582,0.00438,-0.02558
1790616737.124151,-0.0142,0.00234,-1.00032,0.00174,0.00228,0.02136
1790616737.224115,-0.01364,-0.00327,-1.00176,0.00298,0.00477,0.02204
1790616737.3253179,-0.0144,-0.00079,-1.00375,0.0027,0.0047,0.02878
1790616737.443723,-0.01441,-0.00053,-1.00108,0.00353,0.00298,0.02108
1790616737.543969,-0.02071,0.0077,-1.00154,0.00335,0.00207,0.01946
1790616737.64385,-0.01442,0.00379,-0.99976,0.00613,-0.00132,0.03159
1790616737.74366,-0.01047,0.00456,-1.0008,0.00262,0.00451,0.02272
1790616737.843874,-0.01298,0.0012,-1.0008,0.00484,0.00337,0.03101
1790616737.947244,0.10604,0.34553,-1.00778,-0.00116,0.03863,-0.90793
1790616738.063648,0.01097,0.02557,-0.99732,0.01206,0.02287,-0.77868
1790616738.1838279,-0.01569,-0.04895,-1.00828,-0.03569,0.01384,-0.8923
1790616738.285352,0.00652,0.00488,-0.99608,-0.00916,0.02124,-0.97785
1790616738.403845,-0.02214,0.03558,-0.99222,0.01261,0.03622,-1.02426
1790616738.504389,-0.00291,0.00934,-1.00058,0.01683,0.01229,-1.04871
1790616738.604032,0.0092,-0.00243,-1.00528,0.00848,-0.00947,-1.10618
1790616738.725947,0.02394,0.02493,-1.00133,0.01076,0.00858,-1.07595
1790616738.823766,-0.00937,0.01939,-0.99058,0.0091,0.02055,-1.00063
1790616738.924258,-0.00654,-0.00215,-1.00671,0.03115,0.01283,-1.04056
1790616739.045301,0.00563,-0.04805,-1.01153,-0.01083,-0.0222,-0.97882
1790616739.1461031,0.01111,0.03245,-1.02341,-0.01391,-0.01937,-1.074
1790616739.245383,0.00924,0.0529,-0.99684,0.00608,0.02694,-1.07875
1790616739.363764,0.00819,0.02288,-0.98294,-0.01704,0.04218,-1.00881
1790616739.463656,-0.02963,-0.03678,-1.02137,-0.00962,0.0006,-0.97272
1790616739.563672,-0.02626,-0.04224,-1.00556,-0.00701,0.03681,-0.95527
1790616739.6636531,-0.00357,-0.01565,-0.99355,-0.01855,0.02637,-1.10121
1790616739.763947,-0.00437,-0.00838,-0.98959,-0.01071,0.02881,-1.02374
1790616739.88365,-0.01883,0.01592,-1.00984,-0.00345,0.0157,-1.02081
1790616739.985226,-0.0103,0.00675,-1.01305,-0.00609,0.01876,-1.06785
1790616740.103945,0.00838,0.02481,-1.00124,0.02172,0.00556,-1.08064
1790616740.2040582,0.02361,0.02751,-0.9958,-0.02277,0.02286,-1.11165
1790616740.347095,0.0076,0.02858,-0.98534,0.00141,0.01455,-1.00372
1790616740.445728,-0.02065,-0.01994,-1.01881,0.02127,-0.00169,-0.99481
1790616740.5451698,0.00228,-0.04554,-1.00103,0.00806,0.00942,-0.84406
1790616740.645289,-0.00558,-0.02496,-1.00155,0.01317,0.02343,-0.68627
1790616740.7659159,-0.01207,0.02676,-0.99966,0.02838,-0.00028,-0.6556
1790616740.865105,-0.00731,0.02214,-1.00242,0.01034,0.01588,-0.56873
1790616740.985139,-0.01205,-0.0328,-1.002,0.0071,0.00875,-0.4002
1790616741.084482,-0.02204,0.00689,-0.99961,-0.00661,0.00182,-0.35247
1790616741.185656,-0.00827,0.03021,-0.99892,-0.00593,0.01969,-0.33439
1790616741.2851079,-0.00694,-0.00375,-1.00196,0.00777,0.00643,-0.23221
1790616741.3858051,-0.01978,-0.00531,-1.00056,0.00399,0.00588,-0.21596
1790616741.4849222,-0.01944,-0.00617,-1.00182,0.01001,0.01016,-0.18689
1790616741.605082,-0.00312,0.01137,-1.00148,0.00536,0.00065,-0.16937
1790616741.7081149,-0.03333,-0.03676,-1.0008,0.0057,0.00409,0.02746
1790616741.808871,-0.02075,-0.00903,-0.99985,0.00233,0.01046,0.01859
1790616741.924887,-0.01575,-0.00167,-1.00123,0.00046,0.00371,0.00632
1790616742.0248199,-0.02518,-0.00797,-0.99949,0.00284,0.00628,0.03937
1790616742.1247091,-0.02224,-0.01463,-0.99988,0.00326,0.00534,0.03641
1790616742.2255201,-0.01944,-0.01413,-0.99971,0.00656,0.00333,0.03121
1790616742.3472378,-0.01899,-0.01135,-1.00078,0.00466,0.00366,0.02831
1790616742.444988,-0.01768,-0.01486,-1.00003,0.00654,0.00411,0.0352
1790616742.564656,-0.01855,-0.01756,-1.00072,0.00833,0.00686,0.04228
1790616742.664809,-0.01647,-0.01353,-1.0006,0.0081,0.00406,0.03954
1790616742.765468,-0.01755,-0.01434,-1.00167,0.00744,0.00699,0.04074
1790616742.8850062,-0.01804,-0.0133,-1.00124,0.00326,0.00282,0.03847
1790616742.9850628,-0.03374,-0.01278,-1.00041,0.00743,0.00446,0.07197
1790616743.0847821,0.05081,-0.01073,-1.00132,-0.00118,0.01684,-0.01702
1790616743.185733,0.23531,0.03827,-1.00598,0.025,0.01656,-0.09763
1790616743.3079538,0.13688,0.0143,-1.01136,-0.0107,-0.07088,-0.06981
1790616743.406625,-0.05426,0.01867,-1.00066,0.01379,0.00693,-0.06053
1790616743.507693,-0.12402,0.01801,-0.99734,-0.00956,0.01847,0.00841
1790616743.607237,-0.03223,0.01925,-1.02756,0.02979,0.01164,-0.02443
1790616743.7262468,0.03102,0.0112,-0.99827,0.01012,-0.01674,-0.0006
1790616743.825578,-0.04943,0.0015,-1.01794,-0.01999,-0.00191,0.01349
1790616743.925744,-0.05242,0.02174,-0.9817,0.00999,-0.00938,-0.01755
1790616744.026013,0.02389,0.06713,-0.99425,0.02746,0.01671,-0.0356
1790616744.145771,0.02453,0.05459,-1.01986,-0.01088,-0.02472,-0.06514
1790616744.245518,-0.01636,0.12766,-0.9897,0.00068,0.0087,0.03958
1790616744.347598,-0.02825,0.01416,-1.00828,0.01867,0.00245,-0.00531
1790616744.4656692,-0.02113,-0.0971,-1.0063,0.03952,0.02365,0.06111
1790616744.565613,-0.04775,-0.19736,-1.00404,0.01181,-0.02888,-0.01911
1790616744.665789,-0.07191,0.03208,-1.00634,-0.06218,0.03558,-0.00899
1790616744.8058188,-0.0794,0.04671,-0.96502,-0.042,0.01417,-0.00065
1790616744.9260008,0.01792,0.03766,-0.98985,0.01899,0.01228,-0.04984
1790616745.0264142,0.00813,0.03424,-1.00393,0.00909,0.00126,0.00665
1790616745.125838,-0.04236,0.05435,-0.99884,0.00815,-0.00517,-0.06243
1790616745.2258182,-0.03562,0.00634,-1.00158,-0.00035,-0.00097,0.08263
1790616745.345951,0.00763,-0.01238,-1.00338,0.00138,-0.00155,-0.00933
1790616745.4657972,0.01969,0.02728,-1.00173,0.00331,0.00494,-0.00351
1790616745.56569,-0.01642,0.01571,-1.00227,-0.00144,0.00768,0.01854
1790616745.665843,-0.03918,-0.01074,-0.99435,0.00719,0.01146,0.01595
1790616745.785943,-0.03085,-0.03805,-1.00302,0.01164,-0.00684,-0.00551
1790616745.885822,-0.03463,0.01245,-1.0018,0.00453,0.0055,-8e-05
1790616746.0067651,-0.02034,0.00707,-1.00204,0.00353,0.00344,0.00693
1790616746.1055958,-0.01249,0.0105,-1.00394,0.00333,0.00451,0.00168
1790616746.205868,-0.00573,0.00956,-1.00209,0.00186,0.00566,0.0034
1790616746.325716,-0.00363,0.01117,-0.99835,0.00236,0.00194,0.00387
1790616746.42665,-0.00777,0.0102,-1.00198,0.00595,0.00195,0.00333
1790616746.527203,-0.00639,0.00976,-1.00141,0.00335,0.00388,0.00333
1790616746.626805,-0.00565,0.01139,-1.00116,0.00536,0.00519,0.00227
1790616746.72719,-0.00655,0.01048,-1.00372,0.00301,0.00358,0.00367
1790616746.8467252,-0.00593,0.01016,-1.00199,0.00745,0.00246,0.00018
1790616746.947598,-0.00472,0.00973,-1.00199,0.00363,0.00432,0.00225
1790616747.086751,-0.00464,0.01204,-1.00173,0.00416,0.00129,0.00411
1790616747.187082,-0.00422,0.01617,-1.00189,0.00507,0.00183,-0.00253
1790616747.286956,-0.00773,0.00591,-1.00373,-0.00116,0.00597,0.00497
1790616747.4078,0.05091,0.0099,-1.00213,0.00148,0.01643,0.00597
1790616747.509661,0.21971,0.03282,-0.999,-0.00486,-0.00066,-0.03483
1790616747.6074529,0.12568,0.00477,-1.0264,0.05595,-0.02449,0.00667
1790616747.708194,-0.06141,-0.01379,-0.98342,0.02633,-0.01828,0.03011
1790616747.826854,-0.03154,0.12736,-1.01655,0.02252,0.00818,-0.01097
1790616747.9267929,0.04591,0.09935,-0.98416,0.03465,0.02242,0.03496
1790616748.027127,0.02169,0.00369,-1.00107,0.059,-0.0605,0.00275
1790616748.127011,-0.05201,-0.19066,-1.01506,-0.00437,-0.02945,-0.05131
1790616748.2467,-0.0638,-0.0664,-0.97729,-0.01976,0.00199,0.05442
1790616748.346714,-0.01802,0.02032,-1.01219,-0.02373,0.00917,0.06265
1790616748.447747,0.0095,0.03241,-1.00147,0.00615,0.01675,0.03028
1790616748.566798,0.00303,0.03239,-1.00887,0.03672,0.00167,-0.02704
1790616748.666571,-0.01857,0.03634,-1.00463,0.0087,0.00102,-0.01964
1790616748.770106,-0.02408,0.05195,-1.01236,-0.00476,-0.02979,-0.05862
1790616748.8665469,-0.02258,0.14083,-0.97729,0.00098,0.01157,-0.02192
1790616748.9671779,-0.05555,-0.02448,-1.00932,0.02755,0.0193,0.01151
1790616749.06759,-0.05471,-0.07943,-1.00312,0.00188,-0.02489,0.06043
1790616749.166846,-0.14752,-0.11066,-0.99944,-0.00694,0.01195,0.01979
1790616749.287561,-0.07488,0.01537,-1.00234,-0.00457,0.01143,0.01918
1790616749.407553,0.03979,0.01092,-1.00469,-0.00495,0.00302,0.00189
1790616749.508032,0.0678,0.0144,-1.00171,0.00897,-0.00364,-0.00654
1790616749.607777,-0.00342,0.01495,-1.00619,-0.00917,-0.02359,-0.02395
1790616749.7297971,-0.03831,0.01717,-0.99856,0.00037,0.00598,-0.03101
1790616749.829834,0.03463,0.01641,-1.00104,0.00342,0.01065,0.01389
1790616749.930123,0.01845,0.02795,-1.01029,0.0001,-0.00383,0.02606
1790616750.0476081,-0.03124,0.02042,-1.00052,0.01281,0.00485,-0.00952
1790616750.147532,-0.08863,-0.05225,-0.9974,0.01501,0.00279,0.0015
1790616750.2487638,-0.02874,7e-05,-1.00143,0.00586,0.0037,0.00478
1790616750.368285,-0.01876,0.01523,-1.00018,0.00466,0.00357,0.00348
1790616750.4687371,-0.00539,0.01106,-1.00406,0.00316,0.00679,0.00297
1790616750.567917,-0.00176,0.01137,-1.00322,0.00292,0.0015,0.00331
1790616750.6679099,-0.00488,0.01154,-1.00289,0.00485,0.00587,0.00291
1790616750.7878761,-0.0073,0.00951,-1.00039,0.00377,0.00333,0.00513
1790616750.8875551,-0.00888,0.01255,-1.00166,0.00371,0.00444,0.00388
1790616750.9877188,-0.00592,0.01122,-1.00477,0.00125,0.00188,0.00285
1790616751.087755,-0.0057,0.01089,-1.00332,0.00535,0.00222,0.00416
1790616751.2076821,-0.0091,0.01193,-1.00258,0.00221,0.00496,0.00235
1790616751.3078752,-0.00627,0.01055,-1.00203,0.0033,0.00267,0.00316
1790616751.407565,-0.00682,0.01156,-1.0009,0.0062,0.0035,-7e-05
1790616751.507818,-0.00706,0.0101,-1.00192,0.00582,0.00312,0.00569
1790616751.6289558,-0.00888,0.00584,-1.00143,0.00275,0.00013,0.00735
1790616751.728052,0.03762,0.02106,-1.00099,0.00456,0.01088,-0.01712
1790616751.847967,0.23192,0.03229,-0.99625,0.0208,0.03256,-0.05599
1790616751.947714,0.14009,0.02384,-1.01538,-0.02668,0.00032,-0.03288
1790616752.04764,-0.05088,0.01119,-1.00134,0.02639,-0.02127,0.01951
1790616752.147906,-0.10868,0.04098,-0.98995,-0.01923,0.02946,-0.01522
1790616752.24788,-0.07687,0.07722,-1.0175,0.04821,-0.00269,0.05666
1790616752.367999,0.04864,0.05197,-1.01798,-0.01302,-0.05855,0.0035
1790616752.467655,0.04193,0.00296,-0.99815,-0.00694,0.03611,-0.02047
1790616752.568377,-0.01393,-0.13863,-1.01643,0.02182,0.01151,-0.00538
1790616752.6877608,-0.05966,-0.06969,-1.0173,-0.01018,0.01456,0.02
1790616752.807591,-0.01289,0.03855,-1.01005,0.02225,-0.003,-0.03086
1790616752.907734,0.00323,0.03733,-1.00997,0.00321,0.02269,-0.01722
1790616753.027858,-0.02412,0.00054,-1.00134,0.0096,0.01677,0.0135
1790616753.129913,-0.00681,0.13697,-0.97023,0.01015,0.03122,-0.0359
1790616753.228961,-0.05312,0.10994,-0.99566,0.02131,0.03179,0.04226
1790616753.347766,0.00168,0.03626,-1.01225,-0.01815,0.00346,-0.05677
1790616753.447854,-0.0687,-0.04751,-1.00066,-0.00626,0.0108,-0.00395
1790616753.5683799,-0.10039,-0.1436,-1.00567,0.00187,0.00761,-0.00735
1790616753.6677172,-0.08901,0.02807,-0.99949,-0.00435,0.00559,0.01628
1790616753.792345,-0.01695,0.0135,-1.00148,-0.002,-0.00211,-0.02308
1790616753.8892858,0.05311,0.00205,-1.0014,0.01103,0.00101,0.00943
1790616754.0077078,0.04184,0.01442,-1.00478,0.005,-0.0046,0.01174
1790616754.129318,-0.045,0.02105,-0.99963,-0.00123,-0.00256,0.00611
1790616754.2280278,0.00409,0.01283,-1.00103,0.00767,0.01076,0.00056
1790616754.3275368,0.03459,0.02502,-1.00228,-0.0025,0.00136,-0.01284
1790616754.429764,-0.06733,0.00435,-1.00092,0.01533,-0.01861,0.02285
1790616754.547512,-0.02793,0.02448,-1.00184,0.00179,0.00404,0.0027
1790616754.6475892,-0.01561,0.0202,-1.00045,0.0066,0.00443,-0.00739
1790616754.747596,-0.01435,0.01061,-1.00277,0.00601,0.00521,-0.00064
1790616754.847722,-0.01448,0.00937,-1.00123,0.00457,0.00342,0.00604
1790616754.947766,-0.00938,0.01125,-1.00191,0.00601,0.00212,0.00384
1790616755.0675251,-0.00752,0.01173,-1.00104,0.00371,0.00608,0.00018
1790616755.1675851,-0.01032,0.0097,-1.00053,0.00224,0.00412,0.00016
1790616755.267769,-0.00842,0.01031,-1.00047,0.00616,0.0027,0.00238
1790616755.368632,-0.00821,0.01031,-1.00289,0.00288,0.00297,0.00491
1790616755.468004,-0.01002,0.01065,-1.00264,0.00246,0.007,0.00328
1790616755.5876858,-0.14198,-0.34418,-1.00363,0.04534,0.02012,1.10639
1790616755.690303,-0.01606,-0.03057,-0.99827,0.00342,-0.00084,0.81656
1790616755.789197,0.01049,0.02276,-1.03313,-0.00272,-0.04977,0.93771
1790616755.90753,-0.00892,-0.01983,-0.99225,0.02553,0.02226,1.02039
1790616756.007458,0.00423,-0.00184,-1.00451,-0.01923,-0.01911,1.03193
1790616756.108062,0.00271,-0.00244,-0.99648,0.01017,-0.00425,0.97415
1790616756.227969,0.01068,0.05749,-1.01276,-0.00896,-0.0154,1.02576
1790616756.3297868,0.00911,0.0024,-1.00068,-0.00024,0.00275,1.07077
1790616756.427799,-0.0046,-0.01335,-0.99842,-0.00318,-0.02116,1.05965
1790616756.5476449,-0.01565,0.00352,-1.01476,0.00599,-0.01764,1.00156
1790616756.647995,0.03053,0.08522,-1.02063,0.01092,-0.00481,0.79873
1790616756.747481,0.0026,-0.01063,-1.00441,-0.01814,-0.0062,0.82615
1790616756.84783,-0.01649,0.04206,-1.01305,0.01513,-0.024,0.58293
1790616756.947926,0.01848,0.03427,-0.99757,-0.01256,0.00062,0.59664
1790616757.068138,-0.02165,0.00737,-1.00094,0.00293,0.01751,0.46798
1790616757.167547,-0.00413,0.00538,-0.99726,0.00697,-0.00373,0.37849
1790616757.2674801,0.00013,0.01005,-1.00351,-0.00687,-0.00251,0.31811
1790616757.3674471,-0.01164,0.02784,-0.99951,0.00998,0.0032,0.25689
1790616757.4677172,-0.01257,0.02989,-1.00505,0.00642,0.00912,0.1885
1790616757.56796,0.00717,0.03111,-1.00247,0.00596,0.00183,0.17233
1790616757.687606,-0.00871,-0.00184,-1.00145,0.00934,-0.00047,0.18419
1790616757.8075461,-0.0046,-0.00343,-1.00023,-0.00889,0.00398,0.21031
1790616757.907412,-0.02121,0.03262,-1.00204,-0.00949,0.00574,0.15113
1790616758.00767,-0.00862,-0.00278,-1.00595,0.00526,0.00033,0.02411
1790616758.107658,-0.01372,-1e-05,-1.00232,0.00806,0.00355,0.03113
1790616758.2076218,-0.01367,0.00172,-1.00189,0.00674,0.00586,0.02414
1790616758.347662,-0.01164,0.00918,-1.00081,0.00764,0.00339,0.01037
1790616758.4475951,-0.01478,-0.00325,-1.00097,0.00697,0.00329,0.0129
1790616758.548758,-0.0138,-0.00095,-1.00062,0.00473,0.00325,0.01405
1790616758.647722,-0.01227,0.00056,-1.00165,0.00319,0.00257,0.01216
1790616758.74826,0.00451,0.02297,-1.0002,0.00584,-0.00773,-0.0107
1790616758.8688588,0.05275,-0.00509,-0.99778,0.00895,0.00699,0.00687
1790616758.967615,0.17492,0.01054,-0.9951,0.00599,0.09592,0.09638
1790616759.067894,0.12096,-0.0376,-0.95237,0.04799,-0.00732,0.00695
1790616759.167446,-0.01162,-0.0864,-0.99397,-0.01613,-0.03592,-0.0089
1790616759.2674031,-0.09055,-0.05662,-1.00287,-0.07783,0.01265,0.08707
1790616759.36762,-0.04167,0.09999,-1.01552,0.0223,-0.01149,-0.00442
1790616759.4678311,0.02056,0.10789,-0.98789,0.00595,-0.01844,-0.01557
1790616759.5678139,0.00819,-0.04312,-0.98954,-0.02993,-0.02876,0.08366
1790616759.687362,-0.02523,-0.02854,-1.00273,0.00719,0.0013,0.02823
1790616759.7875998,-0.05533,0.00046,-0.99545,-0.01031,0.01691,0.01725
1790616759.887462,-0.04141,0.01652,-0.98979,0.01556,0.01559,0.03983
1790616759.989619,-0.00677,0.00786,-0.98577,0.02963,0.04354,0.05376
1790616760.1096199,0.02313,0.03637,-0.99098,0.00404,0.01731,-0.02013
1790616760.210463,-0.00926,0.00121,-0.98462,-0.04462,0.02428,0.01898
1790616760.3103948,-0.01616,0.01269,-1.00166,-0.00882,0.05703,-0.00718
1790616760.4107058,-0.0244,-0.0119,-1.00212,-0.00742,0.02253,0.01515
1790616760.530518,-0.08803,0.03318,-1.00959,-0.00208,0.0042,-0.0173
1790616760.632134,-0.04088,0.03667,-0.99212,0.00929,0.00748,0.0055
1790616760.752168,-0.00343,0.02978,-1.00287,0.00305,0.00197,0.00466
1790616760.8533602,0.00275,0.03707,-0.99996,0.00153,0.0031,-0.01247
1790616760.950582,-0.02237,0.00058,-1.00032,0.00355,-0.00466,0.03395
1790616761.050387,-0.01129,0.00013,-0.99841,0.007,0.0056,0.03144
1790616761.150723,-2e-05,0.00418,-1.00141,0.00864,0.00618,0.00802
1790616761.25058,0.00752,0.00302,-1.00142,-0.00545,0.00357,0.00625
1790616761.3513348,-0.0156,0.01046,-0.99949,0.0061,-0.00071,0.04989
1790616761.450613,-0.01453,0.02495,-1.00387,-0.00132,0.00693,-0.04732
1790616761.570358,-0.0675,-0.03327,-1.00468,0.00837,0.00059,0.01615
1790616761.670272,-0.02636,0.02168,-0.99895,0.01099,0.00365,0.01154
1790616761.7711911,-0.0199,0.01323,-1.00341,0.00133,0.00667,0.00067
1790616761.8707159,-0.00953,0.0135,-1.00119,0.00478,0.00502,0.00565
1790616761.9707441,-0.00949,0.01589,-1.00319,0.00348,0.00474,0.00177
1790616762.090334,-0.0085,0.01532,-0.99933,0.00264,0.00762,0.00026
1790616762.190777,-0.00109,0.01518,-1.00303,0.00142,0.00528,0.00305
1790616762.2908008,0.0037,0.01453,-1.00157,0.00539,0.00267,0.00398
1790616762.4119081,6e-05,0.01524,-1.00153,0.00476,0.00067,0.00317
1790616762.5114398,-0.00205,0.01534,-1.00165,0.00284,0.00434,0.00371
1790616762.611836,-0.00451,0.01365,-1.00239,0.00317,0.00129,0.00474
1790616762.711487,0.00745,-0.01245,-1.00008,0.00766,0.007,0.75454
1790616762.8316119,0.02081,-0.01664,-0.98465,0.00856,0.02688,0.94788
1790616762.930696,0.0043,0.03602,-1.01263,0.00356,0.00649,0.9004
1790616763.0517042,0.01736,0.01578,-0.98538,0.02937,0.00671,0.98226
1790616763.153132,-0.01168,-0.01664,-0.99273,0.00112,-0.01179,1.03295
1790616763.250735,0.01153,-0.02395,-0.99609,0.00751,-0.00796,1.05122
1790616763.351414,0.02793,0.02463,-1.01182,-0.02953,0.00038,0.97981
1790616763.4506261,0.01099,0.03493,-1.03773,-0.00274,-0.051,1.05979
1790616763.5704541,0.01519,0.01048,-0.9707,0.04031,0.02247,1.08562
1790616763.670642,0.00473,-0.02805,-1.00654,0.00131,0.01167,1.07438
1790616763.771213,0.0083,-0.03819,-0.98188,-0.00914,0.00309,0.9657
1790616763.890254,-0.00803,0.0411,-1.03633,0.01298,0.00396,0.83353
1790616763.9905741,0.02118,0.05742,-1.00322,0.00557,-0.00362,0.67541
1790616764.090577,-0.00717,-0.0103,-1.01556,0.00683,-0.00824,0.55132
1790616764.1906428,0.01809,0.02373,-1.00334,-0.00437,-0.00448,0.42855
1790616764.310393,-0.0304,-0.00697,-1.00203,-0.00247,0.00244,0.41508
1790616764.410639,-0.01381,0.05883,-1.0052,-0.00067,-0.00043,0.24211
1790616764.5105548,0.02584,0.00643,-1.00145,0.00685,-0.00178,0.27648
1790616764.610821,0.00844,0.00185,-1.0035,0.00455,0.00172,0.19607
1790616764.710491,-0.03115,0.00713,-0.99861,0.00736,0.00173,0.20756
1790616764.810925,0.01518,0.022,-1.00545,0.0016,0.00136,0.18197
1790616764.930319,0.0006,-0.00265,-1.0021,0.00852,0.00512,0.1482
1790616765.030316,-0.02611,6e-05,-0.99905,0.00671,0.0032,0.02646
1790616765.1305192,-0.0083,-0.0091,-1.00177,0.00255,0.00416,0.02929
1790616765.230515,-0.00791,-0.0073,-1.00339,0.00402,-0.00014,0.01302
1790616765.350795,-0.01016,-0.01161,-1.00411,0.00504,0.01041,0.00241
1790616765.4503229,-0.00428,0.01101,-1.0026,0.0007,0.00655,-0.01097
1790616765.571739,-0.00192,0.01468,-1.00317,0.00182,0.00467,-0.01677
1790616765.670701,-2e-05,0.01926,-1.00296,0.00208,0.00276,-0.01111
1790616765.7711942,-0.00376,0.0124,-1.00036,0.00491,0.00139,0.00062
1790616765.890572,0.00884,0.02968,-1.00128,0.00433,-0.00608,-0.0304
1790616765.990577,0.03391,0.00345,-0.99875,0.00351,0.00875,-0.01018
1790616766.090411,0.19604,0.01125,-0.99633,-0.00937,0.01621,0.11544
1790616766.190702,0.12663,-0.05082,-0.99488,0.01081,-0.0373,-0.01143
1790616766.3105652,-0.0234,-0.08081,-1.03809,0.01565,0.00366,-0.00494
1790616766.411458,-0.08696,-0.01552,-1.03791,-0.00297,-0.03522,0.02578
1790616766.5129018,0.02145,0.05684,-0.9876,-0.00493,0.03504,0.03535
1790616766.630357,0.04975,0.03052,-0.98954,0.0081,0.01616,0.04017
1790616766.730461,-0.00199,-0.00419,-0.98685,-0.00374,0.02371,0.01721
1790616766.83064,-0.03416,0.02166,-1.01321,-0.00056,0.00262,-0.06854
1790616766.9306712,-0.04789,-0.01734,-1.00616,0.01514,0.03064,0.04284
1790616767.050262,0.00159,0.00834,-1.01305,-0.0182,0.00613,0.03917
1790616767.15039,0.00917,0.02881,-1.01848,0.02069,-0.01416,-0.02607
1790616767.2907,-0.02248,-0.00265,-1.00896,0.00201,-0.00329,-0.01731
1790616767.3904681,-0.02924,-0.00906,-0.97996,0.01567,0.0324,0.01296
1790616767.490443,-0.0077,-0.01034,-0.98161,-0.01648,0.01335,0.01203
1790616767.5907059,-0.04156,0.03601,-1.00455,0.00634,0.01387,-0.02888
1790616767.7103958,-0.10409,-0.05037,-0.99983,0.01504,0.02652,0.05889
1790616767.830507,-0.03324,-0.0005,-1.00245,0.01017,0.00788,0.00854
1790616767.930324,-0.02049,0.0152,-1.00741,0.01954,-0.00809,-0.01036
1790616768.030585,-0.01011,0.03257,-0.99501,0.00933,0.00396,-0.0065
1790616768.130549,-0.02361,0.01535,-1.00251,0.00714,0.01026,-0.00753
1790616768.2503512,-0.02988,0.01087,-1.00557,0.01286,-0.00505,0.00859
1790616768.370497,0.00027,0.01689,-0.99552,0.00288,0.00293,-0.00963
1790616768.470432,0.02125,0.00921,-1.00307,0.0086,0.0053,0.00156
1790616768.590989,-0.01532,0.00948,-1.00217,0.01787,-0.00539,-0.00433
1790616768.69053,-0.0328,0.02196,-1.00027,-0.01377,0.00189,0.00758
1790616768.7907882,-0.0692,0.01121,-1.00083,-0.00013,0.00503,-0.00805
1790616768.890941,-0.03228,0.02023,-1.001,0.00077,0.00796,-0.00437
1790616768.99056,-0.0307,0.0067,-1.00188,0.00339,0.00303,0.00521
1790616769.1102378,-0.01042,0.00796,-1.00343,0.00441,0.00264,0.00374
1790616769.211411,-0.00734,0.0082,-1.0013,0.00446,0.00115,0.00633
1790616769.330349,-0.01117,0.01008,-1.00215,0.00187,0.00318,0.00577
1790616769.430534,-0.01397,0.00949,-1.00299,-5e-05,0.00228,0.00173
1790616769.550357,-0.01201,0.00817,-1.00169,0.00333,0.0073,0.00435
1790616769.650471,-0.01027,0.00951,-1.00175,0.00203,0.00579,0.00171
1790616769.750397,-0.01088,0.00747,-1.00341,0.00277,0.00471,0.00367
1790616769.873229,0.09368,0.31159,-1.00156,0.0024,0.04579,-1.20425
1790616769.970706,0.00294,0.04081,-1.00007,0.00949,0.01091,-0.83444
1790616770.0708659,-0.0021,-0.03276,-1.01626,0.00158,0.00929,-0.91719
1790616770.1904352,-0.00012,0.00767,-0.99714,0.01735,0.01639,-0.99848
1790616770.2904909,-0.00705,0.02323,-1.00696,-0.00886,-0.00299,-0.96899
1790616770.410273,0.00648,0.01029,-0.99931,0.03236,0.00465,-1.05154
1790616770.510227,-0.00782,-0.02692,-1.01583,0.02074,-0.00444,-1.02904
1790616770.610456,-0.0039,0.01306,-0.99778,0.01025,0.00152,-1.06791
1790616770.732838,0.0086,0.03397,-1.00281,0.036,0.01688,-1.04316
1790616770.83409,-0.0232,-0.04237,-0.9836,0.04207,0.00662,-0.94368
1790616770.933544,0.01885,0.0169,-0.99983,0.00934,-0.01481,-0.8989
1790616771.052334,-0.00336,0.00437,-1.00757,-0.00384,0.02549,-0.69895
1790616771.1529,-0.04785,-0.05885,-1.02074,0.00425,-0.00908,-0.51017
1790616771.252573,-0.02236,-0.02239,-1.00921,0.0071,0.01529,-0.47159
1790616771.372413,-0.02481,-0.03934,-1.00262,0.00983,0.00615,-0.4035
1790616771.472427,0.00424,-0.0051,-1.00364,-0.00167,0.00598,-0.40761
1790616771.572883,-0.0177,0.01015,-1.00633,-0.00114,0.01054,-0.25241
1790616771.692936,-0.01661,-0.00643,-1.00336,0.0047,-0.00091,-0.20234
1790616771.81293,-0.01239,-0.01977,-1.00252,0.00337,0.00609,-0.15315
1790616771.9124942,-0.00753,0.00312,-1.00073,0.0013,-0.0007,-0.20489
1790616772.03223,-0.02202,-0.01053,-0.9999,0.00368,0.00206,-0.0516
1790616772.132355,-0.00925,0.02671,-1.00227,0.00361,0.00593,-0.01912
1790616772.232556,-0.00196,0.02335,-1.00316,0.00393,0.00568,-0.01975
1790616772.3522828,-0.00445,0.02027,-1.00073,0.00541,0.00328,-0.01693
1790616772.4526248,-0.00617,0.0227,-1.00201,0.00546,0.0037,-0.03358
1790616772.552641,-0.00329,0.01753,-1.00283,0.00551,0.00638,-0.0134
1790616772.6725361,-0.00566,0.01477,-1.00091,0.00767,0.00556,-0.0013
1790616772.772214,-0.01185,0.0003,-1.00011,0.00388,0.00254,0.00695
1790616772.894212,-0.00519,-0.00137,-1.00228,0.00845,0.00613,0.00512
1790616772.99359,-0.01257,0.0086,-1.0007,0.00656,0.00275,-0.01621
1790616773.093418,0.02616,0.02827,-0.99905,0.00186,0.01878,-0.02522
1790616773.212254,0.22736,0.03269,-1.01189,9e-05,0.00473,-0.03553
1790616773.312236,0.12749,-0.03387,-1.03014,-0.00026,-0.03747,0.00626
1790616773.432323,-0.14006,0.02541,-1.01819,0.03124,-0.01875,-0.02342
1790616773.533366,-0.03637,0.0364,-1.00753,-0.01471,0.04253,-0.04635
1790616773.632294,0.05373,0.01097,-1.01743,0.01506,-0.00987,-0.05655
1790616773.732478,0.03378,0.01521,-1.01612,0.0189,-0.00642,-0.00937
1790616773.8524108,-0.03982,-0.00219,-0.97299,-0.01382,0.04425,0.01386
1790616773.952804,-0.13402,0.06268,-0.99418,-0.00874,0.03208,-0.01538
1790616774.0724878,0.00565,0.04988,-0.97874,0.04522,0.03288,-0.08274
1790616774.172456,0.07286,0.09425,-1.00426,-0.02524,-0.04036,0.06877
1790616774.2961721,-0.05792,-0.01633,-0.99591,0.03023,0.02343,0.03731
1790616774.395741,-0.06606,-0.04743,-0.99602,-0.01207,0.0075,0.0067
1790616774.494345,0.00363,0.02252,-0.99198,0.00758,0.02399,-0.0303
1790616774.593379,0.03627,0.04201,-0.99975,0.00798,0.02095,0.00566
1790616774.694597,0.12245,-0.08567,-1.01821,0.01564,-0.00616,0.10547
1790616774.813439,0.06976,-0.05604,-0.98755,-0.00261,-0.00632,-0.02146
1790616774.9133198,-0.08781,0.02925,-1.01149,-0.04351,-0.04214,-0.00067
1790616775.013574,-0.09978,0.02332,-1.002,0.00012,0.01052,0.00054
1790616775.133742,0.05103,0.01091,-0.99539,0.01415,0.02713,-0.01862
1790616775.234045,0.05077,0.00425,-1.00588,0.01821,0.00835,-0.00201
1790616775.353627,-0.00738,0.00093,-1.00226,0.00483,-0.00464,0.00399
1790616775.453432,-0.0763,0.0412,-0.99193,0.02751,-0.01992,-0.01917
1790616775.553341,-0.04409,0.01003,-0.99558,0.00548,0.00832,-0.00242
1790616775.6541162,0.04463,-0.00088,-1.00341,-0.00125,0.00686,0.01183
1790616775.773168,0.026,0.00486,-1.00274,0.0051,0.00735,0.006
1790616775.873353,-0.03533,-0.01542,-1.00933,-0.0122,-0.0057,0.04299
1790616775.993602,-0.01641,0.00556,-1.00204,0.00748,0.00915,0.00465
1790616776.09318,-0.08249,0.00956,-1.00238,0.00523,-0.00031,0.01105
1790616776.196608,-0.02407,0.01291,-1.00394,0.00824,0.00709,-0.00281
1790616776.3333492,-0.00724,0.00959,-1.0019,0.00415,0.00494,0.00488
1790616776.4332569,-0.00272,0.00813,-1.00189,0.00554,0.00372,0.003
1790616776.5331469,-0.00429,0.00952,-1.0007,0.00279,0.00219,0.00433
1790616776.63335,-0.00497,0.00911,-1.0017,0.00561,0.00449,0.00549
1790616776.733611,-0.00414,0.00709,-1.00227,0.0083,0.00537,0.00156
1790616776.8337998,-0.00437,0.00796,-1.00227,0.0046,0.00365,0.00519
1790616776.9335349,-0.00162,0.00772,-0.99969,0.00334,6e-05,0.00262
1790616777.033928,-0.00216,0.00847,-1.0015,0.00687,0.00395,0.00309
1790616777.154407,-0.00313,0.00783,-1.00055,0.00249,0.00248,0.00624
1790616777.260142,-0.00566,0.00827,-1.00318,0.00345,0.00669,0.00337
1790616777.359637,-0.00354,0.00748,-1.00154,0.00575,0.00375,0.00528
1790616777.454128,-0.00541,0.008,-1.0014,0.00481,0.00218,0.00481
1790616777.5553122,-0.01032,0.00165,-1.00154,0.003,0.00351,0.00982
1790616777.656217,0.02785,0.00702,-1.00032,0.005,0.00803,0.00618
1790616777.763226,0.23365,0.02469,-1.01264,0.00323,0.04198,0.01476
1790616777.873229,0.14495,-0.00364,-0.98564,0.04968,-0.02261,-0.02304
1790616777.9734988,-0.04035,0.02622,-0.99549,0.00575,-0.0064,-0.03284
1790616778.0735302,-0.17414,0.0104,-1.04429,-0.00474,0.01861,-0.1141
1790616778.173582,-0.02918,-0.02438,-1.00846,0.02513,0.01442,0.03057
1790616778.294518,0.08021,0.02649,-0.99264,0.01268,-0.03457,-0.00223
1790616778.3943522,0.02555,-0.02854,-1.00931,-0.03783,0.00682,0.06152
1790616778.5136251,-0.01791,0.02069,-0.97358,-0.00802,0.03558,0.03357
1790616778.6131961,-0.04049,0.03029,-1.00443,0.00492,0.00462,-0.01926
1790616778.714002,0.05382,-0.07165,-1.01089,0.01037,0.00819,0.02648
1790616778.833141,0.01409,0.04432,-0.99882,-0.0159,-0.03829,-0.02549
1790616778.933562,-0.02307,-0.07849,-1.03006,-0.06286,0.02212,0.02989
1790616779.033102,-0.01903,0.00252,-0.99654,0.01405,-0.06742,-0.06317
1790616779.133236,-0.01536,0.11748,-1.01928,0.01795,-0.0239,0.02757
1790616779.233461,-0.05959,0.0489,-1.0247,-0.03869,-0.03761,0.02255
1790616779.3541708,-0.1026,0.09732,-1.02006,-0.00254,-0.0428,-0.06818
1790616779.455324,-0.03174,0.01277,-0.98721,0.02145,0.02537,0.0616
1790616779.557392,-0.02907,-0.02801,-0.98261,0.02553,0.00402,0.02916
1790616779.6546838,-0.02951,0.01229,-0.9852,0.01408,0.01823,-0.00109
1790616779.773935,-0.02092,0.03688,-0.98662,-0.02953,0.01171,-0.03512
1790616779.873321,0.01514,0.0446,-1.01136,-0.01466,-0.01532,-0.03811
1790616779.973311,0.00768,0.04697,-1.00485,0.00688,0.01258,-0.0669
1790616780.073506,-0.1452,-0.0862,-1.00655,0.02189,-0.00358,0.00919
1790616780.1734989,-0.03614,-0.00428,-1.00384,-0.00168,0.0075,0.01958
1790616780.293195,-0.01707,0.00466,-1.00129,-0.00279,0.0061,-0.00245
1790616780.3931708,-0.0024,0.00757,-1.0025,0.0021,0.00546,0.00858
1790616780.493215,-0.00039,0.0053,-1.00333,0.00342,0.00701,0.00849
1790616780.593348,-0.00155,0.00925,-1.00088,0.00182,0.00137,0.00187
1790616780.720268,-0.00928,0.0092,-1.00268,0.00376,0.00453,0.00418
1790616780.813438,-0.01348,0.00719,-1.0018,0.00348,0.00309,0.00693
1790616780.914974,-0.00758,0.00691,-1.00256,0.00324,0.00382,0.00348
1790616781.014905,-0.02301,-0.08159,-1.01521,0.00075,-0.02821,-1.00101
1790616781.120009,0.01641,0.06471,-0.99801,0.00758,-0.00239,-0.93074
1790616781.2183108,-1e-05,-0.00622,-1.01461,0.02401,-0.01486,-0.96847
1790616781.333293,0.00191,0.00626,-1.00614,-0.00073,0.02011,-1.0152
1790616781.432998,-0.00869,0.01853,-1.00757,0.00492,0.01394,-1.01676
1790616781.533379,0.01591,0.00468,-0.9926,0.01753,0.01763,-1.03552
1790616781.633277,-0.00706,-0.01612,-0.99079,9e-05,0.00908,-1.05261
1790616781.733284,0.0181,0.01176,-0.99991,-0.00344,-0.01809,-1.0947
1790616781.83408,-0.00177,0.01111,-1.00735,0.01185,0.00397,-1.08472
1790616781.933206,-0.00308,0.0031,-1.00526,0.01766,0.00294,-0.93833
1790616782.0335639,-0.01364,-0.00464,-0.97001,-0.00428,0.0408,-0.87644
1790616782.133476,-0.00648,-0.01753,-1.00722,0.01527,0.01373,-0.60297
1790616782.25362,-0.00442,-0.01227,-1.00429,0.02033,0.00747,-0.60956
1790616782.353485,-0.01402,0.00354,-1.00043,0.00967,0.00284,-0.4284
1790616782.4541829,-0.03094,-0.02575,-0.99698,0.00519,0.00207,-0.34656
1790616782.554067,-0.00709,-0.00242,-1.00671,0.00585,0.01409,-0.27208
1790616782.6537962,-0.00247,-0.02052,-1.00209,0.00908,0.0029,-0.22113
1790616782.774261,-0.01091,0.00173,-1.00028,0.00948,0.00702,-0.2591
1790616782.873101,-0.01611,0.00251,-1.0047,0.00508,0.00045,-0.17258
1790616782.973253,-0.01552,0.00325,-1.00315,0.00677,0.00419,-0.15057
1790616783.073366,0.00338,0.05279,-0.99665,-0.00531,0.00749,-0.21879
1790616783.17402,-0.0153,-0.09623,-1.00838,0.01018,0.00477,0.01049
1790616783.293532,-0.00906,-0.00369,-1.00309,0.00478,-0.00032,0.02756
1790616783.39318,-0.00928,0.00557,-1.00238,0.00309,0.00498,0.00848
1790616783.493231,-0.00413,0.01737,-1.00162,0.00398,0.00352,-0.00362
1790616783.593306,0.00093,0.0474,-0.99894,0.00365,0.00822,-0.0265
1790616783.693383,-0.00146,0.02708,-1.00192,0.00366,0.00269,-0.02879
1790616783.793513,-0.0035,0.0243,-1.0036,0.00368,0.00199,-0.02323
1790616783.893636,-0.00536,0.01901,-1.00187,0.00424,0.00185,-0.01928
1790616783.99354,-0.00539,-0.00835,-1.00344,0.00622,0.00057,0.01208
1790616784.093566,-0.01213,-0.01185,-1.00105,0.00182,0.00424,0.02229
1790616784.194098,-0.01017,-0.00249,-1.00249,0.00516,0.00176,0.01998
1790616784.313142,-0.00881,0.00698,-1.00258,0.00173,-0.00147,0.01844
1790616784.4134789,-0.00738,0.0096,-1.00069,0.00415,0.00188,0.01205
1790616784.51369,-0.00497,0.0197,-1.00188,0.0057,0.00347,0.00527
1790616784.613017,-0.0047,0.01846,-1.00076,0.0076,0.00212,0.00194
1790616784.7131038,-0.00072,0.02553,-0.99957,0.00458,0.00145,-0.00727
1790616784.833617,-0.00045,0.03167,-1.0014,0.00201,0.00389,-0.02362
1790616784.9336069,-0.00046,0.03199,-1.0019,0.00481,-0.00206,-0.02292
1790616785.033294,-0.0019,0.02922,-1.00097,0.00578,0.0051,-0.02297
1790616785.133306,-0.10636,-0.23673,-0.98769,0.04913,0.01214,1.08821
1790616785.2765372,0.01769,0.00439,-0.996,-0.01327,-0.00741,0.75752
1790616785.377314,0.00278,-0.0035,-1.03811,-0.02994,-0.01607,0.99135
1790616785.474294,-0.01407,-0.01464,-0.97502,0.02988,0.01593,0.99025
1790616785.576053,-0.0039,-0.00529,-1.00692,0.01635,-0.04243,0.9853
1790616785.693185,0.01834,-0.013,-0.99377,0.00195,-0.00344,0.98372
1790616785.7931972,0.00384,0.02968,-1.03557,-0.02497,-0.03954,1.04811
1790616785.89345,0.01272,0.02441,-0.98709,-0.00854,-0.00308,1.05365
1790616785.9931781,-0.00764,-0.00482,-1.01317,-0.02014,-0.01501,1.03143
1790616786.0933828,0.00334,0.01058,-0.99407,0.01508,-0.00051,1.04429
1790616786.193434,0.00303,0.00396,-1.0174,-0.01125,-0.00126,1.05913
1790616786.315445,0.00419,0.00078,-1.01227,-0.00439,-0.00654,1.09204
1790616786.413654,-0.00798,0.00336,-1.01943,0.00688,-0.00941,1.00128
1790616786.514977,0.00192,0.01185,-1.00292,0.0342,-0.0299,1.03942
1790616786.6134222,0.00356,0.00558,-0.9992,0.02225,-0.00113,1.03204
1790616786.714035,-0.00293,-0.01751,-1.01423,-0.06551,0.01774,1.08408
1790616786.814107,-0.01438,-0.04606,-0.99227,0.02964,-0.00763,1.06795
1790616786.915555,0.00786,0.01527,-1.01402,0.01763,-0.02715,0.9713
1790616787.033288,0.01952,0.04252,-1.0051,-0.00429,-0.01058,0.95576
1790616787.1333299,0.01143,0.03484,-1.03545,-0.02441,-0.02116,1.07106
1790616787.233373,-0.01888,-0.03567,-0.96332,0.07167,0.03337,1.07505
1790616787.3335512,-0.00744,-0.00258,-0.98147,0.0101,-0.01132,1.05285
1790616787.460041,0.00786,0.03169,-1.00732,0.01426,-0.00506,0.99397
1790616787.575028,0.00712,0.02269,-0.99915,-0.00802,-0.03598,1.06701
1790616787.67396,-0.00536,0.01495,-1.04594,-0.00762,0.00211,1.08468
1790616787.793119,0.00025,-0.01647,-0.99341,0.01102,-0.00426,0.98213
1790616787.89313,-0.00873,0.01232,-0.98764,0.01233,-0.00251,0.80068
1790616787.993137,-0.00609,0.02438,-1.01406,-0.01347,-0.00272,0.65745
1790616788.1130161,-0.00599,0.03302,-1.00582,0.01307,-0.008,0.4343
1790616788.213099,0.01116,0.02298,-0.9911,0.02817,0.00768,0.42612
1790616788.3132758,-0.03875,0.03161,-1.00141,0.0086,-0.00207,0.27292
1790616788.413308,-0.01026,0.0283,-1.0041,0.00102,0.00542,0.26796
1790616788.513354,-0.00244,-0.00995,-1.00121,0.01489,0.00848,0.24167
1790616788.6335628,0.00942,0.02081,-1.01019,-0.00823,0.00389,0.17906
1790616788.733186,-0.01628,0.03358,-1.00129,0.00416,0.00168,0.19001
1790616788.853024,-0.02781,0.02137,-1.00057,0.00686,0.00392,0.20202
1790616788.953226,0.00814,-0.00472,-0.99918,0.01223,0.00603,-0.00096
1790616789.053247,-0.00114,0.02115,-1.00137,0.00579,0.00028,-0.01964
1790616789.1533482,-0.00871,0.02334,-1.00061,0.00389,0.00409,-0.01427
1790616789.275755,-0.00801,0.02381,-1.00113,0.00178,0.00123,-0.0168
1790616789.377578,-0.00194,0.00738,-1.00159,0.00805,0.00073,0.00295
1790616789.493034,-0.01284,-0.00012,-1.00175,0.00086,0.00312,0.01003
1790616789.593174,-0.01816,0.00109,-1.00108,0.00463,0.00501,0.00848
1790616789.6937091,-0.01573,-7e-05,-1.00178,0.00358,0.01067,0.01935
1790616789.7932138,-0.01437,0.00306,-1.00312,0.00248,0.00657,0.01355
1790616789.893298,-0.0141,0.00302,-1.00298,0.00609,0.00309,0.01495
1790616790.013227,-0.01213,0.00674,-1.00212,0.00866,0.00422,0.01561
1790616790.114608,-0.0121,0.00942,-1.00296,0.00468,0.00411,0.01031
1790616790.213834,-0.01154,0.01194,-1.00151,0.004,0.00414,0.00531
1790616790.3134542,-0.00359,-0.01015,-0.99867,0.00371,0.01141,0.04721
1790616790.4391522,0.21181,0.02647,-0.99854,0.04614,0.0048,0.04695
1790616790.553071,0.18283,0.04436,-0.97658,0.05649,-0.00905,-0.04023
1790616790.6532018,-0.03146,0.01372,-1.0112,-0.0332,-0.0174,0.00584
1790616790.7531,-0.16358,-0.00909,-1.03498,-0.05287,-0.02714,0.01958
1790616790.853205,-0.07249,0.00198,-0.99334,-0.01089,0.01389,0.01583
1790616790.953286,0.05512,0.02802,-1.00748,-0.00142,-0.00561,-0.01163
1790616791.053594,0.03733,0.00629,-1.00429,0.00012,-0.00341,0.04747
1790616791.1761448,-0.00568,0.0356,-0.97609,0.00148,0.04059,-0.02743
1790616791.2755,-0.06907,0.10289,-1.01305,-0.01107,0.00739,-0.02948
1790616791.376062,-0.02785,0.07103,-1.03863,-0.00501,-0.04524,0.05306
1790616791.475213,0.01761,0.00646,-1.0183,-0.00798,0.0049,0.01834
1790616791.5934699,0.01644,-0.10489,-0.99454,0.03387,-0.01615,-0.06133
1790616791.693295,-0.05307,-0.07752,-1.0291,-0.01794,-0.0298,0.03673
1790616791.793355,-0.02914,0.03429,-0.99832,-0.01312,-0.00224,-0.04952
1790616791.8933702,-0.00591,0.06409,-0.9999,-0.02426,-0.0125,-0.02299
1790616792.01311,-0.10253,-5e-05,-1.00582,-0.02467,0.02279,-0.00855
1790616792.113264,-0.14032,-0.00694,-1.0068,-0.00714,-0.01519,0.01263
1790616792.213087,-0.04693,0.00295,-1.00052,0.00455,0.02443,0.00586
1790616792.3341372,0.05269,0.07576,-1.00908,-0.00022,-0.00212,0.00551
1790616792.435434,0.01039,0.0762,-1.02251,-0.01239,0.00027,-0.00245
1790616792.533953,-0.0363,-0.00743,-0.99086,0.04185,0.05169,-0.01736
1790616792.6335528,-0.12364,-0.16333,-1.00944,0.01304,0.00853,0.03207
1790616792.733234,-0.07722,0.06225,-0.99677,-0.0052,0.02047,-0.0105
1790616792.853898,-0.02042,0.00419,-1.00208,0.00151,0.00265,-0.00076
1790616792.953325,-0.01539,0.00474,-1.0021,0.00374,0.00354,0.00847
1790616793.053765,-0.01493,0.00777,-1.00213,0.00246,0.00198,0.00554
1790616793.153287,-0.01288,0.00439,-1.00242,0.004,0.00335,-0.00053
1790616793.2534819,-0.01349,0.0062,-1.00068,0.0041,0.00103,0.00626
1790616793.373044,-0.01418,0.0077,-1.00108,0.00564,0.00481,0.00352
1790616793.473315,-0.01163,0.00619,-1.00357,0.00161,0.00402,0.00593
1790616793.573181,-0.01524,0.00266,-1.00407,0.00236,0.00507,0.01157
1790616793.673407,-0.01649,0.00188,-1.00195,0.00734,0.00442,0.00755
1790616793.7929878,-0.01288,0.00772,-1.00172,0.00169,0.00141,-0.00644
1790616793.8931751,-0.0104,0.01616,-1.00359,0.00267,0.00122,-0.01217
1790616793.993278,-0.01079,0.01415,-1.00179,0.00473,0.00438,-0.00132
1790616794.098766,-0.01391,0.00551,-0.99945,0.00297,0.0036,0.01447
1790616794.220961,-0.0159,-0.00208,-1.00085,0.00907,0.00071,0.02246
1790616794.333586,-0.02088,-0.00657,-1.00302,0.0047,0.00265,0.02706
1790616794.4341152,0.01807,-0.00076,-0.9999,0.00678,0.00965,0.00337
1790616794.5334358,0.24893,0.03409,-0.98307,0.04882,0.05978,-0.08909
1790616794.6334,0.14584,0.0458,-1.00696,-0.00766,-0.04351,-0.05503
1790616794.733275,-0.0734,0.02638,-0.97148,0.01963,-0.02788,0.02253
1790616794.853303,-0.13191,0.02257,-0.98434,0.0012,-0.00477,0.00752
1790616794.952967,-0.03169,0.00671,-0.99882,-0.00678,0.02186,0.03512
1790616795.0537019,0.07669,0.02727,-0.9819,0.02341,0.02538,0.00759
1790616795.172975,0.04989,0.05016,-1.01356,-0.01284,-0.00932,-0.02399
1790616795.273937,-0.06216,0.01757,-1.00948,-0.06199,-0.00398,0.04879
1790616795.395115,-0.02124,0.13027,-1.00443,-0.02015,-0.01575,-0.08644
1790616795.4988108,-0.01981,0.07649,-0.98654,0.04982,0.0031,0.03675
1790616795.599249,-0.00021,-0.07177,-1.01859,0.00968,-0.00414,0.05511
1790616795.6951349,-0.02539,-0.19396,-1.02518,0.01764,0.00474,-0.00939
1790616795.813987,-0.02662,-0.03283,-0.96963,-0.00463,0.01308,0.00336
1790616795.9140139,-0.03142,0.0396,-0.97637,0.00877,0.03015,0.01144
1790616796.01407,0.00479,0.05943,-0.96599,0.00537,0.03274,-0.02959
1790616796.113937,-0.0068,0.0294,-0.99629,0.00902,0.02644,-0.02075
1790616796.214257,-0.09898,0.02395,-0.99265,0.00417,0.00739,0.00223
1790616796.3346581,0.05005,0.0775,-1.01635,-0.00699,0.01284,0.03577
1790616796.4464698,-0.00686,-0.00254,-1.00537,0.01057,-0.02937,0.01857
1790616796.5342531,-0.0947,-0.06943,-1.00055,0.01432,-0.00065,-0.02606
1790616796.6540139,-0.15616,-0.06237,-1.00494,0.00319,0.00537,0.03494
1790616796.7606678,-0.00826,0.00659,-1.00226,-0.00051,-0.00053,0.00975
1790616796.8541272,0.09348,0.0178,-1.00276,0.02054,0.00514,0.00669
1790616796.954611,0.0418,0.01998,-0.99409,-0.00152,0.00893,-0.0162
1790616797.073925,-0.14484,-0.02254,-1.00912,-0.00328,-0.00609,-0.02001
1790616797.174155,-0.02988,0.00828,-1.00437,0.00033,0.00186,0.00711
1790616797.274205,-0.02587,0.01767,-1.00216,0.00566,0.00753,-0.00218
1790616797.394167,-0.01388,0.00841,-1.00104,0.00495,0.00654,0.00125
1790616797.494005,-0.00387,0.00941,-1.00159,0.00627,0.00494,0.00393
1790616797.594028,-0.00518,0.00953,-1.00222,0.00263,0.00339,0.00395
1790616797.714026,-0.01051,0.01086,-1.00019,0.0042,0.00419,0.00396
1790616797.813977,-0.00935,0.01072,-1.00286,0.00402,0.00637,0.00294
1790616797.913957,-0.00799,0.00956,-1.00172,0.00393,0.00328,0.00592
1790616798.0141492,-0.01051,0.01106,-1.00082,0.00021,0.0024,0.00546
1790616798.1140878,-0.0087,0.01124,-0.99843,0.00284,0.00067,0.00292
1790616798.2141209,-0.01081,0.00892,-1.00265,0.00252,0.00465,0.0036
1790616798.314633,-0.01012,0.00905,-1.00026,0.00416,0.00522,0.00333
1790616798.429703,-0.00854,0.00946,-1.00345,0.00163,0.00305,0.00277
1790616798.533941,-0.01011,0.00255,-1.00077,0.00568,0.00467,0.01574
1790616798.634177,0.01675,0.01486,-0.99974,0.0026,0.01387,-0.00548
1790616798.7642188,0.23169,0.01677,-1.00788,-0.00282,0.01085,-0.05642
1790616798.854221,0.13434,-0.00806,-1.01584,-0.00583,-0.03206,-0.05317
1790616798.954747,-0.04996,-0.00762,-0.99154,0.00703,-0.03931,0.03466
1790616799.059037,-0.11918,0.01854,-1.00042,0.00831,0.02019,-0.01916
1790616799.157671,-0.04509,0.07667,-1.01503,-0.03299,0.01757,0.08404
1790616799.275697,0.04923,0.11856,-0.99885,0.03502,0.00595,-0.0154
1790616799.374157,0.04683,-0.03099,-0.98658,0.00935,-0.01556,0.00958
1790616799.474367,-0.00887,-0.04319,-0.99875,-0.02097,-0.007,0.01182
1790616799.59406,-0.05626,-0.18934,-0.99812,-0.00461,0.01138,0.00264
1790616799.694272,-0.01235,0.02068,-1.0108,-0.05949,-0.02021,-0.04224
1790616799.795794,0.00589,0.05287,-0.99989,-0.00918,0.02166,8e-05
1790616799.9141471,0.00104,-0.03883,-1.055,0.00436,-0.05546,0.06317
1790616800.0169861,-0.01027,0.02607,-0.99645,0.02267,0.00617,-0.01281
1790616800.113893,-0.02336,0.02924,-0.99617,-0.01391,0.01027,0.04388
1790616800.2140841,-0.03172,0.14673,-1.00306,-0.01279,-0.02972,0.01621
1790616800.333906,-0.05736,-0.08246,-1.0363,-0.0056,-0.03432,0.09206
1790616800.433912,-0.08333,-0.04345,-0.9864,0.00334,0.00759,-0.05381
1790616800.533952,-0.1286,-0.03679,-0.99954,0.00403,0.00427,0.05666
1790616800.6341178,-0.02479,0.03763,-1.00355,-0.00185,0.00693,-0.0142
1790616800.754498,0.05427,0.01218,-1.00561,-0.00474,-0.00425,-0.01081
1790616800.8553338,0.02294,0.00112,-0.99938,0.01053,0.00282,0.01848
1790616800.9740748,-0.01945,0.03326,-1.0009,0.01071,-0.00845,-0.02256
1790616801.09533,-0.06149,0.02684,-0.99832,0.00176,-0.00079,-0.00541
1790616801.1952991,-0.00881,0.01243,-1.00199,0.00315,0.00536,0.00765
1790616801.29515,0.01295,-0.00129,-1.00274,0.00651,-0.00493,0.00121
1790616801.394793,-0.03128,-0.01054,-1.01257,0.00685,-0.01604,0.02995
1790616801.5140321,-0.06926,0.02418,-1.00109,-0.00268,0.0125,-0.02924
1790616801.614079,-0.02616,0.00712,-1.00359,0.00706,0.003,0.00675
1790616801.714112,-0.01702,0.01031,-1.00126,0.00618,0.0048,0.00335
1790616801.8339531,-0.01417,0.00918,-1.00043,0.00437,0.00395,0.00605
1790616801.934229,-0.01444,0.00767,-1.00342,0.00325,0.00466,0.00603
1790616802.034084,-0.01666,0.00857,-1.00204,0.00193,0.00357,0.00355
1790616802.154019,-0.01697,0.00794,-1.00218,0.00382,0.00314,0.00654
1790616802.2544472,-0.01483,0.00936,-1.00213,0.00556,0.00345,0.00561
1790616802.3741639,-0.01659,0.00946,-1.00126,0.00305,0.00339,0.00247
1790616802.474012,-0.01848,0.00727,-1.00083,0.00485,0.00325,0.00696
1790616802.574186,0.04649,0.11038,-1.02212,0.0188,-0.0343,0.7873
1790616802.6740491,-0.01164,-0.01399,-0.98744,0.01186,0.01782,0.94901
1790616802.774693,-0.00508,-0.00078,-0.99402,-0.02358,0.03389,1.01329
1790616802.893909,-0.03847,-0.00401,-0.98807,0.02404,0.0038,1.02407
1790616802.994386,-0.02633,-0.00276,-1.00755,-0.02978,0.03416,0.96802
1790616803.0944068,-0.0111,-0.02025,-0.98937,0.02208,-0.01433,1.05833
1790616803.2160158,0.00882,-0.00175,-0.99773,-0.03821,-0.00116,1.04607
1790616803.315812,-0.01783,-0.02105,-0.99201,-0.0144,0.00948,1.05785
1790616803.419693,-0.00687,0.02241,-0.99045,0.01087,-0.00756,1.02448
1790616803.520715,0.00876,0.01875,-1.00297,0.01038,0.00364,1.05779
1790616803.634052,0.00019,0.0137,-0.99537,-0.0127,-0.01235,0.91157
1790616803.734092,0.00899,0.06932,-1.02198,0.00179,-0.01832,0.65918
1790616803.855807,0.00195,0.03163,-1.00356,-0.00628,-0.00699,0.64846
1790616803.954358,-0.02207,-0.00619,-1.008,0.02026,0.0079,0.49719
1790616804.055156,0.00903,0.01644,-1.00051,-0.00611,-0.00634,0.42012
1790616804.155023,0.00468,0.04048,-1.00038,-0.00361,0.00162,0.29618
1790616804.2548668,-0.04249,0.00064,-1.00031,0.0113,0.00619,0.31371
1790616804.354217,-0.00598,0.03594,-1.01005,-0.01235,0.01529,0.18804
1790616804.453896,0.02061,0.03802,-1.00141,0.0029,0.00493,0.22156
1790616804.574075,-0.01509,0.01222,-1.00247,0.00376,0.00359,0.18565
1790616804.674079,-0.03374,0.00503,-1.00329,0.00195,0.00163,0.19634
1790616804.7745569,-0.02217,0.00107,-1.00139,-9e-05,0.00094,0.20217
1790616804.8743522,0.00481,0.04985,-1.00128,0.00951,0.00486,-0.01206
1790616804.994037,-0.00416,0.01886,-0.99975,0.00441,0.00346,-0.00486
1790616805.0939982,-0.00811,0.02557,-1.00183,0.00707,0.00273,-0.01085
1790616805.194358,-0.01284,0.01186,-1.00269,0.00161,0.00681,0.00154
1790616805.293807,-0.01315,0.01402,-1.0032,0.00461,0.00749,0.00707
1790616805.393876,-0.01244,0.01717,-1.00029,0.00382,0.00049,0.00742
1790616805.514029,-0.0128,0.01707,-1.00162,0.00463,0.00406,0.00397
1790616805.61428,-0.01144,0.0176,-1.00171,0.00556,0.00479,0.00232
1790616805.715167,-0.01354,0.02861,-1.00528,-0.00229,-7e-05,-0.01128
1790616805.817523,0.24808,0.02576,-1.0124,0.03798,-0.00025,-0.01023
1790616805.916258,0.12982,0.0283,-1.03827,-0.06738,-0.05889,0.02146
1790616806.0173042,-0.02923,0.07129,-0.97066,0.00754,0.0031,-0.05448
1790616806.1358202,-0.14346,-0.00211,-0.99895,-0.00484,-0.02248,0.04384
1790616806.2162461,-0.02754,0.04035,-1.0037,0.00671,0.01715,-0.0073
1790616806.335958,0.05547,0.02239,-1.0087,0.00697,-0.04064,0.03741
1790616806.437699,0.02278,0.00085,-0.99454,-0.00285,0.03809,0.04409
1790616806.537992,-0.01521,0.05209,-1.01064,0.03374,0.00276,-0.07055
1790616806.655828,-0.08426,-0.02166,-0.99158,0.01479,0.00355,0.01555
1790616806.75782,-0.00099,0.05494,-0.97994,0.03096,0.02634,-0.04634
1790616806.8560221,0.02813,0.04923,-1.00287,0.02354,0.01205,-0.00508
1790616806.956119,-0.00035,0.0179,-1.03097,0.00604,-0.00884,0.01445
1790616807.058325,-0.04962,-0.02112,-1.00987,-0.02559,-0.00585,0.07042
1790616807.180672,-0.02032,0.02611,-0.98316,-0.02923,-0.01263,-0.03952
1790616807.279548,-0.00132,0.00593,-0.9987,0.02608,-0.00437,-0.00192
1790616807.381997,-0.04399,0.02054,-0.99803,-0.00065,-0.00424,0.01384
1790616807.4814,-0.07902,0.03954,-0.99078,0.02052,-0.00011,-0.03289
1790616807.580576,-0.11412,0.00043,-1.0066,-0.01657,0.01621,0.05537
1790616807.6974962,-0.01583,0.02707,-1.002,0.0099,0.00914,-0.00617
1790616807.7979908,0.01222,0.02699,-1.00123,0.00996,0.01453,-0.00535
1790616807.896312,0.00359,0.0283,-0.99926,-0.00957,0.00289,-0.02141
1790616808.016356,-0.05001,0.02259,-1.00098,0.00439,0.0015,0.00455
1790616808.117432,-0.04735,0.01425,-1.00068,-0.00233,0.00705,0.00885
1790616808.2190368,0.01276,0.01712,-1.006,0.0107,0.00587,-0.00035
1790616808.337659,-0.00057,0.02436,-1.00725,0.0049,3e-05,-0.00524
1790616808.4360151,-0.04874,0.0098,-1.00589,-0.01772,0.00209,0.00152
1790616808.5360608,-0.07508,0.01472,-1.00152,0.00643,0.00083,0.0048
1790616808.6360488,-0.03485,0.02557,-1.00081,0.00505,0.00364,-0.00824
1790616808.758122,-0.02439,0.01388,-1.00082,0.00401,-3e-05,0.00691
1790616808.857446,-0.01072,0.01734,-1.00123,0.00248,0.0049,0.0026
1790616808.9760509,-0.0078,0.01629,-1.00367,0.00634,0.00207,0.0067
1790616809.077868,-0.00822,0.01743,-1.00035,0.0031,0.00485,0.0029
1790616809.1786911,-0.01292,0.01693,-1.00326,0.00398,0.00456,0.00273
1790616809.2789152,-0.01439,0.0157,-1.00342,0.00414,0.00302,0.00596
1790616809.3961768,-0.01235,0.01613,-1.00179,0.00328,0.00358,0.00347
1790616809.496012,-0.01235,0.01862,-1.00158,0.00542,0.0057,0.0044
1790616809.598001,-0.01026,0.01904,-1.00297,0.00196,0.00425,0.00202
1790616809.7157602,-0.01237,0.02015,-1.00319,0.00355,0.00528,-0.00039
1790616809.8171608,-0.01266,0.0181,-1.00372,0.00552,0.00038,-0.00308
1790616809.939764,-0.0132,0.01486,-0.99989,3e-05,0.00585,-0.00291
1790616810.039207,-0.01404,-0.01998,-1.00346,0.01022,0.00274,0.05585
1790616810.13996,-0.01868,0.00855,-1.0032,0.00511,0.00338,0.02882
1790616810.2583659,0.02125,0.01897,-1.00073,0.00736,0.01324,0.01025
1790616810.35758,0.22886,-0.00981,-1.01737,-0.00304,0.0209,0.00103
1790616810.457556,0.11841,0.0268,-1.0383,-0.04686,-0.03837,0.04414
1790616810.55592,-0.03729,0.05992,-0.97858,-0.00466,0.01562,-0.02804
1790616810.655916,-0.15926,-0.03444,-1.02834,-0.03848,-0.03309,0.06032
1790616810.758663,-0.02913,0.04635,-1.00305,-0.02782,0.03097,-0.00124
1790616810.8760152,0.06579,0.04795,-1.01115,0.02343,0.0579,-0.04153
1790616810.980824,0.02772,-0.10553,-0.99592,0.02362,-0.01087,0.01479
1790616811.076832,-0.0656,-0.10746,-1.01101,0.00166,-0.03007,0.06287
1790616811.177969,-0.05741,0.01447,-0.98382,-0.00736,-0.00975,0.04473
1790616811.2834802,-0.02671,0.0892,-1.0164,0.03094,0.00676,-0.00176
1790616811.398129,0.00273,0.07244,-0.96552,0.01119,0.02537,0.06112
1790616811.4977741,0.02523,0.02949,-0.98607,0.03382,0.03626,-0.04965
1790616811.59797,-0.01537,-0.01025,-1.01819,0.02923,7e-05,-0.01635
1790616811.698134,-0.03417,0.01297,-0.98374,0.01786,0.07216,-0.00784
1790616811.7982342,-0.01278,0.06553,-1.01136,0.00902,-0.00906,0.0041
1790616811.898346,-0.04526,0.04208,-1.00205,0.0299,0.01697,-0.0911
1790616812.018281,-0.08439,0.04509,-1.02928,0.01599,0.01837,-0.01628
1790616812.117895,-0.02344,0.02632,-1.00105,0.00215,0.00912,-0.0027
1790616812.259279,0.02901,0.01994,-1.01164,0.00013,-0.00386,-0.00413
1790616812.357978,-0.03592,-0.01695,-0.99971,0.01906,0.00834,0.05803
1790616812.4579651,-0.06181,0.01756,-1.00007,0.00125,0.00445,-0.00177
1790616812.558269,-0.03992,-0.01997,-1.00244,0.0121,0.00793,0.04353
1790616812.6593611,0.02412,0.01902,-1.0028,-0.00526,0.01015,0.0072
1790616812.7778401,0.00798,0.02313,-1.00197,0.0047,-0.00347,0.00732
1790616812.878171,-0.01565,0.03222,-1.00601,-0.00255,0.0018,0.01534
1790616812.978828,-0.01815,-0.012,-1.00228,0.00623,0.00342,-0.01132
1790616813.078743,-0.04254,0.01856,-0.99707,0.02637,-4e-05,-0.00456
1790616813.178061,-0.04673,0.02066,-1.00049,0.00133,0.00179,0.00446
1790616813.2789361,-0.03072,0.01223,-1.00195,0.00633,0.00297,0.00461
1790616813.398626,-0.00568,0.01404,-1.00328,0.00535,0.00309,0.00112
1790616813.500319,-0.00338,0.0154,-1.00306,0.00142,0.00281,0.006
1790616813.602338,-0.00767,0.01293,-1.00212,0.00341,0.0059,0.00661
1790616813.700093,-0.00896,0.01446,-1.00068,0.00261,0.0041,0.00274
1790616813.800728,-0.01019,0.01515,-1.00353,0.00378,0.00315,0.00296
1790616813.917802,-0.01015,0.01425,-1.00249,0.00382,0.00354,0.00223
1790616814.018048,-0.01075,0.01569,-1.00187,0.0063,0.00297,0.00405
1790616814.1177018,-0.01003,0.01621,-1.00278,0.00214,0.00216,0.00275
1790616814.218118,-0.01101,0.01386,-1.00237,0.00613,0.00139,0.00257
1790616814.341156,-0.0111,0.01151,-1.00156,0.0048,0.00353,0.00612
1790616814.4379132,-0.01363,0.00707,-1.00046,0.008,0.00406,0.01011
1790616814.53811,-0.01156,0.00849,-1.00207,0.00261,0.00488,0.00651
1790616814.6383932,-0.00517,0.01075,-1.00095,0.00327,0.00865,0.00703
1790616814.7602801,0.22281,0.02937,-1.01411,-0.01563,0.02041,-0.00079
1790616814.8578932,0.15443,-0.01139,-0.99014,-0.01428,-0.00491,-0.01312
1790616814.957815,-0.05128,0.01722,-1.03469,0.05431,-0.02974,0.039
1790616815.058131,-0.13863,0.023,-0.98123,-0.01533,0.00941,-0.01332
1790616815.1580942,-0.04348,0.03707,-1.00183,0.01144,-0.01319,-0.00128
1790616815.277695,0.01073,0.09799,-1.03328,-0.02442,-0.00387,0.12318
1790616815.378248,0.04121,0.08213,-0.99696,0.02443,-0.01011,-0.03673
1790616815.477876,-0.00752,-0.00686,-1.03269,-0.00627,0.0249,0.06816
1790616815.5780401,-0.03394,-0.19386,-1.00455,0.03085,0.0322,0.00167
1790616815.677883,-0.04276,-0.02294,-1.00816,0.0123,-0.00193,0.024
1790616815.800063,-0.03561,0.04434,-1.01844,-0.00825,0.03825,-0.00614
1790616815.90148,0.0203,0.03477,-1.01057,-0.0242,0.01735,-0.01714
1790616816.0012412,-0.0073,0.00108,-1.03321,0.03412,-0.04148,0.02847
1790616816.11769,-0.0191,0.13306,-0.98123,0.00926,0.00137,-0.0077
1790616816.2182558,-0.03971,0.13727,-1.03635,-0.03727,0.00785,0.01673
1790616816.318227,-0.08467,-0.05573,-1.01025,0.03049,0.00951,0.01843
1790616816.418412,-0.10065,-0.09349,-0.99626,0.01987,-0.00598,0.01349
1790616816.5185359,-0.08795,-0.00849,-0.99756,0.00626,0.00892,0.01878
1790616816.638029,0.06472,0.00389,-1.00338,-0.00321,0.0194,-0.0206
1790616816.75967,0.07711,-0.03935,-1.00788,0.01237,0.00182,0.0125
1790616816.858613,-0.06181,0.07427,-1.00413,-0.04476,-0.00614,0.04976
1790616816.958912,-0.08361,0.03277,-1.00583,0.00479,-0.00494,-0.04224
1790616817.05848,-0.00152,0.0282,-1.00228,0.00943,0.00359,0.00153
1790616817.15827,0.06201,0.01828,-1.0021,0.01394,0.0212,0.02254
1790616817.264731,0.02169,0.01561,-1.0088,0.00054,-0.00531,0.0198
1790616817.37765,-0.09578,-0.02827,-1.007,0.00574,-0.03231,0.05716
1790616817.47781,-0.04983,-0.01264,-1.00083,0.00293,0.00692,0.03156
1790616817.57791,-0.02535,0.00797,-1.00303,0.00368,0.00609,0.01117
1790616817.6778738,-0.01536,0.01648,-1.00253,0.0005,0.00233,0.0018
1790616817.777735,-0.01659,0.01228,-0.99963,0.0059,0.00572,0.00999
1790616817.8983061,-0.00279,0.0095,-1.00338,0.00548,0.01143,0.01033
1790616817.9992378,-0.00018,0.01299,-1.00366,0.00548,0.00614,-0.00216
1790616818.09905,-0.00385,0.01073,-1.00307,0.00276,0.00301,0.00543
1790616818.198241,-0.0071,0.01295,-1.00366,-0.00056,0.0014,0.00484
1790616818.318125,-0.00755,0.01224,-1.00216,0.0019,0.0006,0.00258
1790616818.418275,-0.00688,0.01203,-1.00168,0.00536,0.00328,0.0046
1790616818.53777,-0.00538,0.01436,-1.00366,0.00373,0.00258,-0.00217
1790616818.6378949,-0.00568,0.01546,-1.00185,0.00205,0.00463,0.00138
1790616818.738461,-0.00739,0.01428,-1.00333,0.00568,0.00359,-0.00249
1790616818.83807,-0.00928,0.01272,-1.00114,0.00434,0.00298,-4e-05
1790616818.977886,-0.01136,0.00965,-1.00216,0.0051,0.00258,0.00483
1790616819.0777678,-0.02376,0.00645,-1.00265,0.00907,0.02466,0.00941
1790616819.178142,-0.00321,0.02999,-1.00231,-0.00481,-0.0032,-0.00042
1790616819.2985868,-0.0137,0.01012,-1.00149,0.00689,0.01667,0.00508
1790616819.3979259,-0.00727,0.01833,-1.00388,0.00518,0.00904,-0.00254
1790616819.499433,-0.00305,0.01249,-1.00438,0.00432,0.00948,0.00215
1790616819.597944,-0.00602,0.02599,-1.00375,0.00287,0.00259,-0.00456
1790616819.697838,-0.00589,0.02318,-1.00171,0.00397,0.00494,-0.0087
1790616819.798214,-0.00385,0.02769,-1.00144,0.00514,0.00477,-0.01573
1790616819.8986921,-0.00545,0.02678,-1.00393,0.00281,0.00414,-0.01896
1790616820.0179908,-0.00383,0.02281,-1.00255,0.00438,0.00348,-0.0196
1790616820.118293,-0.00556,0.01727,-1.00127,0.00179,0.00234,-0.00892
1790616820.218174,-0.01174,0.00399,-1.00329,0.00545,0.00489,0.00574
1790616820.318402,-0.01215,0.00011,-1.00318,0.00633,0.00464,0.01516
1790616820.4377,-0.0119,-0.00202,-1.0004,0.00512,0.0056,0.02249
1790616820.537827,-0.01419,-0.00203,-1.00185,0.00498,0.00427,0.02323
1790616820.6380422,-0.01254,0.0007,-1.00236,0.0032,0.00309,0.02199
1790616820.7379,-0.01266,0.00426,-1.00193,0.00584,0.00177,0.02623
1790616820.837991,-0.01177,0.00496,-1.0016,0.00512,0.00541,0.02022
1790616820.959052,-0.00886,0.01065,-1.00264,0.00538,0.00149,0.01392
1790616821.0592709,-0.00571,0.02015,-1.00048,0.00273,0.0028,0.00104
1790616821.1778402,-0.00298,0.02866,-1.00297,0.00287,0.00689,-0.0117
1790616821.2782521,-0.00185,0.02882,-1.00254,0.00146,0.00623,-0.01483
1790616821.378156,-0.0031,0.02643,-1.00094,0.00133,0.00582,-0.02801
1790616821.4780219,-0.00346,0.02754,-1.00418,0.00139,0.00406,-0.02715
1790616821.5781271,-0.00194,0.02724,-1.00314,0.00183,0.00462,-0.02922
1790616821.677846,-0.00655,0.02404,-1.00173,0.00408,0.00363,-0.02757
1790616821.778031,-0.00414,0.02123,-1.00362,0.00426,0.00503,-0.02384
1790616821.897747,-0.00886,0.01455,-1.00237,0.00242,0.00266,-0.01342
1790616821.9978712,-0.01141,0.008,-1.00158,0.00714,0.00259,-0.00288
1790616822.098453,-0.01005,0.00557,-1.00266,0.00612,0.00268,0.00207
1790616822.198134,-0.01,0.00405,-1.0017,0.00532,0.00378,0.00744
1790616822.2979982,-0.01277,-0.00148,-1.00058,0.00451,0.00145,0.0141
1790616822.4185112,-0.01338,-0.0032,-1.00313,0.00524,0.00405,0.02283
1790616822.520756,-0.01604,-0.00034,-1.00325,0.00616,0.00257,0.02252
1790616822.6202939,-0.01399,-0.005,-1.00147,0.00804,0.00303,0.02484
1790616822.7201438,-0.01367,0.00071,-1.00149,0.00509,0.0046,0.02376
1790616822.821224,-0.0123,0.00125,-1.00236,0.00226,0.00313,0.02663
1790616822.937648,-0.012,0.0047,-1.00259,0.0071,0.00225,0.01504
1790616823.037573,-0.00789,0.01468,-1.003,0.0075,0.00341,0.00342
1790616823.137816,-0.00582,0.02217,-1.00236,0.00544,0.00206,0.00047
1790616823.260759,-0.00538,0.02365,-1.0026,0.00338,0.00289,-0.00406
1790616823.3591738,-0.00286,0.02481,-1.00232,0.00544,0.00193,-0.01011
1790616823.477793,-0.00209,0.02933,-1.00446,0.00397,0.00333,-0.01709
1790616823.577708,-0.00344,0.03083,-1.003,0.00475,0.00349,-0.0221
1790616823.677572,-0.00193,0.02877,-1.00422,0.00174,0.00299,-0.01827
1790616823.777656,-0.00292,0.0296,-1.00323,0.00593,-0.00047,-0.02112
1790616823.877693,-0.00446,0.02768,-1.00336,0.00573,0.00335,-0.01409
1790616823.978345,-0.0027,0.03081,-1.00329,0.00177,0.00397,-0.02264
1790616824.097763,-0.00013,0.03163,-1.00394,0.00086,0.00127,-0.02424
1790616824.1976151,-0.00492,0.02864,-1.00384,0.00172,0.00069,-0.02304
1790616824.3204181,-0.00185,0.02613,-1.00297,0.00059,0.0034,-0.01498
1790616824.419899,-0.00379,0.02844,-1.00156,0.0014,0.00218,-0.02355
1790616824.525941,-0.0028,0.02544,-1.00152,0.00593,0.00612,-0.01476
1790616824.6376572,-0.00552,0.02827,-1.00013,0.00391,0.00139,-0.01859
1790616824.737806,-0.00407,0.02825,-1.00238,0.00383,0.00045,-0.01754
1790616824.8391051,-0.00322,0.02976,-1.00344,0.00165,0.00192,-0.01729
1790616824.938205,-0.00466,0.02472,-1.00318,0.00493,0.0042,-0.00855
1790616825.037855,-0.00323,0.02773,-1.00193,0.00392,0.0035,-0.0148
1790616825.157585,-0.00372,0.02844,-1.00112,0.00568,0.0033,-0.01543
1790616825.258058,-0.00393,0.02991,-1.00273,0.00277,0.00243,-0.0217
1790616825.358142,-0.00184,0.03014,-1.00424,0.0018,0.00352,-0.02242
1790616825.459132,-0.00254,0.02839,-1.00282,0.00066,0.00304,-0.02208
1790616825.578151,-0.0006,0.02844,-1.00278,0.00102,-0.00084,-0.02483
1790616825.6989398,-0.00279,0.02926,-1.0028,0.00184,0.00211,-0.02272
1790616825.818399,-0.00164,0.03039,-1.00211,0.00277,0.00297,-0.01984
1790616825.920553,-0.00344,0.03083,-1.0018,-0.00062,0.00482,-0.02439
1790616826.037696,-0.00161,0.02934,-1.00169,0.00109,0.00487,-0.02124
1790616826.137675,-0.00102,0.02862,-1.00351,0.00476,0.00186,-0.0164
1790616826.23872,-0.00222,0.02842,-1.00339,0.0027,0.0046,-0.01832
1790616826.339027,-0.0047,0.02733,-1.00168,0.00187,0.0047,-0.01061
1790616826.459594,-0.00135,0.02904,-1.00267,0.00207,0.00398,-0.01246
1790616826.559773,-0.00198,0.02715,-1.00266,0.00514,0.00257,-0.00938
1790616826.659778,-0.00306,0.027,-1.0046,0.0052,0.00323,-0.00582
1790616826.782958,-0.00476,0.01845,-1.00331,0.00336,0.00333,0.00729
1790616826.882114,-0.00718,0.01757,-1.00116,0.00336,0.00159,0.00614
1790616826.982522,-0.00822,0.0124,-1.00351,0.00323,0.00513,0.0176
1790616827.081444,-0.01129,0.00606,-1.00264,0.0074,0.00229,0.02276
1790616827.199656,-0.01203,0.00627,-1.00141,0.00368,0.00134,0.0188
1790616827.2998028,-0.01012,0.0027,-1.00145,0.00595,0.00197,0.02552
1790616827.3997078,-0.01363,-0.00028,-1.00155,0.00615,0.00533,0.02782
1790616827.499794,-0.0166,-0.00323,-1.00149,0.00287,0.00432,0.03442
1790616827.619584,-0.01522,-0.00498,-1.00016,0.00346,0.0063,0.02524
1790616827.7195299,-0.0156,-0.00226,-1.00174,0.00408,0.00442,0.01847
1790616827.8197289,-0.01439,-0.00169,-1.00166,0.00424,0.00719,0.01587
1790616827.939785,-0.01591,-0.00111,-1.00111,0.00492,0.00271,0.01559
1790616828.059787,-0.01288,-0.00453,-0.99805,0.0066,0.00278,0.01262
1790616828.1596239,-0.01425,-0.00119,-1.00217,0.00751,0.00242,0.0138
1790616828.260211,-0.01188,0.00283,-1.00331,0.00182,0.00441,0.00757
1790616828.359767,-0.01316,0.00369,-1.00191,0.00534,0.00098,0.00528
1790616828.480497,-0.01265,0.0015,-1.00157,0.00344,0.0022,0.00565
1790616828.58028,-0.01052,0.00425,-1.00258,0.00438,-0.00084,6e-05
1790616828.681943,-0.01028,0.01182,-1.00155,0.00433,0.00048,-0.00897
1790616828.799692,-0.0075,0.02005,-1.00256,0.00018,0.00223,-0.01814
1790616828.899806,-0.00487,0.02626,-1.00299,0.00392,0.00053,-0.02618
1790616829.0196412,-0.00253,0.03195,-1.00236,0.00277,0.00486,-0.03511
1790616829.119833,-0.00088,0.03196,-1.0034,0.00355,0.00262,-0.03024
1790616829.219628,-0.00163,0.02833,-1.00484,0.0036,0.00092,-0.02167
1790616829.34003,-0.00089,0.03041,-1.00375,0.00287,0.00183,-0.02808
1790616829.439797,-0.00293,0.03023,-1.00318,0.00188,0.0025,-0.02563
1790616829.559834,-0.00496,0.02601,-1.0016,0.00544,0.00296,-0.01504
1790616829.659807,-0.00437,0.02387,-1.00284,0.00411,0.00036,-0.00598
1790616829.759594,-0.00698,0.0188,-1.00189,0.00287,0.00068,0.00585
1790616829.8804932,-0.00779,0.01485,-1.00123,0.00127,0.00156,0.00367
1790616829.9805179,-0.00642,0.01355,-1.00255,0.00449,-0.00064,0.01723
1790616830.080481,-0.01073,0.01159,-1.0026,0.00415,0.00614,0.01819
1790616830.1998248,-0.01335,0.00402,-1.00212,0.00449,0.00339,0.02829
1790616830.31954,-0.01439,-0.00248,-1.00136,0.00326,0.00365,0.0351
1790616830.419598,-0.01294,-0.00077,-1.00149,0.00404,0.0086,0.01912
1790616830.519477,-0.01496,0.00044,-1.00066,0.00184,0.00569,0.0145
1790616830.619624,-0.01384,-0.00047,-1.00079,0.0074,0.00498,0.01354
1790616830.719888,-0.01149,0.00199,-1.00235,0.00262,0.00317,0.01099
1790616830.84221,-0.00706,0.01469,-1.00199,0.0036,0.00576,-0.01051
1790616830.941161,-0.00365,0.02617,-1.00115,0.00347,0.00059,-0.02788
1790616831.042683,0.00028,0.03336,-1.0021,0.00799,0.00046,-0.0306
1790616831.141841,-0.01197,0.01371,-1.00026,0.00141,0.00482,-0.04166
1790616831.240208,-0.00223,0.01841,-1.00142,0.00111,0.00457,-0.01853
1790616831.3599,-0.00543,0.02294,-1.0004,0.0032,0.00056,-0.01684
1790616831.459917,-0.00574,0.02626,-1.00184,0.00105,1e-05,-0.02737
1790616831.559919,-0.00041,0.03178,-1.00371,0.0046,0.00282,-0.03389
1790616831.6612291,0.00115,0.0365,-1.00281,0.00635,0.00032,-0.03647
1790616831.761059,0.00145,0.03244,-1.00356,0.00425,0.00368,-0.03084
1790616831.8794172,-0.00968,0.01807,-1.00281,0.00243,0.00308,-0.04714
1790616831.979435,-0.00829,0.00584,-1.00278,0.00298,0.00676,-0.00454
1790616832.080068,-0.01238,0.01182,-1.00038,0.00338,0.00621,0.01068
1790616832.199457,-0.01108,0.00642,-1.00271,0.00315,0.00141,-0.00041
1790616832.299635,-0.00829,0.01477,-1.00252,0.00404,0.00444,-0.00899
1790616832.419455,-0.0038,0.02061,-1.00291,0.002,0.00177,-0.02044
1790616832.5200908,-0.00251,0.02881,-1.00392,0.00578,-0.00179,-0.02565
1790616832.6197062,0.00089,0.03467,-1.00329,0.00531,-0.00052,-0.03877
1790616832.740164,0.00396,0.03704,-1.00205,0.00585,0.00252,-0.04204
1790616832.8395782,0.001,0.0384,-1.00336,0.00518,0.00288,-0.03473
1790616832.940314,0.00126,0.03343,-1.00368,0.00563,0.00195,-0.0296
1790616833.044967,-0.01873,0.02703,-1.00206,0.00462,0.00311,0.00156
1790616833.141558,-0.01741,0.01611,-1.00323,0.00353,0.00595,0.02118
1790616833.265821,-0.00763,0.01193,-0.99943,0.00604,0.00284,0.00252
1790616833.359875,-0.02559,-0.01325,-0.99931,0.0057,0.00567,0.04555
1790616833.4599261,-0.01373,0.00548,-1.00332,0.00327,0.00894,0.02663
1790616833.581207,-0.01605,-0.00846,-1.00266,0.00216,0.00781,0.03207
1790616833.679866,-0.01136,0.00452,-1.00186,0.00349,0.00653,0.01479
1790616833.779785,-0.01298,0.00405,-1.00014,0.00437,0.00536,0.00791
1790616833.881858,-0.00848,0.01506,-1.00341,0.00151,0.0045,-0.00906
1790616834.0006342,-0.00527,0.02168,-1.00164,0.00331,0.00149,-0.01195
1790616834.100683,-0.00897,0.00981,-1.00124,0.00199,0.0045,-0.00245
1790616834.202987,-0.00739,0.01347,-1.0034,-0.0007,0.00431,-0.00644
1790616834.3205152,-0.0093,0.0063,-1.00135,0.00766,0.00956,0.01068
1790616834.421142,-0.01074,0.00116,-1.00123,0.00549,0.00101,0.01303
1790616834.520659,-0.00711,0.01498,-1.00374,0.00633,0.00355,-0.00879
1790616834.646626,-0.00362,0.02215,-1.00245,0.0042,0.00012,-0.01756
1790616834.74284,-0.00051,0.02778,-1.00258,0.00584,0.00232,-0.02794
1790616834.861714,-0.00136,0.03081,-1.003,0.00359,0.00563,-0.02409
1790616834.961501,-0.00735,0.02793,-1.00173,0.0024,0.0081,-0.02051
1790616835.061784,-1e-05,0.02237,-1.00274,0.00365,0.0023,-0.02118
1790616835.181559,-0.00294,0.0287,-1.00027,0.00133,-0.00231,-0.03235
1790616835.2817369,-0.00257,0.0269,-1.00087,0.0045,0.00354,-0.01792
1790616835.382116,-0.00727,0.02494,-1.00312,0.00731,0.00573,-0.00999
1790616835.483541,-0.00528,0.01883,-1.00321,0.00535,0.00254,0.00392
1790616835.5819452,-0.00826,0.01274,-1.00274,0.00527,0.00376,0.00809
1790616835.702126,-0.00934,0.00956,-1.00176,0.00307,-0.00137,0.02266
1790616835.803736,-0.01088,0.00468,-1.00123,0.00524,0.00169,0.02205
1790616835.922495,-0.01267,0.00183,-0.99901,0.0043,0.00419,0.0262
1790616836.022594,-0.00144,0.01818,-1.003,0.00369,0.00671,0.0023
1790616836.122661,-0.00409,0.01324,-1.00324,0.00461,0.00202,0.01585
1790616836.222697,-0.00874,0.00864,-1.00051,0.00233,0.00151,0.02065
1790616836.342443,-0.0126,0.00324,-1.0021,0.00403,0.00193,0.027
1790616836.442407,-0.01378,-0.00238,-1.00104,0.00358,0.0041,0.03509
1790616836.544373,-0.01516,-0.00391,-1.00037,0.00182,0.00464,0.0314
1790616836.6427891,-0.01646,-0.00528,-1.00024,0.00532,0.00756,0.02991
1790616836.7662861,-0.01556,-0.00243,-1.0006,0.00572,0.00791,0.01988
1790616836.883084,-0.0139,0.00345,-1.0033,0.00274,0.00408,0.00814
1790616836.982796,-0.01309,0.00258,-1.00086,0.00519,0.0027,0.00708
1790616837.083498,-0.01226,0.00724,-1.00114,0.00422,0.00336,-0.0015
1790616837.204777,-0.00938,0.01393,-1.00192,0.00485,0.00203,-0.01559
1790616837.303076,-0.00401,0.02177,-1.00264,0.00314,0.00124,-0.02818
1790616837.405938,-0.00188,0.0278,-1.00325,0.00433,0.00155,-0.03024
1790616837.522698,0.00093,0.03205,-1.00224,0.00547,0.00061,-0.04103
1790616837.622675,0.00087,0.03457,-1.00348,0.0046,0.0014,-0.04352
1790616837.722582,0.00068,0.03316,-1.00187,0.00375,0.00561,-0.03486
1790616837.8228889,-0.0021,0.03459,-1.00294,0.00169,0.00521,-0.03306
1790616837.9425468,-0.00215,0.03078,-1.00411,0.00355,0.0059,-0.0212
1790616838.0425951,-0.00231,0.02869,-1.00374,0.00138,0.00262,-0.01094
1790616838.165909,-0.00179,0.03186,-1.00297,0.00315,0.00176,-0.02025
1790616838.266741,-0.00075,0.03344,-1.0037,-0.0011,0.00344,-0.02195
1790616838.38255,0.00164,0.03145,-1.00232,0.00142,0.00017,-0.02111
1790616838.4825668,-0.00139,0.03353,-1.00378,0.00276,0.00504,-0.02303
1790616838.5825589,0.001,0.03038,-1.00415,0.00263,0.00071,-0.01715
1790616838.683433,-0.00165,0.02826,-1.00336,-0.00095,0.00348,-0.00481
1790616838.804523,-0.00398,0.02039,-1.00195,0.00243,0.00476,0.00522
1790616838.902451,-0.00911,0.0153,-1.00212,0.00206,0.00369,0.01838
1790616839.022509,-0.01071,0.01152,-1.00077,0.00367,0.00659,0.02198
1790616839.142347,-0.0096,0.0063,-1.00115,0.005,0.00829,0.02845
1790616839.242485,-0.0124,-0.0028,-1.0013,0.00795,0.00016,0.0367
1790616839.342624,-0.01466,-0.00466,-1.00071,0.00419,0.00485,0.02813
1790616839.442664,-0.01415,-0.00291,-1.00078,0.0073,0.00071,0.01602
1790616839.562813,-0.01049,0.00374,-1.0024,0.00418,0.00209,0.00039
1790616839.66336,-0.0094,0.0087,-1.00079,0.00214,0.00366,-0.00839
1790616839.764576,-0.00763,0.01616,-1.00206,0.00143,0.00487,-0.01894
1790616839.8826509,-0.0061,0.01692,-1.00146,0.00446,0.00247,-0.02487
1790616839.982715,-0.0023,0.02996,-1.00269,0.00409,0.00187,-0.03523
1790616840.102386,-0.00176,0.03683,-1.00311,-0.00214,-0.0003,-0.03974
1790616840.202476,-0.00165,0.03552,-1.00298,0.00113,0.0005,-0.02836
1790616840.3226528,-0.0013,0.02825,-1.00566,0.00284,0.00726,-0.00662
1790616840.4226859,-0.00325,0.02244,-1.00132,0.00494,0.00216,-0.00581
1790616840.54242,-0.008,0.01418,-1.00087,0.00356,0.00481,0.00931
1790616840.6625412,-0.0072,0.01087,-1.00049,0.0038,0.00604,0.01863
1790616840.763479,-0.01126,0.00671,-1.00217,0.00352,0.00555,0.02564
1790616840.8631968,-0.01257,0.00499,-1.00355,0.00407,0.00837,0.02585
1790616840.983079,-0.01408,0.0019,-1.00131,0.00789,0.00463,0.02884
1790616841.083114,-0.01269,0.00273,-0.99947,0.00682,0.00249,0.02863
1790616841.2024,-0.01367,0.0031,-1.00129,0.00991,0.00246,0.02472
1790616841.302849,-0.01074,0.00389,-1.00128,0.00577,0.0017,0.02205
1790616841.424279,-0.01032,0.00672,-1.00309,0.00714,0.002,0.02498
1790616841.5225668,-0.01194,0.00728,-1.00115,0.00824,0.00404,0.02066
1790616841.622401,-0.0123,0.003,-0.99958,0.00877,0.00358,0.02595
1790616841.725025,-0.01278,-0.00122,-1.00058,0.00684,0.00575,0.02823
1790616841.842548,-0.01353,-0.00297,-0.99979,0.00691,0.0034,0.02762
1790616841.942843,-0.01487,-0.00586,-1.00057,0.00617,0.00687,0.02606
1790616842.042739,-0.01148,0.00085,-1.00131,0.00875,0.00046,0.01371
1790616842.16232,-0.01185,0.00047,-0.99982,0.00335,0.00128,0.0064
1790616842.28253,-0.00928,0.00779,-1.00096,0.00471,0.00285,-0.00446
1790616842.382669,-0.00809,0.00946,-1.00315,0.00639,0.00398,-0.01298
1790616842.4837801,-0.00775,0.01117,-1.00118,0.00424,0.00359,-0.01444
1790616842.602442,-0.00844,0.01135,-1.00029,0.00699,0.00151,-0.01148
1790616842.703265,-0.00805,0.01181,-1.00012,0.00505,0.00258,-0.01572
1790616842.824466,-0.00429,0.02601,-1.00392,0.00103,-0.00013,-0.03219
1790616842.9224288,0.00107,0.03005,-1.00465,-0.00118,0.0051,-0.03649
1790616843.0428312,6e-05,0.03235,-1.00283,-0.00203,0.00513,-0.04021
1790616843.1426501,-0.00179,0.03399,-1.00323,-0.00031,0.00211,-0.04088
1790616843.26546,-0.00034,0.03216,-1.00272,0.00103,0.00202,-0.03012
1790616843.3651252,-0.00282,0.02925,-1.00385,0.00417,0.00207,-0.01288
1790616843.464867,-0.00521,0.02087,-1.0016,0.00331,0.00259,0.0055
1790616843.564646,-0.00874,0.01297,-1.00166,0.00245,0.00368,0.01917
1790616843.704902,-0.00977,0.00931,-1.00244,0.005,0.00376,0.0283
1790616843.824518,-0.01564,-0.00366,-1.00304,0.00447,0.00276,0.04243
1790616843.924782,-0.01639,-0.01022,-1.00038,0.00337,0.00504,0.03586
1790616844.0264409,-0.0169,-0.00954,-1.00025,0.0041,0.00806,0.02411
1790616844.12539,-0.01009,0.0053,-1.00176,0.00259,0.00617,0.00207
1790616844.2272809,-0.00541,0.01694,-1.00324,0.00433,0.00348,-0.02371
1790616844.32806,-0.00206,0.02514,-1.00213,0.00216,0.00287,-0.03401
1790616844.446534,0.00117,0.03539,-1.00502,0.00213,0.00078,-0.04294
1790616844.546531,0.00252,0.03769,-1.00539,0.00179,0.0018,-0.04015
1790616844.646734,-0.00158,0.03294,-1.00701,0.00527,-0.0021,-0.02291
1790616844.7670348,-0.00361,0.02633,-1.00422,0.00674,0.00502,0.00151
1790616844.866487,-0.01179,0.00924,-1.00253,0.00403,0.00076,0.02898
1790616844.966581,-0.01735,-0.00532,-1.0005,0.00623,0.0038,0.043
1790616845.06812,-0.01691,-0.00665,-1.00313,0.00601,0.00497,0.04034
1790616845.166794,-0.01707,-0.01268,-1.00054,0.00376,0.00568,0.04108
1790616845.2881658,-0.01942,-0.01204,-0.99938,0.00639,0.00772,0.03525
1790616845.388921,-0.01679,-0.00297,-1.0008,0.00257,0.00578,0.01684
1790616845.487466,-0.01075,0.00442,-1.00219,0.00154,0.00605,-0.00414
1790616845.587095,-0.00591,0.01908,-1.00191,0.00073,0.00923,-0.02493
1790616845.687346,-0.00154,0.03488,-1.0046,0.00223,0.00043,-0.04058
1790616845.7884622,0.00076,0.03798,-1.00369,0.00163,-0.00434,-0.04734
1790616845.906469,0.00461,0.0413,-1.00455,2e-05,-0.00418,-0.04446
1790616846.006583,0.0006,0.03958,-1.00532,0.00289,0.00038,-0.02922
1790616846.126722,-0.00785,0.01635,-1.00223,0.00463,0.0023,0.01597
1790616846.2263098,-0.01174,0.00738,-1.00184,0.00648,0.00351,0.02548
1790616846.326308,-0.01378,-0.00507,-1.00092,0.00753,0.00669,0.03717
1790616846.426553,-0.01594,-0.00543,-1.00255,0.00481,0.00773,0.0396
1790616846.546335,-0.01393,-0.00471,-1.00061,0.00498,0.00712,0.0396
1790616846.6464279,-0.01602,-0.01055,-1.00171,0.00601,0.00573,0.04355
1790616846.746552,-0.01965,-0.01528,-0.99675,0.00504,0.00401,0.04048
1790616846.8666298,-0.0195,-0.01369,-1.00043,0.00367,0.00217,0.03889
1790616846.9865081,-0.01926,-0.01648,-1.00193,0.00586,0.00651,0.04039
1790616847.087252,-0.01792,-0.01204,-1.00043,0.00241,0.00525,0.03377
1790616847.206676,-0.01744,-0.01544,-0.9993,0.00348,0.00806,0.03466
1790616847.3067698,-0.01424,-0.00223,-1.00199,0.00242,0.00579,0.01353
1790616847.407327,-0.01094,0.00658,-1.00176,0.0028,0.00795,-0.00393
1790616847.506827,-0.00904,0.00704,-1.00041,0.00436,0.00552,-0.01077
1790616847.626328,-0.00541,0.01837,-1.00163,0.00171,0.00665,-0.02196
1790616847.7465768,-0.00593,0.02242,-1.00292,0.00103,0.00806,-0.02633
1790616847.846424,-0.00501,0.0201,-1.00164,0.00496,0.00565,-0.03058
1790616847.948184,-0.00465,0.0182,-1.00175,0.00527,0.00819,-0.02476
1790616848.048327,-0.00688,0.02025,-1.0007,0.00165,0.00433,-0.02598
1790616848.16643,-0.00399,0.02214,-1.00302,0.00223,0.00525,-0.03183
1790616848.267819,6e-05,0.03212,-1.00346,0.00305,0.00282,-0.03972
1790616848.3881521,0.00049,0.03587,-1.003,0.00147,-0.00061,-0.04224
1790616848.487391,0.0041,0.04407,-1.0033,0.00127,0.00024,-0.05433
1790616848.587266,0.00349,0.04273,-1.00532,0.0008,-0.00376,-0.05543
1790616848.686804,0.00582,0.04565,-1.00497,0.00065,-0.00064,-0.04993
1790616848.7863948,0.0032,0.04481,-1.00366,0.00271,0.0033,-0.05042
1790616848.886622,0.00431,0.04562,-1.00366,0.0009,-0.00211,-0.052
1790616848.988136,0.00283,0.04089,-1.00492,0.00444,0.00108,-0.03607
1790616849.106483,-0.00087,0.04001,-1.0045,0.00479,-0.001,-0.02584
1790616849.2065952,0.00468,0.04524,-1.00345,0.00381,-0.00031,-0.03909
1790616849.306375,0.00432,0.04253,-1.00266,0.00346,0.00234,-0.04467
1790616849.426393,0.0043,0.04255,-1.00436,0.00054,0.00021,-0.03613
1790616849.526541,0.00158,0.04112,-1.00527,0.00237,3e-05,-0.037
1790616849.6267421,0.00219,0.04044,-1.00343,0.00231,-0.00111,-0.03491
1790616849.748359,0.00216,0.03904,-1.00335,0.00579,0.0014,-0.03059
1790616849.849071,0.00351,0.04138,-1.00512,0.00441,0.00158,-0.0337
1790616849.966366,0.00291,0.04367,-1.00322,0.00237,-0.00041,-0.03859
1790616850.0665221,0.00425,0.04222,-1.00485,0.00502,0.00259,-0.04754
1790616850.1868129,0.00196,0.04142,-1.00276,0.00273,0.00542,-0.0466
1790616850.287329,0.0026,0.04106,-1.00211,0.00277,0.00394,-0.04527
1790616850.406639,0.00306,0.03886,-1.00301,0.00643,-0.00071,-0.03964
1790616850.5065448,0.00039,0.0379,-1.00468,0.00495,-0.0001,-0.04456
1790616850.6064808,0.00191,0.03751,-1.00076,0.00657,-0.00033,-0.04396
1790616850.726322,0.00123,0.03397,-1.0034,0.00335,0.00139,-0.04237
1790616850.846533,0.00102,0.03372,-1.00412,0.00574,0.00285,-0.04323
1790616850.948492,-0.00139,0.03288,-1.00304,0.0047,-0.00129,-0.03737
1790616851.0484219,0.00066,0.02982,-1.00238,0.0046,-0.00123,-0.03363
1790616851.147821,-0.00253,0.03395,-1.00475,0.00506,-0.00027,-0.03638
1790616851.248019,-1e-05,0.03594,-1.00267,0.00265,-0.0022,-0.04118
1790616851.367361,-0.00172,0.03541,-1.00181,0.0047,0.00226,-0.041
1790616851.4675121,-0.00101,0.02786,-1.001,0.00271,-0.00029,-0.0364
1790616851.587475,-0.00454,0.02611,-1.00374,0.00212,0.0004,-0.0312
1790616851.710759,-0.00433,0.02492,-1.00291,0.00764,0.00155,-0.02803
1790616851.8290591,-0.00913,0.00975,-1.00073,0.00263,0.00711,-0.0073
1790616851.9291809,-0.0157,-0.00487,-1.00132,0.00239,0.0093,0.01691
1790616852.0484061,-0.01441,-0.00336,-1.00283,0.00458,0.00472,0.02304
1790616852.150476,-0.01293,0.00084,-1.00354,0.0025,0.00593,0.0178
1790616852.268308,-0.01036,0.01113,-1.00271,0.00417,0.00325,0.00471
1790616852.388463,-0.00572,0.02014,-1.00062,0.0019,0.00613,-0.00628
1790616852.509223,0.00099,0.02603,-1.00277,0.00469,5e-05,-0.01764
1790616852.628523,-0.00064,0.02908,-1.00248,0.00326,0.00184,-0.03193
1790616852.728338,-0.00353,0.02426,-1.00231,0.00365,0.00471,-0.02544
1790616852.828439,-0.00548,0.02392,-1.00296,0.00528,0.00025,-0.02611
1790616852.928698,-0.00455,0.02623,-1.00324,0.00405,-0.00273,-0.02816
1790616853.028647,-0.00734,0.01994,-1.00271,0.00606,0.00304,-0.02136
1790616853.148988,-0.00866,0.01463,-1.00146,0.00404,0.001,-0.01214
1790616853.2484632,-0.00953,0.01646,-1.00147,0.0039,0.00365,-0.00998
1790616853.348589,-0.00795,0.012,-1.00129,0.00061,0.00481,-0.00856
1790616853.468499,-0.01066,0.00812,-1.00324,0.00264,0.00612,-0.00523
1790616853.568235,-0.01128,0.01091,-1.00137,0.00321,0.00278,-0.00526
1790616853.6683588,-0.00939,0.01331,-1.00262,0.00056,0.00611,-0.00913
1790616853.7883399,-0.01071,0.00673,-1.00088,0.00196,0.0037,-0.0013
1790616853.8882198,-0.01045,0.0076,-1.00104,0.00373,0.00588,0.00027
1790616853.9883032,-0.01542,0.0005,-1.00328,0.00166,0.00354,0.01078
1790616854.088257,-0.01409,-0.00281,-1.00108,0.00308,0.00429,0.02208
1790616854.188399,-0.0147,-0.00368,-1.00286,0.00543,0.00408,0.02548
1790616854.288911,-0.01748,-0.01034,-1.0,0.00706,0.00756,0.03736
1790616854.38842,-0.01754,-0.0079,-1.00048,0.00368,0.00158,0.03954
1790616854.488384,-0.01516,-0.00552,-1.00063,-5e-05,0.00874,0.0355
1790616854.58845,-0.01326,-0.00462,-1.00154,0.00394,0.00523,0.03315
1790616854.688341,-0.01454,-0.00615,-1.00039,0.00282,0.00623,0.03542
1790616854.82319,-0.01445,-0.00397,-1.00044,0.00118,0.00666,0.04173
1790616854.908548,-0.01377,-0.00212,-1.00069,0.00495,0.01005,0.03568
1790616855.028453,-0.01082,0.00415,-1.00117,0.00294,0.00516,0.02644
1790616855.1285279,-0.00989,0.00551,-1.00373,0.00244,0.00716,0.01898
1790616855.228432,-0.00901,0.00946,-1.00414,-0.00027,0.00239,0.0189
1790616855.3483489,-0.0075,0.00957,-1.00193,0.00077,0.00573,0.0174
1790616855.4485362,-0.0086,0.00936,-1.00107,0.00041,0.00194,0.01997
1790616855.569576,-0.01174,0.00395,-1.0024,0.00303,0.00333,0.03131
1790616855.669597,-0.01258,-0.00092,-1.00115,0.00303,0.00606,0.03068
1790616855.770647,-0.01302,0.00254,-1.00095,0.00355,0.00471,0.02626
1790616855.869641,-0.01019,0.00444,-1.00101,0.00181,0.00638,0.02705
1790616855.973085,-0.01446,0.00015,-0.99997,0.00298,0.00568,0.03251
1790616856.0882509,-0.01208,0.00151,-0.99965,0.00214,0.00913,0.02822
1790616856.2105799,-0.01268,0.00162,-1.0018,0.00461,0.00343,0.03333
1790616856.3089721,-0.01463,-0.00401,-1.00191,0.00185,0.00893,0.03474
1790616856.4097888,-0.01497,-0.00493,-1.00103,0.00263,0.0058,0.03527
1790616856.528198,-0.01527,-0.00613,-1.00123,0.00347,0.00376,0.03633
1790616856.6284459,-0.01494,-0.00674,-1.00212,0.00374,0.00852,0.03131
1790616856.728535,-0.01726,-0.01021,-1.0024,0.00385,0.00547,0.03252
1790616856.8481941,-0.01654,-0.0051,-1.00305,0.0062,0.00573,0.02418
1790616856.949097,-0.0139,-0.00692,-1.00079,0.00693,0.0057,0.02124
1790616857.071908,-0.01657,-0.00524,-1.002,0.00781,0.00142,0.0166
1790616857.169709,-0.01228,-0.00219,-0.99972,0.00282,0.00182,0.01044
1790616857.269301,-0.01455,0.00313,-1.00114,0.00521,0.00382,0.00085
1790616857.388234,-0.01307,0.00437,-1.00087,0.00282,0.0028,0.0027
1790616857.488427,-0.01499,-0.00249,-1.00252,0.00612,0.00137,0.0014
1790616857.5883598,-0.0102,0.00402,-1.00174,0.00478,0.00619,-0.00509
1790616857.688982,-0.00845,0.01284,-1.00183,0.00336,0.00253,-0.01903
1790616857.808203,-0.0072,0.02164,-1.00388,0.0066,0.00124,-0.02442
1790616857.90826,-0.00153,0.02911,-1.00235,0.00496,0.00146,-0.03819
1790616858.008426,-0.002,0.02984,-1.00283,0.0012,0.00224,-0.03836
1790616858.128243,-0.00409,0.02984,-1.00262,0.00252,-0.00079,-0.04263
1790616858.228982,-0.00129,0.03281,-1.00379,0.00105,0.00097,-0.04365
1790616858.348371,0.00069,0.03204,-1.00347,0.0023,0.00361,-0.04141
1790616858.4483619,-0.00158,0.03543,-1.0042,0.00377,0.00295,-0.04355
1790616858.549043,0.00014,0.03628,-1.00567,0.00052,0.00517,-0.04254
1790616858.648672,-0.00255,0.03524,-1.00425,0.00197,0.00149,-0.04205
1790616858.769836,0.00243,0.03732,-1.00395,0.00343,-0.00049,-0.03871
1790616858.86858,0.0008,0.03976,-1.00426,0.00267,0.00314,-0.03521
1790616858.9684339,0.00089,0.03932,-1.0034,0.00132,0.0038,-0.03981
1790616859.088187,0.00111,0.04017,-1.00537,0.00299,0.00374,-0.03911
1790616859.188385,0.00154,0.03958,-1.00448,0.00144,0.0014,-0.03753
1790616859.309043,-0.00084,0.03417,-1.00271,0.00816,0.00416,-0.02124
1790616859.428257,-0.0038,0.02051,-1.00333,0.00324,0.00139,0.00138
1790616859.531295,-0.00655,0.02638,-1.00336,0.00123,0.00229,-0.00097
1790616859.648248,-0.00496,0.02532,-1.00239,0.00332,0.00396,0.00188
1790616859.7483468,-0.00232,0.02553,-1.00368,0.00238,0.00184,-0.00095
1790616859.888299,-0.00261,0.02964,-1.00196,0.00359,0.0026,-0.00809
1790616859.98837,-0.00166,0.02959,-1.00283,0.00416,0.00438,-0.01224
1790616860.088423,-0.00017,0.03132,-1.00369,0.00522,0.00381,-0.01018
1790616860.2084239,-0.00134,0.03288,-1.00405,0.00296,0.00255,-0.02246
1790616860.308886,0.00169,0.03953,-1.00487,0.00128,0.00741,-0.0295
1790616860.435492,0.00113,0.03954,-1.00231,0.00063,-0.00021,-0.04144
1790616860.529558,0.00191,0.03859,-1.00264,0.00315,0.0037,-0.03771
1790616860.631148,-0.00202,0.0395,-1.00366,0.00327,0.0004,-0.03962
1790616860.748199,0.00188,0.04113,-1.00418,0.00376,5e-05,-0.03997
1790616860.848518,0.00218,0.04034,-1.00276,0.00156,0.0023,-0.04505
1790616860.968866,0.00174,0.04143,-1.00368,0.00463,2e-05,-0.04938
1790616861.0685408,0.00204,0.04045,-1.00234,0.00163,0.00183,-0.05322
1790616861.188412,0.00147,0.03877,-1.00478,0.00503,-0.00063,-0.05159
1790616861.288328,0.00075,0.03718,-1.00461,0.00156,0.0009,-0.05152
1790616861.38837,0.00229,0.03836,-1.00252,0.00184,0.00243,-0.04901
1790616861.508117,-0.00214,0.0379,-1.00434,0.00164,-0.00055,-0.04493
1790616861.608547,0.0008,0.03879,-1.00497,0.00636,-2e-05,-0.04451
1790616861.7085881,0.00177,0.03569,-1.00189,0.00529,0.00067,-0.04684
1790616861.829875,0.00162,0.04137,-1.00311,0.00373,-0.00039,-0.04547
1790616861.929185,0.00225,0.03695,-1.00342,0.0052,0.0018,-0.04123
1790616862.0483289,0.00205,0.03915,-1.00426,0.00305,0.00282,-0.04465
1790616862.148156,0.00118,0.03948,-1.00509,0.00241,-5e-05,-0.04371
1790616862.2487092,-0.0002,0.04033,-1.00366,0.00545,0.00019,-0.04186
1790616862.368213,0.005,0.03962,-1.00296,0.00251,-0.00069,-0.04647
1790616862.468321,0.00045,0.04071,-1.00372,0.00031,0.00228,-0.04677
1790616862.5674298,0.0024,0.04178,-1.00328,0.0031,-0.00043,-0.04371
1790616862.688205,-0.00076,0.0353,-1.00269,0.00288,0.00507,-0.03761
1790616862.789332,-0.00021,0.03747,-1.00434,0.00581,0.00193,-0.04498
1790616862.8898492,0.00147,0.03695,-1.0039,0.00392,-0.00168,-0.04348
1790616863.008267,-0.00463,0.03224,-1.00299,0.00444,-0.00016,-0.03158
1790616863.1084118,-0.02226,-0.00363,-1.00161,0.00266,0.0019,0.01482
1790616863.229111,-0.01257,-0.00023,-1.00093,-0.00073,0.00513,0.01038
1790616863.3296902,-0.01151,0.00318,-1.0006,0.00396,0.00612,0.00618
1790616863.4293702,-0.01281,0.01141,-1.00179,0.00092,0.00656,-0.00349
1790616863.529908,-0.01015,0.0109,-1.00146,0.00155,0.00526,-0.00849
1790616863.632352,-0.0077,0.01431,-1.00025,0.00234,0.00789,-0.01363
1790616863.749156,-0.00879,0.01487,-1.00103,0.00146,0.00725,-0.01881
1790616863.8494248,-0.00626,0.01842,-1.00378,0.00071,0.00437,-0.01653
1790616863.949664,-0.00559,0.02055,-1.00203,0.00139,0.00702,-0.01985
1790616864.069254,-0.00477,0.02358,-1.00338,0.00274,0.00362,-0.02271
1790616864.1691892,-0.00643,0.02027,-1.00184,0.00127,0.00562,-0.02062
1790616864.2721229,-0.00619,0.02052,-1.0016,0.00213,0.00736,-0.0196
1790616864.390409,-0.00573,0.02476,-1.00403,0.00473,0.00663,-0.02926
1790616864.491659,-0.00419,0.01993,-1.003,0.00383,0.00444,-0.02556
1790616864.592837,-0.00309,0.03065,-1.00053,0.0033,0.00545,-0.0364
1790616864.709033,-0.00051,0.03471,-1.00204,0.00405,0.00069,-0.03753
1790616864.831871,0.00106,0.03803,-1.00299,0.00192,0.00027,-0.04188
1790616864.929065,0.00296,0.03911,-1.00245,0.00598,0.00177,-0.04079
1790616865.030529,0.00019,0.03903,-1.00236,0.00126,-0.00163,-0.04064
1790616865.130025,0.00117,0.03611,-1.00152,0.00512,0.004,-0.03255
1790616865.2496052,-0.01711,0.03448,-1.00136,0.00373,0.0065,-0.00923
1790616865.3496902,-0.00103,0.02801,-1.00367,0.0044,0.00396,-0.02303
