unix_timestamp,yaw,pitch,roll
1790742774.51053,0.09,-0.8,-0.57
1790742774.5636458,0.09,-0.8,-0.57
1790742774.606292,0.09,-0.8,-0.56
1790742774.6639721,0.09,-0.8,-0.56
1790742774.707784,0.09,-0.8,-0.56
1790742774.7631512,0.09,-0.8,-0.57
1790742774.805812,0.1,-0.8,-0.56
1790742774.8661919,0.1,-0.8,-0.56
1790742774.907027,0.1,-0.8,-0.56
1790742774.965632,0.1,-0.8,-0.56
1790742775.025352,0.1,-0.8,-0.56
1790742775.0665889,0.1,-0.8,-0.56
1790742775.126226,0.09,-0.8,-0.56
1790742775.1868548,0.09,-0.8,-0.56
1790742775.2448661,0.09,-0.8,-0.57
1790742775.306693,0.09,-0.8,-0.57
1790742775.343638,0.1,-0.8,-0.56
1790742775.407351,0.1,-0.8,-0.56
1790742775.4464068,0.09,-0.79,-0.57
1790742775.506155,0.09,-0.8,-0.56
1790742775.5665972,0.09,-0.8,-0.57
1790742775.624167,0.09,-0.8,-0.57
1790742775.665461,0.09,-0.8,-0.56
1790742775.726177,0.09,-0.8,-0.57
1790742775.773718,0.1,-0.8,-0.56
1790742775.8419268,0.09,-0.8,-0.56
1790742775.881658,0.09,-0.8,-0.56
1790742775.93799,0.09,-0.8,-0.56
1790742776.004595,0.09,-0.8,-0.56
1790742776.0451798,0.08,-0.8,-0.55
1790742776.105705,0.09,-0.8,-0.55
1790742776.165214,0.09,-0.8,-0.55
1790742776.205496,0.09,-0.8,-0.55
1790742776.26514,0.08,-0.8,-0.55
1790742776.324893,0.08,-0.8,-0.55
1790742776.366037,0.08,-0.8,-0.55
1790742776.426055,0.08,-0.8,-0.55
1790742776.47915,0.08,-0.81,-0.55
1790742776.5448298,0.08,-0.81,-0.55
1790742776.605536,0.08,-0.81,-0.55
1790742776.639945,0.08,-0.81,-0.55
1790742776.705002,0.08,-0.81,-0.54
1790742776.74043,0.08,-0.81,-0.55
1790742776.8042839,0.08,-0.81,-0.55
1790742776.859458,0.08,-0.81,-0.55
1790742776.925579,0.07,-0.79,-0.55
1790742776.964858,0.08,-0.79,-0.55
1790742777.0262022,0.08,-0.78,-0.55
1790742777.087748,0.08,-0.77,-0.54
1790742777.127629,0.08,-0.76,-0.55
1790742777.190309,0.07,-0.75,-0.55
1790742777.286358,0.07,-0.71,-0.55
1790742777.325949,0.07,-0.72,-0.55
1790742777.385817,0.07,-0.71,-0.55
1790742777.44533,0.08,-0.7,-0.56
1790742777.5043788,0.06,-0.69,-0.55
1790742777.53774,0.06,-0.68,-0.55
1790742777.606163,0.06,-0.68,-0.56
1790742777.641103,0.07,-0.67,-0.56
1790742777.70596,0.06,-0.66,-0.56
1790742777.764323,0.06,-0.64,-0.56
1790742777.8260741,0.06,-0.63,-0.56
1790742777.865219,0.06,-0.62,-0.56
1790742777.9268322,0.06,-0.61,-0.56
1790742777.9845068,0.06,-0.6,-0.56
1790742778.027112,0.06,-0.59,-0.57
1790742778.086622,0.06,-0.6,-0.56
1790742778.1410282,0.06,-0.6,-0.56
1790742778.2048252,0.06,-0.6,-0.56
1790742778.25009,0.06,-0.6,-0.56
1790742778.30555,0.06,-0.6,-0.56
1790742778.363959,0.06,-0.6,-0.57
1790742778.403861,0.06,-0.6,-0.57
1790742778.4651499,0.06,-0.6,-0.56
1790742778.524462,0.06,-0.6,-0.56
1790742778.586367,0.06,-0.6,-0.56
1790742778.6286159,0.06,-0.6,-0.56
1790742778.6850638,0.06,-0.6,-0.57
1790742778.754061,0.06,-0.6,-0.57
1790742778.8031502,0.06,-0.6,-0.56
1790742778.861313,0.06,-0.6,-0.56
1790742778.926153,0.06,-0.6,-0.56
1790742778.984834,0.06,-0.6,-0.56
1790742779.04658,0.06,-0.6,-0.57
1790742779.0847769,0.06,-0.6,-0.56
1790742779.146006,0.06,-0.6,-0.57
1790742779.2049851,0.06,-0.6,-0.56
1790742779.269808,0.06,-0.6,-0.56
1790742779.32543,0.06,-0.6,-0.56
1790742779.386181,0.06,-0.6,-0.57
1790742779.4474602,0.06,-0.6,-0.56
1790742779.4995909,0.06,-0.6,-0.57
1790742779.555865,0.06,-0.6,-0.56
1790742779.625004,0.06,-0.6,-0.56
1790742779.6843278,0.06,-0.6,-0.56
1790742779.7495701,0.06,-0.6,-0.56
1790742779.807112,0.06,-0.6,-0.56
1790742779.863583,0.06,-0.6,-0.56
1790742779.905119,0.06,-0.6,-0.56
1790742779.957736,0.06,-0.6,-0.56
1790742780.0267258,0.06,-0.6,-0.57
1790742780.063497,0.06,-0.6,-0.57
1790742780.124875,0.06,-0.6,-0.56
1790742780.166053,0.06,-0.6,-0.56
1790742780.225319,0.06,-0.6,-0.56
1790742780.2899709,0.06,-0.6,-0.56
1790742780.317753,0.06,-0.6,-0.56
1790742780.389,0.06,-0.6,-0.57
1790742780.426363,0.06,-0.6,-0.57
1790742780.483882,0.06,-0.6,-0.56
1790742780.546241,0.06,-0.6,-0.56
1790742780.588466,0.06,-0.6,-0.56
1790742780.6449559,0.06,-0.6,-0.56
1790742780.6868749,0.06,-0.6,-0.56
1790742780.7508,0.06,-0.6,-0.57
1790742780.805745,0.06,-0.6,-0.56
1790742780.858591,0.06,-0.6,-0.56
1790742780.926013,0.06,-0.6,-0.56
1790742780.9890501,0.06,-0.6,-0.56
1790742781.025771,0.06,-0.6,-0.56
1790742781.0905752,0.06,-0.6,-0.57
1790742781.14674,0.06,-0.6,-0.57
1790742781.188638,0.06,-0.6,-0.57
1790742781.251634,0.06,-0.6,-0.57
1790742781.303895,0.06,-0.6,-0.56
1790742781.3614569,0.06,-0.6,-0.56
1790742781.406137,0.06,-0.6,-0.56
1790742781.46349,0.06,-0.6,-0.57
1790742781.50493,0.06,-0.6,-0.57
1790742781.5636868,0.06,-0.6,-0.56
1790742781.626091,0.06,-0.6,-0.56
1790742781.665365,0.06,-0.6,-0.56
1790742781.752474,0.06,-0.6,-0.56
1790742781.805652,0.06,-0.6,-0.56
1790742781.846894,0.06,-0.6,-0.56
1790742781.905063,0.06,-0.6,-0.57
1790742781.964782,0.06,-0.6,-0.57
1790742782.0042171,0.06,-0.6,-0.56
1790742782.066914,0.06,-0.6,-0.56
1790742782.124955,0.06,-0.6,-0.56
1790742782.167663,0.06,-0.6,-0.56
1790742782.2254238,0.06,-0.6,-0.56
1790742782.2674391,0.06,-0.6,-0.57
1790742782.3208141,0.06,-0.6,-0.56
1790742782.387578,0.06,-0.6,-0.56
1790742782.444521,0.06,-0.6,-0.57
1790742782.48076,0.06,-0.6,-0.57
1790742782.545013,0.06,-0.6,-0.56
1790742782.6052039,0.06,-0.6,-0.57
1790742782.645372,0.06,-0.6,-0.57
1790742782.709464,0.06,-0.6,-0.56
1790742782.746089,0.06,-0.6,-0.56
1790742782.807298,0.06,-0.6,-0.56
1790742782.8654091,0.06,-0.6,-0.56
1790742782.907728,0.06,-0.6,-0.56
1790742782.966135,0.06,-0.6,-0.57
1790742783.009922,0.06,-0.6,-0.57
1790742783.064309,0.06,-0.6,-0.57
1790742783.125765,0.06,-0.6,-0.57
1790742783.1649878,0.06,-0.6,-0.56
1790742783.225953,0.06,-0.6,-0.56
1790742783.275886,0.06,-0.6,-0.57
1790742783.345314,0.06,-0.6,-0.56
1790742783.383658,0.06,-0.6,-0.57
1790742783.44654,0.06,-0.6,-0.56
1790742783.486271,0.06,-0.6,-0.57
1790742783.5446389,0.06,-0.6,-0.57
1790742783.585531,0.06,-0.6,-0.56
1790742783.644744,0.06,-0.6,-0.56
1790742783.705528,0.06,-0.6,-0.56
1790742783.74754,0.06,-0.6,-0.57
1790742783.805589,0.06,-0.6,-0.56
1790742783.865243,0.06,-0.6,-0.56
1790742783.927489,0.06,-0.6,-0.56
1790742783.984551,0.06,-0.6,-0.57
1790742784.04319,0.06,-0.6,-0.56
1790742784.085423,0.06,-0.6,-0.56
1790742784.145494,0.06,-0.6,-0.56
1790742784.205187,0.06,-0.6,-0.56
1790742784.249259,0.06,-0.6,-0.57
1790742784.3076491,0.06,-0.6,-0.56
1790742784.349206,0.06,-0.6,-0.57
1790742784.408522,0.05,-0.6,-0.57
1790742784.464844,0.06,-0.6,-0.56
1790742784.506621,0.06,-0.6,-0.56
1790742784.564898,0.06,-0.6,-0.56
1790742784.62546,0.06,-0.6,-0.56
1790742784.662418,0.06,-0.6,-0.56
1790742784.726021,0.06,-0.6,-0.56
1790742784.784124,0.06,-0.6,-0.56
1790742784.825954,0.06,-0.6,-0.56
1790742784.886045,0.06,-0.6,-0.56
1790742784.9471948,0.06,-0.6,-0.56
1790742784.985235,0.06,-0.6,-0.56
1790742785.0494988,0.06,-0.6,-0.56
1790742785.089726,0.06,-0.6,-0.56
1790742785.139715,0.06,-0.6,-0.57
1790742785.20659,0.06,-0.6,-0.56
1790742785.240082,0.06,-0.6,-0.56
1790742785.296052,0.06,-0.6,-0.56
1790742785.365841,0.06,-0.6,-0.56
1790742785.400639,0.06,-0.6,-0.56
1790742785.464938,0.06,-0.6,-0.56
1790742785.525053,0.06,-0.6,-0.57
1790742785.5850072,0.06,-0.6,-0.57
1790742785.623262,0.06,-0.6,-0.56
1790742785.685073,0.06,-0.6,-0.56
1790742785.725418,0.06,-0.6,-0.57
1790742785.805006,0.06,-0.6,-0.57
1790742785.8440058,0.06,-0.6,-0.57
1790742785.9073348,0.06,-0.6,-0.56
1790742785.9431539,0.06,-0.6,-0.56
1790742785.9931772,0.06,-0.6,-0.56
1790742786.064857,0.06,-0.6,-0.56
1790742786.09862,0.06,-0.6,-0.57
1790742786.16486,0.06,-0.6,-0.57
1790742786.2531252,0.06,-0.6,-0.57
1790742786.29773,0.06,-0.6,-0.57
1790742786.367967,0.06,-0.6,-0.57
1790742786.4032829,0.06,-0.6,-0.57
1790742786.4530392,0.06,-0.6,-0.56
1790742786.525301,0.06,-0.6,-0.57
1790742786.558005,0.06,-0.6,-0.56
1790742786.625642,0.06,-0.6,-0.56
1790742786.685608,0.06,-0.6,-0.57
1790742786.7251682,0.06,-0.6,-0.56
1790742786.7854788,0.06,-0.6,-0.56
1790742786.825611,0.06,-0.6,-0.56
1790742786.885962,0.06,-0.6,-0.56
1790742786.946933,0.06,-0.6,-0.56
1790742786.98603,0.06,-0.6,-0.56
1790742787.047727,0.06,-0.6,-0.57
1790742787.108653,0.06,-0.6,-0.57
1790742787.1623418,0.06,-0.6,-0.56
1790742787.2078478,0.06,-0.6,-0.56
1790742787.263893,0.06,-0.6,-0.56
1790742787.323255,0.06,-0.6,-0.56
1790742787.3584158,0.06,-0.6,-0.56
1790742787.425537,0.06,-0.6,-0.56
1790742787.462841,0.06,-0.6,-0.56
1790742787.517401,0.06,-0.6,-0.56
1790742787.585307,0.06,-0.6,-0.56
1790742787.620337,0.06,-0.6,-0.56
1790742787.684777,0.06,-0.6,-0.56
1790742787.746816,0.06,-0.6,-0.56
1790742787.8030689,0.06,-0.6,-0.56
1790742787.846228,0.06,-0.6,-0.56
1790742787.906158,0.06,-0.6,-0.56
1790742787.968416,0.06,-0.6,-0.56
1790742788.0046642,0.06,-0.6,-0.57
1790742788.056353,0.06,-0.6,-0.57
1790742788.1249301,0.06,-0.6,-0.57
1790742788.160458,0.06,-0.6,-0.57
1790742788.2183108,0.06,-0.6,-0.57
1790742788.2860212,0.06,-0.6,-0.57
1790742788.346244,0.06,-0.6,-0.56
1790742788.385692,0.06,-0.6,-0.56
1790742788.4664671,0.06,-0.6,-0.56
1790742788.510198,0.06,-0.6,-0.56
1790742788.559807,0.06,-0.6,-0.56
1790742788.621695,0.06,-0.6,-0.56
1790742788.665032,0.06,-0.6,-0.56
1790742788.7254431,0.06,-0.6,-0.56
1790742788.784825,0.06,-0.6,-0.56
1790742788.820375,0.06,-0.6,-0.56
1790742788.884224,0.06,-0.6,-0.57
1790742788.944818,0.06,-0.6,-0.57
1790742788.985912,0.06,-0.6,-0.56
1790742789.044736,0.06,-0.6,-0.57
1790742789.104274,0.06,-0.6,-0.57
1790742789.1463192,0.06,-0.6,-0.57
1790742789.2058141,0.06,-0.6,-0.57
1790742789.269312,0.06,-0.6,-0.56
1790742789.320992,0.06,-0.6,-0.56
1790742789.370162,0.06,-0.6,-0.56
1790742789.421464,0.06,-0.6,-0.56
1790742789.46833,0.06,-0.59,-0.57
1790742789.516901,0.06,-0.59,-0.57
1790742789.585566,0.06,-0.6,-0.57
1790742789.6222432,0.06,-0.6,-0.57
1790742789.674927,0.06,-0.6,-0.56
1790742789.7231271,0.06,-0.6,-0.56
1790742789.7790148,0.06,-0.6,-0.56
1790742789.844654,0.06,-0.6,-0.56
1790742789.883277,0.06,-0.6,-0.56
1790742789.943842,0.06,-0.6,-0.56
1790742790.009141,0.06,-0.6,-0.56
1790742790.044607,0.06,-0.6,-0.56
1790742790.108489,0.06,-0.59,-0.57
1790742790.1444569,0.06,-0.6,-0.56
1790742790.208679,0.06,-0.6,-0.56
1790742790.266195,0.06,-0.6,-0.57
1790742790.324656,0.06,-0.6,-0.56
1790742790.3662348,0.06,-0.6,-0.56
1790742790.425442,0.06,-0.6,-0.56
1790742790.4667,0.06,-0.59,-0.56
1790742790.526401,0.06,-0.6,-0.56
1790742790.580247,0.06,-0.6,-0.56
1790742790.6267269,0.06,-0.6,-0.56
1790742790.684701,0.06,-0.6,-0.56
1790742790.752956,0.06,-0.6,-0.56
1790742790.7849522,0.06,-0.6,-0.56
1790742790.835608,0.06,-0.6,-0.56
1790742790.9073029,0.06,-0.6,-0.56
1790742790.938189,0.06,-0.6,-0.56
1790742791.006525,0.06,-0.6,-0.56
1790742791.0409322,0.06,-0.6,-0.56
1790742791.104874,0.06,-0.6,-0.56
1790742791.1468449,0.06,-0.6,-0.56
1790742791.208864,0.06,-0.6,-0.56
1790742791.263658,0.06,-0.6,-0.56
1790742791.320171,0.06,-0.6,-0.56
1790742791.366751,0.06,-0.6,-0.56
1790742791.425921,0.06,-0.6,-0.57
1790742791.468147,0.06,-0.6,-0.57
1790742791.52423,0.06,-0.6,-0.56
1790742791.566176,0.06,-0.6,-0.56
1790742791.626113,0.06,-0.6,-0.57
1790742791.685554,0.06,-0.6,-0.57
1790742791.727844,0.06,-0.6,-0.56
1790742791.7837949,0.06,-0.6,-0.56
1790742791.8387032,0.06,-0.59,-0.56
1790742791.906662,0.06,-0.6,-0.56
1790742791.940607,0.06,-0.6,-0.56
1790742792.00601,0.06,-0.6,-0.56
1790742792.0416892,0.06,-0.6,-0.57
1790742792.10757,0.06,-0.6,-0.57
1790742792.163758,0.06,-0.6,-0.56
1790742792.1981912,0.06,-0.6,-0.56
1790742792.263407,0.06,-0.59,-0.56
1790742792.308685,0.06,-0.6,-0.56
1790742792.370007,0.06,-0.6,-0.56
1790742792.428502,0.06,-0.6,-0.57
1790742792.465096,0.06,-0.6,-0.57
1790742792.524914,0.06,-0.6,-0.56
1790742792.58436,0.06,-0.6,-0.57
1790742792.627944,0.06,-0.6,-0.57
1790742792.684959,0.06,-0.6,-0.57
1790742792.738904,0.06,-0.6,-0.56
1790742792.807564,0.06,-0.6,-0.56
1790742792.867635,0.06,-0.6,-0.56
1790742792.939831,0.06,-0.6,-0.56
1790742793.005867,0.06,-0.6,-0.56
1790742793.041688,0.06,-0.6,-0.56
1790742793.092811,0.06,-0.6,-0.56
1790742793.144979,0.06,-0.6,-0.56
1790742793.1952052,0.06,-0.6,-0.56
1790742793.2655349,0.06,-0.6,-0.56
1790742793.325142,0.06,-0.6,-0.56
1790742793.3639638,0.06,-0.6,-0.56
1790742793.428153,0.06,-0.6,-0.56
1790742793.485423,0.06,-0.6,-0.56
1790742793.526967,0.06,-0.6,-0.57
1790742793.586004,0.06,-0.6,-0.57
1790742793.645108,0.06,-0.6,-0.56
1790742793.705529,0.06,-0.6,-0.56
1790742793.7538712,0.06,-0.6,-0.57
1790742793.8050518,0.06,-0.6,-0.56
1790742793.864565,0.06,-0.6,-0.56
1790742793.896874,0.06,-0.59,-0.56
1790742793.968311,0.06,-0.6,-0.57
1790742794.006295,0.06,-0.6,-0.57
1790742794.064846,0.06,-0.6,-0.56
1790742794.1026418,0.06,-0.6,-0.56
1790742794.151992,0.06,-0.6,-0.56
1790742794.2254431,0.06,-0.6,-0.56
1790742794.284662,0.06,-0.6,-0.57
1790742794.328635,0.06,-0.6,-0.57
1790742794.385922,0.06,-0.6,-0.56
1790742794.444903,0.06,-0.6,-0.56
1790742794.484899,0.06,-0.6,-0.56
1790742794.546463,0.06,-0.6,-0.56
1790742794.584992,0.06,-0.6,-0.56
1790742794.64561,0.06,-0.6,-0.56
1790742794.6845481,0.06,-0.6,-0.57
1790742794.746552,0.06,-0.6,-0.56
1790742794.806867,0.06,-0.6,-0.56
1790742794.845686,0.06,-0.6,-0.56
1790742794.904984,0.06,-0.6,-0.57
1790742794.9693592,0.06,-0.6,-0.56
1790742795.026182,0.06,-0.6,-0.56
1790742795.085823,0.06,-0.6,-0.56
1790742795.117862,0.06,-0.59,-0.56
1790742795.1848269,0.06,-0.59,-0.57
1790742795.248385,0.06,-0.59,-0.56
1790742795.303743,0.06,-0.59,-0.57
1790742795.366765,0.06,-0.6,-0.56
1790742795.405643,0.06,-0.6,-0.56
1790742795.458091,0.06,-0.6,-0.56
1790742795.5264971,0.06,-0.6,-0.56
1790742795.560451,0.06,-0.6,-0.56
1790742795.618151,0.06,-0.6,-0.56
1790742795.684062,0.06,-0.6,-0.56
1790742795.725847,0.06,-0.6,-0.57
1790742795.808836,0.06,-0.6,-0.56
1790742795.846455,0.06,-0.6,-0.56
1790742795.905038,0.06,-0.6,-0.56
1790742795.944405,0.06,-0.6,-0.56
1790742796.004728,0.06,-0.6,-0.56
1790742796.0460649,0.06,-0.6,-0.56
1790742796.1048162,0.06,-0.6,-0.56
1790742796.144842,0.06,-0.6,-0.56
1790742796.204015,0.06,-0.59,-0.57
1790742796.2643468,0.06,-0.59,-0.56
1790742796.306497,0.06,-0.59,-0.57
1790742796.363381,0.06,-0.6,-0.56
1790742796.4057028,0.06,-0.6,-0.56
1790742796.466452,0.06,-0.6,-0.56
1790742796.505758,0.06,-0.6,-0.56
1790742796.565965,0.06,-0.6,-0.56
1790742796.6141272,0.06,-0.6,-0.56
1790742796.666024,0.06,-0.59,-0.56
1790742796.716226,0.06,-0.59,-0.56
1790742796.784072,0.06,-0.6,-0.56
1790742796.845622,0.06,-0.6,-0.56
1790742796.884952,0.06,-0.6,-0.57
1790742796.944938,0.06,-0.6,-0.57
1790742797.006185,0.06,-0.59,-0.57
1790742797.0449548,0.06,-0.59,-0.57
1790742797.107326,0.06,-0.6,-0.56
1790742797.144846,0.06,-0.6,-0.56
1790742797.205756,0.06,-0.6,-0.56
1790742797.2659252,0.06,-0.59,-0.56
1790742797.305175,0.06,-0.59,-0.56
1790742797.365675,0.06,-0.6,-0.56
1790742797.421462,0.06,-0.6,-0.57
1790742797.4847171,0.06,-0.6,-0.57
1790742797.51986,0.06,-0.6,-0.57
1790742797.586478,0.06,-0.6,-0.57
1790742797.6282501,0.06,-0.6,-0.57
1790742797.678654,0.06,-0.6,-0.56
1790742797.7356958,0.06,-0.6,-0.56
1790742797.804412,0.06,-0.6,-0.56
1790742797.8677728,0.06,-0.6,-0.56
1790742797.9258711,0.06,-0.6,-0.56
1790742797.9853282,0.06,-0.6,-0.56
1790742798.0250938,0.06,-0.6,-0.56
1790742798.079461,0.06,-0.6,-0.56
1790742798.133014,0.06,-0.6,-0.56
1790742798.20551,0.06,-0.6,-0.56
1790742798.266238,0.06,-0.6,-0.56
1790742798.3233001,0.06,-0.6,-0.56
1790742798.365674,0.06,-0.59,-0.56
1790742798.424235,0.06,-0.6,-0.57
1790742798.4653802,0.06,-0.6,-0.56
1790742798.5305579,0.06,-0.6,-0.57
1790742798.585183,0.06,-0.6,-0.56
1790742798.624903,0.06,-0.6,-0.56
1790742798.688677,0.06,-0.6,-0.56
1790742798.72872,0.06,-0.59,-0.56
1790742798.779414,0.06,-0.59,-0.57
1790742798.842013,0.06,-0.6,-0.57
1790742798.880023,0.06,-0.6,-0.56
1790742798.9459798,0.06,-0.6,-0.56
1790742798.9810638,0.06,-0.6,-0.56
1790742799.0353642,0.06,-0.6,-0.56
1790742799.10466,0.06,-0.6,-0.56
1790742799.139791,0.06,-0.6,-0.56
1790742799.200742,0.06,-0.59,-0.56
1790742799.267576,0.06,-0.6,-0.56
1790742799.301363,0.06,-0.6,-0.57
1790742799.363507,0.06,-0.6,-0.57
1790742799.400357,0.06,-0.6,-0.57
1790742799.4687061,0.06,-0.6,-0.56
1790742799.5282729,0.06,-0.6,-0.56
1790742799.586876,0.06,-0.6,-0.56
1790742799.64583,0.06,-0.6,-0.56
1790742799.7047381,0.06,-0.6,-0.57
1790742799.7408059,0.06,-0.6,-0.57
1790742799.8004868,0.06,-0.6,-0.57
1790742799.864356,0.06,-0.6,-0.56
1790742799.903181,0.06,-0.6,-0.56
1790742799.964271,0.06,-0.6,-0.56
1790742800.028173,0.06,-0.6,-0.56
1790742800.065481,0.06,-0.6,-0.56
1790742800.128693,0.06,-0.6,-0.57
1790742800.184876,0.06,-0.6,-0.56
1790742800.227092,0.06,-0.6,-0.57
1790742800.286751,0.06,-0.59,-0.56
1790742800.341363,0.06,-0.6,-0.56
1790742800.4008498,0.06,-0.6,-0.57
1790742800.4405591,0.06,-0.6,-0.57
1790742800.500416,0.06,-0.6,-0.57
1790742800.5658932,0.06,-0.6,-0.56
1790742800.625761,0.06,-0.6,-0.56
1790742800.688509,0.06,-0.6,-0.57
1790742800.7255628,0.06,-0.6,-0.57
1790742800.785627,0.06,-0.6,-0.57
1790742800.826262,0.06,-0.6,-0.57
1790742800.884871,0.06,-0.6,-0.57
1790742800.946141,0.06,-0.6,-0.57
1790742800.9845219,0.06,-0.6,-0.57
1790742801.0474648,0.06,-0.6,-0.57
1790742801.101673,0.06,-0.6,-0.57
1790742801.1486971,0.06,-0.6,-0.56
1790742801.2056499,0.06,-0.6,-0.57
1790742801.263256,0.06,-0.6,-0.56
1790742801.3253791,0.06,-0.6,-0.57
1790742801.3640902,0.06,-0.6,-0.57
1790742801.428426,0.06,-0.6,-0.56
1790742801.4848378,0.06,-0.6,-0.56
1790742801.52498,0.06,-0.6,-0.57
1790742801.5852811,0.06,-0.6,-0.56
1790742801.6454191,0.06,-0.6,-0.56
1790742801.6860402,0.06,-0.6,-0.56
1790742801.751462,0.06,-0.6,-0.56
1790742801.800381,0.06,-0.6,-0.56
1790742801.859326,0.06,-0.6,-0.57
1790742801.945816,0.06,-0.6,-0.57
1790742802.005661,0.06,-0.6,-0.57
1790742802.047161,0.06,-0.6,-0.57
1790742802.104898,0.06,-0.6,-0.57
1790742802.1489558,0.86,-0.62,-0.58
1790742802.203619,2.22,-0.61,-0.58
1790742802.261654,4.62,-0.61,-0.61
1790742802.3247209,5.98,-0.62,-0.64
1790742802.3839629,7.39,-0.62,-0.66
1790742802.4464908,8.78,-0.63,-0.68
1790742802.5027788,10.03,-0.62,-0.61
1790742802.547136,11.51,-0.61,-0.65
1790742802.604823,13.08,-0.61,-0.7
1790742802.6654952,14.48,-0.63,-0.72
1790742802.704792,16.02,-0.65,-0.73
1790742802.7669299,16.54,-0.65,-0.74
1790742802.804729,16.71,-0.64,-0.71
1790742802.860308,16.95,-0.63,-0.7
1790742802.924632,16.99,-0.62,-0.7
1790742802.961845,17.0,-0.62,-0.69
1790742803.0246952,17.03,-0.61,-0.68
1790742803.063196,17.06,-0.6,-0.68
1790742803.125692,16.43,-0.61,-0.68
1790742803.187274,13.17,-0.6,-0.63
1790742803.238017,10.4,-0.59,-0.57
1790742803.285405,7.85,-0.62,-0.6
1790742803.347497,4.87,-0.61,-0.54
1790742803.384544,2.19,-0.59,-0.51
1790742803.448502,-0.07,-0.59,-0.48
1790742803.5043101,-2.53,-0.62,-0.42
1790742803.545125,-3.55,-0.61,-0.42
1790742803.605145,-3.85,-0.6,-0.43
1790742803.662049,-4.26,-0.6,-0.44
1790742803.704042,-4.64,-0.59,-0.45
1790742803.763874,-4.87,-0.6,-0.45
1790742803.828981,-4.85,-0.6,-0.45
1790742803.864042,-4.74,-0.6,-0.45
1790742803.9239,-4.49,-0.6,-0.46
1790742803.9649868,-4.19,-0.6,-0.46
1790742804.025505,-4.07,-0.61,-0.46
1790742804.068377,-3.82,-0.61,-0.46
1790742804.124147,-3.47,-0.61,-0.45
1790742804.179073,-3.27,-0.61,-0.44
1790742804.247731,-2.99,-0.61,-0.44
1790742804.305655,-2.61,-0.61,-0.44
1790742804.346095,-2.28,-0.61,-0.45
1790742804.405566,-2.05,-0.61,-0.47
1790742804.4472032,-1.75,-0.6,-0.48
1790742804.505439,-1.48,-0.59,-0.49
1790742804.547712,-1.29,-0.59,-0.49
1790742804.603279,-1.14,-0.59,-0.49
1790742804.645987,-0.87,-0.58,-0.49
1790742804.705238,-0.79,-0.58,-0.5
1790742804.765117,-0.5,-0.58,-0.5
1790742804.805942,-0.43,-0.58,-0.5
1790742804.8636212,-0.42,-0.58,-0.5
1790742804.906773,-0.42,-0.58,-0.5
1790742804.963226,-0.41,-0.58,-0.49
1790742805.006224,-0.4,-0.57,-0.49
1790742805.0639281,-0.4,-0.57,-0.49
1790742805.1039948,-0.39,-0.57,-0.49
1790742805.165079,-0.39,-0.57,-0.49
1790742805.223754,-0.38,-0.57,-0.49
1790742805.281802,-0.37,-0.57,-0.49
1790742805.345288,-0.36,-0.57,-0.49
1790742805.4068632,-0.27,-0.56,-0.49
1790742805.468939,-0.26,-0.56,-0.49
1790742805.507,-0.26,-0.56,-0.49
1790742805.564924,-0.26,-0.56,-0.49
1790742805.623491,-0.26,-0.56,-0.49
1790742805.66165,-0.26,-0.56,-0.49
1790742805.7257311,-0.26,-0.56,-0.48
1790742805.7820768,-0.26,-0.56,-0.48
1790742805.843988,-0.27,-0.55,-0.48
1790742805.883876,-0.26,-0.55,-0.48
1790742805.9492018,-0.29,-0.55,-0.48
1790742805.979806,-0.26,-0.55,-0.48
1790742806.048773,-0.28,-0.55,-0.48
1790742806.080665,-0.25,-0.55,-0.47
1790742806.1485472,-0.25,-0.55,-0.47
1790742806.189292,-0.25,-0.55,-0.47
1790742806.254941,-0.25,-0.55,-0.46
1790742806.30586,-0.26,-0.55,-0.46
1790742806.367074,-0.26,-0.55,-0.45
1790742806.426208,-0.26,-0.54,-0.45
1790742806.4857118,-0.26,-0.54,-0.45
1790742806.548523,-0.26,-0.54,-0.44
1790742806.586071,-0.26,-0.54,-0.44
1790742806.645658,-0.26,-0.54,-0.44
1790742806.686649,-0.26,-0.54,-0.44
1790742806.74913,-0.26,-0.54,-0.44
1790742806.787798,-0.26,-0.54,-0.44
1790742806.8383832,-0.26,-0.54,-0.44
1790742806.905622,-0.26,-0.54,-0.44
1790742806.939546,-0.26,-0.54,-0.44
1790742806.9934468,-0.26,-0.54,-0.44
1790742807.048032,-0.26,-0.54,-0.44
1790742807.098047,-0.26,-0.54,-0.44
1790742807.168714,-0.26,-0.54,-0.44
1790742807.202556,-0.26,-0.54,-0.44
1790742807.268545,-0.26,-0.54,-0.44
1790742807.3255072,-0.26,-0.54,-0.44
1790742807.385411,-0.26,-0.54,-0.44
1790742807.426698,-0.26,-0.54,-0.44
1790742807.4834628,-0.26,-0.54,-0.44
1790742807.549205,-0.26,-0.54,-0.44
1790742807.587379,-0.26,-0.54,-0.44
1790742807.648455,-0.26,-0.54,-0.44
1790742807.705556,-0.26,-0.54,-0.44
1790742807.750023,-0.26,-0.54,-0.44
1790742807.806485,-0.26,-0.54,-0.44
1790742807.863426,-0.26,-0.54,-0.44
1790742807.895901,-0.26,-0.55,-0.44
1790742807.963735,-0.26,-0.54,-0.44
1790742807.998515,-0.24,-0.56,-0.44
1790742808.063946,-0.22,-0.55,-0.44
1790742808.122954,-0.25,-0.53,-0.44
1790742808.163316,-0.25,-0.54,-0.44
1790742808.223406,-0.25,-0.55,-0.44
1790742808.263176,-0.26,-0.54,-0.44
1790742808.324285,-0.26,-0.54,-0.44
1790742808.364267,-0.27,-0.53,-0.44
1790742808.423153,-0.27,-0.54,-0.44
1790742808.483445,-0.28,-0.55,-0.44
1790742808.5250828,-0.28,-0.55,-0.44
1790742808.587533,-0.29,-0.55,-0.44
1790742808.6474812,-0.29,-0.55,-0.44
1790742808.7010958,-0.3,-0.54,-0.44
1790742808.74467,-0.3,-0.55,-0.44
1790742808.804773,-0.3,-0.55,-0.44
1790742808.844449,-0.31,-0.55,-0.44
1790742808.905348,-0.31,-0.55,-0.44
1790742808.943538,-0.32,-0.55,-0.44
1790742809.0049438,-0.34,-0.56,-0.44
1790742809.04421,-0.35,-0.55,-0.43
1790742809.104715,-0.36,-0.55,-0.43
1790742809.14474,-0.36,-0.55,-0.43
1790742809.2078772,-0.37,-0.55,-0.43
1790742809.248849,-0.38,-0.55,-0.43
1790742809.300083,-0.41,-0.55,-0.43
1790742809.361363,-0.38,-0.55,-0.43
1790742809.3986292,-0.37,-0.55,-0.43
1790742809.463444,-0.4,-0.55,-0.43
1790742809.504569,-0.41,-0.55,-0.43
1790742809.563885,-0.41,-0.54,-0.43
1790742809.605502,-0.41,-0.54,-0.43
1790742809.6562319,-0.43,-0.56,-0.43
1790742809.723059,-0.43,-0.55,-0.43
1790742809.7835891,-0.43,-0.55,-0.43
1790742809.8227031,-0.45,-0.55,-0.43
1790742809.8864791,-0.44,-0.55,-0.42
1790742809.926563,-0.42,-0.55,-0.43
1790742809.9859982,-0.44,-0.54,-0.42
1790742810.0435,-0.45,-0.54,-0.42
1790742810.0840168,-0.47,-0.55,-0.42
1790742810.143795,-0.44,-0.54,-0.42
1790742810.186988,-0.46,-0.54,-0.42
1790742810.2462468,-0.49,-0.55,-0.42
1790742810.3063538,-0.47,-0.54,-0.42
1790742810.360832,-0.49,-0.54,-0.42
1790742810.40396,-0.5,-0.54,-0.41
1790742810.466951,-0.5,-0.54,-0.42
1790742810.5039449,-0.5,-0.54,-0.42
1790742810.55825,-0.53,-0.55,-0.42
1790742810.623222,-0.51,-0.55,-0.42
1790742810.658646,-0.49,-0.54,-0.41
1790742810.722858,-0.54,-0.55,-0.42
1790742810.768401,-0.54,-0.54,-0.41
1790742810.8176901,-0.51,-0.54,-0.41
1790742810.881261,-0.52,-0.54,-0.41
1790742810.943309,-0.53,-0.54,-0.41
1790742810.9837172,-0.54,-0.54,-0.41
1790742811.045265,-0.54,-0.54,-0.41
1790742811.105061,-0.57,-0.54,-0.41
1790742811.1650891,-0.55,-0.54,-0.4
1790742811.205533,-0.54,-0.54,-0.41
1790742811.265166,-0.57,-0.54,-0.41
1790742811.317452,-0.6,-0.55,-0.41
1790742811.383075,-0.6,-0.55,-0.41
1790742811.418973,-0.59,-0.55,-0.4
1790742811.476471,-0.59,-0.55,-0.4
1790742811.526366,-0.59,-0.55,-0.4
1790742811.578717,-0.58,-0.54,-0.4
1790742811.6436229,-0.61,-0.54,-0.41
1790742811.677547,-0.61,-0.54,-0.41
1790742811.749226,-0.64,-0.55,-0.41
1790742811.803382,-0.63,-0.54,-0.41
1790742811.8454132,-0.63,-0.54,-0.41
1790742811.903125,-0.63,-0.54,-0.41
1790742811.946465,-0.63,-0.54,-0.41
1790742812.0049548,-0.64,-0.54,-0.41
1790742812.044446,-0.65,-0.54,-0.41
1790742812.103675,-0.66,-0.54,-0.41
1790742812.165941,-0.66,-0.49,-0.41
1790742812.203926,-0.55,-0.45,-0.43
1790742812.281913,-0.47,-0.46,-0.46
1790742812.323806,-0.47,-0.52,-0.46
1790742812.383013,-0.56,-0.61,-0.48
1790742812.423658,-0.51,-0.62,-0.49
1790742812.477799,-0.54,-0.64,-0.43
1790742812.540836,-0.49,-0.63,-0.41
1790742812.580865,-0.45,-0.65,-0.46
1790742812.6460521,-0.41,-0.63,-0.48
1790742812.703157,-0.38,-0.6,-0.51
1790742812.7381618,-0.38,-0.55,-0.46
1790742812.803754,-0.36,-0.55,-0.46
1790742812.865824,-0.32,-0.58,-0.42
1790742812.904516,-0.31,-0.6,-0.43
1790742812.9627311,-0.22,-0.61,-0.41
1790742813.0230641,-0.17,-0.57,-0.39
1790742813.067568,-0.13,-0.52,-0.39
1790742813.126822,-0.1,-0.5,-0.43
1790742813.185628,-0.1,-0.44,-0.4
1790742813.244818,-0.1,-0.42,-0.4
1790742813.302227,-0.12,-0.37,-0.42
1790742813.3446121,-0.18,-0.39,-0.39
1790742813.378751,-0.09,-0.32,-0.45
1790742813.435236,-0.11,-0.34,-0.47
1790742813.484305,-0.11,-0.28,-0.48
1790742813.548722,-0.12,-0.27,-0.46
1790742813.584813,-0.12,-0.24,-0.47
1790742813.641124,-0.12,-0.22,-0.48
1790742813.743662,-0.14,-0.21,-0.46
1790742813.835563,-0.09,-0.15,-0.51
1790742813.836728,-0.15,-0.14,-0.46
1790742813.839853,-0.15,-0.17,-0.44
1790742813.9840589,-0.15,-0.2,-0.46
1790742813.990287,-0.13,-0.21,-0.52
1790742814.003409,-0.16,-0.21,-0.53
1790742814.1964328,-0.18,-0.23,-0.52
1790742814.204937,-0.17,-0.23,-0.49
1790742814.208766,-0.19,-0.25,-0.49
1790742814.230253,-0.26,-0.24,-0.46
1790742814.376548,-0.2,-0.26,-0.45
1790742814.383272,-0.26,-0.23,-0.44
1790742814.388109,-0.15,-0.28,-0.45
1790742814.531895,-0.14,-0.25,-0.43
1790742814.534333,-0.1,-0.26,-0.48
1790742814.544798,-0.06,-0.24,-0.48
1790742814.704614,-0.05,-0.3,-0.46
1790742814.7078779,0.07,-0.26,-0.49
1790742814.710072,0.02,-0.32,-0.52
1790742814.861242,-0.01,-0.35,-0.51
1790742814.87006,-0.02,-0.32,-0.51
1790742814.874076,-0.02,-0.31,-0.51
1790742815.0338821,-0.02,-0.31,-0.51
1790742815.039142,-0.02,-0.3,-0.49
1790742815.0462499,-0.02,-0.29,-0.47
1790742815.0629451,0.02,-0.28,-0.45
1790742815.13361,0.02,-0.26,-0.44
1790742815.164017,-0.12,-0.24,-0.4
1790742815.312458,-0.06,-0.23,-0.42
1790742815.3162858,-0.13,-0.23,-0.4
1790742815.469393,-0.13,-0.24,-0.38
1790742815.475622,-0.08,-0.24,-0.38
1790742815.477848,-0.09,-0.24,-0.38
1790742815.5018601,-0.08,-0.24,-0.38
1790742815.600988,-0.05,-0.24,-0.39
1790742815.6254249,-0.09,-0.23,-0.4
1790742815.777896,-0.09,-0.23,-0.41
1790742815.783862,-0.2,-0.23,-0.43
1790742815.788533,-0.17,-0.22,-0.43
1790742815.951659,-0.18,-0.22,-0.44
1790742815.956248,-0.15,-0.22,-0.45
1790742816.127261,-0.15,-0.21,-0.45
1790742816.1326149,-0.17,-0.21,-0.45
1790742816.133597,-0.23,-0.22,-0.45
1790742816.157226,-0.17,-0.21,-0.45
1790742816.23023,-0.13,-0.22,-0.44
1790742816.385268,-0.16,-0.22,-0.45
1790742816.388989,-0.22,-0.22,-0.45
1790742816.39612,-0.19,-0.22,-0.45
1790742816.559247,-0.21,-0.22,-0.45
1790742816.569085,-0.18,-0.22,-0.44
1790742816.570666,-0.2,-0.22,-0.45
1790742816.583164,-0.19,-0.22,-0.44
1790742816.652576,-0.2,-0.22,-0.44
1790742816.750738,-0.26,-0.22,-0.44
1790742816.76526,-0.27,-0.22,-0.44
1790742816.802173,-0.26,-0.22,-0.44
1790742816.908653,-0.27,-0.22,-0.44
1790742816.9115012,-0.27,-0.22,-0.44
1790742817.019135,-0.23,-0.22,-0.44
1790742817.021653,-0.25,-0.21,-0.44
1790742817.158015,-0.26,-0.21,-0.44
1790742817.185739,-0.27,-0.21,-0.44
1790742817.311889,-0.32,-0.21,-0.44
1790742817.3149812,-0.35,-0.21,-0.44
1790742817.325011,-0.32,-0.21,-0.44
1790742817.40592,-0.33,-0.21,-0.43
1790742817.43468,-0.27,-0.21,-0.43
1790742817.598328,-0.31,-0.21,-0.43
1790742817.6080818,-0.34,-0.21,-0.43
1790742817.7266188,-0.34,-0.21,-0.43
1790742817.7289011,-0.39,-0.21,-0.43
1790742817.753633,-0.37,-0.21,-0.42
1790742817.904499,-0.37,-0.21,-0.42
1790742817.905542,-0.38,-0.21,-0.42
1790742817.909589,-0.38,-0.21,-0.42
1790742817.995869,-0.39,-0.22,-0.42
1790742818.0040681,-0.39,-0.22,-0.42
1790742818.172132,-0.4,-0.22,-0.42
1790742818.17554,-0.4,-0.22,-0.42
1790742818.1799219,-0.4,-0.21,-0.42
1790742818.205308,-0.41,-0.21,-0.42
1790742818.354461,-0.41,-0.21,-0.42
1790742818.360147,-0.41,-0.21,-0.42
1790742818.385165,-0.41,-0.21,-0.42
1790742818.4670138,-0.41,-0.21,-0.42
1790742818.4869041,-0.41,-0.21,-0.42
1790742818.555777,-0.41,-0.21,-0.42
1790742818.7292569,-0.41,-0.21,-0.42
1790742818.73345,-0.41,-0.21,-0.42
1790742818.73448,-0.41,-0.21,-0.42
1790742818.763346,-0.41,-0.21,-0.42
1790742818.910201,-0.41,-0.21,-0.42
1790742818.9144099,-0.41,-0.21,-0.42
1790742818.924711,-0.41,-0.21,-0.42
1790742819.030966,-0.41,-0.21,-0.42
1790742819.0361779,-0.41,-0.21,-0.42
1790742819.203925,-0.41,-0.21,-0.42
1790742819.208678,-0.38,-0.21,-0.42
1790742819.210291,-0.38,-0.21,-0.42
1790742819.245208,-0.4,-0.21,-0.42
1790742819.387124,-0.4,-0.21,-0.42
1790742819.408245,-0.4,-0.21,-0.41
1790742819.4633741,-0.4,-0.22,-0.42
1790742819.524228,-0.36,-0.21,-0.42
1790742819.564621,-0.38,-0.21,-0.42
1790742819.62291,-0.4,-0.21,-0.42
1790742819.6846,-0.41,-0.21,-0.42
1790742819.7220302,-0.41,-0.21,-0.42
1790742819.7788212,-0.4,-0.21,-0.42
1790742819.866812,-0.4,-0.21,-0.42
1790742819.9242802,-0.4,-0.2,-0.42
1790742819.983905,-0.44,-0.21,-0.42
1790742820.026708,-0.48,-0.22,-0.42
1790742820.083422,-0.47,-0.21,-0.41
1790742820.1250482,-0.45,-0.22,-0.41
1790742820.183684,-0.44,-0.2,-0.41
1790742820.244149,-0.48,-0.2,-0.41
1790742820.3035488,-0.45,-0.21,-0.41
1790742820.3436558,-0.46,-0.21,-0.41
1790742820.403581,-0.45,-0.2,-0.41
1790742820.443688,-0.44,-0.21,-0.41
1790742820.50338,-0.44,-0.2,-0.4
1790742820.562559,-0.48,-0.2,-0.4
1790742820.604766,-0.45,-0.2,-0.4
1790742820.663845,-0.49,-0.2,-0.4
1790742820.724561,-0.48,-0.2,-0.4
1790742820.779558,-0.46,-0.2,-0.4
1790742820.8433778,-0.46,-0.2,-0.4
1790742820.885741,-0.46,-0.2,-0.4
1790742820.946049,-0.45,-0.2,-0.4
1790742821.003241,-0.46,-0.2,-0.4
1790742821.045032,-0.46,-0.2,-0.4
1790742821.10461,-0.45,-0.2,-0.4
1790742821.165079,-0.45,-0.2,-0.4
1790742821.2233589,-0.45,-0.2,-0.39
1790742821.286419,-0.46,-0.2,-0.4
1790742821.325161,-0.45,-0.2,-0.4
1790742821.386115,-0.46,-0.2,-0.39
1790742821.424563,-0.46,-0.2,-0.39
1790742821.486217,-0.46,-0.2,-0.39
1790742821.5244439,-0.46,-0.2,-0.39
1790742821.5877728,-0.46,-0.2,-0.4
1790742821.6430871,-0.46,-0.2,-0.39
1790742821.688738,-0.46,-0.2,-0.39
1790742821.7556129,-0.46,-0.2,-0.39
1790742821.787489,-0.45,-0.2,-0.39
1790742821.844123,-0.46,-0.2,-0.39
1790742821.9032462,-0.46,-0.2,-0.39
1790742821.943852,-0.46,-0.2,-0.39
1790742821.994208,-0.46,-0.2,-0.39
1790742822.0631301,-0.46,-0.2,-0.39
1790742822.0987709,-0.46,-0.2,-0.39
1790742822.164513,-0.46,-0.2,-0.39
1790742822.204444,-0.46,-0.2,-0.39
1790742822.284711,-0.46,-0.2,-0.39
1790742822.326026,-0.46,-0.2,-0.39
1790742822.3862212,-0.45,-0.2,-0.38
1790742822.4234822,-0.45,-0.2,-0.38
1790742822.485387,-0.45,-0.2,-0.38
1790742822.54318,-0.45,-0.2,-0.38
1790742822.585651,-0.44,-0.2,-0.38
1790742822.651358,-0.44,-0.19,-0.38
1790742822.698217,-0.45,-0.2,-0.38
1790742822.753602,-0.45,-0.2,-0.37
1790742822.7962828,-0.45,-0.2,-0.37
1790742822.8625338,-0.46,-0.2,-0.37
1790742822.901519,-0.46,-0.2,-0.37
1790742822.9684658,-0.46,-0.21,-0.37
1790742823.001867,-0.45,-0.21,-0.37
1790742823.0629709,-0.45,-0.21,-0.36
1790742823.103677,-0.45,-0.21,-0.36
1790742823.163288,-0.45,-0.2,-0.36
1790742823.22437,-0.45,-0.21,-0.36
1790742823.284512,-0.45,-0.21,-0.36
1790742823.3244328,-0.45,-0.21,-0.36
1790742823.3849611,-0.45,-0.2,-0.36
1790742823.424764,-0.49,-0.2,-0.36
1790742823.48493,-0.51,-0.21,-0.36
1790742823.545426,-0.49,-0.2,-0.36
1790742823.604508,-0.5,-0.2,-0.36
1790742823.663438,-0.5,-0.2,-0.36
1790742823.723232,-0.45,-0.2,-0.36
1790742823.7877572,-0.47,-0.2,-0.36
1790742823.844958,-0.48,-0.2,-0.36
1790742823.884667,-0.53,-0.2,-0.36
1790742823.9452422,-0.52,-0.21,-0.36
1790742824.0031822,-0.5,-0.2,-0.36
1790742824.050926,-0.51,-0.21,-0.36
1790742824.102435,-0.51,-0.21,-0.36
1790742824.146534,-0.51,-0.21,-0.35
1790742824.203527,-0.52,-0.21,-0.35
1790742824.2632692,-0.57,-0.21,-0.35
1790742824.343921,-0.55,-0.22,-0.36
1790742824.403532,-0.55,-0.21,-0.35
1790742824.444192,-0.55,-0.21,-0.34
1790742824.5043252,-0.55,-0.22,-0.35
1790742824.559626,-0.51,-0.21,-0.35
1790742824.624663,-0.53,-0.22,-0.35
1790742824.682954,-0.54,-0.21,-0.34
1790742824.724632,-0.59,-0.21,-0.34
1790742824.7830558,-0.59,-0.21,-0.34
1790742824.819666,-0.59,-0.21,-0.34
1790742824.883559,-0.66,-0.21,-0.34
1790742824.9224792,-0.64,-0.2,-0.33
1790742824.98458,-0.64,-0.21,-0.33
1790742825.0437381,-0.66,-0.2,-0.33
1790742825.082954,-0.67,-0.2,-0.33
1790742825.1584692,-0.66,-0.2,-0.33
1790742825.2043362,-0.65,-0.2,-0.33
1790742825.251953,-0.65,-0.2,-0.32
1790742825.3034089,-0.71,-0.2,-0.33
1790742825.347977,-0.68,-0.2,-0.31
1790742825.403049,-0.67,-0.2,-0.32
1790742825.459568,-0.69,-0.2,-0.32
1790742825.514838,-0.67,-0.2,-0.32
1790742825.586038,-0.67,-0.21,-0.31
1790742825.646645,-0.67,-0.21,-0.31
1790742825.703209,-0.66,-0.2,-0.31
1790742825.744902,-0.63,-0.2,-0.31
1790742825.8032541,-0.68,-0.2,-0.32
1790742825.863853,-0.69,-0.2,-0.31
1790742825.922793,-0.67,-0.19,-0.31
1790742825.962934,-0.68,-0.2,-0.31
1790742826.024195,-0.67,-0.2,-0.31
1790742826.062757,-0.68,-0.2,-0.31
1790742826.123647,-0.68,-0.2,-0.31
1790742826.162934,-0.68,-0.2,-0.31
1790742826.218715,-0.68,-0.2,-0.3
1790742826.3040588,-0.72,-0.2,-0.3
1790742826.3451562,-0.71,-0.2,-0.3
1790742826.403533,-0.74,-0.2,-0.3
1790742826.468439,-0.7,-0.19,-0.31
1790742826.5027509,-0.68,-0.18,-0.3
1790742826.568656,-0.7,-0.19,-0.3
1790742826.622912,-0.71,-0.19,-0.3
1790742826.663311,-0.69,-0.19,-0.29
1790742826.7258172,-0.68,-0.19,-0.29
1790742826.7845151,-0.7,-0.19,-0.3
1790742826.822693,-0.69,-0.19,-0.3
1790742826.8827531,-0.68,-0.19,-0.29
1790742826.918438,-0.69,-0.19,-0.29
1790742826.986419,-0.68,-0.19,-0.29
1790742827.0205922,-0.69,-0.19,-0.29
1790742827.0834482,-0.69,-0.19,-0.29
1790742827.12412,-0.69,-0.19,-0.3
1790742827.1840289,-0.69,-0.19,-0.3
1790742827.224967,-0.71,-0.2,-0.3
1790742827.2856221,-0.69,-0.19,-0.29
1790742827.346443,-0.69,-0.19,-0.29
1790742827.403046,-0.68,-0.19,-0.29
1790742827.443306,-0.73,-0.19,-0.29
1790742827.503426,-0.73,-0.19,-0.29
1790742827.5629382,-0.72,-0.19,-0.28
1790742827.6051898,-0.72,-0.19,-0.28
1790742827.6652749,-0.75,-0.19,-0.28
1790742827.7226298,-0.74,-0.18,-0.28
1790742827.783158,-0.69,-0.18,-0.28
1790742827.844676,-0.73,-0.18,-0.28
1790742827.903318,-0.73,-0.18,-0.28
1790742827.946026,-0.73,-0.18,-0.28
1790742828.006203,-0.73,-0.18,-0.28
1790742828.063207,-0.72,-0.18,-0.27
1790742828.124108,-0.68,-0.18,-0.27
1790742828.16357,-0.7,-0.18,-0.27
1790742828.222775,-0.72,-0.18,-0.27
1790742828.279653,-0.73,-0.18,-0.26
1790742828.343971,-0.73,-0.18,-0.26
1790742828.380246,-0.75,-0.18,-0.26
1790742828.4424682,-0.75,-0.17,-0.26
1790742828.48,-0.75,-0.17,-0.26
1790742828.543372,-0.75,-0.17,-0.26
1790742828.60506,-0.75,-0.17,-0.26
1790742828.6430342,-0.74,-0.17,-0.26
1790742828.705546,-0.74,-0.15,-0.26
1790742828.772675,-0.81,-0.09,-0.27
1790742828.8234,-0.9,-0.1,-0.3
1790742828.864081,-0.92,-0.15,-0.28
1790742828.9230568,-0.85,-0.22,-0.24
1790742828.983792,-0.8,-0.27,-0.29
1790742829.023129,-0.77,-0.32,-0.28
1790742829.0829499,-0.69,-0.3,-0.3
1790742829.1241229,-0.68,-0.29,-0.29
1790742829.18309,-0.65,-0.28,-0.29
1790742829.250311,-0.63,-0.25,-0.28
1790742829.28581,-0.53,-0.23,-0.28
1790742829.341706,-0.51,-0.26,-0.29
1790742829.3843122,-0.45,-0.2,-0.28
1790742829.448662,-0.41,-0.27,-0.25
1790742829.488726,-0.39,-0.29,-0.28
1790742829.5436318,-0.35,-0.31,-0.27
1790742829.605335,-0.3,-0.28,-0.27
1790742829.663382,-0.25,-0.29,-0.25
1790742829.697279,-0.2,-0.22,-0.26
1790742829.7628958,-0.11,-0.26,-0.25
1790742829.798568,-0.05,-0.26,-0.31
1790742829.863039,-0.04,-0.27,-0.27
1790742829.9230878,-0.0,-0.29,-0.3
1790742829.963565,0.0,-0.31,-0.27
1790742830.023854,0.02,-0.33,-0.3
1790742830.0629592,-0.06,-0.33,-0.28
1790742830.124479,-0.03,-0.37,-0.18
1790742830.182956,-0.02,-0.42,-0.17
1790742830.244422,-0.0,-0.42,-0.16
1790742830.284275,0.02,-0.43,-0.12
1790742830.342874,-0.04,-0.39,-0.14
1790742830.3860202,0.03,-0.4,-0.17
1790742830.444287,-0.05,-0.4,-0.16
1790742830.4980822,0.02,-0.39,-0.23
1790742830.5430698,0.0,-0.43,-0.2
1790742830.6054301,-0.09,-0.43,-0.2
1790742830.643337,-0.08,-0.42,-0.21
1790742830.695096,-0.12,-0.41,-0.2
1790742830.763169,0.07,-0.44,-0.13
1790742830.804873,0.18,-0.38,-0.13
1790742830.850844,0.29,-0.38,-0.13
1790742830.907647,0.13,-0.37,-0.13
1790742830.9630752,0.14,-0.37,-0.14
1790742831.0062232,0.14,-0.36,-0.13
1790742831.082958,0.14,-0.35,-0.12
1790742831.12414,0.15,-0.34,-0.12
1790742831.183253,0.13,-0.34,-0.1
1790742831.223361,0.14,-0.33,-0.07
1790742831.282968,0.12,-0.31,-0.05
1790742831.322797,-0.0,-0.31,-0.07
1790742831.382953,0.04,-0.31,-0.08
1790742831.442946,0.05,-0.31,-0.09
1790742831.483428,0.02,-0.3,-0.1
1790742831.542476,-0.01,-0.29,-0.11
1790742831.585651,-0.02,-0.28,-0.12
1790742831.643633,-0.01,-0.28,-0.12
1790742831.704854,-0.02,-0.27,-0.13
1790742831.7459671,-0.01,-0.27,-0.13
1790742831.806444,-0.07,-0.26,-0.12
1790742831.8541691,-0.03,-0.26,-0.13
1790742831.9238899,-0.03,-0.26,-0.12
1790742831.9856799,-0.03,-0.26,-0.12
1790742832.042327,-0.03,-0.26,-0.12
1790742832.104692,-0.03,-0.26,-0.12
1790742832.145599,-0.03,-0.26,-0.12
1790742832.2067451,-0.02,-0.26,-0.12
1790742832.263514,-0.02,-0.26,-0.12
1790742832.304445,-0.04,-0.26,-0.12
1790742832.355735,-0.03,-0.26,-0.12
1790742832.423934,-0.01,-0.26,-0.12
1790742832.458295,-0.02,-0.26,-0.12
1790742832.523167,-0.02,-0.26,-0.12
1790742832.582724,-0.02,-0.26,-0.12
1790742832.61624,-0.02,-0.26,-0.11
1790742832.682852,-0.02,-0.26,-0.11
1790742832.717215,-0.02,-0.26,-0.11
1790742832.782666,-0.02,-0.26,-0.11
1790742832.8437219,-0.02,-0.26,-0.1
1790742832.880494,-0.02,-0.26,-0.1
1790742832.945815,-0.02,-0.25,-0.1
1790742832.982691,-0.02,-0.25,-0.1
1790742833.047381,-0.02,-0.25,-0.1
1790742833.103497,-0.02,-0.26,-0.1
1790742833.1451468,-0.02,-0.25,-0.1
1790742833.2028182,-0.02,-0.25,-0.1
1790742833.266757,-0.02,-0.26,-0.1
1790742833.324139,-0.02,-0.25,-0.1
1790742833.372223,-0.02,-0.26,-0.1
1790742833.4407392,-0.02,-0.26,-0.1
1790742833.483244,-0.02,-0.26,-0.1
1790742833.542902,-0.02,-0.25,-0.1
1790742833.585553,-0.02,-0.26,-0.1
1790742833.643588,-0.02,-0.25,-0.1
1790742833.7041411,-0.02,-0.25,-0.1
1790742833.7450979,-0.02,-0.26,-0.1
1790742833.8066921,-0.04,-0.25,-0.1
1790742833.843092,-0.02,-0.24,-0.1
1790742833.903471,-0.03,-0.23,-0.08
1790742833.964287,-0.11,-0.21,-0.04
1790742834.003454,-0.12,-0.25,-0.03
1790742834.066192,-0.16,-0.25,-0.03
1790742834.122359,-0.12,-0.27,-0.06
1790742834.1825862,-0.15,-0.29,-0.03
1790742834.218376,-0.2,-0.26,-0.05
1790742834.282721,-0.14,-0.25,-0.07
1790742834.3437,-0.11,-0.24,-0.07
1790742834.384714,-0.12,-0.23,-0.08
1790742834.4437099,-0.14,-0.24,-0.07
1790742834.502671,-0.1,-0.23,-0.07
1790742834.543606,-0.1,-0.23,-0.08
1790742834.6036952,-0.07,-0.23,-0.08
1790742834.6645918,-0.15,-0.22,-0.08
1790742834.702955,-0.13,-0.22,-0.07
1790742834.765118,-0.12,-0.22,-0.07
1790742834.8229198,-0.11,-0.22,-0.07
1790742834.88255,-0.11,-0.22,-0.07
1790742834.923472,-0.16,-0.22,-0.07
1790742834.985318,-0.12,-0.22,-0.06
1790742835.042912,-0.12,-0.22,-0.06
1790742835.085522,-0.11,-0.21,-0.05
1790742835.143378,-0.11,-0.22,-0.05
1790742835.1831648,-0.11,-0.22,-0.05
1790742835.239548,-0.1,-0.22,-0.04
1790742835.303584,-0.09,-0.23,-0.04
1790742835.3645,-0.08,-0.23,-0.04
1790742835.4039822,-0.07,-0.23,-0.03
1790742835.466374,-0.1,-0.24,-0.03
1790742835.522847,-0.08,-0.23,-0.03
1790742835.5825422,-0.06,-0.23,-0.02
1790742835.624193,-0.05,-0.23,-0.02
1790742835.682477,-0.05,-0.24,-0.02
1790742835.723287,-0.07,-0.24,-0.02
1790742835.781354,-0.04,-0.24,-0.01
1790742835.842737,-0.03,-0.23,-0.01
1790742835.8828218,-0.03,-0.23,-0.0
1790742835.942977,-0.02,-0.23,-0.0
1790742836.00321,-0.02,-0.23,-0.0
1790742836.035291,-0.01,-0.23,-0.01
1790742836.1027021,-0.01,-0.21,-0.0
1790742836.136163,0.0,-0.22,0.01
1790742836.203063,0.01,-0.22,0.0
1790742836.2396438,0.07,-0.23,0.01
1790742836.323043,0.03,-0.23,0.01
1790742836.364453,0.03,-0.23,0.01
1790742836.422823,0.05,-0.23,0.02
1790742836.482513,0.06,-0.23,0.02
1790742836.5173619,0.12,-0.23,0.03
1790742836.585025,0.09,-0.23,0.02
1790742836.642595,0.1,-0.23,0.03
1790742836.6854882,0.08,-0.23,0.02
1790742836.738228,0.07,-0.22,0.02
1790742836.796257,0.08,-0.23,0.03
1790742836.8643022,0.08,-0.23,0.03
1790742836.92682,0.1,-0.23,0.04
1790742836.964704,0.08,-0.23,0.04
1790742837.026782,0.09,-0.24,0.04
1790742837.084787,0.12,-0.23,0.05
1790742837.1261828,0.11,-0.23,0.05
1790742837.182754,0.09,-0.24,0.05
1790742837.226042,0.12,-0.23,0.05
1790742837.284032,0.13,-0.24,0.06
1790742837.342583,0.15,-0.24,0.06
1790742837.384148,0.15,-0.25,0.06
1790742837.442376,0.12,-0.28,0.07
1790742837.482847,0.03,-0.32,0.09
1790742837.542804,0.04,-0.3,0.05
1790742837.6032388,-0.0,-0.29,0.1
1790742837.642637,-0.02,-0.29,0.07
1790742837.693953,-0.01,-0.27,0.12
1790742837.782798,-0.0,-0.31,0.11
1790742837.8424802,0.01,-0.29,0.07
1790742837.884362,0.01,-0.3,0.07
1790742837.942611,0.03,-0.31,0.08
1790742837.983689,0.05,-0.31,0.08
1790742838.042837,-1.87,-0.26,0.11
1790742838.0833092,-5.29,-0.26,0.18
1790742838.142737,-7.79,-0.26,0.14
1790742838.1856792,-10.92,-0.23,0.16
1790742838.242837,-14.1,-0.19,0.13
1790742838.300024,-17.34,-0.17,0.15
1790742838.362827,-20.58,-0.19,0.12
1790742838.399966,-23.85,-0.15,0.06
1790742838.463818,-27.33,-0.12,0.06
1790742838.498728,-30.62,-0.09,0.01
1790742838.5622568,-34.08,-0.1,0.01
1790742838.599335,-41.04,-0.04,-0.01
1790742838.664098,-44.41,-0.03,-0.04
1790742838.724895,-45.26,0.02,-0.0
1790742838.762712,-45.75,0.01,0.0
1790742838.825269,-46.1,0.01,0.0
1790742838.8825321,-46.39,0.01,0.01
1790742838.9425678,-46.87,0.01,-0.02
1790742838.98259,-47.36,0.0,-0.04
1790742839.043091,-47.49,-0.01,-0.06
1790742839.102412,-47.59,0.0,-0.06
1790742839.162283,-47.69,-0.02,-0.03
1790742839.2041962,-47.73,-0.01,-0.01
1790742839.262305,-47.87,0.01,0.03
1790742839.324615,-47.79,0.01,0.07
1790742839.3656619,-47.81,0.02,0.03
1790742839.427207,-48.04,0.04,0.02
1790742839.4644501,-50.09,0.03,-0.03
1790742839.513373,-51.71,0.02,-0.02
1790742839.5849988,-53.3,0.03,0.0
1790742839.618283,-55.08,0.03,0.02
1790742839.6830661,-56.94,0.02,-0.07
1790742839.744041,-58.81,0.03,-0.08
1790742839.8026628,-60.68,0.03,-0.08
1790742839.8604941,-62.57,0.05,-0.11
1790742839.902988,-64.51,0.07,-0.18
1790742839.9583669,-68.42,0.1,-0.15
1790742840.0162098,-70.42,0.12,-0.16
1790742840.0825,-72.31,0.14,-0.21
1790742840.1423948,-74.34,0.15,-0.19
1790742840.182701,-76.36,0.16,-0.21
1790742840.24295,-78.22,0.15,-0.21
1790742840.3026838,-80.18,0.14,-0.22
1790742840.370045,-82.4,0.13,-0.25
1790742840.402775,-84.23,0.13,-0.28
1790742840.462513,-88.25,0.15,-0.3
1790742840.503077,-90.37,0.13,-0.31
1790742840.563164,-92.19,0.12,-0.34
1790742840.62272,-94.14,0.1,-0.37
1790742840.6640599,-96.28,0.13,-0.38
1790742840.714442,-98.29,0.14,-0.43
1790742840.7828841,-100.19,0.13,-0.46
1790742840.8425841,-102.11,0.12,-0.49
1790742840.9023209,-104.24,0.12,-0.51
1790742840.943701,-106.3,0.12,-0.51
1790742841.003093,-108.19,0.13,-0.58
1790742841.062367,-110.15,0.18,-0.6
1790742841.1030421,-112.34,0.14,-0.61
1790742841.1632562,-116.15,0.15,-0.71
1790742841.20304,-118.17,0.12,-0.69
1790742841.2625349,-120.27,0.09,-0.71
1790742841.31894,-122.19,0.09,-0.75
1790742841.384801,-124.28,0.1,-0.77
1790742841.419699,-126.22,0.08,-0.76
1790742841.484364,-128.21,0.05,-0.76
1790742841.523063,-130.17,0.04,-0.79
1790742841.573264,-132.18,0.04,-0.81
1790742841.642387,-134.2,0.04,-0.8
1790742841.6751301,-136.2,0.03,-0.85
1790742841.74277,-138.18,0.03,-0.88
1790742841.80367,-140.15,0.02,-0.88
1790742841.844194,-142.21,-0.02,-0.87
1790742841.902858,-144.15,-0.02,-0.88
1790742841.944129,-146.17,-0.04,-0.89
1790742842.002492,-148.15,-0.06,-0.92
1790742842.043639,-150.21,-0.1,-0.92
1790742842.102436,-152.14,-0.1,-0.91
1790742842.162314,-154.16,-0.1,-0.99
1790742842.204143,-158.16,-0.14,-0.94
1790742842.2786078,-160.18,-0.16,-0.94
1790742842.344011,-162.15,-0.17,-0.99
1790742842.379016,-164.13,-0.17,-0.95
1790742842.4332669,-166.19,-0.18,-0.94
1790742842.502558,-168.03,-0.21,-0.91
1790742842.543185,-170.02,-0.24,-0.94
1790742842.6029289,-172.25,-0.27,-0.88
1790742842.662674,-174.13,-0.28,-0.9
1790742842.702816,-176.1,-0.3,-0.94
1790742842.783936,179.8,-0.36,-0.89
1790742842.823026,178.12,-0.37,-0.89
1790742842.885202,176.96,-0.38,-0.86
1790742842.9445262,176.91,-0.38,-0.85
1790742842.985285,176.75,-0.38,-0.85
1790742843.0320299,176.56,-0.38,-0.85
1790742843.102474,176.41,-0.38,-0.84
1790742843.1369548,176.42,-0.37,-0.83
1790742843.2025568,176.44,-0.36,-0.82
1790742843.262176,176.54,-0.36,-0.82
1790742843.322906,176.63,-0.35,-0.82
1790742843.384616,176.8,-0.34,-0.82
1790742843.4244359,176.94,-0.34,-0.81
1790742843.4871109,177.2,-0.34,-0.8
1790742843.5425978,177.41,-0.33,-0.81
1790742843.588282,177.66,-0.33,-0.8
1790742843.642397,178.01,-0.33,-0.81
1790742843.7025049,178.17,-0.32,-0.81
1790742843.744339,178.25,-0.32,-0.81
1790742843.802571,178.54,-0.31,-0.81
1790742843.8624902,178.74,-0.31,-0.81
1790742843.925063,178.88,-0.3,-0.81
1790742843.98796,179.06,-0.3,-0.81
1790742844.0426822,179.24,-0.29,-0.82
1790742844.085907,179.53,-0.29,-0.82
1790742844.142549,179.64,-0.28,-0.82
1790742844.186212,179.64,-0.28,-0.81
1790742844.2351859,179.66,-0.28,-0.81
1790742844.3026922,179.76,-0.28,-0.81
1790742844.362667,179.77,-0.28,-0.8
1790742844.4048882,179.78,-0.28,-0.8
1790742844.462625,179.79,-0.28,-0.8
1790742844.523595,179.79,-0.28,-0.79
1790742844.586713,179.8,-0.28,-0.79
1790742844.62622,179.81,-0.27,-0.79
1790742844.68734,179.82,-0.27,-0.78
1790742844.743181,179.82,-0.27,-0.78
1790742844.8004081,179.83,-0.28,-0.77
1790742844.844115,179.83,-0.27,-0.77
1790742844.90357,179.84,-0.27,-0.77
1790742844.964799,179.87,-0.28,-0.76
1790742844.998501,179.91,-0.27,-0.75
1790742845.0627148,179.92,-0.27,-0.75
1790742845.101133,179.92,-0.27,-0.75
1790742845.1646311,179.9,-0.27,-0.74
1790742845.222723,179.93,-0.27,-0.74
1790742845.28413,179.97,-0.26,-0.74
1790742845.324744,179.96,-0.27,-0.74
1790742845.386455,179.95,-0.27,-0.74
1790742845.4429939,179.96,-0.27,-0.73
1790742845.4830751,179.97,-0.27,-0.73
1790742845.5429142,179.98,-0.27,-0.73
1790742845.597242,179.99,-0.27,-0.72
1790742845.663015,180.0,-0.26,-0.71
1790742845.723572,-179.98,-0.17,-0.72
1790742845.783488,-179.97,-0.15,-0.79
1790742845.823481,-179.85,-0.17,-0.79
1790742845.8839521,-179.81,-0.16,-0.83
1790742845.925749,-179.76,-0.19,-0.82
1790742845.9865012,-179.69,-0.22,-0.86
1790742846.024394,-179.73,-0.25,-0.82
1790742846.086006,-179.72,-0.27,-0.79
1790742846.145577,-179.62,-0.25,-0.8
1790742846.1844668,-179.68,-0.23,-0.78
1790742846.2440891,-179.59,-0.2,-0.79
1790742846.302649,-179.7,-0.13,-0.74
1790742846.34514,-179.68,-0.13,-0.77
1790742846.402962,-179.69,-0.14,-0.75
1790742846.4457312,-179.73,-0.13,-0.76
1790742846.504812,-179.72,-0.29,-0.77
1790742846.560694,-179.72,-0.3,-0.73
1790742846.604324,-179.82,-0.33,-0.74
1790742846.662988,-179.78,-0.31,-0.71
1790742846.724715,-179.71,-0.33,-0.64
1790742846.783464,-179.73,-0.3,-0.62
1790742846.844631,-179.68,-0.34,-0.62
1790742846.885181,-179.68,-0.35,-0.66
1790742846.9446888,-179.71,-0.36,-0.65
1790742846.9832342,-179.74,-0.41,-0.7
1790742847.045315,-179.81,-0.4,-0.69
1790742847.085644,-179.78,-0.43,-0.69
1790742847.145492,-179.87,-0.29,-0.64
1790742847.202399,-179.87,-0.33,-0.57
1790742847.2452512,-179.8,-0.32,-0.61
1790742847.302453,-179.87,-0.33,-0.56
1790742847.362229,-179.85,-0.36,-0.59
1790742847.404066,-179.86,-0.37,-0.59
1790742847.45754,-179.85,-0.37,-0.6
1790742847.5232499,-179.87,-0.4,-0.58
1790742847.559304,-179.82,-0.44,-0.61
1790742847.6223738,-179.83,-0.43,-0.57
1790742847.6599522,-179.84,-0.44,-0.55
1790742847.722359,-179.79,-0.46,-0.54
1790742847.782258,-179.84,-0.44,-0.51
1790742847.819536,-179.82,-0.42,-0.48
1790742847.884375,-179.81,-0.41,-0.46
1790742847.951593,-179.81,-0.4,-0.46
1790742847.9861681,-179.8,-0.4,-0.45
1790742848.044993,-179.8,-0.4,-0.44
1790742848.102608,-179.79,-0.39,-0.44
1790742848.162219,-179.79,-0.39,-0.43
1790742848.204134,-179.78,-0.39,-0.43
1790742848.263364,-179.77,-0.38,-0.43
1790742848.3205602,-179.77,-0.38,-0.42
1790742848.362412,177.31,-0.36,-0.44
1790742848.422575,174.35,-0.4,-0.51
1790742848.483103,171.66,-0.38,-0.52
1790742848.5172858,168.6,-0.41,-0.51
1790742848.579257,165.47,-0.44,-0.59
1790742848.6474419,162.16,-0.41,-0.52
1790742848.7021928,158.89,-0.45,-0.59
1790742848.748554,155.6,-0.44,-0.55
1790742848.82219,148.81,-0.46,-0.57
1790742848.868258,145.37,-0.46,-0.58
1790742848.922472,141.96,-0.47,-0.54
1790742848.984589,138.49,-0.47,-0.51
1790742849.043818,134.98,-0.49,-0.53
1790742849.102985,131.57,-0.5,-0.52
1790742849.14703,128.08,-0.5,-0.54
1790742849.2022521,124.6,-0.49,-0.48
1790742849.245281,121.1,-0.53,-0.53
1790742849.302773,117.63,-0.51,-0.52
1790742849.343452,114.14,-0.54,-0.49
1790742849.4029381,110.63,-0.55,-0.45
1790742849.463797,103.67,-0.54,-0.45
1790742849.522277,100.12,-0.54,-0.45
1790742849.5771809,96.7,-0.53,-0.43
1790742849.643838,93.3,-0.54,-0.43
1790742849.6860218,90.5,-0.56,-0.43
1790742849.74559,88.02,-0.54,-0.43
1790742849.7828538,85.92,-0.54,-0.43
1790742849.831955,85.5,-0.55,-0.42
1790742849.880919,85.0,-0.56,-0.43
1790742849.930707,84.47,-0.55,-0.44
1790742849.982267,84.02,-0.54,-0.44
1790742850.046182,84.93,-0.52,-0.43
1790742850.102734,86.49,-0.53,-0.44
1790742850.162209,88.14,-0.52,-0.47
1790742850.206478,89.8,-0.54,-0.48
1790742850.262142,91.9,-0.53,-0.47
1790742850.302679,92.11,-0.53,-0.45
1790742850.362592,92.19,-0.53,-0.46
1790742850.403362,92.19,-0.53,-0.47
1790742850.468426,92.19,-0.53,-0.47
1790742850.522193,92.17,-0.53,-0.48
1790742850.5686269,92.15,-0.53,-0.48
1790742850.622248,92.15,-0.53,-0.49
1790742850.662708,92.14,-0.54,-0.49
1790742850.722504,92.12,-0.54,-0.49
1790742850.783884,92.06,-0.54,-0.49
1790742850.823785,91.97,-0.54,-0.49
1790742850.88236,91.88,-0.54,-0.49
1790742850.922571,91.66,-0.54,-0.49
1790742850.983011,91.45,-0.55,-0.49
1790742851.0228322,91.26,-0.55,-0.49
1790742851.085279,91.04,-0.56,-0.49
1790742851.142242,90.98,-0.56,-0.49
1790742851.183369,90.91,-0.56,-0.49
1790742851.262971,90.93,-0.56,-0.49
1790742851.323797,90.93,-0.56,-0.49
1790742851.3842509,90.96,-0.56,-0.49
1790742851.422611,90.94,-0.56,-0.49
1790742851.484499,90.94,-0.57,-0.49
1790742851.524253,90.95,-0.57,-0.49
1790742851.5847192,90.95,-0.57,-0.49
1790742851.623799,90.95,-0.57,-0.5
1790742851.683636,90.95,-0.57,-0.5
1790742851.743805,90.94,-0.58,-0.5
1790742851.783835,90.92,-0.58,-0.5
1790742851.844579,90.91,-0.58,-0.51
1790742851.903102,90.92,-0.58,-0.51
1790742851.944482,90.93,-0.58,-0.51
1790742851.9937139,90.93,-0.59,-0.51
1790742852.067435,90.94,-0.59,-0.51
1790742852.12286,90.92,-0.6,-0.51
1790742852.1689112,90.88,-0.6,-0.51
1790742852.226506,90.9,-0.6,-0.51
1790742852.2837172,90.89,-0.6,-0.52
1790742852.34215,90.89,-0.6,-0.52
1790742852.384829,90.88,-0.6,-0.52
1790742852.444381,90.86,-0.6,-0.52
1790742852.497719,90.85,-0.61,-0.52
1790742852.54247,90.83,-0.61,-0.52
1790742852.605372,90.83,-0.61,-0.53
1790742852.658056,90.79,-0.62,-0.52
1790742852.703027,90.77,-0.62,-0.53
1790742852.7614489,90.73,-0.63,-0.53
1790742852.823054,90.75,-0.63,-0.54
1790742852.884727,90.72,-0.63,-0.54
1790742852.922445,90.71,-0.63,-0.54
1790742852.986649,90.72,-0.63,-0.54
1790742853.042708,90.72,-0.64,-0.54
1790742853.103189,90.72,-0.64,-0.54
1790742853.146165,90.72,-0.64,-0.55
1790742853.1980438,90.72,-0.64,-0.55
1790742853.262932,90.76,-0.65,-0.55
1790742853.32262,90.73,-0.65,-0.55
1790742853.383188,90.72,-0.65,-0.56
1790742853.422743,90.73,-0.66,-0.56
1790742853.485557,90.71,-0.66,-0.56
1790742853.5425978,90.7,-0.66,-0.56
1790742853.598067,90.7,-0.66,-0.56
1790742853.643683,90.71,-0.66,-0.56
1790742853.7042,90.71,-0.66,-0.56
1790742853.743696,90.7,-0.67,-0.57
1790742853.8038888,90.69,-0.67,-0.57
1790742853.860515,90.62,-0.67,-0.57
1790742853.9056158,90.62,-0.68,-0.57
1790742853.96299,90.63,-0.68,-0.57
1790742854.0050392,90.63,-0.68,-0.57
1790742854.062903,90.63,-0.68,-0.57
1790742854.104695,90.63,-0.69,-0.57
1790742854.155972,90.63,-0.69,-0.58
1790742854.2227101,90.63,-0.69,-0.58
1790742854.282476,90.63,-0.69,-0.58
1790742854.342245,90.62,-0.69,-0.58
1790742854.3813272,90.55,-0.67,-0.59
1790742854.442179,90.33,-0.63,-0.6
1790742854.483676,90.27,-0.62,-0.56
1790742854.542264,90.25,-0.66,-0.63
1790742854.585614,90.16,-0.73,-0.68
1790742854.644244,89.98,-0.75,-0.65
1790742854.685836,89.88,-0.81,-0.66
1790742854.7461839,89.86,-0.86,-0.67
1790742854.803175,89.8,-0.85,-0.69
1790742854.842488,89.83,-0.81,-0.65
1790742854.9038668,89.86,-0.78,-0.62
1790742854.94278,89.81,-0.76,-0.67
1790742855.005627,89.83,-0.74,-0.69
1790742855.064796,89.79,-0.78,-0.69
1790742855.105729,89.79,-0.78,-0.69
1790742855.164258,89.85,-0.83,-0.75
1790742855.20461,89.85,-0.83,-0.75
1790742855.269017,89.72,-0.82,-0.7
1790742855.3035672,89.83,-0.81,-0.61
1790742855.367907,89.85,-0.82,-0.6
1790742855.422911,89.89,-0.81,-0.6
1790742855.468579,89.92,-0.82,-0.61
1790742855.523574,89.95,-0.81,-0.6
1790742855.577101,89.9,-0.81,-0.62
1790742855.642498,89.9,-0.84,-0.59
1790742855.702265,89.83,-0.85,-0.51
1790742855.7799091,89.83,-0.88,-0.6
1790742855.842185,89.94,-0.91,-0.62
1790742855.877204,89.93,-0.93,-0.61
1790742855.945366,89.88,-0.96,-0.66
1790742855.9825761,89.87,-0.95,-0.66
1790742856.047595,89.77,-0.97,-0.63
1790742856.102682,89.94,-0.97,-0.59
1790742856.146688,89.91,-0.98,-0.59
1790742856.202063,89.98,-0.95,-0.56
1790742856.247222,89.99,-0.97,-0.61
1790742856.304499,89.99,-0.96,-0.64
1790742856.363664,89.96,-0.98,-0.69
1790742856.423525,89.98,-0.98,-0.69
1790742856.465407,89.93,-1.02,-0.72
1790742856.522187,89.92,-1.0,-0.69
1790742856.565084,89.92,-1.0,-0.69
1790742856.615689,89.93,-1.0,-0.66
1790742856.682227,89.93,-1.07,-0.69
1790742856.720192,89.91,-1.07,-0.67
1790742856.776221,89.91,-1.05,-0.68
1790742856.82129,89.92,-1.07,-0.68
1790742856.875978,90.02,-1.06,-0.65
1790742856.94228,90.0,-1.04,-0.66
1790742856.981799,90.01,-1.03,-0.65
1790742857.04264,90.01,-1.03,-0.65
1790742857.102278,90.01,-1.02,-0.65
1790742857.140212,90.01,-1.02,-0.65
1790742857.202605,90.01,-1.02,-0.65
1790742857.244338,90.02,-1.02,-0.65
1790742857.304866,90.02,-1.02,-0.65
1790742857.3627,90.04,-1.01,-0.65
1790742857.4036102,90.02,-1.02,-0.65
1790742857.462804,90.03,-1.02,-0.66
1790742857.50526,90.02,-1.01,-0.66
1790742857.5630422,90.0,-1.01,-0.66
1790742857.607153,90.0,-1.02,-0.65
1790742857.665397,89.98,-1.02,-0.65
1790742857.70257,89.96,-1.02,-0.66
1790742857.766173,89.93,-1.02,-0.67
1790742857.804558,89.87,-1.02,-0.67
1790742857.865522,89.87,-1.02,-0.66
1790742857.903714,89.89,-1.02,-0.67
1790742857.967498,89.9,-1.02,-0.66
1790742858.022872,89.83,-1.01,-0.68
1790742858.0799968,89.85,-1.02,-0.68
1790742858.142889,89.83,-1.02,-0.69
1790742858.183831,89.82,-1.02,-0.69
1790742858.252876,89.85,-1.02,-0.69
1790742858.301763,89.84,-1.02,-0.69
1790742858.344668,89.85,-1.03,-0.69
1790742858.404896,89.85,-1.03,-0.69
1790742858.443785,89.85,-1.03,-0.69
1790742858.502799,89.85,-1.03,-0.69
1790742858.545161,89.85,-1.03,-0.7
1790742858.602933,89.85,-1.03,-0.7
1790742858.6455328,89.85,-1.03,-0.7
1790742858.702579,89.85,-1.03,-0.7
1790742858.746489,89.85,-1.03,-0.7
1790742858.799407,89.85,-1.03,-0.7
1790742858.863869,89.85,-1.03,-0.7
1790742858.9259572,89.85,-1.03,-0.7
1790742858.964978,89.85,-1.03,-0.7
1790742859.023576,89.85,-1.03,-0.7
1790742859.082618,89.86,-1.03,-0.7
1790742859.122554,89.85,-1.03,-0.7
1790742859.1836789,89.85,-1.03,-0.7
1790742859.2434628,89.85,-1.03,-0.7
1790742859.2849522,89.85,-1.03,-0.7
1790742859.341921,89.85,-1.03,-0.7
1790742859.404107,89.85,-1.03,-0.7
1790742859.442373,89.86,-1.03,-0.7
1790742859.502054,89.86,-1.03,-0.7
1790742859.564152,89.83,-1.03,-0.7
1790742859.620152,89.84,-1.03,-0.7
1790742859.6647658,91.07,-1.02,-0.7
1790742859.72397,94.54,-0.99,-0.7
1790742859.761021,97.09,-1.0,-0.71
1790742859.824764,100.04,-0.98,-0.71
1790742859.863002,103.08,-0.94,-0.76
1790742859.9255512,106.31,-0.95,-0.82
1790742859.961942,109.55,-0.94,-0.87
1790742860.023929,112.79,-0.94,-0.9
1790742860.063235,116.2,-0.91,-0.96
1790742860.124057,119.5,-0.9,-0.97
1790742860.183167,122.97,-0.84,-0.94
1790742860.243756,126.31,-0.82,-1.0
1790742860.28369,129.87,-0.77,-1.09
1790742860.342127,133.2,-0.74,-1.13
1790742860.382557,136.69,-0.7,-1.12
1790742860.442571,140.22,-0.67,-1.19
1790742860.483724,143.63,-0.63,-1.17
1790742860.5425448,147.11,-0.58,-1.22
1790742860.602061,150.56,-0.53,-1.17
1790742860.636949,154.05,-0.45,-1.17
1790742860.702094,157.49,-0.44,-1.18
1790742860.762014,161.04,-0.35,-1.15
1790742860.801451,164.43,-0.35,-1.16
1790742860.861921,168.0,-0.25,-1.14
1790742860.9035661,171.45,-0.25,-1.15
1790742860.962559,178.22,-0.17,-1.16
1790742861.002509,-178.66,-0.15,-1.19
1790742861.064496,-177.63,-0.1,-1.17
1790742861.12429,-177.26,-0.08,-1.15
1790742861.1659598,-176.78,-0.07,-1.14
1790742861.226393,-176.19,-0.07,-1.14
1790742861.2821481,-176.06,-0.07,-1.13
1790742861.318594,-176.08,-0.06,-1.14
1790742861.383646,-176.09,-0.06,-1.13
1790742861.4420822,-176.12,-0.06,-1.12
1790742861.4837198,-176.17,-0.06,-1.12
1790742861.542198,-176.29,-0.06,-1.12
1790742861.602178,-176.5,-0.05,-1.12
1790742861.643775,-176.75,-0.05,-1.11
1790742861.702131,-177.0,-0.06,-1.11
1790742861.7452521,-177.28,-0.06,-1.11
1790742861.803738,-177.62,-0.07,-1.11
1790742861.861921,-178.03,-0.08,-1.12
1790742861.902734,-178.24,-0.09,-1.12
1790742861.963378,-178.38,-0.09,-1.13
1790742862.024724,-178.6,-0.09,-1.13
1790742862.064925,-178.75,-0.09,-1.13
1790742862.125912,-179.02,-0.1,-1.14
1790742862.164762,-179.21,-0.09,-1.14
1790742862.211614,-179.36,-0.1,-1.14
1790742862.260864,-179.36,-0.1,-1.15
1790742862.310782,-179.36,-0.1,-1.15
1790742862.3822,-179.37,-0.1,-1.15
1790742862.422504,-179.39,-0.1,-1.15
1790742862.483436,-179.4,-0.1,-1.15
1790742862.5421262,-179.49,-0.1,-1.15
1790742862.584637,-179.51,-0.1,-1.15
1790742862.6382341,-179.51,-0.1,-1.15
1790742862.702291,-179.57,-0.1,-1.15
1790742862.744106,-179.59,-0.1,-1.14
1790742862.803187,-179.56,-0.1,-1.14
1790742862.862092,-179.6,-0.1,-1.14
1790742862.902453,-179.61,-0.1,-1.15
1790742862.962147,-179.68,-0.12,-1.15
1790742863.002285,-179.68,-0.12,-1.15
1790742863.0651891,-179.71,-0.11,-1.15
1790742863.103431,-179.74,-0.11,-1.15
1790742863.164489,-179.74,-0.11,-1.15
1790742863.223459,-179.75,-0.11,-1.15
1790742863.276902,-179.75,-0.11,-1.15
1790742863.342498,-179.79,-0.11,-1.15
1790742863.4035819,-179.78,-0.11,-1.15
1790742863.444557,-179.78,-0.11,-1.15
1790742863.502406,-179.77,-0.1,-1.15
1790742863.542498,-179.79,-0.11,-1.16
1790742863.602047,-179.78,-0.11,-1.15
1790742863.641259,-179.8,-0.11,-1.16
1790742863.702501,-179.81,-0.12,-1.16
1790742863.762849,-179.81,-0.12,-1.16
1790742863.8240519,-179.87,-0.12,-1.16
1790742863.8648021,-179.87,-0.12,-1.16
1790742863.9232068,-179.85,-0.12,-1.16
1790742863.965284,-179.9,-0.12,-1.16
1790742864.025461,-179.93,-0.12,-1.16
1790742864.084539,-179.92,-0.12,-1.16
1790742864.1232471,-179.91,-0.11,-1.16
1790742864.184125,-179.93,-0.12,-1.16
1790742864.223397,-179.94,-0.12,-1.16
1790742864.275788,-179.99,-0.12,-1.17
1790742864.342339,-180.0,-0.12,-1.17
1790742864.3782341,-179.98,-0.12,-1.17
1790742864.442539,179.97,-0.12,-1.17
1790742864.502121,179.96,-0.12,-1.16
1790742864.534347,179.96,-0.11,-1.16
1790742864.601967,179.97,-0.11,-1.16
1790742864.634228,179.96,-0.11,-1.16
1790742864.705622,179.96,-0.11,-1.17
1790742864.7836318,179.95,-0.12,-1.17
1790742864.825755,179.94,-0.12,-1.17
1790742864.882911,179.88,-0.12,-1.17
1790742864.924237,179.9,-0.12,-1.17
1790742864.983766,179.88,-0.12,-1.17
1790742865.042089,179.89,-0.12,-1.18
1790742865.084623,179.89,-0.12,-1.18
1790742865.142269,179.9,-0.12,-1.18
1790742865.183966,179.89,-0.12,-1.18
1790742865.246167,179.89,-0.12,-1.18
1790742865.303679,179.87,-0.1,-1.18
1790742865.343334,179.8,-0.04,-1.16
1790742865.4035661,179.64,0.02,-1.16
1790742865.4623182,179.85,-0.05,-1.12
1790742865.503606,179.8,-0.17,-1.13
1790742865.564091,179.75,-0.25,-1.1
1790742865.623596,179.79,-0.26,-1.13
1790742865.663879,179.77,-0.29,-1.14
1790742865.7231932,179.78,-0.27,-1.2
1790742865.785387,179.64,-0.24,-1.16
1790742865.842039,179.8,-0.19,-1.14
1790742865.885802,179.77,-0.15,-1.18
1790742865.93395,179.81,-0.17,-1.14
1790742866.023936,179.77,-0.2,-1.21
1790742866.042022,179.83,-0.23,-1.21
1790742866.103106,179.81,-0.25,-1.23
1790742866.1635048,179.79,-0.32,-1.3
1790742866.2036648,179.83,-0.27,-1.26
1790742866.299278,179.84,-0.22,-1.28
1790742866.325033,179.86,-0.19,-1.21
1790742866.3907452,179.86,-0.16,-1.21
1790742866.4237409,179.88,-0.15,-1.19
1790742866.484662,179.86,-0.11,-1.22
1790742866.522488,179.85,-0.1,-1.21
1790742866.585272,179.84,-0.06,-1.23
1790742866.638593,179.89,-0.04,-1.21
1790742866.697639,179.91,-0.01,-1.2
1790742866.790875,179.88,-0.01,-1.2
1790742866.8056881,179.87,0.04,-1.23
1790742866.843612,179.86,0.05,-1.18
1790742866.903231,179.85,0.1,-1.2
1790742866.963182,179.84,0.15,-1.23
1790742867.0264351,179.73,0.17,-1.17
1790742867.062712,179.86,0.22,-1.25
1790742867.125545,179.78,0.2,-1.23
1790742867.168791,179.84,0.24,-1.23
1790742867.222334,179.77,0.23,-1.26
1790742867.2868302,179.84,0.28,-1.24
1790742867.323536,179.81,0.25,-1.25
1790742867.383268,179.88,0.26,-1.28
1790742867.442662,179.9,0.24,-1.28
1790742867.484747,179.91,0.28,-1.3
1790742867.542811,179.92,0.25,-1.3
1790742867.583102,179.92,0.28,-1.28
1790742867.6475148,179.93,0.28,-1.25
1790742867.702945,179.92,0.27,-1.26
1790742867.750748,179.86,0.25,-1.24
1790742867.7982879,179.81,0.27,-1.25
1790742867.862277,179.85,0.29,-1.22
1790742867.92441,179.84,0.3,-1.2
1790742867.951827,179.83,0.31,-1.18
1790742868.0227299,179.82,0.31,-1.17
1790742868.05568,179.81,0.32,-1.16
1790742868.123168,179.8,0.32,-1.15
1790742868.159227,179.79,0.32,-1.16
1790742868.2235541,179.75,0.32,-1.16
1790742868.2861671,179.68,0.32,-1.17
1790742868.344979,179.68,0.32,-1.17
1790742868.384352,179.67,0.32,-1.17
1790742868.444285,179.67,0.32,-1.17
1790742868.484472,179.67,0.33,-1.18
1790742868.5446029,179.65,0.33,-1.18
1790742868.582795,179.64,0.32,-1.19
1790742868.642428,179.6,0.33,-1.2
1790742868.683569,179.58,0.33,-1.2
1790742868.7443671,179.57,0.33,-1.2
1790742868.80224,179.58,0.33,-1.21
1790742868.844492,179.56,0.34,-1.21
1790742868.9022012,179.46,0.34,-1.22
1790742868.962021,179.46,0.34,-1.22
1790742869.003847,179.5,0.34,-1.22
1790742869.061975,179.49,0.34,-1.22
1790742869.104063,179.48,0.34,-1.21
1790742869.1695502,179.48,0.34,-1.21
1790742869.247974,179.48,0.34,-1.21
1790742869.2837,179.47,0.34,-1.21
1790742869.3446379,179.47,0.34,-1.21
1790742869.382713,179.48,0.34,-1.21
1790742869.44487,179.47,0.34,-1.21
1790742869.5019908,179.47,0.34,-1.22
1790742869.544615,179.48,0.34,-1.22
1790742869.6019158,179.47,0.34,-1.21
1790742869.6572,179.47,0.34,-1.21
1790742869.702345,179.47,0.34,-1.21
1790742869.7621062,179.47,0.34,-1.22
1790742869.802289,179.47,0.34,-1.22
1790742869.8610492,179.47,0.34,-1.22
1790742869.922316,179.47,0.34,-1.22
1790742869.963434,179.47,0.34,-1.22
1790742870.024617,179.47,0.34,-1.22
1790742870.082512,179.47,0.34,-1.21
1790742870.144392,179.47,0.34,-1.21
1790742870.1838038,179.47,0.34,-1.22
1790742870.247516,179.47,0.34,-1.21
1790742870.304513,179.47,0.34,-1.21
1790742870.3432362,179.47,0.34,-1.22
1790742870.403001,179.49,0.35,-1.21
1790742870.46191,179.58,0.39,-1.22
1790742870.5022972,179.57,0.39,-1.19
1790742870.562186,179.53,0.37,-1.2
1790742870.622477,179.56,0.34,-1.2
1790742870.663407,179.6,0.33,-1.22
1790742870.717097,179.52,0.31,-1.25
1790742870.7840488,179.54,0.33,-1.22
1790742870.81803,179.52,0.34,-1.22
1790742870.8759282,179.54,0.33,-1.23
1790742870.9248059,179.49,0.33,-1.22
1790742870.980139,179.51,0.33,-1.22
1790742871.0255098,179.52,0.33,-1.22
1790742871.076627,179.52,0.33,-1.21
1790742871.1432881,179.52,0.34,-1.21
1790742871.1781278,177.47,0.3,-1.34
1790742871.247794,174.08,0.25,-1.41
1790742871.302272,171.54,0.23,-1.44
1790742871.345432,168.57,0.15,-1.5
1790742871.402187,165.37,0.1,-1.48
1790742871.462019,159.0,-0.07,-1.54
1790742871.503652,155.57,-0.12,-1.54
1790742871.563571,152.18,-0.16,-1.53
1790742871.621769,148.84,-0.21,-1.55
1790742871.660635,145.44,-0.26,-1.56
1790742871.721983,141.98,-0.33,-1.53
1790742871.762541,138.51,-0.4,-1.55
1790742871.824188,135.04,-0.47,-1.49
1790742871.881663,132.27,-0.59,-1.48
1790742871.9222772,132.27,-0.57,-1.48
1790742871.9865448,131.96,-0.58,-1.49
1790742872.0224268,131.34,-0.59,-1.5
1790742872.082044,130.95,-0.59,-1.52
1790742872.123687,130.45,-0.57,-1.49
1790742872.204214,129.97,-0.58,-1.45
1790742872.2259998,129.79,-0.5,-1.41
1790742872.302779,129.75,-0.5,-1.45
1790742872.3426838,129.62,-0.53,-1.44
1790742872.4021492,129.74,-0.51,-1.49
1790742872.444184,129.62,-0.51,-1.51
1790742872.5057652,129.6,-0.55,-1.48
1790742872.561978,129.67,-0.56,-1.5
1790742872.605633,129.69,-0.55,-1.49
1790742872.662205,128.61,-0.58,-1.49
1790742872.705489,126.61,-0.58,-1.5
1790742872.784756,125.15,-0.59,-1.48
1790742872.822368,123.52,-0.62,-1.48
1790742872.879902,121.75,-0.65,-1.43
1790742872.9441879,119.79,-0.69,-1.41
1790742872.9861891,117.88,-0.7,-1.4
1790742873.034226,116.18,-0.75,-1.35
1790742873.104473,114.15,-0.8,-1.3
1790742873.142674,112.18,-0.83,-1.33
1790742873.195853,110.35,-0.85,-1.32
1790742873.263472,106.29,-0.98,-1.26
1790742873.322809,104.28,-1.0,-1.27
1790742873.363297,102.33,-1.05,-1.24
1790742873.42332,100.36,-1.09,-1.22
1790742873.483032,98.34,-1.16,-1.19
1790742873.524249,96.47,-1.2,-1.13
1790742873.586414,94.35,-1.22,-1.09
1790742873.624543,92.39,-1.23,-1.08
1790742873.704741,90.5,-1.29,-1.08
1790742873.763486,87.48,-1.32,-1.04
1790742873.822988,87.13,-1.33,-1.03
1790742873.864583,86.79,-1.34,-1.04
1790742873.92314,86.43,-1.34,-1.04
1790742873.963378,86.27,-1.33,-1.03
1790742874.023284,86.25,-1.33,-1.03
1790742874.06356,86.28,-1.33,-1.03
1790742874.123265,86.31,-1.33,-1.03
1790742874.1831832,86.47,-1.33,-1.03
1790742874.224573,86.69,-1.33,-1.04
1790742874.284981,86.96,-1.33,-1.05
1790742874.3424041,87.12,-1.33,-1.05
1790742874.385918,87.23,-1.33,-1.05
1790742874.44277,87.41,-1.33,-1.05
1790742874.484096,87.58,-1.32,-1.05
1790742874.54321,87.81,-1.32,-1.05
1790742874.587618,88.13,-1.31,-1.05
1790742874.642584,88.34,-1.31,-1.05
1790742874.683787,88.51,-1.3,-1.05
1790742874.742634,88.67,-1.31,-1.05
1790742874.8044841,88.79,-1.31,-1.04
1790742874.8434072,88.98,-1.31,-1.04
1790742874.896715,89.28,-1.31,-1.04
1790742874.9648142,89.62,-1.3,-1.05
1790742874.998185,89.62,-1.3,-1.05
1790742875.063175,89.79,-1.3,-1.06
1790742875.122827,89.82,-1.3,-1.06
1790742875.1569102,89.8,-1.3,-1.06
1790742875.223197,89.87,-1.3,-1.06
1790742875.28318,89.93,-1.3,-1.07
1790742875.325013,89.99,-1.3,-1.07
1790742875.3849978,90.02,-1.3,-1.06
1790742875.442823,90.02,-1.3,-1.07
1790742875.484521,90.03,-1.3,-1.07
1790742875.544458,90.08,-1.29,-1.07
1790742875.603114,90.08,-1.3,-1.06
1790742875.643171,90.05,-1.3,-1.07
1790742875.7049541,90.1,-1.3,-1.06
1790742875.763215,90.11,-1.3,-1.06
1790742875.823099,90.12,-1.3,-1.06
1790742875.8630111,90.12,-1.3,-1.06
1790742875.916338,90.11,-1.3,-1.06
1790742875.984389,90.12,-1.3,-1.07
1790742876.023394,90.13,-1.3,-1.06
1790742876.087132,90.19,-1.3,-1.06
1790742876.142794,90.16,-1.31,-1.06
1790742876.1867971,90.16,-1.31,-1.06
1790742876.247296,90.18,-1.31,-1.06
1790742876.283335,90.19,-1.31,-1.06
1790742876.346449,90.21,-1.31,-1.06
1790742876.4046998,90.21,-1.31,-1.07
1790742876.444441,90.22,-1.3,-1.07
1790742876.5045161,90.2,-1.31,-1.07
1790742876.543432,90.22,-1.31,-1.07
1790742876.606117,90.27,-1.3,-1.07
1790742876.665465,90.24,-1.31,-1.06
1790742876.72291,90.26,-1.31,-1.06
1790742876.760863,90.27,-1.31,-1.06
1790742876.824394,90.28,-1.31,-1.07
1790742876.88544,90.31,-1.31,-1.07
1790742876.923306,90.28,-1.31,-1.06
1790742876.9875998,90.25,-1.32,-1.06
1790742877.042973,90.3,-1.31,-1.07
1790742877.08626,90.35,-1.31,-1.07
1790742877.142863,90.32,-1.32,-1.07
1790742877.188278,90.28,-1.32,-1.07
1790742877.246468,90.31,-1.32,-1.07
1790742877.302776,90.33,-1.32,-1.07
1790742877.345602,90.35,-1.32,-1.07
1790742877.403137,90.36,-1.32,-1.07
1790742877.46234,90.35,-1.32,-1.07
1790742877.5033212,90.34,-1.29,-1.08
1790742877.562824,90.43,-1.2,-1.1
1790742877.6237671,90.61,-1.18,-1.12
1790742877.6674109,90.62,-1.17,-1.15
1790742877.725826,90.49,-1.25,-1.15
1790742877.7764091,90.26,-1.32,-1.19
1790742877.847928,90.1,-1.37,-1.17
1790742877.8841732,90.07,-1.39,-1.18
1790742877.947618,90.07,-1.41,-1.15
1790742877.984202,90.12,-1.4,-1.19
1790742878.046499,89.98,-1.36,-1.2
1790742878.10374,89.92,-1.32,-1.14
1790742878.147937,89.98,-1.32,-1.18
1790742878.208104,90.07,-1.42,-1.15
1790742878.267193,90.07,-1.33,-1.13
1790742878.3187919,90.03,-1.28,-1.14
1790742878.3841972,90.04,-1.26,-1.14
1790742878.423435,90.05,-1.24,-1.13
1790742878.484158,90.03,-1.22,-1.15
1790742878.524121,90.04,-1.18,-1.13
1790742878.5844018,89.97,-1.16,-1.12
1790742878.6450088,90.01,-1.1,-1.1
1790742878.703765,90.04,-1.12,-1.1
1790742878.764069,90.0,-1.06,-1.08
1790742878.804249,90.01,-0.99,-1.08
1790742878.866532,90.03,-0.97,-1.09
1790742878.923836,90.02,-0.96,-1.04
1790742878.9672809,90.0,-0.86,-1.12
1790742879.0241349,89.98,-0.87,-1.11
1790742879.06721,90.0,-0.89,-1.12
1790742879.1234019,90.0,-0.88,-1.16
1790742879.1838248,89.96,-0.94,-1.17
1790742879.223895,89.99,-0.95,-1.21
1790742879.2790642,89.98,-0.96,-1.18
1790742879.345196,90.01,-0.96,-1.22
1790742879.3841128,89.91,-0.96,-1.2
1790742879.4467049,89.98,-0.99,-1.18
1790742879.485038,89.94,-0.95,-1.17
1790742879.532911,90.06,-1.01,-1.15
1790742879.603764,90.07,-1.0,-1.13
1790742879.638978,90.07,-1.03,-1.14
1790742879.7053928,90.09,-1.04,-1.15
1790742879.7643142,90.05,-1.05,-1.16
1790742879.8056471,90.03,-1.07,-1.16
1790742879.8647192,90.04,-1.12,-1.14
1790742879.923899,90.0,-1.14,-1.14
1790742879.9645388,89.97,-1.14,-1.12
1790742880.024032,90.0,-1.1,-1.1
1790742880.082355,90.01,-1.09,-1.1
1790742880.1245818,90.01,-1.09,-1.09
1790742880.1838531,90.01,-1.08,-1.09
1790742880.2241752,90.01,-1.08,-1.09
1790742880.281594,89.99,-1.08,-1.1
1790742880.324277,89.99,-1.08,-1.09
1790742880.382957,90.0,-1.08,-1.09
1790742880.449304,90.01,-1.08,-1.09
1790742880.482791,90.01,-1.08,-1.09
1790742880.5351129,90.01,-1.09,-1.09
1790742880.5829508,90.05,-1.09,-1.09
1790742880.637606,90.03,-1.1,-1.09
1790742880.70398,90.03,-1.1,-1.09
1790742880.751791,90.03,-1.1,-1.09
1790742880.804564,90.04,-1.1,-1.09
1790742880.863772,90.05,-1.11,-1.09
1790742880.925806,90.05,-1.11,-1.09
1790742880.96478,90.04,-1.11,-1.09
1790742881.024417,89.99,-1.11,-1.09
1790742881.066647,90.06,-1.11,-1.08
1790742881.125579,90.04,-1.12,-1.09
1790742881.164782,90.03,-1.12,-1.09
1790742881.227781,90.03,-1.11,-1.09
1790742881.2839239,90.0,-1.11,-1.09
1790742881.327093,90.0,-1.12,-1.09
1790742881.383761,90.0,-1.12,-1.09
1790742881.4261,89.98,-1.12,-1.09
1790742881.4837499,90.0,-1.12,-1.08
1790742881.542206,90.01,-1.12,-1.08
1790742881.585293,90.01,-1.12,-1.08
1790742881.6425211,90.01,-1.12,-1.08
1790742881.685566,90.02,-1.12,-1.08
1790742881.744298,90.02,-1.12,-1.08
1790742881.8016472,90.03,-1.12,-1.08
1790742881.8639581,90.03,-1.12,-1.08
1790742881.9061792,90.04,-1.12,-1.08
1790742881.965761,90.03,-1.12,-1.08
1790742882.026363,90.03,-1.12,-1.08
1790742882.0643342,90.03,-1.12,-1.08
1790742882.128394,90.03,-1.12,-1.08
1790742882.184001,90.03,-1.12,-1.08
1790742882.227956,90.04,-1.12,-1.08
1790742882.283762,90.03,-1.12,-1.08
1790742882.343851,90.03,-1.12,-1.08
1790742882.3854568,90.04,-1.12,-1.08
1790742882.44416,90.04,-1.12,-1.08
1790742882.4857469,90.03,-1.12,-1.08
1790742882.543926,90.04,-1.12,-1.08
1790742882.5854359,90.04,-1.12,-1.08
1790742882.6441731,90.04,-1.12,-1.08
1790742882.7037802,90.04,-1.12,-1.08
1790742882.752374,90.05,-1.12,-1.09
1790742882.799477,90.06,-1.12,-1.1
1790742882.8622148,90.05,-1.12,-1.09
1790742882.899769,90.02,-1.11,-1.09
1790742882.966017,90.01,-1.11,-1.1
1790742883.003617,90.02,-1.11,-1.1
1790742883.0644019,89.99,-1.12,-1.1
1790742883.102245,89.99,-1.11,-1.1
1790742883.1569002,89.98,-1.11,-1.1
1790742883.2243042,89.97,-1.11,-1.1
1790742883.284158,89.97,-1.12,-1.11
1790742883.3456068,89.97,-1.11,-1.11
1790742883.385236,89.96,-1.12,-1.11
1790742883.444244,89.94,-1.11,-1.11
1790742883.485388,89.93,-1.11,-1.11
1790742883.538325,89.94,-1.12,-1.11
1790742883.5841432,89.94,-1.12,-1.11
1790742883.644347,89.94,-1.11,-1.12
1790742883.7043982,89.94,-1.11,-1.12
1790742883.7458198,89.93,-1.11,-1.12
1790742883.8050828,89.9,-1.12,-1.13
1790742883.860769,89.94,-1.12,-1.13
1790742883.9046242,89.92,-1.12,-1.13
1790742883.9593751,89.91,-1.12,-1.13
1790742884.025537,89.91,-1.12,-1.14
1790742884.08598,89.91,-1.12,-1.14
1790742884.119155,89.89,-1.11,-1.15
1790742884.187691,89.88,-1.12,-1.15
1790742884.226146,89.89,-1.12,-1.15
1790742884.288012,89.89,-1.12,-1.15
1790742884.344964,89.82,-1.11,-1.16
1790742884.388646,89.84,-1.11,-1.16
1790742884.445083,89.84,-1.11,-1.17
1790742884.504801,89.86,-1.12,-1.16
1790742884.546349,89.83,-1.11,-1.17
1790742884.6048179,89.78,-1.11,-1.17
1790742884.6473038,89.79,-1.12,-1.17
1790742884.706358,89.79,-1.11,-1.17
1790742884.7667992,89.78,-1.11,-1.17
1790742884.805454,89.78,-1.12,-1.18
1790742884.870341,89.78,-1.12,-1.18
1790742884.925756,89.78,-1.12,-1.18
1790742884.986298,89.78,-1.12,-1.18
1790742885.023251,89.78,-1.12,-1.19
1790742885.0866492,89.78,-1.12,-1.19
1790742885.144693,89.78,-1.12,-1.19
1790742885.18727,89.78,-1.12,-1.2
1790742885.245777,89.78,-1.12,-1.2
1790742885.2868311,89.78,-1.11,-1.21
1790742885.345247,89.79,-1.12,-1.2
1790742885.388434,89.77,-1.12,-1.21
1790742885.44632,89.79,-1.12,-1.21
1790742885.505258,89.77,-1.12,-1.22
1790742885.545249,89.76,-1.12,-1.22
1790742885.604743,89.76,-1.13,-1.22
1790742885.6441128,89.75,-1.13,-1.23
1790742885.706382,89.78,-1.13,-1.23
1790742885.7661881,89.75,-1.13,-1.23
1790742885.8064058,89.71,-1.13,-1.23
1790742885.8651452,89.71,-1.13,-1.23
1790742885.924721,89.71,-1.13,-1.24
1790742885.965406,89.7,-1.13,-1.24
1790742886.0264692,89.71,-1.13,-1.24
1790742886.0659719,89.7,-1.13,-1.24
1790742886.1234748,89.71,-1.13,-1.25
1790742886.1650088,89.7,-1.13,-1.25
1790742886.22625,89.7,-1.14,-1.25
1790742886.285665,89.69,-1.14,-1.25
1790742886.324708,89.68,-1.13,-1.25
1790742886.385671,89.68,-1.13,-1.25
1790742886.44515,89.68,-1.13,-1.26
1790742886.478977,89.67,-1.13,-1.26
1790742886.544991,89.67,-1.13,-1.26
1790742886.5879219,89.68,-1.14,-1.26
1790742886.650298,89.67,-1.14,-1.27
1790742886.724405,89.64,-1.14,-1.28
1790742886.7462022,89.6,-1.14,-1.27
1790742886.805235,89.6,-1.14,-1.28
1790742886.865165,89.61,-1.14,-1.28
1790742886.905121,89.58,-1.14,-1.29
1790742886.969549,89.6,-1.14,-1.29
1790742887.005918,89.6,-1.14,-1.29
1790742887.065347,89.59,-1.14,-1.29
1790742887.1248598,89.57,-1.14,-1.3
1790742887.2024472,89.54,-1.14,-1.3
1790742887.265012,89.53,-1.14,-1.3
1790742887.3246028,89.55,-1.14,-1.3
1790742887.3682098,89.55,-1.14,-1.31
1790742887.42501,89.57,-1.13,-1.31
1790742887.46506,89.55,-1.13,-1.31
1790742887.5263438,89.55,-1.13,-1.31
1790742887.585141,89.53,-1.14,-1.31
1790742887.643198,89.53,-1.14,-1.31
1790742887.686429,89.52,-1.14,-1.31
1790742887.732818,89.55,-1.14,-1.32
1790742887.804825,89.55,-1.14,-1.32
1790742887.844964,89.53,-1.14,-1.32
1790742887.904712,89.51,-1.14,-1.32
1790742887.944958,89.53,-1.14,-1.32
1790742888.005613,89.54,-1.14,-1.33
1790742888.045502,89.51,-1.14,-1.33
1790742888.105582,89.51,-1.14,-1.34
1790742888.1648698,89.52,-1.14,-1.34
1790742888.2063518,89.52,-1.15,-1.35
1790742888.285811,89.51,-1.15,-1.34
1790742888.3251688,89.5,-1.14,-1.34
1790742888.385011,89.51,-1.14,-1.35
1790742888.4446359,89.43,-1.14,-1.35
1790742888.486243,89.45,-1.15,-1.35
1790742888.545795,89.46,-1.15,-1.35
1790742888.585588,89.44,-1.15,-1.35
1790742888.644712,89.46,-1.15,-1.35
1790742888.687841,89.43,-1.15,-1.35
1790742888.750144,89.42,-1.15,-1.35
1790742888.795852,89.43,-1.15,-1.36
1790742888.84724,89.43,-1.15,-1.36
1790742888.897526,89.42,-1.15,-1.37
1790742888.964895,89.41,-1.15,-1.37
1790742889.004374,89.41,-1.15,-1.37
1790742889.0646772,89.41,-1.15,-1.37
1790742889.105029,89.41,-1.15,-1.38
1790742889.166485,89.41,-1.15,-1.38
1790742889.2250922,89.41,-1.15,-1.38
1790742889.284872,89.41,-1.15,-1.38
1790742889.325718,89.42,-1.15,-1.38
1790742889.384919,89.42,-1.15,-1.38
1790742889.4652119,89.42,-1.15,-1.39
1790742889.4995232,89.42,-1.15,-1.39
1790742889.565099,89.43,-1.15,-1.39
1790742889.605154,89.42,-1.15,-1.39
1790742889.6647942,89.42,-1.15,-1.4
1790742889.704438,89.42,-1.15,-1.4
1790742889.766742,89.41,-1.15,-1.4
1790742889.825953,89.41,-1.15,-1.4
1790742889.8639848,89.42,-1.15,-1.4
1790742889.92661,89.41,-1.15,-1.41
1790742889.985537,89.39,-1.15,-1.41
1790742890.02757,89.39,-1.15,-1.41
1790742890.086816,89.39,-1.15,-1.41
1790742890.147903,89.38,-1.15,-1.41
1790742890.186332,89.38,-1.15,-1.41
1790742890.251837,89.38,-1.15,-1.42
1790742890.298348,89.37,-1.15,-1.42
1790742890.364726,89.37,-1.16,-1.43
1790742890.402991,89.36,-1.15,-1.43
1790742890.457688,89.36,-1.15,-1.43
1790742890.505238,89.36,-1.15,-1.44
1790742890.5588648,89.35,-1.16,-1.44
1790742890.624773,89.35,-1.15,-1.44
1790742890.6589592,89.34,-1.15,-1.45
1790742890.724936,89.33,-1.16,-1.45
1790742890.7846148,89.34,-1.16,-1.45
1790742890.82495,89.33,-1.16,-1.45
1790742890.884912,89.32,-1.16,-1.45
1790742890.946608,89.32,-1.16,-1.46
1790742890.987916,89.32,-1.16,-1.46
1790742891.046617,89.33,-1.16,-1.46
1790742891.101099,89.33,-1.16,-1.47
1790742891.145995,89.33,-1.16,-1.47
1790742891.1988711,89.33,-1.16,-1.47
1790742891.267863,89.27,-1.16,-1.48
1790742891.303303,89.27,-1.16,-1.47
1790742891.357484,89.26,-1.16,-1.48
1790742891.426694,89.25,-1.16,-1.48
1790742891.4624488,89.26,-1.16,-1.48
1790742891.513938,89.26,-1.16,-1.48
1790742891.565242,89.26,-1.16,-1.49
1790742891.6214368,89.27,-1.16,-1.49
1790742891.6869829,89.27,-1.16,-1.49
1790742891.7462919,89.27,-1.16,-1.49
1790742891.787308,89.27,-1.16,-1.5
1790742891.8453062,89.27,-1.16,-1.5
1790742891.904813,89.26,-1.16,-1.5
1790742891.945232,89.26,-1.16,-1.51
1790742892.005218,89.26,-1.16,-1.51
1790742892.0456278,89.25,-1.16,-1.51
1790742892.106394,89.25,-1.16,-1.51
1790742892.16464,89.23,-1.16,-1.51
1790742892.206194,89.23,-1.16,-1.52
1790742892.262052,89.22,-1.16,-1.52
1790742892.32466,89.21,-1.16,-1.52
1790742892.387987,89.2,-1.16,-1.52
1790742892.426804,89.2,-1.17,-1.53
1790742892.484572,89.18,-1.16,-1.53
1790742892.525187,89.18,-1.16,-1.53
1790742892.58495,89.17,-1.16,-1.53
1790742892.626318,89.16,-1.16,-1.53
1790742892.684545,89.15,-1.16,-1.54
1790742892.7261498,89.14,-1.16,-1.54
1790742892.780273,89.14,-1.17,-1.54
1790742892.844595,89.13,-1.17,-1.54
1790742892.878162,89.12,-1.17,-1.54
1790742892.944842,89.12,-1.17,-1.54
1790742892.983841,89.12,-1.17,-1.55
1790742893.045603,89.11,-1.17,-1.55
1790742893.0845912,89.11,-1.17,-1.55
1790742893.148164,89.11,-1.17,-1.55
1790742893.20863,89.09,-1.17,-1.55
1790742893.247298,89.0,-1.17,-1.55
1790742893.307714,89.02,-1.17,-1.55
1790742893.347025,88.97,-1.17,-1.56
1790742893.405225,88.96,-1.17,-1.55
1790742893.467773,88.95,-1.17,-1.55
1790742893.508012,86.72,-1.18,-1.57
1790742893.564656,83.1,-1.25,-1.52
1790742893.608052,80.63,-1.3,-1.53
1790742893.665112,77.44,-1.35,-1.46
1790742893.708545,74.2,-1.43,-1.42
1790742893.764837,71.13,-1.49,-1.4
1790742893.836781,67.66,-1.55,-1.32
1790742893.90785,64.44,-1.59,-1.3
1790742893.956406,60.95,-1.64,-1.19
1790742893.985725,57.69,-1.69,-1.14
1790742894.045001,54.08,-1.74,-1.06
1790742894.08713,50.69,-1.76,-0.95
1790742894.1452448,47.22,-1.78,-0.88
1790742894.186351,43.79,-1.82,-0.78
1790742894.2468271,40.25,-1.82,-0.72
1790742894.3065379,36.76,-1.84,-0.61
1790742894.406386,33.34,-1.84,-0.54
1790742894.465942,22.81,-1.83,-0.21
1790742894.514582,22.81,-1.83,-0.21
1790742894.565994,15.79,-1.81,-0.07
1790742894.6107242,12.41,-1.75,-0.0
1790742894.666276,8.85,-1.75,0.12
1790742894.724758,5.5,-1.71,0.17
1790742894.78312,2.46,-1.69,0.24
1790742894.825123,-0.33,-1.67,0.31
1790742894.8868961,-2.47,-1.65,0.33
1790742894.925059,-3.86,-1.62,0.37
1790742894.9870589,-4.18,-1.61,0.38
1790742895.025158,-4.87,-1.59,0.41
1790742895.082767,-5.37,-1.57,0.43
1790742895.126587,-5.68,-1.57,0.44
1790742895.1818151,-4.43,-1.59,0.4
1790742895.225198,-2.88,-1.62,0.37
1790742895.283929,-1.24,-1.62,0.35
1790742895.3445141,0.14,-1.64,0.29
1790742895.388608,0.91,-1.64,0.26
1790742895.444715,0.95,-1.64,0.25
1790742895.485722,0.99,-1.64,0.25
1790742895.546313,1.06,-1.65,0.24
1790742895.6046321,1.07,-1.65,0.24
1790742895.647138,1.12,-1.65,0.24
1790742895.705048,1.21,-1.65,0.23
1790742895.750011,1.25,-1.65,0.23
1790742895.804885,1.28,-1.65,0.23
1790742895.845525,1.33,-1.65,0.22
1790742895.905254,1.33,-1.65,0.22
1790742895.964726,1.36,-1.66,0.22
1790742895.998952,1.37,-1.66,0.22
1790742896.064805,1.37,-1.66,0.21
1790742896.105067,1.37,-1.66,0.21
1790742896.1859431,1.37,-1.66,0.21
1790742896.22431,1.37,-1.66,0.21
1790742896.289655,1.37,-1.66,0.21
1790742896.344552,1.36,-1.66,0.21
1790742896.38747,1.38,-1.66,0.21
1790742896.445487,1.44,-1.66,0.2
1790742896.506599,1.45,-1.66,0.2
1790742896.546329,1.43,-1.66,0.2
1790742896.605099,1.43,-1.66,0.2
1790742896.664644,1.45,-1.66,0.19
1790742896.7066948,1.45,-1.66,0.19
1790742896.766989,1.45,-1.66,0.19
1790742896.82477,1.44,-1.66,0.19
1790742896.867912,1.42,-1.67,0.19
1790742896.92512,1.44,-1.66,0.19
1790742896.965045,1.44,-1.67,0.19
1790742897.0248692,1.45,-1.66,0.18
1790742897.08783,1.45,-1.66,0.19
1790742897.125612,1.44,-1.67,0.18
1790742897.185617,1.43,-1.67,0.18
1790742897.2494872,1.43,-1.67,0.18
1790742897.28707,1.45,-1.67,0.18
1790742897.344886,1.42,-1.67,0.18
1790742897.402509,1.42,-1.67,0.17
1790742897.448137,1.41,-1.67,0.17
1790742897.5048199,1.46,-1.67,0.17
1790742897.545619,1.46,-1.67,0.17
1790742897.6067562,1.45,-1.67,0.16
1790742897.645918,1.45,-1.67,0.16
1790742897.706212,1.45,-1.67,0.16
1790742897.7648609,1.43,-1.67,0.16
1790742897.804493,1.39,-1.63,0.16
1790742897.858874,1.34,-1.57,0.16
1790742897.9248981,1.33,-1.55,0.15
1790742897.9629729,1.28,-1.57,0.14
1790742898.025395,1.21,-1.59,0.12
1790742898.0847292,1.12,-1.67,0.13
1790742898.125175,1.02,-1.66,0.15
1790742898.1855638,0.85,-1.66,0.13
1790742898.245803,0.71,-1.65,0.13
1790742898.287471,0.7,-1.65,0.13
1790742898.347918,0.64,-1.6,0.07
1790742898.427198,0.54,-1.57,0.07
1790742898.488204,0.44,-1.56,0.1
1790742898.527169,0.42,-1.61,0.07
1790742898.585899,0.27,-1.58,0.08
1790742898.627412,0.29,-1.57,0.1
1790742898.68529,0.24,-1.59,0.09
1790742898.727152,0.22,-1.56,0.08
1790742898.781914,0.17,-1.54,0.06
1790742898.826594,0.17,-1.48,0.08
1790742898.886209,0.11,-1.41,0.06
1790742898.9463491,0.11,-1.38,0.11
1790742898.9859462,0.06,-1.38,0.09
1790742899.047285,0.07,-1.36,0.1
1790742899.086035,-0.0,-1.32,0.08
1790742899.149301,-0.04,-1.32,0.16
1790742899.186283,0.12,-1.26,0.23
1790742899.266944,0.07,-1.2,0.26
1790742899.309116,0.14,-1.13,0.2
1790742899.3666189,-0.06,-1.16,0.19
1790742899.409751,-0.08,-1.13,0.18
1790742899.4618812,-0.02,-1.13,0.16
1790742899.524618,0.03,-1.12,0.14
1790742899.5624802,0.04,-1.12,0.15
1790742899.625877,0.11,-1.11,0.16
1790742899.66876,0.17,-1.09,0.16
1790742899.725704,0.12,-1.12,0.14
1790742899.7871308,0.13,-1.15,0.17
1790742899.819183,0.1,-1.11,0.26
1790742899.8850298,0.04,-1.11,0.19
1790742899.917587,-0.01,-1.12,0.19
1790742899.988439,0.12,-1.11,0.13
1790742900.02782,0.15,-1.09,0.08
1790742900.085747,0.19,-1.09,0.08
1790742900.123809,0.13,-1.09,0.08
1790742900.186016,0.12,-1.08,0.08
1790742900.223723,0.12,-1.01,0.08
1790742900.285692,0.09,-0.96,0.09
1790742900.325942,0.01,-0.94,0.14
1790742900.387109,0.01,-0.96,0.11
1790742900.425457,-0.04,-1.05,0.04
1790742900.477698,-0.05,-1.13,0.03
1790742900.545625,-0.11,-1.16,-0.03
1790742900.5822248,-0.2,-1.19,0.0
1790742900.645622,-0.13,-1.21,-0.07
1790742900.708937,-0.09,-1.21,-0.09
1790742900.768181,-0.02,-1.21,-0.0
1790742900.803116,-0.24,-1.25,0.01
1790742900.8657448,-0.29,-1.24,0.01
1790742900.9074519,-0.45,-1.24,0.01
1790742900.966051,-0.44,-1.24,0.01
1790742901.0064268,-0.45,-1.23,0.01
1790742901.068314,-0.46,-1.23,0.01
1790742901.125739,-0.46,-1.23,0.02
1790742901.168861,-0.46,-1.23,0.02
1790742901.225955,-0.47,-1.22,0.02
1790742901.2823281,-0.47,-1.22,0.02
1790742901.345549,-0.5,-1.22,0.03
1790742901.384175,-0.48,-1.22,0.03
1790742901.447165,-0.48,-1.22,0.03
1790742901.5075798,-0.48,-1.22,0.03
1790742901.545901,-0.47,-1.21,0.02
1790742901.607581,-0.49,-1.21,0.02
1790742901.6653702,-0.49,-1.2,0.02
1790742901.7291572,-0.5,-1.2,0.02
1790742901.7847931,-0.47,-1.2,0.02
1790742901.82792,-0.5,-1.2,0.02
1790742901.8847091,-0.51,-1.2,0.02
1790742901.9292731,-0.5,-1.2,0.01
1790742901.984784,-0.47,-1.2,0.01
1790742902.028966,-0.48,-1.2,0.01
1790742902.085567,-0.45,-1.2,0.0
1790742902.129094,-0.47,-1.2,0.01
1790742902.185461,-0.48,-1.2,0.0
1790742902.231084,-0.48,-1.2,0.0
1790742902.2826638,-0.48,-1.2,0.0
1790742902.34592,-0.47,-1.2,0.0
1790742902.384966,-0.47,-1.2,-0.0
1790742902.436822,-0.47,-1.2,-0.0
1790742902.505551,-0.47,-1.2,-0.0
1790742902.5425978,-0.47,-1.2,-0.0
1790742902.606017,-0.47,-1.2,-0.0
1790742902.665369,-0.47,-1.2,-0.0
1790742902.7084658,-0.47,-1.2,-0.01
1790742902.7675369,-0.47,-1.2,-0.01
1790742902.827543,-0.47,-1.2,-0.01
1790742902.885681,-0.47,-1.2,-0.0
1790742902.9445481,-0.47,-1.2,-0.0
1790742902.986017,-0.47,-1.2,-0.0
1790742903.045703,-0.47,-1.2,-0.0
1790742903.087282,-0.47,-1.2,-0.0
1790742903.145486,-0.47,-1.2,-0.01
1790742903.1856508,-0.47,-1.2,-0.01
1790742903.236723,-0.47,-1.2,-0.01
1790742903.2873,-0.47,-1.2,-0.01
1790742903.3454232,-0.47,-1.2,-0.01
1790742903.387436,-0.47,-1.2,-0.0
1790742903.440789,-0.48,-1.2,-0.01
1790742903.507089,-0.45,-1.19,-0.0
1790742903.542621,-0.51,-1.17,-0.02
1790742903.6014762,-0.52,-1.17,-0.02
1790742903.6658041,-0.49,-1.25,-0.01
1790742903.7073221,-0.51,-1.22,0.03
1790742903.766426,-0.59,-1.24,0.04
1790742903.826751,-0.56,-1.29,-0.0
1790742903.885812,-0.57,-1.29,-0.01
1790742903.926629,-0.55,-1.27,-0.03
1790742903.9855812,-0.58,-1.25,-0.03
1790742904.045262,-0.55,-1.26,-0.02
1790742904.0862458,-0.54,-1.25,-0.02
1790742904.146689,-0.54,-1.25,-0.02
1790742904.186274,-0.54,-1.25,-0.02
1790742904.248093,-0.54,-1.24,-0.02
1790742904.3080618,-1.75,-1.23,-0.07
1790742904.347439,-5.33,-1.17,-0.03
1790742904.406281,-7.95,-1.11,-0.01
1790742904.445577,-10.84,-1.12,0.04
1790742904.503103,-14.11,-1.06,0.11
1790742904.545434,-20.5,-0.99,0.16
1790742904.603036,-23.89,-0.99,0.22
1790742904.665518,-27.14,-0.9,0.24
1790742904.703594,-30.62,-0.89,0.34
1790742904.769187,-33.95,-0.84,0.34
1790742904.804002,-37.55,-0.76,0.4
1790742904.870982,-40.45,-0.77,0.4
1790742904.905966,-43.84,-0.45,0.44
1790742904.967176,-47.95,0.05,0.46
1790742905.026088,-51.49,0.22,0.55
1790742905.067138,-54.78,0.4,0.5
1790742905.129845,-58.36,0.27,0.52
1790742905.185458,-61.74,0.22,0.47
1790742905.226638,-65.48,-0.18,0.49
1790742905.285901,-68.98,-0.35,0.51
1790742905.3455172,-72.12,-0.36,0.53
1790742905.3859699,-75.7,-0.29,0.48
1790742905.4454641,-79.23,-0.22,0.56
1790742905.514764,-82.68,-0.14,0.57
1790742905.545998,-86.11,-0.07,0.51
1790742905.60606,-89.35,0.0,0.47
1790742905.646254,-94.17,0.08,0.37
1790742905.70431,-96.02,0.05,0.36
1790742905.766526,-96.42,0.09,0.36
1790742905.805301,-96.92,0.1,0.36
1790742905.865837,-97.31,0.09,0.35
1790742905.905097,-97.51,0.09,0.37
1790742905.968857,-95.59,0.08,0.39
1790742906.026119,-93.63,0.05,0.42
1790742906.069953,-91.9,0.03,0.43
1790742906.127146,-90.25,0.01,0.45
1790742906.185738,-89.14,-0.0,0.46
1790742906.226022,-89.2,-0.01,0.46
1790742906.2862341,-89.14,-0.01,0.46
1790742906.327283,-89.03,-0.02,0.46
1790742906.3875048,-88.99,-0.02,0.46
1790742906.4459362,-88.91,-0.02,0.47
1790742906.488144,-88.78,-0.01,0.47
1790742906.546228,-88.73,-0.02,0.47
1790742906.587318,-88.68,-0.02,0.47
1790742906.645632,-88.58,-0.02,0.47
1790742906.688253,-88.57,-0.02,0.47
1790742906.747881,-88.56,-0.02,0.47
1790742906.840199,-88.49,-0.02,0.47
1790742906.852198,-88.47,-0.03,0.47
1790742906.905654,-88.46,-0.03,0.47
1790742906.949547,-88.46,-0.03,0.47
1790742907.00602,-88.47,-0.03,0.47
1790742907.045888,-88.45,-0.03,0.47
1790742907.105818,-88.42,-0.03,0.47
1790742907.166483,-88.4,-0.03,0.47
1790742907.205778,-88.38,-0.03,0.47
1790742907.268542,-88.38,-0.03,0.47
1790742907.305759,-88.37,-0.03,0.47
1790742907.406132,-88.37,-0.03,0.48
1790742907.46734,-88.36,-0.03,0.48
1790742907.509152,-88.32,-0.03,0.48
1790742907.5653892,-88.35,-0.04,0.48
1790742907.625463,-88.35,-0.03,0.48
1790742907.669152,-88.34,-0.03,0.48
1790742907.725425,-88.34,-0.04,0.48
1790742907.7775621,-88.37,-0.04,0.48
1790742907.846587,-88.34,-0.04,0.49
1790742907.88291,-88.28,-0.03,0.49
1790742907.947099,-88.27,-0.04,0.49
1790742908.00542,-88.28,-0.04,0.49
1790742908.0466812,-88.28,-0.03,0.49
1790742908.105954,-88.28,-0.03,0.49
1790742908.1464362,-88.28,-0.03,0.49
1790742908.205431,-88.27,-0.03,0.49
1790742908.255848,-88.28,-0.04,0.49
1790742908.3055959,-88.27,-0.04,0.49
1790742908.3681111,-88.27,-0.04,0.49
1790742908.405854,-88.24,-0.04,0.49
1790742908.4687161,-88.25,-0.04,0.49
1790742908.50587,-88.25,-0.04,0.49
1790742908.568187,-88.26,-0.04,0.49
1790742908.6060128,-88.25,-0.04,0.49
1790742908.6671538,-88.27,-0.04,0.49
1790742908.7058141,-88.28,0.01,0.48
1790742908.767742,-88.39,0.08,0.48
1790742908.8253021,-88.59,0.05,0.46
1790742908.866768,-88.74,0.06,0.42
1790742908.924908,-88.85,0.03,0.46
1790742908.9854422,-88.87,-0.08,0.4
1790742909.026249,-88.86,-0.1,0.42
1790742909.0795252,-88.9,-0.39,-0.08
1790742909.144553,-89.24,-0.41,-0.25
1790742909.1786098,-89.38,-0.4,-0.3
1790742909.245727,-89.48,-0.42,-0.3
1790742909.2859478,-89.47,-0.32,-0.14
1790742909.340758,-89.59,0.03,0.41
1790742909.4058628,-89.53,-0.0,0.42
1790742909.4431932,-89.51,-0.01,0.41
1790742909.5053198,-89.51,-0.01,0.42
1790742909.545467,-89.56,0.01,0.42
1790742909.605941,-89.59,0.03,0.42
1790742909.665558,-89.8,0.1,0.46
1790742909.705684,-89.79,0.1,0.42
1790742909.766019,-89.82,0.14,0.41
1790742909.8258188,-89.81,0.15,0.4
1790742909.8861032,-89.86,0.23,0.36
1790742909.925819,-89.88,0.27,0.38
1790742909.985945,-89.89,0.22,0.4
1790742910.025951,-89.9,0.24,0.39
1790742910.08745,-89.89,0.26,0.42
1790742910.145548,-89.9,0.25,0.44
1790742910.184909,-89.89,0.29,0.43
1790742910.244061,-89.89,0.27,0.44
1790742910.305907,-89.88,0.27,0.46
1790742910.367517,-89.89,0.26,0.43
1790742910.42538,-89.9,0.21,0.43
1790742910.467055,-89.91,0.2,0.4
1790742910.5256379,-89.93,0.15,0.41
1790742910.5674949,-89.94,0.14,0.48
1790742910.629188,-89.92,0.14,0.43
1790742910.685792,-89.91,0.09,0.45
1790742910.729907,-90.01,0.09,0.46
1790742910.7870789,-89.93,0.09,0.46
1790742910.847664,-89.61,0.1,0.49
1790742910.905565,-89.54,0.12,0.48
1790742910.943839,-89.52,0.12,0.49
1790742911.006005,-89.52,0.14,0.5
1790742911.045064,-89.64,0.15,0.5
1790742911.1058629,-89.64,0.15,0.5
1790742911.165448,-90.11,0.17,0.48
1790742911.206014,-90.39,0.18,0.49
1790742911.267467,-90.41,0.18,0.49
1790742911.327206,-90.4,0.18,0.49
1790742911.3670568,-90.41,0.18,0.5
1790742911.4286861,-90.4,0.18,0.5
1790742911.467228,-90.4,0.18,0.5
1790742911.529354,-89.77,0.18,0.5
1790742911.567008,-86.08,0.12,0.59
1790742911.625383,-83.38,0.05,0.61
1790742911.6855512,-80.55,0.01,0.64
1790742911.7282581,-77.42,-0.07,0.69
1790742911.788956,-74.25,-0.09,0.68
1790742911.862794,-70.95,-0.15,0.7
1790742911.903898,-64.36,-0.29,0.66
1790742911.9692512,-60.94,-0.34,0.72
1790742912.005366,-57.54,-0.4,0.67
1790742912.08438,-54.13,-0.47,0.66
1790742912.128874,-50.69,-0.52,0.64
1790742912.166067,-47.18,-0.59,0.62
1790742912.228576,-43.8,-0.63,0.56
1790742912.2689831,-40.25,-0.73,0.53
1790742912.325856,-36.82,-0.78,0.53
1790742912.3674371,-33.26,-0.86,0.53
1790742912.42874,-29.87,-0.94,0.5
1790742912.523448,-26.35,-0.99,0.49
1790742912.5275872,-22.86,-1.02,0.46
1790742912.573632,-19.33,-1.1,0.39
1790742912.627756,-15.91,-1.14,0.34
1790742912.685965,-12.42,-1.21,0.27
1790742912.725523,-8.89,-1.28,0.29
1790742912.787277,-5.42,-1.34,0.21
1790742912.845937,-2.06,-1.38,0.19
1790742912.906411,0.6,-1.38,0.15
1790742912.946253,2.83,-1.42,0.12
1790742913.006285,4.87,-1.46,0.07
1790742913.0462122,5.16,-1.48,0.05
1790742913.105521,5.76,-1.49,0.04
1790742913.146792,6.22,-1.48,0.04
1790742913.205407,6.55,-1.48,0.03
1790742913.2491798,5.59,-1.48,0.01
1790742913.305822,2.1,-1.4,0.1
1790742913.368959,0.31,-1.36,0.15
1790742913.427679,-0.31,-1.35,0.17
1790742913.4649,-0.75,-1.36,0.19
1790742913.517767,-0.93,-1.35,0.2
1790742913.565613,-1.09,-1.34,0.21
1790742913.621268,-1.29,-1.34,0.22
1790742913.685216,-1.34,-1.35,0.22
1790742913.726876,-1.33,-1.35,0.22
1790742913.785656,-1.33,-1.35,0.22
1790742913.8454778,-1.32,-1.35,0.22
1790742913.88563,-1.31,-1.36,0.22
1790742913.94772,-1.25,-1.36,0.22
1790742913.985567,-1.15,-1.35,0.22
1790742914.0521522,-1.09,-1.36,0.22
1790742914.109431,-0.94,-1.36,0.21
1790742914.1652129,-0.67,-1.37,0.2
1790742914.220629,-0.59,-1.37,0.2
1790742914.285482,-0.58,-1.37,0.2
1790742914.325582,-0.58,-1.37,0.2
1790742914.38692,-0.6,-1.37,0.2
1790742914.447705,-0.61,-1.37,0.2
1790742914.4859772,-0.58,-1.38,0.21
1790742914.546251,-0.58,-1.38,0.2
1790742914.605359,-0.58,-1.38,0.2
1790742914.648347,-0.57,-1.38,0.21
1790742914.7053351,-0.57,-1.38,0.21
1790742914.768311,-0.56,-1.38,0.21
1790742914.825305,-0.54,-1.38,0.21
1790742914.865731,-0.52,-1.38,0.21
1790742914.920459,-0.5,-1.38,0.22
1790742914.986488,-0.49,-1.38,0.22
1790742915.0465422,-0.44,-1.38,0.22
1790742915.082623,-0.44,-1.38,0.22
1790742915.145299,-0.45,-1.39,0.22
1790742915.186742,-0.43,-1.39,0.22
1790742915.265364,-0.44,-1.39,0.22
1790742915.306675,-0.46,-1.39,0.22
1790742915.366337,-0.44,-1.39,0.22
1790742915.407934,-0.43,-1.39,0.22
1790742915.468744,-0.42,-1.39,0.23
1790742915.525836,-0.41,-1.39,0.23
1790742915.5661519,-0.41,-1.39,0.23
1790742915.621189,-0.44,-1.4,0.23
1790742915.685277,-0.41,-1.39,0.23
1790742915.722444,-0.39,-1.39,0.23
1790742915.785394,-0.41,-1.4,0.23
1790742915.82647,-0.38,-1.39,0.23
1790742915.8778381,-0.38,-1.4,0.23
1790742915.925629,-0.38,-1.4,0.23
1790742915.977115,-0.38,-1.4,0.23
1790742916.026867,-0.39,-1.4,0.23
1790742916.076521,-0.37,-1.4,0.23
1790742916.126225,-0.36,-1.4,0.23
1790742916.176873,-0.36,-1.4,0.23
1790742916.253519,-0.35,-1.4,0.23
1790742916.284518,-0.36,-1.4,0.23
1790742916.345419,-0.36,-1.4,0.23
1790742916.406889,-0.35,-1.4,0.23
1790742916.465272,-0.34,-1.4,0.23
1790742916.5077472,-0.35,-1.4,0.24
1790742916.565547,-0.37,-1.41,0.24
1790742916.626327,-0.32,-1.41,0.24
1790742916.6669078,-0.33,-1.4,0.24
1790742916.7253702,-0.34,-1.41,0.24
1790742916.7873511,-0.34,-1.41,0.24
1790742916.825931,-0.33,-1.41,0.24
1790742916.879982,-0.33,-1.41,0.24
1790742916.925709,-0.31,-1.4,0.24
1790742916.985088,-0.22,-1.34,0.25
1790742917.045381,-0.09,-1.34,0.24
1790742917.085016,-0.06,-1.33,0.29
1790742917.1458108,-0.06,-1.38,0.31
1790742917.185927,-0.01,-1.45,0.31
1790742917.234896,0.02,-1.46,0.31
1790742917.307978,0.01,-1.53,0.27
1790742917.3653388,0.06,-1.49,0.23
1790742917.407184,0.01,-1.47,0.25
1790742917.4653912,0.03,-1.43,0.25
1790742917.5059159,0.06,-1.44,0.22
1790742917.567115,0.03,-1.43,0.23
1790742917.6257331,0.02,-1.46,0.19
1790742917.6845272,0.02,-1.48,0.18
1790742917.725981,-0.0,-1.49,0.21
1790742917.79016,0.09,-1.41,0.15
1790742917.845196,-0.06,-1.54,0.18
1790742917.888693,0.06,-1.51,0.14
1790742917.943794,0.05,-1.55,0.18
1790742918.0060842,0.01,-1.59,0.17
1790742918.046113,0.09,-1.58,0.17
1790742918.107212,0.04,-1.65,0.16
1790742918.145886,0.06,-1.66,0.19
1790742918.206601,0.01,-1.72,0.2
1790742918.2460601,0.01,-1.72,0.17
1790742918.322943,-0.01,-1.79,0.13
1790742918.365611,0.03,-1.79,0.15
1790742918.397977,-0.01,-1.77,0.23
1790742918.4656909,0.04,-1.79,0.28
1790742918.498993,0.04,-1.79,0.28
1790742918.5657191,0.09,-1.93,-0.03
1790742918.6251452,-0.13,-1.86,0.2
1790742918.6883001,-0.05,-1.88,0.28
1790742918.725755,-0.0,-1.81,0.26
1790742918.934301,0.04,-1.79,0.2
1790742918.935791,0.0,-1.8,0.17
1790742918.948094,-0.01,-1.8,0.14
1790742918.98958,0.0,-1.79,0.15
1790742919.046245,0.01,-1.78,0.19
1790742919.1072829,0.02,-1.77,0.21
1790742919.1467679,0.05,-1.78,0.25
1790742919.207211,0.01,-1.75,0.27
1790742919.273591,0.05,-1.76,0.17
1790742919.3264651,-0.1,-1.82,0.21
1790742919.363065,-0.05,-1.82,0.2
1790742919.4316359,0.08,-1.84,0.16
1790742919.469415,0.14,-1.81,0.16
1790742919.527532,0.14,-1.8,0.17
1790742919.595417,0.14,-1.8,0.18
1790742919.63228,0.14,-1.79,0.19
1790742919.690161,0.14,-1.79,0.2
1790742919.74597,0.14,-1.79,0.21
1790742919.787082,0.14,-1.78,0.22
1790742919.846357,0.14,-1.78,0.22
1790742919.905622,0.14,-1.78,0.22
1790742919.964746,0.18,-1.77,0.23
1790742920.003097,0.16,-1.76,0.24
1790742920.067769,0.15,-1.76,0.24
1790742920.125358,0.15,-1.76,0.24
1790742920.162551,0.15,-1.77,0.24
1790742920.2256708,0.15,-1.77,0.24
1790742920.285473,0.15,-1.77,0.23
1790742920.325633,0.15,-1.76,0.24
1790742920.385633,0.14,-1.76,0.24
1790742920.4256902,0.11,-1.77,0.24
1790742920.486706,0.12,-1.77,0.24
1790742920.5452318,0.12,-1.77,0.24
1790742920.5867379,0.11,-1.77,0.24
1790742920.6468952,0.05,-1.77,0.24
1790742920.705655,0.07,-1.77,0.24
1790742920.765894,0.09,-1.77,0.25
1790742920.8081121,0.06,-1.77,0.25
1790742920.867885,0.07,-1.77,0.25
1790742920.920508,0.07,-1.77,0.26
1790742920.985613,0.07,-1.77,0.26
1790742921.0221272,0.07,-1.77,0.26
1790742921.085643,0.08,-1.77,0.26
1790742921.124897,0.08,-1.77,0.26
1790742921.18698,0.08,-1.77,0.26
1790742921.246688,0.09,-1.77,0.26
1790742921.286452,0.09,-1.77,0.27
1790742921.34639,0.09,-1.77,0.27
1790742921.3872619,0.09,-1.77,0.27
1790742921.4459362,0.1,-1.77,0.27
1790742921.486027,0.1,-1.77,0.27
1790742921.5466099,0.11,-1.77,0.27
1790742921.606069,0.12,-1.77,0.27
1790742921.6479712,0.12,-1.77,0.27
1790742921.705858,0.13,-1.77,0.27
1790742921.7472901,0.13,-1.77,0.28
1790742921.8075762,0.13,-1.77,0.28
1790742921.867965,0.14,-1.77,0.28
1790742921.905993,0.14,-1.77,0.28
1790742921.961094,0.15,-1.77,0.28
1790742922.025398,0.15,-1.77,0.28
1790742922.065644,0.17,-1.77,0.28
1790742922.125495,0.17,-1.77,0.29
1790742922.165735,0.18,-1.77,0.28
1790742922.217982,0.15,-1.77,0.29
1790742922.287027,0.09,-1.77,0.29
1790742922.322291,0.1,-1.77,0.29
1790742922.386817,0.1,-1.77,0.29
1790742922.4451141,0.11,-1.77,0.29
1790742922.4847739,0.13,-1.77,0.29
1790742922.5464299,0.14,-1.77,0.29
1790742922.605485,0.13,-1.77,0.3
1790742922.645623,0.13,-1.77,0.3
1790742922.707184,0.13,-1.77,0.3
1790742922.767508,0.11,-1.78,0.31
1790742922.822088,0.12,-1.79,0.31
1790742922.88666,0.12,-1.79,0.31
1790742922.920772,0.07,-1.79,0.31
1790742922.98525,0.12,-1.79,0.32
1790742923.0260758,0.09,-1.79,0.32
1790742923.081892,0.07,-1.79,0.32
1790742923.145302,0.08,-1.79,0.32
1790742923.18223,0.07,-1.79,0.32
1790742923.2462652,0.08,-1.79,0.32
1790742923.309032,0.08,-1.79,0.32
1790742923.345525,0.07,-1.8,0.32
1790742923.405538,0.02,-1.8,0.33
1790742923.445629,0.02,-1.8,0.33
1790742923.5081978,0.01,-1.8,0.33
1790742923.545661,0.02,-1.8,0.33
1790742923.606548,0.02,-1.8,0.33
1790742923.6653051,0.02,-1.8,0.33
1790742923.711936,0.02,-1.8,0.33
1790742923.7670422,0.02,-1.8,0.33
1790742923.8059762,0.0,-1.8,0.33
1790742923.866581,0.04,-1.8,0.33
1790742923.925235,-0.01,-1.81,0.33
1790742923.9689548,-0.01,-1.8,0.34
1790742924.027534,-0.01,-1.81,0.34
1790742924.066231,-0.02,-1.81,0.34
1790742924.1273239,-0.02,-1.81,0.34
1790742924.1652322,-0.01,-1.81,0.34
1790742924.2259488,-0.01,-1.81,0.34
1790742924.2805882,-0.01,-1.81,0.34
1790742924.345504,-0.01,-1.81,0.34
1790742924.383456,-0.01,-1.81,0.34
1790742924.445083,0.01,-1.81,0.34
1790742924.505633,0.01,-1.82,0.34
1790742924.546578,0.01,-1.82,0.35
1790742924.606907,0.01,-1.82,0.35
1790742924.645988,0.0,-1.82,0.35
1790742924.709261,0.0,-1.82,0.35
1790742924.76619,0.01,-1.82,0.35
1790742924.8077161,0.04,-1.82,0.35
1790742924.866914,-0.04,-1.82,0.35
1790742924.905695,-0.02,-1.82,0.35
1790742924.9670248,-0.03,-1.82,0.35
1790742925.027838,-0.03,-1.82,0.35
1790742925.065872,-0.03,-1.82,0.35
1790742925.1269178,-0.03,-1.82,0.35
1790742925.185327,-0.02,-1.83,0.35
1790742925.225895,-0.02,-1.83,0.35
1790742925.2853062,-0.05,-1.8,0.35
1790742925.345356,-0.14,-1.75,0.33
1790742925.3862772,-0.33,-1.7,0.38
1790742925.439172,-0.47,-1.69,0.41
1790742925.4870121,-0.51,-1.75,0.43
1790742925.540002,-0.48,-1.84,0.42
1790742925.586329,-0.37,-1.83,0.39
1790742925.639743,-0.43,-1.87,0.41
1790742925.685778,-0.34,-1.82,0.37
1790742925.741756,-0.41,-1.81,0.32
1790742925.805407,-0.32,-1.78,0.32
1790742925.8449621,-0.2,-1.75,0.35
1790742925.900813,-0.16,-1.78,0.38
1790742925.965214,-0.2,-1.77,0.45
1790742926.0061362,-0.23,-1.8,0.45
1790742926.0653062,-0.15,-1.86,0.46
1790742926.126143,-0.02,-1.84,0.4
1790742926.165696,-0.03,-1.84,0.37
1790742926.228276,-0.1,-1.77,0.38
1790742926.265564,-0.12,-1.76,0.38
1790742926.3267689,-0.13,-1.74,0.34
1790742926.385277,-0.13,-1.71,0.35
1790742926.427962,-0.12,-1.7,0.37
1790742926.487093,-0.1,-1.7,0.36
1790742926.545861,-0.08,-1.66,0.37
1790742926.58589,-0.08,-1.7,0.36
1790742926.6451352,-0.06,-1.67,0.37
1790742926.686774,-0.06,-1.66,0.37
1790742926.747831,-0.08,-1.62,0.39
1790742926.786727,-0.07,-1.6,0.43
1790742926.845498,-0.07,-1.58,0.42
1790742926.90623,-0.1,-1.55,0.46
1790742926.945726,-0.09,-1.56,0.45
1790742927.006859,-0.13,-1.54,0.49
1790742927.0460002,-0.05,-1.55,0.4
1790742927.10538,-0.12,-1.56,0.43
1790742927.145716,-0.08,-1.6,0.42
1790742927.204757,-0.1,-1.59,0.37
1790742927.26335,-0.09,-1.61,0.37
1790742927.3264089,-0.08,-1.63,0.4
1790742927.385387,-0.07,-1.62,0.37
1790742927.427077,-0.04,-1.63,0.36
1790742927.485323,-0.05,-1.61,0.37
1790742927.5266318,-0.05,-1.67,0.37
1790742927.585463,-0.07,-1.68,0.32
1790742927.6454642,-0.1,-1.7,0.34
1790742927.705201,-0.09,-1.73,0.32
1790742927.746926,-0.06,-1.72,0.34
1790742927.805321,-0.07,-1.71,0.35
1790742927.865216,-0.07,-1.7,0.36
1790742927.905523,-0.06,-1.69,0.37
1790742927.960926,-0.06,-1.69,0.38
1790742928.007343,-0.06,-1.68,0.39
1790742928.061434,-0.05,-1.68,0.39
1790742928.125221,-0.05,-1.68,0.4
1790742928.1624472,-0.04,-1.68,0.4
1790742928.2272499,-0.08,-1.68,0.41
1790742928.288995,-0.04,-1.68,0.41
1790742928.321724,-0.04,-1.68,0.41
1790742928.387866,-0.04,-1.68,0.42
1790742928.425204,-0.04,-1.68,0.42
1790742928.485832,-0.03,-1.68,0.42
1790742928.545207,-0.03,-1.68,0.42
1790742928.585301,-0.03,-1.68,0.42
1790742928.6455512,0.01,-1.67,0.41
1790742928.685643,0.03,-1.67,0.39
1790742928.745853,-0.02,-1.67,0.4
1790742928.807115,-0.01,-1.67,0.39
1790742928.845797,0.02,-1.67,0.39
1790742928.9076722,0.01,-1.67,0.4
1790742928.945555,0.02,-1.67,0.4
1790742929.005146,0.01,-1.67,0.4
1790742929.046506,0.02,-1.67,0.4
1790742929.105055,0.02,-1.67,0.4
1790742929.145531,0.03,-1.67,0.4
1790742929.206744,0.03,-1.67,0.4
1790742929.2654772,0.03,-1.67,0.4
1790742929.325006,0.03,-1.67,0.4
1790742929.365899,0.04,-1.68,0.41
1790742929.424798,0.04,-1.68,0.41
1790742929.487079,0.04,-1.68,0.41
1790742929.526152,0.04,-1.68,0.41
1790742929.587498,0.04,-1.68,0.41
1790742929.645186,0.05,-1.68,0.42
1790742929.67981,0.05,-1.68,0.42
1790742929.755303,0.05,-1.68,0.42
1790742929.782243,0.05,-1.68,0.42
1790742929.842083,0.06,-1.68,0.42
1790742929.905657,0.06,-1.68,0.42
1790742929.945583,0.06,-1.68,0.42
1790742930.0062878,0.07,-1.68,0.42
1790742930.045538,0.07,-1.69,0.42
1790742930.105626,0.08,-1.69,0.42
1790742930.1663759,0.08,-1.69,0.42
1790742930.204812,0.08,-1.69,0.42
1790742930.265283,0.07,-1.69,0.42
1790742930.326688,0.09,-1.69,0.42
1790742930.365387,0.09,-1.69,0.42
1790742930.42542,-0.15,-1.68,0.41
1790742930.465524,-3.6,-1.62,0.44
1790742930.524981,-6.45,-1.58,0.5
1790742930.565943,-9.2,-1.52,0.61
1790742930.624754,-12.39,-1.49,0.61
1790742930.685879,-15.59,-1.41,0.72
1790742930.7469382,-18.9,-1.37,0.74
1790742930.782068,-22.13,-1.3,0.85
1790742930.8456619,-25.58,-1.24,0.89
1790742930.885807,-28.87,-1.18,0.89
1790742930.945879,-32.36,-1.09,0.99
1790742931.005126,-35.7,-1.01,1.03
1790742931.045708,-39.28,-0.92,1.1
1790742931.106668,-42.63,-0.83,1.08
1790742931.139901,-46.15,-0.71,1.13
1790742931.205067,-49.56,-0.63,1.15
1790742931.265505,-53.08,-0.54,1.15
1790742931.32505,-60.04,-0.35,1.18
1790742931.365612,-63.59,-0.25,1.14
1790742931.42747,-67.01,-0.19,1.14
1790742931.4853902,-70.54,-0.08,1.09
1790742931.544172,-73.97,0.02,1.1
1790742931.581014,-77.61,0.13,1.13
1790742931.642273,-81.03,0.19,1.04
1790742931.705183,-84.44,0.27,1.03
1790742931.7658088,-90.55,0.41,0.9
1790742931.806719,-93.04,0.5,0.81
1790742931.86572,-95.08,0.54,0.77
1790742931.925636,-95.4,0.55,0.8
1790742931.985214,-95.85,0.55,0.82
1790742932.027382,-96.39,0.56,0.83
1790742932.087857,-96.53,0.57,0.82
1790742932.136054,-94.88,0.59,0.86
1790742932.18496,-93.16,0.55,0.85
1790742932.235929,-91.4,0.48,0.88
1790742932.305174,-89.89,0.45,0.89
1790742932.343277,-88.76,0.42,0.9
1790742932.405298,-88.51,0.41,0.9
1790742932.445847,-88.28,0.41,0.92
1790742932.506825,-88.15,0.41,0.94
1790742932.5651,-88.15,0.42,0.94
1790742932.6071522,-88.16,0.42,0.95
1790742932.665511,-88.16,0.42,0.95
1790742932.72603,-88.17,0.42,0.96
1790742932.785418,-88.18,0.41,0.96
1790742932.829105,-88.19,0.41,0.96
1790742932.885643,-88.22,0.41,0.96
1790742932.926782,-88.39,0.41,0.96
1790742932.985812,-88.6,0.42,0.96
1790742933.04421,-88.82,0.42,0.95
1790742933.08781,-89.02,0.42,0.95
1790742933.144235,-89.23,0.43,0.94
1790742933.187798,-89.2,0.43,0.95
1790742933.244019,-89.2,0.43,0.95
1790742933.296195,-89.2,0.43,0.95
1790742933.347581,-89.21,0.43,0.96
1790742933.4059038,-89.2,0.43,0.96
1790742933.469087,-89.17,0.44,0.96
1790742933.524974,-89.21,0.44,0.97
1790742933.5665832,-89.21,0.44,0.97
1790742933.6280792,-89.2,0.44,0.98
1790742933.685291,-89.18,0.44,0.98
1790742933.728023,-89.19,0.44,0.98
1790742933.7875478,-89.19,0.44,0.98
1790742933.851139,-89.24,0.44,0.98
1790742933.905113,-89.25,0.43,0.98
1790742933.949076,-89.25,0.44,0.98
1790742934.000012,-89.24,0.43,0.99
1790742934.065291,-89.23,0.43,0.98
1790742934.1066408,-89.29,0.43,0.99
1790742934.156138,-89.27,0.43,0.99
1790742934.2255201,-89.24,0.43,0.99
1790742934.285527,-89.3,0.43,0.99
1790742934.347339,-89.34,0.43,0.99
1790742934.405039,-89.33,0.43,0.99
1790742934.4644601,-89.33,0.43,0.99
1790742934.5058491,-89.33,0.43,0.99
1790742934.5656111,-89.33,0.43,0.99
1790742934.626644,-89.33,0.43,0.99
1790742934.660514,-89.36,0.43,0.99
1790742934.725059,-89.34,0.43,0.99
1790742934.786345,-89.31,0.43,0.99
1790742934.8454971,-89.35,0.43,0.99
1790742934.8858209,-89.37,0.43,1.0
1790742934.946135,-89.31,0.43,1.0
1790742935.002218,-89.33,0.43,1.0
1790742935.065095,-89.34,0.43,1.0
1790742935.125736,-89.33,0.42,1.0
1790742935.159809,-89.3,0.43,1.01
1790742935.226608,-89.33,0.42,1.01
1790742935.286943,-89.35,0.42,1.0
1790742935.345365,-89.3,0.42,1.01
1790742935.404493,-89.3,0.42,1.01
1790742935.447673,-89.33,0.42,1.01
1790742935.5054731,-89.35,0.42,1.01
1790742935.545608,-89.32,0.42,1.01
1790742935.605408,-89.34,0.42,1.01
1790742935.64753,-89.35,0.42,1.01
1790742935.706027,-89.55,0.42,0.98
1790742935.7537742,-89.78,0.42,0.93
1790742935.805634,-89.86,0.42,0.99
1790742935.865532,-89.92,0.4,1.02
1790742935.905559,-89.9,0.39,1.11
1790742935.9622731,-90.0,0.35,1.09
1790742936.025526,-89.94,0.37,1.07
1790742936.062127,-89.88,0.34,1.1
1790742936.125946,-89.95,0.35,1.13
1790742936.166216,-89.95,0.36,1.1
1790742936.2173,-89.91,0.37,1.08
1790742936.284916,-89.92,0.37,1.07
1790742936.326289,-89.91,0.37,1.07
1790742936.384811,-89.94,0.37,1.07
1790742936.4459379,-89.89,0.36,1.07
1790742936.4867399,-89.88,0.36,1.07
1790742936.5452511,-89.88,0.36,1.06
1790742936.60531,-89.88,0.36,1.07
1790742936.648351,-89.88,0.37,1.07
1790742936.705173,-89.91,0.37,1.07
1790742936.764035,-89.85,0.37,1.07
1790742936.805402,-89.87,0.37,1.07
1790742936.8656058,-89.89,0.36,1.07
1790742936.9255629,-89.86,0.36,1.07
1790742936.967152,-89.85,0.36,1.08
1790742937.017185,-89.84,0.37,1.08
1790742937.0660439,-89.84,0.36,1.07
1790742937.126108,-89.86,0.36,1.08
1790742937.1657028,-89.82,0.36,1.08
1790742937.221977,-89.82,0.36,1.08
1790742937.284725,-89.81,0.36,1.08
1790742937.347938,-89.78,0.36,1.09
1790742937.382553,-89.81,0.36,1.09
1790742937.4458802,-89.81,0.36,1.09
1790742937.5074182,-89.82,0.36,1.09
1790742937.546902,-89.83,0.36,1.09
1790742937.60775,-89.82,0.36,1.09
1790742937.6650612,-89.79,0.36,1.09
1790742937.7073169,-89.82,0.36,1.09
1790742937.7650208,-89.82,0.36,1.09
1790742937.808086,-89.79,0.36,1.1
1790742937.865043,-89.8,0.36,1.1
1790742937.9085162,-89.8,0.36,1.1
1790742937.965058,-89.8,0.36,1.1
1790742938.0224252,-89.8,0.36,1.1
1790742938.06526,-89.79,0.36,1.1
1790742938.125081,-89.79,0.4,1.1
1790742938.1654122,-89.83,0.43,1.09
1790742938.22497,-89.88,0.44,1.09
1790742938.265464,-89.88,0.4,0.98
1790742938.32605,-89.94,0.38,1.01
1790742938.3875022,-90.01,0.3,0.99
1790742938.428878,-90.07,0.26,1.01
1790742938.4796832,-90.05,0.2,1.05
1790742938.5458071,-90.07,0.18,1.03
1790742938.5888262,-90.09,0.15,1.06
1790742938.64546,-90.07,0.18,1.0
1790742938.70663,-90.04,0.17,1.02
1790742938.752508,-90.06,0.18,1.02
1790742938.809692,-90.06,0.1,1.06
1790742938.8655481,-90.11,0.03,1.08
1790742938.925148,-90.16,0.02,1.11
1790742938.965513,-90.13,-0.0,1.09
1790742939.025217,-90.12,0.05,1.06
1790742939.086752,-90.13,0.06,1.04
1790742939.12533,-90.12,0.11,1.06
1790742939.185009,-90.14,0.13,1.08
1790742939.225152,-90.09,0.18,1.13
1790742939.307283,-90.1,0.19,1.09
1790742939.345831,-90.12,0.17,1.11
1790742939.408291,-90.21,0.25,1.08
1790742939.466871,-90.18,0.26,0.99
1790742939.5249128,-90.4,0.33,1.0
1790742939.565551,-90.48,0.37,1.0
1790742939.625422,-90.4,0.37,1.03
1790742939.685357,-90.25,0.37,1.08
1790742939.727112,-90.16,0.4,1.13
1790742939.786408,-90.07,0.41,1.11
1790742939.843112,-90.01,0.36,1.17
1790742939.9075148,-89.88,0.35,1.17
1790742939.965796,-89.88,0.32,1.14
1790742940.0073678,-89.93,0.34,1.13
1790742940.065849,-89.88,0.29,1.12
1790742940.1251142,-89.97,0.27,1.11
1790742940.166996,-89.96,0.21,1.06
1790742940.224957,-89.96,0.2,1.08
1790742940.285704,-89.96,0.2,1.1
1790742940.344933,-89.92,0.19,1.11
1790742940.4051788,-90.02,0.21,1.19
1790742940.445458,-89.97,0.21,1.19
1790742940.497727,-89.93,0.2,1.18
1790742940.565103,-89.92,0.2,1.19
1790742940.606368,-89.92,0.17,1.21
1790742940.6666188,-89.92,0.16,1.22
1790742940.7254221,-89.91,0.16,1.23
1790742940.786558,-89.91,0.12,1.22
1790742940.8448918,-89.91,0.13,1.21
1790742940.88558,-89.9,0.14,1.21
1790742940.947175,-89.9,0.14,1.21
1790742941.0057049,-89.89,0.15,1.21
1790742941.048574,-89.89,0.15,1.22
1790742941.105682,-89.88,0.15,1.22
1790742941.163579,-89.87,0.15,1.23
1790742941.225279,-89.87,0.16,1.24
1790742941.2866502,-89.86,0.16,1.24
1790742941.345081,-89.86,0.17,1.23
1790742941.4053938,-89.89,0.17,1.21
1790742941.4465458,-89.89,0.16,1.2
1790742941.5072808,-89.9,0.16,1.18
1790742941.5452669,-89.91,0.15,1.17
1790742941.603091,-89.91,0.14,1.17
1790742941.660264,-89.94,0.13,1.15
1790742941.725217,-89.96,0.13,1.14
1790742941.760902,-89.99,0.12,1.14
1790742941.825235,-90.02,0.11,1.13
1790742941.863301,-90.0,0.1,1.12
1790742941.925994,-90.03,0.1,1.11
1790742941.964756,-90.04,0.09,1.1
1790742942.046408,-90.13,0.1,1.09
1790742942.08578,-90.11,0.09,1.08
1790742942.146636,-90.11,0.08,1.07
1790742942.185257,-90.12,0.07,1.07
1790742942.251308,-90.13,0.07,1.06
1790742942.305001,-90.14,0.06,1.05
1790742942.3645298,-90.15,0.05,1.03
1790742942.4070861,-90.16,0.04,1.02
1790742942.457728,-90.17,0.03,1.01
1790742942.525027,-90.18,0.03,1.01
1790742942.566656,-90.19,0.02,1.0
1790742942.625097,-90.19,0.02,0.99
1790742942.683578,-90.19,0.02,1.0
1790742942.7493591,-90.19,0.02,0.99
1790742942.806147,-90.19,0.02,1.0
1790742942.866213,-90.19,0.02,0.99
1790742942.905836,-90.19,0.02,0.99
1790742942.965971,-90.19,0.02,0.99
1790742943.005389,-90.19,0.02,0.99
1790742943.069535,-90.19,0.02,0.99
1790742943.115166,-90.19,0.02,0.99
1790742943.169355,-90.19,0.02,0.99
1790742943.22222,-90.19,0.02,0.99
1790742943.287632,-90.19,0.02,0.99
1790742943.365493,-90.18,0.02,0.99
1790742943.406616,-90.19,0.01,0.99
1790742943.4633799,-90.2,0.02,0.99
1790742943.518191,-89.95,0.01,1.0
1790742943.585056,-86.72,-0.07,1.04
1790742943.621183,-83.91,-0.13,1.09
1790742943.686636,-81.4,-0.21,1.12
1790742943.7225442,-78.15,-0.28,1.08
1790742943.787068,-75.02,-0.38,1.1
1790742943.845341,-71.87,-0.44,1.04
1790742943.885442,-68.59,-0.54,1.04
1790742943.945159,-65.3,-0.65,1.03
1790742943.985701,-61.86,-0.73,1.0
1790742944.046581,-58.58,-0.81,1.01
1790742944.105255,-55.12,-0.89,0.95
1790742944.1453109,-51.71,-1.01,0.91
1790742944.2060878,-48.25,-1.06,0.82
1790742944.2463412,-41.31,-1.22,0.74
1790742944.306615,-37.84,-1.29,0.69
1790742944.3654232,-34.41,-1.39,0.64
1790742944.42519,-30.91,-1.4,0.65
1790742944.4668312,-27.47,-1.48,0.6
1790742944.5256362,-23.86,-1.55,0.5
1790742944.567208,-20.5,-1.6,0.44
1790742944.6249542,-16.95,-1.65,0.32
1790742944.6842072,-13.5,-1.7,0.29
1790742944.721958,-9.9,-1.77,0.15
1790742944.7852428,-6.53,-1.76,0.17
1790742944.845941,-3.06,-1.81,0.01
1790742944.9053912,2.09,-1.91,-0.11
1790742944.9668548,3.95,-1.93,-0.15
1790742945.024492,5.13,-1.89,-0.18
1790742945.059486,4.49,-1.9,-0.16
1790742945.125012,3.44,-1.89,-0.13
1790742945.166985,2.28,-1.88,-0.08
1790742945.2291672,1.21,-1.87,-0.04
1790742945.2846248,0.39,-1.86,-0.02
1790742945.326455,0.04,-1.86,-0.0
1790742945.3769338,0.05,-1.87,-0.0
1790742945.444875,0.03,-1.87,-0.0
1790742945.4811258,0.03,-1.87,0.0
1790742945.55197,0.06,-1.86,0.01
1790742945.6051369,0.04,-1.86,0.01
1790742945.6463711,0.01,-1.87,0.01
1790742945.706694,-0.04,-1.87,0.02
1790742945.7652638,-0.08,-1.87,0.02
1790742945.806068,-0.07,-1.88,0.02
1790742945.8798878,-0.08,-1.88,0.03
1790742945.925175,-0.12,-1.88,0.02
1790742945.984204,-0.1,-1.88,0.02
1790742946.025305,-0.11,-1.89,0.02
1790742946.085345,-0.11,-1.89,0.03
1790742946.144115,-0.1,-1.89,0.03
1790742946.1858659,-0.1,-1.89,0.03
1790742946.245313,-0.12,-1.9,0.03
1790742946.2833269,-0.11,-1.9,0.03
1790742946.341643,-0.07,-1.89,0.03
1790742946.404848,-0.12,-1.9,0.03
1790742946.440008,-0.15,-1.9,0.04
1790742946.506094,-0.14,-1.9,0.04
1790742946.54776,-0.12,-1.9,0.04
1790742946.6077929,-0.12,-1.91,0.04
1790742946.645911,-0.11,-1.91,0.04
1790742946.7057931,-0.11,-1.91,0.04
1790742946.764895,-0.11,-1.92,0.04
1790742946.825262,-0.16,-1.92,0.04
1790742946.866567,-0.14,-1.92,0.04
1790742946.925506,-0.12,-1.92,0.04
1790742946.985196,-0.13,-1.92,0.04
1790742947.02637,-0.13,-1.92,0.04
1790742947.08499,-0.13,-1.93,0.05
1790742947.127945,-0.14,-1.93,0.04
1790742947.184852,-0.14,-1.93,0.05
1790742947.244905,-0.12,-1.93,0.05
1790742947.306546,-0.14,-1.93,0.05
1790742947.34306,-0.14,-1.94,0.05
1790742947.406621,-0.16,-1.94,0.05
1790742947.4653141,-0.15,-1.95,0.05
1790742947.5263622,-0.14,-1.95,0.05
1790742947.566751,-0.15,-1.95,0.05
1790742947.6273658,-0.15,-1.96,0.05
1790742947.6850922,-0.14,-1.96,0.05
1790742947.744077,-0.15,-1.95,0.05
1790742947.826719,-0.22,-1.89,0.06
1790742947.866723,-0.44,-1.87,0.1
1790742947.92832,-0.52,-1.97,0.12
1790742947.9667919,-0.52,-2.03,0.1
1790742948.026165,-0.57,-2.06,0.07
1790742948.085015,-0.53,-2.12,0.08
1790742948.1459332,-0.52,-2.12,-0.0
1790742948.186539,-0.52,-2.17,-0.02
1790742948.250761,-0.5,-2.17,-0.06
1790742948.305366,-0.53,-2.15,-0.09
1790742948.3445199,-0.44,-2.15,-0.04
1790742948.406931,-0.47,-2.13,-0.05
1790742948.4454699,-0.45,-2.15,-0.01
1790742948.5067751,-0.28,-2.19,-0.03
1790742948.564805,-0.29,-2.19,-0.01
1790742948.60764,-0.25,-2.21,-0.08
1790742948.666373,-0.2,-2.18,-0.09
1790742948.7264042,-0.18,-2.2,-0.12
1790742948.784821,-0.18,-2.14,-0.07
1790742948.828002,-0.16,-2.14,-0.07
1790742948.88552,-0.14,-2.11,-0.05
1790742948.945993,-0.2,-2.12,-0.06
1790742949.0048761,-0.19,-2.09,-0.05
1790742949.045769,-0.22,-2.09,-0.06
1790742949.105233,-0.16,-2.07,-0.04
1790742949.1654122,-0.17,-2.05,-0.04
1790742949.206207,-0.09,-2.05,-0.07
1790742949.263616,-0.11,-2.03,-0.16
1790742949.3252559,-0.13,-2.06,-0.08
1790742949.3666492,-0.09,-2.05,-0.12
1790742949.425338,-0.11,-2.07,-0.13
1790742949.484948,-0.08,-2.1,-0.18
1790742949.526722,-0.17,-2.13,-0.17
1790742949.585202,-0.11,-2.14,-0.18
1790742949.62587,-0.16,-2.16,-0.17
1790742949.6865869,-0.14,-2.17,-0.17
1790742949.747102,-0.12,-2.17,-0.18
1790742949.785439,-0.08,-2.19,-0.16
1790742949.84522,-0.06,-2.2,-0.16
1790742949.885567,-0.07,-2.18,-0.13
1790742949.9456341,-0.09,-2.19,-0.11
1790742950.005106,-0.09,-2.2,-0.08
1790742950.066153,-0.06,-2.24,-0.15
1790742950.126486,-0.06,-2.24,-0.15
1790742950.169216,-0.05,-2.23,-0.15
1790742950.2254138,-0.05,-2.23,-0.16
1790742950.285299,-0.05,-2.23,-0.16
1790742950.349791,-0.04,-2.22,-0.16
1790742950.385228,-0.03,-2.23,-0.16
1790742950.4463732,-0.04,-2.23,-0.15
1790742950.5051992,-0.03,-2.22,-0.15
1790742950.545664,-0.03,-2.22,-0.14
1790742950.605112,-0.03,-2.22,-0.14
1790742950.645407,-0.02,-2.22,-0.14
1790742950.705206,-0.05,-2.23,-0.14
1790742950.7684228,-0.03,-2.23,-0.13
1790742950.826931,-0.03,-2.23,-0.13
1790742950.884794,-0.03,-2.23,-0.13
1790742950.927401,-0.02,-2.23,-0.13
1790742950.9873111,-0.02,-2.23,-0.13
1790742951.028502,-0.02,-2.23,-0.13
1790742951.078945,-0.02,-2.24,-0.13
1790742951.1453629,-0.01,-2.24,-0.12
1790742951.187565,0.01,-2.24,-0.14
1790742951.2464151,0.08,-2.24,-0.14
1790742951.3064609,0.02,-2.24,-0.13
1790742951.364724,0.02,-2.24,-0.13
1790742951.407176,0.01,-2.25,-0.13
1790742951.46507,0.06,-2.25,-0.14
1790742951.524905,0.04,-2.25,-0.13
1790742951.566392,0.05,-2.25,-0.13
1790742951.616727,0.05,-2.25,-0.13
1790742951.668426,0.05,-2.26,-0.13
1790742951.725028,0.05,-2.26,-0.13
1790742951.787574,0.05,-2.26,-0.13
1790742951.845751,0.06,-2.26,-0.13
1790742951.904769,0.06,-2.26,-0.12
1790742951.9454908,0.07,-2.27,-0.12
1790742952.0050628,0.07,-2.27,-0.12
1790742952.0667222,0.08,-2.28,-0.12
1790742952.105417,0.09,-2.28,-0.12
1790742952.165822,0.09,-2.28,-0.11
1790742952.22475,0.1,-2.28,-0.11
1790742952.29136,0.1,-2.29,-0.11
1790742952.345227,0.1,-2.29,-0.11
1790742952.389071,0.11,-2.29,-0.11
1790742952.446321,0.11,-2.3,-0.11
1790742952.504874,0.11,-2.3,-0.11
1790742952.545853,0.11,-2.3,-0.11
1790742952.605688,0.11,-2.3,-0.11
1790742952.6454148,0.11,-2.31,-0.11
1790742952.70534,0.11,-2.31,-0.11
1790742952.7656388,0.11,-2.31,-0.11
1790742952.806483,0.11,-2.31,-0.11
1790742952.8664808,0.09,-2.31,-0.11
1790742952.925081,0.1,-2.32,-0.11
1790742952.966896,0.14,-2.32,-0.11
1790742953.023891,2.85,-2.35,-0.17
1790742953.078109,5.8,-2.33,-0.21
1790742953.1452851,8.36,-2.37,-0.27
1790742953.180087,11.43,-2.37,-0.38
1790742953.245028,14.58,-2.36,-0.53
1790742953.3047512,17.73,-2.36,-0.62
1790742953.340981,20.93,-2.33,-0.76
1790742953.405542,24.32,-2.31,-0.89
1790742953.4649348,31.0,-2.28,-1.17
1790742953.505136,34.43,-2.23,-1.23
1790742953.566453,37.87,-2.15,-1.35
1790742953.626703,41.28,-2.1,-1.5
1790742953.685754,44.82,-2.02,-1.57
1790742953.7268538,48.22,-1.99,-1.69
1790742953.8049269,51.76,-1.85,-1.8
1790742953.8392031,55.15,-1.82,-1.91
1790742953.905788,58.71,-1.7,-1.96
1790742953.941329,62.1,-1.64,-2.07
1790742954.0051231,65.61,-1.54,-2.14
1790742954.045386,69.09,-1.47,-2.23
1790742954.105602,76.11,-1.27,-2.31
1790742954.165258,79.51,-1.17,-2.37
1790742954.205278,83.09,-1.05,-2.41
1790742954.284574,86.45,-0.94,-2.43
1790742954.3264651,89.22,-0.81,-2.45
1790742954.383608,91.73,-0.76,-2.46
1790742954.4356658,92.81,-0.71,-2.48
1790742954.5048041,93.15,-0.71,-2.48
1790742954.564916,93.9,-0.69,-2.48
1790742954.605089,94.59,-0.65,-2.45
1790742954.665161,94.57,-0.66,-2.43
1790742954.724721,94.55,-0.65,-2.41
1790742954.7650712,94.47,-0.66,-2.4
1790742954.827374,94.31,-0.66,-2.4
1790742954.8846998,94.04,-0.67,-2.39
1790742954.925293,93.83,-0.68,-2.39
1790742954.9852512,93.49,-0.7,-2.38
1790742955.0252428,93.25,-0.71,-2.37
1790742955.085824,92.95,-0.72,-2.37
1790742955.145036,92.77,-0.72,-2.36
1790742955.185712,92.55,-0.73,-2.36
1790742955.243787,92.4,-0.73,-2.36
1790742955.286363,92.09,-0.74,-2.35
1790742955.344928,91.93,-0.75,-2.35
1790742955.3865652,91.63,-0.76,-2.35
1790742955.4483562,91.5,-0.77,-2.35
1790742955.506392,91.2,-0.78,-2.35
1790742955.545565,90.94,-0.79,-2.36
1790742955.625421,90.72,-0.8,-2.36
1790742955.66644,90.7,-0.8,-2.36
1790742955.726103,90.63,-0.8,-2.36
1790742955.7848299,90.56,-0.81,-2.36
1790742955.847136,90.45,-0.8,-2.37
1790742955.885151,90.37,-0.81,-2.37
1790742955.9481971,90.38,-0.82,-2.38
1790742956.0050402,90.38,-0.82,-2.38
1790742956.046926,90.38,-0.82,-2.37
1790742956.1052139,90.38,-0.82,-2.37
1790742956.149427,90.38,-0.83,-2.37
1790742956.206534,90.38,-0.83,-2.37
1790742956.2652218,90.37,-0.83,-2.37
1790742956.3067598,90.35,-0.83,-2.37
1790742956.359091,90.35,-0.84,-2.37
1790742956.4045491,90.35,-0.84,-2.37
1790742956.4544718,90.36,-0.84,-2.37
1790742956.5252512,90.36,-0.84,-2.36
1790742956.565301,90.36,-0.84,-2.36
1790742956.628012,90.37,-0.84,-2.36
1790742956.68476,90.37,-0.84,-2.36
1790742956.7496908,90.37,-0.84,-2.36
1790742956.825352,90.35,-0.85,-2.36
1790742956.885966,90.31,-0.86,-2.36
1790742956.92913,90.3,-0.86,-2.36
1790742956.986471,90.28,-0.86,-2.36
1790742957.046464,90.27,-0.86,-2.36
1790742957.085035,90.27,-0.86,-2.36
1790742957.144932,90.3,-0.86,-2.36
1790742957.18588,90.28,-0.87,-2.36
1790742957.250345,90.26,-0.87,-2.36
1790742957.305762,90.26,-0.88,-2.35
1790742957.36514,90.25,-0.88,-2.35
1790742957.4056609,90.22,-0.88,-2.35
1790742957.457582,90.23,-0.89,-2.35
1790742957.527551,90.19,-0.89,-2.36
1790742957.563106,90.19,-0.89,-2.35
1790742957.618129,90.2,-0.89,-2.35
1790742957.664408,90.21,-0.89,-2.35
1790742957.725926,90.2,-0.9,-2.35
1790742957.785331,90.21,-0.9,-2.34
1790742957.8451588,90.22,-0.9,-2.35
1790742957.88573,90.22,-0.9,-2.34
1790742957.9459891,90.24,-0.9,-2.34
1790742958.004885,90.24,-0.9,-2.34
1790742958.045741,90.24,-0.91,-2.34
1790742958.104768,90.24,-0.91,-2.34
1790742958.1460109,90.24,-0.91,-2.34
1790742958.206547,90.21,-0.92,-2.35
1790742958.264301,90.24,-0.92,-2.35
1790742958.306442,90.22,-0.92,-2.35
1790742958.3638139,90.22,-0.92,-2.35
1790742958.406419,90.21,-0.92,-2.34
1790742958.4638238,90.21,-0.93,-2.34
1790742958.506351,90.21,-0.93,-2.34
1790742958.564754,90.21,-0.93,-2.34
1790742958.62383,90.24,-0.93,-2.34
1790742958.664257,90.22,-0.94,-2.34
1790742958.7273479,90.2,-0.95,-2.34
1790742958.785231,90.21,-0.95,-2.33
1790742958.828407,90.19,-0.95,-2.34
1790742958.8873951,90.18,-0.96,-2.34
1790742958.945257,90.18,-0.96,-2.34
1790742958.991423,90.18,-0.96,-2.34
1790742959.069487,90.18,-0.96,-2.34
1790742959.10589,90.18,-0.96,-2.34
1790742959.191958,90.19,-0.97,-2.33
1790742959.2069702,90.19,-0.97,-2.33
1790742959.2650828,90.19,-0.97,-2.34
1790742959.322361,90.09,-0.94,-2.33
1790742959.389697,90.1,-0.92,-2.33
1790742959.424156,90.14,-0.91,-2.3
1790742959.484986,90.1,-0.96,-2.27
1790742959.544965,89.91,-1.03,-2.23
1790742959.583511,89.91,-1.09,-2.29
1790742959.647743,89.79,-1.15,-2.26
1790742959.728866,89.78,-1.17,-2.27
1790742959.764847,89.84,-1.19,-2.29
1790742959.805238,89.64,-1.17,-2.25
1790742959.866576,89.69,-1.11,-2.3
1790742959.926908,89.71,-1.14,-2.35
1790742959.985709,89.72,-1.14,-2.35
1790742960.023724,89.81,-1.18,-2.38
1790742960.085681,89.85,-1.2,-2.4
1790742960.144928,89.9,-1.27,-2.39
1790742960.182071,89.89,-1.21,-2.43
1790742960.256398,89.87,-1.17,-2.4
1790742960.3075469,89.88,-1.15,-2.38
1790742960.345648,89.91,-1.12,-2.34
1790742960.40767,89.89,-1.08,-2.3
1790742960.465494,89.88,-1.09,-2.28
1790742960.534697,89.93,-1.1,-2.31
1790742960.565702,89.89,-1.09,-2.31
1790742960.624845,89.92,-1.12,-2.34
1790742960.687445,89.92,-1.09,-2.3
1790742960.748845,89.87,-1.09,-2.3
1790742960.8082528,89.91,-1.03,-2.27
1790742960.886892,89.9,-1.02,-2.24
1790742960.90901,89.9,-1.02,-2.24
1790742960.96659,89.9,-1.02,-2.21
1790742961.0100732,89.96,-1.11,-2.13
1790742961.067018,89.95,-1.09,-2.17
1790742961.1074848,89.87,-1.1,-2.16
1790742961.165161,89.88,-1.13,-2.16
1790742961.22547,89.9,-1.12,-2.17
1790742961.3062952,89.97,-1.16,-2.19
1790742961.345833,89.97,-1.17,-2.21
1790742961.409559,89.93,-1.21,-2.3
1790742961.4665549,89.94,-1.21,-2.31
1790742961.52469,89.84,-1.23,-2.27
1790742961.5665019,89.82,-1.22,-2.25
1790742961.624783,89.79,-1.23,-2.25
1790742961.665676,89.83,-1.25,-2.25
1790742961.7247229,89.93,-1.23,-2.24
1790742961.785028,89.88,-1.21,-2.24
1790742961.826703,90.03,-1.25,-2.25
1790742961.885691,89.99,-1.31,-2.24
1790742961.926423,89.91,-1.32,-2.21
1790742961.988619,89.87,-1.3,-2.19
1790742962.045023,89.85,-1.3,-2.18
1790742962.085176,89.82,-1.3,-2.17
1790742962.144819,89.82,-1.3,-2.17
1790742962.204675,89.82,-1.29,-2.17
1790742962.2489479,89.86,-1.29,-2.19
1790742962.300884,89.95,-1.28,-2.21
1790742962.364882,90.06,-1.31,-2.27
1790742962.425153,90.01,-1.32,-2.28
1790742962.465232,89.85,-1.32,-2.29
1790742962.524684,90.01,-1.31,-2.28
1790742962.565323,90.02,-1.29,-2.27
1790742962.6251788,90.09,-1.3,-2.27
1790742962.685051,90.12,-1.31,-2.28
1790742962.725495,90.09,-1.34,-2.29
1790742962.786425,90.02,-1.33,-2.29
1790742962.845005,89.94,-1.34,-2.29
1790742962.885034,89.99,-1.34,-2.28
1790742962.947496,90.02,-1.34,-2.27
1790742962.9965792,90.06,-1.34,-2.28
1790742963.0655732,90.0,-1.34,-2.26
1790742963.108413,89.95,-1.34,-2.24
1790742963.155412,89.88,-1.34,-2.23
1790742963.22465,89.83,-1.33,-2.22
1790742963.265215,89.83,-1.33,-2.22
1790742963.3251479,89.83,-1.33,-2.22
1790742963.3600872,89.86,-1.33,-2.22
1790742963.427095,89.84,-1.33,-2.22
1790742963.45972,89.84,-1.33,-2.21
1790742963.525624,89.83,-1.34,-2.21
1790742963.586433,89.83,-1.34,-2.21
1790742963.62532,89.83,-1.35,-2.22
1790742963.684973,89.83,-1.35,-2.21
1790742963.72551,89.83,-1.36,-2.22
1790742963.784995,89.83,-1.35,-2.21
1790742963.845385,89.83,-1.35,-2.21
1790742963.887959,89.8,-1.36,-2.21
1790742963.9473438,89.85,-1.36,-2.21
1790742964.0086908,89.79,-1.36,-2.22
1790742964.050025,89.82,-1.37,-2.22
1790742964.1065722,89.81,-1.37,-2.22
1790742964.144208,89.81,-1.37,-2.22
1790742964.207863,89.81,-1.37,-2.21
1790742964.267699,89.82,-1.38,-2.21
1790742964.32671,89.82,-1.38,-2.21
1790742964.3657799,89.83,-1.38,-2.21
1790742964.426652,89.83,-1.38,-2.21
1790742964.4858282,89.83,-1.38,-2.21
1790742964.5625532,89.83,-1.38,-2.21
1790742964.58732,89.83,-1.38,-2.2
1790742964.6460621,89.83,-1.38,-2.2
1790742964.705735,89.83,-1.38,-2.21
1790742964.76525,89.83,-1.38,-2.2
1790742964.827308,89.83,-1.38,-2.21
1790742964.886555,89.83,-1.38,-2.21
1790742964.947554,89.83,-1.38,-2.21
1790742964.9867961,89.83,-1.38,-2.21
1790742965.047466,89.83,-1.38,-2.21
1790742965.104752,89.83,-1.38,-2.21
1790742965.166147,89.83,-1.38,-2.21
1790742965.205975,89.83,-1.38,-2.21
1790742965.263606,89.84,-1.38,-2.21
1790742965.321569,89.84,-1.38,-2.21
1790742965.38713,89.89,-1.38,-2.21
1790742965.426713,89.87,-1.38,-2.21
1790742965.4865768,89.82,-1.38,-2.21
1790742965.524579,89.82,-1.38,-2.2
1790742965.5865128,89.82,-1.38,-2.2
1790742965.646484,89.8,-1.37,-2.2
1790742965.688201,89.81,-1.39,-2.2
1790742965.7537448,89.79,-1.39,-2.2
1790742965.820103,89.8,-1.39,-2.19
1790742965.884676,89.8,-1.4,-2.19
1790742965.925813,89.79,-1.4,-2.19
1790742965.986619,89.79,-1.4,-2.19
1790742966.046255,89.78,-1.4,-2.18
1790742966.086436,89.79,-1.4,-2.18
1790742966.146682,89.78,-1.41,-2.19
1790742966.186552,89.77,-1.41,-2.19
1790742966.246437,89.77,-1.41,-2.18
1790742966.284938,89.74,-1.41,-2.18
1790742966.348011,89.66,-1.41,-2.18
1790742966.405238,89.68,-1.4,-2.18
1790742966.4477131,89.7,-1.4,-2.17
1790742966.505976,89.72,-1.41,-2.16
1790742966.5469398,89.71,-1.41,-2.17
1790742966.60703,89.68,-1.41,-2.17
1790742966.646755,89.67,-1.41,-2.16
1790742966.70529,89.68,-1.41,-2.16
1790742966.76603,89.7,-1.41,-2.16
1790742966.825727,89.68,-1.41,-2.16
1790742966.8856819,89.65,-1.42,-2.16
1790742966.9237142,89.66,-1.42,-2.15
1790742966.9812238,89.67,-1.42,-2.16
1790742967.04513,89.64,-1.43,-2.14
1790742967.104547,89.63,-1.42,-2.15
1790742967.147239,89.64,-1.42,-2.14
1790742967.206572,89.62,-1.42,-2.14
1790742967.268286,89.64,-1.42,-2.14
1790742967.3254411,89.62,-1.42,-2.14
1790742967.3662038,89.62,-1.43,-2.13
1790742967.423841,89.62,-1.43,-2.13
1790742967.4870012,89.62,-1.42,-2.13
1790742967.52285,89.63,-1.42,-2.13
1790742967.586496,89.6,-1.42,-2.13
1790742967.625157,89.6,-1.42,-2.13
1790742967.676236,89.63,-1.43,-2.12
1790742967.746649,89.61,-1.43,-2.12
1790742967.779109,89.6,-1.43,-2.12
1790742967.8465621,89.59,-1.43,-2.12
1790742967.883135,89.59,-1.43,-2.12
1790742967.946581,89.61,-1.43,-2.12
1790742967.984661,89.58,-1.44,-2.11
1790742968.068053,89.57,-1.44,-2.11
1790742968.1263769,89.57,-1.45,-2.12
1790742968.1653981,89.56,-1.45,-2.11
1790742968.225379,89.56,-1.44,-2.1
1790742968.285841,89.5,-1.44,-2.11
1790742968.326547,89.53,-1.44,-2.11
1790742968.385819,89.51,-1.44,-2.11
1790742968.441424,89.49,-1.44,-2.11
1790742968.506458,89.51,-1.44,-2.11
1790742968.54607,89.51,-1.45,-2.1
1790742968.605663,89.51,-1.45,-2.1
1790742968.6669161,89.51,-1.45,-2.1
1790742968.706919,89.5,-1.45,-2.1
1790742968.766399,89.5,-1.45,-2.1
1790742968.827096,89.52,-1.45,-2.1
1790742968.8863108,89.49,-1.46,-2.1
1790742968.925199,89.49,-1.46,-2.1
1790742968.985031,89.49,-1.46,-2.1
1790742969.0294049,89.49,-1.46,-2.1
1790742969.084268,89.49,-1.47,-2.1
1790742969.146433,89.49,-1.47,-2.09
1790742969.1869261,89.49,-1.47,-2.09
1790742969.244452,89.49,-1.47,-2.09
1790742969.3064792,89.48,-1.47,-2.09
1790742969.348145,89.48,-1.47,-2.09
1790742969.408896,89.48,-1.47,-2.09
1790742969.466676,89.47,-1.47,-2.08
1790742969.5032299,89.47,-1.47,-2.08
1790742969.5667431,89.47,-1.47,-2.08
1790742969.6271338,89.47,-1.47,-2.08
1790742969.665282,89.46,-1.47,-2.07
1790742969.72727,89.46,-1.47,-2.07
1790742969.7653608,89.46,-1.47,-2.07
1790742969.8277571,89.46,-1.47,-2.07
1790742969.8870459,89.43,-1.48,-2.07
1790742969.942244,89.43,-1.48,-2.07
1790742969.986639,89.43,-1.48,-2.06
1790742970.046965,89.42,-1.48,-2.06
1790742970.085216,89.43,-1.49,-2.06
1790742970.146084,89.39,-1.49,-2.06
1790742970.2065148,89.39,-1.49,-2.06
1790742970.242898,89.39,-1.49,-2.05
1790742970.328039,89.38,-1.5,-2.05
1790742970.385153,89.38,-1.5,-2.05
1790742970.427818,89.38,-1.5,-2.05
1790742970.486743,89.38,-1.5,-2.05
1790742970.5284228,89.37,-1.51,-2.05
1790742970.586228,89.37,-1.5,-2.04
1790742970.627303,89.37,-1.5,-2.04
1790742970.686548,89.36,-1.5,-2.04
1790742970.752,89.36,-1.51,-2.03
1790742970.80894,89.36,-1.51,-2.03
1790742970.8467112,89.36,-1.51,-2.03
1790742970.906378,89.38,-1.51,-2.03
1790742970.965729,89.32,-1.51,-2.02
1790742971.0075672,89.28,-1.52,-2.02
1790742971.0661771,89.27,-1.51,-2.02
1790742971.1284668,89.22,-1.52,-2.03
1790742971.186729,89.22,-1.53,-2.01
1790742971.226089,89.19,-1.52,-2.01
1790742971.2853801,89.18,-1.52,-2.0
1790742971.344744,89.16,-1.52,-2.01
1790742971.386719,89.15,-1.52,-2.0
1790742971.447111,89.14,-1.52,-2.01
1790742971.506353,89.17,-1.52,-2.0
1790742971.54662,89.12,-1.52,-2.01
1790742971.606677,89.12,-1.52,-2.0
1790742971.6469052,89.16,-1.52,-2.0
1790742971.7064939,89.09,-1.53,-2.0
1790742971.76261,89.1,-1.53,-1.99
1790742971.8274162,89.09,-1.53,-1.99
1790742971.861268,89.09,-1.53,-1.99
1790742971.925962,89.08,-1.54,-1.99
1790742971.965303,88.99,-1.56,-1.98
1790742972.0268621,88.87,-1.58,-1.97
1790742972.0866182,88.77,-1.61,-1.96
1790742972.1259031,88.73,-1.55,-1.94
1790742972.185465,88.69,-1.54,-1.94
1790742972.246859,88.68,-1.51,-1.89
1790742972.306989,88.62,-1.51,-1.92
1790742972.3454762,88.62,-1.5,-1.92
1790742972.405259,88.61,-1.49,-1.93
1790742972.446524,88.56,-1.49,-1.93
1790742972.50642,88.57,-1.48,-1.92
1790742972.5673459,87.94,-1.49,-1.96
1790742972.61989,84.32,-1.64,-1.86
1790742972.6861272,81.71,-1.7,-1.76
1790742972.726783,78.79,-1.8,-1.72
1790742972.78724,75.68,-1.83,-1.61
1790742972.845519,72.52,-1.9,-1.58
1790742972.905542,69.22,-1.95,-1.43
1790742972.9678028,62.53,-2.09,-1.31
1790742973.004718,59.15,-2.12,-1.25
1790742973.0633879,55.68,-2.18,-1.12
1790742973.125772,52.28,-2.19,-0.98
1790742973.165698,48.78,-2.27,-0.93
1790742973.225497,45.38,-2.29,-0.77
1790742973.286795,41.89,-2.32,-0.69
1790742973.32526,38.37,-2.33,-0.55
1790742973.3846688,34.97,-2.32,-0.47
1790742973.4446661,31.4,-2.33,-0.28
1790742973.4885278,27.91,-2.31,-0.19
1790742973.546986,24.4,-2.32,-0.02
1790742973.605838,20.9,-2.25,0.03
1790742973.646943,13.9,-2.19,0.3
1790742973.7062762,10.39,-2.17,0.44
1790742973.766185,6.99,-2.09,0.54
1790742973.806983,3.64,-2.06,0.69
1790742973.866385,0.69,-2.0,0.81
1790742973.9048698,-1.48,-1.96,0.84
1790742973.966673,-3.19,-1.95,0.87
1790742974.0250518,-3.57,-1.94,0.88
1790742974.068481,-4.17,-1.93,0.9
1790742974.12656,-4.81,-1.91,0.92
1790742974.186193,-5.04,-1.92,0.93
1790742974.2315469,-3.84,-1.94,0.88
1790742974.306466,-2.48,-1.95,0.85
1790742974.345509,-1.12,-1.97,0.87
1790742974.40644,1.12,-2.0,0.81
1790742974.465823,1.87,-2.02,0.77
1790742974.505721,1.93,-2.02,0.77
1790742974.568168,1.96,-2.02,0.77
1790742974.6278431,2.0,-2.03,0.77
1790742974.668798,1.99,-2.03,0.77
1790742974.7256079,1.99,-2.03,0.77
1790742974.805504,1.99,-2.03,0.77
1790742974.8468091,1.99,-2.03,0.77
1790742974.906018,1.96,-2.03,0.78
1790742974.96647,1.82,-2.03,0.79
1790742975.0070999,1.77,-2.03,0.79
1790742975.0652711,1.56,-2.03,0.8
1790742975.106488,1.47,-2.02,0.81
1790742975.1667562,1.25,-2.03,0.82
1790742975.2049658,1.16,-2.02,0.82
1790742975.266476,1.02,-2.03,0.83
1790742975.3285491,0.78,-2.02,0.84
1790742975.3889978,0.62,-2.02,0.85
1790742975.429864,0.63,-2.02,0.85
1790742975.479545,0.62,-2.02,0.85
1790742975.54349,0.66,-2.02,0.85
1790742975.580777,0.64,-2.02,0.85
1790742975.646781,0.63,-2.02,0.86
1790742975.685427,0.62,-2.02,0.86
1790742975.7459579,0.59,-2.02,0.86
1790742975.8070772,0.54,-2.02,0.87
1790742975.8658292,0.51,-2.02,0.87
1790742975.926882,0.51,-2.02,0.87
1790742975.970989,0.52,-2.02,0.87
1790742976.026515,0.5,-2.02,0.88
1790742976.087318,0.46,-2.03,0.88
1790742976.1463768,0.45,-2.03,0.88
1790742976.186761,0.44,-2.03,0.88
1790742976.245147,0.43,-2.03,0.89
1790742976.30637,0.44,-2.03,0.89
1790742976.34581,0.37,-2.03,0.89
1790742976.4065962,0.37,-2.03,0.89
1790742976.444899,0.37,-2.03,0.9
1790742976.50767,0.37,-2.03,0.9
1790742976.54462,0.33,-2.03,0.9
1790742976.607421,0.33,-2.03,0.9
1790742976.667236,0.31,-2.03,0.91
1790742976.708874,0.21,-2.03,0.91
1790742976.76635,0.2,-2.03,0.91
1790742976.82767,0.22,-2.02,0.91
1790742976.886784,0.16,-2.03,0.92
1790742976.9276009,0.15,-2.03,0.92
1790742976.987392,0.13,-2.03,0.92
1790742977.0668821,0.12,-2.03,0.92
1790742977.105707,0.12,-2.03,0.93
1790742977.167451,0.09,-2.03,0.93
1790742977.2275572,0.08,-2.02,0.93
1790742977.2682822,0.08,-2.02,0.93
1790742977.326327,0.08,-2.02,0.93
1790742977.387388,0.08,-2.02,0.94
1790742977.447467,0.06,-2.03,0.94
1790742977.508377,0.06,-2.03,0.94
1790742977.54971,0.05,-2.03,0.94
1790742977.607452,0.06,-2.03,0.94
1790742977.6677382,0.04,-2.03,0.95
1790742977.726043,0.0,-2.03,0.95
1790742977.787263,0.03,-2.03,0.95
1790742977.827826,-0.01,-2.03,0.96
1790742977.887281,-0.13,-2.04,0.96
1790742977.947815,-0.24,-2.05,0.93
1790742977.9875772,-0.32,-2.05,0.91
1790742978.050741,-0.48,-2.06,0.92
1790742978.099072,-0.38,-2.08,0.9
1790742978.150646,-0.51,-2.08,0.99
1790742978.208513,-0.52,-2.08,1.01
1790742978.287625,-0.52,-2.06,1.08
1790742978.328009,-0.69,-2.04,1.09
1790742978.387574,-0.68,-2.03,1.07
1790742978.4487438,-0.63,-2.02,1.07
1790742978.5073621,-0.65,-2.02,1.06
1790742978.5487502,-0.67,-2.02,1.06
1790742978.600841,-0.68,-2.02,1.06
1790742978.66714,-0.68,-2.02,1.06
1790742978.72838,-0.68,-2.02,1.06
1790742978.7678988,-0.68,-2.02,1.06
1790742978.827785,-0.71,-2.02,1.07
1790742978.88818,-0.68,-2.03,1.07
1790742978.926621,-0.66,-2.02,1.07
1790742978.987294,-0.67,-2.02,1.07
1790742979.0511758,-0.67,-2.03,1.07
1790742979.108203,-0.69,-2.03,1.07
1790742979.149963,-0.7,-2.03,1.07
1790742979.204195,-0.7,-2.03,1.07
1790742979.286805,-0.72,-2.03,1.08
1790742979.349897,-0.71,-2.03,1.08
1790742979.387286,-0.7,-2.04,1.08
1790742979.446843,-0.69,-2.03,1.08
1790742979.48855,-0.7,-2.03,1.08
1790742979.546515,-0.71,-2.04,1.08
1790742979.588038,-0.68,-2.04,1.08
1790742979.648418,-0.71,-2.04,1.08
1790742979.6860049,-0.72,-2.04,1.09
1790742979.756762,-0.72,-2.04,1.09
1790742979.8078148,-0.7,-2.04,1.09
1790742979.8464918,-0.73,-2.04,1.09
1790742979.907371,-0.75,-2.04,1.09
1790742979.96534,-0.75,-2.04,1.09
1790742980.007633,-0.76,-2.04,1.1
1790742980.071081,-0.77,-2.04,1.1
1790742980.1075158,-0.77,-2.04,1.1
1790742980.161961,-0.77,-2.04,1.1
1790742980.227285,-0.76,-2.04,1.1
1790742980.285961,-0.75,-2.0,1.09
1790742980.3282402,-0.65,-1.93,1.06
1790742980.387292,-0.48,-1.94,1.0
1790742980.425772,-0.57,-1.96,1.0
1790742980.487348,-0.59,-1.98,0.97
1790742980.5474539,-0.57,-2.09,0.96
1790742980.586158,-0.64,-2.05,1.01
1790742980.648397,-0.64,-2.04,0.97
1790742980.707273,-0.67,-2.06,1.06
1790742980.754913,-0.58,-2.04,0.97
1790742980.8074932,-0.56,-1.96,0.94
1790742980.867307,-0.5,-1.95,0.91
1790742980.907742,-0.48,-1.96,0.92
1790742980.9658298,-0.42,-1.99,0.93
1790742981.0069902,-0.39,-2.02,0.93
1790742981.067738,-0.34,-2.04,0.94
1790742981.127163,-0.28,-2.06,0.94
1790742981.166683,-0.22,-2.05,0.94
1790742981.226416,-0.24,-2.04,0.99
1790742981.2884061,-0.13,-2.05,0.92
1790742981.3456142,-0.21,-2.0,0.92
1790742981.3810089,-0.08,-2.05,0.92
1790742981.446829,-0.16,-2.18,0.94
1790742981.514122,0.02,-2.28,0.93
1790742981.56729,-0.07,-2.27,0.93
1790742981.621997,-0.11,-2.29,0.94
1790742981.667618,-0.17,-2.28,0.98
1790742981.724272,-0.0,-2.32,0.9
1790742981.787916,-0.14,-2.26,0.93
1790742981.847801,-0.15,-2.28,0.9
1790742981.9086971,-0.01,-2.3,0.83
1790742981.967284,-0.28,-2.32,0.95
1790742982.027018,-0.23,-2.35,1.01
1790742982.068042,-0.03,-2.35,0.98
1790742982.126718,-0.03,-2.37,0.99
1790742982.183049,-0.08,-2.2,1.35
1790742982.257592,-0.02,-2.13,1.11
1790742982.307764,0.1,-2.15,1.04
1790742982.346516,0.08,-2.16,1.02
1790742982.408056,0.02,-2.15,0.98
1790742982.4499042,-0.02,-2.16,0.97
1790742982.507841,-0.02,-2.16,0.97
1790742982.54753,-0.0,-2.18,0.97
1790742982.610254,-0.0,-2.18,0.97
1790742982.667459,-0.01,-2.26,0.94
1790742982.709655,-0.01,-2.27,0.97
1790742982.767215,-0.01,-2.25,0.99
1790742982.826095,-0.03,-2.24,1.0
1790742982.867214,-0.01,-2.23,1.01
1790742982.9274292,-0.01,-2.23,1.02
1790742982.989398,-0.01,-2.23,1.03
1790742983.049098,-0.02,-2.22,1.03
1790742983.086027,-0.02,-2.22,1.04
1790742983.143391,-0.03,-2.22,1.05
1790742983.211675,0.0,-2.21,1.05
1790742983.267502,-0.02,-2.21,1.06
1790742983.327072,-0.04,-2.21,1.06
1790742983.389853,-0.04,-2.21,1.06
1790742983.446576,-0.04,-2.22,1.06
1790742983.483996,-0.03,-2.21,1.07
1790742983.547869,-0.06,-2.22,1.07
1790742983.607005,-0.05,-2.22,1.07
1790742983.6439822,-0.04,-2.22,1.07
1790742983.706083,-0.06,-2.22,1.06
1790742983.78947,-0.05,-2.21,1.07
1790742983.828407,-0.09,-2.21,1.07
1790742983.885936,-0.07,-2.21,1.07
1790742983.946956,-0.1,-2.22,1.07
1790742983.9879591,-0.13,-2.21,1.07
1790742984.046176,-0.11,-2.22,1.08
1790742984.1083982,-0.1,-2.22,1.08
1790742984.140325,-0.07,-2.22,1.08
1790742984.202614,-0.13,-2.21,1.08
1790742984.265301,-0.15,-2.21,1.09
1790742984.305542,-0.12,-2.22,1.09
1790742984.367636,-0.12,-2.22,1.1
1790742984.407739,-0.11,-2.22,1.1
1790742984.467438,-0.12,-2.22,1.1
1790742984.526134,-0.12,-2.23,1.11
1790742984.567956,-0.12,-2.23,1.11
1790742984.628296,-0.12,-2.23,1.11
1790742984.6871839,-0.13,-2.23,1.12
1790742984.7271528,-0.13,-2.23,1.12
1790742984.8059578,-0.13,-2.23,1.12
1790742984.846093,-0.14,-2.23,1.13
1790742984.904565,-0.15,-2.22,1.13
1790742984.9640331,-0.15,-2.23,1.14
1790742985.0273888,-0.16,-2.23,1.14
1790742985.0894258,-0.16,-2.23,1.14
1790742985.1469839,-0.16,-2.23,1.14
1790742985.187407,-0.16,-2.23,1.15
1790742985.245893,-0.17,-2.22,1.15
1790742985.306578,-0.17,-2.22,1.15
1790742985.346121,-0.17,-2.22,1.15
1790742985.407372,-0.17,-2.22,1.15
1790742985.4639602,-0.17,-2.22,1.15
1790742985.507325,-0.17,-2.22,1.15
1790742985.5651982,-0.18,-2.22,1.16
1790742985.6263921,-0.18,-2.22,1.16
1790742985.6605802,-0.15,-2.21,1.14
1790742985.7274082,-0.14,-2.21,1.15
1790742985.7875478,-0.17,-2.21,1.15
1790742985.849272,-0.19,-2.21,1.16
1790742985.88742,-0.22,-2.21,1.16
1790742985.9459252,-0.22,-2.2,1.16
1790742985.991748,-0.23,-2.2,1.17
1790742986.047471,-0.24,-2.22,1.18
1790742986.1038232,-0.24,-2.22,1.18
1790742986.1654289,-0.25,-2.21,1.17
1790742986.205874,-0.25,-2.21,1.17
1790742986.2579489,-0.27,-2.22,1.18
1790742986.327279,-0.29,-2.23,1.18
1790742986.360875,-0.29,-2.23,1.18
1790742986.425929,-0.28,-2.22,1.18
1790742986.461758,-0.27,-2.22,1.18
1790742986.5261362,-0.28,-2.22,1.19
1790742986.567041,-0.31,-2.22,1.19
1790742986.6272829,-0.34,-2.22,1.19
1790742986.668674,-0.32,-2.21,1.19
1790742986.727333,-0.33,-2.22,1.2
1790742986.785833,-0.37,-2.22,1.19
1790742986.827589,-0.38,-2.22,1.21
1790742986.885966,-0.43,-2.22,1.21
1790742986.946412,-0.44,-2.22,1.21
1790742986.9881852,-0.45,-2.22,1.21
1790742987.045368,-0.49,-2.23,1.21
1790742987.0891619,-0.46,-2.23,1.22
1790742987.1477602,-0.41,-2.23,1.22
1790742987.2071629,-0.49,-2.23,1.22
1790742987.266558,-0.44,-2.23,1.22
1790742987.308944,-0.49,-2.23,1.22
1790742987.369385,-0.49,-2.23,1.22
1790742987.410864,-0.52,-2.23,1.23
1790742987.470645,-0.53,-2.23,1.23
1790742987.5077472,-0.54,-2.23,1.23
1790742987.5610518,-0.53,-2.23,1.24
1790742987.627226,-0.55,-2.24,1.23
1790742987.663446,-0.54,-2.23,1.24
1790742987.727243,-0.55,-2.23,1.24
1790742987.787192,-0.55,-2.23,1.24
1790742987.8274581,-0.58,-2.23,1.25
1790742987.88967,-0.59,-2.2,1.25
1790742987.947495,-0.62,-2.18,1.22
1790742988.005356,-0.76,-2.19,1.23
1790742988.0477471,-0.85,-2.19,1.24
1790742988.1057222,-0.87,-2.22,1.21
1790742988.1669278,-0.92,-2.22,1.2
1790742988.20768,-0.94,-2.25,1.2
1790742988.3072472,-0.97,-2.26,1.23
1790742988.3478441,-0.96,-2.19,1.22
1790742988.4072618,-0.96,-2.19,1.22
1790742988.4657989,-1.03,-2.16,1.25
1790742988.5072582,-1.04,-2.17,1.23
1790742988.567903,-1.06,-2.18,1.26
1790742988.6272619,-1.09,-2.23,1.28
1790742988.668905,-1.13,-2.24,1.25
1790742988.7274601,-1.12,-2.23,1.25
1790742988.785395,-1.14,-2.22,1.25
1790742988.827279,-1.2,-2.21,1.25
1790742988.885329,-1.18,-2.21,1.25
1790742988.9266381,-1.17,-2.2,1.25
1790742988.976053,-1.17,-2.2,1.26
1790742989.047215,-1.16,-2.19,1.27
1790742989.080535,-1.16,-2.19,1.28
1790742989.14572,-1.16,-2.19,1.28
1790742989.1826181,-1.13,-2.18,1.29
1790742989.2422988,-1.16,-2.2,1.29
1790742989.306696,-1.17,-2.18,1.3
1790742989.348688,-1.18,-2.18,1.3
1790742989.4059,-1.18,-2.18,1.3
1790742989.448024,-1.22,-2.19,1.31
1790742989.507094,-1.22,-2.19,1.31
1790742989.569994,-1.22,-2.19,1.32
1790742989.6092942,-1.22,-2.19,1.32
1790742989.6674151,-1.23,-2.19,1.32
1790742989.7072,-1.23,-2.18,1.32
1790742989.78641,-1.24,-2.18,1.33
1790742989.8266392,-1.24,-2.19,1.33
1790742989.883023,-1.23,-2.19,1.33
1790742989.939852,-1.24,-2.19,1.33
1790742990.007469,-1.24,-2.18,1.33
1790742990.0655732,-1.25,-2.18,1.34
1790742990.106448,-1.25,-2.18,1.34
1790742990.168942,-1.24,-2.18,1.34
1790742990.22749,-1.26,-2.18,1.34
1790742990.2814898,-1.25,-2.19,1.34
1790742990.3460748,-1.26,-2.19,1.34
1790742990.407878,-1.26,-2.19,1.34
1790742990.445802,-1.25,-2.19,1.34
1790742990.53035,-1.23,-2.19,1.34
1790742990.5662599,-1.25,-2.19,1.35
1790742990.629434,-1.25,-2.19,1.35
1790742990.683945,-1.27,-2.19,1.35
1790742990.731447,-1.27,-2.19,1.35
1790742990.7905111,-1.28,-2.18,1.35
1790742990.845539,-1.29,-2.19,1.36
1790742990.887296,-1.29,-2.19,1.36
1790742990.941507,-1.29,-2.19,1.36
1790742991.008366,-1.29,-2.2,1.36
1790742991.065876,-1.29,-2.2,1.37
1790742991.108829,-1.29,-2.19,1.37
1790742991.168472,-1.3,-2.19,1.38
1790742991.2266939,-1.31,-2.2,1.37
1790742991.287596,-1.31,-2.2,1.37
1790742991.347399,-1.32,-2.2,1.38
1790742991.387342,-1.31,-2.2,1.39
1790742991.44048,-1.33,-2.2,1.39
1790742991.505124,-1.38,-2.19,1.39
1790742991.54071,-1.38,-2.2,1.4
1790742991.605136,-1.38,-2.2,1.39
1790742991.640175,-1.38,-2.2,1.39
1790742991.7052438,-1.38,-2.2,1.39
1790742991.7512882,-1.38,-2.2,1.39
1790742991.797081,-1.35,-2.2,1.39
1790742991.8676312,-1.37,-2.2,1.4
1790742991.925262,-1.41,-2.2,1.4
1790742991.968158,-1.45,-2.2,1.41
1790742992.029833,-1.42,-2.2,1.41
1790742992.0873861,-1.43,-2.19,1.41
1790742992.128751,-1.42,-2.2,1.41
1790742992.187089,-1.42,-2.2,1.41
1790742992.2521548,-1.42,-2.2,1.41
1790742992.286037,-1.42,-2.2,1.41
1790742992.348223,-1.43,-2.2,1.41
1790742992.406898,-1.43,-2.2,1.41
1790742992.447347,-1.42,-2.21,1.42
1790742992.5070689,-1.42,-2.21,1.42
1790742992.567036,-1.43,-2.21,1.42
1790742992.6039932,-1.43,-2.21,1.42
1790742992.66747,-1.43,-2.21,1.43
1790742992.751901,-1.43,-2.21,1.43
1790742992.787411,-1.44,-2.21,1.43
1790742992.8492029,-1.45,-2.21,1.43
1790742992.907721,-1.46,-2.21,1.43
1790742992.947246,-1.46,-2.21,1.44
1790742992.999455,-1.46,-2.21,1.44
1790742993.0629802,-1.46,-2.22,1.44
1790742993.1038918,-1.47,-2.22,1.44
1790742993.169238,-1.47,-2.21,1.44
1790742993.2271209,-1.47,-2.21,1.44
1790742993.267125,-1.47,-2.22,1.44
1790742993.3255239,-1.49,-2.22,1.45
1790742993.3879418,-1.49,-2.22,1.45
1790742993.4281442,-1.49,-2.22,1.45
1790742993.487115,-1.5,-2.22,1.45
1790742993.527644,-1.51,-2.22,1.46
1790742993.587064,-1.51,-2.22,1.46
1790742993.645948,-1.51,-2.22,1.46
1790742993.687239,-1.51,-2.22,1.46
1790742993.747115,-1.5,-2.22,1.47
1790742993.807963,-1.5,-2.22,1.47
1790742993.8663979,-1.51,-2.22,1.48
1790742993.905555,-1.51,-2.22,1.48
1790742993.965674,-1.52,-2.22,1.48
1790742994.0090501,-1.53,-2.22,1.48
1790742994.065158,-1.54,-2.22,1.49
1790742994.1270442,-1.55,-2.23,1.49
1790742994.187309,-1.56,-2.22,1.5
1790742994.227641,-1.58,-2.22,1.5
1790742994.290624,-1.59,-2.22,1.5
1790742994.3456798,-1.59,-2.22,1.5
1790742994.385823,-1.6,-2.22,1.5
1790742994.446233,-1.61,-2.22,1.5
1790742994.4871948,-1.62,-2.22,1.51
1790742994.54833,-1.62,-2.22,1.5
1790742994.6076229,-1.63,-2.22,1.51
1790742994.6473742,-1.64,-2.22,1.51
1790742994.707337,-1.65,-2.22,1.51
1790742994.7494452,-1.64,-2.22,1.51
1790742994.807223,-1.64,-2.22,1.52
1790742994.864038,-1.63,-2.22,1.52
1790742994.906629,-1.63,-2.22,1.52
1790742994.966773,-1.63,-2.22,1.52
1790742995.01788,-1.64,-2.22,1.52
1790742995.087772,-1.65,-2.22,1.53
1790742995.119421,-1.66,-2.22,1.53
1790742995.187062,-1.67,-2.22,1.53
1790742995.222877,-1.68,-2.21,1.53
1790742995.288021,-1.69,-2.22,1.53
1790742995.3459861,-1.71,-2.21,1.53
1790742995.385531,-1.72,-2.22,1.54
1790742995.445801,-1.73,-2.22,1.53
1790742995.5080152,-1.74,-2.21,1.54
1790742995.5474298,-1.74,-2.22,1.54
1790742995.6081312,-1.73,-2.22,1.54
1790742995.6657221,-1.73,-2.22,1.56
1790742995.70853,-1.76,-2.21,1.55
1790742995.7679648,-1.76,-2.21,1.55
1790742995.826046,-1.76,-2.21,1.55
1790742995.866003,-1.76,-2.22,1.56
1790742995.924244,-1.76,-2.22,1.56
1790742995.9889002,-1.78,-2.22,1.56
1790742996.027043,-1.79,-2.22,1.56
1790742996.0801961,-1.8,-2.22,1.57
1790742996.12377,-1.8,-2.22,1.57
1790742996.179609,-1.81,-2.22,1.57
1790742996.2486331,-1.81,-2.22,1.57
1790742996.2828732,-1.81,-2.22,1.57
1790742996.345149,-1.8,-2.22,1.58
1790742996.38285,-1.8,-2.22,1.58
1790742996.447489,-1.82,-2.22,1.59
1790742996.48704,-1.83,-2.22,1.59
1790742996.546106,-1.87,-2.22,1.59
1790742996.605303,-1.93,-2.22,1.58
1790742996.647611,-1.96,-2.22,1.59
1790742996.707058,-1.94,-2.22,1.61
1790742996.766779,-1.93,-2.23,1.6
1790742996.805724,-1.97,-2.21,1.61
1790742996.868843,-1.97,-2.22,1.61
1790742996.925785,-1.99,-2.24,1.61
1790742996.970068,-1.98,-2.22,1.62
1790742997.026484,-1.95,-2.22,1.62
1790742997.0896409,-2.02,-2.21,1.62
1790742997.1269891,-2.07,-2.22,1.63
1790742997.187177,-2.06,-2.21,1.63
1790742997.269349,-2.08,-2.21,1.63
1790742997.329442,-2.1,-2.21,1.63
1790742997.367435,-2.11,-2.22,1.63
1790742997.426934,-2.1,-2.21,1.63
1790742997.4889102,-2.11,-2.21,1.64
1790742997.5255349,-2.1,-2.2,1.64
1790742997.587596,-2.12,-2.21,1.65
1790742997.626391,-2.13,-2.21,1.65
1790742997.688417,-2.14,-2.21,1.65
1790742997.747021,-2.14,-2.21,1.65
1790742997.807328,-2.15,-2.21,1.66
1790742997.847137,-2.19,-2.23,1.66
1790742997.905683,-2.36,-2.23,1.68
1790742997.96695,-2.59,-2.21,1.68
1790742998.0072582,-2.64,-2.2,1.67
1790742998.067095,-2.69,-2.17,1.69
1790742998.129986,-2.74,-2.17,1.68
1790742998.165929,-2.77,-2.17,1.66
1790742998.230461,-2.79,-2.19,1.67
1790742998.2864351,-2.82,-2.19,1.67
1790742998.3456361,-2.82,-2.19,1.67
1790742998.387469,-2.83,-2.19,1.67
1790742998.446017,-3.5,-2.16,1.67
1790742998.4861991,-7.04,-2.06,1.81
1790742998.535889,-9.64,-1.96,1.91
1790742998.60529,-12.58,-1.85,2.01
1790742998.6408598,-15.68,-1.72,2.12
1790742998.7077188,-18.85,-1.6,2.22
1790742998.7426481,-22.19,-1.44,2.26
1790742998.798847,-28.9,-1.15,2.33
1790742998.8673532,-32.14,-0.99,2.4
1790742998.903821,-35.66,-0.79,2.39
1790742998.967052,-39.05,-0.65,2.44
1790742999.026855,-42.5,-0.49,2.44
1790742999.087051,-45.97,-0.32,2.43
1790742999.128063,-49.49,-0.16,2.44
1790742999.187327,-52.94,0.03,2.4
1790742999.244823,-56.36,0.17,2.43
1790742999.285759,-59.86,0.38,2.4
1790742999.342656,-63.33,0.52,2.34
1790742999.4072561,-66.9,0.66,2.27
1790742999.485644,-73.85,0.98,2.14
1790742999.528109,-77.34,1.12,2.04
1790742999.5903082,-80.8,1.26,1.93
1790742999.628702,-84.22,1.42,1.82
1790742999.687264,-87.61,1.56,1.69
1790742999.7280939,-90.39,1.66,1.59
1790742999.78587,-92.65,1.74,1.51
1790742999.848614,-93.72,1.78,1.46
1790742999.889965,-94.24,1.79,1.43
1790742999.948237,-94.87,1.8,1.41
1790742999.986217,-95.33,1.81,1.4
1790743000.047654,-95.44,1.82,1.39
1790743000.1056771,-94.05,1.81,1.44
1790743000.151833,-90.78,1.71,1.6
1790743000.202719,-89.47,1.66,1.63
1790743000.265484,-88.59,1.62,1.66
1790743000.305641,-88.63,1.62,1.66
1790743000.3674219,-88.6,1.62,1.66
1790743000.405756,-88.54,1.62,1.67
1790743000.4670432,-88.53,1.62,1.67
1790743000.506551,-88.53,1.62,1.67
1790743000.566955,-88.54,1.62,1.67
1790743000.627518,-88.55,1.61,1.67
1790743000.667047,-88.57,1.61,1.67
1790743000.727884,-88.61,1.61,1.67
1790743000.785834,-88.69,1.62,1.67
1790743000.827266,-88.76,1.62,1.67
1790743000.8898702,-88.95,1.63,1.66
1790743000.94969,-89.09,1.63,1.66
1790743000.9872692,-89.19,1.63,1.66
1790743001.0479481,-89.19,1.63,1.66
1790743001.106174,-89.19,1.63,1.66
1790743001.146983,-89.19,1.63,1.66
1790743001.204242,-89.14,1.63,1.66
1790743001.266911,-89.19,1.63,1.67
1790743001.328713,-89.22,1.63,1.67
1790743001.367263,-89.22,1.63,1.67
1790743001.4273238,-89.22,1.63,1.67
1790743001.486866,-89.22,1.63,1.68
1790743001.525974,-89.24,1.63,1.68
1790743001.5872,-89.28,1.63,1.68
1790743001.647626,-89.25,1.63,1.68
1790743001.706996,-89.28,1.63,1.68
1790743001.7670999,-89.3,1.63,1.69
1790743001.807231,-89.3,1.63,1.69
1790743001.8672519,-89.3,1.63,1.69
1790743001.9074628,-89.27,1.63,1.7
1790743001.967114,-89.29,1.62,1.7
1790743002.025357,-89.33,1.62,1.7
1790743002.0672681,-89.29,1.62,1.7
1790743002.125797,-89.31,1.62,1.7
1790743002.167179,-89.32,1.62,1.7
1790743002.22704,-89.33,1.62,1.7
1790743002.26637,-89.33,1.62,1.71
1790743002.3239412,-89.33,1.62,1.71
1790743002.385557,-89.39,1.63,1.71
1790743002.446035,-89.38,1.62,1.71
1790743002.487605,-89.35,1.62,1.72
1790743002.545388,-89.41,1.62,1.72
1790743002.6068249,-89.41,1.62,1.72
1790743002.6480331,-89.39,1.62,1.73
1790743002.706975,-89.4,1.62,1.73
1790743002.766041,-89.41,1.62,1.73
1790743002.8251579,-89.41,1.62,1.73
1790743002.86723,-89.41,1.62,1.73
1790743002.925462,-89.45,1.62,1.73
1790743002.9666681,-89.43,1.62,1.73
1790743003.01867,-89.43,1.63,1.73
1790743003.06787,-89.41,1.63,1.73
1790743003.118443,-89.45,1.62,1.73
1790743003.167486,-89.46,1.62,1.73
1790743003.219197,-89.47,1.62,1.73
1790743003.287128,-89.46,1.62,1.73
1790743003.323752,-89.47,1.62,1.74
1790743003.38925,-89.47,1.62,1.74
1790743003.425397,-89.43,1.62,1.74
1790743003.482032,-89.47,1.62,1.75
1790743003.548092,-89.51,1.62,1.74
1790743003.586998,-89.49,1.62,1.75
1790743003.646188,-89.52,1.62,1.75
1790743003.708121,-89.53,1.62,1.75
1790743003.7474408,-89.53,1.62,1.75
1790743003.808432,-89.54,1.63,1.75
1790743003.86764,-89.61,1.63,1.75
1790743003.935765,-89.9,1.67,1.72
1790743003.987359,-90.33,1.71,1.69
1790743004.045783,-90.61,1.68,1.64
1790743004.080987,-90.58,1.66,1.61
1790743004.145777,-90.39,1.65,1.66
1790743004.1808581,-90.41,1.62,1.64
1790743004.256611,-90.31,1.56,1.63
1790743004.305921,-90.36,1.57,1.63
1790743004.347179,-90.31,1.55,1.66
1790743004.407978,-90.25,1.57,1.71
1790743004.4499369,-90.24,1.57,1.69
1790743004.50777,-90.14,1.56,1.72
1790743004.5463521,-90.19,1.62,1.64
1790743004.607051,-90.17,1.59,1.7
1790743004.647309,-90.18,1.61,1.66
1790743004.7078788,-90.12,1.55,1.63
1790743004.767634,-90.14,1.52,1.64
1790743004.813171,-90.04,1.51,1.6
1790743004.867112,-90.12,1.56,1.63
1790743004.926908,-90.13,1.58,1.66
1790743004.966021,-90.04,1.57,1.68
1790743005.027516,-90.03,1.58,1.72
1790743005.0872278,-90.09,1.58,1.75
1790743005.127127,-90.0,1.58,1.71
1790743005.185327,-90.0,1.54,1.71
1790743005.245326,-89.98,1.54,1.68
1790743005.309812,-90.07,1.54,1.69
1790743005.345252,-90.04,1.55,1.72
1790743005.409819,-90.04,1.55,1.72
1790743005.466868,-90.11,1.57,1.74
1790743005.505772,-90.1,1.6,1.68
1790743005.5673442,-90.11,1.57,1.67
1790743005.627497,-90.15,1.58,1.69
1790743005.669117,-90.18,1.57,1.66
1790743005.727236,-90.17,1.55,1.73
1790743005.785293,-90.15,1.55,1.72
1790743005.845542,-90.12,1.55,1.7
1790743005.886058,-90.15,1.55,1.7
1790743005.946831,-90.18,1.52,1.75
1790743006.0091038,-90.19,1.55,1.73
1790743006.047176,-90.16,1.55,1.73
1790743006.106844,-90.09,1.53,1.73
1790743006.147084,-90.1,1.54,1.75
1790743006.1951349,-90.1,1.56,1.74
1790743006.265161,-90.12,1.58,1.75
1790743006.300298,-90.05,1.57,1.76
1790743006.3655381,-90.11,1.56,1.72
1790743006.408831,-90.15,1.56,1.74
1790743006.467063,-90.18,1.56,1.74
1790743006.527178,-90.21,1.56,1.74
1790743006.56703,-90.21,1.56,1.74
1790743006.629614,-90.21,1.57,1.73
1790743006.6673331,-90.22,1.57,1.73
1790743006.727299,-90.22,1.57,1.74
1790743006.786958,-90.22,1.58,1.73
1790743006.825855,-90.18,1.58,1.72
1790743006.887042,-90.13,1.57,1.71
1790743006.928619,-90.09,1.55,1.7
1790743006.987166,-90.2,1.57,1.66
1790743007.046803,-90.1,1.56,1.69
1790743007.0871758,-90.19,1.56,1.69
1790743007.1456509,-90.21,1.56,1.71
1790743007.2056,-90.22,1.57,1.71
1790743007.2662241,-90.23,1.57,1.72
1790743007.323293,-90.23,1.57,1.72
1790743007.3659189,-90.27,1.57,1.72
1790743007.42698,-90.24,1.57,1.72
1790743007.489144,-90.25,1.57,1.73
1790743007.525666,-90.25,1.57,1.73
1790743007.587051,-90.25,1.57,1.73
1790743007.645597,-90.25,1.57,1.73
1790743007.687464,-90.26,1.57,1.74
1790743007.751115,-90.25,1.57,1.74
1790743007.798885,-90.25,1.57,1.74
1790743007.8670468,-90.22,1.57,1.74
1790743007.9006,-90.24,1.57,1.75
1790743007.96551,-90.18,1.57,1.75
1790743008.0073118,-90.2,1.57,1.76
1790743008.065496,-90.2,1.57,1.76
1790743008.127094,-90.2,1.57,1.76
1790743008.1871412,-90.2,1.57,1.77
1790743008.226922,-90.21,1.57,1.77
1790743008.286937,-90.21,1.57,1.77
1790743008.3464289,-90.21,1.57,1.78
1790743008.3867662,-90.21,1.57,1.78
1790743008.447474,-90.21,1.57,1.78
1790743008.507091,-90.21,1.57,1.78
1790743008.568404,-90.21,1.57,1.78
1790743008.605839,-90.21,1.57,1.78
1790743008.6673448,-90.21,1.57,1.78
1790743008.7077708,-90.21,1.57,1.77
1790743008.765533,-90.21,1.57,1.78
1790743008.8080902,-90.21,1.57,1.78
1790743008.868254,-90.21,1.57,1.78
1790743008.907038,-90.21,1.57,1.78
1790743008.9705129,-90.21,1.57,1.78
1790743009.0269408,-90.21,1.57,1.78
1790743009.0679538,-90.21,1.57,1.78
1790743009.119225,-90.21,1.57,1.78
1790743009.1860712,-90.21,1.57,1.78
1790743009.22619,-90.21,1.57,1.78
1790743009.287124,-90.22,1.57,1.78
1790743009.3475652,-90.21,1.57,1.78
1790743009.405119,-90.25,1.56,1.79
1790743009.44716,-90.28,1.57,1.78
1790743009.507784,-90.26,1.56,1.78
1790743009.566813,-90.29,1.56,1.78
1790743009.6071522,-90.28,1.56,1.79
1790743009.667665,-90.27,1.56,1.78
1790743009.707289,-90.27,1.56,1.78
1790743009.766228,-90.27,1.56,1.78
1790743009.824963,-90.27,1.56,1.79
1790743009.868418,-90.27,1.56,1.79
1790743009.9257238,-90.26,1.56,1.79
1790743009.968361,-90.26,1.56,1.79
1790743010.0198631,-90.25,1.57,1.79
1790743010.067901,-90.3,1.56,1.79
1790743010.1195579,-90.31,1.57,1.79
1790743010.187001,-90.31,1.57,1.79
1790743010.223052,-90.3,1.56,1.8
1790743010.2807481,-90.3,1.56,1.8
1790743010.3492532,-90.3,1.55,1.8
1790743010.3826911,-90.3,1.56,1.8
1790743010.4452312,-90.3,1.56,1.8
1790743010.483562,-90.3,1.56,1.8
1790743010.5469599,-90.3,1.56,1.8
1790743010.606085,-90.3,1.56,1.8
1790743010.658675,-90.29,1.56,1.8
1790743010.706082,-95.26,1.71,1.54
1790743010.765843,-98.02,1.79,1.46
1790743010.82432,-100.89,1.89,1.36
1790743010.867969,-104.08,2.0,1.2
1790743010.918873,-107.26,2.09,1.04
1790743010.9852731,-110.46,2.17,0.97
1790743011.020129,-113.9,2.25,0.8
1790743011.083649,-117.08,2.3,0.61
1790743011.122459,-120.62,2.38,0.48
1790743011.18466,-123.98,2.42,0.3
1790743011.222993,-127.53,2.46,0.1
1790743011.2793229,-130.91,2.47,-0.07
1790743011.3453498,-134.42,2.51,-0.24
1790743011.3796859,-137.88,2.51,-0.41
1790743011.444917,-141.35,2.53,-0.59
1790743011.478848,-144.88,2.52,-0.75
1790743011.545363,-148.29,2.5,-0.93
1790743011.580035,-151.93,2.45,-1.06
1790743011.6453812,-155.33,2.42,-1.24
1790743011.6826,-158.9,2.35,-1.37
1790743011.74662,-162.26,2.29,-1.58
1790743011.8067899,-165.92,2.23,-1.71
1790743011.8471282,-169.28,2.13,-1.91
1790743011.9080331,-172.87,2.06,-2.02
1790743011.947412,-176.31,1.93,-2.16
1790743012.0054421,-179.83,1.84,-2.3
1790743012.067332,173.18,1.58,-2.57
1790743012.109256,173.18,1.58,-2.57
1790743012.1654,166.17,1.34,-2.79
1790743012.2267609,162.7,1.15,-2.88
1790743012.265732,159.23,0.99,-2.93
1790743012.327244,155.68,0.8,-3.01
1790743012.385691,152.33,0.67,-3.1
1790743012.443579,148.66,0.47,-3.14
1790743012.4868329,145.3,0.32,-3.19
1790743012.545345,141.69,0.14,-3.26
1790743012.5861602,138.32,-0.02,-3.29
1790743012.640372,134.69,-0.22,-3.29
1790743012.706902,131.28,-0.35,-3.34
1790743012.7701519,124.23,-0.72,-3.32
1790743012.807646,120.8,-0.91,-3.27
1790743012.865928,117.2,-1.08,-3.24
1790743012.933706,113.77,-1.25,-3.2
1790743012.987856,110.22,-1.44,-3.09
1790743013.027628,106.85,-1.58,-3.08
1790743013.085804,103.21,-1.74,-2.98
1790743013.1291862,99.85,-1.89,-2.97
1790743013.1862621,96.23,-2.05,-2.82
1790743013.246445,92.94,-2.2,-2.76
1790743013.2869172,90.03,-2.31,-2.62
1790743013.340936,87.72,-2.41,-2.55
1790743013.4094021,85.87,-2.48,-2.52
1790743013.447447,85.58,-2.47,-2.48
1790743013.5083258,84.91,-2.48,-2.46
1790743013.5657501,83.94,-2.51,-2.42
1790743013.607808,83.94,-2.51,-2.42
1790743013.666795,86.6,-2.44,-2.51
1790743013.705544,88.2,-2.36,-2.52
1790743013.765258,89.66,-2.3,-2.6
1790743013.80745,89.93,-2.3,-2.61
1790743013.865899,90.04,-2.29,-2.62
1790743013.9268532,90.07,-2.29,-2.62
1790743013.966919,90.11,-2.29,-2.62
1790743014.0272892,90.21,-2.29,-2.62
1790743014.086879,90.21,-2.28,-2.62
1790743014.130582,90.22,-2.29,-2.63
1790743014.1869068,90.23,-2.29,-2.62
1790743014.243236,90.23,-2.28,-2.62
1790743014.2900522,90.23,-2.28,-2.63
1790743014.343107,90.24,-2.28,-2.62
1790743014.387236,90.24,-2.28,-2.63
1790743014.445174,90.24,-2.28,-2.62
1790743014.4867609,90.25,-2.28,-2.63
1790743014.546278,90.25,-2.28,-2.63
1790743014.586859,90.26,-2.28,-2.62
1790743014.644725,90.28,-2.29,-2.62
1790743014.6861598,90.28,-2.28,-2.62
1790743014.747154,90.29,-2.28,-2.62
1790743014.806829,90.29,-2.28,-2.62
1790743014.847091,90.28,-2.29,-2.62
1790743014.907378,90.28,-2.29,-2.62
1790743014.9552052,90.26,-2.3,-2.61
1790743015.0261362,90.3,-2.29,-2.62
1790743015.066582,90.33,-2.29,-2.62
1790743015.1288378,90.31,-2.29,-2.62
1790743015.2060149,90.33,-2.29,-2.62
1790743015.2510562,90.32,-2.29,-2.62
1790743015.30527,90.31,-2.29,-2.61
1790743015.342616,90.3,-2.29,-2.61
1790743015.406789,90.31,-2.29,-2.61
1790743015.446872,90.33,-2.28,-2.61
1790743015.502739,90.37,-2.22,-2.65
1790743015.566682,90.46,-2.17,-2.67
1790743015.6043892,90.54,-2.18,-2.72
1790743015.6665301,90.47,-2.24,-2.68
1790743015.704275,90.41,-2.34,-2.67
1790743015.76671,90.36,-2.41,-2.7
1790743015.82737,90.33,-2.46,-2.66
1790743015.865937,90.3,-2.49,-2.66
1790743015.925494,90.26,-2.5,-2.68
1790743015.9869041,90.23,-2.49,-2.69
1790743016.028642,90.25,-2.45,-2.69
1790743016.0878131,90.2,-2.41,-2.66
1790743016.1460989,90.14,-2.37,-2.62
1790743016.1868951,90.16,-2.41,-2.62
1790743016.247852,90.08,-2.45,-2.66
1790743016.306729,90.04,-2.44,-2.6
1790743016.34348,90.15,-2.43,-2.62
1790743016.4071229,90.16,-2.39,-2.65
1790743016.4469209,90.05,-2.39,-2.66
1790743016.5076852,90.15,-2.39,-2.62
1790743016.5470169,90.13,-2.36,-2.6
1790743016.608159,90.14,-2.36,-2.61
1790743016.647038,90.16,-2.35,-2.62
1790743016.705914,90.11,-2.36,-2.63
1790743016.745844,90.17,-2.34,-2.68
1790743016.8071418,90.05,-2.4,-2.67
1790743016.8648388,90.1,-2.44,-2.74
1790743016.9072409,90.09,-2.45,-2.73
1790743016.965328,90.1,-2.48,-2.77
1790743017.007633,90.09,-2.47,-2.74
1790743017.0694861,90.07,-2.42,-2.64
1790743017.1250849,90.02,-2.44,-2.53
1790743017.168025,90.11,-2.44,-2.57
1790743017.228756,90.14,-2.42,-2.57
1790743017.29105,90.09,-2.44,-2.56
1790743017.32459,90.08,-2.45,-2.54
1790743017.393566,89.99,-2.44,-2.55
1790743017.446829,90.05,-2.42,-2.59
1790743017.506837,90.02,-2.44,-2.62
1790743017.5467389,89.91,-2.44,-2.6
1790743017.606904,89.98,-2.45,-2.62
1790743017.647747,90.01,-2.45,-2.63
1790743017.7069418,89.95,-2.47,-2.62
1790743017.7496471,89.98,-2.46,-2.62
1790743017.804996,89.98,-2.46,-2.62
1790743017.8474472,89.97,-2.46,-2.62
1790743017.9051788,89.97,-2.46,-2.62
1790743017.946948,89.97,-2.46,-2.62
1790743018.006868,89.97,-2.45,-2.63
1790743018.0470452,89.93,-2.45,-2.67
1790743018.106951,89.93,-2.45,-2.67
1790743018.147129,89.85,-2.45,-2.7
1790743018.207177,90.01,-2.48,-2.73
1790743018.26819,89.87,-2.46,-2.68
1790743018.307651,89.95,-2.46,-2.68
1790743018.359999,89.95,-2.46,-2.68
1790743018.429335,89.97,-2.46,-2.68
1790743018.466924,89.96,-2.46,-2.68
1790743018.523139,89.96,-2.46,-2.68
1790743018.586346,89.96,-2.46,-2.68
1790743018.621501,89.96,-2.46,-2.68
1790743018.686312,89.96,-2.47,-2.68
1790743018.7466838,89.95,-2.49,-2.68
1790743018.7896361,89.97,-2.5,-2.68
1790743018.846803,89.94,-2.47,-2.66
1790743018.889002,89.97,-2.47,-2.64
1790743018.948077,89.92,-2.42,-2.62
1790743019.0069828,89.91,-2.45,-2.59
1790743019.046848,89.91,-2.46,-2.6
1790743019.106844,89.91,-2.42,-2.61
1790743019.165171,89.88,-2.43,-2.58
1790743019.206924,89.88,-2.45,-2.58
1790743019.265611,89.89,-2.45,-2.59
1790743019.3285818,90.52,-2.43,-2.63
1790743019.36586,94.03,-2.29,-2.76
1790743019.426559,96.74,-2.15,-2.91
1790743019.466936,99.52,-2.03,-3.01
1790743019.5265431,102.62,-1.88,-3.05
1790743019.5876591,105.84,-1.75,-3.15
1790743019.6331499,108.96,-1.63,-3.18
1790743019.683012,112.38,-1.46,-3.26
1790743019.7379148,115.62,-1.32,-3.31
1790743019.787436,119.02,-1.15,-3.33
1790743019.8403158,122.46,-0.99,-3.35
1790743019.905003,125.88,-0.77,-3.35
1790743019.9442291,129.23,-0.62,-3.36
1790743020.007275,132.72,-0.42,-3.4
1790743020.045242,136.21,-0.27,-3.37
1790743020.106387,139.6,-0.06,-3.41
1790743020.145918,146.51,0.29,-3.32
1790743020.206738,146.51,0.29,-3.32
1790743020.265488,153.45,0.69,-3.21
1790743020.308295,157.0,0.88,-3.17
1790743020.3669791,160.48,0.99,-3.08
1790743020.4271512,164.04,1.19,-3.03
1790743020.465465,167.33,1.31,-2.94
1790743020.529103,170.92,1.5,-2.79
1790743020.567667,174.49,1.57,-2.72
1790743020.625931,177.51,1.71,-2.54
1790743020.685927,-179.64,1.8,-2.51
1790743020.727629,-177.9,1.84,-2.45
1790743020.7858791,-176.34,1.89,-2.38
1790743020.845203,-175.78,1.93,-2.36
1790743020.887079,-175.33,1.95,-2.34
1790743020.945158,-174.88,1.97,-2.33
1790743020.987177,-174.49,1.99,-2.31
1790743021.0453398,-175.5,1.95,-2.32
1790743021.0873759,-176.92,1.89,-2.38
1790743021.146678,-178.52,1.87,-2.45
1790743021.1852858,-179.95,1.82,-2.47
1790743021.246637,179.0,1.78,-2.49
1790743021.306228,179.06,1.78,-2.49
1790743021.341751,179.01,1.78,-2.49
1790743021.403481,178.97,1.78,-2.49
1790743021.4423108,178.94,1.78,-2.49
1790743021.512466,178.95,1.78,-2.49
1790743021.545175,178.98,1.77,-2.49
1790743021.598437,178.98,1.77,-2.49
1790743021.666497,178.99,1.77,-2.49
1790743021.705912,179.0,1.77,-2.49
1790743021.7674298,179.03,1.77,-2.49
1790743021.826807,179.13,1.78,-2.48
1790743021.8684642,179.27,1.78,-2.48
1790743021.94996,179.39,1.78,-2.47
1790743022.005215,179.37,1.79,-2.47
1790743022.046051,179.37,1.79,-2.48
1790743022.107645,179.35,1.78,-2.47
1790743022.147378,179.32,1.78,-2.47
1790743022.2033112,179.34,1.78,-2.47
1790743022.26701,179.34,1.78,-2.47
1790743022.326679,179.34,1.79,-2.47
1790743022.362529,179.34,1.79,-2.47
1790743022.42661,179.34,1.79,-2.46
1790743022.465228,179.36,1.79,-2.46
1790743022.52702,179.38,1.79,-2.46
1790743022.585098,179.32,1.79,-2.46
1790743022.630181,179.36,1.79,-2.45
1790743022.686794,179.36,1.79,-2.46
1790743022.751721,179.35,1.8,-2.46
1790743022.8066041,179.34,1.79,-2.46
1790743022.84928,179.33,1.79,-2.46
1790743022.9066,179.33,1.79,-2.45
1790743022.959311,179.35,1.79,-2.45
1790743023.0254989,179.41,1.85,-2.46
1790743023.086741,179.71,1.87,-2.4
1790743023.1285582,179.95,1.88,-2.41
1790743023.185754,-179.96,1.93,-2.37
1790743023.2549708,179.9,1.89,-2.35
1790743023.306649,179.84,1.84,-2.34
1790743023.347838,179.84,1.8,-2.29
1790743023.406775,179.96,1.73,-2.32
1790743023.4462552,-179.97,1.77,-2.42
1790743023.5068002,180.0,1.78,-2.45
1790743023.5459368,-179.94,1.81,-2.5
1790743023.607507,179.91,1.86,-2.45
1790743023.6466858,179.73,1.89,-2.41
1790743023.70677,179.68,1.93,-2.44
1790743023.766845,179.74,2.01,-2.4
1790743023.823955,179.82,1.94,-2.51
1790743023.859999,179.87,1.9,-2.51
1790743023.92957,179.88,1.86,-2.49
1790743023.962945,179.96,1.85,-2.45
1790743024.019391,-179.91,1.83,-2.44
1790743024.064642,-179.88,1.89,-2.42
1790743024.148757,179.95,1.92,-2.43
1790743024.204936,179.88,1.97,-2.4
1790743024.25202,179.95,1.98,-2.37
1790743024.3068988,179.88,1.91,-2.39
1790743024.366036,179.93,1.83,-2.44
1790743024.427598,179.95,1.69,-2.61
1790743024.462446,-180.0,1.63,-2.43
1790743024.520137,179.98,1.63,-2.46
1790743024.586747,179.98,1.64,-2.48
1790743024.625463,179.99,1.62,-2.49
1790743024.6899042,-179.99,1.67,-2.52
1790743024.747871,-180.0,1.66,-2.49
1790743024.805446,179.98,1.68,-2.49
1790743024.848285,-179.98,1.67,-2.49
1790743024.906019,179.96,1.63,-2.49
1790743024.9489238,179.95,1.64,-2.47
1790743025.0076401,179.97,1.56,-2.49
1790743025.065954,-179.99,1.55,-2.54
1790743025.105259,-180.0,1.55,-2.51
1790743025.166214,179.99,1.58,-2.52
1790743025.206841,-179.98,1.59,-2.51
1790743025.2688398,-179.98,1.6,-2.5
1790743025.326719,-179.97,1.6,-2.49
1790743025.366852,-179.97,1.61,-2.48
1790743025.4268281,-179.96,1.61,-2.48
1790743025.467047,-179.93,1.61,-2.47
1790743025.525182,-179.9,1.61,-2.47
1790743025.5668108,-179.89,1.61,-2.46
1790743025.6273012,-179.89,1.61,-2.46
1790743025.6670752,-179.89,1.61,-2.45
1790743025.727548,-179.89,1.62,-2.45
1790743025.80689,-179.86,1.62,-2.45
1790743025.8488472,-179.87,1.62,-2.45
1790743025.90667,-179.87,1.62,-2.45
1790743025.9494069,-179.89,1.61,-2.45
1790743026.007817,-179.86,1.61,-2.44
1790743026.065771,-179.85,1.62,-2.44
1790743026.107024,-179.84,1.62,-2.44
1790743026.167233,-179.84,1.61,-2.44
1790743026.226614,-179.87,1.61,-2.44
1790743026.267673,-179.84,1.62,-2.44
1790743026.3270578,-179.83,1.62,-2.44
1790743026.401015,-179.83,1.62,-2.44
1790743026.446812,-179.83,1.62,-2.43
1790743026.5072992,-179.84,1.61,-2.43
1790743026.5667741,-179.85,1.62,-2.42
1790743026.608387,-179.85,1.62,-2.42
1790743026.6668658,-179.88,1.61,-2.43
1790743026.726666,-179.86,1.62,-2.42
1790743026.782809,-179.83,1.62,-2.42
1790743026.847184,-179.87,1.61,-2.43
1790743026.9088588,-179.89,1.61,-2.43
1790743026.945806,-179.87,1.61,-2.43
1790743027.009514,-179.85,1.62,-2.43
1790743027.048945,-179.85,1.62,-2.43
1790743027.1066,-179.85,1.62,-2.42
1790743027.148084,-179.84,1.62,-2.42
1790743027.206371,-179.83,1.62,-2.42
1790743027.266228,-179.84,1.62,-2.42
1790743027.3249128,-179.83,1.62,-2.42
1790743027.367622,-179.86,1.62,-2.42
1790743027.4268742,-179.86,1.62,-2.42
1790743027.4837399,-179.86,1.62,-2.42
1790743027.547601,-179.86,1.62,-2.42
1790743027.584301,-179.85,1.62,-2.42
1790743027.646852,-179.85,1.62,-2.41
1790743027.684264,-179.86,1.62,-2.42
1790743027.7483368,-179.88,1.66,-2.41
1790743027.8087869,179.96,1.76,-2.42
1790743027.847827,179.84,1.75,-2.42
1790743027.907273,179.72,1.75,-2.37
1790743027.965346,179.77,1.65,-2.38
1790743028.0071151,179.8,1.6,-2.4
1790743028.066742,179.8,1.6,-2.41
1790743028.102387,179.78,1.58,-2.43
1790743028.166673,179.76,1.61,-2.43
1790743028.226584,179.78,1.63,-2.45
1790743028.266946,179.77,1.67,-2.5
1790743028.3271098,179.8,1.65,-2.48
1790743028.367003,179.82,1.67,-2.52
1790743028.42648,179.86,1.66,-2.5
1790743028.486491,179.87,1.71,-2.52
1790743028.527524,179.88,1.77,-2.54
1790743028.586713,179.9,1.76,-2.53
1790743028.646156,179.85,1.79,-2.51
1790743028.707443,179.87,1.77,-2.53
1790743028.747701,179.88,1.8,-2.54
1790743028.808983,179.85,1.83,-2.49
1790743028.8467689,179.88,1.83,-2.53
1790743028.900502,179.87,1.86,-2.49
1790743028.9652731,179.85,1.86,-2.47
1790743029.003445,179.84,1.85,-2.45
1790743029.0655591,179.89,1.84,-2.45
1790743029.125406,179.87,1.81,-2.59
1790743029.166935,179.85,1.72,-2.5
1790743029.226806,179.85,1.74,-2.48
1790743029.264941,179.88,1.73,-2.49
1790743029.325109,179.87,1.71,-2.53
1790743029.3866801,179.87,1.65,-2.52
1790743029.425733,179.84,1.65,-2.54
1790743029.486679,179.83,1.64,-2.54
1790743029.526779,179.81,1.59,-2.53
1790743029.586737,179.83,1.61,-2.57
1790743029.645421,179.84,1.55,-2.53
1790743029.687142,179.83,1.55,-2.52
1790743029.745503,179.87,1.49,-2.58
1790743029.787235,179.89,1.47,-2.56
1790743029.84602,179.96,1.48,-2.57
1790743029.9056509,179.95,1.49,-2.55
1790743029.964757,179.94,1.52,-2.53
1790743029.998464,179.94,1.52,-2.52
1790743030.0653608,179.94,1.53,-2.52
1790743030.105142,179.93,1.53,-2.52
1790743030.160724,179.93,1.53,-2.51
1790743030.226644,179.93,1.53,-2.51
1790743030.262352,179.94,1.53,-2.5
1790743030.3251011,179.94,1.53,-2.51
1790743030.364774,179.72,1.54,-2.53
1790743030.4267101,176.42,1.41,-2.73
1790743030.465051,173.47,1.32,-2.77
1790743030.52702,170.78,1.22,-2.83
1790743030.586743,167.6,1.07,-2.93
1790743030.627402,164.5,0.95,-2.95
1790743030.686738,161.21,0.79,-3.07
1790743030.727294,157.94,0.66,-3.11
1790743030.78701,154.52,0.49,-3.19
1790743030.848842,151.24,0.34,-3.2
1790743030.905945,144.35,-0.0,-3.28
1790743030.967353,140.85,-0.2,-3.24
1790743031.00631,137.52,-0.38,-3.24
1790743031.065911,133.95,-0.55,-3.25
1790743031.107938,133.95,-0.55,-3.25
1790743031.167131,127.04,-0.92,-3.25
1790743031.2067149,123.62,-1.09,-3.24
1790743031.269242,120.13,-1.27,-3.18
1790743031.324487,116.6,-1.42,-3.17
1790743031.370903,113.2,-1.58,-3.08
1790743031.4136581,109.61,-1.74,-3.05
1790743031.460036,106.14,-1.9,-2.93
1790743031.524641,102.62,-2.05,-2.88
1790743031.562293,99.22,-2.21,-2.75
1790743031.622238,95.6,-2.37,-2.61
1790743031.6868072,92.56,-2.52,-2.57
1790743031.726902,89.7,-2.59,-2.46
1790743031.7877,87.46,-2.68,-2.4
1790743031.845452,85.67,-2.77,-2.34
1790743031.8868759,85.24,-2.78,-2.31
1790743031.946645,84.59,-2.8,-2.27
1790743032.008194,84.04,-2.8,-2.24
1790743032.046777,83.8,-2.8,-2.26
1790743032.105383,85.18,-2.74,-2.35
1790743032.167659,88.65,-2.6,-2.45
1790743032.205917,90.21,-2.55,-2.5
1790743032.2702909,91.21,-2.51,-2.57
1790743032.32655,91.15,-2.53,-2.57
1790743032.3702998,91.2,-2.53,-2.58
1790743032.425005,91.3,-2.52,-2.59
1790743032.4862819,91.37,-2.53,-2.59
1790743032.5256472,91.37,-2.53,-2.59
1790743032.5788748,91.36,-2.53,-2.6
1790743032.645579,91.36,-2.53,-2.6
1790743032.682122,91.35,-2.53,-2.61
1790743032.7488089,91.34,-2.53,-2.61
1790743032.7852721,91.26,-2.53,-2.6
1790743032.846884,91.09,-2.54,-2.6
1790743032.884806,91.01,-2.54,-2.6
1790743032.9463859,90.86,-2.55,-2.6
1790743033.00733,90.74,-2.55,-2.59
1790743033.048207,90.74,-2.55,-2.6
1790743033.107048,90.74,-2.56,-2.6
1790743033.166197,90.77,-2.55,-2.61
1790743033.226558,90.75,-2.56,-2.61
1790743033.2652469,90.74,-2.56,-2.61
1790743033.326905,90.75,-2.56,-2.61
1790743033.366527,90.74,-2.56,-2.62
1790743033.427233,90.74,-2.57,-2.62
1790743033.465557,90.73,-2.57,-2.62
1790743033.5250292,90.72,-2.57,-2.62
1790743033.584712,90.71,-2.57,-2.62
1790743033.6272588,90.69,-2.57,-2.63
1790743033.720253,90.7,-2.57,-2.63
1790743033.7264209,90.72,-2.56,-2.63
1790743033.778081,90.7,-2.57,-2.63
1790743033.825309,90.68,-2.57,-2.64
1790743033.883451,90.65,-2.58,-2.64
1790743033.9464839,90.67,-2.57,-2.65
1790743033.980146,90.66,-2.58,-2.65
1790743034.0472069,90.66,-2.58,-2.65
1790743034.0826612,90.67,-2.58,-2.66
1790743034.146733,90.68,-2.58,-2.66
1790743034.2048829,90.67,-2.58,-2.66
1790743034.246599,90.62,-2.59,-2.66
1790743034.3084958,90.63,-2.59,-2.67
1790743034.366773,90.63,-2.59,-2.67
1790743034.410151,90.63,-2.59,-2.68
1790743034.4667652,90.63,-2.59,-2.68
1790743034.506849,90.62,-2.6,-2.69
1790743034.569247,90.63,-2.6,-2.69
1790743034.6266549,90.65,-2.59,-2.7
1790743034.684633,90.62,-2.6,-2.7
1790743034.726778,90.61,-2.6,-2.71
1790743034.781657,90.61,-2.6,-2.71
1790743034.846705,90.62,-2.6,-2.71
1790743034.883024,90.62,-2.6,-2.72
1790743034.9402728,90.62,-2.6,-2.72
1790743034.9849112,90.61,-2.6,-2.72
1790743035.040184,90.63,-2.6,-2.73
1790743035.085145,90.63,-2.6,-2.73
1790743035.1402261,90.65,-2.6,-2.74
1790743035.205835,90.65,-2.6,-2.74
1790743035.265574,90.58,-2.62,-2.74
1790743035.325045,90.58,-2.63,-2.74
1790743035.386698,90.6,-2.62,-2.75
1790743035.426782,90.58,-2.61,-2.76
1790743035.4864378,90.56,-2.62,-2.76
1790743035.5278919,90.56,-2.62,-2.77
1790743035.585401,90.56,-2.62,-2.77
1790743035.642735,90.56,-2.62,-2.77
1790743035.686823,90.56,-2.62,-2.78
1790743035.7469969,90.57,-2.62,-2.78
1790743035.806658,90.57,-2.62,-2.79
1790743035.8449001,90.55,-2.62,-2.79
1790743035.90174,90.5,-2.63,-2.79
1790743035.944781,90.49,-2.63,-2.8
1790743035.997128,90.49,-2.63,-2.8
1790743036.0676212,90.49,-2.63,-2.81
1790743036.1051378,90.49,-2.63,-2.81
1790743036.169483,90.48,-2.63,-2.82
1790743036.2097652,90.39,-2.59,-2.82
1790743036.267519,90.27,-2.56,-2.84
1790743036.3049731,90.1,-2.54,-2.84
1790743036.367021,89.98,-2.62,-2.84
1790743036.404064,89.98,-2.67,-2.82
1790743036.4672709,89.94,-2.75,-2.84
1790743036.526816,89.92,-2.84,-2.81
1790743036.567944,89.86,-2.86,-2.77
1790743036.626962,89.87,-2.88,-2.81
1790743036.6662898,89.8,-2.85,-2.81
1790743036.730009,89.82,-2.84,-2.81
1790743036.787067,89.8,-2.84,-2.83
1790743036.829473,89.83,-2.83,-2.82
1790743036.886543,89.81,-2.89,-2.82
1790743036.946841,89.88,-2.9,-2.81
1790743036.986471,89.89,-2.96,-2.86
1790743037.0465012,89.9,-2.95,-2.85
1790743037.08692,89.93,-2.87,-2.87
1790743037.1445918,89.91,-2.82,-2.89
1790743037.186856,89.92,-2.75,-2.89
1790743037.251384,89.95,-2.65,-2.86
1790743037.306458,89.93,-2.64,-2.87
1790743037.346544,89.83,-2.55,-2.85
1790743037.401321,89.87,-2.54,-2.8
1790743037.4453068,89.94,-2.42,-2.89
1790743037.5016499,89.9,-2.4,-2.95
1790743037.564775,89.84,-2.34,-2.96
1790743037.6276731,89.86,-2.27,-2.95
1790743037.686368,89.83,-2.23,-2.88
1790743037.729096,89.82,-2.17,-2.84
1790743037.787287,89.89,-2.12,-2.78
1790743037.828525,90.04,-2.08,-2.86
1790743037.885497,90.01,-2.11,-2.84
1790743037.946549,89.92,-2.16,-2.84
1790743037.986818,89.89,-2.16,-2.89
1790743038.045567,89.98,-2.23,-2.95
1790743038.086997,89.92,-2.24,-2.95
1790743038.145438,89.95,-2.27,-2.93
1790743038.186342,89.94,-2.28,-2.97
1790743038.2496169,89.94,-2.3,-2.98
1790743038.3059342,89.96,-2.37,-3.0
1790743038.3470562,89.98,-2.37,-3.01
1790743038.406892,89.96,-2.36,-3.02
1790743038.46651,89.94,-2.36,-3.02
1790743038.5073678,89.95,-2.37,-3.01
1790743038.566323,89.94,-2.38,-2.99
1790743038.6067781,89.95,-2.4,-3.0
1790743038.66277,89.93,-2.42,-3.01
1790743038.726835,89.93,-2.42,-3.02
1790743038.784788,89.94,-2.42,-3.03
1790743038.8213491,89.93,-2.42,-3.03
1790743038.887309,89.94,-2.42,-3.03
1790743038.946387,89.94,-2.42,-3.03
1790743038.98679,89.94,-2.42,-3.04
1790743039.0452878,89.95,-2.42,-3.04
1790743039.086942,89.95,-2.42,-3.04
1790743039.14554,89.94,-2.42,-3.04
1790743039.206167,89.97,-2.41,-3.04
1790743039.245537,90.02,-2.41,-3.05
1790743039.3067331,90.0,-2.41,-3.05
1790743039.347123,90.01,-2.41,-3.05
1790743039.4085171,90.01,-2.41,-3.05
1790743039.471301,90.01,-2.41,-3.06
1790743039.505332,90.02,-2.41,-3.06
1790743039.563155,90.0,-2.41,-3.07
1790743039.625242,90.0,-2.42,-3.07
1790743039.665237,90.0,-2.41,-3.08
1790743039.726292,89.93,-2.41,-3.08
1790743039.76756,89.95,-2.41,-3.08
1790743039.831368,89.94,-2.41,-3.08
1790743039.887531,89.94,-2.41,-3.08
1790743039.9466949,89.93,-2.41,-3.09
1790743039.982317,89.94,-2.42,-3.09
1790743040.045553,89.94,-2.42,-3.09
1790743040.0822039,89.95,-2.42,-3.1
1790743040.147006,89.95,-2.42,-3.1
1790743040.206495,89.95,-2.42,-3.1
1790743040.2466738,89.95,-2.42,-3.11
1790743040.306525,89.95,-2.42,-3.11
1790743040.347082,89.95,-2.42,-3.11
1790743040.4068758,89.95,-2.42,-3.12
1790743040.448025,89.96,-2.42,-3.12
1790743040.5065339,89.96,-2.42,-3.12
1790743040.5663722,89.96,-2.42,-3.12
1790743040.607289,89.96,-2.42,-3.12
1790743040.666723,89.96,-2.42,-3.12
1790743040.706613,89.96,-2.42,-3.13
1790743040.768082,89.96,-2.42,-3.13
1790743040.808851,89.96,-2.42,-3.12
1790743040.8655202,89.96,-2.41,-3.13
1790743040.906701,89.96,-2.42,-3.13
1790743040.967118,89.96,-2.42,-3.13
1790743041.026243,89.96,-2.42,-3.12
1790743041.066083,89.96,-2.42,-3.13
1790743041.1265368,89.96,-2.42,-3.13
1790743041.1666481,89.96,-2.42,-3.13
1790743041.22507,89.98,-2.41,-3.13
1790743041.2873018,89.96,-2.42,-3.13
1790743041.3256571,89.96,-2.42,-3.13
1790743041.3796248,89.94,-2.41,-3.12
1790743041.446582,89.93,-2.41,-3.12
1790743041.483271,89.92,-2.41,-3.12
1790743041.546508,89.92,-2.41,-3.12
1790743041.582654,89.92,-2.41,-3.12
1790743041.638156,89.91,-2.41,-3.12
1790743041.705499,89.92,-2.41,-3.12
1790743041.742264,89.91,-2.41,-3.12
1790743041.806943,89.89,-2.41,-3.12
1790743041.867028,89.9,-2.41,-3.12
1790743041.9057338,89.9,-2.41,-3.11
1790743041.9668531,89.89,-2.41,-3.11
1790743042.026589,89.88,-2.41,-3.11
1790743042.1065621,89.88,-2.42,-3.11
1790743042.1429498,89.88,-2.42,-3.11
1790743042.2063282,89.86,-2.42,-3.11
1790743042.266356,89.83,-2.42,-3.1
1790743042.306614,89.82,-2.42,-3.11
1790743042.3666549,89.8,-2.42,-3.11
1790743042.406493,89.78,-2.42,-3.11
1790743042.464594,89.81,-2.42,-3.1
1790743042.524562,89.83,-2.42,-3.1
1790743042.5671659,89.79,-2.42,-3.1
1790743042.625962,89.73,-2.43,-3.1
1790743042.666493,89.75,-2.42,-3.09
1790743042.724895,89.77,-2.42,-3.09
1790743042.786388,89.77,-2.42,-3.09
1790743042.826616,89.77,-2.42,-3.09
1790743042.886432,89.77,-2.42,-3.09
1790743042.944725,89.78,-2.43,-3.08
1790743042.986637,89.76,-2.42,-3.09
1790743043.0423198,89.76,-2.42,-3.09
1790743043.087753,89.76,-2.42,-3.09
1790743043.138408,89.09,-2.45,-3.09
1790743043.187315,85.43,-2.59,-3.02
1790743043.2440052,82.76,-2.73,-2.88
1790743043.305023,80.23,-2.83,-2.78
1790743043.341681,76.55,-2.94,-2.68
1790743043.405302,73.24,-3.08,-2.51
1790743043.4464371,70.25,-3.22,-2.38
1790743043.505103,66.83,-3.31,-2.22
1790743043.543534,60.06,-3.5,-1.85
1790743043.605551,60.06,-3.5,-1.85
1790743043.6646159,53.25,-3.6,-1.43
1790743043.705235,49.84,-3.69,-1.29
1790743043.768111,46.29,-3.7,-1.06
1790743043.8051589,42.79,-3.72,-0.87
1790743043.869309,39.31,-3.74,-0.66
1790743043.927258,35.77,-3.73,-0.41
1790743043.966943,32.38,-3.73,-0.25
1790743044.024638,28.79,-3.73,0.07
1790743044.067594,25.37,-3.68,0.19
1790743044.126314,21.78,-3.64,0.5
1790743044.184661,18.39,-3.59,0.65
1790743044.2288089,14.78,-3.5,0.9
1790743044.2865138,11.33,-3.44,0.99
1790743044.34515,7.83,-3.34,1.25
1790743044.407168,4.34,-3.23,1.39
1790743044.466273,-1.67,-3.02,1.72
1790743044.506366,-4.15,-2.9,1.83
1790743044.566166,-5.17,-2.87,1.91
1790743044.60498,-5.5,-2.85,1.93
1790743044.6590898,-6.24,-2.82,1.97
1790743044.7277,-6.72,-2.8,1.99
1790743044.7846122,-6.53,-2.82,1.96
1790743044.8283598,-4.56,-2.86,1.88
1790743044.8845959,-2.92,-2.95,1.82
1790743044.9260411,-1.17,-3.0,1.75
1790743044.9854121,0.03,-3.03,1.67
1790743045.028218,1.26,-3.07,1.6
1790743045.0866408,1.28,-3.08,1.59
1790743045.125171,1.33,-3.09,1.59
1790743045.1848068,1.43,-3.09,1.58
1790743045.231024,1.53,-3.09,1.58
1790743045.28493,1.52,-3.09,1.58
1790743045.3478441,1.52,-3.09,1.58
1790743045.402884,1.51,-3.09,1.58
1790743045.4466739,1.51,-3.09,1.58
1790743045.504627,1.47,-3.09,1.58
1790743045.5481222,1.43,-3.09,1.59
1790743045.604605,1.3,-3.08,1.59
1790743045.649297,1.26,-3.08,1.6
1790743045.704664,0.99,-3.08,1.62
1790743045.7609699,0.87,-3.07,1.63
1790743045.8257148,0.85,-3.07,1.63
1790743045.86172,0.85,-3.07,1.63
1790743045.917475,0.84,-3.07,1.63
1790743045.9650738,0.8,-3.08,1.63
1790743046.01949,0.81,-3.07,1.64
1790743046.084859,0.83,-3.07,1.64
1790743046.1220741,0.78,-3.07,1.64
1790743046.1849248,0.76,-3.07,1.65
1790743046.2284338,0.79,-3.07,1.65
1790743046.286221,0.76,-3.08,1.65
1790743046.345576,0.75,-3.07,1.65
1790743046.4047098,0.71,-3.08,1.65
1790743046.447846,0.71,-3.08,1.66
1790743046.504837,0.69,-3.08,1.65
1790743046.549259,0.68,-3.08,1.66
1790743046.605143,0.67,-3.07,1.66
1790743046.661192,0.62,-3.08,1.66
1790743046.7245162,0.63,-3.08,1.67
1790743046.7852569,0.65,-3.08,1.67
1790743046.8181288,0.65,-3.08,1.67
1790743046.884866,0.6,-3.08,1.67
1790743046.921864,0.61,-3.08,1.67
1790743046.984997,0.6,-3.08,1.67
1790743047.024488,0.59,-3.08,1.67
1790743047.089328,0.59,-3.08,1.68
1790743047.144531,0.59,-3.08,1.68
1790743047.184903,0.6,-3.08,1.68
1790743047.2469041,0.54,-3.08,1.68
1790743047.305086,0.56,-3.08,1.68
1790743047.364651,0.57,-3.08,1.68
1790743047.404991,0.55,-3.08,1.69
1790743047.464478,0.55,-3.08,1.69
1790743047.506845,0.54,-3.08,1.69
1790743047.565266,0.54,-3.08,1.69
1790743047.625453,0.54,-3.08,1.69
1790743047.664887,0.57,-3.08,1.7
1790743047.7283359,0.53,-3.08,1.7
1790743047.7846668,0.52,-3.08,1.7
1790743047.824781,0.49,-3.08,1.7
1790743047.8847501,0.48,-3.08,1.7
1790743047.9244642,0.49,-3.08,1.7
1790743047.981013,0.49,-3.08,1.7
1790743048.044794,0.49,-3.08,1.7
1790743048.082719,0.48,-3.08,1.71
1790743048.1446059,0.4,-3.07,1.7
1790743048.205641,0.16,-3.0,1.68
1790743048.2452512,-0.0,-2.98,1.66
1790743048.3047628,-0.24,-3.02,1.67
1790743048.34639,-0.2,-3.17,1.63
1790743048.40627,-0.2,-3.17,1.63
1790743048.464791,-0.24,-3.26,1.63
1790743048.497825,-0.28,-3.29,1.71
1790743048.56588,-0.14,-3.27,1.74
1790743048.605504,-0.2,-3.23,1.69
1790743048.664918,-0.06,-3.23,1.69
1790743048.704981,-0.11,-3.26,1.71
1790743048.767631,-0.1,-3.35,1.74
1790743048.8258529,-0.06,-3.35,1.73
1790743048.882647,-0.04,-3.3,1.75
1790743048.945183,-0.08,-3.31,1.73
1790743048.988626,-0.03,-3.3,1.74
1790743049.0451798,-0.08,-3.24,1.78
1790743049.0831091,-0.14,-3.26,1.79
1790743049.139621,-0.04,-3.23,1.76
1790743049.185782,-0.05,-3.22,1.83
1790743049.24585,0.04,-3.15,1.9
1790743049.3050292,0.0,-3.15,1.88
1790743049.365029,-0.06,-3.11,1.85
1790743049.424907,-0.05,-3.14,1.87
1790743049.484451,-0.07,-3.04,1.93
1790743049.544534,-0.01,-2.99,1.81
1790743049.584613,-0.0,-2.95,1.7
1790743049.644189,-0.05,-2.96,1.7
1790743049.707367,-0.1,-2.97,1.72
1790743049.745743,-0.06,-3.0,1.73
1790743049.808044,-0.07,-3.01,1.75
1790743049.865012,-0.01,-3.04,1.74
1790743049.92473,-0.12,-3.03,1.78
1790743049.987231,-0.12,-3.09,1.73
1790743050.024957,-0.13,-3.05,1.71
1790743050.0885272,-0.17,-3.09,1.66
1790743050.125182,-0.18,-3.07,1.65
1790743050.1857421,-0.06,-3.09,1.71
1790743050.248383,-0.04,-3.11,1.7
1790743050.307012,-0.08,-3.1,1.72
1790743050.3428009,-0.14,-3.13,1.79
1790743050.397003,-0.08,-3.15,1.78
1790743050.464489,-0.02,-3.21,1.75
1790743050.508149,-0.03,-3.24,1.74
1790743050.566161,-0.01,-3.26,1.73
1790743050.624536,-0.02,-3.25,1.73
1790743050.664939,-0.04,-3.21,1.76
1790743050.724832,-0.04,-3.2,1.76
1790743050.7634199,-0.04,-3.19,1.77
1790743050.824863,-0.03,-3.18,1.77
1790743050.884981,-0.04,-3.18,1.78
1790743050.9249191,-0.06,-3.17,1.77
1790743050.985055,-0.13,-3.16,1.77
1790743051.02494,-0.1,-3.17,1.77
1790743051.1245959,0.05,-3.17,1.8
1790743051.1649501,0.02,-3.17,1.8
1790743051.2248042,0.02,-3.17,1.8
1790743051.265049,0.04,-3.17,1.8
1790743051.328238,0.05,-3.18,1.8
1790743051.3845062,0.03,-3.18,1.8
1790743051.42521,0.03,-3.18,1.8
1790743051.484382,0.03,-3.18,1.8
1790743051.52515,0.03,-3.19,1.8
1790743051.586136,0.03,-3.19,1.81
1790743051.644369,0.03,-3.18,1.81
1790743051.68612,0.02,-3.18,1.81
1790743051.74625,0.02,-3.18,1.81
1790743051.799362,0.04,-3.19,1.82
1790743051.865518,0.02,-3.19,1.82
1790743051.90413,0.0,-3.18,1.82
1790743051.953619,-0.04,-3.18,1.82
1790743052.024439,-0.04,-3.18,1.83
1790743052.0583942,-0.03,-3.18,1.83
1790743052.124587,-0.02,-3.19,1.83
1790743052.1635892,-0.02,-3.19,1.83
1790743052.224967,-0.02,-3.19,1.83
1790743052.2848582,-0.02,-3.19,1.83
1790743052.344405,-0.02,-3.19,1.83
1790743052.406819,-0.02,-3.19,1.84
1790743052.462621,-0.02,-3.19,1.84
1790743052.505754,-0.02,-3.19,1.84
1790743052.561289,-0.02,-3.2,1.84
1790743052.625238,-0.02,-3.2,1.84
1790743052.685209,-0.02,-3.2,1.85
1790743052.725325,-0.02,-3.2,1.85
1790743052.785011,-0.02,-3.19,1.85
1790743052.8253329,-0.02,-3.19,1.85
1790743052.88522,-0.02,-3.2,1.85
1790743052.924501,-0.02,-3.2,1.85
1790743052.986281,-0.02,-3.2,1.85
1790743053.04449,-0.02,-3.2,1.85
1790743053.084759,-0.02,-3.19,1.85
1790743053.144417,-0.02,-3.19,1.85
1790743053.184672,-0.02,-3.19,1.86
1790743053.249846,-0.02,-3.2,1.86
1790743053.324181,-0.02,-3.19,1.86
1790743053.363639,-0.02,-3.19,1.86
1790743053.4180522,0.01,-3.19,1.86
1790743053.48438,0.02,-3.19,1.86
1790743053.523058,-0.04,-3.2,1.87
1790743053.5844312,-0.1,-3.19,1.86
1790743053.624298,-0.16,-3.19,1.87
1790743053.6848278,-0.15,-3.19,1.87
1790743053.746921,-0.13,-3.18,1.87
1790743053.786314,-0.13,-3.18,1.88
1790743053.84484,-0.15,-3.18,1.88
1790743053.8863208,-0.13,-3.18,1.87
1790743053.946723,-0.09,-3.17,1.87
1790743054.004596,-0.12,-3.18,1.88
1790743054.044472,-0.13,-3.19,1.89
1790743054.106511,-0.13,-3.19,1.89
1790743054.1657212,-0.13,-3.18,1.89
1790743054.208284,-0.15,-3.19,1.89
1790743054.262261,-0.14,-3.18,1.89
1790743054.324397,-0.14,-3.18,1.9
1790743054.3627882,-0.2,-3.18,1.9
1790743054.4244668,-0.16,-3.18,1.9
1790743054.466917,-0.17,-3.19,1.9
1790743054.515606,-0.17,-3.19,1.9
1790743054.584542,-0.19,-3.18,1.9
1790743054.6248682,-0.2,-3.19,1.91
1790743054.686178,-0.2,-3.19,1.91
1790743054.7492511,-0.2,-3.19,1.91
1790743054.8045619,-0.2,-3.18,1.91
1790743054.8694851,-0.19,-3.18,1.91
1790743054.904861,-0.19,-3.18,1.91
1790743054.9685838,-0.2,-3.18,1.92
1790743055.006093,-0.21,-3.19,1.92
1790743055.070272,-0.18,-3.19,1.92
1790743055.124418,-0.2,-3.19,1.92
1790743055.167279,-0.2,-3.19,1.93
1790743055.226526,-0.2,-3.19,1.93
1790743055.276385,-0.21,-3.19,1.93
1790743055.344557,-0.2,-3.19,1.93
1790743055.384948,-0.2,-3.19,1.93
1790743055.445951,-0.2,-3.19,1.93
1790743055.485981,-0.24,-3.19,1.93
1790743055.566268,-0.22,-3.19,1.93
1790743055.6246452,-0.22,-3.19,1.93
1790743055.6650681,-0.21,-3.19,1.94
1790743055.725447,-0.22,-3.19,1.94
1790743055.765285,-0.24,-3.19,1.94
1790743055.823595,-0.23,-3.19,1.94
1790743055.885165,-0.22,-3.19,1.94
1790743055.923576,-0.2,-3.19,1.94
1790743055.984471,-0.25,-3.2,1.94
1790743056.024012,-0.25,-3.2,1.94
1790743056.0848908,-0.24,-3.2,1.94
1790743056.1247401,-0.24,-3.2,1.94
1790743056.184853,-0.25,-3.2,1.94
1790743056.244611,-0.26,-3.2,1.94
1790743056.306005,-0.24,-3.2,1.95
1790743056.3645692,-0.22,-3.2,1.95
1790743056.424914,-0.23,-3.2,1.95
1790743056.4652412,-0.23,-3.2,1.95
1790743056.5252979,-0.23,-3.2,1.95
1790743056.567789,-0.23,-3.2,1.95
1790743056.626936,-0.2,-3.2,1.95
1790743056.682333,-0.23,-3.2,1.95
1790743056.7249238,-0.27,-3.2,1.95
1790743056.7789109,-0.24,-3.2,1.95
1790743056.844702,-0.28,-3.2,1.95
1790743056.879786,-0.29,-3.2,1.95
1790743056.944383,-0.28,-3.2,1.96
1790743056.983142,-0.29,-3.19,1.96
1790743057.038122,-0.3,-3.19,1.96
1790743057.104361,-0.29,-3.19,1.96
1790743057.145605,-0.35,-3.16,1.97
1790743057.2050402,-0.41,-3.09,1.96
1790743057.2453198,-0.57,-3.1,1.94
1790743057.3060029,-0.68,-3.17,1.93
1790743057.364813,-0.62,-3.23,1.93
1790743057.404768,-0.62,-3.23,1.93
1790743057.464461,-0.49,-3.28,1.91
1790743057.504852,-0.49,-3.28,1.93
1790743057.564611,-0.46,-3.28,1.93
1790743057.604995,-0.45,-3.23,1.94
1790743057.665544,-0.33,-3.24,1.96
1790743057.724454,-0.2,-3.25,1.95
1790743057.7664058,-0.19,-3.25,1.97
1790743057.827659,-0.17,-3.25,1.9
1790743057.885366,-0.14,-3.28,1.89
1790743057.927389,-0.18,-3.27,1.9
1790743057.9847481,-0.32,-3.26,1.93
1790743058.027106,-0.13,-3.28,1.93
1790743058.084466,-0.14,-3.25,1.96
1790743058.1277812,-0.12,-3.24,2.07
1790743058.185941,-0.12,-3.22,2.09
1790743058.244551,-0.03,-3.21,2.09
1790743058.30435,-0.16,-3.21,2.13
1790743058.341711,-0.13,-3.23,2.07
1790743058.404444,-0.17,-3.23,2.01
1790743058.443248,-0.24,-3.26,2.03
1790743058.5058088,-0.15,-3.2,1.91
1790743058.567772,-0.16,-3.17,1.99
1790743058.605641,-0.07,-3.2,1.94
1790743058.6660259,-0.11,-3.22,1.99
1790743058.730824,-0.16,-3.22,2.02
1790743058.787012,-0.09,-3.2,1.98
1790743058.845035,-0.03,-3.23,2.0
1790743058.8874292,0.0,-3.22,1.94
1790743058.943677,-0.05,-3.25,1.96
1790743059.005502,-0.15,-3.26,1.9
1790743059.0445492,-0.12,-3.31,1.91
1790743059.109309,-0.07,-3.32,1.87
1790743059.148231,-0.07,-3.32,1.93
1790743059.208322,-0.11,-3.35,1.98
1790743059.2668931,-0.11,-3.36,2.03
1790743059.3097239,-0.03,-3.36,2.0
1790743059.3670359,-0.04,-3.35,1.98
1790743059.408916,-0.07,-3.36,1.98
1790743059.4615119,-0.04,-3.37,1.97
1790743059.527141,0.01,-3.37,1.96
1790743059.5658119,0.01,-3.36,1.97
1790743059.626375,0.01,-3.35,1.98
1790743059.685708,0.01,-3.35,1.99
1790743059.750369,0.01,-3.35,2.0
1790743059.805852,0.01,-3.34,2.01
1790743059.865909,0.01,-3.34,2.01
1790743059.9056919,0.01,-3.33,2.02
1790743059.96552,-0.02,-3.34,2.02
1790743060.037063,-0.0,-3.34,2.02
1790743060.105572,-0.0,-3.33,2.02
1790743060.164205,-0.01,-3.33,2.02
1790743060.2253299,-0.01,-3.33,2.02
1790743060.2861729,-0.01,-3.32,2.02
1790743060.326772,-0.01,-3.32,2.02
1790743060.385994,-0.01,-3.32,2.02
1790743060.4296708,-0.01,-3.33,2.03
1790743060.487087,0.04,-3.32,2.02
1790743060.5452821,0.0,-3.33,2.02
1790743060.586168,0.0,-3.32,2.01
1790743060.6453052,0.0,-3.32,2.02
1790743060.68721,-0.0,-3.32,2.02
1790743060.751814,0.03,-3.32,2.02
1790743060.806272,0.02,-3.32,2.02
1790743060.846962,0.02,-3.32,2.02
1790743060.905925,0.02,-3.32,2.02
1790743060.946013,0.03,-3.32,2.03
1790743061.005926,0.03,-3.32,2.03
1790743061.046788,0.03,-3.32,2.03
1790743061.105823,0.03,-3.32,2.03
1790743061.165496,0.03,-3.32,2.03
1790743061.205431,0.03,-3.32,2.03
1790743061.262084,0.03,-3.32,2.03
1790743061.326176,0.02,-3.32,2.03
1790743061.385303,0.02,-3.32,2.03
1790743061.4255528,0.02,-3.32,2.04
1790743061.490064,0.02,-3.32,2.04
1790743061.545419,0.02,-3.32,2.04
1790743061.589795,0.01,-3.32,2.04
1790743061.64574,0.01,-3.32,2.04
1790743061.705429,0.01,-3.32,2.04
1790743061.7457302,0.0,-3.32,2.05
1790743061.807004,0.0,-3.32,2.05
1790743061.866163,0.0,-3.32,2.05
1790743061.925405,-0.0,-3.32,2.05
1790743061.965497,-0.0,-3.32,2.06
1790743062.0258188,-0.01,-3.32,2.06
1790743062.066319,-0.02,-3.32,2.06
1790743062.1267982,-0.03,-3.32,2.06
1790743062.187731,-0.2,-3.32,2.05
1790743062.2270231,-0.38,-3.31,2.03
1790743062.289449,-0.31,-3.32,2.04
1790743062.3453922,-0.42,-3.3,2.02
1790743062.383232,-0.41,-3.33,2.06
1790743062.446311,-0.45,-3.29,2.07
1790743062.4876292,-0.47,-3.3,2.1
1790743062.545365,-0.42,-3.32,2.13
1790743062.6053782,-0.47,-3.32,2.15
1790743062.645611,-0.43,-3.32,2.13
1790743062.7055109,-0.61,-3.3,2.16
1790743062.745719,-0.56,-3.28,2.17
1790743062.805822,-0.59,-3.27,2.18
1790743062.865359,-0.55,-3.27,2.17
1790743062.905596,-0.49,-3.27,2.17
1790743062.965288,-0.52,-3.28,2.17
1790743063.0070348,-0.52,-3.28,2.17
1790743063.067035,-0.51,-3.27,2.17
1790743063.124865,-0.5,-3.27,2.18
1790743063.1669729,-0.53,-3.27,2.17
1790743063.222462,-0.54,-3.27,2.17
1790743063.289867,-0.52,-3.27,2.18
1790743063.325665,-0.52,-3.27,2.18
1790743063.376555,-0.5,-3.26,2.18
1790743063.427043,-0.49,-3.28,2.19
1790743063.4809039,-0.5,-3.27,2.19
1790743063.54549,-0.49,-3.27,2.19
1790743063.581708,-0.49,-3.26,2.2
1790743063.645377,-0.5,-3.27,2.2
1790743063.705365,-0.46,-3.26,2.2
1790743063.747033,-0.51,-3.27,2.21
1790743063.808388,-0.51,-3.27,2.21
1790743063.845716,-0.51,-3.27,2.21
1790743063.9058392,-0.51,-3.27,2.21
1790743063.965258,-0.5,-3.27,2.22
1790743064.0057962,-0.5,-3.27,2.22
1790743064.0658062,-0.49,-3.27,2.22
1790743064.1066082,-0.51,-3.27,2.22
1790743064.167907,-0.52,-3.27,2.22
1790743064.225682,-0.54,-3.27,2.22
1790743064.2879639,-0.52,-3.27,2.22
1790743064.3447611,-0.52,-3.26,2.23
1790743064.382205,-0.51,-3.27,2.23
1790743064.445337,-0.51,-3.27,2.23
1790743064.488183,-0.51,-3.27,2.23
1790743064.543008,-0.51,-3.27,2.23
1790743064.6056051,-0.5,-3.27,2.23
1790743064.645409,-0.54,-3.3,2.25
1790743064.705784,-0.61,-3.32,2.27
1790743064.7675872,-0.61,-3.32,2.27
1790743064.8056252,-0.74,-3.25,2.36
1790743064.8670561,-0.72,-3.27,2.38
1790743064.9252212,-0.74,-3.22,2.31
1790743064.9669518,-0.73,-3.2,2.32
1790743065.025198,-0.74,-3.2,2.32
1790743065.065757,-0.76,-3.2,2.32
1790743065.125217,-0.77,-3.22,2.33
1790743065.1716301,-0.77,-3.23,2.33
1790743065.229887,-0.76,-3.23,2.33
1790743065.2862568,0.49,-3.28,2.28
1790743065.337624,4.07,-3.41,2.04
1790743065.406943,6.6,-3.54,1.91
1790743065.445191,12.75,-3.77,1.46
1790743065.499659,15.73,-3.88,1.38
1790743065.5464478,19.15,-3.96,1.09
1790743065.599181,22.33,-4.05,0.94
1790743065.665268,25.76,-4.12,0.66
1790743065.7004669,29.05,-4.2,0.44
1790743065.766349,32.55,-4.25,0.23
1790743065.8043919,36.01,-4.3,-0.06
1790743065.86568,39.4,-4.3,-0.19
1790743065.9266062,42.87,-4.33,-0.49
1790743065.965696,46.36,-4.38,-0.69
1790743066.028546,49.85,-4.32,-0.98
1790743066.085665,53.25,-4.33,-1.19
1790743066.128691,56.82,-4.24,-1.45
1790743066.1851761,60.24,-4.2,-1.65
1790743066.225767,63.79,-4.11,-1.91
1790743066.2852569,67.21,-4.04,-2.08
1790743066.325681,70.74,-3.9,-2.29
1790743066.385243,74.26,-3.83,-2.48
1790743066.426372,77.69,-3.67,-2.64
1790743066.4872441,81.2,-3.56,-2.88
1790743066.548584,84.61,-3.42,-3.04
1790743066.5854661,87.98,-3.27,-3.2
1790743066.6469371,90.64,-3.09,-3.36
1790743066.691068,93.12,-2.97,-3.51
1790743066.75179,94.35,-2.91,-3.56
1790743066.800353,95.16,-2.86,-3.59
1790743066.866518,96.05,-2.81,-3.56
1790743066.902875,96.51,-2.79,-3.56
1790743066.956515,95.37,-2.82,-3.56
1790743067.0080519,93.6,-2.92,-3.48
1790743067.052879,92.14,-2.98,-3.4
1790743067.10607,90.72,-3.05,-3.34
1790743067.15786,90.02,-3.08,-3.29
1790743067.205345,89.32,-3.13,-3.23
1790743067.260886,89.18,-3.15,-3.22
1790743067.328107,89.16,-3.15,-3.22
1790743067.360349,89.12,-3.15,-3.22
1790743067.425622,89.02,-3.15,-3.21
1790743067.465491,88.94,-3.16,-3.2
1790743067.528956,88.84,-3.16,-3.19
1790743067.585423,88.82,-3.16,-3.18
1790743067.629112,88.81,-3.16,-3.18
1790743067.685816,88.79,-3.16,-3.18
1790743067.7292538,88.78,-3.16,-3.17
1790743067.785625,88.77,-3.15,-3.17
1790743067.828016,88.76,-3.15,-3.17
1790743067.887369,88.78,-3.15,-3.16
1790743067.925677,88.75,-3.15,-3.16
1790743067.9868002,88.75,-3.14,-3.16
1790743068.0257359,88.74,-3.15,-3.16
1790743068.086724,88.75,-3.14,-3.15
1790743068.127573,88.73,-3.15,-3.15
1790743068.186409,88.68,-3.15,-3.15
1790743068.251578,88.68,-3.16,-3.15
1790743068.285766,88.67,-3.15,-3.15
1790743068.34557,88.65,-3.16,-3.14
1790743068.385632,88.65,-3.16,-3.14
1790743068.44584,88.64,-3.15,-3.14
1790743068.48942,88.64,-3.15,-3.14
1790743068.548623,88.63,-3.15,-3.14
1790743068.605419,88.6,-3.16,-3.14
1790743068.6461298,88.59,-3.15,-3.13
1790743068.705777,88.57,-3.16,-3.13
1790743068.764745,88.57,-3.16,-3.13
1790743068.8058722,88.57,-3.16,-3.13
1790743068.865715,88.57,-3.16,-3.13
1790743068.905922,88.57,-3.16,-3.12
1790743068.96183,88.58,-3.16,-3.12
1790743069.032882,88.51,-3.17,-3.12
1790743069.067157,88.53,-3.17,-3.12
1790743069.1239302,88.55,-3.16,-3.11
1790743069.185326,88.53,-3.16,-3.11
1790743069.251127,88.54,-3.16,-3.11
1790743069.305571,88.52,-3.16,-3.11
1790743069.364758,88.52,-3.17,-3.1
1790743069.405658,88.51,-3.17,-3.1
1790743069.467693,88.51,-3.16,-3.1
1790743069.5056908,88.53,-3.16,-3.1
1790743069.5651782,88.51,-3.17,-3.1
1790743069.6057851,88.49,-3.16,-3.1
1790743069.6652281,88.47,-3.17,-3.09
1790743069.705523,88.46,-3.17,-3.09
1790743069.76689,88.45,-3.17,-3.09
1790743069.805702,88.46,-3.17,-3.09
1790743069.866883,88.45,-3.17,-3.09
1790743069.9252071,88.45,-3.17,-3.09
1790743069.96652,88.45,-3.17,-3.08
1790743070.025227,88.45,-3.17,-3.08
1790743070.0658062,88.44,-3.17,-3.08
1790743070.1254258,88.44,-3.17,-3.08
1790743070.165761,88.46,-3.16,-3.08
1790743070.225225,88.52,-3.11,-3.09
1790743070.2851899,88.77,-3.06,-3.1
1790743070.3255072,88.88,-3.09,-3.07
1790743070.3803341,88.85,-3.14,-3.06
1790743070.4452631,88.92,-3.24,-3.09
1790743070.485291,89.01,-3.29,-3.08
1790743070.545519,89.11,-3.32,-3.16
1790743070.586503,89.09,-3.32,-3.19
1790743070.646132,89.07,-3.32,-3.21
1790743070.6863759,89.15,-3.35,-3.12
1790743070.750145,89.24,-3.28,-3.1
1790743070.808903,89.26,-3.27,-3.12
1790743070.8471591,89.35,-3.31,-3.1
1790743070.909364,89.46,-3.22,-3.09
1790743070.945741,89.53,-3.21,-3.06
1790743071.007091,89.54,-3.17,-3.01
1790743071.065553,89.49,-3.12,-2.99
1790743071.108758,89.61,-3.02,-3.1
1790743071.165652,89.71,-3.0,-3.19
1790743071.208509,89.7,-2.95,-3.2
1790743071.3065479,89.77,-2.88,-3.26
1790743071.338188,89.64,-2.85,-3.24
1790743071.388407,89.69,-2.83,-3.2
1790743071.443769,89.71,-2.76,-3.23
1790743071.507487,89.67,-2.73,-3.22
1790743071.545896,89.84,-2.64,-3.22
1790743071.6067562,89.84,-2.64,-3.22
1790743071.643135,89.93,-2.57,-3.33
1790743071.709151,89.92,-2.59,-3.33
1790743071.765414,89.84,-2.58,-3.26
1790743071.825189,89.89,-2.61,-3.29
1790743071.866933,89.84,-2.64,-3.27
1790743071.925461,89.92,-2.66,-3.33
1790743071.986745,89.95,-2.66,-3.34
1790743072.0255098,89.98,-2.71,-3.35
1790743072.082721,90.0,-2.71,-3.32
1790743072.146945,90.02,-2.76,-3.36
1790743072.20702,90.01,-2.78,-3.36
1790743072.2652302,89.94,-2.77,-3.33
1790743072.307935,89.97,-2.78,-3.35
1790743072.365535,89.94,-2.79,-3.32
1790743072.408333,89.94,-2.79,-3.3
1790743072.467075,89.92,-2.79,-3.27
1790743072.508023,89.92,-2.8,-3.26
1790743072.566963,89.91,-2.82,-3.27
1790743072.6254442,89.97,-2.85,-3.3
1790743072.665896,90.0,-2.84,-3.31
1790743072.7270179,90.0,-2.83,-3.3
1790743072.787631,89.99,-2.83,-3.29
1790743072.8268712,89.99,-2.82,-3.29
1790743072.885386,90.0,-2.82,-3.28
1790743072.926782,90.0,-2.8,-3.28
1790743072.98544,89.98,-2.8,-3.28
1790743073.045383,89.95,-2.81,-3.27
1790743073.085496,89.95,-2.81,-3.27
1790743073.145225,89.95,-2.81,-3.26
1790743073.185382,89.95,-2.81,-3.26
1790743073.247031,89.96,-2.8,-3.25
1790743073.28647,90.01,-2.79,-3.24
1790743073.34532,89.97,-2.78,-3.24
1790743073.4060328,89.97,-2.79,-3.23
1790743073.443913,89.96,-2.8,-3.23
1790743073.508778,89.96,-2.8,-3.23
1790743073.5658188,89.97,-2.8,-3.23
1790743073.62526,89.96,-2.8,-3.23
1790743073.667094,89.96,-2.8,-3.24
1790743073.7268748,89.92,-2.8,-3.25
1790743073.788453,89.84,-2.8,-3.25
1790743073.845283,89.88,-2.8,-3.24
1790743073.889504,89.91,-2.8,-3.23
1790743073.94496,89.9,-2.79,-3.23
1790743074.006094,89.85,-2.78,-3.26
1790743074.053205,89.81,-2.8,-3.24
1790743074.1053178,89.83,-2.79,-3.24
1790743074.146971,89.84,-2.79,-3.24
1790743074.207954,89.83,-2.79,-3.24
1790743074.262936,89.83,-2.79,-3.24
1790743074.325208,89.84,-2.79,-3.24
1790743074.36565,89.83,-2.79,-3.23
1790743074.426049,89.83,-2.79,-3.23
1790743074.4866638,89.84,-2.79,-3.23
1790743074.546813,89.83,-2.79,-3.23
1790743074.585384,89.83,-2.79,-3.23
1790743074.647022,89.84,-2.79,-3.23
1790743074.705534,89.84,-2.79,-3.23
1790743074.7493498,89.83,-2.79,-3.23
1790743074.805913,89.83,-2.79,-3.23
1790743074.8647308,89.83,-2.79,-3.23
1790743074.907166,89.83,-2.79,-3.23
1790743074.95925,89.83,-2.79,-3.23
1790743075.025919,89.84,-2.79,-3.23
1790743075.063753,89.83,-2.79,-3.23
1790743075.1268322,89.83,-2.79,-3.23
1790743075.185458,89.83,-2.79,-3.23
1790743075.225538,89.83,-2.79,-3.23
1790743075.286483,89.83,-2.79,-3.23
1790743075.326417,89.84,-2.79,-3.23
1790743075.385448,89.84,-2.79,-3.23
1790743075.445455,89.84,-2.79,-3.23
1790743075.485514,89.83,-2.79,-3.23
1790743075.5451589,89.57,-2.79,-3.24
1790743075.605083,86.2,-2.96,-3.15
1790743075.647125,83.26,-3.08,-3.01
1790743075.705823,80.55,-3.2,-2.97
1790743075.785186,74.19,-3.48,-2.66
1790743075.824338,70.97,-3.59,-2.49
1790743075.885366,67.55,-3.7,-2.29
1790743075.945359,64.32,-3.8,-2.14
1790743075.98542,60.88,-3.92,-1.9
1790743076.045268,57.46,-3.98,-1.69
1790743076.0855,53.99,-4.06,-1.42
1790743076.1455538,50.58,-4.1,-1.23
1790743076.185654,47.1,-4.14,-0.96
1790743076.247037,43.62,-4.16,-0.77
1790743076.30619,40.07,-4.19,-0.47
1790743076.345862,36.64,-4.2,-0.23
1790743076.406165,33.2,-4.17,-0.06
1790743076.4673889,26.1,-4.09,0.37
1790743076.5076458,22.65,-4.02,0.65
1790743076.5678232,19.13,-3.95,0.83
1790743076.618356,15.58,-3.83,1.12
1790743076.663174,12.19,-3.75,1.34
1790743076.725548,8.61,-3.65,1.56
1790743076.785238,5.11,-3.49,1.72
1790743076.824967,1.53,-3.37,1.98
1790743076.8796911,-1.83,-3.26,2.09
1790743076.946642,-5.37,-3.06,2.29
1790743077.005114,-8.94,-2.91,2.46
1790743077.045606,-12.47,-2.69,2.62
1790743077.105015,-15.9,-2.52,2.76
1790743077.1468558,-23.0,-2.1,3.02
1790743077.208153,-26.39,-1.9,3.07
1790743077.267471,-29.91,-1.72,3.2
1790743077.32522,-33.43,-1.47,3.25
1790743077.365612,-36.93,-1.27,3.35
1790743077.425385,-40.38,-1.04,3.36
1790743077.485127,-43.9,-0.83,3.41
1790743077.520294,-47.39,-0.59,3.4
1790743077.585244,-50.93,-0.34,3.44
1790743077.625622,-54.35,-0.12,3.42
1790743077.677789,-57.77,0.11,3.42
1790743077.726351,-61.44,0.34,3.4
1790743077.781369,-64.87,0.56,3.29
1790743077.8451672,-68.34,0.78,3.26
1790743077.8828852,-71.83,1.01,3.16
1790743077.94782,-75.35,1.26,3.12
1790743077.985725,-78.71,1.44,3.02
1790743078.045323,-85.83,1.84,2.74
1790743078.1054678,-88.99,2.0,2.62
1790743078.165966,-91.0,2.09,2.52
1790743078.2056231,-92.33,2.13,2.41
1790743078.2668018,-92.72,2.15,2.4
1790743078.325081,-93.37,2.19,2.38
1790743078.365855,-93.94,2.22,2.37
1790743078.4251788,-94.21,2.24,2.38
1790743078.467247,-94.24,2.24,2.38
1790743078.526901,-94.22,2.23,2.38
1790743078.56728,-94.13,2.23,2.39
1790743078.625707,-93.95,2.22,2.4
1790743078.685981,-93.7,2.21,2.41
1790743078.725805,-93.42,2.2,2.41
1790743078.785342,-93.26,2.19,2.42
1790743078.825639,-93.05,2.18,2.43
1790743078.8863769,-92.95,2.17,2.43
1790743078.939121,-92.61,2.15,2.44
1790743079.005055,-92.4,2.14,2.45
1790743079.0404842,-92.29,2.13,2.46
1790743079.105849,-92.0,2.12,2.48
1790743079.14045,-91.83,2.11,2.5
1790743079.205112,-91.54,2.1,2.53
1790743079.2470798,-91.04,2.1,2.61
1790743079.3067431,-91.04,2.1,2.61
1790743079.346316,-90.67,2.08,2.63
1790743079.4068632,-90.55,2.07,2.64
1790743079.465557,-90.52,2.07,2.64
1790743079.505665,-90.52,2.07,2.65
1790743079.565433,-90.52,2.07,2.65
1790743079.6250281,-90.52,2.06,2.65
1790743079.6655738,-90.48,2.06,2.65
1790743079.730093,-90.49,2.06,2.66
1790743079.7663722,-90.48,2.05,2.66
1790743079.829798,-90.47,2.06,2.66
1790743079.884944,-90.46,2.06,2.66
1790743079.93139,-90.45,2.06,2.66
1790743079.9852319,-90.44,2.06,2.66
1790743080.027165,-90.43,2.06,2.66
1790743080.0852711,-90.43,2.05,2.67
1790743080.144672,-90.42,2.06,2.67
1790743080.185814,-90.42,2.06,2.67
1790743080.260271,-90.43,2.06,2.67
1790743080.3264818,-90.44,2.05,2.67
1790743080.365939,-90.44,2.05,2.68
1790743080.427076,-90.44,2.05,2.68
1790743080.465718,-90.44,2.05,2.68
1790743080.527455,-90.44,2.05,2.68
1790743080.5662432,-90.44,2.05,2.69
1790743080.625818,-90.43,2.05,2.69
1790743080.665876,-90.43,2.05,2.69
1790743080.725664,-90.43,2.05,2.7
1790743080.785225,-90.43,2.05,2.7
1790743080.82622,-90.44,2.04,2.7
1790743080.887011,-90.44,2.04,2.7
1790743080.9254432,-90.45,2.04,2.7
1790743080.98573,-90.48,2.04,2.7
1790743081.043066,-90.46,2.04,2.7
1790743081.105021,-90.46,2.04,2.7
1790743081.147066,-90.42,2.04,2.71
1790743081.2083762,-90.43,2.04,2.71
1790743081.264714,-90.44,2.03,2.71
1790743081.306829,-90.43,2.03,2.72
1790743081.365571,-90.43,2.03,2.72
1790743081.407048,-90.43,2.03,2.72
1790743081.470787,-90.43,2.03,2.73
1790743081.525198,-90.42,2.03,2.73
1790743081.56093,-90.35,2.07,2.7
1790743081.627242,-90.04,2.11,2.64
1790743081.685297,-89.8,2.09,2.7
1790743081.7260501,-89.84,2.04,2.64
1790743081.7853708,-89.94,1.99,2.59
1790743081.845071,-90.05,1.91,2.61
1790743081.885518,-90.13,1.83,2.6
1790743081.947636,-90.13,1.78,2.62
1790743081.985517,-90.11,1.76,2.61
1790743082.045739,-90.19,1.73,2.63
1790743082.1091578,-90.14,1.74,2.66
1790743082.162663,-90.13,1.8,2.67
1790743082.225398,-90.12,1.82,2.63
1790743082.286355,-90.08,1.86,2.61
1790743082.345126,-90.14,1.91,2.62
1790743082.385553,-90.13,1.97,2.63
1790743082.445636,-90.12,2.02,2.66
1790743082.50569,-90.1,2.08,2.66
1790743082.5677829,-90.1,2.19,2.71
1790743082.606164,-90.07,2.25,2.67
1790743082.6596391,-90.14,2.35,2.66
1790743082.725934,-90.09,2.39,2.65
1790743082.770009,-90.06,2.47,2.6
1790743082.828313,-90.0,2.47,2.53
1790743082.8851771,-90.06,2.45,2.55
1790743082.926976,-90.06,2.48,2.6
1790743082.985909,-90.0,2.45,2.64
1790743083.045293,-90.04,2.41,2.6
1790743083.0854132,-90.06,2.41,2.59
1790743083.1455958,-90.06,2.35,2.57
1790743083.185568,-90.02,2.34,2.58
1790743083.246858,-90.13,2.29,2.63
1790743083.305208,-90.06,2.34,2.53
1790743083.346446,-90.2,2.29,2.49
1790743083.405257,-90.31,2.3,2.47
1790743083.4456692,-90.17,2.29,2.5
1790743083.506561,-90.17,2.29,2.51
1790743083.5661561,-90.07,2.26,2.54
1790743083.606614,-90.08,2.24,2.6
1790743083.667308,-90.09,2.24,2.63
1790743083.70663,-90.0,2.24,2.63
1790743083.7625852,-90.0,2.26,2.63
1790743083.8247008,-90.0,2.26,2.63
1790743083.867271,-90.01,2.26,2.64
1790743083.9194088,-90.01,2.26,2.64
1790743083.9850922,-90.0,2.26,2.65
1790743084.025388,-90.02,2.27,2.65
1790743084.088481,-90.05,2.28,2.63
1790743084.145084,-90.09,2.28,2.61
1790743084.190658,-90.08,2.27,2.58
1790743084.245205,-90.11,2.27,2.58
1790743084.289078,-90.29,2.29,2.56
1790743084.3455958,-90.33,2.3,2.55
1790743084.389156,-90.21,2.27,2.58
1790743084.446789,-90.06,2.25,2.58
1790743084.5052328,-90.14,2.26,2.59
1790743084.5468118,-90.21,2.28,2.6
1790743084.605271,-90.2,2.27,2.61
1790743084.646765,-90.21,2.27,2.61
1790743084.705488,-90.21,2.27,2.62
1790743084.782627,-90.21,2.27,2.63
1790743084.8232691,-90.22,2.27,2.63
1790743084.865809,-90.23,2.25,2.64
1790743084.9226089,-90.24,2.23,2.66
1790743084.967134,-90.24,2.25,2.71
1790743085.020315,-90.29,2.27,2.67
1790743085.068157,-90.22,2.29,2.76
1790743085.1207528,-90.24,2.36,2.74
1790743085.1672251,-90.25,2.37,2.72
1790743085.222742,-90.26,2.4,2.72
1790743085.2779992,-90.21,2.41,2.7
1790743085.327235,-90.19,2.39,2.71
1790743085.377764,-90.21,2.38,2.72
1790743085.444992,-90.26,2.38,2.72
1790743085.505138,-93.06,2.49,2.62
1790743085.5466251,-96.08,2.66,2.46
1790743085.60541,-101.79,2.88,2.17
1790743085.666382,-105.05,3.05,1.98
1790743085.706631,-108.23,3.14,1.79
1790743085.7674088,-111.5,3.28,1.57
1790743085.8279822,-114.97,3.37,1.33
1790743085.887533,-118.13,3.47,1.12
1790743085.9267762,-121.73,3.57,0.89
1790743085.9854898,-125.07,3.63,0.6
1790743086.025548,-128.64,3.68,0.35
1790743086.080155,-132.06,3.71,0.1
1790743086.129409,-135.54,3.74,-0.15
1790743086.180214,-139.04,3.73,-0.38
1790743086.247134,-142.47,3.73,-0.67
1790743086.304995,-146.07,3.72,-0.94
1790743086.341611,-149.47,3.7,-1.18
1790743086.4049668,-153.05,3.63,-1.41
1790743086.4431329,-156.44,3.58,-1.67
1790743086.505384,-160.03,3.48,-1.87
1790743086.543458,-163.52,3.4,-2.14
1790743086.6050339,-167.12,3.31,-2.33
1790743086.6652548,-174.05,3.02,-2.76
1790743086.705445,-177.45,2.85,-2.99
1790743086.764996,179.48,2.72,-3.18
1790743086.8063738,178.29,2.67,-3.2
1790743086.866549,177.04,2.6,-3.25
1790743086.92501,176.6,2.57,-3.26
1790743086.967896,176.04,2.53,-3.29
1790743087.040131,175.62,2.5,-3.32
1790743087.1052039,175.46,2.47,-3.32
1790743087.1651359,177.96,2.64,-3.21
1790743087.2056372,179.41,2.71,-3.16
1790743087.265485,-179.38,2.78,-3.12
1790743087.3285398,-179.24,2.78,-3.11
1790743087.3654542,-179.18,2.78,-3.11
1790743087.426235,-179.17,2.78,-3.1
1790743087.466771,-179.14,2.78,-3.1
1790743087.527443,-179.05,2.79,-3.1
1790743087.5854888,-179.01,2.79,-3.08
1790743087.626919,-178.98,2.79,-3.08
1790743087.6867468,-178.99,2.79,-3.08
1790743087.745554,-178.99,2.79,-3.08
1790743087.805548,-178.99,2.79,-3.07
1790743087.8452458,-178.99,2.79,-3.06
1790743087.899532,-179.01,2.78,-3.06
1790743087.965166,-178.98,2.79,-3.06
1790743088.003037,-178.95,2.79,-3.05
1790743088.065214,-178.96,2.79,-3.05
1790743088.107023,-178.96,2.78,-3.05
1790743088.166093,-178.97,2.78,-3.04
1790743088.2254221,-178.97,2.78,-3.04
1790743088.2650921,-178.97,2.78,-3.03
1790743088.325665,-178.97,2.78,-3.03
1790743088.385565,-178.96,2.78,-3.03
1790743088.425639,-178.97,2.78,-3.02
1790743088.484886,-179.02,2.79,-3.02
1790743088.5266838,-179.09,2.83,-3.0
1790743088.5864599,-179.19,2.83,-3.01
1790743088.625511,-179.19,2.83,-3.05
1790743088.682374,-179.14,2.82,-3.03
1790743088.748666,-179.16,2.78,-3.01
1790743088.786645,-179.14,2.72,-3.06
1790743088.848644,-179.17,2.67,-3.02
1790743088.905343,-179.25,2.67,-2.97
1790743088.951148,-179.29,2.66,-2.96
1790743089.001358,-179.37,2.65,-3.01
1790743089.065346,-179.45,2.65,-2.99
1790743089.1063738,-179.51,2.63,-3.0
1790743089.159713,-179.57,2.62,-2.99
1790743089.206203,-179.59,2.6,-2.97
1790743089.3054411,-179.65,2.58,-2.99
1790743089.3472798,-179.71,2.55,-2.95
1790743089.407605,-179.72,2.56,-3.03
1790743089.447131,-179.75,2.55,-3.01
1790743089.5053189,-179.71,2.58,-3.01
1790743089.547061,-179.77,2.6,-3.02
1790743089.605078,-179.76,2.64,-2.98
1790743089.64683,-179.89,2.55,-3.06
1790743089.7054,179.96,2.57,-3.04
1790743089.761976,179.98,2.57,-3.04
1790743089.8045812,-179.95,2.56,-2.96
1790743089.856668,179.9,2.56,-2.92
1790743089.90508,179.85,2.59,-2.9
1790743089.957742,179.88,2.6,-2.9
1790743090.025032,179.87,2.6,-2.9
1790743090.062635,179.91,2.61,-2.91
1790743090.126678,179.99,2.63,-2.91
1790743090.164913,180.0,2.69,-2.92
1790743090.227252,-179.99,2.66,-2.98
1790743090.285677,179.91,2.68,-2.96
1790743090.326255,179.96,2.7,-2.93
1790743090.385365,179.97,2.69,-2.88
1790743090.4461498,179.85,2.71,-2.86
1790743090.4853408,179.76,2.7,-2.87
1790743090.5484118,179.79,2.71,-2.86
1790743090.5852742,179.64,2.74,-2.88
1790743090.647433,179.67,2.75,-2.93
1790743090.704501,179.89,2.72,-2.93
1790743090.764478,-179.86,2.69,-2.99
1790743090.805408,-179.72,2.67,-3.02
1790743090.860441,-179.73,2.67,-3.0
1790743090.9273322,-179.81,2.66,-2.92
1790743090.963433,-179.88,2.67,-2.8
1790743091.019084,-179.86,2.65,-2.74
1790743091.084824,-179.83,2.64,-2.72
1790743091.126774,-179.8,2.63,-2.7
1790743091.184911,-179.67,2.6,-2.79
1790743091.247696,-179.74,2.58,-2.77
1790743091.3050802,-179.81,2.57,-2.76
1790743091.347255,-179.82,2.59,-2.75
1790743091.405217,-179.82,2.59,-2.75
1790743091.44572,-179.83,2.6,-2.75
1790743091.5219781,-179.84,2.6,-2.75
1790743091.56557,-179.84,2.61,-2.76
1790743091.607251,-179.95,2.61,-2.77
1790743091.6661792,-179.92,2.6,-2.8
1790743091.721063,-179.92,2.59,-2.87
1790743091.78653,-179.99,2.6,-2.86
1790743091.8453948,179.97,2.61,-2.82
1790743091.885122,179.99,2.61,-2.79
1790743091.9487948,-179.97,2.6,-2.8
1790743092.00507,179.94,2.61,-2.83
1790743092.047248,179.95,2.62,-2.83
1790743092.10531,179.93,2.62,-2.82
1790743092.145122,179.91,2.62,-2.81
1790743092.205493,179.91,2.62,-2.8
1790743092.264974,179.91,2.62,-2.8
1790743092.3053389,179.91,2.62,-2.8
1790743092.365356,179.91,2.62,-2.79
1790743092.425175,179.9,2.62,-2.79
1790743092.4655948,179.85,2.62,-2.79
1790743092.522003,177.08,2.49,-2.91
1790743092.565469,174.04,2.33,-3.08
1790743092.62291,171.37,2.2,-3.19
1790743092.6870458,168.25,2.04,-3.29
1790743092.725253,165.18,1.86,-3.46
1790743092.783895,161.89,1.68,-3.52
1790743092.846126,158.56,1.53,-3.67
1790743092.887012,155.24,1.35,-3.73
1790743092.9453871,151.92,1.17,-3.85
1790743093.005316,148.49,0.95,-3.88
1790743093.045486,145.08,0.72,-3.93
1790743093.1052852,141.65,0.51,-4.03
1790743093.14713,134.77,0.05,-4.08
1790743093.205677,131.28,-0.15,-4.08
1790743093.265214,127.79,-0.38,-4.13
1790743093.3084319,124.32,-0.61,-4.08
1790743093.365129,120.87,-0.83,-4.03
1790743093.4252632,117.32,-1.1,-3.96
1790743093.4652958,113.88,-1.29,-3.95
1790743093.5252512,110.42,-1.54,-3.91
1790743093.5654132,106.85,-1.73,-3.81
1790743093.6254249,103.41,-1.95,-3.72
1790743093.6654909,99.92,-2.12,-3.64
1790743093.726966,96.42,-2.35,-3.56
1790743093.806773,93.01,-2.5,-3.44
1790743093.8424351,90.12,-2.63,-3.38
1790743093.906902,85.45,-2.89,-3.17
1790743093.965003,84.83,-2.92,-3.14
1790743094.0069911,84.18,-2.94,-3.11
1790743094.065899,83.67,-2.97,-3.07
1790743094.10802,83.27,-2.99,-3.04
1790743094.165109,83.94,-2.93,-3.08
1790743094.206374,85.78,-2.85,-3.17
1790743094.265205,87.41,-2.78,-3.25
1790743094.325238,89.04,-2.7,-3.32
1790743094.365491,90.03,-2.63,-3.35
1790743094.425003,90.86,-2.57,-3.35
1790743094.467081,90.87,-2.58,-3.35
1790743094.528328,90.95,-2.57,-3.34
1790743094.5855591,91.0,-2.56,-3.34
1790743094.625086,91.09,-2.56,-3.33
1790743094.687356,91.2,-2.55,-3.32
1790743094.7463412,91.26,-2.55,-3.32
1790743094.805303,91.28,-2.55,-3.32
1790743094.865348,91.3,-2.56,-3.31
1790743094.900224,91.3,-2.56,-3.31
1790743094.965739,91.31,-2.56,-3.31
1790743095.005494,91.31,-2.56,-3.3
1790743095.0664499,91.29,-2.57,-3.3
1790743095.124884,91.33,-2.58,-3.29
1790743095.165385,91.36,-2.57,-3.3
1790743095.22541,91.35,-2.57,-3.29
1790743095.2682738,91.37,-2.57,-3.29
1790743095.3264132,91.37,-2.57,-3.29
1790743095.385515,91.36,-2.57,-3.28
1790743095.425317,91.37,-2.57,-3.28
1790743095.484865,91.36,-2.57,-3.27
1790743095.526625,91.33,-2.57,-3.27
1790743095.58554,91.35,-2.57,-3.27
1790743095.625334,91.35,-2.57,-3.26
1790743095.68522,91.35,-2.57,-3.26
1790743095.752773,91.35,-2.57,-3.26
1790743095.785959,91.34,-2.58,-3.26
1790743095.8454452,91.34,-2.58,-3.26
1790743095.9062772,91.33,-2.58,-3.26
1790743095.9649532,91.34,-2.58,-3.25
1790743096.0254421,91.33,-2.58,-3.25
1790743096.06566,91.34,-2.58,-3.25
1790743096.126965,91.33,-2.58,-3.25
1790743096.166792,91.33,-2.58,-3.25
1790743096.226654,91.33,-2.59,-3.24
1790743096.285387,91.31,-2.59,-3.24
1790743096.325593,91.32,-2.59,-3.24
1790743096.3876858,91.34,-2.59,-3.24
1790743096.445868,91.31,-2.59,-3.24
1790743096.4852679,91.31,-2.59,-3.24
1790743096.548744,91.31,-2.59,-3.23
1790743096.6049888,91.31,-2.6,-3.23
1790743096.64711,91.3,-2.6,-3.23
1790743096.706723,91.33,-2.59,-3.22
1790743096.7651699,91.31,-2.6,-3.22
1790743096.80758,91.3,-2.6,-3.22
1790743096.8601432,91.28,-2.6,-3.21
1790743096.9253602,91.28,-2.61,-3.21
1790743096.965499,91.28,-2.61,-3.21
1790743097.0257769,91.28,-2.6,-3.2
1790743097.084928,91.28,-2.61,-3.2
1790743097.127551,91.28,-2.61,-3.2
1790743097.185347,91.28,-2.61,-3.2
1790743097.226753,91.27,-2.6,-3.2
1790743097.285485,91.27,-2.61,-3.19
1790743097.34966,91.27,-2.61,-3.19
1790743097.404298,91.25,-2.6,-3.19
1790743097.44977,91.26,-2.59,-3.22
1790743097.5050082,91.22,-2.58,-3.23
1790743097.564585,90.94,-2.7,-3.22
1790743097.6106281,90.95,-2.79,-3.24
1790743097.667722,90.85,-2.84,-3.26
1790743097.7212958,90.8,-2.89,-3.23
1790743097.762461,90.68,-2.93,-3.21
1790743097.819943,90.67,-2.93,-3.22
1790743097.885112,90.6,-2.91,-3.23
1790743097.922782,90.54,-2.88,-3.23
1790743097.9852521,90.46,-2.86,-3.18
1790743098.0262752,90.4,-2.88,-3.22
1790743098.085845,90.3,-2.92,-3.2
1790743098.147628,90.25,-2.95,-3.23
1790743098.185311,90.25,-2.98,-3.19
1790743098.268539,90.15,-2.92,-3.17
1790743098.324415,90.26,-2.87,-3.22
1790743098.366307,90.16,-2.84,-3.2
1790743098.424834,90.14,-2.78,-3.11
1790743098.4669921,90.15,-2.71,-3.07
1790743098.525035,90.11,-2.65,-3.02
1790743098.56774,90.18,-2.61,-3.06
1790743098.6268191,90.17,-2.57,-3.08
1790743098.684903,90.14,-2.54,-3.15
1790743098.71683,89.99,-2.5,-3.16
1790743098.78491,89.99,-2.49,-3.17
1790743098.818541,89.94,-2.48,-3.13
1790743098.876317,89.94,-2.45,-3.12
1790743098.925484,90.01,-2.42,-3.11
1790743098.980273,90.05,-2.4,-3.1
1790743099.0451531,90.04,-2.33,-3.07
1790743099.0852082,89.99,-2.29,-3.05
1790743099.146694,89.92,-2.27,-3.07
1790743099.183323,90.01,-2.32,-3.11
1790743099.266918,90.0,-2.4,-3.06
1790743099.3244622,89.95,-2.41,-3.01
1790743099.367965,89.97,-2.46,-2.96
1790743099.420116,89.99,-2.41,-2.92
1790743099.485172,89.9,-2.45,-2.87
1790743099.526216,90.04,-2.44,-2.91
1790743099.577884,89.94,-2.44,-2.88
1790743099.648271,90.03,-2.45,-3.0
1790743099.678856,89.91,-2.48,-2.98
1790743099.746847,89.99,-2.52,-3.01
1790743099.7824798,89.94,-2.56,-3.01
1790743099.846308,90.02,-2.61,-3.04
1790743099.906535,90.03,-2.66,-3.06
1790743099.9467251,90.03,-2.68,-3.03
1790743100.0061078,89.96,-2.67,-3.03
1790743100.046536,89.95,-2.66,-3.03
1790743100.1063948,89.95,-2.66,-3.03
1790743100.165786,89.94,-2.66,-3.02
1790743100.206104,89.89,-2.65,-3.03
1790743100.266453,89.88,-2.63,-3.06
1790743100.309283,89.93,-2.63,-3.08
1790743100.36654,89.93,-2.63,-3.05
1790743100.426002,89.92,-2.61,-3.04
1790743100.485931,90.0,-2.64,-3.0
1790743100.526737,89.86,-2.66,-2.97
1790743100.577429,89.72,-2.64,-2.99
1790743100.6249669,89.59,-2.63,-2.99
1790743100.6864681,89.57,-2.63,-2.99
1790743100.766231,89.57,-2.63,-2.98
1790743100.806902,89.57,-2.63,-2.98
1790743100.867172,89.6,-2.63,-2.98
1790743100.908886,89.6,-2.63,-2.97
1790743100.967964,89.6,-2.62,-2.96
1790743101.0271401,89.59,-2.63,-2.96
1790743101.068985,89.59,-2.63,-2.95
1790743101.128845,89.58,-2.63,-2.95
1790743101.187365,89.59,-2.64,-2.94
1790743101.2289898,89.58,-2.63,-2.94
1790743101.286861,89.56,-2.64,-2.94
1790743101.327949,89.54,-2.63,-2.93
1790743101.386896,89.61,-2.63,-2.93
1790743101.431461,89.6,-2.63,-2.93
1790743101.487713,89.56,-2.64,-2.93
1790743101.546907,89.57,-2.64,-2.92
1790743101.588435,89.57,-2.63,-2.92
1790743101.63851,89.57,-2.64,-2.92
1790743101.686804,89.57,-2.64,-2.91
1790743101.749192,89.57,-2.64,-2.91
1790743101.807759,89.57,-2.64,-2.91
1790743101.867237,89.56,-2.65,-2.9
1790743101.9092832,89.56,-2.64,-2.9
1790743101.967079,89.56,-2.64,-2.9
1790743102.0271711,89.55,-2.64,-2.9
1790743102.068043,89.55,-2.64,-2.89
1790743102.1268868,89.55,-2.64,-2.89
1790743102.167157,89.55,-2.64,-2.89
1790743102.2313018,89.55,-2.65,-2.89
1790743102.286944,89.55,-2.65,-2.89
1790743102.330594,89.55,-2.65,-2.89
1790743102.3871338,89.55,-2.64,-2.89
1790743102.4443562,89.55,-2.65,-2.89
1790743102.487385,89.55,-2.65,-2.89
1790743102.542233,89.55,-2.64,-2.89
1790743102.6091971,89.55,-2.64,-2.89
1790743102.6429598,89.55,-2.64,-2.89
1790743102.727465,89.55,-2.64,-2.89
1790743102.7677639,89.55,-2.64,-2.89
1790743102.8283362,89.55,-2.64,-2.89
1790743102.88508,89.55,-2.65,-2.89
1790743102.929609,89.57,-2.64,-2.89
1790743102.986775,89.58,-2.64,-2.89
1790743103.0282612,89.56,-2.64,-2.89
1790743103.086993,89.56,-2.64,-2.89
1790743103.144275,89.54,-2.64,-2.89
1790743103.1873732,89.53,-2.64,-2.89
1790743103.24848,89.53,-2.64,-2.88
1790743103.289022,89.53,-2.64,-2.88
1790743103.3449879,89.52,-2.64,-2.88
1790743103.410985,89.52,-2.64,-2.88
1790743103.448812,89.52,-2.65,-2.88
1790743103.498425,89.5,-2.65,-2.88
1790743103.567446,89.48,-2.65,-2.87
1790743103.626925,89.46,-2.65,-2.88
1790743103.668614,89.46,-2.65,-2.87
1790743103.727273,89.48,-2.65,-2.87
1790743103.787117,89.45,-2.65,-2.87
1790743103.847162,89.43,-2.66,-2.87
1790743103.887648,89.45,-2.67,-2.87
1790743103.946959,89.44,-2.66,-2.87
1790743103.9878669,89.44,-2.65,-2.87
1790743104.046939,89.44,-2.65,-2.87
1790743104.0873878,89.44,-2.65,-2.86
1790743104.15057,89.42,-2.66,-2.86
1790743104.207241,89.4,-2.66,-2.86
1790743104.250082,89.4,-2.67,-2.86
1790743104.303444,89.4,-2.66,-2.86
1790743104.366681,89.37,-2.66,-2.86
1790743104.405476,89.34,-2.66,-2.86
1790743104.469003,89.38,-2.67,-2.85
1790743104.504617,89.39,-2.66,-2.85
1790743104.560014,89.34,-2.67,-2.86
1790743104.62714,89.35,-2.67,-2.86
1790743104.666131,89.33,-2.67,-2.85
1790743104.7281651,89.33,-2.67,-2.85
1790743104.786805,89.32,-2.67,-2.85
1790743104.827289,89.32,-2.67,-2.85
1790743104.890629,89.32,-2.67,-2.85
1790743104.948043,89.35,-2.67,-2.85
1790743105.008561,89.3,-2.68,-2.85
1790743105.062804,89.27,-2.68,-2.85
1790743105.108823,89.28,-2.68,-2.85
1790743105.165024,89.26,-2.68,-2.84
1790743105.228401,89.26,-2.68,-2.85
1790743105.2890592,89.26,-2.68,-2.85
1790743105.324987,89.25,-2.68,-2.85
1790743105.3870451,89.25,-2.68,-2.85
1790743105.446839,89.22,-2.68,-2.84
1790743105.48981,89.24,-2.69,-2.84
1790743105.5487092,89.25,-2.68,-2.84
1790743105.607815,89.25,-2.69,-2.84
1790743105.66685,89.23,-2.69,-2.84
1790743105.7072818,89.22,-2.69,-2.84
1790743105.770014,89.22,-2.69,-2.84
1790743105.8270159,89.21,-2.69,-2.83
1790743105.865964,89.18,-2.69,-2.83
1790743105.922973,89.2,-2.69,-2.83
1790743105.989314,89.2,-2.69,-2.83
1790743106.022131,89.21,-2.68,-2.83
1790743106.0886688,89.19,-2.69,-2.82
1790743106.1262138,89.17,-2.69,-2.83
1790743106.1882539,89.17,-2.69,-2.82
1790743106.227644,89.17,-2.69,-2.82
1790743106.287266,89.16,-2.69,-2.82
1790743106.347232,89.17,-2.69,-2.82
1790743106.410036,89.15,-2.69,-2.82
1790743106.447246,89.11,-2.7,-2.81
1790743106.5086458,89.12,-2.69,-2.81
1790743106.567481,89.09,-2.7,-2.81
1790743106.6078432,89.09,-2.7,-2.81
1790743106.6684,89.09,-2.7,-2.81
1790743106.726996,89.06,-2.7,-2.81
1790743106.769161,89.07,-2.7,-2.8
1790743106.817902,89.06,-2.7,-2.81
1790743106.8871129,89.05,-2.7,-2.8
1790743106.925728,89.05,-2.71,-2.8
1790743106.977103,89.05,-2.71,-2.8
1790743107.04689,89.04,-2.71,-2.8
1790743107.084247,89.03,-2.71,-2.8
1790743107.147142,89.03,-2.71,-2.8
1790743107.230028,89.06,-2.66,-2.81
1790743107.2859101,89.11,-2.66,-2.8
1790743107.3213599,89.22,-2.66,-2.79
1790743107.387371,89.18,-2.72,-2.83
1790743107.4245708,89.13,-2.78,-2.77
1790743107.478668,89.2,-2.87,-2.8
1790743107.546838,89.28,-2.91,-2.81
1790743107.583593,89.3,-2.93,-2.8
1790743107.6472251,89.39,-2.93,-2.81
1790743107.707189,89.4,-2.92,-2.8
1790743107.750496,89.46,-2.88,-2.79
1790743107.8077729,89.47,-2.9,-2.74
1790743107.8683882,89.52,-2.96,-2.75
1790743107.908471,89.53,-2.99,-2.71
1790743107.9699671,89.67,-3.08,-2.73
1790743108.024877,89.68,-3.03,-2.72
1790743108.06923,89.74,-2.98,-2.75
1790743108.131978,89.72,-2.94,-2.72
1790743108.1676679,89.8,-2.89,-2.75
1790743108.226706,89.76,-2.83,-2.71
1790743108.267937,89.81,-2.79,-2.77
1790743108.326793,89.81,-2.75,-2.79
1790743108.3795068,89.81,-2.73,-2.8
1790743108.444321,89.75,-2.66,-2.72
1790743108.481025,89.81,-2.65,-2.73
1790743108.5441651,89.83,-2.62,-2.75
1790743108.587587,89.84,-2.57,-2.75
1790743108.638605,89.77,-2.51,-2.76
1790743108.70672,89.77,-2.5,-2.73
1790743108.744499,89.78,-2.41,-2.72
1790743108.8083048,89.77,-2.34,-2.72
1790743108.866793,89.79,-2.38,-2.73
1790743108.9078321,89.83,-2.37,-2.71
1790743108.967015,89.84,-2.4,-2.73
1790743109.026649,89.83,-2.39,-2.74
1790743109.067384,89.84,-2.44,-2.69
1790743109.127788,89.81,-2.44,-2.68
1790743109.16841,89.8,-2.45,-2.65
1790743109.227218,89.84,-2.48,-2.66
1790743109.285644,89.86,-2.49,-2.63
1790743109.34697,89.9,-2.51,-2.67
1790743109.385939,89.88,-2.52,-2.65
1790743109.467144,89.89,-2.56,-2.64
1790743109.530721,89.89,-2.59,-2.74
1790743109.5693572,89.89,-2.6,-2.79
1790743109.628841,89.83,-2.65,-2.73
1790743109.6667361,89.86,-2.66,-2.73
1790743109.7286,89.84,-2.63,-2.66
1790743109.7847471,89.84,-2.61,-2.67
1790743109.8301408,89.83,-2.61,-2.67
1790743109.887415,89.83,-2.61,-2.66
1790743109.9469051,89.82,-2.61,-2.66
1790743109.987008,89.77,-2.6,-2.67
1790743110.0435898,89.72,-2.61,-2.68
1790743110.1067798,89.73,-2.61,-2.67
1790743110.145111,89.88,-2.58,-2.7
1790743110.20097,89.87,-2.6,-2.7
1790743110.267136,89.8,-2.6,-2.68
1790743110.328209,89.89,-2.6,-2.7
1790743110.386676,89.93,-2.6,-2.68
1790743110.428388,89.89,-2.61,-2.67
1790743110.486662,89.87,-2.62,-2.66
1790743110.528577,89.8,-2.61,-2.65
1790743110.5875258,89.8,-2.59,-2.63
1790743110.649106,89.85,-2.6,-2.63
1790743110.706773,89.89,-2.6,-2.62
1790743110.766695,89.86,-2.61,-2.68
1790743110.806556,89.81,-2.61,-2.67
1790743110.8671622,89.81,-2.6,-2.67
1790743110.9271228,89.84,-2.6,-2.66
1790743110.9675698,89.85,-2.62,-2.64
1790743111.0276742,89.73,-2.62,-2.62
1790743111.0866728,89.71,-2.62,-2.62
1790743111.133426,89.72,-2.61,-2.63
1790743111.1869981,89.72,-2.61,-2.63
1790743111.228225,89.73,-2.6,-2.63
1790743111.306895,89.7,-2.6,-2.62
1790743111.3523939,89.69,-2.61,-2.62
1790743111.40599,89.69,-2.61,-2.62
1790743111.4617012,89.69,-2.61,-2.62
1790743111.52994,89.68,-2.61,-2.62
1790743111.563597,89.69,-2.62,-2.61
1790743111.626672,89.69,-2.62,-2.62
1790743111.687691,89.65,-2.61,-2.62
1790743111.7556329,89.69,-2.61,-2.61
1790743111.802624,89.67,-2.61,-2.61
1790743111.866714,89.62,-2.61,-2.61
1790743111.9049332,89.66,-2.61,-2.61
1790743111.96248,89.62,-2.61,-2.61
1790743112.0315,89.64,-2.61,-2.61
1790743112.0651588,89.64,-2.61,-2.61
1790743112.129958,89.64,-2.61,-2.61
1790743112.1866062,89.63,-2.61,-2.61
1790743112.231612,89.63,-2.62,-2.61
1790743112.294341,89.62,-2.62,-2.61
1790743112.350177,89.62,-2.62,-2.61
1790743112.404327,89.61,-2.62,-2.61
1790743112.449392,89.61,-2.62,-2.61
1790743112.506101,89.61,-2.62,-2.61
1790743112.548426,89.61,-2.62,-2.6
1790743112.6067278,89.61,-2.61,-2.6
1790743112.664358,89.61,-2.61,-2.61
1790743112.7073338,89.61,-2.62,-2.61
1790743112.761625,89.61,-2.62,-2.6
1790743112.8299258,89.61,-2.62,-2.61
1790743112.863328,89.6,-2.62,-2.61
1790743112.919969,89.61,-2.62,-2.61
1790743112.9865339,89.6,-2.62,-2.61
1790743113.022547,89.61,-2.62,-2.61
1790743113.087342,89.61,-2.62,-2.61
1790743113.1282449,89.61,-2.62,-2.61
1790743113.190806,89.6,-2.62,-2.6
1790743113.253251,89.61,-2.62,-2.61
1790743113.307196,89.61,-2.62,-2.6
1790743113.364046,89.63,-2.62,-2.61
1790743113.407118,89.62,-2.62,-2.61
1790743113.464107,89.62,-2.62,-2.61
1790743113.5084548,89.57,-2.62,-2.61
1790743113.566827,89.58,-2.62,-2.61
1790743113.626771,89.57,-2.62,-2.61
1790743113.664803,89.55,-2.62,-2.61
1790743113.720593,89.55,-2.62,-2.61
1790743113.788484,89.55,-2.62,-2.61
1790743113.846744,89.55,-2.63,-2.61
1790743113.8882828,89.54,-2.63,-2.61
1790743113.9661849,89.53,-2.63,-2.61
1790743114.0274181,89.52,-2.63,-2.61
1790743114.066607,89.51,-2.63,-2.61
1790743114.1176362,89.48,-2.64,-2.61
1790743114.187263,89.53,-2.63,-2.61
1790743114.222705,89.5,-2.63,-2.62
1790743114.27657,89.49,-2.64,-2.62
1790743114.346603,89.48,-2.64,-2.62
1790743114.37732,89.44,-2.65,-2.62
1790743114.447317,89.45,-2.65,-2.61
1790743114.507244,89.5,-2.63,-2.61
1790743114.548295,89.45,-2.64,-2.61
1790743114.6085608,89.42,-2.65,-2.61
1790743114.666613,89.42,-2.65,-2.61
1790743114.7082949,89.4,-2.65,-2.61
1790743114.787046,89.41,-2.66,-2.61
1790743114.846587,89.39,-2.66,-2.62
1790743114.8845608,89.4,-2.66,-2.62
1790743114.947177,89.4,-2.66,-2.62
1790743114.988967,89.39,-2.66,-2.62
1790743115.049265,89.42,-2.66,-2.62
1790743115.108782,89.39,-2.66,-2.62
1790743115.166738,89.36,-2.67,-2.63
1790743115.209331,89.34,-2.67,-2.62
1790743115.2683752,89.32,-2.67,-2.63
1790743115.327185,89.34,-2.68,-2.63
1790743115.386682,89.33,-2.67,-2.63
1790743115.4256399,89.33,-2.68,-2.62
1790743115.488368,89.33,-2.68,-2.63
1790743115.527415,89.32,-2.68,-2.62
1790743115.579539,89.36,-2.68,-2.62
1790743115.646549,89.33,-2.68,-2.62
1790743115.6814542,89.31,-2.68,-2.63
1790743115.747433,89.31,-2.68,-2.63
1790743115.809408,89.27,-2.68,-2.62
1790743115.843242,89.29,-2.68,-2.63
1790743115.9077,89.27,-2.68,-2.63
1790743115.966602,89.26,-2.68,-2.63
1790743116.008874,89.24,-2.68,-2.63
1790743116.066648,89.24,-2.68,-2.63
1790743116.109691,89.23,-2.68,-2.63
1790743116.168739,89.23,-2.68,-2.63
1790743116.227275,89.2,-2.69,-2.63
1790743116.286564,89.2,-2.69,-2.63
1790743116.3271081,89.21,-2.69,-2.63
1790743116.3824031,89.2,-2.69,-2.63
1790743116.4379919,89.2,-2.69,-2.63
1790743116.506766,89.19,-2.69,-2.63
1790743116.54207,89.19,-2.69,-2.63
1790743116.6076539,89.18,-2.69,-2.64
1790743116.666772,89.19,-2.69,-2.64
1790743116.7077508,89.22,-2.69,-2.64
1790743116.76734,89.16,-2.7,-2.64
1790743116.823702,89.13,-2.7,-2.64
1790743116.8867798,89.15,-2.7,-2.64
1790743116.9298,89.15,-2.7,-2.64
1790743116.988767,89.16,-2.7,-2.64
1790743117.0399811,89.15,-2.71,-2.64
1790743117.107137,89.14,-2.71,-2.64
1790743117.1473868,89.15,-2.71,-2.64
1790743117.198913,89.12,-2.71,-2.64
1790743117.267252,89.11,-2.71,-2.64
1790743117.3266041,89.1,-2.72,-2.64
1790743117.368222,89.06,-2.72,-2.64
1790743117.426595,89.07,-2.72,-2.64
1790743117.4682398,89.08,-2.73,-2.65
1790743117.526933,89.05,-2.73,-2.65
1790743117.58672,89.05,-2.72,-2.65
1790743117.6508539,89.04,-2.72,-2.65
1790743117.6872032,89.04,-2.72,-2.65
1790743117.746681,89.04,-2.73,-2.65
1790743117.799826,89.01,-2.73,-2.65
1790743117.86665,89.02,-2.73,-2.65
1790743117.9076202,89.01,-2.73,-2.65
1790743117.966778,89.01,-2.73,-2.65
1790743118.008309,88.99,-2.74,-2.65
1790743118.0672178,88.99,-2.74,-2.65
1790743118.1079528,88.98,-2.74,-2.66
1790743118.167137,88.98,-2.74,-2.66
1790743118.227066,88.97,-2.74,-2.66
1790743118.2707222,88.97,-2.74,-2.66
1790743118.326841,88.96,-2.74,-2.66
1790743118.3872252,88.94,-2.75,-2.66
1790743118.46704,88.93,-2.75,-2.66
1790743118.4977899,88.92,-2.76,-2.66
1790743118.557041,88.91,-2.76,-2.66
1790743118.626581,88.9,-2.76,-2.66
1790743118.660945,88.9,-2.76,-2.66
1790743118.72703,88.85,-2.76,-2.66
1790743118.769324,88.84,-2.77,-2.66
1790743118.820569,88.84,-2.77,-2.65
1790743118.886796,88.84,-2.77,-2.65
1790743118.927021,88.83,-2.77,-2.65
1790743118.9871218,88.82,-2.77,-2.65
1790743119.0477288,88.81,-2.77,-2.65
1790743119.10665,88.8,-2.77,-2.65
1790743119.151849,88.78,-2.77,-2.65
1790743119.2081401,88.78,-2.77,-2.65
1790743119.26998,88.77,-2.78,-2.65
1790743119.326723,88.77,-2.78,-2.65
1790743119.369645,88.76,-2.78,-2.65
1790743119.428226,88.75,-2.77,-2.66
1790743119.48652,88.73,-2.78,-2.66
1790743119.54227,88.72,-2.77,-2.65
1790743119.588325,88.68,-2.78,-2.66
1790743119.6415172,88.67,-2.78,-2.66
1790743119.707211,88.66,-2.78,-2.65
1790743119.7492008,88.62,-2.78,-2.66
1790743119.805829,88.58,-2.79,-2.65
1790743119.867956,88.57,-2.79,-2.65
1790743119.907249,88.57,-2.79,-2.66
1790743119.969185,88.57,-2.79,-2.66
1790743120.027853,88.56,-2.79,-2.65
1790743120.0702982,88.55,-2.8,-2.66
1790743120.127289,88.54,-2.8,-2.66
1790743120.186545,88.54,-2.8,-2.66
1790743120.219062,88.54,-2.8,-2.66
1790743120.287264,88.53,-2.8,-2.66
1790743120.3470562,88.52,-2.8,-2.66
1790743120.3889081,88.52,-2.8,-2.66
1790743120.4490318,88.5,-2.81,-2.65
1790743120.507466,88.5,-2.81,-2.65
1790743120.547266,88.48,-2.81,-2.65
1790743120.608236,88.47,-2.81,-2.65
1790743120.682252,88.47,-2.81,-2.66
1790743120.7259881,88.46,-2.82,-2.65
1790743120.7882082,88.46,-2.82,-2.66
1790743120.847064,88.45,-2.82,-2.66
1790743120.8871171,88.45,-2.82,-2.66
1790743120.9482481,88.43,-2.82,-2.66
1790743121.006525,88.42,-2.82,-2.66
1790743121.068038,88.4,-2.82,-2.66
1790743121.108207,88.4,-2.83,-2.66
1790743121.169,88.4,-2.82,-2.66
1790743121.226719,88.39,-2.82,-2.66
1790743121.2681952,88.38,-2.82,-2.67
1790743121.3274162,88.36,-2.82,-2.67
1790743121.369497,88.34,-2.83,-2.67
1790743121.427208,88.34,-2.83,-2.67
1790743121.484052,88.32,-2.83,-2.67
1790743121.5269241,88.31,-2.83,-2.67
1790743121.581194,88.3,-2.84,-2.67
1790743121.647146,88.28,-2.84,-2.67
1790743121.683423,88.25,-2.84,-2.67
1790743121.748462,88.21,-2.85,-2.67
1790743121.806771,88.2,-2.84,-2.67
1790743121.8465998,88.17,-2.84,-2.66
1790743121.906754,88.14,-2.84,-2.67
1790743121.96805,88.12,-2.85,-2.67
1790743122.025113,88.11,-2.86,-2.67
1790743122.067521,88.11,-2.86,-2.67
1790743122.12155,88.09,-2.86,-2.67
1790743122.16583,88.07,-2.86,-2.67
1790743122.2237508,88.06,-2.87,-2.67
1790743122.2753658,88.05,-2.87,-2.67
1790743122.346553,88.03,-2.87,-2.67
1790743122.382541,88.02,-2.87,-2.67
1790743122.448834,88.0,-2.87,-2.68
1790743122.5085282,87.98,-2.87,-2.68
1790743122.566884,87.94,-2.88,-2.68
1790743122.6267982,87.83,-2.88,-2.67
1790743122.678517,87.83,-2.88,-2.67
1790743122.7280052,87.83,-2.88,-2.68
1790743122.7895591,87.81,-2.88,-2.68
1790743122.843658,87.77,-2.89,-2.67
1790743122.916778,87.77,-2.89,-2.67
1790743122.98688,87.67,-2.89,-2.67
1790743123.027254,87.66,-2.9,-2.67
1790743123.086695,87.66,-2.9,-2.67
1790743123.144129,87.65,-2.89,-2.67
1790743123.182027,87.63,-2.88,-2.68
1790743123.2405472,87.62,-2.89,-2.68
1790743123.307019,87.6,-2.89,-2.68
1790743123.347527,87.59,-2.89,-2.68
1790743123.406883,87.59,-2.9,-2.68
1790743123.46752,87.54,-2.9,-2.68
1790743123.529546,87.48,-2.9,-2.69
1790743123.582816,87.47,-2.91,-2.68
1790743123.646823,87.46,-2.9,-2.69
1790743123.684387,87.51,-2.9,-2.69
1790743123.747048,87.46,-2.9,-2.68
1790743123.806473,87.4,-2.9,-2.68
1790743123.86681,87.42,-2.91,-2.69
1790743123.908637,87.44,-2.91,-2.69
1790743123.967354,87.42,-2.91,-2.69
1790743124.027736,87.39,-2.91,-2.69
1790743124.086723,87.41,-2.91,-2.69
1790743124.146773,87.39,-2.91,-2.69
1790743124.186295,87.38,-2.91,-2.7
1790743124.246448,87.34,-2.92,-2.69
1790743124.3068411,87.28,-2.92,-2.7
1790743124.368793,87.28,-2.92,-2.69
1790743124.428302,87.27,-2.92,-2.71
1790743124.467424,87.25,-2.92,-2.7
1790743124.529533,87.23,-2.93,-2.7
1790743124.5867488,87.22,-2.92,-2.7
1790743124.6301272,87.21,-2.93,-2.7
1790743124.68835,87.22,-2.93,-2.7
1790743124.7467651,87.24,-2.93,-2.7
1790743124.787982,87.18,-2.93,-2.7
1790743124.843654,87.18,-2.94,-2.7
1790743124.887082,87.19,-2.94,-2.7
1790743124.944591,87.15,-2.94,-2.71
1790743125.007005,87.15,-2.94,-2.71
1790743125.066582,87.15,-2.95,-2.71
1790743125.108886,87.14,-2.95,-2.7
1790743125.1781409,87.16,-2.95,-2.7
1790743125.227086,87.14,-2.95,-2.71
1790743125.286734,87.13,-2.95,-2.71
1790743125.327266,87.12,-2.96,-2.71
1790743125.3878741,87.11,-2.96,-2.71
1790743125.4484138,87.1,-2.95,-2.71
1790743125.508905,87.08,-2.95,-2.72
1790743125.545013,87.01,-2.96,-2.71
1790743125.6066968,87.01,-2.96,-2.71
1790743125.647726,86.97,-2.97,-2.71
1790743125.706959,86.96,-2.97,-2.71
1790743125.767974,86.96,-2.97,-2.71
1790743125.8294919,86.96,-2.97,-2.71
1790743125.887265,86.95,-2.97,-2.71
1790743125.928876,86.94,-2.97,-2.72
1790743125.986737,86.93,-2.98,-2.71
1790743126.046592,86.93,-2.99,-2.72
1790743126.106826,86.92,-2.99,-2.72
1790743126.147167,86.9,-2.99,-2.72
1790743126.2061498,86.87,-3.0,-2.72
1790743126.261726,86.87,-3.0,-2.72
1790743126.326747,86.85,-3.0,-2.72
1790743126.368159,86.84,-3.0,-2.72
1790743126.428063,86.84,-3.0,-2.72
1790743126.468142,88.04,-2.96,-2.77
1790743126.528379,91.51,-2.79,-2.93
1790743126.586507,94.01,-2.63,-2.99
1790743126.646525,96.94,-2.51,-3.1
1790743126.688011,100.07,-2.37,-3.22
1790743126.74689,103.21,-2.23,-3.29
1790743126.809419,109.71,-1.89,-3.54
1790743126.8669598,113.02,-1.77,-3.58
1790743126.928724,116.42,-1.56,-3.72
1790743126.966882,119.78,-1.4,-3.75
1790743127.021216,123.36,-1.16,-3.8
1790743127.087651,126.63,-0.99,-3.84
1790743127.127218,130.16,-0.76,-3.86
1790743127.1869912,133.55,-0.55,-3.93
1790743127.247328,137.04,-0.36,-3.92
1790743127.290354,140.55,-0.13,-3.91
1790743127.346485,143.91,0.04,-3.9
1790743127.4029398,147.48,0.29,-3.85
1790743127.46647,154.38,0.66,-3.8
1790743127.508018,157.81,0.84,-3.74
1790743127.566519,161.36,1.07,-3.64
1790743127.627368,164.82,1.21,-3.55
1790743127.667136,168.28,1.39,-3.44
1790743127.724541,171.75,1.56,-3.33
1790743127.7902,175.17,1.73,-3.22
1790743127.846943,178.44,1.89,-3.05
1790743127.888322,-178.94,2.01,-2.97
1790743127.948371,-176.41,2.13,-2.83
1790743128.011321,-176.14,2.16,-2.81
1790743128.0486321,-174.94,2.22,-2.76
1790743128.108056,-174.57,2.24,-2.74
1790743128.147944,-175.61,2.2,-2.76
1790743128.2080178,-177.07,2.13,-2.83
1790743128.267879,-178.44,2.07,-2.93
1790743128.327373,-179.68,2.01,-2.98
1790743128.3695638,-179.95,1.99,-2.99
1790743128.41743,-180.0,1.99,-2.99
1790743128.490844,179.94,1.99,-3.0
1790743128.548118,179.89,1.99,-3.0
1790743128.589189,179.79,1.98,-3.0
1790743128.648161,179.74,1.98,-2.99
1790743128.7077131,179.72,1.98,-2.98
1790743128.767447,179.68,1.97,-2.99
1790743128.829963,179.64,1.97,-2.99
1790743128.872164,179.63,1.97,-2.99
1790743128.920319,179.62,1.97,-2.99
1790743128.987156,179.56,1.97,-3.0
1790743129.026239,179.59,1.97,-2.99
1790743129.079967,179.54,1.97,-2.99
1790743129.147595,179.54,1.97,-3.0
1790743129.207446,179.55,1.97,-2.99
1790743129.267532,179.54,1.97,-3.0
1790743129.3090189,179.54,1.97,-3.0
1790743129.3678179,179.55,1.97,-3.0
1790743129.409042,179.52,1.96,-3.0
1790743129.469192,179.49,1.96,-3.0
1790743129.528537,179.51,1.96,-3.0
1790743129.5681221,179.48,1.96,-3.0
1790743129.647878,179.42,1.95,-3.01
1790743129.679797,179.41,1.95,-3.01
1790743129.728852,179.4,1.95,-3.01
1790743129.7793438,179.4,1.95,-3.01
1790743129.847709,179.37,1.95,-3.01
1790743129.889353,179.34,1.94,-3.01
1790743129.947417,179.36,1.94,-3.01
1790743129.9874501,179.33,1.94,-3.01
1790743130.048156,179.31,1.94,-3.02
1790743130.107706,179.3,1.94,-3.02
1790743130.1481442,179.3,1.94,-3.02
1790743130.2076008,179.3,1.94,-3.02
1790743130.268873,179.25,1.93,-3.02
1790743130.329698,179.26,1.94,-3.02
1790743130.3690932,179.25,1.94,-3.02
1790743130.429597,179.27,1.93,-3.02
1790743130.4888918,179.26,1.93,-3.03
1790743130.52894,179.16,1.92,-3.03
1790743130.589036,179.13,1.92,-3.03
1790743130.646708,179.11,1.92,-3.03
1790743130.6877928,179.1,1.91,-3.03
1790743130.749241,179.1,1.92,-3.03
1790743130.807488,179.09,1.91,-3.03
1790743130.848799,179.1,1.91,-3.03
1790743130.908306,179.08,1.91,-3.04
1790743130.967464,179.05,1.91,-3.03
1790743131.0108721,179.0,1.9,-3.04
1790743131.0680761,178.93,1.9,-3.04
1790743131.1285691,178.93,1.91,-3.04
1790743131.1693802,178.91,1.9,-3.04
1790743131.228211,178.9,1.9,-3.05
1790743131.287528,178.9,1.9,-3.05
1790743131.3287868,178.9,1.9,-3.05
1790743131.391983,178.89,1.9,-3.05
1790743131.447948,178.9,1.92,-3.05
1790743131.487395,178.93,1.98,-3.08
1790743131.543565,179.17,1.99,-3.01
1790743131.607409,179.17,1.99,-3.01
1790743131.645084,179.21,1.84,-3.04
1790743131.707409,179.16,1.79,-3.02
1790743131.76736,179.23,1.8,-3.05
1790743131.8018649,179.32,1.75,-3.06
1790743131.870453,179.44,1.79,-3.12
1790743131.9283898,179.33,1.81,-3.13
1790743131.987796,179.53,1.9,-3.12
1790743132.047008,179.51,1.95,-3.15
1790743132.088018,179.56,1.94,-3.12
1790743132.148638,179.54,1.97,-3.12
1790743132.188281,179.62,1.96,-3.1
1790743132.254982,179.61,2.03,-3.12
1790743132.2997818,179.71,2.1,-3.13
1790743132.367407,179.76,2.12,-3.17
1790743132.403832,179.7,2.16,-3.18
1790743132.467912,179.7,2.23,-3.13
1790743132.508283,179.71,2.26,-3.09
1790743132.568154,179.76,2.29,-3.11
1790743132.628114,179.79,2.32,-3.11
1790743132.6874502,179.75,2.3,-3.14
1790743132.7292202,179.88,2.35,-3.19
1790743132.810291,179.85,2.33,-3.29
1790743132.86758,179.87,2.29,-3.25
1790743132.907422,179.78,2.27,-3.22
1790743132.968382,179.87,2.32,-3.2
1790743133.0274482,179.97,2.26,-3.25
1790743133.087533,179.87,2.28,-3.1
1790743133.150816,179.92,2.27,-3.15
1790743133.1880162,179.94,2.25,-3.13
1790743133.2549171,-179.94,2.22,-3.15
1790743133.307869,179.99,2.17,-3.25
1790743133.3681521,179.87,2.12,-3.25
1790743133.404275,179.9,2.12,-3.25
1790743133.469064,179.89,2.11,-3.24
1790743133.5055099,-179.99,2.07,-3.21
1790743133.559621,179.94,2.04,-3.2
1790743133.6086888,179.87,2.08,-3.14
1790743133.6622221,179.9,2.03,-3.14
1790743133.727494,179.99,2.03,-3.17
1790743133.787412,-179.97,2.0,-3.2
1790743133.828129,179.95,1.95,-3.24
1790743133.887649,179.89,1.92,-3.22
1790743133.948601,179.8,1.93,-3.24
1790743133.987791,179.93,1.95,-3.24
1790743134.048939,179.91,1.96,-3.24
1790743134.115577,179.89,1.96,-3.23
1790743134.1670558,179.88,1.96,-3.22
1790743134.207621,179.88,1.96,-3.22
1790743134.256693,179.88,1.96,-3.22
1790743134.308319,179.87,1.96,-3.22
1790743134.361957,179.84,1.95,-3.22
1790743134.427627,179.85,1.95,-3.21
1790743134.4659169,179.84,1.96,-3.21
1790743134.527581,179.84,1.96,-3.21
1790743134.588994,179.84,1.96,-3.21
1790743134.625663,179.82,1.96,-3.21
1790743134.6894028,179.82,1.96,-3.21
1790743134.75443,179.81,1.96,-3.22
1790743134.808083,179.83,1.97,-3.22
1790743134.866689,179.82,1.97,-3.23
1790743134.907934,179.79,1.97,-3.23
1790743134.9880672,179.76,1.97,-3.23
1790743135.024512,179.75,1.97,-3.23
1790743135.088864,179.77,1.97,-3.23
1790743135.148351,179.77,1.97,-3.24
1790743135.207479,179.74,1.97,-3.24
1790743135.266521,179.73,1.97,-3.24
1790743135.325294,179.73,1.97,-3.23
1790743135.390253,179.73,1.97,-3.23
1790743135.4503622,179.72,1.97,-3.23
1790743135.488402,179.72,1.97,-3.23
1790743135.549641,179.71,1.97,-3.23
1790743135.60745,179.7,1.97,-3.24
1790743135.668976,179.7,1.97,-3.24
1790743135.707958,179.7,1.97,-3.23
1790743135.788586,179.7,1.97,-3.24
1790743135.847575,179.7,1.97,-3.24
1790743135.907385,179.7,1.97,-3.23
1790743135.950306,179.7,1.97,-3.23
1790743136.00787,179.7,1.97,-3.24
1790743136.0494049,179.7,1.97,-3.24
1790743136.114914,179.7,1.97,-3.24
1790743136.1676319,179.7,1.97,-3.24
1790743136.2102458,179.7,1.97,-3.24
1790743136.268938,179.7,1.97,-3.24
1790743136.327724,179.7,1.97,-3.24
1790743136.387723,179.7,1.97,-3.24
1790743136.447598,179.7,1.97,-3.24
1790743136.487925,179.69,1.97,-3.24
1790743136.5479739,179.68,1.96,-3.24
1790743136.609549,179.67,1.96,-3.24
1790743136.649127,179.67,1.96,-3.24
1790743136.7098439,179.66,1.96,-3.24
1790743136.767916,179.65,1.96,-3.24
1790743136.826835,179.65,1.96,-3.24
1790743136.8700001,179.64,1.96,-3.24
1790743136.928811,179.64,1.96,-3.24
1790743136.988111,179.64,1.96,-3.24
1790743137.04752,179.67,1.97,-3.23
1790743137.088159,179.67,1.97,-3.24
1790743137.149191,179.63,1.96,-3.24
1790743137.2083251,179.62,1.96,-3.24
1790743137.25192,179.62,1.96,-3.24
1790743137.3111181,179.62,1.96,-3.24
1790743137.367593,179.6,1.96,-3.24
1790743137.4081879,179.58,1.96,-3.24
1790743137.468093,179.58,1.96,-3.24
1790743137.529272,179.61,1.97,-3.24
1790743137.569064,179.58,1.97,-3.24
1790743137.628992,179.58,1.97,-3.24
1790743137.667922,179.57,1.97,-3.24
1790743137.7298272,179.55,1.97,-3.24
1790743137.788911,179.56,1.97,-3.24
1790743137.8467252,179.55,1.97,-3.24
1790743137.887887,179.55,1.97,-3.25
1790743137.94837,179.55,1.96,-3.25
1790743137.989137,179.55,1.96,-3.24
1790743138.040982,179.57,1.97,-3.24
1790743138.111326,179.57,1.97,-3.24
1790743138.1474109,179.54,1.96,-3.24
1790743138.2099252,179.53,1.96,-3.24
1790743138.267339,179.52,1.96,-3.25
1790743138.3082619,179.53,1.96,-3.25
1790743138.367496,179.53,1.96,-3.25
1790743138.428354,179.52,1.95,-3.25
1790743138.468103,179.5,1.95,-3.25
1790743138.528492,179.52,1.95,-3.24
1790743138.5873659,179.51,1.95,-3.25
1790743138.642838,179.51,1.97,-3.25
1790743138.707844,179.5,1.95,-3.24
1790743138.767272,179.45,1.94,-3.25
1790743138.808885,179.45,1.95,-3.25
1790743138.8677719,179.44,1.94,-3.25
1790743138.928479,179.44,1.94,-3.25
1790743138.987585,179.39,1.94,-3.25
1790743139.0473611,179.42,1.94,-3.25
1790743139.10955,179.4,1.94,-3.25
1790743139.147367,179.41,1.94,-3.25
1790743139.200939,179.41,1.94,-3.25
1790743139.2690501,179.41,1.94,-3.25
1790743139.3276951,179.42,1.94,-3.25
1790743139.369021,179.41,1.93,-3.25
1790743139.4296372,179.38,1.94,-3.25
1790743139.4878569,179.42,1.94,-3.25
1790743139.547316,179.39,1.94,-3.25
1790743139.587749,179.39,1.93,-3.25
1790743139.6489851,179.39,1.93,-3.25
1790743139.7130072,179.39,1.93,-3.25
1790743139.768419,179.39,1.93,-3.25
1790743139.810569,179.39,1.93,-3.25
1790743139.86791,179.38,1.96,-3.25
1790743139.92817,179.36,2.04,-3.26
1790743139.988328,179.32,2.07,-3.24
1790743140.027526,179.25,1.99,-3.25
1790743140.08989,179.26,1.89,-3.21
1790743140.1460748,179.27,1.85,-3.22
1790743140.2085938,179.41,1.79,-3.24
1790743140.2469409,179.45,1.76,-3.27
1790743140.303473,179.47,1.81,-3.28
1790743140.37521,179.53,1.86,-3.26
1790743140.4076421,179.58,1.95,-3.3
1790743140.467742,179.59,2.0,-3.27
1790743140.527787,179.69,2.0,-3.3
1790743140.5681632,179.69,2.01,-3.3
1790743140.6277308,179.78,2.03,-3.34
1790743140.688989,179.71,2.03,-3.33
1790743140.7487738,179.78,2.06,-3.35
1790743140.788882,179.77,2.09,-3.34
1790743140.848705,179.81,2.14,-3.32
1790743140.901696,179.89,2.24,-3.3
1790743140.9486878,179.9,2.26,-3.31
1790743141.003932,179.87,2.31,-3.27
1790743141.047908,179.87,2.3,-3.25
1790743141.1060789,179.88,2.36,-3.26
1790743141.147855,179.94,2.28,-3.3
1790743141.207447,179.92,2.28,-3.29
1790743141.262023,179.89,2.27,-3.27
1790743141.328192,179.79,2.29,-3.24
1790743141.369214,179.88,2.25,-3.27
1790743141.427577,179.73,2.27,-3.27
1790743141.488922,179.79,2.25,-3.27
1790743141.547353,179.75,2.25,-3.27
1790743141.607243,179.8,2.23,-3.27
1790743141.6476228,179.83,2.18,-3.29
1790743141.7072809,179.89,2.21,-3.35
1790743141.765653,179.84,2.19,-3.33
1790743141.827627,179.88,2.2,-3.33
1790743141.887594,179.83,2.2,-3.33
1790743141.947289,179.91,2.19,-3.35
1790743141.988971,179.87,2.2,-3.35
1790743142.049026,179.95,2.17,-3.33
1790743142.107222,179.93,2.19,-3.28
1790743142.149003,179.98,2.16,-3.33
1790743142.207204,179.98,2.16,-3.33
1790743142.269718,179.99,2.09,-3.4
1790743142.309013,179.96,2.09,-3.38
1790743142.3607302,179.99,2.11,-3.38
1790743142.4289632,179.99,2.11,-3.38
1790743142.46877,179.99,2.11,-3.38
1790743142.522631,179.98,2.12,-3.37
1790743142.5887191,179.97,2.12,-3.36
1790743142.62713,179.97,2.12,-3.35
1790743142.6886232,179.97,2.12,-3.35
1790743142.748032,179.96,2.12,-3.35
1790743142.787592,179.96,2.13,-3.35
1790743142.847546,179.97,2.14,-3.35
1790743142.911564,179.95,2.13,-3.34
1790743142.967396,179.96,2.13,-3.34
1790743143.008024,179.95,2.13,-3.34
1790743143.0696871,179.96,2.13,-3.34
1790743143.127839,179.95,2.13,-3.34
1790743143.189611,179.95,2.13,-3.34
1790743143.2475479,179.95,2.13,-3.34
1790743143.28746,179.94,2.13,-3.34
1790743143.3472269,179.89,2.13,-3.35
1790743143.3877492,179.93,2.13,-3.34
1790743143.447291,179.92,2.13,-3.33
1790743143.4878678,179.88,2.13,-3.34
1790743143.549196,179.87,2.13,-3.35
1790743143.587768,179.89,2.13,-3.34
1790743143.650186,179.88,2.13,-3.35
1790743143.707188,179.89,2.12,-3.34
1790743143.768926,179.89,2.12,-3.34
1790743143.8290691,179.89,2.12,-3.34
1790743143.8943439,179.89,2.13,-3.34
1790743143.923279,179.89,2.12,-3.34
1790743143.990307,179.89,2.12,-3.34
1790743144.047464,179.89,2.12,-3.34
1790743144.107788,179.89,2.12,-3.34
1790743144.148861,179.89,2.12,-3.34
1790743144.207106,179.89,2.12,-3.34
1790743144.268712,179.89,2.12,-3.34
1790743144.327327,179.89,2.12,-3.33
1790743144.386414,179.89,2.12,-3.34
1790743144.424692,179.89,2.12,-3.34
1790743144.482802,179.89,2.12,-3.34
1790743144.5472891,179.89,2.12,-3.34
1790743144.5889862,179.89,2.12,-3.34
1790743144.647698,179.89,2.12,-3.33
1790743144.70858,179.89,2.12,-3.33
1790743144.7672262,179.89,2.12,-3.34
1790743144.810956,179.89,2.12,-3.34
1790743144.8675551,179.89,2.12,-3.34
1790743144.9125628,179.89,2.12,-3.34
1790743144.967669,179.86,2.12,-3.34
1790743145.027175,179.86,2.12,-3.34
1790743145.06765,-179.88,2.14,-3.33
1790743145.1294231,-176.64,2.31,-3.19
1790743145.167794,-173.99,2.41,-3.05
1790743145.2304409,-171.16,2.54,-2.85
1790743145.28639,-168.07,2.64,-2.7
1790743145.338039,-165.06,2.78,-2.51
1790743145.388869,-161.79,2.89,-2.37
1790743145.4489658,-158.54,2.98,-2.19
1790743145.488839,-155.15,3.1,-2.01
1790743145.548909,-148.45,3.24,-1.58
1790743145.613785,-145.01,3.3,-1.32
1790743145.668871,-141.63,3.38,-1.18
1790743145.713238,-138.17,3.4,-0.96
1790743145.768762,-134.74,3.41,-0.67
1790743145.8316522,-131.19,3.43,-0.49
1790743145.88748,-127.78,3.42,-0.22
1790743145.94703,-124.23,3.41,-0.03
1790743145.987664,-120.86,3.36,0.2
1790743146.0436091,-113.86,3.23,0.64
1790743146.108684,-110.33,3.19,0.91
1790743146.167274,-106.89,3.07,1.11
1790743146.23503,-103.34,2.98,1.32
1790743146.28707,-99.86,2.85,1.52
1790743146.34762,-96.38,2.74,1.75
1790743146.4186292,-92.85,2.56,1.89
1790743146.446898,-87.53,2.35,2.15
1790743146.5084128,-85.57,2.27,2.28
1790743146.548085,-86.09,2.29,2.29
1790743146.603032,-86.57,2.32,2.28
1790743146.667288,-87.54,2.36,2.22
1790743146.7285361,-88.65,2.41,2.19
1790743146.768799,-89.57,2.45,2.16
1790743146.8289258,-89.93,2.47,2.13
1790743146.867627,-89.92,2.46,2.13
1790743146.9303691,-89.93,2.46,2.13
1790743146.987658,-89.94,2.46,2.14
1790743147.0289578,-89.92,2.46,2.13
1790743147.088266,-89.94,2.45,2.13
1790743147.150885,-89.98,2.45,2.13
1790743147.212805,-89.98,2.45,2.13
1790743147.2717671,-89.98,2.46,2.13
1790743147.32726,-90.0,2.45,2.13
1790743147.387264,-90.03,2.46,2.13
1790743147.4276412,-90.01,2.46,2.14
1790743147.4878001,-90.05,2.45,2.13
1790743147.548655,-90.1,2.45,2.13
1790743147.6273699,-90.1,2.45,2.13
1790743147.68754,-90.1,2.45,2.13
1790743147.729013,-90.09,2.45,2.13
1790743147.7873018,-90.09,2.45,2.13
1790743147.82698,-90.1,2.45,2.13
1790743147.888994,-90.17,2.45,2.12
1790743147.931423,-90.16,2.44,2.12
1790743147.987838,-90.13,2.45,2.13
1790743148.04906,-90.19,2.44,2.13
1790743148.08802,-90.17,2.44,2.13
1790743148.147771,-90.18,2.44,2.13
1790743148.208663,-90.18,2.44,2.13
1790743148.267065,-90.23,2.43,2.13
1790743148.305284,-90.22,2.43,2.13
1790743148.367448,-90.21,2.44,2.13
1790743148.4055512,-90.25,2.43,2.14
1790743148.4673438,-90.26,2.44,2.13
1790743148.527471,-90.26,2.43,2.13
1790743148.571638,-90.26,2.43,2.13
1790743148.6278331,-90.26,2.43,2.13
1790743148.6687691,-90.24,2.43,2.14
1790743148.73064,-90.26,2.44,2.14
1790743148.787901,-90.28,2.44,2.14
1790743148.847594,-90.33,2.43,2.14
1790743148.905159,-90.33,2.43,2.15
1790743148.9677582,-90.33,2.43,2.15
1790743149.007465,-90.34,2.43,2.15
1790743149.069129,-90.35,2.43,2.15
1790743149.127451,-90.35,2.43,2.15
1790743149.169578,-90.35,2.44,2.15
1790743149.227531,-90.34,2.49,2.17
1790743149.2705479,-90.36,2.58,2.19
1790743149.329241,-90.26,2.52,2.24
1790743149.387841,-90.27,2.45,2.24
1790743149.4292119,-90.29,2.39,2.24
1790743149.491014,-90.33,2.29,2.24
1790743149.54761,-90.39,2.31,2.24
1790743149.608858,-90.34,2.25,2.22
1790743149.648851,-90.32,2.26,2.18
1790743149.708976,-90.28,2.27,2.13
1790743149.7685702,-90.26,2.29,2.13
1790743149.828782,-90.27,2.24,2.14
1790743149.889123,-90.18,2.21,2.1
1790743149.928803,-90.15,2.17,2.13
1790743149.988878,-90.18,2.2,2.11
1790743150.0480719,-90.13,2.18,2.12
1790743150.090126,-90.15,2.2,2.12
1790743150.1478772,-90.09,2.2,2.15
1790743150.207419,-90.13,2.28,2.2
1790743150.247666,-90.02,2.29,2.21
1790743150.307439,-89.99,2.32,2.16
1790743150.3474848,-89.97,2.33,2.12
1790743150.40894,-89.77,2.39,2.17
1790743150.447792,-89.92,2.38,2.2
1790743150.509005,-89.97,2.38,2.21
1790743150.568258,-90.0,2.45,2.24
1790743150.629164,-89.96,2.46,2.24
1790743150.6696582,-90.13,2.47,2.36
1790743150.716853,-90.15,2.53,2.39
1790743150.770955,-90.09,2.47,2.37
1790743150.82094,-90.08,2.46,2.33
1790743150.890041,-90.12,2.45,2.27
1790743150.93156,-90.15,2.42,2.29
1790743150.995081,-90.13,2.39,2.28
1790743151.047881,-90.22,2.38,2.28
1790743151.090625,-90.13,2.35,2.26
1790743151.1475918,-90.16,2.37,2.26
1790743151.207623,-90.13,2.34,2.25
1790743151.268814,-90.12,2.33,2.27
1790743151.308654,-90.08,2.34,2.21
1790743151.367442,-90.11,2.33,2.23
1790743151.4068851,-90.09,2.32,2.2
1790743151.4692988,-90.12,2.34,2.24
1790743151.5271392,-90.07,2.3,2.18
1790743151.568934,-90.13,2.27,2.21
1790743151.62638,-90.14,2.24,2.22
1790743151.682301,-90.16,2.22,2.23
1790743151.747155,-90.18,2.26,2.23
1790743151.807531,-90.18,2.28,2.28
1790743151.867158,-90.19,2.29,2.3
1790743151.93002,-90.19,2.29,2.31
1790743151.966753,-90.19,2.29,2.32
1790743152.027484,-90.2,2.29,2.33
1790743152.107287,-90.21,2.3,2.34
1790743152.147744,-90.2,2.3,2.34
1790743152.208799,-90.19,2.3,2.34
1790743152.268346,-90.22,2.3,2.34
1790743152.307382,-90.22,2.3,2.34
1790743152.3690171,-90.21,2.3,2.34
1790743152.4274728,-90.22,2.3,2.34
1790743152.469785,-90.22,2.3,2.35
1790743152.527054,-90.22,2.3,2.35
1790743152.58835,-90.23,2.3,2.35
1790743152.6473799,-90.23,2.3,2.35
1790743152.707353,-90.29,2.3,2.35
1790743152.748354,-90.26,2.3,2.35
1790743152.8077729,-90.23,2.3,2.35
1790743152.8675132,-90.25,2.3,2.35
1790743152.9086962,-90.27,2.3,2.35
1790743152.960038,-90.27,2.3,2.35
1790743153.0285928,-90.26,2.3,2.36
1790743153.0675788,-90.27,2.29,2.36
1790743153.1285021,-90.27,2.29,2.36
1790743153.167592,-90.27,2.29,2.36
1790743153.228639,-90.27,2.3,2.36
1790743153.287455,-90.28,2.3,2.36
1790743153.347212,-90.28,2.3,2.36
1790743153.407431,-90.28,2.29,2.37
1790743153.443062,-90.29,2.29,2.37
1790743153.507516,-90.29,2.29,2.37
1790743153.567499,-90.29,2.29,2.37
1790743153.609906,-90.29,2.3,2.37
1790743153.668898,-90.3,2.29,2.37
1790743153.727472,-90.3,2.29,2.37
1790743153.7690408,-90.3,2.3,2.37
1790743153.82815,-90.29,2.29,2.37
1790743153.869308,-90.3,2.29,2.38
1790743153.9281878,-90.3,2.3,2.37
1790743153.969314,-90.3,2.29,2.37
1790743154.0300758,-90.3,2.29,2.37
1790743154.087222,-90.3,2.29,2.37
1790743154.1314502,-90.3,2.29,2.37
1790743154.187686,-90.3,2.29,2.37
1790743154.2501981,-90.3,2.29,2.37
1790743154.316283,-90.29,2.29,2.37
1790743154.367132,-90.26,2.3,2.36
1790743154.4028149,-90.3,2.3,2.36
1790743154.467697,-90.3,2.29,2.37
1790743154.507085,-90.34,2.3,2.36
1790743154.567394,-90.31,2.29,2.37
1790743154.6277041,-90.33,2.29,2.36
1790743154.66737,-90.34,2.29,2.37
1790743154.728697,-90.38,2.29,2.37
1790743154.788873,-90.36,2.29,2.37
1790743154.848656,-90.37,2.28,2.37
1790743154.887815,-90.39,2.28,2.37
1790743154.949549,-90.37,2.28,2.37
1790743154.9895911,-90.4,2.28,2.37
1790743155.0505338,-90.43,2.28,2.38
1790743155.1071758,-90.43,2.28,2.38
1790743155.15061,-90.42,2.28,2.38
1790743155.2076411,-90.44,2.27,2.38
1790743155.267776,-90.46,2.27,2.38
1790743155.308156,-90.47,2.26,2.38
1790743155.35637,-90.48,2.26,2.38
1790743155.4073532,-90.5,2.26,2.38
1790743155.460535,-90.5,2.26,2.38
1790743155.527762,-90.52,2.26,2.38
1790743155.5666492,-90.53,2.26,2.38
1790743155.630532,-90.53,2.26,2.38
1790743155.687659,-90.54,2.26,2.39
1790743155.728729,-90.56,2.25,2.38
1790743155.787403,-90.57,2.25,2.38
1790743155.854917,-90.57,2.24,2.39
1790743155.907213,-90.58,2.24,2.39
1790743155.949,-90.6,2.24,2.39
1790743156.002235,-90.6,2.24,2.38
1790743156.067307,-90.64,2.24,2.38
1790743156.127085,-90.64,2.24,2.38
1790743156.168702,-90.66,2.23,2.38
1790743156.227457,-90.66,2.23,2.38
1790743156.2870378,-90.69,2.23,2.38
1790743156.348147,-90.69,2.22,2.39
1790743156.390495,-90.7,2.22,2.39
1790743156.447554,-90.7,2.22,2.39
1790743156.488621,-90.72,2.22,2.39
1790743156.559541,-90.74,2.21,2.39
1790743156.607508,-90.74,2.21,2.39
1790743156.6627882,-90.75,2.2,2.39
1790743156.7290869,-90.75,2.2,2.39
1790743156.787013,-90.76,2.2,2.4
1790743156.828018,-90.78,2.2,2.39
1790743156.888344,-90.78,2.2,2.39
1790743156.947826,-90.8,2.2,2.39
1790743156.9916239,-90.8,2.2,2.39
1790743157.0489879,-90.78,2.19,2.4
1790743157.1073549,-90.8,2.19,2.4
1790743157.151049,-90.81,2.19,2.4
1790743157.208868,-90.82,2.19,2.4
1790743157.270918,-90.84,2.19,2.39
1790743157.328415,-90.86,2.19,2.4
1790743157.387208,-90.85,2.19,2.4
1790743157.421837,-90.87,2.2,2.4
1790743157.4870348,-90.88,2.19,2.4
1790743157.54784,-90.9,2.19,2.4
1790743157.5903559,-90.91,2.19,2.41
1790743157.648018,-90.92,2.19,2.4
1790743157.707063,-90.93,2.19,2.4
1790743157.748461,-90.93,2.19,2.4
1790743157.807557,-90.96,2.19,2.4
1790743157.8486679,-90.98,2.18,2.4
1790743157.907336,-90.97,2.18,2.4
1790743157.967658,-90.99,2.19,2.39
1790743158.007616,-90.99,2.18,2.4
1790743158.067395,-91.02,2.18,2.4
1790743158.110817,-91.02,2.18,2.4
1790743158.168809,-91.03,2.17,2.4
1790743158.221597,-91.04,2.17,2.4
1790743158.288867,-91.06,2.17,2.4
1790743158.347459,-91.07,2.17,2.4
1790743158.4425862,-91.08,2.17,2.4
1790743158.4491131,-91.12,2.17,2.4
1790743158.5090292,-91.15,2.17,2.4
1790743158.547961,-91.15,2.17,2.4
1790743158.6098392,-91.15,2.17,2.4
1790743158.6695528,-91.17,2.16,2.4
1790743158.709673,-91.18,2.16,2.41
1790743158.781201,-91.19,2.17,2.41
1790743158.847357,-91.19,2.16,2.41
1790743158.8872519,-91.19,2.17,2.4
1790743158.9493299,-91.24,2.15,2.4
1790743159.0132291,-91.27,2.16,2.4
1790743159.067411,-91.27,2.16,2.4
1790743159.107559,-91.28,2.15,2.4
1790743159.16769,-91.28,2.15,2.4
1790743159.2260249,-91.29,2.15,2.4
1790743159.308034,-91.3,2.15,2.4
1790743159.3496478,-91.3,2.15,2.4
1790743159.409456,-91.31,2.16,2.4
1790743159.448881,-91.32,2.15,2.4
1790743159.513047,-91.33,2.15,2.41
1790743159.56703,-91.35,2.15,2.41
1790743159.6270678,-91.36,2.14,2.41
1790743159.668729,-91.35,2.14,2.41
1790743159.728371,-91.38,2.14,2.4
1790743159.808792,-91.39,2.14,2.41
1790743159.844894,-91.42,2.14,2.41
1790743159.910368,-91.43,2.14,2.41
1790743159.967359,-91.43,2.14,2.41
1790743160.0135381,-91.44,2.13,2.42
1790743160.067573,-91.47,2.15,2.41
1790743160.110131,-91.49,2.15,2.41
1790743160.168671,-91.5,2.14,2.41
1790743160.228466,-91.51,2.13,2.41
1790743160.288556,-91.53,2.13,2.41
1790743160.346228,-91.56,2.13,2.41
1790743160.388333,-91.53,2.12,2.41
1790743160.447089,-91.55,2.12,2.42
1790743160.488728,-91.6,2.13,2.41
1790743160.547752,-91.59,2.13,2.42
1790743160.5877209,-91.6,2.13,2.41
1790743160.644907,-91.61,2.13,2.41
1790743160.707778,-91.63,2.13,2.42
1790743160.747226,-91.66,2.14,2.41
1790743160.808218,-91.66,2.14,2.41
1790743160.867349,-91.68,2.14,2.41
1790743160.9305851,-91.68,2.13,2.41
1790743160.989711,-91.67,2.13,2.41
1790743161.04883,-91.71,2.13,2.41
1790743161.108172,-91.74,2.14,2.4
1790743161.142058,-91.77,2.13,2.4
1790743161.207582,-91.79,2.14,2.41
1790743161.267554,-91.78,2.14,2.4
1790743161.3104472,-91.79,2.13,2.4
1790743161.367475,-91.82,2.13,2.4
1790743161.427165,-91.83,2.13,2.4
1790743161.4689422,-91.84,2.13,2.4
1790743161.527452,-91.85,2.12,2.4
1790743161.587105,-91.86,2.12,2.4
1790743161.6288059,-91.87,2.12,2.4
1790743161.6877341,-91.87,2.12,2.4
1790743161.727751,-91.87,2.12,2.4
1790743161.807137,-91.88,2.12,2.4
1790743161.8438568,-91.9,2.12,2.4
1790743161.909791,-91.91,2.12,2.4
1790743161.9473548,-91.94,2.12,2.4
1790743162.006251,-91.95,2.11,2.4
1790743162.067326,-91.96,2.11,2.4
1790743162.111876,-91.97,2.11,2.4
1790743162.165439,-91.98,2.11,2.4
1790743162.227477,-91.99,2.11,2.41
1790743162.30729,-92.01,2.11,2.4
1790743162.366982,-92.05,2.11,2.39
1790743162.4075751,-92.09,2.11,2.41
1790743162.479902,-92.11,2.1,2.41
1790743162.528666,-92.11,2.1,2.41
1790743162.588657,-92.13,2.11,2.4
1790743162.6392372,-92.14,2.11,2.41
1790743162.689273,-92.15,2.11,2.41
1790743162.775605,-92.18,2.11,2.41
1790743162.80087,-92.18,2.11,2.41
1790743162.867393,-92.19,2.1,2.41
1790743162.9064882,-92.2,2.1,2.41
1790743162.959158,-92.21,2.1,2.41
1790743163.027103,-92.22,2.1,2.42
1790743163.089855,-92.22,2.1,2.42
1790743163.1275961,-92.23,2.1,2.42
1790743163.187894,-92.25,2.1,2.42
1790743163.248033,-92.25,2.1,2.42
1790743163.3086798,-92.27,2.1,2.41
1790743163.3632698,-92.27,2.1,2.42
1790743163.4276,-92.28,2.09,2.42
1790743163.465705,-92.29,2.1,2.41
1790743163.527446,-92.3,2.1,2.42
1790743163.586945,-92.31,2.1,2.42
1790743163.628852,-92.32,2.09,2.42
1790743163.68693,-92.33,2.09,2.42
1790743163.727733,-92.34,2.09,2.42
1790743163.7873669,-92.34,2.09,2.42
1790743163.850608,-92.35,2.09,2.42
1790743163.906136,-92.36,2.09,2.42
1790743163.950371,-92.39,2.09,2.42
1790743164.0043678,-92.39,2.09,2.42
1790743164.04751,-92.41,2.08,2.42
1790743164.1070201,-92.41,2.08,2.42
1790743164.146678,-92.43,2.08,2.42
1790743164.209936,-92.45,2.08,2.42
1790743164.257967,-92.47,2.08,2.41
1790743164.327811,-92.48,2.07,2.42
1790743164.3629272,-92.53,2.08,2.41
1790743164.4271848,-92.54,2.08,2.42
1790743164.4870698,-92.59,2.08,2.41
1790743164.518475,-92.68,2.08,2.41
1790743164.589122,-92.68,2.07,2.41
1790743164.621929,-92.67,2.07,2.41
1790743164.6877482,-92.68,2.07,2.41
1790743164.7491388,-92.68,2.07,2.41
1790743164.7874198,-92.68,2.07,2.41
1790743164.847913,-92.69,2.07,2.41
1790743164.8880892,-92.7,2.06,2.42
1790743164.9487958,-92.7,2.06,2.42
1790743164.9866061,-92.71,2.06,2.42
1790743165.050103,-92.72,2.06,2.41
1790743165.106987,-92.73,2.06,2.41
1790743165.1491132,-92.73,2.06,2.42
1790743165.208472,-92.75,2.05,2.41
1790743165.2666602,-92.76,2.05,2.42
1790743165.328751,-92.77,2.05,2.42
1790743165.387035,-92.78,2.05,2.42
1790743165.424138,-92.79,2.05,2.42
1790743165.476602,-92.8,2.05,2.42
1790743165.551798,-92.8,2.05,2.42
1790743165.607608,-92.86,2.05,2.42
1790743165.667982,-92.87,2.05,2.42
1790743165.7270908,-92.87,2.05,2.42
1790743165.783454,-92.88,2.06,2.41
1790743165.827397,-93.01,2.05,2.42
1790743165.882825,-93.0,2.05,2.41
1790743165.9811919,-93.01,2.05,2.41
1790743165.9881139,-93.01,2.05,2.42
1790743166.04815,-93.02,2.05,2.41
1790743166.10735,-93.02,2.05,2.41
1790743166.167616,-93.03,2.05,2.41
1790743166.207624,-93.04,2.05,2.41
1790743166.269922,-93.04,2.05,2.41
1790743166.327034,-93.04,2.04,2.41
1790743166.370059,-93.05,2.04,2.42
1790743166.424957,-93.05,2.04,2.42
1790743166.487149,-93.06,2.04,2.42
1790743166.5282528,-93.08,2.03,2.42
1790743166.581588,-93.07,2.03,2.42
1790743166.6502342,-93.09,2.04,2.42
1790743166.7032,-93.13,2.04,2.41
1790743166.74862,-93.11,2.03,2.42
1790743166.808165,-93.15,2.03,2.42
1790743166.8698618,-93.15,2.03,2.42
1790743166.9085639,-93.18,2.03,2.42
1790743166.9719958,-93.2,2.03,2.42
1790743167.026612,-93.23,2.03,2.42
1790743167.070765,-93.24,2.03,2.42
1790743167.127172,-93.25,2.03,2.42
1790743167.1694531,-93.27,2.03,2.42
1790743167.229609,-93.34,2.03,2.41
1790743167.2869918,-93.36,2.02,2.42
1790743167.327996,-93.37,2.02,2.41
1790743167.387681,-93.39,2.03,2.41
1790743167.433494,-93.38,2.03,2.42
1790743167.4872918,-93.4,2.02,2.42
1790743167.5359628,-93.41,2.02,2.42
1790743167.582083,-93.42,2.02,2.42
1790743167.647145,-93.44,2.02,2.42
1790743167.687402,-93.48,2.02,2.42
1790743167.747356,-93.43,2.02,2.42
1790743167.8284018,-93.48,2.02,2.42
1790743167.8872519,-93.5,2.01,2.42
1790743167.928373,-93.5,2.02,2.42
1790743167.987,-93.51,2.01,2.42
1790743168.0293279,-93.55,2.01,2.42
1790743168.085114,-93.58,2.01,2.42
1790743168.142103,-93.63,2.02,2.42
1790743168.187673,-93.62,2.01,2.42
1790743168.244512,-93.64,2.0,2.42
1790743168.3084679,-93.63,2.0,2.42
1790743168.34564,-93.65,2.0,2.43
1790743168.40776,-93.65,2.0,2.43
1790743168.4451041,-93.66,2.0,2.42
1790743168.509105,-93.67,2.0,2.42
1790743168.569831,-93.71,2.0,2.42
1790743168.607636,-93.71,1.99,2.42
1790743168.669517,-93.69,2.0,2.43
1790743168.72829,-93.71,1.99,2.43
1790743168.767433,-93.72,1.99,2.42
1790743168.8310242,-93.72,1.99,2.42
1790743168.8687308,-93.73,1.99,2.43
1790743168.93092,-93.74,1.98,2.43
1790743168.98719,-93.72,1.98,2.43
1790743169.0248692,-93.74,1.98,2.43
1790743169.0872672,-93.77,1.98,2.43
1790743169.1321988,-93.78,1.98,2.43
1790743169.1871302,-93.8,1.98,2.43
1790743169.24704,-93.81,1.98,2.43
1790743169.287625,-93.81,1.98,2.43
1790743169.346886,-93.81,1.98,2.43
1790743169.387342,-93.82,1.98,2.43
1790743169.446016,-93.79,1.99,2.43
1790743169.487735,-93.76,2.06,2.43
1790743169.5449998,-93.23,2.05,2.46
1790743169.609314,-93.02,2.01,2.5
1790743169.667524,-92.81,1.94,2.45
1790743169.7284338,-92.74,1.84,2.44
1790743169.772148,-92.49,1.82,2.46
1790743169.830768,-92.38,1.8,2.46
1790743169.887127,-92.12,1.77,2.43
1790743169.9313412,-91.96,1.78,2.4
1790743169.988665,-91.84,1.79,2.42
1790743170.0470521,-91.44,1.8,2.51
1790743170.107959,-91.29,1.75,2.54
1790743170.148469,-91.14,1.72,2.52
1790743170.2051818,-91.1,1.69,2.52
1790743170.2625952,-91.0,1.69,2.53
1790743170.3276422,-90.91,1.7,2.52
1790743170.365799,-90.76,1.75,2.48
1790743170.426966,-90.69,1.77,2.48
1790743170.4886389,-90.53,1.81,2.46
1790743170.547285,-90.53,1.86,2.51
1790743170.587542,-90.35,1.92,2.51
1790743170.6479099,-90.44,1.89,2.53
1790743170.688642,-90.36,1.94,2.58
1790743170.7483451,-90.33,1.97,2.63
1790743170.8074749,-90.23,2.02,2.6
1790743170.8475468,-90.2,2.05,2.63
1790743170.907518,-90.18,2.08,2.57
1790743170.9668531,-90.21,2.11,2.6
1790743171.0087721,-90.22,2.17,2.59
1790743171.06907,-90.17,2.12,2.63
1790743171.109196,-90.07,2.12,2.57
1790743171.162166,-90.11,2.1,2.57
1790743171.229391,-90.12,2.1,2.58
1790743171.288168,-90.12,2.08,2.58
1790743171.3491719,-90.11,2.05,2.55
1790743171.390047,-90.09,2.05,2.56
1790743171.44881,-90.1,2.03,2.55
1790743171.488862,-90.13,2.07,2.57
1790743171.54995,-90.16,2.01,2.56
1790743171.6094148,-90.1,1.97,2.53
1790743171.649125,-90.11,1.99,2.51
1790743171.71156,-90.11,1.97,2.51
1790743171.761253,-90.12,1.97,2.54
1790743171.8290281,-90.09,1.9,2.52
1790743171.868311,-90.15,1.9,2.5
1790743171.92708,-90.21,1.89,2.51
1790743171.967238,-90.34,1.91,2.52
1790743172.0181499,-90.37,1.91,2.53
1790743172.0894861,-90.38,1.91,2.52
1790743172.126217,-90.39,1.92,2.52
1790743172.191007,-90.41,1.92,2.52
1790743172.257359,-90.41,1.93,2.51
1790743172.328958,-90.43,1.93,2.52
1790743172.368924,-90.43,1.93,2.52
1790743172.4190981,-90.41,1.94,2.53
1790743172.490339,-90.45,1.94,2.53
1790743172.530078,-90.46,1.93,2.53
1790743172.588663,-90.47,1.93,2.53
1790743172.6491039,-90.48,1.93,2.53
1790743172.6902568,-90.49,1.92,2.54
1790743172.7487302,-90.49,1.93,2.54
1790743172.789145,-90.51,1.93,2.54
1790743172.849826,-90.52,1.93,2.53
1790743172.90952,-90.52,1.92,2.54
1790743172.948993,-90.58,1.93,2.53
1790743173.007078,-90.52,1.92,2.53
1790743173.04795,-90.58,1.92,2.52
1790743173.108844,-90.58,1.92,2.52
1790743173.148882,-90.58,1.92,2.53
1790743173.207702,-90.61,1.92,2.53
1790743173.267404,-90.6,1.91,2.53
1790743173.3073978,-90.61,1.91,2.53
1790743173.367439,-90.62,1.91,2.53
1790743173.427305,-90.63,1.91,2.53
1790743173.492424,-90.64,1.91,2.53
1790743173.524273,-90.64,1.9,2.53
1790743173.593097,-90.65,1.9,2.53
1790743173.623754,-90.66,1.9,2.53
1790743173.690422,-90.67,1.9,2.54
1790743173.727225,-90.67,1.9,2.54
1790743173.788914,-90.68,1.9,2.54
1790743173.848824,-90.68,1.9,2.54
1790743173.907459,-90.68,1.9,2.53
1790743173.947615,-90.68,1.9,2.54
1790743174.009522,-90.68,1.9,2.54
1790743174.046019,-90.68,1.9,2.54
1790743174.108806,-90.68,1.9,2.54
1790743174.17103,-90.68,1.9,2.54
1790743174.208375,-90.68,1.9,2.54
1790743174.271476,-90.68,1.9,2.54
1790743174.328609,-90.68,1.9,2.53
1790743174.390474,-90.68,1.9,2.54
1790743174.4277709,-90.68,1.9,2.54
1790743174.501309,-90.68,1.9,2.54
1790743174.5471392,-90.67,1.9,2.54
1790743174.5872939,-90.68,1.9,2.54
1790743174.641999,-90.66,1.9,2.53
1790743174.709107,-90.65,1.9,2.54
1790743174.748259,-90.75,1.91,2.53
1790743174.811,-90.7,1.89,2.54
1790743174.86858,-90.75,1.9,2.53
1790743174.9088662,-90.78,1.89,2.53
1790743174.968914,-90.77,1.89,2.53
1790743175.02968,-90.77,1.89,2.53
1790743175.067698,-90.78,1.88,2.53
1790743175.128726,-90.79,1.88,2.53
1790743175.169152,-90.8,1.88,2.53
1790743175.227461,-90.8,1.87,2.53
1790743175.287637,-90.81,1.87,2.53
1790743175.3489,-90.81,1.87,2.53
1790743175.4086552,-90.83,1.87,2.53
1790743175.438168,-92.98,1.95,2.47
1790743175.5074282,-99.0,2.24,2.2
1790743175.545299,-101.86,2.34,2.01
1790743175.607709,-105.09,2.47,1.83
1790743175.6454248,-108.3,2.58,1.68
1790743175.7029278,-111.53,2.68,1.46
1790743175.768218,-114.98,2.78,1.26
1790743175.8285508,-118.22,2.88,1.07
1790743175.87111,-121.7,2.93,0.93
1790743175.930418,-125.08,3.02,0.67
1790743175.987276,-128.57,3.08,0.43
1790743176.0267258,-132.07,3.14,0.22
1790743176.087959,-135.48,3.17,0.02
1790743176.146963,-139.06,3.22,-0.24
1790743176.188906,-142.48,3.21,-0.45
1790743176.243008,-145.83,3.17,-0.65
1790743176.30163,-146.47,3.22,-0.66
1790743176.3686368,-146.98,3.21,-0.69
1790743176.408159,-147.37,3.21,-0.72
1790743176.468232,-147.82,3.2,-0.75
1790743176.529672,-148.27,3.19,-0.8
1790743176.568518,-148.54,3.19,-0.81
1790743176.627527,-148.55,3.15,-0.84
1790743176.669272,-148.73,3.13,-0.81
1790743176.765615,-148.76,3.12,-0.81
1790743176.807959,-148.97,3.08,-0.7
1790743176.86724,-149.03,3.09,-0.7
1790743176.9070022,-149.08,3.1,-0.72
1790743176.9617732,-150.06,3.11,-0.82
1790743177.02738,-152.04,3.07,-0.93
1790743177.063245,-153.52,3.04,-1.03
1790743177.131244,-155.24,3.03,-1.09
1790743177.1660411,-157.09,3.01,-1.18
1790743177.2276568,-158.94,2.99,-1.32
1790743177.2897348,-160.65,2.92,-1.45
1790743177.329383,-162.65,2.89,-1.53
1790743177.387299,-164.64,2.85,-1.64
1790743177.449805,-166.61,2.83,-1.77
1790743177.488874,-168.49,2.77,-1.86
1790743177.549131,-170.51,2.73,-1.94
1790743177.589849,-172.53,2.71,-2.08
1790743177.651762,-174.46,2.63,-2.17
1790743177.70663,-176.38,2.55,-2.29
1790743177.752824,-178.48,2.48,-2.36
1790743177.8005388,177.51,2.32,-2.58
1790743177.8676212,175.57,2.24,-2.68
1790743177.903003,173.43,2.14,-2.75
1790743177.9639602,171.47,2.07,-2.88
1790743178.027344,169.51,1.97,-2.93
1790743178.06414,167.49,1.87,-2.99
1790743178.1320431,165.51,1.78,-3.05
1790743178.1683998,163.46,1.69,-3.1
1790743178.2319639,161.51,1.56,-3.19
1790743178.289341,159.56,1.45,-3.26
1790743178.350711,157.5,1.35,-3.36
1790743178.407722,155.36,1.22,-3.41
1790743178.4515011,151.43,1.01,-3.49
1790743178.508472,151.43,1.01,-3.49
1790743178.552206,147.33,0.8,-3.61
1790743178.609287,147.33,0.8,-3.61
1790743178.667704,143.41,0.54,-3.67
1790743178.707937,141.3,0.44,-3.7
1790743178.76315,139.39,0.32,-3.73
1790743178.831253,137.37,0.2,-3.75
1790743178.867816,135.31,0.09,-3.79
1790743178.929386,133.33,-0.0,-3.8
1790743178.9883342,131.32,-0.16,-3.8
1790743179.048542,129.35,-0.26,-3.83
1790743179.088882,127.3,-0.39,-3.84
1790743179.1491241,125.25,-0.52,-3.81
1790743179.188849,123.35,-0.63,-3.82
1790743179.25107,121.31,-0.76,-3.8
1790743179.307868,119.3,-0.89,-3.83
1790743179.348327,115.28,-1.16,-3.76
1790743179.4075148,115.28,-1.16,-3.76
1790743179.4501069,111.15,-1.37,-3.7
1790743179.5088,109.15,-1.52,-3.66
1790743179.568676,107.31,-1.63,-3.65
1790743179.60806,105.2,-1.75,-3.62
1790743179.663967,103.19,-1.84,-3.59
1790743179.729307,101.17,-1.95,-3.52
1790743179.7683609,99.21,-2.09,-3.44
1790743179.829598,97.2,-2.18,-3.4
1790743179.867983,95.09,-2.3,-3.32
1790743179.930291,93.29,-2.42,-3.3
1790743179.989135,91.18,-2.53,-3.23
1790743180.0313559,89.19,-2.63,-3.15
1790743180.0888882,87.78,-2.67,-3.1
1790743180.148545,87.3,-2.68,-3.07
1790743180.191222,86.95,-2.7,-3.05
1790743180.247637,86.76,-2.72,-3.05
1790743180.307153,86.65,-2.73,-3.04
1790743180.348431,86.64,-2.73,-3.04
1790743180.408729,86.64,-2.73,-3.04
1790743180.4487832,86.66,-2.74,-3.04
1790743180.5151942,86.74,-2.74,-3.03
1790743180.547503,86.86,-2.73,-3.03
1790743180.607028,87.09,-2.72,-3.04
1790743180.66845,87.24,-2.71,-3.06
1790743180.710733,87.46,-2.71,-3.07
1790743180.768718,87.75,-2.7,-3.08
1790743180.829634,87.89,-2.7,-3.09
1790743180.868681,88.09,-2.69,-3.1
1790743180.92854,88.2,-2.69,-3.11
1790743180.9678888,88.46,-2.69,-3.12
1790743181.0294771,88.57,-2.69,-3.12
1790743181.086072,88.74,-2.69,-3.12
1790743181.130595,88.97,-2.68,-3.13
1790743181.188483,89.24,-2.67,-3.15
1790743181.228796,89.38,-2.67,-3.16
1790743181.3275461,89.6,-2.67,-3.17
1790743181.367222,89.58,-2.68,-3.17
1790743181.4258618,89.57,-2.68,-3.17
1790743181.4889011,89.61,-2.68,-3.17
1790743181.530238,89.59,-2.69,-3.17
1790743181.588671,89.58,-2.69,-3.17
1790743181.6279502,89.58,-2.69,-3.17
1790743181.68852,89.57,-2.69,-3.17
1790743181.732125,89.58,-2.7,-3.17
1790743181.7879941,89.57,-2.7,-3.17
1790743181.837657,89.56,-2.7,-3.17
1790743181.9089339,89.56,-2.71,-3.17
1790743181.9489,89.55,-2.71,-3.17
1790743182.012495,89.55,-2.72,-3.16
1790743182.066586,89.55,-2.73,-3.17
1790743182.108038,89.54,-2.73,-3.17
1790743182.168739,89.54,-2.73,-3.17
1790743182.228838,89.53,-2.73,-3.17
1790743182.267612,89.52,-2.74,-3.17
1790743182.328597,89.52,-2.74,-3.16
1790743182.368795,89.51,-2.74,-3.17
1790743182.428343,89.5,-2.75,-3.16
1790743182.468873,89.49,-2.75,-3.16
1790743182.5293922,89.48,-2.75,-3.16
1790743182.568722,89.48,-2.76,-3.16
1790743182.6287081,89.47,-2.76,-3.16
1790743182.688847,89.46,-2.76,-3.16
1790743182.7287738,89.43,-2.77,-3.16
1790743182.78669,89.41,-2.77,-3.16
1790743182.8488,89.42,-2.77,-3.16
1790743182.887773,89.44,-2.78,-3.15
1790743182.9477508,89.4,-2.78,-3.16
1790743183.009932,89.44,-2.77,-3.15
1790743183.0486112,89.43,-2.78,-3.15
1790743183.107153,89.42,-2.79,-3.15
1790743183.1473181,89.41,-2.79,-3.16
1790743183.208935,89.39,-2.8,-3.15
1790743183.269291,89.4,-2.79,-3.16
1790743183.328644,89.41,-2.73,-3.2
1790743183.368751,89.45,-2.68,-3.23
1790743183.4277692,89.45,-2.72,-3.25
1790743183.4969568,89.45,-2.8,-3.26
1790743183.5444071,89.52,-2.85,-3.24
1790743183.608567,89.64,-2.97,-3.27
1790743183.646216,89.82,-3.08,-3.25
1790743183.708965,89.82,-3.08,-3.25
1790743183.7675462,89.88,-3.07,-3.23
1790743183.809119,89.94,-3.02,-3.23
1790743183.867348,89.9,-2.98,-3.2
1790743183.909397,89.96,-3.02,-3.23
1790743183.9687412,89.94,-3.05,-3.2
1790743184.027057,89.92,-3.09,-3.23
1790743184.067863,89.94,-3.13,-3.23
1790743184.1288629,89.9,-3.16,-3.18
1790743184.168836,89.9,-3.14,-3.22
1790743184.2287219,89.8,-3.13,-3.18
1790743184.290911,89.92,-3.02,-3.23
1790743184.3466759,89.88,-3.03,-3.21
1790743184.407861,89.99,-2.93,-3.21
1790743184.450303,89.87,-2.87,-3.21
1790743184.498898,89.95,-2.85,-3.25
1790743184.569555,89.98,-2.83,-3.28
1790743184.628795,89.94,-2.84,-3.28
1790743184.670088,89.97,-2.79,-3.31
1790743184.728676,89.92,-2.79,-3.32
1790743184.788546,89.9,-2.71,-3.33
1790743184.8474722,89.87,-2.69,-3.28
1790743184.888335,89.89,-2.62,-3.27
1790743184.9485939,89.82,-2.65,-3.22
1790743185.012207,89.84,-2.69,-3.23
1790743185.0485198,89.82,-2.71,-3.25
1790743185.109249,89.84,-2.73,-3.28
1790743185.148511,89.85,-2.75,-3.27
1790743185.209499,89.86,-2.75,-3.3
1790743185.262898,89.83,-2.78,-3.24
1790743185.328792,89.88,-2.77,-3.27
1790743185.390224,89.87,-2.75,-3.28
1790743185.429079,89.89,-2.74,-3.26
1790743185.4894578,89.87,-2.73,-3.24
1790743185.533102,89.85,-2.74,-3.22
1790743185.590364,89.84,-2.73,-3.21
1790743185.647274,89.82,-2.73,-3.21
1790743185.708721,89.82,-2.72,-3.2
1790743185.7885242,89.81,-2.72,-3.2
1790743185.849202,89.8,-2.72,-3.2
1790743185.888692,89.79,-2.72,-3.19
1790743185.9470599,89.78,-2.72,-3.19
1790743185.986712,89.78,-2.73,-3.19
1790743186.049479,91.15,-2.65,-3.2
1790743186.089612,94.64,-2.49,-3.36
1790743186.150771,97.2,-2.38,-3.47
1790743186.188629,100.07,-2.2,-3.5
1790743186.264998,106.29,-1.87,-3.75
1790743186.308896,109.54,-1.7,-3.85
1790743186.3693829,112.86,-1.51,-3.94
1790743186.4094431,116.19,-1.32,-3.96
1790743186.46326,119.5,-1.1,-4.03
1790743186.520724,122.93,-0.88,-4.04
1790743186.5867672,126.34,-0.68,-4.11
1790743186.627792,129.72,-0.46,-4.13
1790743186.688899,133.14,-0.25,-4.13
1790743186.747395,136.6,-0.03,-4.08
1790743186.787787,140.1,0.16,-4.06
1790743186.851149,146.96,0.56,-3.99
1790743186.907316,146.96,0.56,-3.99
1790743186.947446,153.94,1.03,-3.77
1790743187.008729,157.26,1.24,-3.67
1790743187.049373,160.82,1.42,-3.56
1790743187.104238,164.26,1.6,-3.46
1790743187.168759,167.76,1.83,-3.35
1790743187.208714,171.21,1.98,-3.26
1790743187.266578,174.67,2.14,-3.05
1790743187.328664,177.52,2.29,-2.98
1790743187.3703659,-179.96,2.38,-2.88
1790743187.420228,-177.63,2.48,-2.74
1790743187.4872162,-176.54,2.52,-2.72
1790743187.529983,-176.09,2.53,-2.71
1790743187.5874848,-175.59,2.54,-2.69
1790743187.627616,-175.19,2.55,-2.67
1790743187.6873071,-175.2,2.56,-2.67
1790743187.747187,-176.52,2.53,-2.7
1790743187.788408,-177.86,2.47,-2.73
1790743187.851371,179.52,2.37,-2.88
1790743187.908674,179.52,2.37,-2.88
1790743187.9509802,178.29,2.32,-2.93
1790743188.026915,178.21,2.32,-2.92
1790743188.069041,178.16,2.31,-2.93
1790743188.124044,178.12,2.3,-2.93
1790743188.188406,178.12,2.3,-2.93
1790743188.2290502,178.11,2.3,-2.93
1790743188.283658,178.1,2.29,-2.93
1790743188.363938,178.1,2.29,-2.92
1790743188.388742,178.11,2.29,-2.92
1790743188.449546,178.16,2.3,-2.92
1790743188.509356,178.21,2.29,-2.92
1790743188.5514822,178.46,2.3,-2.91
1790743188.608544,178.46,2.3,-2.91
1790743188.649409,178.66,2.3,-2.9
1790743188.7087429,178.86,2.31,-2.89
1790743188.7677948,178.99,2.32,-2.88
1790743188.808819,179.08,2.32,-2.88
1790743188.868451,179.31,2.33,-2.86
1790743188.926435,179.32,2.32,-2.86
1790743188.968322,179.34,2.32,-2.86
1790743189.0268538,179.35,2.31,-2.86
1790743189.08802,179.33,2.31,-2.86
1790743189.129378,179.33,2.31,-2.86
1790743189.188288,179.36,2.31,-2.86
1790743189.248183,179.39,2.31,-2.85
1790743189.288836,179.39,2.31,-2.85
1790743189.343717,179.4,2.3,-2.85
1790743189.408803,179.4,2.29,-2.85
1790743189.445303,179.44,2.29,-2.84
1790743189.51023,179.45,2.31,-2.84
1790743189.569938,179.44,2.3,-2.84
1790743189.610337,179.44,2.29,-2.84
1790743189.670989,179.48,2.29,-2.84
1790743189.70891,179.47,2.28,-2.84
1790743189.766838,179.47,2.28,-2.83
1790743189.80735,179.46,2.28,-2.84
1790743189.869521,179.46,2.28,-2.84
1790743189.930766,179.45,2.28,-2.84
1790743189.988638,179.42,2.27,-2.84
1790743190.032897,179.41,2.27,-2.84
1790743190.08765,179.42,2.26,-2.84
1790743190.133197,179.39,2.26,-2.84
1790743190.188941,179.4,2.26,-2.84
1790743190.25087,179.39,2.25,-2.84
1790743190.308544,179.38,2.25,-2.84
1790743190.347768,179.35,2.24,-2.85
1790743190.409953,179.36,2.24,-2.84
1790743190.468939,179.37,2.25,-2.84
1790743190.508736,179.33,2.24,-2.85
1790743190.5689778,179.35,2.24,-2.85
1790743190.629194,179.35,2.24,-2.84
1790743190.667781,179.35,2.23,-2.84
1790743190.72897,179.34,2.23,-2.84
1790743190.770289,179.3,2.22,-2.84
1790743190.828599,179.32,2.22,-2.84
1790743190.867639,179.31,2.22,-2.84
1790743190.929118,179.34,2.22,-2.84
1790743190.9887118,179.34,2.22,-2.84
1790743191.035512,179.33,2.22,-2.84
1790743191.08732,179.32,2.21,-2.84
1790743191.1440818,179.31,2.21,-2.84
1790743191.1885629,179.3,2.21,-2.84
1790743191.2493792,179.32,2.21,-2.84
1790743191.288654,179.3,2.2,-2.84
1790743191.343501,179.27,2.19,-2.84
1790743191.389376,179.29,2.19,-2.84
1790743191.44398,179.28,2.18,-2.84
1790743191.510283,179.26,2.18,-2.84
1790743191.5449228,179.25,2.18,-2.84
1790743191.607806,179.24,2.18,-2.84
1790743191.645906,179.25,2.18,-2.84
1790743191.7083452,179.33,2.22,-2.85
1790743191.768429,179.81,2.26,-2.77
1790743191.8084412,179.95,2.24,-2.83
1790743191.867249,179.86,2.21,-2.78
1790743191.907177,179.77,2.12,-2.83
1790743191.970357,179.73,2.09,-2.87
1790743192.02983,179.71,2.05,-2.82
1790743192.0680609,179.73,2.03,-2.89
1790743192.1306639,179.85,1.99,-2.8
1790743192.16573,179.92,2.06,-2.85
1790743192.233495,179.79,2.06,-2.86
1790743192.288529,179.86,2.13,-2.86
1790743192.330661,179.8,2.15,-2.83
1790743192.3883278,179.8,2.13,-2.8
1790743192.44879,179.77,2.08,-2.81
1790743192.5085068,179.84,2.07,-2.83
1790743192.5669382,179.87,2.09,-2.93
1790743192.607445,179.89,2.08,-2.89
1790743192.669683,179.85,2.09,-2.88
1790743192.707983,179.86,2.07,-2.86
1790743192.763943,179.85,2.05,-2.9
1790743192.830431,179.83,2.03,-2.85
1790743192.865176,179.86,2.01,-2.89
1790743192.9274209,179.81,2.01,-2.89
1790743192.969054,179.81,1.94,-2.9
1790743193.028992,179.82,1.9,-2.81
1790743193.088684,179.95,1.92,-2.8
1790743193.12983,179.99,1.88,-2.86
1790743193.187613,-179.94,1.9,-2.9
1790743193.2475169,-179.98,1.89,-2.88
1790743193.2886379,179.96,1.89,-2.87
1790743193.3502002,179.91,1.88,-2.87
1790743193.406616,179.81,1.88,-2.85
1790743193.4677498,179.83,1.87,-2.83
1790743193.5085042,179.8,1.93,-2.76
1790743193.5714712,179.74,1.88,-2.74
1790743193.608952,179.77,1.87,-2.75
1790743193.669587,179.77,1.86,-2.82
1790743193.707106,179.73,1.82,-2.81
1790743193.7632399,179.78,1.82,-2.87
1790743193.828675,179.8,1.82,-2.85
1790743193.870323,179.81,1.82,-2.85
1790743193.928373,179.82,1.82,-2.84
1790743193.986669,179.87,1.84,-2.83
1790743194.0468779,179.94,1.89,-2.8
1790743194.090455,-179.99,1.88,-2.77
1790743194.1465752,179.94,1.86,-2.71
1790743194.1938539,179.76,1.8,-2.76
1790743194.2484539,179.76,1.73,-2.75
1790743194.308546,179.8,1.68,-2.79
1790743194.3487182,179.77,1.62,-2.87
1790743194.40702,179.75,1.66,-2.99
1790743194.448789,179.65,1.67,-2.97
1790743194.508922,179.83,1.69,-3.06
1790743194.568608,179.78,1.67,-3.07
1790743194.608581,179.72,1.64,-3.08
1790743194.666065,179.77,1.64,-3.1
1790743194.7486908,179.83,1.61,-3.12
1790743194.808737,179.88,1.54,-3.1
1790743194.868782,179.89,1.49,-3.12
1790743194.907678,-180.0,1.48,-3.08
1790743194.968912,-179.85,1.49,-3.12
1790743195.027036,-179.66,1.52,-3.12
1790743195.089355,-179.69,1.54,-3.12
1790743195.125451,-179.71,1.55,-3.09
1790743195.178668,-179.72,1.55,-3.08
1790743195.247051,-179.72,1.55,-3.07
1790743195.285082,-179.84,1.55,-3.07
1790743195.3476841,-179.97,1.55,-3.07
1790743195.412734,179.88,1.54,-3.09
1790743195.448106,179.84,1.53,-3.08
1790743195.510241,179.8,1.53,-3.07
1790743195.569344,179.77,1.53,-3.07
1790743195.607114,179.66,1.53,-3.08
1790743195.669417,179.65,1.52,-3.07
1790743195.709055,179.66,1.52,-3.07
1790743195.771969,179.67,1.52,-3.07
1790743195.829204,179.64,1.51,-3.07
1790743195.86857,179.63,1.49,-3.07
1790743195.9320588,179.62,1.49,-3.07
1790743195.979976,179.61,1.49,-3.06
1790743196.0465732,179.59,1.48,-3.07
1790743196.0879328,179.58,1.48,-3.06
1790743196.148337,179.57,1.48,-3.07
1790743196.1919649,179.54,1.47,-3.07
1790743196.247146,179.49,1.47,-3.07
1790743196.287064,179.53,1.47,-3.06
1790743196.341003,179.5,1.46,-3.06
1790743196.3895838,179.49,1.46,-3.07
1790743196.43766,179.45,1.45,-3.07
1790743196.492578,179.45,1.45,-3.07
1790743196.540527,179.43,1.45,-3.07
1790743196.608299,179.44,1.44,-3.07
1790743196.643106,179.43,1.43,-3.07
1790743196.7084758,179.42,1.43,-3.07
1790743196.767207,179.42,1.42,-3.07
1790743196.806592,179.41,1.42,-3.07
1790743196.867084,179.41,1.42,-3.07
1790743196.9088268,179.4,1.42,-3.07
1790743196.980385,179.4,1.41,-3.07
1790743197.047458,179.39,1.41,-3.07
1790743197.083772,179.39,1.41,-3.07
1790743197.147386,179.39,1.41,-3.07
1790743197.1888509,179.39,1.41,-3.07
1790743197.248467,179.39,1.41,-3.07
1790743197.288147,179.39,1.41,-3.07
1790743197.348446,179.39,1.41,-3.07
1790743197.389778,179.39,1.41,-3.07
1790743197.448597,179.39,1.41,-3.07
1790743197.508329,179.39,1.41,-3.07
1790743197.548733,179.39,1.41,-3.07
1790743197.6065211,179.39,1.41,-3.07
1790743197.668301,179.39,1.41,-3.07
1790743197.7084842,179.39,1.41,-3.07
1790743197.7683399,179.39,1.41,-3.07
1790743197.80863,179.39,1.41,-3.07
1790743197.868476,179.39,1.41,-3.07
1790743197.928567,179.41,1.41,-3.08
1790743197.967656,179.38,1.41,-3.07
1790743198.028595,179.35,1.42,-3.08
1790743198.086955,179.35,1.41,-3.07
1790743198.129759,179.35,1.41,-3.07
1790743198.187989,179.34,1.41,-3.07
1790743198.248405,179.34,1.41,-3.06
1790743198.293822,179.33,1.41,-3.06
1790743198.352236,179.33,1.41,-3.06
1790743198.408606,179.32,1.41,-3.06
1790743198.4531782,179.32,1.41,-3.05
1790743198.508477,179.32,1.41,-3.05
1790743198.549527,179.32,1.4,-3.05
1790743198.6084852,179.32,1.4,-3.05
1790743198.648538,179.3,1.4,-3.04
1790743198.7083972,179.3,1.39,-3.04
1790743198.749145,179.3,1.39,-3.04
1790743198.8031318,179.3,1.38,-3.03
1790743198.868382,179.29,1.39,-3.03
1790743198.907798,179.28,1.38,-3.03
1790743198.9676569,179.23,1.38,-3.03
1790743199.028509,179.25,1.38,-3.03
1790743199.0694542,179.23,1.38,-3.03
1790743199.1289542,179.23,1.38,-3.03
1790743199.168919,179.21,1.38,-3.03
1790743199.2496588,179.22,1.37,-3.03
1790743199.299697,179.23,1.37,-3.02
1790743199.35006,179.23,1.37,-3.01
1790743199.39929,179.22,1.37,-3.01
1790743199.46852,179.21,1.37,-3.01
1790743199.502471,179.17,1.37,-3.01
1790743199.56865,179.19,1.36,-3.01
1790743199.603359,179.19,1.36,-3.0
1790743199.6609018,179.18,1.36,-3.0
1790743199.7273118,179.18,1.36,-2.99
1790743199.7647538,179.16,1.36,-2.99
1790743199.828183,179.16,1.36,-2.99
1790743199.865338,179.16,1.36,-2.98
1790743199.92849,179.15,1.35,-2.98
1790743199.9664772,179.14,1.35,-2.98
1790743200.028648,179.13,1.35,-2.98
1790743200.0871732,179.13,1.35,-2.98
1790743200.1285398,179.13,1.35,-2.97
1790743200.188428,179.12,1.35,-2.97
1790743200.253929,179.11,1.35,-2.97
1790743200.308327,179.11,1.35,-2.97
1790743200.3659148,179.1,1.35,-2.97
1790743200.406623,179.09,1.35,-2.97
1790743200.468551,179.11,1.35,-2.96
1790743200.5076501,179.08,1.35,-2.96
1790743200.560446,179.09,1.35,-2.96
1790743200.628531,179.06,1.34,-2.96
1790743200.688543,179.05,1.35,-2.96
1790743200.7283578,179.06,1.34,-2.95
1790743200.787147,179.06,1.34,-2.95
1790743200.8501189,179.06,1.34,-2.95
1790743200.888331,179.09,1.34,-2.95
1790743200.9485362,179.08,1.34,-2.94
1790743201.0083761,179.06,1.34,-2.95
1790743201.048297,179.02,1.33,-2.94
1790743201.1084201,179.02,1.33,-2.93
1790743201.14927,179.01,1.33,-2.94
1790743201.208184,179.01,1.33,-2.94
1790743201.265482,179.01,1.33,-2.93
1790743201.3266811,179.01,1.33,-2.93
1790743201.367798,179.0,1.33,-2.92
1790743201.4292,179.0,1.32,-2.92
1790743201.48822,179.0,1.32,-2.92
1790743201.549345,179.0,1.32,-2.91
1790743201.588418,178.99,1.32,-2.91
1790743201.6486,178.98,1.32,-2.9
1790743201.7086341,178.92,1.31,-2.92
1790743201.7673988,178.95,1.33,-2.92
1790743201.827304,178.91,1.31,-2.91
1790743201.8655941,178.86,1.31,-2.91
1790743201.928492,178.83,1.31,-2.92
1790743201.968231,178.84,1.3,-2.91
1790743202.0251899,178.83,1.31,-2.91
1790743202.0880132,178.84,1.31,-2.91
1790743202.127855,178.84,1.31,-2.9
1790743202.1875389,178.84,1.31,-2.9
1790743202.2475362,178.84,1.31,-2.9
1790743202.289032,178.83,1.3,-2.9
1790743202.3477519,178.81,1.3,-2.9
1790743202.40843,178.81,1.3,-2.9
1790743202.4500961,178.81,1.3,-2.88
1790743202.508425,178.79,1.29,-2.9
1790743202.5533361,178.79,1.28,-2.89
1790743202.607405,178.79,1.29,-2.89
1790743202.668534,178.8,1.3,-2.88
1790743202.709654,178.79,1.29,-2.88
1790743202.7680798,178.79,1.29,-2.88
1790743202.8275788,178.81,1.29,-2.88
1790743202.8690062,178.79,1.29,-2.88
1790743202.92306,178.77,1.28,-2.88
1790743202.986339,178.78,1.28,-2.87
1790743203.02669,178.8,1.28,-2.87
1790743203.079881,178.78,1.28,-2.87
1790743203.149148,178.76,1.28,-2.87
1790743203.1892831,178.76,1.28,-2.87
1790743203.250844,178.75,1.28,-2.86
1790743203.308311,178.75,1.28,-2.86
1790743203.348536,178.75,1.28,-2.86
1790743203.4081962,178.75,1.28,-2.86
1790743203.4684532,178.71,1.27,-2.86
1790743203.509263,178.73,1.27,-2.85
1790743203.568345,178.75,1.28,-2.85
1790743203.60967,178.7,1.27,-2.85
1790743203.670263,178.7,1.27,-2.85
1790743203.751224,178.7,1.27,-2.84
1790743203.786437,178.71,1.26,-2.84
1790743203.844805,178.69,1.26,-2.84
1790743203.908103,178.69,1.26,-2.84
1790743203.9478788,178.7,1.26,-2.83
1790743204.009671,178.72,1.26,-2.83
1790743204.0672278,178.67,1.26,-2.83
1790743204.110996,178.67,1.26,-2.83
1790743204.164848,178.67,1.26,-2.82
1790743204.228112,178.67,1.26,-2.82
1790743204.2683232,178.67,1.26,-2.82
1790743204.329073,178.67,1.26,-2.82
1790743204.368916,178.67,1.25,-2.82
1790743204.428441,178.66,1.25,-2.81
1790743204.4684439,178.63,1.25,-2.81
1790743204.529212,178.66,1.25,-2.8
1790743204.588267,178.64,1.25,-2.8
1790743204.6269581,178.63,1.25,-2.8
1790743204.685205,178.62,1.25,-2.8
1790743204.747648,178.62,1.25,-2.8
1790743204.810206,178.6,1.24,-2.79
1790743204.8445928,178.62,1.25,-2.79
1790743204.910699,178.57,1.3,-2.78
1790743204.948432,178.37,1.3,-2.76
1790743205.013611,178.47,1.3,-2.76
1790743205.0666828,178.65,1.22,-2.77
1790743205.111941,178.85,1.19,-2.77
1790743205.168351,179.04,1.11,-2.72
1790743205.210578,179.24,1.13,-2.75
1790743205.2652118,179.37,1.13,-2.72
1790743205.3287401,179.28,1.17,-2.73
1790743205.3882859,179.23,1.16,-2.74
1790743205.428693,179.24,1.12,-2.76
1790743205.4874291,179.36,1.17,-2.79
1790743205.552209,179.39,1.15,-2.8
1790743205.588537,179.47,1.13,-2.77
1790743205.651951,179.61,1.07,-2.85
1790743205.688371,179.66,1.08,-2.81
1790743205.768248,179.78,1.2,-2.78
1790743205.8090298,179.84,1.22,-2.8
1790743205.86691,179.85,1.26,-2.78
1790743205.927238,179.84,1.29,-2.83
1790743205.987299,179.8,1.33,-2.85
1790743206.027194,179.8,1.32,-2.81
1790743206.087069,179.81,1.39,-2.82
1790743206.1284668,179.87,1.41,-2.84
1790743206.1885839,179.85,1.47,-2.84
1790743206.247456,179.81,1.5,-2.82
1790743206.309273,179.8,1.58,-2.81
1790743206.3517609,179.8,1.72,-2.75
1790743206.408142,179.87,1.76,-2.8
1790743206.452894,179.87,1.81,-2.78
1790743206.500129,179.9,1.78,-2.79
1790743206.550773,179.9,1.76,-2.78
1790743206.6092649,179.95,1.76,-2.81
1790743206.669889,179.89,1.82,-2.8
1790743206.708659,179.88,1.75,-2.78
1790743206.761952,179.93,1.79,-2.79
1790743206.827463,179.92,1.79,-2.81
1790743206.8666701,179.94,1.81,-2.78
1790743206.927093,179.92,1.77,-2.81
1790743206.988193,179.92,1.8,-2.78
1790743207.0273862,179.94,1.77,-2.82
1790743207.086539,179.93,1.76,-2.8
1790743207.128524,179.92,1.77,-2.79
1790743207.1875389,179.94,1.74,-2.78
1790743207.228362,179.94,1.73,-2.77
1790743207.3084538,179.86,1.74,-2.78
1790743207.349118,179.84,1.75,-2.77
1790743207.4083562,179.82,1.75,-2.77
1790743207.4674282,179.81,1.75,-2.76
1790743207.50721,179.8,1.75,-2.75
1790743207.566977,179.79,1.75,-2.74
1790743207.628642,179.79,1.75,-2.74
1790743207.6650891,179.79,1.76,-2.73
1790743207.728307,179.78,1.76,-2.73
1790743207.788394,179.78,1.76,-2.73
1790743207.828487,179.8,1.76,-2.72
1790743207.8893702,179.79,1.76,-2.72
1790743207.928423,179.77,1.76,-2.72
1790743207.988819,179.77,1.76,-2.71
1790743208.0487092,179.77,1.75,-2.71
1790743208.0884118,179.77,1.74,-2.71
1790743208.148087,179.77,1.75,-2.71
1790743208.208204,179.77,1.75,-2.7
1790743208.2569191,179.76,1.74,-2.7
1790743208.30804,179.76,1.74,-2.7
1790743208.350998,179.69,1.74,-2.7
1790743208.408521,179.71,1.74,-2.71
1790743208.4513862,179.65,1.73,-2.7
1790743208.507073,179.68,1.74,-2.7
1790743208.5497952,179.68,1.73,-2.69
1790743208.606863,179.68,1.73,-2.69
1790743208.668818,179.68,1.73,-2.69
1790743208.70851,179.68,1.73,-2.69
1790743208.771359,179.67,1.73,-2.68
1790743208.807345,179.67,1.73,-2.68
1790743208.863399,179.67,1.73,-2.68
1790743208.928159,179.66,1.73,-2.68
1790743208.972587,179.66,1.73,-2.67
1790743209.021035,179.66,1.73,-2.67
1790743209.086577,179.66,1.73,-2.67
1790743209.147039,179.66,1.73,-2.67
1790743209.185484,179.66,1.73,-2.67
1790743209.246816,179.66,1.73,-2.67
1790743209.308117,179.66,1.73,-2.67
1790743209.372555,179.66,1.73,-2.67
1790743209.409473,179.66,1.73,-2.67
1790743209.4690812,179.66,1.73,-2.67
1790743209.510893,179.66,1.73,-2.67
1790743209.5682838,179.66,1.73,-2.67
1790743209.611636,179.66,1.73,-2.67
1790743209.668756,179.66,1.73,-2.67
1790743209.726342,179.66,1.73,-2.67
1790743209.771733,179.67,1.73,-2.67
1790743209.829199,179.66,1.73,-2.67
1790743209.886796,179.68,1.73,-2.67
1790743209.9236212,179.62,1.76,-2.67
1790743209.987106,179.59,1.79,-2.69
1790743210.026093,179.6,1.78,-2.71
1790743210.081259,179.59,1.73,-2.69
1790743210.1273978,179.56,1.72,-2.71
1790743210.182536,179.54,1.67,-2.67
1790743210.249481,179.51,1.66,-2.7
1790743210.307373,179.51,1.61,-2.76
1790743210.3490582,179.47,1.63,-2.73
1790743210.41293,179.47,1.63,-2.73
1790743210.4683251,179.45,1.66,-2.7
1790743210.526576,179.45,1.66,-2.7
1790743210.568915,178.75,1.69,-2.75
1790743210.626687,175.06,1.53,-2.88
1790743210.6678588,172.46,1.43,-3.01
1790743210.725185,169.63,1.32,-3.05
1790743210.7870378,166.5,1.2,-3.09
1790743210.827724,163.32,1.01,-3.25
1790743210.8809679,160.13,0.84,-3.3
1790743210.9468749,156.78,0.68,-3.41
1790743210.9849138,153.4,0.52,-3.42
1790743211.04948,150.03,0.33,-3.51
1790743211.107101,146.66,0.15,-3.48
1790743211.14925,143.25,-0.03,-3.51
1790743211.20844,139.74,-0.22,-3.52
1790743211.247746,132.86,-0.59,-3.5
1790743211.308249,132.86,-0.59,-3.5
1790743211.351891,125.97,-1.0,-3.45
1790743211.4084349,122.47,-1.16,-3.4
1790743211.46844,119.11,-1.37,-3.34
1790743211.514184,115.48,-1.51,-3.26
1790743211.568432,111.96,-1.67,-3.19
1790743211.628489,108.52,-1.85,-3.09
1790743211.6682959,105.01,-2.01,-3.03
1790743211.7263901,101.53,-2.18,-2.92
1790743211.767363,97.98,-2.33,-2.82
1790743211.8328362,94.56,-2.47,-2.69
1790743211.888972,91.41,-2.6,-2.59
1790743211.9282281,88.72,-2.69,-2.49
1790743211.984721,86.77,-2.76,-2.39
1790743212.028414,85.6,-2.79,-2.38
1790743212.084357,85.19,-2.79,-2.37
1790743212.1463208,84.59,-2.81,-2.34
1790743212.187944,84.08,-2.84,-2.32
1790743212.2486122,84.22,-2.85,-2.34
1790743212.2879648,85.84,-2.79,-2.4
1790743212.347339,87.51,-2.74,-2.47
1790743212.4089909,89.11,-2.68,-2.54
1790743212.448123,91.7,-2.57,-2.6
1790743212.501028,92.48,-2.55,-2.64
1790743212.5681238,92.7,-2.54,-2.64
1790743212.608166,92.76,-2.54,-2.64
1790743212.688807,92.82,-2.53,-2.65
1790743212.747593,92.8,-2.54,-2.64
1790743212.806314,92.81,-2.54,-2.64
1790743212.8461068,92.79,-2.54,-2.64
1790743212.910618,92.77,-2.54,-2.64
1790743212.947278,92.62,-2.54,-2.63
1790743213.006996,92.51,-2.55,-2.63
1790743213.067018,92.4,-2.55,-2.62
1790743213.10748,92.21,-2.56,-2.61
1790743213.1682718,92.02,-2.56,-2.6
1790743213.231452,91.89,-2.56,-2.59
1790743213.268258,91.72,-2.57,-2.58
1790743213.328396,91.48,-2.58,-2.57
1790743213.388869,91.32,-2.58,-2.57
1790743213.4331672,91.13,-2.59,-2.56
1790743213.4881861,90.83,-2.61,-2.55
1790743213.54729,90.62,-2.62,-2.54
1790743213.5886788,90.41,-2.63,-2.54
1790743213.6481721,90.28,-2.64,-2.53
1790743213.687077,90.23,-2.64,-2.53
1790743213.746969,90.22,-2.64,-2.53
1790743213.8117802,90.25,-2.63,-2.52
1790743213.850728,90.21,-2.64,-2.52
1790743213.9033751,90.2,-2.63,-2.52
1790743213.966725,90.2,-2.63,-2.52
1790743214.0081542,90.19,-2.63,-2.52
1790743214.067263,90.18,-2.62,-2.52
1790743214.128107,90.16,-2.63,-2.51
1790743214.168847,90.16,-2.63,-2.51
1790743214.230359,90.15,-2.63,-2.5
1790743214.28722,90.14,-2.62,-2.5
1790743214.3486469,90.14,-2.62,-2.5
1790743214.388281,90.13,-2.62,-2.49
1790743214.4487228,90.09,-2.61,-2.49
1790743214.508307,90.08,-2.61,-2.49
1790743214.548299,90.05,-2.61,-2.48
1790743214.606854,90.05,-2.61,-2.48
1790743214.666689,90.04,-2.61,-2.48
1790743214.705308,90.03,-2.61,-2.48
1790743214.768747,89.98,-2.61,-2.48
1790743214.8109481,89.99,-2.62,-2.48
1790743214.8683012,89.98,-2.62,-2.47
1790743214.932811,89.98,-2.61,-2.47
1790743214.9880252,90.0,-2.61,-2.47
1790743215.048304,89.97,-2.61,-2.47
1790743215.0908449,89.94,-2.61,-2.47
1790743215.149002,89.96,-2.61,-2.47
1790743215.1883378,89.96,-2.61,-2.47
1790743215.2471218,89.94,-2.61,-2.46
1790743215.3088908,89.93,-2.61,-2.46
1790743215.349012,89.9,-2.61,-2.46
1790743215.4081988,89.89,-2.61,-2.46
1790743215.448309,89.9,-2.61,-2.46
1790743215.5082529,89.83,-2.62,-2.46
1790743215.568073,89.84,-2.62,-2.45
1790743215.6067781,89.86,-2.62,-2.45
1790743215.6675892,89.79,-2.62,-2.45
1790743215.735852,89.76,-2.62,-2.45
1790743215.7676291,89.75,-2.61,-2.45
1790743215.826279,89.76,-2.61,-2.45
1790743215.889109,89.74,-2.61,-2.45
1790743215.926377,89.73,-2.61,-2.45
1790743215.987478,89.72,-2.61,-2.45
1790743216.048961,89.71,-2.61,-2.45
1790743216.091758,89.71,-2.61,-2.45
1790743216.1491451,89.62,-2.61,-2.45
1790743216.1912289,89.62,-2.6,-2.45
1790743216.249516,89.65,-2.6,-2.45
1790743216.312774,89.63,-2.6,-2.45
1790743216.349397,89.58,-2.59,-2.45
1790743216.407757,89.57,-2.59,-2.45
1790743216.474163,89.56,-2.59,-2.45
1790743216.5100448,89.56,-2.59,-2.45
1790743216.5678132,89.56,-2.59,-2.45
1790743216.6099808,89.58,-2.59,-2.45
1790743216.6717398,89.56,-2.59,-2.45
1790743216.729281,89.54,-2.59,-2.44
1790743216.767752,89.54,-2.61,-2.44
1790743216.820024,89.53,-2.59,-2.44
1790743216.891121,89.49,-2.6,-2.43
1790743216.926477,89.49,-2.59,-2.44
1790743216.9903529,89.49,-2.59,-2.43
1790743217.0255349,89.5,-2.59,-2.43
1790743217.0938392,89.5,-2.59,-2.43
1790743217.123849,89.5,-2.59,-2.43
1790743217.211183,89.5,-2.59,-2.43
1790743217.2495518,89.33,-2.53,-2.4
1790743217.30981,89.19,-2.52,-2.4
1790743217.349261,89.39,-2.54,-2.4
1790743217.410072,89.45,-2.57,-2.37
1790743217.467797,89.52,-2.67,-2.41
1790743217.509186,89.5,-2.74,-2.39
1790743217.571698,89.56,-2.75,-2.43
1790743217.611339,89.59,-2.76,-2.45
1790743217.669707,89.63,-2.71,-2.48
1790743217.70975,89.64,-2.64,-2.47
1790743217.769174,89.73,-2.67,-2.48
1790743217.829163,89.83,-2.62,-2.45
1790743217.872134,89.91,-2.68,-2.45
1790743217.926444,89.9,-2.67,-2.42
1790743217.980373,90.04,-2.73,-2.46
1790743218.027332,89.85,-2.75,-2.39
1790743218.078209,89.93,-2.74,-2.39
1790743218.149102,89.92,-2.74,-2.39
1790743218.182543,89.96,-2.7,-2.38
1790743218.2496681,90.03,-2.68,-2.37
1790743218.2937422,89.93,-2.63,-2.44
1790743218.349162,89.81,-2.59,-2.43
1790743218.409027,89.86,-2.6,-2.43
1790743218.445323,89.91,-2.54,-2.4
1790743218.5078568,89.91,-2.54,-2.4
1790743218.5484622,90.0,-2.44,-2.39
1790743218.60919,90.0,-2.38,-2.41
1790743218.647674,89.95,-2.36,-2.45
1790743218.71028,89.94,-2.29,-2.35
1790743218.772426,89.97,-2.22,-2.3
1790743218.809921,89.96,-2.16,-2.43
1790743218.8699899,89.95,-2.15,-2.45
1790743218.927636,89.87,-2.14,-2.34
1790743218.969301,89.91,-2.13,-2.33
1790743219.027742,89.99,-2.15,-2.39
1790743219.070581,89.98,-2.12,-2.3
1790743219.127899,90.04,-2.12,-2.3
1790743219.188759,90.03,-2.11,-2.26
1790743219.229017,89.94,-2.12,-2.23
1790743219.284641,89.99,-2.11,-2.29
1790743219.358041,90.07,-2.19,-2.39
1790743219.396524,90.05,-2.17,-2.41
1790743219.470695,89.99,-2.23,-2.33
1790743219.5096152,89.98,-2.23,-2.33
1790743219.5691578,89.98,-2.23,-2.33
1790743219.6119092,89.99,-2.23,-2.32
1790743219.669827,89.98,-2.22,-2.31
1790743219.729001,89.97,-2.22,-2.3
1790743219.770703,89.96,-2.21,-2.31
1790743219.82756,89.96,-2.22,-2.3
1790743219.888243,89.96,-2.21,-2.3
1790743219.927937,89.95,-2.22,-2.29
1790743219.988169,89.92,-2.22,-2.28
1790743220.02798,89.97,-2.19,-2.29
1790743220.089383,89.92,-2.2,-2.3
1790743220.145783,89.98,-2.18,-2.34
1790743220.193009,89.91,-2.18,-2.33
1790743220.248898,89.91,-2.17,-2.32
1790743220.307234,89.91,-2.16,-2.3
1790743220.343175,89.86,-2.16,-2.28
1790743220.409158,89.78,-2.18,-2.25
1790743220.4448159,89.92,-2.15,-2.27
1790743220.4976058,89.93,-2.15,-2.26
1790743220.547453,89.86,-2.16,-2.25
1790743220.6022139,89.88,-2.15,-2.29
1790743220.6690319,89.89,-2.16,-2.29
1790743220.702263,89.88,-2.16,-2.29
1790743220.769037,89.86,-2.16,-2.29
1790743220.827755,89.81,-2.17,-2.29
1790743220.86938,89.81,-2.17,-2.29
1790743220.927957,89.8,-2.17,-2.29
1790743220.987905,89.81,-2.16,-2.28
1790743221.035278,89.8,-2.16,-2.29
1790743221.088335,89.79,-2.17,-2.29
1790743221.127699,89.79,-2.17,-2.29
1790743221.192478,89.78,-2.17,-2.29
1790743221.229231,89.79,-2.16,-2.29
1790743221.2893682,89.77,-2.16,-2.3
1790743221.3477151,89.79,-2.15,-2.3
1790743221.390006,89.75,-2.15,-2.3
1790743221.449055,89.74,-2.15,-2.3
1790743221.506319,89.75,-2.15,-2.3
1790743221.555243,89.75,-2.16,-2.3
1790743221.607842,89.77,-2.16,-2.3
1790743221.6865,89.73,-2.16,-2.29
1790743221.729036,89.73,-2.16,-2.29
1790743221.7662358,89.74,-2.16,-2.29
1790743221.829582,89.74,-2.16,-2.29
1790743221.869451,89.74,-2.16,-2.29
1790743221.928925,89.74,-2.16,-2.29
1790743221.967823,89.74,-2.16,-2.28
1790743222.0297542,89.74,-2.15,-2.28
1790743222.088684,89.74,-2.15,-2.28
1790743222.128685,89.74,-2.15,-2.29
1790743222.1893692,89.74,-2.15,-2.28
1790743222.229075,89.74,-2.16,-2.28
1790743222.287793,89.74,-2.16,-2.28
1790743222.3303711,89.74,-2.15,-2.28
1790743222.389529,89.74,-2.15,-2.28
1790743222.4537961,89.74,-2.15,-2.28
1790743222.489353,89.74,-2.16,-2.28
1790743222.5533152,89.74,-2.15,-2.28
1790743222.5935419,89.74,-2.15,-2.28
1790743222.6535418,89.74,-2.16,-2.28
1790743222.7077692,89.74,-2.15,-2.28
1790743222.755671,89.74,-2.15,-2.28
1790743222.809559,89.74,-2.15,-2.28
1790743222.867007,89.74,-2.15,-2.29
1790743222.909336,89.74,-2.15,-2.29
1790743222.963349,89.73,-2.16,-2.29
1790743223.030327,89.73,-2.14,-2.28
1790743223.0650449,89.67,-2.13,-2.26
1790743223.12742,89.67,-2.11,-2.27
1790743223.167397,89.66,-2.12,-2.23
1790743223.2279859,89.68,-2.21,-2.23
1790743223.2682781,89.66,-2.22,-2.22
1790743223.326829,89.65,-2.26,-2.18
1790743223.393903,89.65,-2.3,-2.24
1790743223.4295402,89.62,-2.3,-2.25
1790743223.491355,89.62,-2.3,-2.26
1790743223.550126,89.63,-2.27,-2.28
1790743223.589203,89.63,-2.28,-2.3
1790743223.652672,89.62,-2.34,-2.31
1790743223.6942668,89.61,-2.4,-2.29
1790743223.753123,89.68,-2.42,-2.27
1790743223.792332,89.69,-2.41,-2.28
1790743223.849175,89.68,-2.41,-2.27
1790743223.929599,88.49,-2.39,-2.31
1790743223.968132,84.98,-2.53,-2.26
1790743224.029186,82.26,-2.57,-2.18
1790743224.068227,79.33,-2.65,-2.05
1790743224.123265,76.23,-2.71,-1.9
1790743224.191125,72.93,-2.78,-1.78
1790743224.225264,69.73,-2.86,-1.66
1790743224.293244,66.32,-2.9,-1.49
1790743224.327443,63.08,-2.98,-1.36
1790743224.391836,59.58,-2.99,-1.18
1790743224.428807,56.8,-3.08,-1.04
1790743224.4823658,56.77,-3.07,-1.01
1790743224.54787,56.51,-3.07,-0.99
1790743224.5873249,55.99,-3.07,-0.97
1790743224.64909,55.05,-3.07,-0.9
1790743224.711305,55.05,-3.07,-0.9
1790743224.749509,54.62,-3.04,-0.88
1790743224.814386,54.55,-3.03,-0.91
1790743224.869077,54.38,-3.01,-0.9
1790743224.909586,54.4,-3.02,-0.92
1790743224.9678788,54.45,-3.01,-0.91
1790743225.011557,54.3,-3.04,-0.92
1790743225.0679228,54.35,-3.04,-0.91
1790743225.12717,54.37,-3.04,-0.92
1790743225.167539,54.38,-3.06,-0.91
1790743225.229155,53.3,-3.07,-0.86
1790743225.289365,51.45,-3.05,-0.79
1790743225.3256488,49.83,-3.03,-0.71
1790743225.388614,48.12,-3.03,-0.64
1790743225.424331,46.35,-3.04,-0.55
1790743225.489575,44.6,-3.05,-0.45
1790743225.527331,42.68,-3.06,-0.38
1790743225.582665,40.69,-3.02,-0.27
1790743225.648832,38.8,-3.02,-0.14
1790743225.689312,36.96,-3.02,-0.04
1790743225.7491798,34.94,-3.01,-0.0
1790743225.8119109,32.94,-3.0,0.11
1790743225.863415,29.06,-3.01,0.32
1790743225.915074,26.95,-2.96,0.37
1790743225.9469,24.91,-2.95,0.49
1790743226.010196,22.94,-2.91,0.56
1790743226.0495172,21.05,-2.9,0.67
1790743226.1173172,18.99,-2.86,0.74
1790743226.1674812,16.95,-2.81,0.87
1790743226.215171,15.01,-2.76,0.95
1790743226.2621682,13.07,-2.73,1.01
1790743226.3291252,10.94,-2.65,1.1
1790743226.3677151,8.93,-2.59,1.19
1790743226.427119,7.03,-2.54,1.27
1790743226.467596,5.01,-2.48,1.32
1790743226.5290382,2.87,-2.41,1.44
1790743226.5693738,0.98,-2.35,1.53
1790743226.6291468,-0.93,-2.33,1.57
1790743226.688085,-2.1,-2.31,1.61
1790743226.729124,-2.3,-2.28,1.61
1790743226.7893848,-2.46,-2.27,1.61
1790743226.829302,-2.64,-2.25,1.62
1790743226.889066,-2.83,-2.24,1.63
1790743226.9294772,-2.84,-2.23,1.65
1790743226.9904158,-2.82,-2.24,1.65
1790743227.0513852,-2.82,-2.23,1.65
1790743227.0903301,-2.81,-2.24,1.66
1790743227.147549,-2.76,-2.24,1.67
1790743227.188246,-2.64,-2.24,1.67
1790743227.2593439,-2.6,-2.24,1.67
1790743227.374779,-2.09,-2.26,1.66
1790743227.417483,-1.97,-2.27,1.66
1790743227.467933,-1.81,-2.27,1.66
1790743227.508544,-1.67,-2.27,1.67
1790743227.569057,-1.51,-2.27,1.68
1790743227.609364,-1.33,-2.26,1.71
1790743227.668997,-1.16,-2.25,1.71
1790743227.727762,-0.89,-2.25,1.71
1790743227.769182,-0.66,-2.27,1.7
1790743227.829466,-0.49,-2.27,1.7
1790743227.8888881,-0.48,-2.27,1.7
1790743227.933165,-0.47,-2.27,1.7
1790743227.993973,-0.47,-2.27,1.7
1790743228.049506,-0.48,-2.27,1.71
1790743228.087649,-0.46,-2.27,1.71
1790743228.145919,-0.42,-2.28,1.71
1790743228.2076302,-0.39,-2.28,1.7
1790743228.2556539,-0.38,-2.29,1.7
1790743228.3094568,-0.33,-2.28,1.7
1790743228.3780181,-0.3,-2.28,1.71
1790743228.44907,-0.3,-2.28,1.71
1790743228.5066319,-0.28,-2.28,1.71
1790743228.5452218,-0.31,-2.29,1.71
1790743228.613473,-0.31,-2.29,1.71
1790743228.6489449,-0.29,-2.29,1.72
1790743228.711262,-0.29,-2.29,1.72
1790743228.768955,-0.28,-2.29,1.72
1790743228.802337,-0.28,-2.29,1.72
1790743228.8688488,-0.3,-2.29,1.72
1790743228.905598,-0.28,-2.3,1.72
1790743228.96266,-0.26,-2.29,1.72
1790743229.0291672,-0.26,-2.29,1.72
1790743229.068455,-0.24,-2.29,1.72
1790743229.127916,-0.23,-2.3,1.72
1790743229.191773,-0.24,-2.3,1.73
1790743229.2294242,-0.24,-2.3,1.73
1790743229.287779,-0.24,-2.3,1.73
1790743229.347595,-0.24,-2.3,1.73
1790743229.4090948,-0.23,-2.3,1.73
1790743229.4489841,-0.2,-2.3,1.74
1790743229.50971,-0.2,-2.3,1.74
1790743229.54962,-0.21,-2.31,1.74
1790743229.603355,-0.24,-2.31,1.74
1790743229.667192,-0.23,-2.31,1.74
1790743229.706164,-0.23,-2.31,1.74
1790743229.7663622,-0.22,-2.31,1.74
1790743229.807442,-0.22,-2.31,1.74
1790743229.8674638,-0.18,-2.31,1.75
1790743229.909068,-0.2,-2.32,1.75
1790743229.9680269,-0.21,-2.32,1.75
1790743230.008915,-0.16,-2.32,1.75
1790743230.067209,-0.16,-2.32,1.75
1790743230.106955,-0.19,-2.32,1.75
1790743230.168962,-0.17,-2.32,1.75
1790743230.208812,-0.17,-2.32,1.76
1790743230.2673159,-0.17,-2.32,1.76
1790743230.319942,-0.17,-2.32,1.76
1790743230.372679,-0.17,-2.32,1.76
1790743230.424887,-0.17,-2.32,1.76
1790743230.487495,-0.17,-2.32,1.76
1790743230.527272,-0.17,-2.32,1.76
1790743230.589003,-0.16,-2.32,1.76
1790743230.668524,0.08,-2.26,1.62
1790743230.709095,0.15,-2.26,1.65
1790743230.7721229,0.09,-2.29,1.55
1790743230.819517,0.04,-2.35,1.6
1790743230.887276,0.02,-2.43,1.63
1790743230.919735,0.01,-2.49,1.6
1790743230.988817,-0.02,-2.55,1.64
1790743231.048765,-0.02,-2.54,1.61
1790743231.089089,0.02,-2.52,1.64
1790743231.149708,-0.01,-2.45,1.62
1790743231.2089238,0.01,-2.46,1.67
1790743231.251627,0.03,-2.48,1.68
1790743231.310982,-0.04,-2.48,1.73
1790743231.373953,0.03,-2.47,1.68
1790743231.427454,0.03,-2.41,1.72
1790743231.469881,0.01,-2.34,1.71
1790743231.5291069,-0.05,-2.28,1.69
1790743231.57307,0.03,-2.24,1.67
1790743231.629046,0.03,-2.16,1.62
1790743231.670977,-0.03,-2.08,1.69
1790743231.721119,-0.07,-2.01,1.67
1790743231.788954,-0.06,-1.94,1.69
1790743231.827181,-0.09,-1.87,1.68
1790743231.879383,-0.08,-1.8,1.7
1790743231.9294138,-0.04,-1.77,1.63
1790743231.982115,-0.06,-1.68,1.64
1790743232.048969,-0.03,-1.63,1.68
1790743232.082129,-0.03,-1.59,1.71
1790743232.1473532,-0.05,-1.55,1.85
1790743232.184913,-0.04,-1.54,1.89
1790743232.249331,-0.03,-1.56,1.87
1790743232.307594,0.04,-1.6,1.83
1790743232.349067,-0.03,-1.6,1.83
1790743232.4069,-0.03,-1.6,1.83
1790743232.448061,-0.02,-1.61,1.87
1790743232.508922,-0.02,-1.61,1.87
1790743232.569327,-0.07,-1.6,1.9
1790743232.608681,-0.06,-1.62,1.93
1790743232.668051,-0.06,-1.62,1.89
1790743232.71163,-0.07,-1.6,1.92
1790743232.769483,-0.05,-1.63,1.87
1790743232.812748,-0.09,-1.66,1.91
1790743232.8891258,-0.1,-1.67,1.88
1790743232.949045,-0.15,-1.66,1.91
1790743232.986302,-0.13,-1.7,1.89
1790743233.048074,-0.12,-1.69,1.9
1790743233.09436,-0.12,-1.69,1.9
1790743233.152033,-0.16,-1.66,1.92
1790743233.210795,-0.16,-1.66,1.92
1790743233.253142,-0.16,-1.66,1.93
1790743233.311856,-0.17,-1.65,1.94
1790743233.3498628,-0.16,-1.64,1.95
1790743233.414206,-0.15,-1.64,1.95
1790743233.469952,-0.15,-1.64,1.96
1790743233.512938,-0.15,-1.64,1.97
1790743233.5757189,-0.11,-1.63,1.97
1790743233.6167538,-0.13,-1.63,1.98
1790743233.671337,-0.13,-1.63,1.98
1790743233.731356,-0.13,-1.63,1.98
1790743233.773677,-0.13,-1.64,1.99
1790743233.830899,-0.12,-1.63,1.99
1790743233.8930361,-0.12,-1.63,1.99
1790743233.932554,-0.12,-1.63,1.99
1790743233.989799,-0.12,-1.63,2.0
1790743234.048298,-0.14,-1.63,1.99
1790743234.084637,-0.14,-1.63,2.0
1790743234.150225,-0.13,-1.63,2.0
1790743234.184646,-0.12,-1.63,2.0
1790743234.251811,-0.13,-1.63,2.0
1790743234.303275,-0.15,-1.63,2.0
1790743234.3713028,-0.14,-1.63,2.01
1790743234.414187,-0.13,-1.63,2.01
1790743234.469184,-0.13,-1.63,2.01
1790743234.512594,-0.12,-1.63,2.01
1790743234.5739021,-0.12,-1.63,2.02
1790743234.6323671,-0.12,-1.63,2.02
1790743234.674965,-0.12,-1.63,2.02
1790743234.7354271,-0.11,-1.63,2.03
1790743234.775597,-0.11,-1.63,2.03
1790743234.833684,-0.11,-1.64,2.03
1790743234.89028,-0.1,-1.64,2.03
1790743234.934556,-0.1,-1.64,2.03
1790743234.998971,-0.1,-1.64,2.03
1790743235.04944,-0.1,-1.64,2.04
1790743235.092872,-0.1,-1.64,2.04
1790743235.1523452,-0.1,-1.64,2.03
1790743235.203846,-0.1,-1.64,2.03
1790743235.273497,-0.1,-1.64,2.03
1790743235.3102772,-0.1,-1.64,2.03
1790743235.373368,-0.1,-1.64,2.03
1790743235.41246,-0.1,-1.64,2.03
1790743235.470592,-0.1,-1.64,2.03
1790743235.5323038,-0.1,-1.64,2.03
1790743235.575864,-0.1,-1.64,2.03
1790743235.6358452,-0.1,-1.64,2.03
1790743235.685058,-0.1,-1.64,2.03
1790743235.753103,-0.08,-1.64,2.03
1790743235.7902641,-0.19,-1.63,2.03
1790743235.852288,-0.27,-1.6,2.0
1790743235.896307,-0.28,-1.62,1.98
1790743235.952996,-0.22,-1.61,2.03
1790743235.9910028,-0.34,-1.58,1.96
1790743236.0540748,-0.33,-1.63,2.02
1790743236.108025,-0.42,-1.62,2.04
1790743236.1687942,-0.4,-1.63,2.0
1790743236.204493,-0.44,-1.62,2.01
1790743236.270453,-0.42,-1.63,2.02
1790743236.330643,-0.37,-1.63,2.01
1790743236.3650858,-0.37,-1.63,2.0
1790743236.430104,-0.37,-1.62,2.0
1790743236.469544,-0.33,-1.63,2.0
1790743236.533708,2.44,-1.69,1.95
1790743236.593462,5.43,-1.78,1.92
1790743236.6323369,7.99,-1.88,1.83
1790743236.6942139,11.04,-2.0,1.74
1790743236.7486231,14.17,-2.08,1.75
1790743236.7900548,17.53,-2.24,1.58
1790743236.8499079,20.6,-2.36,1.49
1790743236.894719,24.04,-2.48,1.33
1790743236.948595,27.28,-2.58,1.25
1790743236.99726,30.72,-2.67,1.07
1790743237.0521238,37.54,-2.87,0.75
1790743237.1099598,41.0,-2.93,0.57
1790743237.15098,44.45,-2.99,0.44
1790743237.21026,47.95,-3.05,0.27
1790743237.269521,51.24,-3.05,0.19
1790743237.307312,54.85,-3.11,-0.07
1790743237.3922062,58.27,-3.14,-0.23
1790743237.433983,61.75,-3.14,-0.41
1790743237.49481,65.25,-3.16,-0.56
1790743237.533259,68.78,-3.13,-0.74
1790743237.595119,72.22,-3.1,-0.88
1790743237.649882,75.79,-3.08,-1.07
1790743237.69353,79.2,-3.02,-1.14
1790743237.74925,82.75,-2.95,-1.29
1790743237.8099132,86.19,-2.92,-1.44
1790743237.8483799,91.93,-2.78,-1.72
1790743237.9131992,94.34,-2.75,-1.81
1790743237.967703,94.98,-2.72,-1.86
1790743238.010987,95.57,-2.69,-1.87
1790743238.073508,96.05,-2.66,-1.89
1790743238.112951,96.45,-2.64,-1.91
1790743238.163991,95.45,-2.67,-1.86
1790743238.2294421,93.79,-2.73,-1.85
1790743238.266965,92.17,-2.75,-1.78
1790743238.326994,90.67,-2.78,-1.69
1790743238.373915,89.74,-2.79,-1.63
1790743238.426506,89.22,-2.81,-1.6
1790743238.49348,89.11,-2.81,-1.6
1790743238.5290189,89.0,-2.81,-1.6
1790743238.5956008,88.94,-2.81,-1.6
1790743238.6501381,88.88,-2.81,-1.59
1790743238.697296,88.88,-2.81,-1.59
1790743238.748797,88.87,-2.81,-1.59
1790743238.795878,88.87,-2.81,-1.59
1790743238.8501189,88.88,-2.81,-1.59
1790743238.9098399,88.9,-2.82,-1.59
1790743238.96853,89.03,-2.81,-1.6
1790743239.0109272,89.17,-2.81,-1.61
1790743239.0682151,89.26,-2.81,-1.62
1790743239.129942,89.35,-2.81,-1.62
1790743239.1721668,89.34,-2.81,-1.62
1790743239.229837,89.34,-2.81,-1.62
1790743239.2902899,89.36,-2.8,-1.62
1790743239.3294458,89.36,-2.8,-1.62
1790743239.381889,89.33,-2.82,-1.63
1790743239.449704,89.36,-2.81,-1.62
1790743239.484766,89.36,-2.82,-1.62
1790743239.549789,89.34,-2.81,-1.63
1790743239.612103,89.35,-2.8,-1.62
1790743239.673065,89.34,-2.8,-1.62
1790743239.709923,89.31,-2.81,-1.62
1790743239.771569,89.34,-2.8,-1.62
1790743239.810364,89.33,-2.8,-1.62
1790743239.870198,89.33,-2.8,-1.62
1790743239.9279401,89.32,-2.8,-1.62
1790743239.9744158,89.32,-2.8,-1.62
1790743240.0300531,89.29,-2.8,-1.62
1790743240.0689,89.31,-2.8,-1.62
1790743240.128721,89.33,-2.79,-1.62
1790743240.189836,89.29,-2.8,-1.62
1790743240.227406,89.29,-2.79,-1.62
1790743240.282149,89.29,-2.79,-1.62
1790743240.329582,89.29,-2.79,-1.62
1790743240.3821719,89.29,-2.79,-1.62
1790743240.433495,89.27,-2.79,-1.62
1790743240.481907,89.28,-2.79,-1.62
1790743240.5312262,89.28,-2.79,-1.61
1790743240.584645,89.31,-2.78,-1.62
1790743240.6490188,89.29,-2.79,-1.61
1790743240.692075,89.27,-2.79,-1.61
1790743240.7518542,89.27,-2.79,-1.61
1790743240.8101928,89.26,-2.79,-1.61
1790743240.843661,89.26,-2.78,-1.62
1790743240.913426,89.27,-2.78,-1.62
1790743240.945974,89.26,-2.78,-1.61
1790743241.0106099,89.23,-2.78,-1.61
1790743241.0745869,89.25,-2.78,-1.61
1790743241.109041,89.26,-2.78,-1.61
1790743241.170588,89.26,-2.78,-1.61
1790743241.210175,89.25,-2.78,-1.61
1790743241.270834,89.24,-2.78,-1.61
1790743241.329721,89.23,-2.78,-1.61
1790743241.371238,89.23,-2.78,-1.61
1790743241.430966,89.22,-2.78,-1.61
1790743241.469147,89.24,-2.76,-1.61
1790743241.5300548,89.37,-2.71,-1.63
1790743241.572286,89.57,-2.71,-1.6
1790743241.6329489,89.57,-2.69,-1.61
1790743241.672132,89.53,-2.73,-1.59
1790743241.730009,89.59,-2.76,-1.61
1790743241.791051,89.69,-2.81,-1.61
1790743241.8386571,89.69,-2.81,-1.65
1790743241.890493,89.77,-2.81,-1.66
1790743241.949152,89.76,-2.81,-1.69
1790743241.989172,89.77,-2.81,-1.65
1790743242.042351,89.76,-2.77,-1.63
1790743242.09008,89.85,-2.79,-1.63
1790743242.142272,89.88,-2.78,-1.62
1790743242.2083251,89.92,-2.84,-1.63
1790743242.2536309,89.95,-2.86,-1.67
1790743242.304651,89.95,-2.86,-1.71
1790743242.371284,89.95,-2.86,-1.63
1790743242.40958,89.96,-2.82,-1.67
1790743242.4713988,89.87,-2.81,-1.62
1790743242.5299468,89.91,-2.76,-1.59
1790743242.5704472,89.96,-2.81,-1.57
1790743242.628587,89.94,-2.78,-1.55
1790743242.689866,89.91,-2.81,-1.54
1790743242.730174,89.89,-2.84,-1.58
1790743242.789854,89.88,-2.78,-1.68
1790743242.845672,89.93,-2.77,-1.63
1790743242.910041,89.9,-2.75,-1.68
1790743242.9444559,89.83,-2.77,-1.67
1790743243.0096052,89.88,-2.75,-1.67
1790743243.0456,89.91,-2.74,-1.64
1790743243.109623,89.91,-2.74,-1.64
1790743243.144843,89.87,-2.74,-1.65
1790743243.208985,89.88,-2.77,-1.66
1790743243.271629,89.9,-2.8,-1.69
1790743243.329924,89.87,-2.8,-1.68
1790743243.373193,89.86,-2.82,-1.65
1790743243.428601,89.77,-2.82,-1.61
1790743243.470481,89.87,-2.81,-1.63
1790743243.530497,90.05,-2.8,-1.67
1790743243.571777,90.04,-2.77,-1.67
1790743243.631487,90.02,-2.75,-1.64
1790743243.689695,90.02,-2.75,-1.62
1790743243.730805,90.01,-2.74,-1.62
1790743243.788094,89.96,-2.78,-1.62
1790743243.832395,89.8,-2.82,-1.65
1790743243.88865,89.73,-2.81,-1.69
1790743243.9339,89.75,-2.81,-1.64
1790743243.989857,89.72,-2.74,-1.62
1790743244.031897,89.73,-2.72,-1.63
1790743244.119036,89.69,-2.71,-1.65
1790743244.171615,89.69,-2.71,-1.66
1790743244.206843,89.65,-2.73,-1.62
1790743244.2640908,89.63,-2.74,-1.57
1790743244.329365,89.65,-2.75,-1.59
1790743244.388693,89.63,-2.75,-1.61
1790743244.4310348,89.62,-2.72,-1.58
1790743244.488396,89.59,-2.72,-1.62
1790743244.53002,89.59,-2.72,-1.64
1790743244.5901492,89.6,-2.74,-1.66
1790743244.650611,89.58,-2.75,-1.59
1790743244.707757,89.56,-2.76,-1.62
1790743244.7552419,89.55,-2.8,-1.6
1790743244.806787,89.53,-2.82,-1.66
1790743244.849251,89.52,-2.82,-1.69
1790743244.906555,89.51,-2.8,-1.64
1790743244.9693289,89.54,-2.79,-1.67
1790743245.008379,89.5,-2.75,-1.66
1790743245.069441,89.55,-2.77,-1.68
1790743245.113846,89.49,-2.76,-1.64
1790743245.162605,89.49,-2.75,-1.6
1790743245.232448,89.52,-2.78,-1.64
1790743245.288214,89.48,-2.78,-1.63
1790743245.326987,89.45,-2.77,-1.6
1790743245.392191,89.5,-2.82,-1.65
1790743245.4309351,89.45,-2.81,-1.64
1790743245.494124,89.47,-2.83,-1.67
1790743245.551491,89.35,-2.8,-1.64
1790743245.592823,89.36,-2.78,-1.63
1790743245.650024,89.39,-2.76,-1.66
1790743245.69414,89.31,-2.78,-1.64
1790743245.752048,89.31,-2.78,-1.68
1790743245.813693,89.27,-2.77,-1.59
1790743245.849059,89.3,-2.76,-1.63
1790743245.9096289,89.3,-2.74,-1.62
1790743245.95,89.29,-2.75,-1.59
1790743246.015604,89.28,-2.76,-1.63
1790743246.070167,89.29,-2.75,-1.56
1790743246.115413,89.32,-2.74,-1.61
1790743246.169157,89.28,-2.75,-1.65
1790743246.2306051,89.25,-2.74,-1.6
1790743246.289695,89.27,-2.77,-1.6
1790743246.326878,89.24,-2.77,-1.59
1790743246.411148,89.23,-2.77,-1.63
1790743246.4500859,89.21,-2.75,-1.61
1790743246.51423,89.22,-2.75,-1.64
1790743246.5505102,89.22,-2.74,-1.63
1790743246.615166,89.2,-2.72,-1.65
1790743246.667815,89.21,-2.74,-1.66
1790743246.713022,89.18,-2.71,-1.6
1790743246.773034,89.18,-2.7,-1.65
1790743246.8301408,89.22,-2.58,-1.65
1790743246.86984,89.21,-2.58,-1.65
1790743246.929712,89.17,-2.6,-1.64
1790743246.971078,89.17,-2.6,-1.63
1790743247.0305128,89.16,-2.6,-1.63
1790743247.069768,89.16,-2.6,-1.62
1790743247.129799,89.15,-2.6,-1.62
1790743247.188073,89.15,-2.6,-1.62
1790743247.229564,89.15,-2.6,-1.61
1790743247.291043,89.14,-2.6,-1.62
1790743247.329773,89.14,-2.6,-1.62
1790743247.392413,89.13,-2.6,-1.61
1790743247.4489112,88.53,-2.63,-1.61
1790743247.484432,84.95,-2.71,-1.47
1790743247.548556,82.24,-2.78,-1.3
1790743247.591703,79.39,-2.85,-1.16
1790743247.650895,76.2,-2.84,-1.01
1790743247.691547,72.95,-2.91,-0.81
1790743247.769708,66.45,-2.96,-0.6
1790743247.8157618,63.03,-2.95,-0.46
1790743247.870328,59.54,-2.96,-0.3
1790743247.914211,56.31,-2.99,-0.15
1790743247.9698079,52.7,-2.93,-0.03
1790743248.016522,49.35,-2.96,0.13
1790743248.06986,45.76,-2.86,0.25
1790743248.129119,42.36,-2.88,0.4
1790743248.17348,38.87,-2.78,0.53
1790743248.229558,35.33,-2.74,0.67
1790743248.271004,31.94,-2.65,0.83
1790743248.330349,28.38,-2.6,0.92
1790743248.369707,24.99,-2.52,1.01
1790743248.429929,21.33,-2.43,1.14
1790743248.469682,18.05,-2.33,1.25
1790743248.53037,14.44,-2.22,1.39
1790743248.570082,10.89,-2.1,1.51
1790743248.644842,3.94,-1.83,1.67
1790743248.712449,0.65,-1.68,1.78
1790743248.7468429,0.65,-1.68,1.78
1790743248.813639,-3.63,-1.55,1.82
1790743248.868295,-4.15,-1.52,1.83
1790743248.9144251,-4.76,-1.48,1.84
1790743248.976161,-5.23,-1.45,1.85
1790743249.014421,-5.63,-1.44,1.86
1790743249.070057,-4.29,-1.5,1.85
1790743249.128217,-2.8,-1.57,1.83
1790743249.1774652,-1.49,-1.59,1.83
1790743249.2290208,-0.07,-1.62,1.78
1790743249.2882051,0.74,-1.65,1.74
1790743249.351291,0.7,-1.66,1.74
1790743249.38932,0.74,-1.66,1.74
1790743249.449902,0.77,-1.66,1.74
1790743249.492526,0.95,-1.66,1.74
1790743249.546083,1.03,-1.67,1.73
1790743249.612022,1.03,-1.67,1.73
1790743249.651305,1.02,-1.66,1.74
1790743249.7131178,1.02,-1.67,1.74
1790743249.754257,1.02,-1.67,1.74
1790743249.809514,1.01,-1.66,1.74
1790743249.869846,1.01,-1.66,1.74
1790743249.906749,0.97,-1.66,1.75
1790743249.969742,1.02,-1.65,1.75
1790743250.011371,1.01,-1.66,1.75
1790743250.069669,1.0,-1.65,1.75
1790743250.129933,0.97,-1.66,1.75
1790743250.169685,0.99,-1.65,1.75
1790743250.229511,1.0,-1.65,1.75
1790743250.2685041,1.04,-1.65,1.75
1790743250.3305569,1.01,-1.65,1.75
1790743250.39049,1.0,-1.65,1.76
1790743250.431998,1.0,-1.65,1.75
1790743250.494328,0.99,-1.65,1.76
1790743250.54951,1.02,-1.65,1.76
1790743250.589303,1.03,-1.64,1.76
1790743250.64655,1.01,-1.64,1.76
1790743250.691175,1.01,-1.65,1.76
1790743250.7482822,1.0,-1.64,1.76
1790743250.809728,1.0,-1.64,1.76
1790743250.8756459,0.95,-1.64,1.76
1790743250.9319522,0.97,-1.64,1.77
1790743250.975554,0.99,-1.62,1.76
1790743251.029662,1.03,-1.62,1.76
1790743251.07351,1.03,-1.63,1.77
1790743251.129825,0.98,-1.64,1.77
1790743251.164125,0.98,-1.63,1.77
1790743251.229016,0.98,-1.63,1.77
1790743251.2897038,0.98,-1.63,1.77
1790743251.330113,0.97,-1.63,1.77
1790743251.384497,0.96,-1.63,1.77
1790743251.452655,0.96,-1.63,1.77
1790743251.490179,0.96,-1.62,1.77
1790743251.5494661,0.98,-1.62,1.77
1790743251.609287,0.99,-1.62,1.76
1790743251.652767,0.97,-1.62,1.77
1790743251.709996,0.93,-1.62,1.77
1790743251.767333,0.95,-1.62,1.77
1790743251.829848,0.91,-1.61,1.77
1790743251.889281,0.91,-1.62,1.78
1790743251.930938,0.9,-1.61,1.78
1790743251.9893498,0.9,-1.61,1.78
1790743252.028586,0.91,-1.61,1.78
1790743252.0903308,0.91,-1.61,1.78
1790743252.151556,0.89,-1.61,1.78
1790743252.192204,0.86,-1.62,1.78
1790743252.251384,0.91,-1.61,1.78
1790743252.310533,0.89,-1.61,1.78
1790743252.352934,0.88,-1.61,1.79
1790743252.4131079,0.87,-1.61,1.79
1790743252.450558,0.87,-1.61,1.79
1790743252.512008,0.86,-1.6,1.78
1790743252.5745778,0.78,-1.56,1.78
1790743252.6102972,0.6,-1.54,1.8
1790743252.660861,0.46,-1.57,1.76
1790743252.7299168,0.61,-1.57,1.73
1790743252.7712169,0.87,-1.59,1.71
1790743252.821837,0.92,-1.62,1.68
1790743252.891466,0.86,-1.63,1.7
1790743252.951676,0.75,-1.63,1.7
1790743252.991898,0.63,-1.65,1.68
1790743253.0518231,0.57,-1.62,1.73
1790743253.126567,0.41,-1.65,1.87
1790743253.164448,0.26,-1.67,1.87
1790743253.216522,0.32,-1.72,1.83
1790743253.264805,0.29,-1.71,1.79
1790743253.331163,0.29,-1.71,1.78
1790743253.3722801,0.17,-1.77,1.75
1790743253.43065,0.18,-1.79,1.73
1790743253.473102,0.17,-1.84,1.72
1790743253.529482,0.09,-1.85,1.71
1790743253.5732439,0.05,-1.93,1.73
1790743253.619353,-0.02,-1.94,1.78
1790743253.669734,0.09,-1.95,1.75
1790743253.7213829,0.12,-2.0,1.76
1790743253.791001,0.13,-1.98,1.76
1790743253.851488,0.18,-2.04,1.74
1790743253.891735,0.12,-2.02,1.77
1790743253.949367,0.1,-2.05,1.77
1790743253.991657,0.07,-2.06,1.76
1790743254.04991,-0.01,-2.02,1.8
1790743254.114678,-0.02,-2.04,1.76
1790743254.150924,0.01,-2.05,1.8
1790743254.213469,-0.01,-2.05,1.8
1790743254.26946,-0.02,-2.04,1.83
1790743254.312719,-0.01,-2.0,1.8
1790743254.3725288,-0.05,-2.04,1.82
1790743254.414411,-0.03,-2.01,1.79
1790743254.470436,-0.02,-2.06,1.78
1790743254.514574,-0.05,-2.06,1.77
1790743254.5716522,-0.03,-2.09,1.8
1790743254.627758,-0.04,-2.09,1.77
1790743254.671412,0.08,-2.1,1.75
1790743254.732049,0.15,-2.1,1.75
1790743254.7915,0.11,-2.07,1.76
1790743254.828425,0.09,-2.07,1.77
1790743254.8907819,0.09,-2.06,1.78
1790743254.93358,0.08,-2.06,1.78
1790743254.984805,0.08,-2.06,1.79
1790743255.052898,0.07,-2.05,1.8
1790743255.086743,0.07,-2.05,1.8
1790743255.1517272,0.07,-2.05,1.81
1790743255.186789,0.06,-2.05,1.81
1790743255.252664,0.05,-2.04,1.81
1790743255.2874382,0.66,-2.05,1.77
1790743255.352334,6.77,-2.27,1.65
1790743255.405411,9.6,-2.36,1.57
1790743255.4509282,12.6,-2.45,1.45
1790743255.514231,15.85,-2.56,1.3
1790743255.571393,18.96,-2.64,1.23
1790743255.61267,22.35,-2.74,0.98
1790743255.67058,25.69,-2.84,0.84
1790743255.710835,28.97,-2.93,0.68
1790743255.769883,32.41,-2.99,0.56
1790743255.8321018,35.8,-3.06,0.41
1790743255.869459,39.31,-3.12,0.22
1790743255.932117,42.63,-3.16,0.06
1790743255.9700139,46.22,-3.2,-0.1
1790743256.035588,49.62,-3.21,-0.23
1790743256.089222,53.07,-3.22,-0.43
1790743256.132907,56.56,-3.22,-0.53
1790743256.1941051,60.02,-3.2,-0.74
1790743256.232386,63.54,-3.14,-0.88
1790743256.2917771,66.96,-3.13,-1.11
1790743256.348097,70.48,-3.12,-1.21
1790743256.393825,73.98,-3.03,-1.39
1790743256.450717,77.47,-2.96,-1.55
1790743256.491105,80.9,-2.88,-1.73
1790743256.550467,84.39,-2.83,-1.9
1790743256.610712,90.51,-2.66,-2.17
1790743256.6489012,90.51,-2.66,-2.17
1790743256.7106218,94.7,-2.53,-2.3
1790743256.7706869,95.23,-2.5,-2.32
1790743256.8109398,95.72,-2.47,-2.31
1790743256.870014,96.18,-2.46,-2.31
1790743256.9097338,96.3,-2.44,-2.29
1790743256.9713762,94.67,-2.49,-2.24
1790743257.0330932,93.04,-2.53,-2.15
1790743257.071746,91.52,-2.59,-2.13
1790743257.134421,89.98,-2.63,-2.08
1790743257.1906402,89.26,-2.65,-2.03
1790743257.2343621,89.13,-2.65,-2.02
1790743257.289292,89.07,-2.65,-2.01
1790743257.335626,89.03,-2.65,-2.01
1790743257.3920279,88.95,-2.65,-2.0
1790743257.451314,88.91,-2.65,-2.0
1790743257.491662,88.88,-2.65,-1.99
1790743257.543645,88.84,-2.66,-1.99
1790743257.6350029,88.79,-2.65,-1.99
1790743257.670986,88.77,-2.65,-1.98
1790743257.734387,88.75,-2.65,-1.98
1790743257.78932,88.74,-2.64,-1.98
1790743257.85038,88.74,-2.64,-1.98
1790743257.8943849,88.67,-2.65,-1.98
1790743257.949363,88.62,-2.65,-1.97
1790743257.9953291,88.62,-2.64,-1.97
1790743258.05075,88.61,-2.64,-1.97
1790743258.110156,88.63,-2.64,-1.97
1790743258.1524742,88.61,-2.64,-1.97
1790743258.20365,88.6,-2.64,-1.97
1790743258.269398,88.57,-2.64,-1.97
1790743258.3334699,88.58,-2.63,-1.97
1790743258.37107,88.51,-2.64,-1.97
1790743258.4330912,88.49,-2.63,-1.96
1790743258.490648,88.48,-2.63,-1.96
1790743258.550734,88.44,-2.64,-1.96
1790743258.598381,88.43,-2.63,-1.95
1790743258.649334,88.44,-2.63,-1.96
1790743258.6973288,88.46,-2.63,-1.96
1790743258.7493382,88.42,-2.62,-1.96
1790743258.809689,88.4,-2.62,-1.96
1790743258.8497112,88.39,-2.62,-1.96
1790743258.904362,88.38,-2.62,-1.96
1790743258.97101,88.31,-2.63,-1.96
1790743259.006131,88.3,-2.63,-1.96
1790743259.075583,88.33,-2.62,-1.96
1790743259.110045,88.3,-2.62,-1.96
1790743259.16078,88.3,-2.62,-1.96
1790743259.228961,88.29,-2.62,-1.96
1790743259.292602,88.28,-2.62,-1.96
1790743259.329935,88.28,-2.62,-1.96
1790743259.394838,88.27,-2.62,-1.96
1790743259.432819,88.27,-2.62,-1.95
1790743259.493643,88.25,-2.62,-1.95
1790743259.54913,88.19,-2.62,-1.95
1790743259.59465,88.23,-2.62,-1.95
1790743259.65153,88.2,-2.62,-1.95
1790743259.711228,88.19,-2.62,-1.95
1790743259.750737,88.18,-2.61,-1.95
1790743259.816917,88.17,-2.61,-1.95
1790743259.871711,88.18,-2.61,-1.95
1790743259.927243,88.2,-2.56,-1.96
1790743259.9911811,88.12,-2.51,-1.94
1790743260.0268219,88.09,-2.53,-1.95
1790743260.092745,88.25,-2.55,-1.93
1790743260.149251,88.35,-2.63,-1.92
1790743260.195831,88.51,-2.74,-1.95
1790743260.248977,88.68,-2.77,-1.95
1790743260.30934,88.84,-2.79,-2.01
1790743260.350465,89.03,-2.82,-2.02
1790743260.4111,89.13,-2.82,-2.03
1790743260.4714491,89.22,-2.8,-2.03
1790743260.510741,89.29,-2.78,-2.06
1790743260.571161,89.3,-2.81,-2.02
1790743260.611685,89.38,-2.79,-2.02
1790743260.675332,89.43,-2.8,-2.02
1790743260.713263,89.51,-2.8,-2.04
1790743260.775367,89.49,-2.74,-2.07
1790743260.828879,89.61,-2.67,-2.06
1790743260.866046,89.58,-2.64,-2.01
1790743260.929388,89.67,-2.65,-2.02
1790743260.9663858,89.74,-2.63,-1.98
1790743261.029471,89.86,-2.59,-2.0
1790743261.0944068,89.84,-2.59,-2.0
1790743261.1236072,89.75,-2.57,-2.0
1790743261.195872,89.78,-2.6,-1.99
1790743261.250558,89.97,-2.58,-2.02
1790743261.294202,90.06,-2.55,-2.03
1790743261.3515131,90.06,-2.55,-2.03
1790743261.410458,90.06,-2.55,-2.02
1790743261.451402,89.84,-2.54,-2.0
1790743261.5104299,89.62,-2.51,-1.96
1790743261.553316,89.61,-2.52,-1.89
1790743261.612732,89.7,-2.52,-1.93
1790743261.672661,89.57,-2.47,-1.89
1790743261.712437,89.63,-2.46,-1.96
1790743261.772183,89.64,-2.46,-2.0
1790743261.8095381,89.83,-2.47,-2.03
1790743261.872852,89.8,-2.47,-2.01
1790743261.9305012,89.75,-2.46,-2.01
1790743261.974166,89.6,-2.42,-1.99
1790743262.0304809,89.52,-2.44,-1.98
1790743262.092694,89.44,-2.48,-1.96
1790743262.149374,89.33,-2.47,-1.95
1790743262.1858292,89.29,-2.45,-1.95
1790743262.251217,89.26,-2.46,-1.94
1790743262.309324,89.22,-2.44,-1.97
1790743262.3514209,89.29,-2.42,-1.98
1790743262.410832,89.35,-2.44,-2.0
1790743262.470612,89.39,-2.45,-2.0
1790743262.5111868,89.26,-2.46,-2.03
1790743262.570208,89.34,-2.46,-1.98
1790743262.631032,89.3,-2.44,-2.0
1790743262.671426,89.25,-2.42,-1.97
1790743262.729631,89.27,-2.42,-1.98
1790743262.789435,89.23,-2.42,-1.99
1790743262.832646,89.3,-2.4,-1.99
1790743262.88178,89.44,-2.41,-2.0
1790743262.9517388,89.63,-2.4,-1.98
1790743262.995344,89.77,-2.41,-1.92
1790743263.058599,89.81,-2.43,-1.93
1790743263.109792,89.74,-2.47,-1.95
1790743263.153518,89.48,-2.43,-1.97
1790743263.210849,89.43,-2.43,-1.96
1790743263.269096,89.45,-2.43,-1.96
1790743263.310238,89.52,-2.43,-1.96
1790743263.371317,89.68,-2.43,-1.94
1790743263.428643,89.76,-2.41,-1.93
1790743263.470932,89.64,-2.4,-1.81
1790743263.528822,89.69,-2.4,-1.83
1790743263.588792,89.66,-2.37,-1.85
1790743263.631148,89.53,-2.39,-1.91
1790743263.689481,89.51,-2.39,-1.91
1790743263.733815,89.57,-2.39,-1.91
1790743263.7917151,89.53,-2.37,-1.91
1790743263.831678,89.37,-2.36,-1.89
1790743263.888452,89.26,-2.34,-1.86
1790743263.951954,89.24,-2.37,-1.88
1790743263.9917052,89.34,-2.4,-1.92
1790743264.0519118,89.4,-2.39,-1.91
1790743264.0908108,89.44,-2.36,-1.92
1790743264.151247,89.44,-2.36,-1.91
1790743264.21055,89.53,-2.36,-1.92
1790743264.252727,89.56,-2.38,-1.93
1790743264.320307,89.5,-2.4,-2.0
1790743264.370482,89.41,-2.36,-2.0
1790743264.431784,89.47,-2.36,-2.0
1790743264.4716659,89.55,-2.39,-2.1
1790743264.532126,89.39,-2.39,-2.02
1790743264.5695791,89.36,-2.38,-1.98
1790743264.631156,89.36,-2.38,-1.97
1790743264.68869,89.36,-2.39,-1.98
1790743264.733189,89.39,-2.38,-1.99
1790743264.790259,89.52,-2.33,-2.0
1790743264.85152,89.63,-2.35,-1.99
1790743264.890506,89.77,-2.35,-1.99
1790743264.951637,89.85,-2.4,-1.98
1790743264.99136,89.91,-2.39,-1.95
1790743265.052165,89.79,-2.44,-1.93
1790743265.108918,89.83,-2.44,-1.91
1790743265.170454,89.83,-2.46,-1.92
1790743265.202715,89.83,-2.46,-1.98
1790743265.270804,89.87,-2.51,-1.97
1790743265.329192,89.83,-2.52,-1.99
1790743265.370962,89.77,-2.53,-2.0
1790743265.4307892,89.72,-2.52,-1.99
1790743265.4910321,89.71,-2.52,-1.99
1790743265.531453,89.7,-2.51,-1.99
1790743265.5910249,89.72,-2.48,-1.96
1790743265.631623,89.8,-2.45,-1.91
1790743265.691593,89.92,-2.41,-1.9
1790743265.7524219,89.78,-2.43,-1.86
1790743265.811012,89.78,-2.37,-1.89
1790743265.868876,89.54,-2.38,-1.89
1790743265.90298,89.5,-2.39,-1.9
1790743265.9721081,89.57,-2.39,-1.9
1790743266.0109491,89.6,-2.39,-1.89
1790743266.0627542,89.67,-2.36,-1.89
1790743266.1285288,89.66,-2.35,-1.87
1790743266.171502,89.69,-2.36,-1.93
1790743266.232023,89.68,-2.37,-1.94
1790743266.289012,89.71,-2.38,-1.97
1790743266.330587,89.64,-2.44,-1.97
1790743266.3896372,89.76,-2.45,-2.0
1790743266.449274,89.64,-2.45,-1.99
1790743266.4895208,89.54,-2.46,-2.0
1790743266.5523572,89.55,-2.46,-1.99
1790743266.6113112,89.74,-2.44,-2.03
1790743266.6588259,89.71,-2.47,-2.05
1790743266.731124,89.64,-2.47,-2.05
1790743266.7690592,89.65,-2.45,-2.05
1790743266.833268,89.7,-2.45,-2.05
1790743266.889131,89.72,-2.43,-2.03
1790743266.931633,89.72,-2.41,-1.96
1790743266.991041,89.77,-2.41,-1.95
1790743267.034352,89.76,-2.41,-1.94
1790743267.0932522,89.78,-2.4,-1.94
1790743267.129615,89.77,-2.4,-1.94
1790743267.190145,89.77,-2.4,-1.95
1790743267.2526479,89.76,-2.4,-1.95
1790743267.292352,89.76,-2.4,-1.95
1790743267.350543,89.76,-2.4,-1.95
1790743267.391587,89.75,-2.4,-1.95
1790743267.450188,89.78,-2.4,-1.95
1790743267.5094311,89.93,-2.39,-1.94
1790743267.568686,89.81,-2.4,-1.94
1790743267.629608,89.76,-2.39,-1.92
1790743267.666558,89.85,-2.38,-1.96
1790743267.730434,89.81,-2.38,-1.96
1790743267.790206,89.86,-2.38,-1.95
1790743267.8508701,89.87,-2.38,-1.95
1790743267.912766,89.89,-2.37,-1.95
1790743267.952481,89.87,-2.38,-1.95
1790743268.012903,89.87,-2.38,-1.95
1790743268.0691562,89.86,-2.38,-1.95
1790743268.112573,89.86,-2.37,-1.95
1790743268.1654022,89.86,-2.37,-1.96
1790743268.2302668,89.86,-2.38,-1.96
1790743268.294711,89.85,-2.37,-1.96
1790743268.351542,89.85,-2.37,-1.96
1790743268.3915641,89.84,-2.37,-1.96
1790743268.453225,89.81,-2.37,-1.96
1790743268.5130482,89.8,-2.37,-1.96
1790743268.5701308,89.82,-2.37,-1.95
1790743268.6131158,89.81,-2.37,-1.95
1790743268.668437,89.8,-2.37,-1.95
1790743268.730134,89.8,-2.37,-1.95
1790743268.787524,89.79,-2.37,-1.95
1790743268.850652,89.79,-2.37,-1.96
1790743268.911659,89.79,-2.37,-1.96
1790743268.952775,89.78,-2.36,-1.96
1790743269.010684,89.78,-2.36,-1.96
1790743269.051035,89.77,-2.37,-1.96
1790743269.111627,89.77,-2.36,-1.95
1790743269.1696599,89.77,-2.36,-1.95
1790743269.2119,89.77,-2.36,-1.95
1790743269.2692978,89.76,-2.36,-1.95
1790743269.3248909,89.76,-2.36,-1.95
1790743269.388612,89.76,-2.36,-1.95
1790743269.428189,89.75,-2.36,-1.95
1790743269.4829519,89.75,-2.36,-1.95
1790743269.551519,89.74,-2.36,-1.95
1790743269.587902,89.74,-2.36,-1.95
1790743269.653111,89.74,-2.36,-1.95
1790743269.7114189,89.73,-2.36,-1.94
1790743269.77102,89.73,-2.36,-1.94
1790743269.829599,89.72,-2.36,-1.94
1790743269.870583,89.73,-2.35,-1.95
1790743269.927358,89.7,-2.35,-1.95
1790743269.9909692,89.66,-2.33,-1.94
1790743270.031235,89.62,-2.31,-1.96
1790743270.089642,89.5,-2.33,-1.95
1790743270.1308649,89.47,-2.33,-1.95
1790743270.1854458,89.42,-2.36,-1.94
1790743270.250398,89.41,-2.41,-1.94
1790743270.2912781,89.32,-2.4,-1.93
1790743270.338722,89.31,-2.43,-1.9
1790743270.412641,89.31,-2.42,-1.91
1790743270.438711,89.31,-2.42,-1.95
1790743270.512405,89.26,-2.39,-1.97
1790743270.568595,89.21,-2.44,-1.94
1790743270.611964,89.23,-2.46,-2.01
1790743270.67068,89.25,-2.49,-2.01
1790743270.728787,89.21,-2.53,-2.01
1790743270.7700841,89.25,-2.56,-2.04
1790743270.830455,89.37,-2.54,-2.04
1790743270.8896909,89.33,-2.52,-2.03
1790743270.930492,89.31,-2.51,-2.02
1790743270.9852512,89.31,-2.5,-2.02
1790743271.02798,89.26,-2.49,-2.02
1790743271.111956,85.63,-2.55,-1.9
1790743271.1711261,84.09,-2.57,-1.87
1790743271.229502,82.46,-2.64,-1.82
1790743271.28662,80.53,-2.66,-1.74
1790743271.3498082,78.55,-2.7,-1.65
1790743271.388035,76.73,-2.73,-1.59
1790743271.440823,74.97,-2.77,-1.54
1790743271.508908,72.79,-2.8,-1.43
1790743271.573216,69.03,-2.83,-1.27
1790743271.612553,67.1,-2.89,-1.23
1790743271.66976,64.92,-2.9,-1.09
1790743271.7106009,62.96,-2.92,-0.99
1790743271.773791,61.06,-2.92,-0.92
1790743271.829036,59.28,-2.95,-0.83
1790743271.86925,59.21,-2.92,-0.78
1790743271.930342,59.07,-2.92,-0.77
1790743271.9886668,58.81,-2.92,-0.75
1790743272.048955,58.59,-2.93,-0.74
1790743272.090672,58.33,-2.97,-0.72
1790743272.1492622,58.06,-3.0,-0.69
1790743272.211561,57.77,-2.95,-0.6
1790743272.2729611,57.72,-2.88,-0.59
1790743272.314142,57.63,-2.86,-0.61
1790743272.369198,57.6,-2.86,-0.59
1790743272.429024,57.63,-2.86,-0.62
1790743272.473176,57.55,-2.85,-0.63
1790743272.5292091,57.56,-2.85,-0.64
1790743272.588763,57.55,-2.85,-0.64
1790743272.6474519,57.54,-2.84,-0.64
1790743272.691095,56.5,-2.86,-0.62
1790743272.7521439,54.65,-2.88,-0.51
1790743272.813963,51.25,-2.87,-0.29
1790743272.8721359,49.58,-2.86,-0.21
1790743272.930608,47.89,-2.87,-0.14
1790743272.972831,45.92,-2.87,-0.08
1790743273.0306602,43.84,-2.86,0.02
1790743273.091299,42.05,-2.84,0.09
1790743273.149033,41.15,-2.84,0.14
1790743273.1891232,41.09,-2.83,0.13
1790743273.250637,40.83,-2.82,0.14
1790743273.300637,40.6,-2.84,0.15
1790743273.371476,40.34,-2.86,0.18
1790743273.429697,40.1,-2.86,0.19
1790743273.4708538,39.91,-2.87,0.19
1790743273.5300028,39.84,-2.8,0.22
1790743273.5718741,39.7,-2.8,0.22
1790743273.630469,39.63,-2.79,0.17
1790743273.6886258,39.59,-2.77,0.1
1790743273.7318962,39.58,-2.77,0.11
1790743273.7909539,39.56,-2.77,0.11
1790743273.851796,39.56,-2.77,0.11
1790743273.911432,39.56,-2.77,0.11
1790743273.949888,38.17,-2.79,0.17
1790743274.0111868,36.29,-2.77,0.25
1790743274.052338,34.81,-2.76,0.34
1790743274.106977,33.16,-2.73,0.44
1790743274.151103,31.24,-2.71,0.58
1790743274.2124631,29.32,-2.65,0.65
1790743274.272011,27.47,-2.61,0.74
1790743274.307898,25.65,-2.59,0.78
1790743274.372278,23.67,-2.58,0.84
1790743274.430572,21.61,-2.54,0.94
1790743274.474247,19.66,-2.47,0.99
1790743274.530389,17.78,-2.43,1.07
1790743274.590119,15.78,-2.42,1.12
1790743274.628083,13.68,-2.34,1.16
1790743274.690961,11.79,-2.29,1.23
1790743274.74998,9.9,-2.24,1.26
1790743274.791925,7.78,-2.19,1.33
1790743274.853601,5.74,-2.09,1.34
1790743274.909736,1.82,-2.01,1.46
1790743274.970169,-0.21,-1.95,1.51
1790743275.008943,-2.25,-1.87,1.54
1790743275.073477,-4.25,-1.8,1.59
1790743275.131114,-6.2,-1.75,1.64
1790743275.1907442,-8.26,-1.66,1.67
1790743275.222543,-10.3,-1.56,1.73
1790743275.2903428,-12.26,-1.5,1.78
1790743275.349447,-14.23,-1.42,1.83
1790743275.3899782,-16.25,-1.34,1.94
1790743275.4485161,-18.32,-1.26,1.95
1790743275.489179,-20.16,-1.18,1.96
1790743275.553132,-22.31,-1.09,1.99
1790743275.6096609,-26.25,-0.92,2.05
1790743275.651694,-28.2,-0.86,2.03
1790743275.70953,-30.3,-0.76,2.05
1790743275.7509189,-32.3,-0.68,2.08
1790743275.8112462,-34.31,-0.59,2.05
1790743275.871518,-36.33,-0.51,2.03
1790743275.928863,-38.32,-0.43,2.03
1790743275.990324,-40.35,-0.36,2.04
1790743276.048813,-42.27,-0.25,2.05
1790743276.109617,-44.34,-0.19,2.01
1790743276.1714072,-48.42,0.03,2.01
1790743276.22978,-50.36,0.11,1.96
1790743276.290729,-52.29,0.18,1.92
1790743276.328021,-54.44,0.25,1.92
1790743276.386613,-56.39,0.33,1.91
1790743276.44851,-58.3,0.41,1.9
1790743276.508897,-62.51,0.63,1.83
1790743276.5725849,-64.39,0.72,1.8
1790743276.628496,-66.33,0.73,1.74
1790743276.688452,-68.57,0.85,1.68
1790743276.7325969,-70.51,0.92,1.65
1790743276.779592,-72.44,0.99,1.6
1790743276.848779,-74.51,1.04,1.51
1790743276.9097111,-76.58,1.12,1.48
1790743276.9498491,-80.44,1.23,1.41
1790743277.010716,-82.57,1.32,1.32
1790743277.0726552,-84.52,1.38,1.27
1790743277.127497,-86.49,1.46,1.2
1790743277.171021,-88.54,1.49,1.13
1790743277.226827,-90.57,1.52,1.04
1790743277.309037,-91.55,1.54,1.01
1790743277.370074,-92.04,1.57,0.99
1790743277.410914,-92.23,1.58,0.98
1790743277.471009,-92.36,1.59,0.97
1790743277.532406,-92.35,1.59,0.97
1790743277.591375,-92.34,1.59,0.97
1790743277.632631,-92.33,1.6,0.97
1790743277.6795058,-92.33,1.6,0.96
1790743277.7324429,-92.32,1.6,0.96
1790743277.782183,-92.3,1.6,0.96
1790743277.850343,-92.2,1.6,0.97
1790743277.910646,-92.07,1.59,0.98
1790743277.969903,-91.99,1.59,0.98
1790743278.010889,-91.92,1.59,0.98
1790743278.072248,-91.72,1.59,0.99
1790743278.110413,-91.62,1.58,0.99
1790743278.17327,-91.46,1.58,0.99
1790743278.23138,-91.23,1.58,0.99
1790743278.27212,-90.97,1.57,1.0
1790743278.331738,-90.8,1.57,1.01
1790743278.390198,-90.55,1.56,1.02
1790743278.4317088,-90.3,1.55,1.04
1790743278.484121,-90.31,1.56,1.04
1790743278.549799,-90.32,1.56,1.04
1790743278.5862799,-90.32,1.56,1.04
1790743278.649887,-90.32,1.56,1.04
1790743278.68918,-90.29,1.56,1.04
1790743278.7416399,-90.29,1.56,1.04
1790743278.80849,-90.3,1.57,1.03
1790743278.8504078,-90.31,1.57,1.03
1790743278.9093099,-90.31,1.57,1.03
1790743278.970558,-90.32,1.58,1.04
1790743279.004791,-90.33,1.58,1.04
1790743279.0702798,-90.33,1.58,1.04
1790743279.105099,-90.33,1.58,1.04
1790743279.1733592,-90.34,1.58,1.04
1790743279.2104352,-90.34,1.59,1.03
1790743279.272318,-90.33,1.59,1.04
1790743279.3301098,-90.34,1.59,1.04
1790743279.370343,-90.34,1.59,1.04
1790743279.433297,-90.34,1.59,1.04
1790743279.48869,-90.34,1.59,1.04
1790743279.533231,-90.34,1.59,1.04
1790743279.5887601,-90.35,1.6,1.04
1790743279.650437,-90.34,1.6,1.04
1790743279.688965,-90.35,1.6,1.04
1790743279.7471628,-90.35,1.6,1.04
1790743279.803621,-90.35,1.6,1.05
1790743279.8703969,-90.36,1.6,1.05
1790743279.9311402,-90.37,1.61,1.05
1790743279.989554,-90.35,1.61,1.05
1790743280.051039,-90.39,1.61,1.05
1790743280.109812,-90.34,1.61,1.05
1790743280.148584,-90.39,1.61,1.05
1790743280.204538,-90.38,1.61,1.05
1790743280.273081,-90.37,1.61,1.05
1790743280.332072,-90.36,1.61,1.06
1790743280.390265,-90.37,1.61,1.06
1790743280.4323158,-90.38,1.61,1.06
1790743280.49293,-90.38,1.62,1.06
1790743280.549421,-90.4,1.64,1.05
1790743280.6090722,-90.51,1.7,1.02
1790743280.672545,-90.31,1.71,1.0
1790743280.7072,-90.14,1.68,1.0
1790743280.770528,-89.98,1.64,0.92
1790743280.830501,-89.97,1.59,0.92
1790743280.8923662,-89.99,1.57,0.91
1790743280.950006,-89.99,1.56,0.93
1790743280.993506,-90.01,1.58,1.05
1790743281.050348,-90.09,1.6,1.17
1790743281.105037,-90.04,1.53,1.16
1790743281.171625,-90.05,1.56,1.15
1790743281.229862,-89.96,1.54,1.1
1790743281.292863,-89.96,1.54,1.09
1790743281.333452,-90.05,1.52,1.11
1790743281.39328,-89.62,1.49,1.14
1790743281.43007,-89.47,1.51,1.11
1790743281.492314,-89.99,1.54,1.08
1790743281.531138,-90.05,1.56,1.08
1790743281.5884302,-90.05,1.59,1.11
1790743281.648454,-90.14,1.58,1.13
1790743281.6926458,-90.08,1.64,1.15
1790743281.751672,-90.14,1.65,1.19
1790743281.808396,-90.14,1.65,1.19
1790743281.869592,-89.97,1.67,1.15
1790743281.9106612,-90.0,1.68,1.15
1790743281.960175,-89.99,1.68,1.15
1790743282.028949,-90.04,1.72,1.15
1790743282.092895,-90.27,1.76,1.12
1790743282.12751,-90.61,1.77,1.1
1790743282.19242,-90.69,1.77,1.13
1790743282.249666,-90.48,1.77,1.09
1790743282.313044,-90.32,1.73,1.08
1790743282.3713229,-90.15,1.71,1.01
1790743282.432906,-90.17,1.75,1.08
1790743282.467293,-90.09,1.73,1.11
1790743282.520392,-90.06,1.83,1.04
1790743282.592785,-90.04,1.84,1.05
1790743282.649655,-90.05,1.86,1.07
1790743282.691788,-90.06,1.85,1.08
1790743282.749783,-90.04,1.83,1.11
1790743282.809837,-90.06,1.77,1.09
1790743282.8498461,-90.06,1.71,1.05
1790743282.908789,-90.03,1.66,1.07
1790743282.9496388,-90.03,1.65,1.12
1790743283.010199,-90.14,1.66,1.2
1790743283.050514,-90.08,1.64,1.18
1790743283.1097689,-90.04,1.64,1.18
1790743283.170583,-90.06,1.61,1.15
1790743283.2090812,-90.05,1.57,1.14
1790743283.2668722,-90.05,1.55,1.13
1790743283.325394,-90.07,1.51,1.13
1790743283.39449,-90.01,1.51,1.1
1790743283.449553,-90.04,1.52,1.1
1790743283.509532,-90.04,1.54,1.11
1790743283.549238,-90.04,1.55,1.11
1790743283.61107,-90.04,1.55,1.12
1790743283.670126,-90.05,1.56,1.12
1790743283.72946,-90.05,1.56,1.12
1790743283.7947469,-90.06,1.57,1.12
1790743283.8482912,-90.06,1.57,1.13
1790743283.909423,-90.06,1.58,1.13
1790743283.950319,-90.1,1.59,1.13
1790743284.0110998,-90.1,1.59,1.13
1790743284.069416,-90.09,1.59,1.13
1790743284.110771,-90.09,1.59,1.13
1790743284.170239,-90.09,1.6,1.13
1790743284.2105348,-90.1,1.6,1.13
1790743284.270637,-90.13,1.66,1.1
1790743284.325748,-90.14,1.7,1.11
1790743284.39121,-90.09,1.72,1.12
1790743284.426625,-90.19,1.7,1.14
1790743284.483614,-90.19,1.61,1.12
1790743284.569684,-90.23,1.47,1.04
1790743284.609996,-90.25,1.43,1.05
1790743284.668819,-90.23,1.41,1.09
1790743284.7263832,-90.16,1.4,1.09
1790743284.777875,-90.15,1.41,1.15
1790743284.8501928,-90.27,1.4,1.16
1790743284.910964,-90.31,1.45,1.18
1790743284.9433768,-90.23,1.45,1.13
1790743285.009021,-90.18,1.44,1.14
1790743285.0480661,-90.16,1.47,1.1
1790743285.110013,-90.25,1.51,1.08
1790743285.1700962,-90.28,1.5,1.13
1790743285.2105112,-90.14,1.55,1.1
1790743285.2722251,-90.13,1.57,1.13
1790743285.3095539,-89.95,1.57,1.19
1790743285.3695948,-89.96,1.61,1.2
1790743285.409042,-90.02,1.67,1.16
1790743285.471699,-90.15,1.68,1.22
1790743285.508672,-90.17,1.72,1.15
1790743285.5694358,-90.19,1.79,1.11
1790743285.628459,-90.24,1.86,1.13
1790743285.6717608,-90.28,1.86,1.23
1790743285.7301602,-90.19,1.76,1.21
1790743285.7906592,-90.15,1.73,1.18
1790743285.852107,-90.13,1.66,1.17
1790743285.9103758,-90.05,1.58,1.1
1790743285.969804,-90.07,1.61,1.12
1790743286.0349922,-90.11,1.6,1.13
1790743286.0691998,-90.12,1.61,1.19
1790743286.129884,-90.08,1.57,1.14
1790743286.190797,-90.1,1.6,1.17
1790743286.232238,-90.12,1.58,1.14
1790743286.292607,-90.1,1.55,1.17
1790743286.342307,-90.14,1.53,1.15
1790743286.398887,-90.16,1.52,1.11
1790743286.453282,-90.2,1.54,1.12
1790743286.501281,-90.22,1.55,1.13
1790743286.5686889,-90.22,1.56,1.14
1790743286.606555,-90.23,1.57,1.15
1790743286.6705909,-90.23,1.58,1.16
1790743286.7310028,-90.22,1.58,1.16
1790743286.808684,-90.22,1.59,1.16
1790743286.846167,-90.24,1.6,1.17
1790743286.905188,-90.24,1.6,1.17
1790743286.97051,-90.24,1.61,1.17
1790743287.0301492,-90.24,1.61,1.17
1790743287.0700219,-90.01,1.62,1.17
1790743287.1292968,-86.74,1.52,1.39
1790743287.17053,-83.93,1.46,1.45
1790743287.2287848,-81.26,1.36,1.54
1790743287.288546,-78.04,1.27,1.61
1790743287.3297238,-75.0,1.13,1.69
1790743287.390479,-71.73,1.04,1.78
1790743287.446792,-65.19,0.75,1.93
1790743287.497292,-61.8,0.62,1.95
1790743287.570297,-58.45,0.42,2.03
1790743287.6010702,-55.0,0.3,2.03
1790743287.668239,-51.57,0.12,2.1
1790743287.729293,-48.11,0.02,2.09
1790743287.788772,-44.69,-0.17,2.11
1790743287.829864,-41.25,-0.29,2.11
1790743287.888709,-37.79,-0.47,2.1
1790743287.953556,-30.82,-0.8,2.14
1790743288.001086,-27.43,-0.92,2.19
1790743288.0697222,-23.89,-1.08,2.11
1790743288.108803,-20.43,-1.26,2.09
1790743288.163459,-16.93,-1.41,2.0
1790743288.228349,-13.53,-1.53,1.98
1790743288.290566,-9.94,-1.65,1.89
1790743288.3297338,-6.55,-1.8,1.83
1790743288.392035,-3.09,-1.91,1.72
1790743288.4504461,-0.44,-2.03,1.65
1790743288.493907,1.9,-2.1,1.65
1790743288.553132,3.72,-2.14,1.57
1790743288.609531,4.67,-2.18,1.52
1790743288.651131,5.57,-2.22,1.47
1790743288.709404,5.98,-2.22,1.45
1790743288.771678,5.2,-2.19,1.46
1790743288.803848,3.5,-2.15,1.54
1790743288.859829,2.05,-2.11,1.58
1790743288.910385,0.87,-2.08,1.63
1790743288.96258,0.16,-2.06,1.61
1790743289.03283,0.14,-2.05,1.61
1790743289.091016,0.08,-2.04,1.6
1790743289.1294458,0.03,-2.03,1.6
1790743289.190866,-0.12,-2.01,1.6
1790743289.230943,-0.18,-2.01,1.6
1790743289.289928,-0.21,-2.01,1.61
1790743289.350803,-0.24,-2.0,1.62
1790743289.409348,-0.27,-1.99,1.63
1790743289.4514382,-0.27,-1.99,1.63
1790743289.510234,-0.28,-1.99,1.64
1790743289.563691,-0.26,-1.98,1.65
1790743289.610784,-0.24,-1.98,1.65
1790743289.669751,-0.34,-1.97,1.65
1790743289.715852,-0.34,-1.97,1.66
1790743289.76553,-0.37,-1.96,1.66
1790743289.813638,-0.38,-1.96,1.66
1790743289.862339,-0.38,-1.96,1.66
1790743289.929451,-0.36,-1.96,1.66
1790743289.964149,-0.39,-1.96,1.67
1790743290.0297558,-0.42,-1.96,1.67
1790743290.066752,-0.43,-1.96,1.67
1790743290.129764,-0.45,-1.96,1.67
1790743290.165926,-0.48,-1.96,1.67
1790743290.222102,-0.47,-1.96,1.67
1790743290.2899892,-0.47,-1.96,1.67
1790743290.330061,-0.48,-1.95,1.67
1790743290.391405,-0.48,-1.95,1.67
1790743290.455967,-0.5,-1.95,1.68
1790743290.512668,-0.5,-1.95,1.68
1790743290.57075,-0.48,-1.95,1.68
1790743290.629227,-0.49,-1.95,1.68
1790743290.6921349,-0.51,-1.95,1.69
1790743290.72501,-0.51,-1.95,1.69
1790743290.791542,-0.52,-1.95,1.68
1790743290.851119,-0.52,-1.95,1.69
1790743290.89046,-0.53,-1.95,1.69
1790743290.953135,-0.54,-1.95,1.69
1790743291.0135849,-0.52,-1.94,1.69
1790743291.049868,-0.6,-1.94,1.69
1790743291.112469,-0.6,-1.94,1.69
1790743291.170181,-0.6,-1.94,1.69
1790743291.2293508,-0.6,-1.94,1.7
1790743291.285318,-0.6,-1.94,1.7
1790743291.350315,-0.6,-1.94,1.7
1790743291.386849,-0.6,-1.93,1.7
1790743291.45206,-0.66,-1.94,1.7
1790743291.512574,-0.62,-1.93,1.7
1790743291.565435,-0.64,-1.93,1.7
1790743291.6250648,-0.65,-1.93,1.7
1790743291.690036,-0.65,-1.93,1.7
1790743291.7498538,-0.66,-1.93,1.71
1790743291.814571,-0.66,-1.93,1.71
1790743291.869618,-0.66,-1.93,1.71
1790743291.91227,-0.7,-1.9,1.69
1790743291.9713438,-0.78,-1.87,1.72
1790743292.030228,-0.91,-1.84,1.7
1790743292.069958,-0.93,-1.89,1.76
1790743292.126199,-0.88,-1.94,1.71
1790743292.1915798,-0.84,-1.99,1.72
1790743292.230075,-0.75,-2.02,1.7
1790743292.292172,-0.71,-2.03,1.72
1790743292.349969,-0.59,-2.06,1.67
1790743292.392721,-0.58,-2.03,1.67
1790743292.450043,-0.51,-1.97,1.68
1790743292.512403,-0.51,-1.98,1.72
1790743292.549078,-0.37,-1.97,1.71
1790743292.6142132,-0.32,-1.99,1.71
1790743292.669879,-0.27,-1.97,1.7
1790743292.713435,-0.26,-1.95,1.73
1790743292.7721012,-0.18,-1.91,1.71
1790743292.829914,-0.25,-1.87,1.71
1790743292.87017,-0.15,-1.84,1.69
1790743292.931752,-0.32,-1.76,1.78
1790743292.9715352,-0.3,-1.73,1.84
1790743293.032449,-0.28,-1.71,1.82
1790743293.092787,-0.36,-1.68,1.83
1790743293.1491818,-0.21,-1.64,1.77
1790743293.1916878,0.03,-1.59,1.67
1790743293.247933,-0.11,-1.61,1.69
1790743293.313339,-0.29,-1.61,1.64
1790743293.370474,-0.15,-1.61,1.64
1790743293.429708,-0.1,-1.63,1.67
1790743293.471482,-0.09,-1.65,1.76
1790743293.53006,-0.07,-1.62,1.79
1790743293.582391,-0.03,-1.66,1.82
1790743293.643905,-0.01,-1.68,1.8
1790743293.713225,-0.07,-1.68,1.81
1790743293.750599,0.01,-1.73,1.75
1790743293.8114078,0.23,-1.77,1.7
1790743293.869556,0.28,-1.76,1.7
1790743293.912592,0.32,-1.74,1.71
1790743293.973464,0.32,-1.73,1.72
1790743294.029966,0.24,-1.73,1.73
1790743294.0700102,0.12,-1.72,1.75
1790743294.129453,0.14,-1.72,1.77
1790743294.172852,0.02,-1.71,1.79
1790743294.2301388,-0.01,-1.7,1.79
1790743294.290029,0.04,-1.68,1.77
1790743294.331226,-0.11,-1.66,1.76
1790743294.3895428,-0.08,-1.62,1.68
1790743294.451226,-0.1,-1.62,1.68
1790743294.491265,-0.14,-1.62,1.68
1790743294.543009,-0.4,-1.58,1.68
1790743294.6119611,-0.66,-1.57,1.69
1790743294.672074,-0.59,-1.58,1.71
1790743294.729179,-0.56,-1.59,1.71
1790743294.789362,-0.46,-1.64,1.74
1790743294.830976,-0.23,-1.68,1.75
1790743294.890423,-0.12,-1.69,1.77
1790743294.929997,-0.11,-1.69,1.76
1790743294.989856,-0.1,-1.69,1.76
1790743295.049941,-0.11,-1.68,1.76
1790743295.089752,-0.12,-1.68,1.76
1790743295.149805,-0.13,-1.67,1.75
1790743295.2123442,-0.13,-1.67,1.75
1790743295.265245,-0.13,-1.66,1.75
1790743295.330087,-0.13,-1.67,1.74
1790743295.367504,-0.08,-1.68,1.73
1790743295.430232,-0.09,-1.69,1.74
1790743295.4899929,-0.0,-1.7,1.7
1790743295.529749,-0.1,-1.67,1.67
1790743295.585858,-0.11,-1.67,1.67
1790743295.6499908,-0.11,-1.67,1.68
1790743295.689631,-0.14,-1.66,1.69
1790743295.773958,-0.17,-1.66,1.69
1790743295.8303528,-0.17,-1.66,1.69
1790743295.86275,-0.18,-1.66,1.69
1790743295.929601,-0.14,-1.66,1.68
1790743295.962847,-0.17,-1.66,1.68
1790743296.02948,-0.18,-1.66,1.68
1790743296.072673,-0.18,-1.67,1.69
1790743296.129494,-0.18,-1.66,1.68
1790743296.1900249,-0.18,-1.67,1.69
1790743296.229887,-0.19,-1.67,1.68
1790743296.291174,-0.19,-1.67,1.69
1790743296.349878,-0.2,-1.66,1.69
1790743296.409434,-0.26,-1.66,1.69
1790743296.449749,-0.21,-1.66,1.69
1790743296.509183,-0.2,-1.66,1.69
1790743296.549265,-0.24,-1.66,1.69
1790743296.6104782,-0.27,-1.66,1.69
1790743296.671744,-0.26,-1.66,1.69
1790743296.709642,-0.23,-1.66,1.68
1790743296.761426,-0.29,-1.66,1.68
1790743296.8233979,-0.27,-1.66,1.69
1790743296.891223,-0.28,-1.66,1.69
1790743296.929953,-0.28,-1.66,1.69
1790743296.991658,-0.28,-1.65,1.69
1790743297.04962,-0.28,-1.65,1.69
1790743297.089932,-0.29,-1.65,1.69
1790743297.150076,-0.29,-1.65,1.69
1790743297.190336,-0.29,-1.65,1.69
1790743297.2519228,-0.3,-1.64,1.69
1790743297.310875,-0.3,-1.64,1.69
1790743297.3714502,-0.3,-1.65,1.69
1790743297.409782,-0.3,-1.65,1.69
1790743297.464001,-0.3,-1.65,1.69
1790743297.529841,-0.3,-1.64,1.69
1790743297.565276,-0.3,-1.64,1.69
1790743297.629672,-0.3,-1.65,1.69
1790743297.672193,-0.3,-1.64,1.69
1790743297.729679,-0.3,-1.64,1.69
1790743297.789653,-0.3,-1.64,1.69
1790743297.8261151,-0.3,-1.64,1.69
1790743297.890388,-0.3,-1.64,1.69
1790743297.931184,-0.3,-1.64,1.69
1790743298.030153,-0.3,-1.65,1.69
1790743298.07074,-0.3,-1.64,1.69
1790743298.129822,-0.28,-1.65,1.69
1790743298.172717,-0.27,-1.64,1.7
1790743298.229388,-0.34,-1.64,1.7
1790743298.2730088,-0.41,-1.64,1.71
1790743298.329386,-0.4,-1.64,1.71
1790743298.3726442,-0.39,-1.65,1.71
1790743298.429151,-0.4,-1.64,1.71
1790743298.471908,-0.39,-1.64,1.71
1790743298.521017,-0.34,-1.64,1.71
1790743298.590067,-0.39,-1.64,1.72
1790743298.649342,-0.4,-1.64,1.72
1790743298.6859672,-0.42,-1.64,1.73
1790743298.749575,-0.42,-1.65,1.73
1790743298.790549,-0.45,-1.64,1.73
1790743298.850825,-0.45,-1.64,1.74
1790743298.888459,-0.46,-1.64,1.74
1790743298.949704,-0.47,-1.64,1.74
1790743299.0120661,-0.48,-1.64,1.75
1790743299.049794,-0.49,-1.64,1.75
1790743299.1103292,-0.5,-1.63,1.75
1790743299.170208,-0.5,-1.64,1.75
1790743299.210849,-0.51,-1.64,1.75
1790743299.270588,-0.53,-1.64,1.75
1790743299.331897,-0.53,-1.64,1.75
1790743299.370282,-0.53,-1.64,1.75
1790743299.431764,-0.54,-1.64,1.76
1790743299.480463,-0.58,-1.64,1.75
1790743299.5494132,-0.54,-1.64,1.76
1790743299.6115441,-0.58,-1.64,1.76
1790743299.646636,-0.59,-1.63,1.77
1790743299.710722,-0.65,-1.64,1.77
1790743299.7705972,-0.65,-1.63,1.77
1790743299.830751,-0.66,-1.63,1.77
1790743299.889937,-0.66,-1.63,1.77
1790743299.932182,-0.69,-1.63,1.77
1790743299.989862,-0.72,-1.63,1.77
1790743300.049174,-0.7,-1.63,1.78
1790743300.090373,-0.71,-1.62,1.78
1790743300.140758,-0.71,-1.62,1.78
1790743300.2109618,-0.73,-1.63,1.78
1790743300.2893891,-0.73,-1.63,1.79
1790743300.3310888,-0.73,-1.63,1.79
1790743300.3897321,-0.7,-1.61,1.79
1790743300.431241,-0.71,-1.62,1.79
1790743300.484428,-0.79,-1.62,1.79
1790743300.550827,-0.78,-1.62,1.8
1790743300.5862231,-0.78,-1.62,1.79
1790743300.6459148,-0.8,-1.61,1.8
1790743300.709728,-0.85,-1.61,1.8
1790743300.770022,-0.84,-1.62,1.81
1790743300.809481,-0.82,-1.61,1.81
1790743300.870363,-0.85,-1.61,1.81
1790743300.931606,-0.89,-1.63,1.81
1790743300.970845,-0.92,-1.63,1.81
1790743301.03105,-0.94,-1.62,1.82
1790743301.089237,-0.93,-1.62,1.82
1790743301.149291,-0.94,-1.62,1.83
1790743301.1916192,-0.94,-1.62,1.83
1790743301.243954,-0.95,-1.62,1.83
1790743301.311059,-0.97,-1.62,1.83
1790743301.344109,-0.97,-1.62,1.83
1790743301.40077,-0.98,-1.61,1.84
1790743301.469793,-1.0,-1.61,1.84
1790743301.5095758,-1.0,-1.62,1.83
1790743301.571517,-1.01,-1.62,1.84
1790743301.608874,-1.02,-1.62,1.84
1790743301.670547,-1.02,-1.62,1.84
1790743301.73007,-1.03,-1.62,1.84
1790743301.789471,-0.97,-1.62,1.84
1790743301.830535,-1.04,-1.61,1.84
1790743301.889614,-1.08,-1.61,1.85
1790743301.9493818,-1.08,-1.62,1.85
1790743301.9906838,-1.06,-1.62,1.85
1790743302.0441852,-1.07,-1.61,1.85
1790743302.112184,-1.07,-1.62,1.85
1790743302.146029,-1.08,-1.61,1.85
1790743302.201409,-1.07,-1.62,1.86
1790743302.269419,-1.11,-1.61,1.86
1790743302.303277,-1.12,-1.6,1.85
1790743302.368993,-1.12,-1.61,1.87
1790743302.431359,-1.15,-1.6,1.86
1790743302.4949372,-1.16,-1.61,1.88
1790743302.549825,-1.2,-1.61,1.87
1790743302.601574,-1.2,-1.59,1.88
1790743302.669625,-1.23,-1.59,1.88
1790743302.7049549,-1.28,-1.61,1.89
1790743302.771358,-1.26,-1.61,1.88
1790743302.83139,-1.26,-1.61,1.89
1790743302.865872,-1.28,-1.6,1.89
1790743302.933932,-1.29,-1.61,1.89
1790743302.9900749,-1.28,-1.61,1.89
1790743303.0305831,-1.31,-1.61,1.89
1790743303.089646,-1.34,-1.61,1.89
1790743303.1497211,-1.35,-1.61,1.89
1790743303.190387,-1.34,-1.61,1.9
1790743303.2509508,-1.38,-1.62,1.9
1790743303.3090959,-1.49,-1.64,1.9
1790743303.349626,-1.67,-1.64,1.89
1790743303.407698,-1.7,-1.61,1.96
1790743303.471623,-1.79,-1.57,1.96
1790743303.529408,-1.89,-1.52,1.97
1790743303.5942779,-1.9,-1.5,1.98
1790743303.649963,-1.94,-1.48,1.95
1790743303.6925418,-1.96,-1.49,1.95
1790743303.749961,-1.93,-1.52,1.94
1790743303.809866,-1.93,-1.53,1.95
1790743303.869845,-1.99,-1.52,1.94
1790743303.909361,-3.8,-1.45,1.98
1790743303.9698079,-5.6,-1.37,2.0
1790743304.009928,-7.08,-1.31,2.07
1790743304.069282,-8.89,-1.24,2.14
1790743304.1102479,-10.63,-1.19,2.2
1790743304.169468,-12.51,-1.1,2.23
1790743304.209025,-14.53,-0.99,2.27
1790743304.269655,-16.31,-0.91,2.33
1790743304.3300061,-18.17,-0.86,2.32
1790743304.370825,-20.22,-0.75,2.28
1790743304.4199831,-22.28,-0.65,2.29
1790743304.470318,-23.97,-0.54,2.28
1790743304.5270982,-26.1,-0.47,2.26
1790743304.592323,-28.34,-0.37,2.27
1790743304.6296651,-30.22,-0.28,2.29
1790743304.692446,-32.19,-0.19,2.28
1790743304.765976,-36.24,-0.01,2.21
1790743304.8287208,-38.2,0.08,2.23
1790743304.866409,-40.17,0.18,2.23
1790743304.929112,-42.19,0.25,2.15
1790743304.9690619,-44.29,0.37,2.17
1790743305.0197399,-46.24,0.47,2.17
1790743305.091778,-48.24,0.56,2.14
1790743305.119607,-49.59,0.59,2.08
1790743305.192069,-49.87,0.63,2.08
1790743305.2255292,-50.3,0.66,2.07
1790743305.28025,-50.48,0.67,2.07
1790743305.349403,-50.66,0.68,2.06
1790743305.409287,-51.0,0.7,2.05
1790743305.450602,-51.41,0.7,2.05
1790743305.509506,-51.29,0.64,2.06
1790743305.547157,-51.47,0.63,2.11
1790743305.609233,-51.46,0.6,2.14
1790743305.6692631,-51.41,0.63,2.14
1790743305.709554,-51.53,0.65,2.23
1790743305.7699158,-51.53,0.68,2.3
1790743305.811597,-51.53,0.69,2.27
1790743305.8691142,-51.57,0.71,2.23
1790743305.928941,-53.0,0.72,2.2
1790743305.9944599,-54.8,0.79,2.14
1790743306.0292091,-56.34,0.87,2.11
1790743306.0946162,-58.04,0.93,2.07
1790743306.1494532,-59.79,1.01,2.03
1790743306.1822479,-61.64,1.08,1.96
1790743306.249419,-63.61,1.17,1.9
1790743306.310029,-67.41,1.34,1.77
1790743306.349555,-69.37,1.43,1.69
1790743306.409129,-71.28,1.52,1.63
1790743306.4502022,-73.3,1.57,1.57
1790743306.509395,-75.34,1.62,1.51
1790743306.569519,-77.27,1.7,1.42
1790743306.6270652,-79.29,1.77,1.37
1790743306.6693618,-81.28,1.83,1.31
1790743306.730339,-83.22,1.87,1.24
1790743306.769464,-85.28,1.95,1.09
1790743306.8304589,-87.34,2.01,1.06
1790743306.892378,-89.32,2.06,0.97
1790743306.9585018,-91.15,2.09,0.89
1790743307.007941,-95.34,2.17,0.67
1790743307.070112,-97.19,2.18,0.59
1790743307.130207,-99.37,2.21,0.45
1790743307.171228,-101.48,2.25,0.36
1790743307.2307231,-103.32,2.28,0.27
1790743307.269529,-105.34,2.29,0.19
1790743307.3292758,-107.44,2.3,0.05
1790743307.369837,-109.41,2.32,-0.01
1790743307.430861,-111.42,2.32,-0.08
1790743307.490515,-113.39,2.37,-0.18
1790743307.531163,-115.52,2.37,-0.35
1790743307.583054,-117.49,2.37,-0.39
1790743307.6390321,-119.48,2.38,-0.48
1790743307.709522,-123.52,2.36,-0.74
1790743307.747802,-125.55,2.35,-0.8
1790743307.809491,-127.56,2.36,-0.87
1790743307.847362,-129.43,2.32,-0.97
1790743307.9097931,-131.62,2.3,-1.07
1790743307.947596,-133.61,2.29,-1.15
1790743308.0100422,-135.51,2.27,-1.22
1790743308.069479,-137.55,2.2,-1.39
1790743308.1100218,-139.71,2.18,-1.45
1790743308.1692648,-141.69,2.16,-1.52
1790743308.210067,-143.61,2.09,-1.63
1790743308.270078,-145.65,2.05,-1.71
1790743308.3308392,-147.72,2.01,-1.77
1790743308.390323,-149.68,1.97,-1.88
1790743308.4465501,-151.64,1.91,-1.98
1790743308.48996,-153.76,1.84,-2.06
1790743308.5412621,-157.67,1.78,-2.23
1790743308.601089,-159.79,1.71,-2.33
1790743308.669141,-161.76,1.66,-2.4
1790743308.7102468,-163.79,1.58,-2.43
1790743308.769396,-165.85,1.51,-2.5
1790743308.829049,-167.8,1.44,-2.61
1790743308.86933,-169.8,1.36,-2.64
1790743308.92918,-171.88,1.27,-2.67
1790743308.9696152,-173.77,1.18,-2.72
1790743309.0295758,-175.81,1.12,-2.84
1790743309.089747,-177.96,1.03,-2.85
1790743309.131078,-179.93,0.95,-2.87
1790743309.189004,178.48,0.88,-2.9
1790743309.249728,178.24,0.87,-2.92
1790743309.291677,177.92,0.86,-2.94
1790743309.3510962,177.66,0.85,-2.95
1790743309.3899221,177.43,0.86,-2.94
1790743309.4506,177.41,0.86,-2.93
1790743309.492778,177.42,0.87,-2.92
1790743309.546617,177.43,0.87,-2.91
1790743309.590194,177.43,0.87,-2.91
1790743309.639688,177.46,0.87,-2.92
1790743309.709314,177.54,0.87,-2.91
1790743309.7527528,177.85,0.88,-2.91
1790743309.8106198,177.91,0.88,-2.91
1790743309.852617,177.99,0.88,-2.91
1790743309.8995578,178.14,0.89,-2.91
1790743309.970835,178.24,0.89,-2.91
1790743310.0020611,178.39,0.9,-2.9
1790743310.061286,178.58,0.9,-2.9
1790743310.1298041,178.87,0.91,-2.9
1790743310.168353,179.13,0.92,-2.89
1790743310.2291808,179.29,0.92,-2.88
1790743310.291689,179.33,0.93,-2.88
1790743310.32954,179.32,0.93,-2.88
1790743310.389591,179.31,0.93,-2.88
1790743310.450101,179.33,0.93,-2.88
1790743310.5093682,179.32,0.93,-2.88
1790743310.555823,179.29,0.94,-2.87
1790743310.6107142,179.28,0.93,-2.87
1790743310.645688,179.28,0.93,-2.87
1790743310.704656,179.28,0.93,-2.87
1790743310.761131,179.27,0.94,-2.87
1790743310.828949,179.26,0.94,-2.87
1790743310.8655849,179.26,0.94,-2.87
1790743310.928921,179.25,0.94,-2.87
1790743310.9683478,179.24,0.94,-2.86
1790743311.033004,179.23,0.94,-2.86
1790743311.0902982,179.23,0.94,-2.86
1790743311.1313632,179.22,0.94,-2.86
1790743311.190739,179.21,0.94,-2.85
1790743311.232641,179.21,0.94,-2.85
1790743311.292505,179.16,0.94,-2.85
1790743311.35146,179.19,0.94,-2.85
1790743311.390749,179.22,0.95,-2.85
1790743311.450933,179.19,0.94,-2.84
1790743311.5093608,179.19,0.94,-2.84
1790743311.56915,179.19,0.94,-2.84
1790743311.6098719,179.17,0.94,-2.84
1790743311.669058,179.17,0.94,-2.84
1790743311.709533,179.17,0.94,-2.84
1790743311.770167,179.16,0.95,-2.83
1790743311.8291268,179.16,0.95,-2.83
1790743311.868154,179.15,0.95,-2.83
1790743311.930347,179.17,0.96,-2.82
1790743311.993927,179.24,1.03,-2.86
1790743312.029936,179.45,1.1,-2.9
1790743312.089213,179.64,1.07,-2.85
1790743312.129559,179.64,1.04,-2.87
1790743312.189866,179.74,0.96,-2.85
1790743312.2297668,179.79,0.84,-2.82
1790743312.309097,179.77,0.79,-2.74
1790743312.350444,179.87,0.76,-2.75
1790743312.411988,179.85,0.83,-2.78
1790743312.467673,179.86,0.87,-2.8
1790743312.510358,179.81,0.88,-2.79
1790743312.5694,179.84,0.95,-2.83
1790743312.6127949,179.83,0.98,-2.8
1790743312.66939,179.88,0.98,-2.81
1790743312.729079,179.82,1.02,-2.81
1790743312.788086,179.88,1.05,-2.82
1790743312.830848,179.86,1.05,-2.81
1790743312.889473,179.83,1.08,-2.82
1790743312.95076,179.85,1.13,-2.81
1790743312.9829981,179.76,1.21,-2.77
1790743313.049752,179.88,1.25,-2.78
1790743313.089855,179.85,1.28,-2.74
1790743313.1495528,179.93,1.26,-2.7
1790743313.212096,179.89,1.22,-2.64
1790743313.269204,179.95,1.21,-2.68
1790743313.3248231,179.89,1.19,-2.63
1790743313.383671,179.9,1.19,-2.6
1790743313.449141,179.87,1.2,-2.59
1790743313.48695,179.92,1.22,-2.62
1790743313.550265,179.96,1.21,-2.6
1790743313.610668,179.9,1.23,-2.66
1790743313.6498601,179.87,1.2,-2.6
1790743313.7135592,179.88,1.22,-2.62
1790743313.770047,179.93,1.27,-2.61
1790743313.8249862,179.87,1.26,-2.61
1790743313.890985,179.85,1.24,-2.66
1790743313.9251142,179.81,1.22,-2.66
1790743313.989516,179.83,1.19,-2.63
1790743314.049104,-179.98,1.19,-2.63
1790743314.082537,-179.9,1.22,-2.63
1790743314.150549,179.92,1.22,-2.64
1790743314.2119591,179.74,1.24,-2.65
1790743314.26931,179.74,1.25,-2.66
1790743314.32923,179.73,1.26,-2.65
1790743314.370338,179.72,1.26,-2.65
1790743314.4307892,179.71,1.27,-2.65
1790743314.4896472,179.7,1.27,-2.64
1790743314.529145,179.69,1.27,-2.63
1790743314.581101,179.44,1.28,-2.65
1790743314.650893,176.05,1.16,-2.72
1790743314.684184,173.28,1.02,-2.8
1790743314.74991,170.44,0.92,-2.85
1790743314.7896361,167.45,0.8,-2.84
1790743314.850616,160.99,0.5,-3.02
1790743314.9127932,157.66,0.33,-3.13
1790743314.950542,154.3,0.15,-3.13
1790743315.012424,150.96,-0.0,-3.12
1790743315.049601,147.6,-0.18,-3.13
1790743315.113235,144.15,-0.29,-3.15
1790743315.16924,140.68,-0.48,-3.16
1790743315.214565,137.21,-0.64,-3.13
1790743315.269438,133.77,-0.82,-3.08
1790743315.329155,130.28,-0.93,-3.05
1790743315.371089,126.83,-1.11,-3.07
1790743315.429027,123.24,-1.26,-2.99
1790743315.469723,119.81,-1.41,-2.96
1790743315.529578,116.25,-1.56,-2.86
1790743315.590225,112.75,-1.71,-2.81
1790743315.649476,109.31,-1.86,-2.7
1790743315.6911628,105.77,-2.02,-2.61
1790743315.752008,102.26,-2.15,-2.51
1790743315.810292,98.76,-2.29,-2.41
1790743315.8493671,95.3,-2.41,-2.29
1790743315.91245,88.72,-2.59,-2.11
1790743315.976671,86.5,-2.65,-2.01
1790743316.030359,84.42,-2.7,-1.93
1790743316.088934,83.87,-2.71,-1.91
1790743316.129358,83.2,-2.72,-1.9
1790743316.192266,82.79,-2.73,-1.87
1790743316.2503092,84.54,-2.69,-1.88
1790743316.309844,84.54,-2.69,-1.88
1790743316.344439,88.08,-2.58,-2.06
1790743316.413158,89.77,-2.53,-2.13
1790743316.450689,91.0,-2.5,-2.2
1790743316.499913,90.87,-2.5,-2.19
1790743316.570291,90.92,-2.5,-2.19
1790743316.60215,90.97,-2.5,-2.19
1790743316.668871,91.06,-2.5,-2.19
1790743316.708142,91.11,-2.5,-2.19
1790743316.7722151,91.14,-2.5,-2.19
1790743316.830514,91.14,-2.5,-2.18
1790743316.889374,91.16,-2.5,-2.18
1790743316.929922,91.17,-2.49,-2.18
1790743316.989863,91.24,-2.5,-2.18
1790743317.0472891,91.25,-2.5,-2.18
1790743317.111414,91.33,-2.5,-2.17
1790743317.149965,91.36,-2.5,-2.17
1790743317.199875,91.37,-2.51,-2.17
1790743317.26247,91.37,-2.51,-2.17
1790743317.3290849,91.36,-2.5,-2.17
1790743317.38892,91.36,-2.51,-2.17
1790743317.429388,91.36,-2.51,-2.17
1790743317.4911911,91.35,-2.51,-2.16
1790743317.5313458,91.34,-2.5,-2.16
1790743317.590431,91.34,-2.43,-2.18
1790743317.6292639,91.1,-2.38,-2.13
1790743317.692588,90.82,-2.41,-2.1
1790743317.729229,90.81,-2.41,-2.06
1790743317.789082,90.94,-2.49,-2.09
1790743317.849516,90.99,-2.61,-2.09
1790743317.9103959,90.99,-2.61,-2.09
1790743317.949743,90.92,-2.63,-2.04
1790743318.009922,90.88,-2.65,-2.06
1790743318.049234,90.8,-2.58,-2.11
1790743318.110933,90.79,-2.59,-2.08
1790743318.1602418,90.7,-2.56,-2.04
1790743318.269601,90.61,-2.6,-2.05
1790743318.30663,90.52,-2.66,-2.05
1790743318.371219,90.45,-2.69,-2.05
1790743318.41126,90.44,-2.67,-2.07
1790743318.464166,90.4,-2.7,-2.09
1790743318.530664,90.3,-2.67,-2.1
1790743318.5922902,90.27,-2.69,-1.95
1790743318.6301582,90.32,-2.66,-1.97
1790743318.682063,90.0,-2.64,-1.98
1790743318.749287,90.03,-2.58,-2.05
1790743318.808755,90.06,-2.54,-2.0
1790743318.851809,90.04,-2.49,-2.06
1790743318.909085,90.06,-2.54,-2.11
1790743318.9730911,90.03,-2.6,-2.12
1790743319.029272,90.05,-2.59,-2.0
1790743319.064733,90.06,-2.54,-1.95
1790743319.1296551,90.1,-2.55,-1.97
1790743319.189282,90.13,-2.53,-1.98
1790743319.229055,90.05,-2.49,-1.99
1790743319.3088,89.86,-2.39,-2.01
1790743319.3520849,89.92,-2.33,-2.0
1790743319.408988,89.91,-2.38,-2.0
1790743319.4718761,89.91,-2.45,-1.91
1790743319.5094888,89.89,-2.52,-1.91
1790743319.5729358,90.04,-2.55,-1.94
1790743319.62932,89.98,-2.56,-1.94
1790743319.664432,89.98,-2.59,-2.0
1790743319.7300348,89.92,-2.6,-2.0
1790743319.779996,89.91,-2.6,-2.02
1790743319.850532,89.88,-2.61,-2.02
1790743319.890506,89.9,-2.6,-2.01
1790743319.951509,89.9,-2.59,-2.0
1790743320.009116,89.9,-2.58,-1.99
1790743320.052616,89.87,-2.57,-1.98
1790743320.108885,89.87,-2.57,-1.97
1790743320.149766,89.86,-2.57,-1.97
1790743320.2093,89.85,-2.56,-1.96
1790743320.289143,89.84,-2.56,-1.96
1790743320.325181,89.83,-2.56,-1.95
1790743320.3807738,89.83,-2.56,-1.95
1790743320.449879,84.87,-2.65,-1.8
1790743320.509342,82.35,-2.68,-1.71
1790743320.570008,79.41,-2.76,-1.59
1790743320.609362,76.21,-2.81,-1.47
1790743320.6718998,73.0,-2.87,-1.34
1790743320.728775,69.7,-2.9,-1.17
1790743320.774425,66.32,-2.95,-1.0
1790743320.829041,63.09,-3.01,-0.88
1790743320.871954,59.57,-3.02,-0.71
1790743320.922893,56.15,-3.03,-0.59
1790743320.98915,52.74,-3.04,-0.35
1790743321.025836,49.33,-3.02,-0.23
1790743321.079316,45.74,-3.0,-0.06
1790743321.149138,42.3,-2.95,0.08
1790743321.189385,38.86,-2.9,0.26
1790743321.270483,31.78,-2.79,0.6
1790743321.310396,28.26,-2.72,0.77
1790743321.370665,24.88,-2.66,0.86
1790743321.4319549,21.23,-2.56,1.02
1790743321.4889631,17.86,-2.51,1.12
1790743321.532159,14.28,-2.37,1.28
1790743321.579527,10.83,-2.29,1.43
1790743321.648942,7.17,-2.13,1.55
1790743321.688917,3.81,-2.04,1.63
1790743321.7490392,0.7,-1.92,1.71
1790743321.789792,-1.88,-1.81,1.8
1790743321.850522,-3.96,-1.72,1.83
1790743321.889525,-4.21,-1.69,1.83
1790743321.939472,-4.88,-1.66,1.85
1790743321.987542,-5.57,-1.63,1.86
1790743322.0470772,-4.87,-1.64,1.86
1790743322.10958,-3.29,-1.72,1.82
1790743322.169097,-1.85,-1.77,1.8
1790743322.214356,-0.51,-1.82,1.74
1790743322.269115,0.62,-1.87,1.69
1790743322.331306,0.78,-1.89,1.68
1790743322.3691058,0.82,-1.88,1.69
1790743322.4327838,0.82,-1.88,1.69
1790743322.488916,0.85,-1.88,1.69
1790743322.531369,0.91,-1.88,1.69
1790743322.585602,0.93,-1.89,1.69
1790743322.631179,0.92,-1.89,1.7
1790743322.687212,0.91,-1.88,1.7
1790743322.7695029,0.9,-1.88,1.71
1790743322.8306508,0.89,-1.88,1.71
1790743322.870858,0.86,-1.88,1.71
1790743322.929569,0.87,-1.88,1.72
1790743322.9701738,0.86,-1.88,1.72
1790743323.0312698,0.88,-1.88,1.72
1790743323.089374,0.87,-1.87,1.72
1790743323.148781,0.87,-1.87,1.72
1790743323.189916,0.86,-1.88,1.73
1790743323.244307,0.85,-1.87,1.73
1790743323.29704,0.84,-1.87,1.73
1790743323.369764,0.83,-1.87,1.74
1790743323.430474,0.82,-1.87,1.74
1790743323.469398,0.83,-1.84,1.74
1790743323.531664,0.71,-1.79,1.75
1790743323.5691872,0.62,-1.75,1.73
1790743323.6339252,0.56,-1.77,1.75
1790743323.6888509,0.62,-1.79,1.75
1790743323.733867,0.64,-1.84,1.75
1790743323.7893848,0.78,-1.96,1.73
1790743323.8493812,0.75,-2.0,1.71
1790743323.909495,0.7,-2.02,1.73
1790743323.949297,0.58,-1.98,1.74
1790743324.008794,0.59,-1.94,1.72
1790743324.049363,0.55,-1.93,1.75
1790743324.102294,0.53,-1.91,1.79
1790743324.169256,0.44,-1.92,1.75
1790743324.20964,0.38,-1.95,1.78
1790743324.289027,0.44,-1.95,1.76
1790743324.331469,0.36,-1.99,1.8
1790743324.389303,0.37,-1.96,1.77
1790743324.449604,0.3,-1.97,1.76
1790743324.489616,0.22,-1.96,1.74
1790743324.5498502,0.18,-1.97,1.75
1790743324.589708,0.12,-1.98,1.76
1790743324.6498718,0.1,-2.02,1.78
1790743324.70752,0.03,-1.98,1.83
1790743324.769332,-0.03,-1.99,1.86
1790743324.808058,0.05,-1.97,1.79
1790743324.8724532,-0.01,-1.96,1.8
1790743324.943408,0.0,-1.9,1.8
1790743325.0089118,-0.06,-1.89,1.83
1790743325.0493171,-0.14,-1.78,1.97
1790743325.108553,-0.2,-1.69,2.01
1790743325.169184,-0.22,-1.64,2.03
1790743325.230884,-0.22,-1.59,1.95
1790743325.2896771,-0.13,-1.5,1.85
1790743325.330884,-0.07,-1.49,1.86
1790743325.389279,-0.12,-1.45,1.93
1790743325.448883,-0.12,-1.47,1.9
1790743325.4938712,-0.03,-1.55,1.89
1790743325.54922,0.15,-1.59,1.86
1790743325.5939121,0.25,-1.6,1.86
1790743325.649256,0.13,-1.57,1.86
1790743325.709405,0.11,-1.57,1.87
1790743325.7607942,0.1,-1.57,1.86
1790743325.829857,0.1,-1.57,1.87
1790743325.870691,0.09,-1.57,1.87
1790743325.929208,0.08,-1.57,1.87
1790743325.991498,0.08,-1.57,1.88
1790743326.03006,0.07,-1.57,1.88
1790743326.0917602,0.05,-1.57,1.88
1790743326.1491468,0.05,-1.56,1.89
1790743326.209146,0.03,-1.56,1.89
1790743326.250405,0.01,-1.56,1.89
1790743326.309005,-0.01,-1.55,1.9
1790743326.349272,-0.08,-1.48,1.89
1790743326.409289,-0.13,-1.42,1.9
1790743326.466212,-0.17,-1.45,1.92
1790743326.5091898,-0.27,-1.52,1.93
1790743326.5693629,-0.3,-1.57,1.95
1790743326.609083,-0.24,-1.65,1.93
1790743326.663229,-0.26,-1.72,1.95
1790743326.7304902,-0.24,-1.76,1.92
1790743326.765341,-0.19,-1.75,1.97
1790743326.831029,-0.1,-1.75,1.94
1790743326.8914099,-0.16,-1.68,1.91
1790743326.94925,-0.28,-1.67,1.99
1790743326.992579,-0.23,-1.69,1.93
1790743327.04898,-0.2,-1.67,1.89
1790743327.109226,-0.18,-1.76,1.8
1790743327.170124,-0.21,-1.82,1.8
1790743327.225214,-0.22,-1.82,1.85
1790743327.2905002,-0.24,-1.88,1.86
1790743327.327462,-0.19,-1.85,1.9
1790743327.39035,-0.13,-1.87,1.92
1790743327.448765,-0.09,-1.88,1.97
1790743327.490535,-0.07,-1.97,1.97
1790743327.549927,-0.17,-1.99,2.03
1790743327.6090639,0.01,-2.01,1.93
1790743327.650144,-0.0,-2.01,1.92
1790743327.705185,-0.1,-1.99,1.92
1790743327.769554,-0.09,-1.98,1.93
1790743327.8286972,-0.19,-1.96,1.96
1790743327.869338,-0.16,-1.95,1.98
1790743327.928991,-0.2,-1.95,1.99
1790743327.992641,-0.2,-1.92,2.04
1790743328.0490031,-0.12,-1.9,1.99
1790743328.083158,-0.27,-1.86,2.01
1790743328.1508532,-0.23,-1.83,1.91
1790743328.209103,-0.28,-1.81,1.84
1790743328.250048,-0.32,-1.81,1.86
1790743328.310343,-0.29,-1.79,1.86
1790743328.3703208,-0.34,-1.73,1.91
1790743328.42874,-0.46,-1.71,1.92
1790743328.4707782,-0.41,-1.67,1.93
1790743328.5323899,-0.35,-1.68,1.92
1790743328.592343,-0.29,-1.71,1.9
1790743328.629072,-0.23,-1.7,1.76
1790743328.679729,-0.34,-1.66,1.73
1790743328.7494972,-0.29,-1.63,1.79
1790743328.808703,-0.19,-1.53,1.89
1790743328.849299,-0.0,-1.45,1.88
1790743328.909465,-0.06,-1.4,1.91
1790743328.969047,0.01,-1.39,1.89
1790743329.009311,-0.08,-1.4,1.98
1790743329.069584,0.0,-1.47,1.94
1790743329.128853,-0.01,-1.5,1.93
1790743329.170186,-0.01,-1.52,1.94
1790743329.2325928,-0.08,-1.5,1.94
1790743329.2906141,-0.07,-1.5,1.95
1790743329.350631,-0.09,-1.49,1.96
1790743329.393656,-0.1,-1.49,1.96
1790743329.468862,-0.12,-1.47,1.98
1790743329.5103722,-0.13,-1.46,1.99
1790743329.569556,-0.14,-1.45,2.0
1790743329.609596,-0.14,-1.45,2.01
1790743329.671938,-0.15,-1.45,2.01
1790743329.72885,-0.14,-1.44,2.01
1790743329.770404,-0.15,-1.45,2.01
1790743329.830558,-0.15,-1.45,2.0
1790743329.871148,-0.12,-1.45,2.0
1790743329.929049,-0.15,-1.45,2.0
1790743329.992741,-0.17,-1.45,1.99
1790743330.049113,-0.19,-1.45,1.99
1790743330.09187,-0.21,-1.46,1.98
1790743330.1371598,-0.2,-1.46,1.97
1790743330.209235,-0.2,-1.46,1.97
1790743330.248287,-0.19,-1.46,1.96
1790743330.309377,-0.2,-1.46,1.95
1790743330.3703291,-0.2,-1.46,1.95
1790743330.405532,-0.18,-1.47,1.94
1790743330.4686358,-0.22,-1.47,1.93
1790743330.509305,-0.21,-1.47,1.93
1790743330.569314,-0.21,-1.47,1.92
1790743330.629792,-0.22,-1.47,1.92
1790743330.670347,-0.22,-1.47,1.91
1790743330.729868,-0.22,-1.48,1.91
1790743330.76956,-0.24,-1.48,1.9
1790743330.830559,-0.22,-1.48,1.9
1790743330.87075,-0.22,-1.48,1.89
1790743330.9293509,-0.21,-1.49,1.88
1790743330.9896388,-0.24,-1.49,1.88
1790743331.029353,-0.25,-1.49,1.87
1790743331.089493,-0.26,-1.5,1.87
1790743331.149843,-0.26,-1.5,1.86
1790743331.192818,-0.25,-1.5,1.86
1790743331.250444,-0.25,-1.5,1.85
1790743331.309727,-0.32,-1.51,1.84
1790743331.354476,-0.28,-1.51,1.83
1790743331.3996859,-0.28,-1.51,1.83
1790743331.4688509,-0.29,-1.51,1.82
1790743331.529448,-0.29,-1.52,1.81
1790743331.570364,-0.29,-1.52,1.8
1790743331.629144,-0.29,-1.52,1.8
1790743331.688892,-0.29,-1.53,1.79
1790743331.730245,-0.29,-1.53,1.78
1790743331.789511,-0.29,-1.53,1.78
1790743331.849927,-0.28,-1.5,1.77
1790743331.889469,-0.24,-1.45,1.76
1790743331.950597,-0.25,-1.44,1.8
1790743331.9894521,-0.26,-1.47,1.84
1790743332.051764,-0.19,-1.62,1.77
1790743332.108895,-0.18,-1.66,1.79
1790743332.1684742,-0.04,-1.68,1.7
1790743332.2018921,-0.09,-1.68,1.7
1790743332.270328,-0.06,-1.71,1.67
1790743332.309532,-0.07,-1.66,1.62
1790743332.365036,-0.06,-1.65,1.61
1790743332.429766,-0.08,-1.65,1.63
1790743332.46856,-0.08,-1.68,1.61
1790743332.530484,-0.08,-1.73,1.57
1790743332.5892212,-0.13,-1.75,1.56
1790743332.6509051,-0.1,-1.78,1.58
1790743332.6897511,-0.12,-1.82,1.57
1790743332.751877,-0.13,-1.81,1.56
1790743332.8088162,-0.06,-1.8,1.57
1790743332.867842,-0.12,-1.75,1.6
1790743332.913433,-0.06,-1.8,1.55
1790743332.9691389,-0.13,-1.8,1.58
1790743333.009464,-0.03,-1.87,1.57
1790743333.0623639,-0.04,-1.91,1.56
1790743333.1300101,-0.03,-1.92,1.56
1790743333.168733,-0.02,-1.93,1.59
1790743333.2298,0.04,-1.93,1.54
1790743333.292452,-0.04,-1.89,1.55
1790743333.350527,0.03,-1.92,1.53
1790743333.390728,0.01,-1.92,1.56
1790743333.4522948,0.09,-1.95,1.5
1790743333.5087109,-0.03,-1.9,1.53
1790743333.5536268,-0.01,-1.92,1.47
1790743333.608657,-0.05,-1.96,1.49
1790743333.65312,0.03,-1.99,1.49
1790743333.708707,0.02,-1.98,1.47
1790743333.7699368,-0.05,-2.0,1.49
1790743333.809494,0.05,-2.0,1.39
1790743333.870506,0.01,-2.03,1.33
1790743333.932466,-0.09,-2.07,1.33
1790743333.9894521,-0.02,-2.12,1.43
1790743334.0523431,0.01,-2.17,1.42
1790743334.109504,0.05,-2.24,1.46
1790743334.169015,0.17,-2.26,1.37
1790743334.210359,0.25,-2.27,1.32
1790743334.266884,0.3,-2.32,1.28
1790743334.330154,0.38,-2.33,1.27
1790743334.390671,0.35,-2.31,1.26
1790743334.4253,0.35,-2.31,1.28
1790743334.489662,0.35,-2.31,1.28
1790743334.550514,0.29,-2.3,1.28
1790743334.609611,-0.01,-2.29,1.28
1790743334.6686661,-0.09,-2.3,1.31
1790743334.7090619,-0.03,-2.27,1.34
1790743334.768919,-0.07,-2.28,1.34
1790743334.829249,-0.05,-2.28,1.32
1790743334.893134,-0.1,-2.27,1.31
1790743334.95059,-0.13,-2.28,1.3
1790743334.992692,-0.09,-2.29,1.29
1790743335.0489678,-0.07,-2.29,1.31
1790743335.113488,-0.2,-2.28,1.32
1790743335.168999,-0.23,-2.28,1.31
1790743335.212076,-0.22,-2.27,1.32
1790743335.2694411,-0.19,-2.29,1.27
1790743335.3209112,-0.06,-2.27,1.25
1790743335.38973,-0.17,-2.26,1.22
1790743335.425086,-0.18,-2.27,1.19
1790743335.483766,-0.08,-2.27,1.16
1790743335.548692,-0.11,-2.28,1.16
1790743335.5841112,-0.11,-2.28,1.16
1790743335.648993,-0.1,-2.29,1.15
1790743335.7112498,-0.1,-2.29,1.14
1790743335.768747,-0.07,-2.29,1.13
1790743335.828632,-0.08,-2.3,1.12
1790743335.869357,-0.1,-2.3,1.11
1790743335.928859,-0.1,-2.3,1.11
1790743335.989569,-0.1,-2.31,1.1
1790743336.0497448,-0.09,-2.31,1.1
1790743336.084321,-0.09,-2.31,1.09
1790743336.148903,-0.09,-2.32,1.08
1790743336.228151,-0.1,-2.33,1.07
1790743336.269086,-0.22,-2.32,1.05
1790743336.3268852,-0.17,-2.32,1.05
1790743336.369515,-0.17,-2.33,1.04
1790743336.429847,-0.2,-2.33,1.04
1790743336.488857,-0.16,-2.34,1.03
1790743336.5303512,-0.23,-2.33,1.03
1790743336.582106,-0.2,-2.34,1.02
1790743336.648931,-0.21,-2.34,1.01
1790743336.6911418,-0.21,-2.34,1.01
1790743336.7688699,-0.2,-2.35,1.0
1790743336.812845,-0.2,-2.35,0.99
1790743336.868806,-0.21,-2.35,0.99
1790743336.9286559,-0.21,-2.36,0.98
1790743336.9699662,-0.2,-2.36,0.98
1790743337.019237,-0.2,-2.36,0.97
1790743337.088428,-0.2,-2.36,0.97
1790743337.130062,-0.2,-2.36,0.97
1790743337.190382,-0.2,-2.36,0.97
1790743337.229342,-0.2,-2.36,0.97
1790743337.2871401,-0.2,-2.36,0.97
1790743337.3490381,-0.2,-2.36,0.97
1790743337.412885,-0.2,-2.36,0.97
1790743337.468859,-0.21,-2.36,0.97
1790743337.514079,-0.2,-2.36,0.97
1790743337.5694919,-0.2,-2.36,0.97
1790743337.6132889,-0.2,-2.36,0.97
1790743337.668868,-0.2,-2.36,0.97
1790743337.704182,-0.2,-2.36,0.97
1790743337.7693381,-0.2,-2.36,0.97
1790743337.8320389,-0.2,-2.36,0.97
1790743337.891972,-0.2,-2.36,0.97
1790743337.9292622,-0.19,-2.36,0.95
1790743337.989631,-0.18,-2.36,0.96
1790743338.048619,-0.23,-2.36,0.96
1790743338.0894568,-0.25,-2.36,0.97
1790743338.149251,-0.27,-2.36,0.97
1790743338.21031,-0.43,-2.35,0.97
1790743338.26798,-0.41,-2.36,0.98
1790743338.3094249,-0.43,-2.35,0.98
1790743338.369397,-0.45,-2.35,0.98
1790743338.430273,-0.42,-2.36,0.98
1790743338.489472,-0.45,-2.35,0.99
1790743338.53025,-0.46,-2.35,0.99
1790743338.5889332,-0.48,-2.36,0.99
1790743338.6288671,-0.49,-2.35,0.99
1790743338.68907,-0.5,-2.35,0.98
1790743338.729383,-0.5,-2.36,0.99
1790743338.789144,-0.51,-2.35,0.99
1790743338.852407,-0.57,-2.31,1.0
1790743338.9119759,-0.58,-2.29,0.99
1790743338.968813,-0.66,-2.31,1.08
1790743339.028769,-0.64,-2.37,1.11
1790743339.0688179,-0.69,-2.41,1.08
1790743339.1297028,-0.69,-2.44,1.11
1790743339.189386,-0.69,-2.47,1.06
1790743339.2290938,-0.66,-2.46,1.05
1790743339.289866,-0.72,-2.45,1.05
1790743339.3513448,-0.79,-2.4,1.05
1790743339.4085891,-0.77,-2.4,1.0
1790743339.4724932,-0.8,-2.41,1.0
1790743339.528809,-0.82,-2.45,1.02
1790743339.573243,-0.81,-2.5,0.96
1790743339.629429,-0.81,-2.55,0.99
1790743339.670434,-0.74,-2.57,0.98
1790743339.730447,-0.63,-2.57,0.97
1790743339.7890298,-0.64,-2.56,0.97
1790743339.848541,-0.58,-2.54,0.93
1790743339.889451,-0.6,-2.53,0.94
1790743339.94987,-0.61,-2.53,0.96
1790743340.010018,-0.62,-2.55,0.97
1790743340.049879,-0.64,-2.53,0.98
1790743340.110594,-0.65,-2.52,1.0
1790743340.172522,-0.66,-2.52,1.0
1790743340.229908,-0.66,-2.52,1.0
1790743340.2924008,-0.67,-2.52,1.01
1790743340.33125,-0.68,-2.53,1.01
1790743340.3898602,-0.69,-2.53,1.02
1790743340.44981,-0.69,-2.53,1.01
1790743340.491312,-0.69,-2.53,1.02
1790743340.5495412,-0.71,-2.53,1.02
1790743340.589916,-0.72,-2.52,1.03
1790743340.650068,-0.74,-2.53,1.03
1790743340.7304661,-0.77,-2.53,1.02
1790743340.791284,-0.75,-2.53,1.03
1790743340.8313758,-0.77,-2.53,1.03
1790743340.890312,-0.79,-2.54,1.04
1790743340.9495502,-0.8,-2.53,1.03
1790743340.990067,-0.81,-2.54,1.05
1790743341.049727,-0.81,-2.53,1.04
1790743341.089491,-0.81,-2.53,1.05
1790743341.1511822,-0.84,-2.54,1.05
1790743341.2121458,-0.85,-2.53,1.05
1790743341.263026,-0.86,-2.53,1.05
1790743341.3107562,-0.9,-2.53,1.06
1790743341.36414,-0.91,-2.53,1.06
1790743341.429837,-0.93,-2.53,1.07
1790743341.4899578,-0.93,-2.54,1.07
1790743341.52178,-0.93,-2.53,1.08
1790743341.5902889,-0.94,-2.53,1.08
1790743341.629882,-0.93,-2.53,1.08
1790743341.689932,-0.98,-2.53,1.09
1790743341.749755,-0.99,-2.53,1.09
1790743341.810797,-0.99,-2.53,1.1
1790743341.8513658,-1.01,-2.53,1.1
1790743341.9094741,-1.0,-2.53,1.1
1790743341.951199,-1.0,-2.53,1.1
1790743342.010396,-1.01,-2.54,1.11
1790743342.070834,-1.02,-2.52,1.11
1790743342.1309571,-1.04,-2.53,1.12
1790743342.174562,-1.04,-2.53,1.12
1790743342.229702,-1.06,-2.54,1.12
1790743342.272508,-1.06,-2.54,1.13
1790743342.3217049,-1.06,-2.53,1.13
1790743342.390681,-1.06,-2.54,1.13
1790743342.4256299,-1.06,-2.54,1.13
1790743342.48073,-1.12,-2.54,1.13
1790743342.5306308,-1.14,-2.54,1.13
1790743342.5902998,-1.14,-2.54,1.13
1790743342.649696,-1.15,-2.54,1.13
1790743342.686858,-1.14,-2.54,1.13
1790743342.769567,-1.16,-2.54,1.14
1790743342.810034,-1.19,-2.51,1.12
1790743342.871534,-1.19,-2.53,1.14
1790743342.935898,-1.2,-2.53,1.14
1790743343.0094662,-1.22,-2.53,1.14
1790743343.0523598,-1.23,-2.53,1.15
1790743343.1096509,-1.24,-2.54,1.15
1790743343.153753,-1.26,-2.54,1.16
1790743343.211061,-1.26,-2.54,1.16
1790743343.2706702,-1.27,-2.54,1.16
1790743343.310383,-1.27,-2.55,1.16
1790743343.374861,-1.27,-2.55,1.17
1790743343.4323368,-1.27,-2.55,1.17
1790743343.472594,-1.26,-2.54,1.17
1790743343.52615,-1.37,-2.55,1.17
1790743343.590361,-1.39,-2.55,1.18
1790743343.628268,-1.39,-2.55,1.17
1790743343.689688,-1.4,-2.55,1.18
1790743343.7295492,-1.41,-2.55,1.18
1790743343.7911959,-1.42,-2.55,1.18
1790743343.84965,-1.42,-2.55,1.18
1790743343.8841898,-1.43,-2.55,1.19
1790743343.949607,-1.44,-2.56,1.19
1790743343.989816,-1.44,-2.56,1.19
1790743344.049665,-1.45,-2.56,1.2
1790743344.109452,-1.45,-2.56,1.2
1790743344.149764,-1.46,-2.56,1.2
1790743344.209858,-1.46,-2.56,1.2
1790743344.2699652,-1.47,-2.56,1.2
1790743344.3111172,-1.47,-2.56,1.21
1790743344.36942,-1.47,-2.56,1.21
1790743344.4099011,-1.48,-2.56,1.21
1790743344.4695811,-1.48,-2.56,1.21
1790743344.5100212,-1.49,-2.56,1.21
1790743344.5703208,-1.49,-2.56,1.21
1790743344.632264,-1.5,-2.56,1.21
1790743344.670211,-1.5,-2.57,1.22
1790743344.732607,-1.5,-2.57,1.22
1790743344.790963,-1.51,-2.57,1.22
1790743344.832353,-1.51,-2.57,1.22
1790743344.890284,-1.52,-2.57,1.23
1790743344.948422,-1.53,-2.57,1.23
1790743344.989784,-1.53,-2.57,1.23
1790743345.049578,-1.54,-2.58,1.24
1790743345.087858,-1.54,-2.58,1.24
1790743345.140623,-1.55,-2.58,1.24
1790743345.209504,-1.56,-2.58,1.24
1790743345.249411,-1.56,-2.58,1.25
1790743345.309937,-1.56,-2.58,1.25
1790743345.3728268,-1.61,-2.58,1.26
1790743345.429687,-1.66,-2.58,1.25
1790743345.472498,-1.72,-2.58,1.26
1790743345.5307379,-1.74,-2.58,1.26
1790743345.5900228,-1.75,-2.58,1.27
1790743345.64697,-1.77,-2.58,1.27
1790743345.689928,-1.79,-2.58,1.27
1790743345.749645,-1.8,-2.58,1.28
1790743345.791465,-1.8,-2.58,1.28
1790743345.849115,-1.79,-2.59,1.28
1790743345.905868,-1.82,-2.58,1.28
1790743345.973672,-1.83,-2.58,1.29
1790743346.011321,-1.87,-2.58,1.29
1790743346.071736,-1.85,-2.58,1.3
1790743346.131829,-1.89,-2.58,1.3
1790743346.1738508,-1.91,-2.58,1.3
1790743346.230775,-1.92,-2.58,1.3
1790743346.270952,-1.92,-2.58,1.3
1790743346.330177,-1.97,-2.61,1.31
1790743346.3904588,-2.06,-2.62,1.31
1790743346.4327302,-2.2,-2.6,1.27
1790743346.4899251,-2.23,-2.55,1.35
1790743346.548577,-2.27,-2.53,1.32
1790743346.589908,-2.35,-2.53,1.35
1790743346.651237,-2.37,-2.51,1.4
1790743346.6898959,-2.39,-2.5,1.36
1790743346.7499268,-2.4,-2.53,1.34
1790743346.808969,-2.4,-2.54,1.35
1790743346.849489,-2.41,-2.54,1.35
1790743346.909958,-1.76,-2.58,1.34
1790743346.949933,1.76,-2.66,1.21
1790743347.001206,4.32,-2.7,1.05
1790743347.0707462,7.13,-2.76,0.92
1790743347.1098208,10.31,-2.87,0.77
1790743347.172024,13.39,-2.93,0.61
1790743347.230966,16.66,-3.03,0.5
1790743347.2713869,19.96,-3.08,0.32
1790743347.33114,23.29,-3.15,0.22
1790743347.4108002,26.69,-3.18,0.04
1790743347.452405,30.1,-3.21,-0.11
1790743347.4923148,33.45,-3.26,-0.3
1790743347.549699,40.41,-3.28,-0.6
1790743347.592799,40.41,-3.28,-0.6
1790743347.64957,47.28,-3.24,-0.91
1790743347.709596,50.71,-3.22,-1.08
1790743347.7498271,54.25,-3.18,-1.28
1790743347.8097122,57.64,-3.13,-1.44
1790743347.870649,61.16,-3.05,-1.58
1790743347.908041,64.66,-2.99,-1.76
1790743347.973808,68.12,-2.92,-1.88
1790743348.009214,71.56,-2.81,-2.08
1790743348.073229,75.0,-2.68,-2.16
1790743348.131524,78.59,-2.59,-2.28
1790743348.191196,82.05,-2.44,-2.39
1790743348.232664,85.42,-2.33,-2.53
1790743348.292889,88.69,-2.21,-2.63
1790743348.330359,91.21,-2.11,-2.7
1790743348.392184,93.28,-2.02,-2.77
1790743348.449554,93.99,-2.0,-2.81
1790743348.492636,94.44,-1.97,-2.81
1790743348.551258,95.46,-1.9,-2.84
1790743348.6095161,94.91,-1.93,-2.83
1790743348.65025,93.3,-2.03,-2.77
1790743348.709922,91.99,-2.09,-2.71
1790743348.763097,90.82,-2.14,-2.68
1790743348.8311691,89.94,-2.17,-2.67
1790743348.8687072,90.01,-2.17,-2.66
1790743348.933432,89.98,-2.17,-2.66
1790743348.971141,89.95,-2.17,-2.66
1790743349.030762,89.82,-2.17,-2.66
1790743349.070364,89.8,-2.17,-2.66
1790743349.132847,89.8,-2.17,-2.65
1790743349.191568,89.8,-2.17,-2.65
1790743349.249493,89.79,-2.16,-2.64
1790743349.31301,89.78,-2.17,-2.63
1790743349.349944,89.77,-2.17,-2.63
1790743349.409843,89.76,-2.17,-2.63
1790743349.470382,89.78,-2.17,-2.63
1790743349.510827,89.73,-2.17,-2.63
1790743349.5721018,89.73,-2.17,-2.62
1790743349.611073,89.72,-2.17,-2.61
1790743349.684746,89.74,-2.17,-2.61
1790743349.749559,89.71,-2.18,-2.61
1790743349.789921,89.67,-2.18,-2.6
1790743349.851155,89.61,-2.19,-2.59
1790743349.909468,89.61,-2.19,-2.59
1790743349.9499562,89.59,-2.19,-2.59
1790743350.009592,89.58,-2.19,-2.58
1790743350.050072,89.57,-2.19,-2.58
1790743350.1096342,89.54,-2.19,-2.58
1790743350.172566,89.54,-2.19,-2.58
1790743350.2300758,89.56,-2.19,-2.58
1790743350.272011,89.55,-2.19,-2.58
1790743350.3310468,89.51,-2.19,-2.57
1790743350.39215,89.48,-2.2,-2.57
1790743350.432868,89.46,-2.2,-2.57
1790743350.479012,89.45,-2.2,-2.56
1790743350.54953,89.44,-2.21,-2.56
1790743350.5842729,89.41,-2.21,-2.56
1790743350.649842,89.42,-2.21,-2.55
1790743350.7095768,89.39,-2.21,-2.55
1790743350.7512121,89.39,-2.21,-2.55
1790743350.80959,89.34,-2.22,-2.55
1790743350.849865,89.34,-2.22,-2.55
1790743350.9103098,89.32,-2.23,-2.55
1790743350.9504378,89.32,-2.23,-2.54
1790743351.010668,89.35,-2.22,-2.54
1790743351.071711,89.32,-2.24,-2.54
1790743351.110223,89.3,-2.24,-2.54
1790743351.1722,89.24,-2.24,-2.53
1790743351.228605,89.22,-2.24,-2.53
1790743351.271264,89.22,-2.25,-2.53
1790743351.330857,89.22,-2.25,-2.53
1790743351.371155,89.21,-2.25,-2.53
1790743351.430666,89.2,-2.25,-2.53
1790743351.4711199,89.2,-2.25,-2.53
1790743351.5329962,89.19,-2.25,-2.52
1790743351.590838,89.19,-2.25,-2.52
1790743351.632606,89.18,-2.25,-2.52
1790743351.681209,89.19,-2.23,-2.52
1790743351.7336,89.16,-2.2,-2.53
1790743351.7934022,89.13,-2.19,-2.5
1790743351.840142,89.19,-2.26,-2.51
1790743351.911238,89.3,-2.36,-2.52
1790743351.969766,89.33,-2.4,-2.52
1790743352.009839,89.53,-2.44,-2.51
1790743352.069698,89.57,-2.4,-2.55
1790743352.11057,89.48,-2.43,-2.61
1790743352.16991,89.48,-2.43,-2.62
1790743352.229367,89.35,-2.41,-2.55
1790743352.269967,89.44,-2.4,-2.53
1790743352.332136,89.4,-2.39,-2.47
1790743352.370006,89.55,-2.41,-2.54
1790743352.4323242,89.57,-2.38,-2.55
1790743352.470113,89.55,-2.4,-2.56
1790743352.531551,89.58,-2.34,-2.51
1790743352.5905511,89.66,-2.34,-2.47
1790743352.632787,89.7,-2.3,-2.5
1790743352.691207,89.7,-2.27,-2.6
1790743352.7517262,89.68,-2.24,-2.6
1790743352.790758,89.7,-2.23,-2.58
1790743352.852434,89.74,-2.2,-2.53
1790743352.90456,89.86,-2.2,-2.59
1790743352.969388,89.8,-2.19,-2.56
1790743353.009737,89.88,-2.19,-2.62
1790743353.070047,89.8,-2.16,-2.64
1790743353.130032,89.9,-2.2,-2.64
1790743353.169749,89.88,-2.2,-2.59
1790743353.2294452,89.88,-2.2,-2.56
1790743353.289676,89.94,-2.25,-2.55
1790743353.3308978,89.91,-2.25,-2.52
1790743353.3909152,89.91,-2.29,-2.55
1790743353.4299939,89.92,-2.33,-2.54
1790743353.489432,90.02,-2.3,-2.58
1790743353.529867,89.94,-2.33,-2.59
1790743353.591213,89.91,-2.35,-2.62
1790743353.651592,89.86,-2.38,-2.57
1790743353.691373,89.84,-2.45,-2.57
1790743353.746969,89.89,-2.48,-2.55
1790743353.811575,89.92,-2.48,-2.58
1790743353.869571,89.85,-2.52,-2.6
1790743353.909121,89.86,-2.56,-2.59
1790743353.9695601,89.85,-2.61,-2.59
1790743354.0104132,89.83,-2.61,-2.6
1790743354.069519,89.81,-2.6,-2.61
1790743354.13818,89.8,-2.59,-2.61
1790743354.1892831,89.77,-2.59,-2.6
1790743354.231482,89.77,-2.59,-2.59
1790743354.28932,89.76,-2.58,-2.59
1790743354.330892,89.75,-2.58,-2.58
1790743354.389812,89.74,-2.58,-2.58
1790743354.450158,89.73,-2.57,-2.58
1790743354.490177,89.73,-2.57,-2.58
1790743354.552982,89.71,-2.57,-2.57
1790743354.609445,89.71,-2.57,-2.57
1790743354.67019,89.7,-2.58,-2.56
1790743354.701578,89.69,-2.57,-2.56
1790743354.769917,89.68,-2.57,-2.56
1790743354.82977,89.68,-2.57,-2.56
1790743354.8895261,89.67,-2.58,-2.55
1790743354.929727,89.67,-2.58,-2.55
1790743354.990089,89.63,-2.58,-2.55
1790743355.029883,89.64,-2.59,-2.54
1790743355.0897532,89.64,-2.58,-2.55
1790743355.151406,89.66,-2.58,-2.54
1790743355.2089221,89.59,-2.58,-2.54
1790743355.269398,89.6,-2.58,-2.54
1790743355.308449,89.6,-2.58,-2.54
1790743355.3693209,89.59,-2.58,-2.53
1790743355.410547,89.59,-2.58,-2.53
1790743355.470026,89.59,-2.58,-2.53
1790743355.530079,89.58,-2.58,-2.52
1790743355.5704162,89.58,-2.58,-2.52
1790743355.624984,89.57,-2.58,-2.52
1790743355.689644,89.57,-2.58,-2.52
1790743355.7311099,89.56,-2.58,-2.52
1790743355.791455,89.55,-2.59,-2.51
1790743355.849878,89.55,-2.59,-2.51
1790743355.891455,89.55,-2.59,-2.51
1790743355.953302,89.54,-2.59,-2.51
1790743356.0117419,89.54,-2.59,-2.51
1790743356.0696378,89.54,-2.59,-2.51
1790743356.110175,89.54,-2.59,-2.51
1790743356.1697412,89.55,-2.59,-2.51
1790743356.211204,89.54,-2.59,-2.51
1790743356.2663412,89.54,-2.59,-2.51
1790743356.329688,89.54,-2.59,-2.51
1790743356.394858,89.54,-2.59,-2.51
1790743356.4505348,89.55,-2.59,-2.51
1790743356.490846,89.54,-2.59,-2.51
1790743356.5506802,89.55,-2.59,-2.51
1790743356.6093628,89.55,-2.59,-2.51
1790743356.6694698,89.58,-2.59,-2.52
1790743356.710023,89.54,-2.59,-2.51
1790743356.7716951,89.54,-2.6,-2.5
1790743356.827775,89.51,-2.6,-2.51
1790743356.8696032,89.5,-2.61,-2.5
1790743356.92947,89.47,-2.6,-2.5
1790743356.9895868,89.47,-2.61,-2.48
1790743357.029854,89.46,-2.63,-2.48
1790743357.08198,89.45,-2.62,-2.48
1790743357.150132,89.46,-2.63,-2.47
1790743357.211672,89.44,-2.63,-2.46
1790743357.269336,89.44,-2.64,-2.45
1790743357.313226,89.42,-2.64,-2.44
1790743357.3708951,89.39,-2.66,-2.44
1790743357.4294999,89.44,-2.64,-2.43
1790743357.4697988,89.35,-2.67,-2.44
1790743357.531857,89.37,-2.67,-2.43
1790743357.589997,89.38,-2.66,-2.42
1790743357.629749,89.33,-2.67,-2.41
1790743357.6903481,89.31,-2.68,-2.41
1790743357.730326,89.31,-2.69,-2.4
1790743357.787393,89.31,-2.69,-2.4
1790743357.851187,89.3,-2.69,-2.39
1790743357.890025,89.29,-2.7,-2.38
1790743357.9514759,89.29,-2.7,-2.38
1790743358.011822,89.27,-2.71,-2.37
1790743358.0698528,89.27,-2.72,-2.36
1790743358.129317,89.26,-2.72,-2.36
1790743358.169798,89.26,-2.72,-2.35
1790743358.2309499,89.25,-2.73,-2.35
1790743358.2898638,89.25,-2.74,-2.34
1790743358.3290398,89.25,-2.74,-2.34
1790743358.389657,89.24,-2.75,-2.33
1790743358.429068,89.24,-2.75,-2.33
1790743358.489364,89.23,-2.76,-2.32
1790743358.5299468,89.23,-2.76,-2.32
1790743358.5796108,89.22,-2.77,-2.31
1790743358.650325,89.21,-2.78,-2.31
1790743358.709284,89.2,-2.79,-2.3
1790743358.7696111,89.19,-2.79,-2.3
1790743358.81021,89.19,-2.8,-2.29
1790743358.870982,89.18,-2.8,-2.29
1790743358.9292989,89.17,-2.81,-2.28
1790743358.97011,89.17,-2.81,-2.28
1790743359.029854,89.16,-2.82,-2.27
1790743359.069901,89.16,-2.82,-2.27
1790743359.129811,89.15,-2.82,-2.26
1790743359.1848152,89.14,-2.83,-2.26
1790743359.252233,89.12,-2.84,-2.25
1790743359.29004,89.11,-2.84,-2.25
1790743359.343311,89.1,-2.85,-2.23
1790743359.411616,89.07,-2.83,-2.22
1790743359.446378,89.03,-2.82,-2.22
1790743359.51046,88.95,-2.83,-2.2
1790743359.5518389,88.81,-2.83,-2.23
1790743359.61135,88.73,-2.86,-2.22
1790743359.669229,88.63,-2.94,-2.19
1790743359.711612,88.66,-2.97,-2.18
1790743359.7707222,88.6,-3.0,-2.25
1790743359.829397,88.55,-3.05,-2.25
1790743359.869803,88.52,-3.04,-2.23
1790743359.9851909,88.5,-3.03,-2.24
1790743359.989397,88.53,-3.03,-2.22
1790743360.0493388,88.52,-3.03,-2.23
1790743360.089801,88.49,-3.03,-2.23
1790743360.149927,88.41,-3.03,-2.24
1790743360.1928372,88.47,-3.03,-2.22
1790743360.2709289,88.45,-3.03,-2.21
1790743360.3292952,88.43,-3.03,-2.21
1790743360.370037,88.43,-3.04,-2.2
1790743360.4310899,88.43,-3.04,-2.19
1790743360.48927,88.44,-3.04,-2.19
1790743360.530106,88.38,-3.05,-2.18
1790743360.5893152,88.39,-3.05,-2.18
1790743360.6508448,88.39,-3.05,-2.17
1790743360.689504,88.4,-3.07,-2.16
1790743360.7497401,88.39,-3.06,-2.15
1790743360.8094678,88.39,-3.08,-2.13
1790743360.8492281,88.39,-3.07,-2.12
1790743360.911155,88.39,-3.09,-2.12
1790743360.9694002,88.39,-3.08,-2.11
1790743361.029239,88.4,-3.08,-2.11
1790743361.0723178,88.35,-3.09,-2.1
1790743361.129243,88.34,-3.1,-2.09
1790743361.172948,88.35,-3.1,-2.09
1790743361.230907,88.39,-3.1,-2.08
1790743361.290793,88.38,-3.09,-2.07
1790743361.32949,88.35,-3.11,-2.07
1790743361.389261,88.34,-3.11,-2.06
1790743361.448234,88.34,-3.12,-2.06
1790743361.491672,88.33,-3.12,-2.05
1790743361.548245,88.32,-3.13,-2.05
1790743361.591132,88.34,-3.12,-2.04
1790743361.6507509,88.34,-3.13,-2.04
1790743361.6900322,88.31,-3.15,-2.04
1790743361.753027,88.3,-3.14,-2.03
1790743361.811458,88.25,-3.17,-2.01
1790743361.855278,88.29,-3.15,-2.01
1790743361.911341,88.26,-3.15,-2.01
1790743361.961611,88.21,-3.16,-2.0
1790743362.03006,88.22,-3.16,-1.99
1790743362.070973,88.22,-3.17,-1.99
1790743362.1294148,88.21,-3.18,-1.99
1790743362.170839,88.21,-3.18,-1.98
1790743362.230159,88.2,-3.18,-1.98
1790743362.290539,88.2,-3.19,-1.97
1790743362.329747,88.19,-3.19,-1.96
1790743362.389737,88.18,-3.2,-1.96
1790743362.449227,88.17,-3.2,-1.96
1790743362.489464,88.17,-3.21,-1.95
1790743362.549679,88.16,-3.21,-1.95
1790743362.611149,88.15,-3.22,-1.94
1790743362.6510432,88.14,-3.23,-1.93
1790743362.708527,88.13,-3.23,-1.92
1790743362.7697668,88.13,-3.24,-1.92
1790743362.810152,88.12,-3.24,-1.92
1790743362.870173,88.12,-3.24,-1.91
1790743362.909099,88.11,-3.25,-1.91
1790743362.9724338,88.11,-3.25,-1.9
1790743363.012461,88.1,-3.26,-1.9
1790743363.071023,88.09,-3.26,-1.89
1790743363.130013,88.09,-3.27,-1.89
1790743363.189742,88.08,-3.27,-1.88
1790743363.230923,88.07,-3.28,-1.88
1790743363.309536,88.06,-3.28,-1.87
1790743363.351864,88.06,-3.29,-1.87
1790743363.409257,88.05,-3.29,-1.86
1790743363.449793,88.04,-3.3,-1.85
1790743363.510004,88.04,-3.3,-1.85
1790743363.5495749,88.03,-3.31,-1.84
1790743363.610325,88.02,-3.31,-1.84
1790743363.651413,88.01,-3.31,-1.83
1790743363.7115781,88.01,-3.32,-1.83
1790743363.772918,88.0,-3.33,-1.83
1790743363.809603,87.99,-3.33,-1.82
1790743363.8610282,87.98,-3.34,-1.82
1790743363.9286242,87.98,-3.34,-1.81
1790743363.964949,87.97,-3.34,-1.81
1790743364.029567,87.97,-3.35,-1.8
1790743364.089418,87.96,-3.35,-1.8
1790743364.121233,87.93,-3.36,-1.8
1790743364.189198,87.92,-3.36,-1.79
1790743364.227448,87.92,-3.37,-1.78
1790743364.2898839,87.92,-3.37,-1.78
1790743364.349355,87.9,-3.37,-1.78
1790743364.39026,87.86,-3.38,-1.77
1790743364.450231,87.88,-3.39,-1.76
1790743364.5091991,87.84,-3.39,-1.75
1790743364.549644,87.79,-3.4,-1.74
1790743364.6097012,87.79,-3.4,-1.74
1790743364.67076,87.76,-3.41,-1.73
1790743364.71292,87.76,-3.41,-1.73
1790743364.7734232,87.74,-3.42,-1.72
1790743364.828715,87.73,-3.42,-1.71
1790743364.870893,87.73,-3.43,-1.71
1790743364.9294689,87.71,-3.44,-1.7
1790743364.9701009,87.67,-3.47,-1.7
1790743365.0297248,87.58,-3.47,-1.68
1790743365.072293,87.51,-3.43,-1.59
1790743365.12388,87.35,-3.43,-1.67
1790743365.1899168,87.38,-3.38,-1.62
1790743365.228954,87.31,-3.4,-1.6
1790743365.286884,87.3,-3.39,-1.59
1790743365.354424,87.29,-3.39,-1.59
1790743365.40951,87.24,-3.38,-1.62
1790743365.4496331,87.26,-3.38,-1.62
1790743365.510205,87.26,-3.38,-1.62
1790743365.550198,88.51,-3.39,-1.62
1790743365.610324,91.99,-3.3,-1.85
1790743365.669245,94.53,-3.24,-1.98
1790743365.71031,97.49,-3.18,-2.17
1790743365.771366,100.61,-3.07,-2.27
1790743365.829209,103.72,-3.0,-2.39
1790743365.8711748,107.05,-2.88,-2.52
1790743365.9297578,110.29,-2.78,-2.66
1790743365.969886,113.67,-2.67,-2.79
1790743366.032941,117.08,-2.5,-2.88
1790743366.08948,120.41,-2.39,-3.02
1790743366.134645,123.84,-2.2,-3.12
1790743366.184159,127.26,-2.1,-3.22
1790743366.249611,130.73,-1.89,-3.32
1790743366.290794,134.14,-1.77,-3.42
1790743366.3497238,141.15,-1.38,-3.54
1790743366.390559,141.15,-1.38,-3.54
1790743366.4497962,148.03,-0.99,-3.64
1790743366.489223,148.03,-0.99,-3.64
1790743366.547193,154.96,-0.6,-3.63
1790743366.60992,158.47,-0.41,-3.64
1790743366.650569,161.93,-0.19,-3.57
1790743366.711075,165.37,-0.03,-3.59
1790743366.769407,168.88,0.17,-3.53
1790743366.809814,172.24,0.34,-3.48
1790743366.87124,175.84,0.52,-3.43
1790743366.9316459,178.65,0.65,-3.38
1790743366.96963,-178.76,0.78,-3.31
1790743367.0312908,-176.9,0.87,-3.27
1790743367.089181,-175.84,0.92,-3.28
1790743367.148376,-175.42,0.94,-3.26
1790743367.188673,-174.77,0.98,-3.25
1790743367.2468932,-174.66,0.97,-3.26
1790743367.309375,-176.13,0.88,-3.26
1790743367.3506508,-177.62,0.79,-3.3
1790743367.41035,-178.77,0.73,-3.31
1790743367.450124,-179.98,0.67,-3.33
1790743367.510731,179.67,0.66,-3.31
1790743367.5813608,179.58,0.64,-3.31
1790743367.630663,179.55,0.63,-3.3
1790743367.6731951,179.51,0.63,-3.29
1790743367.738817,179.42,0.62,-3.29
1790743367.7904608,179.39,0.61,-3.29
1790743367.83307,179.34,0.6,-3.28
1790743367.8901892,179.32,0.59,-3.28
1790743367.9320772,179.3,0.59,-3.27
1790743367.990334,179.27,0.59,-3.27
1790743368.03081,179.24,0.58,-3.25
1790743368.0908039,179.23,0.58,-3.25
1790743368.1501188,179.22,0.57,-3.24
1790743368.191843,179.23,0.57,-3.24
1790743368.245486,179.14,0.56,-3.23
1790743368.310116,179.12,0.55,-3.22
1790743368.348772,179.09,0.55,-3.22
1790743368.411679,179.07,0.55,-3.21
1790743368.4706,179.07,0.54,-3.21
1790743368.510284,179.1,0.55,-3.2
1790743368.570841,179.06,0.53,-3.19
1790743368.611826,179.02,0.53,-3.19
1790743368.671082,178.93,0.52,-3.19
1790743368.730614,178.89,0.51,-3.19
1790743368.773372,178.87,0.5,-3.18
1790743368.832803,178.87,0.51,-3.18
1790743368.8892858,178.86,0.5,-3.17
1790743368.932543,178.86,0.5,-3.17
1790743368.990134,178.83,0.49,-3.17
1790743369.03076,178.81,0.49,-3.16
1790743369.090231,178.82,0.49,-3.16
1790743369.131853,178.81,0.49,-3.15
1790743369.194286,178.73,0.48,-3.15
1790743369.250392,178.73,0.48,-3.14
1790743369.291062,178.7,0.47,-3.14
1790743369.351962,178.69,0.47,-3.13
1790743369.4101162,178.68,0.46,-3.12
1790743369.451972,178.67,0.46,-3.12
1790743369.510144,178.63,0.45,-3.12
1790743369.551837,178.62,0.45,-3.11
1790743369.6101189,178.64,0.45,-3.11
1790743369.668239,178.59,0.44,-3.11
1790743369.7109718,178.59,0.44,-3.1
1790743369.769554,178.59,0.44,-3.1
1790743369.835705,178.58,0.44,-3.09
1790743369.87055,178.57,0.43,-3.08
1790743369.931478,178.58,0.43,-3.08
1790743369.9648771,178.56,0.43,-3.08
1790743370.030565,178.54,0.42,-3.07
1790743370.0697658,178.53,0.42,-3.07
1790743370.131746,178.5,0.41,-3.06
1790743370.191139,178.5,0.41,-3.06
1790743370.231816,178.5,0.41,-3.05
1790743370.2926521,178.49,0.4,-3.05
1790743370.33074,178.48,0.4,-3.05
1790743370.392842,178.48,0.39,-3.04
1790743370.4500961,178.52,0.42,-3.04
1790743370.495855,178.66,0.43,-3.02
1790743370.550741,178.63,0.39,-3.0
1790743370.610734,178.69,0.29,-2.96
1790743370.651818,178.69,0.29,-2.96
1790743370.711133,178.78,0.22,-2.93
1790743370.751329,179.03,0.12,-2.97
1790743370.810859,179.18,0.09,-2.99
1790743370.851879,179.25,0.08,-3.04
1790743370.9102452,179.23,0.02,-3.03
1790743370.950654,179.22,0.04,-3.03
1790743371.010519,179.3,-0.0,-3.03
1790743371.050712,179.38,-0.02,-3.05
1790743371.110972,179.44,-0.06,-3.02
1790743371.171088,179.49,-0.18,-3.01
1790743371.2299032,179.57,-0.19,-2.99
1790743371.268269,179.69,-0.25,-2.97
1790743371.330389,179.67,-0.27,-2.89
1790743371.371349,179.68,-0.21,-2.89
1790743371.4318788,179.66,-0.23,-2.93
1790743371.4687848,179.77,-0.26,-2.95
1790743371.5241458,179.75,-0.22,-3.06
1790743371.590399,179.75,-0.24,-3.01
1790743371.6299279,179.81,-0.26,-3.06
1790743371.690207,179.81,-0.28,-3.1
1790743371.7294898,179.82,-0.33,-3.09
1790743371.8100858,179.92,-0.33,-2.98
1790743371.8507981,179.93,-0.33,-2.97
1790743371.910094,179.87,-0.34,-2.92
1790743371.9507399,179.91,-0.34,-2.98
1790743372.011612,179.97,-0.34,-2.98
1790743372.088764,179.98,-0.35,-3.0
1790743372.150594,179.91,-0.37,-3.01
1790743372.1899872,179.87,-0.42,-2.98
1790743372.2518551,179.88,-0.45,-2.96
1790743372.3101828,179.93,-0.45,-2.89
1790743372.352306,179.93,-0.47,-2.95
1790743372.410553,179.93,-0.48,-2.96
1790743372.451982,179.86,-0.53,-2.94
1790743372.510284,179.95,-0.54,-2.91
1790743372.570047,179.97,-0.54,-2.91
1790743372.6105332,179.96,-0.53,-2.94
1790743372.6700318,179.91,-0.63,-2.93
1790743372.712996,179.88,-0.65,-2.89
1790743372.770769,179.9,-0.62,-2.92
1790743372.830156,179.91,-0.67,-2.91
1790743372.8707452,179.84,-0.67,-2.88
1790743372.9308422,179.82,-0.67,-2.87
1790743372.9915159,179.82,-0.66,-2.87
1790743373.028058,179.81,-0.65,-2.86
1790743373.093319,179.8,-0.65,-2.85
1790743373.130017,179.79,-0.65,-2.84
1790743373.1796951,179.78,-0.64,-2.83
1790743373.250283,179.77,-0.64,-2.82
1790743373.310755,179.79,-0.62,-2.8
1790743373.351763,179.79,-0.63,-2.8
1790743373.4121091,179.77,-0.64,-2.8
1790743373.470198,179.77,-0.64,-2.81
1790743373.5112178,179.78,-0.65,-2.81
1790743373.5700579,179.79,-0.65,-2.81
1790743373.611042,179.79,-0.66,-2.82
1790743373.67171,179.8,-0.67,-2.83
1790743373.7336771,179.81,-0.68,-2.83
1790743373.7718,179.82,-0.68,-2.84
1790743373.837013,179.79,-0.69,-2.85
1790743373.891695,179.84,-0.7,-2.86
1790743373.931078,179.86,-0.71,-2.86
1790743373.9904928,179.85,-0.72,-2.87
1790743374.03087,179.84,-0.73,-2.88
1790743374.0911539,179.86,-0.74,-2.89
1790743374.13477,179.87,-0.75,-2.89
1790743374.193078,179.87,-0.76,-2.9
1790743374.24892,179.85,-0.77,-2.91
1790743374.3302882,179.88,-0.79,-2.92
1790743374.3706071,179.89,-0.8,-2.92
1790743374.430764,179.89,-0.81,-2.93
1790743374.471963,179.9,-0.82,-2.94
1790743374.53347,179.9,-0.83,-2.94
1790743374.571913,179.91,-0.84,-2.95
1790743374.6314418,179.91,-0.85,-2.95
1790743374.6923141,179.92,-0.86,-2.96
1790743374.748717,179.93,-0.87,-2.97
1790743374.7910862,179.93,-0.87,-2.97
1790743374.841505,179.93,-0.87,-2.97
1790743374.910136,179.93,-0.87,-2.97
1790743374.948431,179.93,-0.88,-2.97
1790743375.010379,179.93,-0.88,-2.97
1790743375.0547478,179.93,-0.88,-2.98
1790743375.1117492,179.93,-0.88,-2.97
1790743375.171851,179.93,-0.88,-2.98
1790743375.2118778,179.93,-0.88,-2.98
1790743375.271683,179.93,-0.88,-2.98
1790743375.328693,179.93,-0.88,-2.98
1790743375.371565,179.93,-0.88,-2.98
1790743375.430122,179.93,-0.88,-2.98
1790743375.4706628,179.94,-0.88,-2.98
1790743375.5343978,179.94,-0.88,-2.98
1790743375.590066,179.97,-0.87,-2.99
1790743375.633128,-179.99,-0.86,-2.99
1790743375.6900108,179.98,-0.87,-2.98
1790743375.73146,179.97,-0.86,-2.99
1790743375.790744,179.95,-0.87,-2.98
1790743375.831864,179.96,-0.87,-2.98
1790743375.892951,179.96,-0.87,-2.98
1790743375.93056,179.96,-0.87,-2.97
1790743375.993012,179.96,-0.87,-2.97
1790743376.052811,179.95,-0.87,-2.97
1790743376.110067,179.96,-0.88,-2.97
1790743376.153924,179.96,-0.88,-2.97
1790743376.21009,179.94,-0.88,-2.97
1790743376.2512121,179.94,-0.88,-2.97
1790743376.311527,179.93,-0.88,-2.97
1790743376.359833,179.95,-0.88,-2.96
1790743376.4099221,179.92,-0.88,-2.96
1790743376.471137,179.93,-0.88,-2.96
1790743376.529969,179.94,-0.88,-2.95
1790743376.590445,179.94,-0.88,-2.95
1790743376.650144,179.94,-0.88,-2.95
1790743376.6904378,179.95,-0.88,-2.95
1790743376.751169,179.95,-0.88,-2.95
1790743376.808477,179.94,-0.88,-2.95
1790743376.851934,179.96,-0.89,-2.95
1790743376.9102662,179.92,-0.89,-2.95
1790743376.950463,179.92,-0.88,-2.95
1790743377.00942,179.9,-0.89,-2.94
1790743377.0644538,179.91,-0.89,-2.94
1790743377.130385,179.92,-0.88,-2.94
1790743377.1694999,179.81,-0.88,-2.91
1790743377.2316742,179.69,-0.9,-2.89
1790743377.292266,179.63,-0.9,-2.88
1790743377.330564,179.66,-0.89,-2.9
1790743377.3913002,179.49,-0.88,-2.91
1790743377.451193,179.56,-0.91,-2.97
1790743377.4918709,179.5,-0.86,-2.97
1790743377.55076,179.44,-0.9,-2.98
1790743377.591727,179.54,-0.91,-3.0
1790743377.650285,179.45,-0.92,-3.05
1790743377.6909912,179.42,-0.9,-3.02
1790743377.752522,179.51,-0.91,-3.04
1790743377.8096871,179.37,-0.92,-3.07
1790743377.870115,179.52,-0.88,-3.12
1790743377.910439,179.44,-0.9,-3.17
1790743377.9717472,179.32,-0.89,-3.23
1790743378.010581,179.32,-0.87,-3.23
1790743378.071438,179.37,-0.88,-3.22
1790743378.131776,179.48,-0.85,-3.18
1790743378.172151,179.47,-0.86,-3.17
1790743378.2206998,179.48,-0.86,-3.16
1790743378.290215,179.46,-0.86,-3.16
1790743378.323586,179.47,-0.86,-3.15
1790743378.390239,179.47,-0.87,-3.15
1790743378.430254,179.4,-0.87,-3.15
1790743378.4900851,179.42,-0.87,-3.14
1790743378.531271,179.42,-0.87,-3.14
1790743378.590416,179.43,-0.87,-3.13
1790743378.630559,179.44,-0.87,-3.13
1790743378.691823,179.44,-0.87,-3.12
1790743378.750674,179.39,-0.87,-3.11
1790743378.790571,179.42,-0.87,-3.11
1790743378.8701718,179.43,-0.87,-3.1
1790743378.913286,179.44,-0.87,-3.1
1790743378.9703412,179.46,-0.87,-3.08
1790743379.0124018,179.47,-0.86,-3.09
1790743379.068964,179.52,-0.86,-3.08
1790743379.1117709,179.47,-0.87,-3.07
1790743379.170271,179.49,-0.86,-3.07
1790743379.230025,179.49,-0.86,-3.06
1790743379.2918131,179.49,-0.87,-3.06
1790743379.330722,179.49,-0.87,-3.06
1790743379.3820229,179.44,-0.87,-3.06
1790743379.4301069,179.47,-0.87,-3.05
1790743379.492991,179.5,-0.86,-3.05
1790743379.55115,179.45,-0.87,-3.04
1790743379.591678,179.46,-0.87,-3.04
1790743379.651791,179.48,-0.87,-3.04
1790743379.691812,179.49,-0.87,-3.04
1790743379.7532449,179.48,-0.87,-3.04
1790743379.791893,179.47,-0.87,-3.04
1790743379.850858,179.47,-0.88,-3.04
1790743379.890569,179.47,-0.88,-3.04
1790743379.950965,179.47,-0.88,-3.03
1790743379.9905221,179.48,-0.88,-3.03
1790743380.050881,179.49,-0.88,-3.03
1790743380.113734,179.49,-0.88,-3.02
1790743380.150421,179.49,-0.88,-3.03
1790743380.2130198,179.48,-0.88,-3.02
1790743380.250655,179.49,-0.88,-3.02
1790743380.312845,179.48,-0.88,-3.02
1790743380.3701189,179.49,-0.88,-3.02
1790743380.410631,179.49,-0.89,-3.01
1790743380.470556,179.48,-0.89,-3.01
1790743380.5300438,179.49,-0.89,-3.01
1790743380.5661361,179.49,-0.89,-3.01
1790743380.6290932,179.47,-0.89,-3.01
1790743380.689943,179.48,-0.89,-3.0
1790743380.7301881,179.48,-0.89,-3.0
1790743380.79213,179.48,-0.89,-3.0
1790743380.851091,179.48,-0.89,-3.0
1790743380.89051,179.48,-0.89,-3.0
1790743380.950318,179.48,-0.89,-2.99
1790743380.990428,179.47,-0.89,-2.99
1790743381.070122,179.48,-0.89,-2.98
1790743381.111975,179.47,-0.89,-2.98
1790743381.1704051,179.47,-0.89,-2.98
1790743381.211812,179.47,-0.89,-2.98
1790743381.270388,179.47,-0.9,-2.98
1790743381.331054,179.47,-0.9,-2.98
1790743381.37077,179.48,-0.9,-2.97
1790743381.43067,179.48,-0.9,-2.97
1790743381.4845219,179.48,-0.9,-2.98
1790743381.5307891,179.49,-0.9,-2.97
1790743381.5916202,179.49,-0.9,-2.97
1790743381.630605,179.49,-0.91,-2.97
1790743381.690662,179.49,-0.9,-2.97
1790743381.747499,179.49,-0.9,-2.96
1790743381.811841,179.5,-0.91,-2.96
1790743381.850753,179.49,-0.91,-2.96
1790743381.91405,179.49,-0.9,-2.96
1790743381.97039,179.48,-0.9,-2.95
1790743382.0117838,179.49,-0.9,-2.95
1790743382.070621,179.49,-0.9,-2.95
1790743382.111609,179.49,-0.9,-2.95
1790743382.171731,179.49,-0.9,-2.95
1790743382.229996,179.49,-0.91,-2.95
1790743382.27167,179.49,-0.91,-2.95
1790743382.330822,179.49,-0.91,-2.95
1790743382.3900852,179.48,-0.91,-2.95
1790743382.4305658,179.48,-0.91,-2.94
1790743382.490079,179.48,-0.91,-2.94
1790743382.53081,179.48,-0.92,-2.94
1790743382.5905201,179.47,-0.92,-2.94
1790743382.650066,179.48,-0.92,-2.94
1790743382.6904478,179.47,-0.91,-2.94
1790743382.749011,179.48,-0.92,-2.93
1790743382.811021,179.47,-0.92,-2.93
1790743382.84776,179.47,-0.92,-2.93
1790743382.914007,179.47,-0.92,-2.93
1790743382.948846,179.47,-0.92,-2.93
1790743383.011395,179.47,-0.93,-2.92
1790743383.051809,179.46,-0.93,-2.93
1790743383.102039,179.46,-0.93,-2.92
1790743383.172752,179.46,-0.93,-2.92
1790743383.210847,179.46,-0.93,-2.92
1790743383.2725,179.46,-0.93,-2.92
1790743383.331651,179.46,-0.93,-2.92
1790743383.3939211,179.46,-0.93,-2.92
1790743383.43156,179.46,-0.93,-2.91
1790743383.472131,179.46,-0.93,-2.91
1790743383.532694,179.45,-0.93,-2.91
1790743383.5910568,179.44,-0.93,-2.91
1790743383.6327791,179.42,-0.94,-2.91
1790743383.692972,179.42,-0.94,-2.91
1790743383.7327628,179.42,-0.94,-2.91
1790743383.8109188,179.4,-0.94,-2.9
1790743383.851393,179.4,-0.94,-2.9
1790743383.9129548,179.4,-0.94,-2.89
1790743383.952968,179.4,-0.94,-2.89
1790743384.009071,179.39,-0.94,-2.89
1790743384.073119,179.39,-0.94,-2.89
1790743384.114271,179.39,-0.94,-2.89
1790743384.1735091,179.4,-0.94,-2.89
1790743384.213192,179.4,-0.94,-2.89
1790743384.272887,179.4,-0.95,-2.88
1790743384.33215,179.4,-0.95,-2.88
1790743384.37325,179.39,-0.95,-2.88
1790743384.432714,179.41,-0.94,-2.88
1790743384.4923022,179.39,-0.95,-2.88
1790743384.5326562,179.33,-0.95,-2.88
1790743384.5922759,179.33,-0.96,-2.87
1790743384.633148,179.29,-0.96,-2.88
1790743384.69263,179.32,-0.95,-2.88
1790743384.752085,179.36,-0.94,-2.87
1790743384.8120608,179.29,-0.95,-2.87
1790743384.852514,179.29,-0.95,-2.87
1790743384.912975,179.33,-0.96,-2.86
1790743384.972299,179.29,-0.95,-2.86
1790743385.0109508,179.29,-0.95,-2.86
1790743385.0737631,179.28,-0.95,-2.86
1790743385.132124,179.29,-0.95,-2.86
1790743385.1742232,179.31,-0.96,-2.85
1790743385.2325351,179.31,-0.96,-2.85
1790743385.2919722,179.29,-0.97,-2.85
1790743385.332653,179.24,-0.97,-2.85
1790743385.3926258,179.21,-0.98,-2.85
1790743385.432632,179.21,-0.97,-2.86
1790743385.4928892,179.22,-0.96,-2.86
1790743385.552528,179.22,-0.97,-2.85
1790743385.6122031,179.21,-0.97,-2.85
1790743385.652551,179.18,-0.97,-2.85
1790743385.71392,179.19,-0.98,-2.85
1790743385.7751942,179.21,-0.98,-2.85
1790743385.812934,179.18,-0.98,-2.85
1790743385.872677,179.19,-0.98,-2.85
1790743385.912694,179.19,-0.98,-2.84
1790743385.9743302,179.19,-0.98,-2.84
1790743386.030554,179.18,-0.98,-2.84
1790743386.072594,179.18,-0.98,-2.84
1790743386.130527,179.16,-0.99,-2.84
1790743386.1762319,179.17,-0.99,-2.84
1790743386.230449,179.17,-0.99,-2.84
1790743386.292128,179.21,-0.98,-2.84
1790743386.328446,179.19,-0.99,-2.83
1790743386.39211,179.19,-0.99,-2.83
1790743386.4305038,179.19,-0.99,-2.83
1790743386.492071,179.2,-0.99,-2.83
1790743386.5286632,179.2,-0.99,-2.83
1790743386.592107,179.22,-0.98,-2.83
1790743386.631791,179.19,-0.99,-2.82
1790743386.6924999,179.15,-1.0,-2.82
1790743386.732191,179.16,-0.99,-2.82
1790743386.7925131,179.16,-0.99,-2.82
1790743386.852107,179.15,-1.0,-2.82
1790743386.89283,179.14,-1.0,-2.81
1790743386.951961,179.13,-1.0,-2.82
1790743386.993388,179.13,-1.0,-2.81
1790743387.0523598,179.13,-1.0,-2.81
1790743387.112789,179.13,-1.0,-2.81
1790743387.152371,179.13,-1.0,-2.81
1790743387.212405,179.13,-1.0,-2.81
1790743387.25251,179.06,-0.95,-2.8
1790743387.3128262,179.05,-0.94,-2.75
1790743387.375817,179.08,-0.9,-2.73
1790743387.41271,179.05,-0.92,-2.7
1790743387.472024,179.12,-0.9,-2.64
1790743387.5138922,179.19,-0.91,-2.61
1790743387.5722399,179.31,-0.93,-2.64
1790743387.6132102,179.42,-0.86,-2.65
1790743387.6722429,179.38,-0.77,-2.73
1790743387.713928,179.44,-0.71,-2.85
1790743387.786361,179.45,-0.68,-2.86
1790743387.852153,179.37,-0.67,-2.83
1790743387.886432,179.44,-0.66,-2.79
1790743387.952055,179.5,-0.63,-2.73
1790743387.9911401,179.48,-0.66,-2.74
1790743388.051884,179.62,-0.71,-2.8
1790743388.092436,179.6,-0.73,-2.76
1790743388.15271,179.78,-0.75,-2.67
1790743388.212299,179.87,-0.75,-2.71
1790743388.271806,179.86,-0.74,-2.67
1790743388.312547,179.84,-0.76,-2.66
1790743388.372023,179.89,-0.79,-2.67
1790743388.412656,179.86,-0.8,-2.69
1790743388.472637,179.71,-0.83,-2.7
1790743388.5333729,179.95,-0.83,-2.7
1790743388.5725188,179.98,-0.81,-2.69
1790743388.632639,179.94,-0.82,-2.74
1790743388.693142,179.84,-0.84,-2.73
1790743388.73436,179.8,-0.85,-2.73
1790743388.784174,179.97,-0.84,-2.7
1790743388.852414,-180.0,-0.85,-2.66
1790743388.889668,-179.99,-0.84,-2.65
1790743388.95207,-179.98,-0.82,-2.65
1790743388.99044,-179.98,-0.82,-2.65
1790743389.052016,-179.98,-0.81,-2.64
1790743389.09263,-179.98,-0.81,-2.64
1790743389.152894,180.0,-0.82,-2.63
1790743389.188568,180.0,-0.82,-2.63
1790743389.252563,179.97,-0.83,-2.61
1790743389.312028,179.97,-0.81,-2.61
1790743389.3512871,179.98,-0.83,-2.6
1790743389.412147,179.97,-0.77,-2.62
1790743389.454744,179.82,-0.77,-2.63
1790743389.5119529,179.85,-0.77,-2.64
1790743389.550981,179.89,-0.76,-2.65
1790743389.612637,179.92,-0.75,-2.68
1790743389.672151,179.93,-0.75,-2.67
1790743389.713019,179.92,-0.76,-2.67
1790743389.772137,179.93,-0.76,-2.67
1790743389.833725,179.92,-0.76,-2.67
1790743389.891295,179.96,-0.76,-2.67
1790743389.933803,179.94,-0.76,-2.67
1790743389.996326,179.93,-0.76,-2.67
1790743390.0724092,179.93,-0.76,-2.67
1790743390.131788,179.93,-0.77,-2.67
1790743390.172701,179.93,-0.77,-2.67
1790743390.232478,179.93,-0.77,-2.67
1790743390.2920132,179.93,-0.77,-2.67
1790743390.334125,179.92,-0.78,-2.67
1790743390.392031,179.89,-0.78,-2.67
1790743390.4351082,179.94,-0.78,-2.66
1790743390.492312,179.93,-0.78,-2.66
1790743390.550329,179.91,-0.78,-2.66
1790743390.5926778,179.89,-0.78,-2.66
1790743390.6518831,179.92,-0.78,-2.66
1790743390.694713,179.92,-0.78,-2.66
1790743390.748833,179.93,-0.79,-2.65
1790743390.811873,179.93,-0.79,-2.65
1790743390.852553,179.93,-0.79,-2.65
1790743390.91199,179.93,-0.79,-2.65
1790743390.974137,179.93,-0.79,-2.65
1790743391.0125508,179.94,-0.79,-2.64
1790743391.072704,179.94,-0.8,-2.64
1790743391.131796,179.94,-0.79,-2.64
1790743391.173456,179.94,-0.79,-2.64
1790743391.233804,179.94,-0.8,-2.64
1790743391.2931058,179.94,-0.8,-2.64
1790743391.3326678,179.94,-0.8,-2.64
1790743391.394845,179.94,-0.79,-2.64
1790743391.432946,179.94,-0.79,-2.64
1790743391.4868731,179.94,-0.79,-2.64
1790743391.552105,179.94,-0.79,-2.64
1790743391.594867,179.94,-0.79,-2.64
1790743391.652412,179.95,-0.8,-2.64
1790743391.711958,179.95,-0.8,-2.64
1790743391.7523851,179.96,-0.8,-2.64
1790743391.813879,179.96,-0.8,-2.65
1790743391.872155,179.96,-0.8,-2.65
1790743391.913694,179.97,-0.8,-2.65
1790743391.9636989,179.99,-0.8,-2.66
1790743392.031782,180.0,-0.8,-2.66
1790743392.0672472,179.97,-0.81,-2.66
1790743392.131815,179.95,-0.8,-2.67
1790743392.168098,179.88,-0.8,-2.66
1790743392.231781,179.89,-0.81,-2.66
1790743392.3132448,179.9,-0.81,-2.66
1790743392.352603,179.89,-0.81,-2.66
1790743392.412179,179.89,-0.81,-2.66
1790743392.453557,179.9,-0.82,-2.66
1790743392.5119731,179.9,-0.82,-2.66
1790743392.55351,179.9,-0.83,-2.66
1790743392.612294,179.89,-0.82,-2.66
1790743392.652371,179.89,-0.83,-2.66
1790743392.712384,179.89,-0.83,-2.66
1790743392.7718542,179.89,-0.83,-2.66
1790743392.813523,179.9,-0.84,-2.65
1790743392.863519,179.89,-0.84,-2.65
1790743392.914368,179.9,-0.84,-2.65
1790743392.969324,179.9,-0.84,-2.65
1790743393.032147,179.86,-0.84,-2.66
1790743393.071587,179.9,-0.84,-2.65
1790743393.132382,179.89,-0.85,-2.65
1790743393.173463,179.87,-0.84,-2.65
1790743393.229287,179.83,-0.85,-2.65
1790743393.292306,179.83,-0.86,-2.65
1790743393.331181,179.84,-0.86,-2.64
1790743393.3918889,179.84,-0.85,-2.64
1790743393.427694,179.84,-0.86,-2.64
1790743393.4918551,179.8,-0.86,-2.64
1790743393.5266392,179.82,-0.86,-2.64
1790743393.5939991,179.82,-0.87,-2.64
1790743393.629319,179.83,-0.87,-2.64
1790743393.692841,179.83,-0.87,-2.64
1790743393.7294238,179.83,-0.87,-2.63
1790743393.794241,179.82,-0.87,-2.64
1790743393.8312771,179.83,-0.87,-2.64
1790743393.892681,179.83,-0.88,-2.64
1790743393.951914,179.83,-0.88,-2.63
1790743393.99037,179.86,-0.88,-2.64
1790743394.052449,179.84,-0.88,-2.63
1790743394.092278,179.84,-0.88,-2.63
1790743394.152578,179.85,-0.88,-2.63
1790743394.211808,179.89,-0.87,-2.63
1790743394.271895,179.85,-0.88,-2.63
1790743394.3123279,179.83,-0.89,-2.63
1790743394.372092,179.8,-0.89,-2.63
1790743394.43094,179.84,-0.89,-2.62
1790743394.4747012,179.83,-0.89,-2.62
1790743394.532232,179.81,-0.9,-2.62
1790743394.572431,179.82,-0.9,-2.62
1790743394.633821,179.82,-0.9,-2.62
1790743394.672197,179.82,-0.9,-2.62
1790743394.731412,179.82,-0.9,-2.61
1790743394.772195,179.83,-0.91,-2.62
1790743394.8271601,179.83,-0.91,-2.62
1790743394.893992,179.77,-0.91,-2.62
1790743394.933364,179.8,-0.91,-2.62
1790743394.993023,179.83,-0.91,-2.62
1790743395.030644,179.85,-0.9,-2.62
1790743395.080975,179.78,-0.91,-2.62
1790743395.132865,179.74,-0.92,-2.62
1790743395.182028,179.76,-0.92,-2.61
1790743395.2551732,179.77,-0.92,-2.62
1790743395.292404,179.77,-0.92,-2.61
1790743395.3547,179.78,-0.93,-2.61
1790743395.4121878,179.78,-0.93,-2.61
1790743395.4541702,179.77,-0.93,-2.61
1790743395.512972,179.78,-0.93,-2.61
1790743395.555437,179.78,-0.93,-2.61
1790743395.613577,179.78,-0.93,-2.61
1790743395.6719732,179.77,-0.93,-2.6
1790743395.71389,179.78,-0.94,-2.61
1790743395.772043,179.81,-0.93,-2.61
1790743395.8123379,179.78,-0.93,-2.61
1790743395.873736,179.69,-0.94,-2.61
1790743395.931751,179.72,-0.94,-2.6
1790743395.97369,179.71,-0.93,-2.6
1790743396.0327208,179.71,-0.93,-2.6
1790743396.0931299,179.72,-0.94,-2.6
1790743396.132608,179.74,-0.94,-2.6
1790743396.192506,179.74,-0.94,-2.6
1790743396.235744,179.74,-0.94,-2.6
1790743396.290602,179.79,-0.94,-2.61
1790743396.350528,179.77,-0.94,-2.61
1790743396.393833,179.73,-0.94,-2.61
1790743396.4426181,179.71,-0.93,-2.61
1790743396.511832,179.72,-0.94,-2.6
1790743396.547658,179.71,-0.95,-2.61
1790743396.6135309,179.7,-0.95,-2.6
1790743396.6723258,179.66,-0.98,-2.6
1790743396.7135592,179.69,-0.96,-2.6
1790743396.790344,179.69,-0.96,-2.6
1790743396.852363,179.69,-0.96,-2.61
1790743396.891111,179.66,-0.96,-2.6
1790743396.9538639,179.67,-0.95,-2.6
1790743397.013094,179.71,-0.96,-2.6
1790743397.047738,179.7,-0.97,-2.6
1790743397.112731,179.69,-0.97,-2.6
1790743397.1523771,179.69,-0.96,-2.6
1790743397.212575,179.68,-0.96,-2.6
1790743397.272265,179.67,-0.97,-2.6
1790743397.331819,179.68,-0.97,-2.6
1790743397.3737652,179.68,-0.98,-2.6
1790743397.4320588,179.64,-0.98,-2.6
1790743397.4725919,179.69,-0.97,-2.6
1790743397.532096,179.69,-0.97,-2.6
1790743397.591892,179.67,-0.98,-2.6
1790743397.634507,179.64,-0.98,-2.6
1790743397.691638,179.63,-0.98,-2.59
1790743397.733558,179.63,-0.98,-2.6
1790743397.791706,179.63,-0.99,-2.59
1790743397.83256,179.63,-0.99,-2.59
1790743397.89237,179.62,-0.99,-2.59
1790743397.952138,179.64,-1.0,-2.59
1790743397.9922152,179.62,-1.0,-2.58
1790743398.0526981,179.63,-1.0,-2.58
1790743398.0910149,179.66,-1.0,-2.58
1790743398.149612,179.66,-1.0,-2.58
1790743398.193366,179.67,-1.0,-2.58
1790743398.251926,179.67,-1.0,-2.58
1790743398.313175,179.67,-1.0,-2.57
1790743398.352502,179.67,-1.01,-2.58
1790743398.4133341,179.67,-1.01,-2.57
1790743398.453144,179.67,-1.01,-2.57
1790743398.508517,179.68,-1.01,-2.58
1790743398.572043,179.68,-1.0,-2.57
1790743398.61249,179.69,-1.02,-2.57
1790743398.672472,179.69,-1.02,-2.57
1790743398.7133482,179.69,-1.02,-2.57
1790743398.767911,179.69,-1.01,-2.58
1790743398.831836,179.69,-1.02,-2.57
1790743398.8684502,179.69,-1.02,-2.57
1790743398.931936,179.69,-1.02,-2.57
1790743399.01041,179.69,-1.02,-2.57
1790743399.052553,179.69,-1.02,-2.57
1790743399.1132438,179.69,-1.02,-2.56
1790743399.155616,179.69,-1.02,-2.56
1790743399.211862,179.69,-1.02,-2.56
1790743399.264734,179.69,-1.02,-2.56
1790743399.331867,179.69,-1.02,-2.56
1790743399.372225,179.69,-1.02,-2.56
1790743399.431891,179.69,-1.02,-2.56
1790743399.491694,179.69,-1.02,-2.56
1790743399.532277,179.69,-1.02,-2.56
1790743399.5919309,179.69,-1.02,-2.56
1790743399.634154,179.69,-1.02,-2.56
1790743399.693196,179.69,-1.02,-2.56
1790743399.752351,179.69,-1.02,-2.56
1790743399.811818,179.69,-1.02,-2.56
1790743399.852284,179.69,-1.02,-2.56
1790743399.914578,179.69,-1.02,-2.56
1790743399.971883,179.69,-1.02,-2.56
1790743400.011752,179.69,-1.02,-2.56
1790743400.063319,179.69,-1.02,-2.56
1790743400.1310148,179.69,-1.02,-2.56
1790743400.172251,179.69,-1.02,-2.56
1790743400.232055,179.69,-1.02,-2.56
1790743400.292914,179.69,-1.02,-2.56
1790743400.332375,179.69,-1.02,-2.56
1790743400.392748,179.69,-1.02,-2.56
1790743400.45178,179.69,-1.02,-2.56
1790743400.493781,179.69,-1.02,-2.56
1790743400.5527449,179.69,-1.02,-2.56
1790743400.5923681,179.69,-1.02,-2.56
1790743400.654637,179.69,-1.02,-2.56
1790743400.71531,179.69,-1.02,-2.56
1790743400.7543292,179.69,-1.02,-2.56
1790743400.8170722,179.69,-1.02,-2.56
1790743400.853336,179.69,-1.02,-2.56
1790743400.917185,179.69,-1.02,-2.56
1790743400.971984,179.69,-1.02,-2.56
1790743401.027366,179.69,-1.02,-2.56
1790743401.0722601,179.69,-1.02,-2.56
1790743401.131744,179.69,-1.02,-2.56
1790743401.1722162,179.69,-1.02,-2.56
1790743401.2534888,179.69,-1.02,-2.56
1790743401.293366,179.69,-1.02,-2.56
1790743401.352322,179.69,-1.02,-2.56
1790743401.3923872,179.69,-1.02,-2.56
1790743401.452299,179.69,-1.02,-2.56
1790743401.492393,179.69,-1.02,-2.56
1790743401.5523798,179.69,-1.02,-2.56
1790743401.613199,179.69,-1.02,-2.56
1790743401.6736488,179.69,-1.02,-2.56
1790743401.712474,179.69,-1.02,-2.56
1790743401.772614,179.69,-1.02,-2.56
1790743401.831816,179.69,-1.02,-2.56
1790743401.8724139,179.69,-1.02,-2.56
1790743401.92701,179.69,-1.02,-2.56
1790743401.972733,179.69,-1.02,-2.56
1790743402.0264478,179.69,-1.02,-2.56
1790743402.092596,179.69,-1.02,-2.56
1790743402.152011,179.69,-1.02,-2.56
1790743402.194939,179.69,-1.02,-2.56
1790743402.2521741,179.69,-1.02,-2.56
1790743402.3120809,179.69,-1.02,-2.56
1790743402.353211,179.69,-1.02,-2.56
1790743402.41428,179.69,-1.02,-2.56
1790743402.452054,179.69,-1.02,-2.56
1790743402.513212,179.69,-1.02,-2.56
1790743402.571827,179.69,-1.02,-2.56
1790743402.612401,179.69,-1.02,-2.56
1790743402.673567,179.69,-1.02,-2.56
1790743402.731698,179.69,-1.02,-2.56
1790743402.794583,179.69,-1.02,-2.56
1790743402.830226,179.69,-1.02,-2.56
1790743402.8836749,179.69,-1.02,-2.56
1790743402.9523358,179.69,-1.02,-2.56
1790743402.9912288,179.69,-1.02,-2.56
1790743403.04634,179.69,-1.02,-2.56
1790743403.1119301,179.69,-1.02,-2.56
1790743403.14623,179.69,-1.02,-2.56
1790743403.212629,179.69,-1.02,-2.56
1790743403.251355,179.69,-1.01,-2.56
1790743403.3051789,179.69,-1.01,-2.56
1790743403.373214,179.69,-1.01,-2.56
1790743403.412266,179.69,-1.01,-2.56
1790743403.477139,179.69,-1.01,-2.56
1790743403.531826,179.69,-1.01,-2.56
1790743403.5725398,179.69,-1.01,-2.56
1790743403.632573,179.69,-1.01,-2.56
1790743403.6917608,179.69,-1.01,-2.56
1790743403.732212,179.69,-1.01,-2.56
1790743403.791956,179.69,-1.01,-2.55
1790743403.8505511,179.69,-1.01,-2.56
1790743403.892302,179.69,-1.01,-2.55
1790743403.944297,179.69,-1.01,-2.56
1790743403.992519,179.69,-1.01,-2.56
1790743404.0476391,179.69,-1.01,-2.56
1790743404.111984,179.69,-1.01,-2.56
1790743404.150573,179.69,-1.01,-2.56
1790743404.211647,179.69,-1.01,-2.56
1790743404.27182,179.69,-1.01,-2.56
1790743404.312402,179.69,-1.02,-2.56
1790743404.37418,179.69,-1.01,-2.56
1790743404.431745,179.69,-1.01,-2.56
1790743404.473887,179.69,-1.01,-2.56
1790743404.532195,179.69,-1.01,-2.56
1790743404.573903,179.69,-1.02,-2.56
1790743404.632066,179.69,-1.01,-2.56
1790743404.6742918,179.69,-1.01,-2.56
1790743404.732217,179.69,-1.01,-2.56
1790743404.7917728,179.69,-1.01,-2.56
1790743404.832281,179.69,-1.01,-2.56
1790743404.892046,179.69,-1.01,-2.56
1790743404.9513988,179.69,-1.01,-2.56
1790743404.992013,179.69,-1.01,-2.56
1790743405.050808,179.69,-1.01,-2.56
1790743405.093492,179.69,-1.01,-2.56
1790743405.154957,179.69,-1.01,-2.56
1790743405.193423,179.69,-1.01,-2.56
1790743405.2502851,179.69,-1.01,-2.56
1790743405.313039,179.69,-1.01,-2.56
1790743405.349341,179.69,-1.01,-2.56
1790743405.410903,179.69,-1.01,-2.56
1790743405.473175,179.69,-1.02,-2.56
1790743405.531845,179.69,-1.02,-2.56
1790743405.5739698,179.69,-1.02,-2.56
1790743405.632354,179.69,-1.02,-2.56
1790743405.674526,179.69,-1.01,-2.56
1790743405.751808,179.69,-1.01,-2.56
1790743405.7922518,179.69,-1.01,-2.56
1790743405.853102,179.69,-1.01,-2.56
1790743405.8925729,179.69,-1.01,-2.56
1790743405.952627,179.69,-1.02,-2.56
1790743405.9935958,179.69,-1.01,-2.56
1790743406.050442,179.69,-1.01,-2.56
1790743406.107296,179.69,-1.01,-2.56
1790743406.175415,179.69,-1.01,-2.56
1790743406.211143,179.69,-1.01,-2.56
1790743406.267746,179.69,-1.01,-2.56
1790743406.333505,179.69,-1.01,-2.56
1790743406.3727129,179.69,-1.01,-2.56
1790743406.4318342,179.69,-1.01,-2.56
1790743406.472984,179.69,-1.01,-2.56
1790743406.5320032,179.69,-1.01,-2.56
1790743406.573539,179.69,-1.01,-2.56
1790743406.632807,179.69,-1.01,-2.56
1790743406.692276,179.69,-1.01,-2.56
1790743406.732276,179.69,-1.02,-2.56
1790743406.792254,179.69,-1.01,-2.56
1790743406.852134,179.69,-1.01,-2.56
1790743406.892297,179.69,-1.01,-2.56
1790743406.952152,179.69,-1.01,-2.56
1790743406.9926028,179.69,-1.01,-2.56
1790743407.043807,179.69,-1.01,-2.56
1790743407.110251,179.69,-1.01,-2.56
1790743407.154031,179.69,-1.01,-2.56
1790743407.2100558,179.69,-1.01,-2.56
1790743407.2536519,179.69,-1.01,-2.56
1790743407.3133771,179.69,-1.01,-2.56
1790743407.371756,179.69,-1.01,-2.56
1790743407.4320571,179.69,-1.01,-2.56
1790743407.463135,179.69,-1.01,-2.56
1790743407.531927,179.69,-1.01,-2.56
1790743407.572883,179.69,-1.01,-2.56
1790743407.6322129,179.69,-1.01,-2.56
1790743407.675902,179.69,-1.01,-2.56
1790743407.729695,179.69,-1.01,-2.56
1790743407.811635,179.69,-1.01,-2.55
1790743407.8532019,179.69,-1.01,-2.56
1790743407.9121668,179.69,-1.01,-2.56
1790743407.952676,179.69,-1.01,-2.56
1790743408.012075,179.69,-1.01,-2.56
1790743408.072334,179.69,-1.02,-2.56
1790743408.114176,179.69,-1.01,-2.56
1790743408.174059,179.69,-1.01,-2.56
1790743408.23162,179.69,-1.01,-2.56
1790743408.274554,179.69,-1.01,-2.56
1790743408.3323689,179.69,-1.01,-2.56
1790743408.3916779,179.69,-1.01,-2.56
1790743408.431883,179.69,-1.01,-2.56
1790743408.492126,179.69,-1.01,-2.56
1790743408.5520132,179.69,-1.02,-2.56
1790743408.614603,179.69,-1.01,-2.56
1790743408.653536,179.69,-1.01,-2.56
1790743408.7129421,179.69,-1.01,-2.56
1790743408.772052,179.69,-1.01,-2.56
1790743408.814371,179.69,-1.01,-2.56
1790743408.872235,179.69,-1.01,-2.56
1790743408.930284,179.69,-1.01,-2.56
1790743408.972407,179.69,-1.01,-2.56
1790743409.0334878,179.69,-1.02,-2.56
1790743409.0723321,179.69,-1.02,-2.56
1790743409.128138,179.69,-1.01,-2.56
1790743409.174473,179.69,-1.01,-2.56
1790743409.228242,179.69,-1.01,-2.56
1790743409.2918909,179.69,-1.01,-2.56
1790743409.3314219,179.69,-1.02,-2.56
1790743409.383209,179.69,-1.02,-2.56
1790743409.4518242,179.69,-1.01,-2.56
1790743409.488653,179.69,-1.01,-2.55
1790743409.551887,179.69,-1.01,-2.56
1790743409.5883389,179.69,-1.01,-2.56
1790743409.6518772,179.69,-1.01,-2.55
1790743409.691935,179.69,-1.01,-2.56
1790743409.773236,179.69,-1.01,-2.56
1790743409.8147461,179.69,-1.01,-2.56
1790743409.871375,179.69,-1.01,-2.56
1790743409.912268,179.69,-1.02,-2.56
1790743409.9721532,179.69,-1.02,-2.56
1790743410.034073,179.69,-1.01,-2.56
1790743410.072531,179.69,-1.01,-2.55
1790743410.134321,179.69,-1.01,-2.56
1790743410.1926231,179.69,-1.01,-2.56
1790743410.271785,179.69,-1.01,-2.56
1790743410.3127732,179.69,-1.01,-2.56
1790743410.371508,179.69,-1.01,-2.56
1790743410.4122372,179.69,-1.01,-2.56
1790743410.471765,179.69,-1.01,-2.56
1790743410.51211,179.69,-1.02,-2.56
1790743410.57182,179.69,-1.01,-2.56
1790743410.611938,179.69,-1.01,-2.56
1790743410.671809,179.69,-1.01,-2.56
1790743410.7121978,179.69,-1.01,-2.55
1790743410.7734919,179.7,-1.01,-2.55
1790743410.832222,179.69,-1.01,-2.56
1790743410.8733618,179.69,-1.01,-2.56
1790743410.93427,179.69,-1.01,-2.56
1790743410.990211,179.69,-1.01,-2.56
1790743411.035245,179.69,-1.01,-2.56
1790743411.091878,179.69,-1.01,-2.56
1790743411.135155,179.69,-1.01,-2.56
1790743411.1880372,179.69,-1.01,-2.56
1790743411.244267,179.69,-1.01,-2.56
1790743411.2933939,179.69,-1.02,-2.56
1790743411.352112,179.69,-1.01,-2.56
1790743411.391813,179.69,-1.01,-2.56
1790743411.4520378,179.69,-1.01,-2.56
1790743411.491848,179.69,-1.01,-2.56
1790743411.5536902,179.69,-1.02,-2.56
1790743411.5910232,179.69,-1.02,-2.56
1790743411.6521149,179.69,-1.01,-2.56
1790743411.7116318,179.69,-1.01,-2.56
1790743411.753403,179.69,-1.02,-2.56
1790743411.819006,179.69,-1.02,-2.56
1790743411.856008,179.69,-1.01,-2.56
1790743411.912113,179.69,-1.02,-2.56
1790743411.952105,179.69,-1.02,-2.56
1790743412.0122151,179.69,-1.01,-2.56
1790743412.0522501,179.69,-1.01,-2.56
1790743412.113167,179.69,-1.01,-2.56
1790743412.152896,179.69,-1.01,-2.56
1790743412.2126012,179.69,-1.01,-2.56
1790743412.251829,179.69,-1.01,-2.56
1790743412.3032398,179.69,-1.01,-2.56
1790743412.371732,179.69,-1.01,-2.56
1790743412.4070132,179.69,-1.01,-2.56
1790743412.473196,179.69,-1.02,-2.56
1790743412.5317729,179.69,-1.02,-2.56
1790743412.5755699,179.69,-1.02,-2.56
1790743412.6317399,179.69,-1.02,-2.56
1790743412.69587,179.69,-1.02,-2.56
1790743412.732416,179.69,-1.01,-2.56
1790743412.795082,179.69,-1.01,-2.56
1790743412.851667,179.69,-1.01,-2.56
1790743412.895871,179.69,-1.01,-2.56
1790743412.948909,179.69,-1.01,-2.56
1790743412.99548,179.7,-1.01,-2.56
1790743413.0507782,179.69,-1.01,-2.56
1790743413.111645,179.69,-1.01,-2.56
1790743413.153117,179.69,-1.01,-2.56
1790743413.2116969,179.69,-1.01,-2.56
1790743413.2721002,179.69,-1.01,-2.56
1790743413.3072052,179.69,-1.01,-2.55
1790743413.3722181,179.69,-1.01,-2.56
1790743413.408271,179.69,-1.02,-2.56
1790743413.471839,179.7,-1.01,-2.56
1790743413.509259,179.69,-1.01,-2.56
1790743413.5719502,179.69,-1.01,-2.56
1790743413.610483,179.69,-1.01,-2.56
1790743413.6637208,179.69,-1.01,-2.56
1790743413.731601,179.69,-1.02,-2.56
1790743413.76949,179.69,-1.01,-2.56
1790743413.8316329,179.69,-1.01,-2.56
1790743413.893795,179.69,-1.01,-2.56
1790743413.933322,179.69,-1.01,-2.56
1790743413.99345,179.69,-1.01,-2.56
1790743414.0321999,179.69,-1.02,-2.56
1790743414.094476,179.69,-1.01,-2.56
1790743414.151573,179.69,-1.01,-2.56
1790743414.196074,179.69,-1.01,-2.56
1790743414.252043,179.69,-1.01,-2.56
1790743414.312237,179.69,-1.01,-2.56
1790743414.35333,179.69,-1.01,-2.56
1790743414.4106839,179.69,-1.01,-2.56
1790743414.470866,179.69,-1.01,-2.56
1790743414.510464,179.69,-1.01,-2.56
1790743414.572195,179.69,-1.01,-2.56
1790743414.611775,179.69,-1.01,-2.56
1790743414.6760619,179.69,-1.01,-2.56
1790743414.752342,179.69,-1.01,-2.56
1790743414.812027,179.69,-1.01,-2.56
1790743414.8521101,179.69,-1.01,-2.56
1790743414.9124422,179.69,-1.01,-2.56
1790743414.970251,179.69,-1.01,-2.56
1790743415.0121868,179.69,-1.01,-2.56
1790743415.067681,179.69,-1.01,-2.56
1790743415.112291,179.69,-1.01,-2.56
1790743415.174525,179.69,-1.01,-2.56
1790743415.233048,179.7,-1.02,-2.56
1790743415.293667,179.69,-1.01,-2.55
1790743415.351881,179.69,-1.01,-2.56
1790743415.392184,179.69,-1.01,-2.56
1790743415.4521852,179.69,-1.01,-2.56
1790743415.512624,179.69,-1.02,-2.56
1790743415.5520818,179.69,-1.02,-2.56
1790743415.6128058,179.69,-1.02,-2.56
1790743415.671712,179.69,-1.02,-2.56
1790743415.7118878,179.69,-1.01,-2.56
1790743415.773385,179.69,-1.01,-2.56
1790743415.811928,179.69,-1.01,-2.56
1790743415.870363,179.69,-1.01,-2.56
1790743415.912066,179.69,-1.01,-2.56
1790743415.9711292,179.69,-1.01,-2.56
1790743416.0122712,179.69,-1.01,-2.56
1790743416.070134,179.69,-1.01,-2.56
1790743416.112591,179.69,-1.01,-2.56
1790743416.1720908,179.69,-1.01,-2.56
1790743416.233603,179.69,-1.01,-2.56
1790743416.273553,179.69,-1.01,-2.56
1790743416.3316648,179.69,-1.01,-2.56
1790743416.374399,179.69,-1.01,-2.56
1790743416.427899,179.69,-1.01,-2.55
1790743416.493464,179.69,-1.01,-2.55
1790743416.53167,179.7,-1.01,-2.56
1790743416.5948641,179.69,-1.01,-2.56
1790743416.6310248,179.7,-1.01,-2.56
1790743416.694988,179.7,-1.01,-2.56
1790743416.731095,179.69,-1.01,-2.56
1790743416.795187,179.69,-1.01,-2.56
1790743416.851597,179.69,-1.01,-2.56
1790743416.8938081,179.69,-1.01,-2.56
1790743416.949346,179.69,-1.01,-2.56
1790743417.012392,179.69,-1.01,-2.56
1790743417.052128,179.69,-1.02,-2.56
1790743417.111817,179.69,-1.01,-2.56
1790743417.1565309,179.68,-1.01,-2.56
1790743417.212418,179.69,-1.02,-2.56
1790743417.2716968,179.68,-1.02,-2.55
1790743417.3119879,179.7,-1.02,-2.55
1790743417.3735292,179.66,-1.01,-2.55
1790743417.410632,179.75,-0.98,-2.55
1790743417.473779,-179.77,-0.91,-2.61
1790743417.514592,-179.25,-1.08,-3.12
1790743417.5739388,-179.23,-1.33,-3.88
1790743417.6313741,-179.2,-1.31,-4.24
1790743417.673739,-178.85,-0.61,-4.24
1790743417.7120378,-178.24,0.76,-3.63
1790743417.77322,-177.43,1.94,-2.94
1790743417.8319712,-176.65,2.62,-2.9
1790743417.8745558,-175.83,2.92,-2.4
1790743417.931691,-175.11,2.7,-2.01
1790743417.972585,-174.54,1.71,-1.67
1790743418.031498,-174.25,-0.05,-1.2
1790743418.076803,-174.17,-2.4,-0.77
1790743418.132055,-174.21,-4.96,-0.63
1790743418.192938,-173.79,-7.19,-1.17
1790743418.233168,-172.76,-8.53,-1.45
1790743418.289226,-171.18,-8.74,-1.65
1790743418.353448,-169.74,-7.77,-1.61
1790743418.389142,-168.56,-5.73,-1.5
1790743418.452464,-167.69,-3.11,-1.56
1790743418.4888902,-167.07,-0.43,-1.92
1790743418.5532851,-166.66,1.89,-2.34
1790743418.58913,-166.38,3.58,-2.57
1790743418.6530712,-167.55,4.65,-2.64
1790743418.6907861,-168.7,3.83,-2.78
1790743418.7484522,-170.04,2.31,-2.86
1790743418.811522,-171.71,0.41,-3.02
1790743418.8483431,-173.79,-1.43,-3.09
1790743418.9121642,-176.33,-2.83,-3.13
1790743418.9518569,-179.53,-3.47,-2.97
1790743419.0126562,176.65,-3.36,-3.13
1790743419.072212,172.62,-2.7,-3.66
1790743419.131511,168.18,-1.76,-4.43
1790743419.192629,158.16,1.38,-5.15
