unix_timestamp,esc_data
1790616395.805273,0,0,0,0,0,0,0,0,0,0,0,0,0,0,0,0
1790616395.8400059,1,1,-2,-1,435,8109,17403,18408,28266,28267,28263,28264,0,0,0,0
1790616395.907212,-1,-3,1,-2,437,8108,17401,18410,28296,28297,28293,28294,0,0,0,0
1790616395.9399428,0,-4,3,3,438,8107,17399,18411,28326,28327,28323,28324,0,0,0,0
1790616396.000552,3,5,2,-5,437,8107,17401,18411,28356,28357,28353,28354,0,0,0,0
1790616396.060877,-4,-1,3,-1,433,8110,17403,18407,28416,28417,28413,28414,0,0,0,0
1790616396.1009312,0,-2,-3,3,433,8111,17403,18407,28446,28447,28443,28444,0,0,0,0
1790616396.236608,-4,1,2,0,434,8110,17403,18406,28476,28477,28473,28474,0,0,0,0
1790616396.241612,-4,-7,-4,-1,434,8110,17404,18407,28506,28507,28503,28504,0,0,0,0
1790616396.261386,2,1,-2,-4,432,8113,17405,18406,28536,28537,28533,28534,0,0,0,0
1790616396.375906,-1,-4,-2,6,430,8115,17406,18404,28566,28567,28563,28564,0,0,0,0
1790616396.377728,1,4,2,-1,429,8115,17408,18403,28596,28597,28593,28594,0,0,0,0
1790616396.485845,0,-1,-4,-2,430,8115,17407,18402,28626,28627,28623,28624,0,0,0,0
1790616396.625241,-3,-1,-2,2,435,8108,17402,18408,28686,28687,28683,28684,0,0,0,0
1790616396.6267772,0,-7,-2,4,435,8109,17403,18409,28716,28717,28713,28714,0,0,0,0
1790616396.633213,-1,-2,-5,0,436,8109,17402,18409,28746,28747,28743,28744,0,0,0,0
1790616396.722125,-2,1,-1,-6,438,8110,17402,18410,28776,28777,28773,28774,0,0,0,0
1790616396.740986,0,0,2,-3,438,8108,17401,18410,28806,28807,28803,28804,0,0,0,0
1790616396.850355,0,5,0,-2,437,8109,17401,18410,28836,28837,28833,28834,0,0,0,0
1790616396.8535419,1,2,-1,0,434,8110,17403,18408,28866,28867,28863,28864,0,0,0,0
1790616397.046355,-2,0,1,1,434,8110,17403,18407,28896,28897,28893,28894,0,0,0,0
1790616397.119384,-2,2,1,-3,434,8110,17404,18407,28956,28957,28953,28954,0,0,0,0
1790616397.135983,-1,4,3,-6,436,8110,17402,18408,29016,29017,29013,29014,0,0,0,0
1790616397.197006,-2,2,4,-1,435,8109,17401,18409,29046,29047,29043,29044,0,0,0,0
1790616397.201261,-3,6,0,0,436,8109,17401,18409,29076,29077,29073,29074,0,0,0,0
1790616397.202507,1,1,0,2,435,8109,17401,18409,29106,29107,29103,29104,0,0,0,0
1790616397.373219,-3,4,-1,-4,435,8109,17402,18408,29136,29137,29133,29134,0,0,0,0
1790616397.377541,2,-2,1,-2,435,8110,17402,18407,29166,29167,29163,29164,0,0,0,0
1790616397.3818939,0,-4,-2,0,435,8110,17403,18407,29196,29197,29193,29194,0,0,0,0
1790616397.528821,0,3,1,0,436,8109,17403,18409,29226,29227,29223,29224,0,0,0,0
1790616397.5327811,-1,-1,-1,1,437,8108,17401,18410,29286,29287,29283,29284,0,0,0,0
1790616397.7071989,1,0,-3,2,437,8108,17401,18409,29316,29317,29313,29314,0,0,0,0
1790616397.709832,0,2,-5,-4,435,8109,17401,18408,29346,29347,29343,29344,0,0,0,0
1790616397.7109911,-6,4,1,-5,434,8110,17403,18407,29376,29377,29373,29374,0,0,0,0
1790616397.74078,-5,-1,-1,0,434,8110,17403,18407,29406,29407,29403,29404,0,0,0,0
1790616397.8883321,-1,-1,0,-1,437,8108,17402,18409,29466,29467,29463,29464,0,0,0,0
1790616397.8986921,-2,-3,-1,0,437,8110,17402,18410,29496,29497,29493,29494,0,0,0,0
1790616398.0164511,2,6,-3,1,434,8112,17404,18407,29526,29527,29523,29524,0,0,0,0
1790616398.02629,4,-2,-2,-2,433,8111,17404,18406,29556,29557,29553,29554,0,0,0,0
1790616398.0417228,-4,-4,8,3,435,8109,17403,18409,29616,29617,29613,29614,0,0,0,0
1790616398.11303,-4,-7,4,1,434,8111,17403,18407,29646,29647,29643,29644,0,0,0,0
1790616398.284724,0,-3,-2,-5,434,8110,17404,18408,29676,29677,29673,29674,0,0,0,0
1790616398.288825,1,-3,1,-3,436,8108,17402,18409,29706,29707,29703,29704,0,0,0,0
1790616398.298074,-2,-3,-3,1,439,8107,17399,18412,29736,29737,29733,29734,0,0,0,0
1790616398.3219311,1,3,-3,-2,438,8107,17400,18411,29766,29767,29763,29764,0,0,0,0
1790616398.464865,-1,-3,-1,-6,436,8108,17402,18409,29796,29797,29793,29794,0,0,0,0
1790616398.466518,1,-1,0,-3,435,8110,17402,18409,29856,29857,29853,29854,0,0,0,0
1790616398.587509,-3,3,-3,-1,435,8109,17402,18409,29886,29887,29883,29884,0,0,0,0
1790616398.6017652,-2,-5,3,-3,435,8109,17403,18408,29916,29917,29913,29914,0,0,0,0
1790616398.6236758,1,0,4,-1,435,8110,17403,18407,29946,29947,29943,29944,0,0,0,0
1790616398.770421,0,3,-1,-1,435,8109,17402,18408,29976,29977,29973,29974,0,0,0,0
1790616398.77194,-4,-2,-3,2,436,8109,17402,18409,30006,30007,30003,30004,0,0,0,0
1790616398.780937,2,-2,0,1,436,8109,17402,18409,30036,30037,30033,30034,0,0,0,0
1790616398.944872,3,-4,-1,1,430,8115,17406,18404,30096,30097,30093,30094,0,0,0,0
1790616398.950902,1,0,4,-4,430,8115,17406,18402,30126,30127,30123,30124,0,0,0,0
1790616399.0008268,-2,2,1,-1,432,8111,17405,18405,30156,30157,30153,30154,0,0,0,0
1790616399.041116,2,1,-6,-6,436,8108,17401,18409,30216,30217,30213,30214,0,0,0,0
1790616399.1008341,0,-1,0,2,434,8111,17403,18407,30246,30247,30243,30244,0,0,0,0
1790616399.18158,-3,-1,1,4,433,8111,17404,18407,30276,30277,30273,30274,0,0,0,0
1790616399.222313,-1,4,-6,0,436,8109,17402,18408,30306,30307,30303,30304,0,0,0,0
1790616399.280912,1,1,3,-1,437,8108,17400,18409,30336,30337,30333,30334,0,0,0,0
1790616399.3409019,2,-5,-2,2,436,8108,17401,18410,30366,30367,30363,30364,0,0,0,0
1790616399.4008808,-2,-6,3,-1,434,8109,17402,18407,30396,30397,30393,30394,0,0,0,0
1790616399.4409401,-1,0,-11,-7,433,8112,17405,18406,30426,30427,30423,30424,0,0,0,0
1790616399.500779,-2,2,-2,-1,433,8111,17404,18407,30486,30487,30483,30484,0,0,0,0
1790616399.541177,0,-3,0,18,437,8108,17401,18410,30516,30517,30513,30514,0,0,0,0
1790616399.600862,-3,-3,3,-6,437,8107,17399,18411,30546,30547,30543,30544,0,0,0,0
1790616399.661878,1,3,-4,0,436,8109,17401,18409,30576,30577,30573,30574,0,0,0,0
1790616399.720905,-4,-2,-1,-2,434,8110,17402,18408,30606,30607,30603,30604,0,0,0,0
1790616399.761426,1,2,2,2,435,8109,17401,18409,30636,30637,30633,30634,0,0,0,0
1790616399.822546,0,-4,-2,0,436,8107,17400,18411,30666,30667,30663,30664,0,0,0,0
1790616399.880838,1,-1,1,-1,437,8108,17401,18409,30696,30697,30693,30694,0,0,0,0
1790616399.922424,-3,0,-13,0,434,8110,17402,18408,30726,30727,30723,30724,0,0,0,0
1790616399.981197,1,-3,-1,1,432,8112,17405,18405,30756,30757,30753,30754,0,0,0,0
1790616400.0415292,-1,0,-8,-5,432,8112,17405,18406,30786,30787,30783,30784,0,0,0,0
1790616400.1008599,4,7,-1,0,435,8110,17403,18408,30816,30817,30813,30814,0,0,0,0
1790616400.142456,1,-2,-6,-1,436,8108,17401,18410,30846,30847,30843,30844,0,0,0,0
1790616400.200879,2,0,-3,4,435,8110,17402,18409,30906,30907,30903,30904,0,0,0,0
1790616400.2607229,1,0,-5,-1,435,8110,17402,18407,30936,30937,30933,30934,0,0,0,0
1790616400.3011541,-1,-1,1,4,436,8109,17402,18408,30966,30967,30963,30964,0,0,0,0
1790616400.361286,0,2,-3,-4,436,8110,17402,18409,30996,30997,30993,30994,0,0,0,0
1790616400.4214091,-5,6,1,-2,435,8111,17403,18408,31026,31027,31023,31024,0,0,0,0
1790616400.4611928,-5,-2,2,-3,432,8113,17405,18406,31056,31057,31053,31054,0,0,0,0
1790616400.521535,-2,4,-5,1,433,8111,17405,18405,31086,31087,31083,31084,0,0,0,0
1790616400.581294,-2,-3,1,-2,434,8110,17404,18407,31116,31117,31113,31114,0,0,0,0
1790616400.6219819,-2,-3,3,0,435,8110,17403,18408,31146,31147,31143,31144,0,0,0,0
1790616400.6810188,-2,2,0,1,436,8109,17402,18409,31176,31177,31173,31174,0,0,0,0
1790616400.741086,0,0,-1,-3,436,8110,17402,18410,31206,31207,31203,31204,0,0,0,0
1790616400.800904,-1,-3,0,-3,435,8111,17403,18408,31266,31267,31263,31264,0,0,0,0
1790616400.860863,3,-2,0,3,435,8110,17402,18408,31296,31297,31293,31294,0,0,0,0
1790616400.921421,0,-2,1,1,435,8109,17402,18409,31326,31327,31323,31324,0,0,0,0
1790616400.960881,1,-3,-2,-5,434,8111,17403,18409,31356,31357,31353,31354,0,0,0,0
1790616401.021407,1,0,-2,1,433,8111,17404,18406,31386,31387,31383,31384,0,0,0,0
1790616401.0808709,2,3,-4,4,434,8110,17403,18408,31416,31417,31413,31414,0,0,0,0
1790616401.121195,0,-3,-3,1,437,8107,17401,18410,31446,31447,31443,31444,0,0,0,0
1790616401.180953,-2,2,-3,5,438,8107,17400,18411,31476,31477,31473,31474,0,0,0,0
1790616401.24093,1,1,-1,-2,436,8110,17402,18409,31506,31507,31503,31504,0,0,0,0
1790616401.2810292,-1,0,1,2,432,8113,17406,18406,31536,31537,31533,31534,0,0,0,0
1790616401.340839,-1,-6,-1,-2,430,8114,17407,18404,31566,31567,31563,31564,0,0,0,0
1790616401.3929532,1,-1,0,1,431,8113,17406,18405,31596,31597,31593,31594,0,0,0,0
1790616401.441736,-4,3,1,2,433,8111,17405,18407,31626,31627,31623,31624,0,0,0,0
1790616401.501003,-5,-1,-5,-1,435,8110,17404,18407,31656,31657,31653,31654,0,0,0,0
1790616401.54129,-1,-2,1,0,436,8110,17402,18409,31686,31687,31683,31684,0,0,0,0
1790616401.6016629,-1,-1,3,11,436,8109,17402,18409,31716,31717,31713,31714,0,0,0,0
1790616401.660864,-1,0,-1,5,435,8111,17403,18408,31776,31777,31773,31774,0,0,0,0
1790616401.700959,-1,2,1,-1,436,8110,17402,18408,31806,31807,31803,31804,0,0,0,0
1790616401.768724,-3,1,-2,0,435,8111,17402,18409,31836,31837,31833,31834,0,0,0,0
1790616401.801179,1,0,4,1,435,8111,17403,18408,31866,31867,31863,31864,0,0,0,0
1790616401.861655,0,-2,0,0,434,8111,17404,18407,31896,31897,31893,31894,0,0,0,0
1790616401.920656,1,-1,4,1,435,8112,17404,18408,31926,31927,31923,31924,0,0,0,0
1790616401.983231,1,-3,1,-1,435,8111,17403,18408,31956,31957,31953,31954,0,0,0,0
1790616402.022898,-32,-3,-1,-2,433,8112,17405,18407,31986,31987,31983,31984,0,0,0,0
1790616402.083097,-3,-2,-1,0,432,8112,17405,18406,32016,32017,32013,32014,0,0,0,0
1790616402.1220741,-7,-5,3,-2,433,8111,17405,18406,32046,32047,32043,32044,0,0,0,0
1790616402.180906,-1,-6,-3,0,435,8110,17404,18408,32076,32077,32073,32074,0,0,0,0
1790616402.241298,-2,1,-1,0,435,8110,17403,18408,32106,32107,32103,32104,0,0,0,0
1790616402.283469,-1,2,-3,-1,435,8110,17404,18408,32136,32137,32133,32134,0,0,0,0
1790616402.341287,-1,-3,3,0,434,8111,17404,18407,32166,32167,32163,32164,0,0,0,0
1790616402.4007838,0,-7,4,-6,435,8110,17403,18407,32196,32197,32193,32194,0,0,0,0
1790616402.441025,-3,0,-2,1,436,8107,17400,18410,32226,32227,32223,32224,0,0,0,0
1790616402.5008252,2,0,0,-4,435,8109,17403,18409,32256,32257,32253,32254,0,0,0,0
1790616402.541095,1,3,-3,1,431,8113,17406,18405,32286,32287,32283,32284,0,0,0,0
1790616402.6008608,-2,0,-5,0,432,8112,17404,18405,32346,32347,32343,32344,0,0,0,0
1790616402.6411378,-2,0,-5,0,432,8112,17404,18405,32346,32347,32343,32344,0,0,0,0
1790616402.704046,-23,-14,-13,-24,264,7863,17306,18249,32406,32407,32403,32404,0,0,0,0
1790616402.7615612,-18,-17,-23,-21,32580,7451,16797,17724,32436,32437,32433,32434,0,0,0,0
1790616402.8012218,-11,-18,-17,-8,32185,7092,16293,17256,32466,32467,32463,32464,0,0,0,0
1790616402.861336,-16,-20,-17,-29,31787,6765,15835,16646,32496,32497,32493,32494,0,0,0,0
1790616402.9207098,-21,-24,-18,-16,31256,6204,15309,16112,32526,32527,32523,32524,0,0,0,0
1790616402.9612741,-17,-28,-15,-11,30709,5606,14874,15772,32556,32557,32553,32554,0,0,0,0
1790616403.023988,-15,-18,-20,-14,30279,5051,14379,15430,32586,32587,32583,32584,0,0,0,0
1790616403.0622342,-21,-18,-14,-18,29813,4523,13809,15007,32616,32617,32613,32614,0,0,0,0
1790616403.122368,-23,-15,-21,-27,29319,3986,13255,14519,32646,32647,32643,32644,0,0,0,0
1790616403.161226,-24,-25,-12,-25,28736,3445,12807,13836,32676,32677,32673,32674,0,0,0,0
1790616403.2208729,-20,-13,-12,-26,28074,3015,12448,13191,32706,32707,32703,32704,0,0,0,0
1790616403.283259,-21,-17,-28,-16,27533,2578,11984,12657,32736,32737,32733,32734,0,0,0,0
1790616403.322342,-4,-11,-2,-6,27088,2268,11515,12224,32766,32767,32763,32764,0,0,0,0
1790616403.382524,-2,4,-3,2,26996,2216,11455,12175,32796,32797,32793,32794,0,0,0,0
1790616403.422745,-3,0,-1,-6,26957,2217,11452,12128,32826,32827,32823,32824,0,0,0,0
1790616403.4845262,-4,-3,-6,-9,26936,2218,11448,12099,32856,32857,32853,32854,0,0,0,0
1790616403.521606,-2,-7,-3,-2,26920,2212,11439,12080,32886,32887,32883,32884,0,0,0,0
1790616403.5841742,3,-8,-1,3,26914,2201,11426,12070,32916,32917,32913,32914,0,0,0,0
1790616403.6410198,-2,-4,6,1,26915,2184,11406,12068,32946,32947,32943,32944,0,0,0,0
1790616403.700726,-8,-5,-3,-2,26920,2167,11383,12067,32976,32977,32973,32974,0,0,0,0
1790616403.7414541,-3,-5,2,3,26928,2151,11361,12071,33006,33007,33003,33004,0,0,0,0
1790616403.800801,0,-3,-2,1,26930,2134,11341,12071,33036,33037,33033,33034,0,0,0,0
1790616403.8409941,7,7,4,7,26962,2178,11339,12073,33066,33067,33063,33064,0,0,0,0
1790616403.9007192,8,11,12,11,27249,2405,11597,12384,33096,33097,33093,33094,0,0,0,0
1790616403.942741,2,6,18,19,27763,2835,12491,13227,33156,33157,33153,33154,0,0,0,0
1790616404.0008929,10,11,15,17,27975,3063,12911,13767,33186,33187,33183,33184,0,0,0,0
1790616404.0419042,8,12,17,16,28283,3361,13361,14144,33216,33217,33213,33214,0,0,0,0
1790616404.101154,19,20,8,6,28757,3830,13722,14401,33246,33247,33243,33244,0,0,0,0
1790616404.160907,23,16,1,4,29247,4420,13931,14568,33276,33277,33273,33274,0,0,0,0
1790616404.2009091,14,10,7,6,29744,4844,14120,14782,33306,33307,33303,33304,0,0,0,0
1790616404.261,14,10,8,14,30153,5170,14329,15051,33336,33337,33333,33334,0,0,0,0
1790616404.300784,7,7,14,19,30429,5384,14634,15430,33366,33367,33363,33364,0,0,0,0
1790616404.3609548,9,-2,14,18,30649,5528,14972,15907,33396,33397,33393,33394,0,0,0,0
1790616404.4009569,6,6,10,3,30877,5639,15296,16260,33426,33427,33423,33424,0,0,0,0
1790616404.461072,9,0,9,6,31070,5738,15592,16561,33456,33457,33453,33454,0,0,0,0
1790616404.5222552,3,3,6,5,31256,5852,15834,16847,33486,33487,33483,33484,0,0,0,0
1790616404.563017,10,7,6,2,31459,6069,16102,17108,33516,33517,33513,33514,0,0,0,0
1790616404.621753,12,11,9,3,31653,6290,16323,17272,33546,33547,33543,33544,0,0,0,0
1790616404.68227,8,10,10,5,31899,6551,16491,17419,33576,33577,33573,33574,0,0,0,0
1790616404.7211342,9,4,5,3,32171,6787,16675,17590,33606,33607,33603,33604,0,0,0,0
1790616404.7819788,6,6,13,7,32413,6974,16872,17801,33636,33637,33633,33634,0,0,0,0
1790616404.8408499,4,1,9,6,32590,7153,17071,18034,33666,33667,33663,33664,0,0,0,0
1790616404.881545,3,7,8,4,32692,7309,17276,18226,33696,33697,33693,33694,0,0,0,0
1790616404.940902,-6,0,5,3,32749,7432,17486,18398,33726,33727,33723,33724,0,0,0,0
1790616404.981698,0,-4,-3,0,32730,7468,17562,18421,33756,33757,33753,33754,0,0,0,0
1790616405.0408762,-6,2,2,-1,32704,7494,17588,18397,33786,33787,33783,33784,0,0,0,0
1790616405.082589,0,1,-1,-6,32680,7522,17613,18371,33816,33817,33813,33814,0,0,0,0
1790616405.141137,-1,4,1,-1,32660,7551,17640,18348,33846,33847,33843,33844,0,0,0,0
1790616405.200785,-5,-1,-1,-1,32645,7571,17660,18329,33876,33877,33873,33874,0,0,0,0
1790616405.240982,-2,-4,0,-4,32637,7579,17670,18319,33906,33907,33903,33904,0,0,0,0
1790616405.300823,-4,-8,5,0,32636,7576,17669,18321,33966,33967,33963,33964,0,0,0,0
1790616405.3411598,-5,-3,-1,4,32639,7571,17665,18325,33996,33997,33993,33994,0,0,0,0
1790616405.400821,-3,-1,-6,-1,32640,7571,17664,18324,34026,34027,34023,34024,0,0,0,0
1790616405.460756,0,5,-2,1,32636,7575,17666,18320,34056,34057,34053,34054,0,0,0,0
1790616405.5023968,-2,5,-3,-2,32633,7577,17670,18316,34086,34087,34083,34084,0,0,0,0
1790616405.561074,-1,2,0,-2,32633,7581,17671,18315,34116,34117,34113,34114,0,0,0,0
1790616405.6009998,-2,-1,-1,3,32636,7581,17669,18320,34146,34147,34143,34144,0,0,0,0
1790616405.6613271,0,0,0,2,32641,7580,17670,18328,34176,34177,34173,34174,0,0,0,0
1790616405.702383,-3,-1,-5,-2,32642,7586,17680,18332,34206,34207,34203,34204,0,0,0,0
1790616405.760871,0,0,-1,-2,32637,7593,17685,18328,34236,34237,34233,34234,0,0,0,0
1790616405.8010921,0,-2,0,-5,32634,7593,17689,18326,34266,34267,34263,34264,0,0,0,0
1790616405.860924,0,-1,-4,-1,32632,7598,17692,18323,34296,34297,34293,34294,0,0,0,0
1790616405.9214232,-1,-1,0,4,32630,7604,17697,18322,34326,34327,34323,34324,0,0,0,0
1790616405.981741,8,4,-4,0,32633,7608,17698,18322,34356,34357,34353,34354,0,0,0,0
1790616406.0214841,-2,-1,-1,2,32635,7608,17697,18324,34386,34387,34383,34384,0,0,0,0
1790616406.0832489,-4,3,1,-1,32635,7609,17697,18325,34416,34417,34413,34414,0,0,0,0
1790616406.121433,4,0,2,-6,32637,7617,17701,18326,34446,34447,34443,34444,0,0,0,0
1790616406.181373,1,-1,4,6,32638,7622,17704,18326,34476,34477,34473,34474,0,0,0,0
1790616406.222665,5,-1,-1,0,32637,7626,17710,18327,34506,34507,34503,34504,0,0,0,0
1790616406.282263,-4,-1,3,2,32637,7630,17715,18326,34536,34537,34533,34534,0,0,0,0
1790616406.341571,1,1,-2,-2,32636,7634,17721,18329,34566,34567,34563,34564,0,0,0,0
1790616406.382653,0,2,3,-2,32635,7634,17725,18329,34596,34597,34593,34594,0,0,0,0
1790616406.440943,3,-3,-2,3,32635,7639,17729,18329,34626,34627,34623,34624,0,0,0,0
1790616406.483407,0,-2,1,3,32631,7641,17735,18327,34656,34657,34653,34654,0,0,0,0
1790616406.540829,5,-4,-1,-1,32631,7644,17739,18328,34686,34687,34683,34684,0,0,0,0
1790616406.5843341,-1,-2,0,1,32648,7637,17739,18354,34716,34717,34713,34714,0,0,0,0
1790616406.640964,-2,-2,-1,-3,32650,7628,17731,18361,34746,34747,34743,34744,0,0,0,0
1790616406.700876,-1,1,-1,-2,32642,7639,17741,18351,34776,34777,34773,34774,0,0,0,0
1790616406.741245,0,-3,3,-2,32615,7672,17773,18318,34836,34837,34833,34834,0,0,0,0
1790616406.8013382,-7,-2,-3,-3,32607,7682,17784,18307,34866,34867,34863,34864,0,0,0,0
1790616406.8608158,-5,-1,-3,-1,32603,7684,17790,18305,34896,34897,34893,34894,0,0,0,0
1790616406.921561,-5,-3,2,-1,32603,7682,17789,18305,34926,34927,34923,34924,0,0,0,0
1790616406.96092,-5,0,0,-1,32604,7679,17787,18307,34956,34957,34953,34954,0,0,0,0
1790616407.021892,-3,-5,0,1,32607,7676,17784,18312,34986,34987,34983,34984,0,0,0,0
1790616407.081162,3,3,-3,-2,32604,7671,17775,18304,35016,35017,35013,35014,0,0,0,0
1790616407.121357,-2,1,4,7,32616,7684,17803,18339,35046,35047,35043,35044,0,0,0,0
1790616407.180604,-1,2,-2,-1,32622,7693,17811,18342,35076,35077,35073,35074,0,0,0,0
1790616407.221178,-2,-1,-3,-2,32618,7698,17818,18342,35106,35107,35103,35104,0,0,0,0
1790616407.282537,4,-4,-6,-5,32618,7702,17822,18339,35136,35137,35133,35134,0,0,0,0
1790616407.3428102,1,-2,0,1,32619,7704,17826,18341,35166,35167,35163,35164,0,0,0,0
1790616407.4007869,1,1,0,-2,32620,7700,17823,18346,35196,35197,35193,35194,0,0,0,0
1790616407.4443321,-2,-2,-3,2,32622,7702,17822,18347,35226,35227,35223,35224,0,0,0,0
1790616407.500675,1,5,0,1,32622,7708,17827,18347,35256,35257,35253,35254,0,0,0,0
1790616407.5446,3,0,-1,1,32624,7712,17832,18348,35286,35287,35283,35284,0,0,0,0
1790616407.600752,0,2,2,3,32623,7714,17834,18349,35316,35317,35313,35314,0,0,0,0
1790616407.6607518,2,1,0,5,32628,7738,17881,18378,35376,35377,35373,35374,0,0,0,0
1790616407.701625,3,2,-2,4,32626,7750,17895,18374,35406,35407,35403,35404,0,0,0,0
1790616407.7608309,5,5,-1,1,32623,7755,17905,18373,35436,35437,35433,35434,0,0,0,0
1790616407.820718,-1,-4,-5,3,32627,7756,17904,18376,35466,35467,35463,35464,0,0,0,0
1790616407.86099,-1,1,0,3,32632,7752,17899,18380,35496,35497,35493,35494,0,0,0,0
1790616407.920694,1,-1,1,-3,32634,7751,17900,18386,35526,35527,35523,35524,0,0,0,0
1790616407.9812238,-1,-3,3,3,32634,7755,17905,18387,35556,35557,35553,35554,0,0,0,0
1790616408.0222778,3,0,2,-2,32630,7756,17912,18383,35586,35587,35583,35584,0,0,0,0
1790616408.080775,0,-1,-4,0,32627,7755,17916,18383,35616,35617,35613,35614,0,0,0,0
1790616408.141231,-8,-5,-3,-2,32628,7754,17917,18386,35646,35647,35643,35644,0,0,0,0
1790616408.1826391,-1,0,-6,-5,32635,7724,17886,18393,35676,35677,35673,35674,0,0,0,0
1790616408.24309,1,-2,-3,-1,32646,7720,17883,18414,35706,35707,35703,35704,0,0,0,0
1790616408.3011441,3,0,-3,2,32631,7747,17917,18401,35766,35767,35763,35764,0,0,0,0
1790616408.3607192,0,1,4,-2,32625,7760,17932,18397,35796,35797,35793,35794,0,0,0,0
1790616408.4008892,-4,7,1,-4,32623,7767,17941,18396,35826,35827,35823,35824,0,0,0,0
1790616408.460779,-1,3,7,4,32629,7770,17944,18404,35856,35857,35853,35854,0,0,0,0
1790616408.501411,1,1,-6,-4,32636,7766,17944,18413,35886,35887,35883,35884,0,0,0,0
1790616408.561226,3,-1,4,-4,32640,7764,17946,18420,35916,35917,35913,35914,0,0,0,0
1790616408.601278,7,3,-3,-4,32642,7767,17950,18424,35946,35947,35943,35944,0,0,0,0
1790616408.660942,10,0,-1,0,32641,7773,17958,18424,35976,35977,35973,35974,0,0,0,0
1790616408.7206862,-3,-7,1,0,32636,7773,17964,18420,36006,36007,36003,36004,0,0,0,0
1790616408.760915,1,0,-1,-1,32650,7757,17944,18435,36036,36037,36033,36034,0,0,0,0
1790616408.8208508,-3,2,4,2,32656,7750,17938,18444,36066,36067,36063,36064,0,0,0,0
1790616408.861283,-1,-2,1,-1,32648,7757,17948,18439,36096,36097,36093,36094,0,0,0,0
1790616408.9208698,-5,-1,3,-5,32639,7771,17965,18429,36126,36127,36123,36124,0,0,0,0
1790616408.961192,1,0,0,-2,32629,7781,17982,18421,36156,36157,36153,36154,0,0,0,0
1790616409.0217679,-7,-3,2,-1,32624,7788,17994,18419,36186,36187,36183,36184,0,0,0,0
1790616409.082861,-1,-5,-3,-3,32623,7791,18001,18421,36216,36217,36213,36214,0,0,0,0
1790616409.121894,-4,4,-3,1,32623,7790,18005,18424,36246,36247,36243,36244,0,0,0,0
1790616409.181731,-1,-2,0,2,32624,7793,18009,18427,36276,36277,36273,36274,0,0,0,0
1790616409.22192,0,1,-1,0,32623,7795,18015,18430,36306,36307,36303,36304,0,0,0,0
1790616409.281657,0,-1,-5,1,32621,7804,18028,18430,36336,36337,36333,36334,0,0,0,0
1790616409.3423529,1,-1,-3,2,32616,7811,18043,18428,36366,36367,36363,36364,0,0,0,0
1790616409.381902,-3,0,-3,3,32614,7817,18051,18427,36396,36397,36393,36394,0,0,0,0
1790616409.4439838,-1,-4,-7,-4,32615,7818,18055,18434,36426,36427,36423,36424,0,0,0,0
1790616409.501983,5,-1,0,-1,32619,7820,18058,18439,36456,36457,36453,36454,0,0,0,0
1790616409.542322,1,0,-4,-4,32620,7823,18062,18443,36486,36487,36483,36484,0,0,0,0
1790616409.6020322,0,1,-3,2,32623,7834,18077,18449,36546,36547,36543,36544,0,0,0,0
1790616409.663131,0,-12,2,2,32623,7836,18083,18454,36576,36577,36573,36574,0,0,0,0
1790616409.702174,5,-1,-3,0,32625,7841,18091,18458,36606,36607,36603,36604,0,0,0,0
1790616409.7619572,-3,-3,5,7,32627,7844,18100,18464,36636,36637,36633,36634,0,0,0,0
1790616409.8021781,3,-3,0,0,32629,7845,18107,18469,36666,36667,36663,36664,0,0,0,0
1790616409.862151,-2,3,5,5,32634,7845,18112,18476,36696,36697,36693,36694,0,0,0,0
1790616409.921689,1,2,2,3,32634,7846,18116,18482,36726,36727,36723,36724,0,0,0,0
1790616409.962101,4,1,-1,-2,32637,7849,18120,18484,36756,36757,36753,36754,0,0,0,0
1790616410.02244,-4,-3,-3,2,32638,7851,18128,18490,36786,36787,36783,36784,0,0,0,0
1790616410.0619571,1,-6,3,0,32641,7850,18134,18495,36816,36817,36813,36814,0,0,0,0
1790616410.121662,-4,-3,3,2,32644,7847,18135,18502,36846,36847,36843,36844,0,0,0,0
1790616410.162077,0,-1,-3,2,32645,7845,18137,18506,36876,36877,36873,36874,0,0,0,0
1790616410.2224991,2,2,2,-2,32644,7850,18144,18509,36906,36907,36903,36904,0,0,0,0
1790616410.2632651,-2,-2,3,2,32650,7865,18162,18520,36936,36937,36933,36934,0,0,0,0
1790616410.322919,2,1,8,9,32652,7888,18188,18528,36966,36967,36963,36964,0,0,0,0
1790616410.403925,-1,-5,0,0,32640,7898,18221,18531,36996,36997,36993,36994,0,0,0,0
1790616410.442126,1,1,1,-7,32632,7913,18248,18528,37026,37027,37023,37024,0,0,0,0
1790616410.508512,1,-1,5,2,32625,7926,18268,18523,37056,37057,37053,37054,0,0,0,0
1790616410.5454469,5,0,0,-3,32619,7934,18283,18521,37086,37087,37083,37084,0,0,0,0
1790616410.6235452,-3,0,2,3,32619,7942,18294,18521,37116,37117,37113,37114,0,0,0,0
1790616410.6497269,-4,2,0,2,32619,7946,18302,18525,37146,37147,37143,37144,0,0,0,0
1790616410.704171,-1,-5,1,-6,32618,7950,18311,18527,37176,37177,37173,37174,0,0,0,0
1790616410.751026,0,0,0,-1,32614,7957,18323,18527,37206,37207,37203,37204,0,0,0,0
1790616410.804255,1,-1,3,-3,32614,7965,18337,18530,37236,37237,37233,37234,0,0,0,0
1790616410.845525,-1,-3,5,-1,32613,7972,18349,18533,37266,37267,37263,37264,0,0,0,0
1790616410.94224,0,-1,-3,1,32617,7993,18396,18562,37326,37327,37323,37324,0,0,0,0
1790616410.943682,0,-1,-3,1,32617,7993,18396,18562,37326,37327,37323,37324,0,0,0,0
1790616411.063861,2,3,0,2,32607,8015,18428,18561,37416,37417,37413,37414,0,0,0,0
1790616411.172678,-2,-5,4,4,32602,8022,18445,18562,37446,37447,37443,37444,0,0,0,0
1790616411.176398,-1,4,-1,-1,32598,8031,18457,18561,37476,37477,37473,37474,0,0,0,0
1790616411.257118,0,-1,0,0,32596,8039,18471,18564,37506,37507,37503,37504,0,0,0,0
1790616411.3948748,0,-1,3,2,32591,8048,18484,18563,37536,37537,37533,37534,0,0,0,0
1790616411.399211,-1,0,-1,-4,32584,8057,18496,18556,37566,37567,37563,37564,0,0,0,0
1790616411.40129,-2,2,1,-6,32556,8076,18514,18531,37596,37597,37593,37594,0,0,0,0
1790616411.423529,-4,-3,-2,0,32547,8111,18563,18530,37626,37627,37623,37624,0,0,0,0
1790616411.5764968,-3,2,-5,4,32543,8127,18576,18523,37656,37657,37653,37654,0,0,0,0
1790616411.582994,0,-1,0,-3,32540,8124,18581,18526,37686,37687,37683,37684,0,0,0,0
1790616411.701171,3,-5,-4,2,32549,8114,18577,18544,37776,37777,37773,37774,0,0,0,0
1790616411.874738,-5,-4,-5,-1,32547,8117,18583,18544,37806,37807,37803,37804,0,0,0,0
1790616411.878456,-3,-7,0,-6,32544,8113,18589,18543,37836,37837,37833,37834,0,0,0,0
1790616411.88007,-39,-27,-37,-39,31838,7336,17983,17831,37866,37867,37863,37864,0,0,0,0
1790616411.909371,-28,-28,-28,-28,30050,5656,16191,16012,37926,37927,37923,37924,0,0,0,0
1790616412.0494819,-37,-45,-36,-43,28195,3754,14305,14255,37986,37987,37983,37984,0,0,0,0
1790616412.064469,-37,-45,-36,-43,28195,3754,14305,14255,37986,37987,37983,37984,0,0,0,0
1790616412.217998,-41,-35,-39,-37,26331,1946,12327,12300,38046,38047,38043,38044,0,0,0,0
1790616412.222134,-46,-39,-41,-47,25263,764,11277,11290,38076,38077,38073,38074,0,0,0,0
1790616412.2252002,-42,-28,-30,-31,24149,32542,10321,10197,38106,38107,38103,38104,0,0,0,0
1790616412.375658,-37,-40,-39,-30,23151,31383,9273,9247,38136,38137,38133,38134,0,0,0,0
1790616412.384771,-40,-37,-33,-37,22035,30354,8176,8070,38166,38167,38163,38164,0,0,0,0
1790616412.404247,-45,-39,-37,-48,19936,28192,5989,6034,38226,38227,38223,38224,0,0,0,0
1790616412.55971,-45,-40,-41,-45,17824,26158,3805,3920,38286,38287,38283,38284,0,0,0,0
1790616412.566283,-46,-47,-41,-48,16757,25029,2760,2815,38316,38317,38313,38314,0,0,0,0
1790616412.721869,-45,-38,-41,-47,15680,24010,1703,1696,38346,38347,38343,38344,0,0,0,0
1790616412.722482,-39,-34,-46,-42,13564,21850,32178,32258,38406,38407,38403,38404,0,0,0,0
1790616412.745514,-40,-41,-35,-32,12448,20838,31112,31213,38436,38437,38433,38434,0,0,0,0
1790616412.873536,-49,-36,-42,-35,11384,19600,30025,30192,38466,38467,38463,38464,0,0,0,0
1790616412.884938,-38,-30,-38,-34,10290,18584,28939,29043,38496,38497,38493,38494,0,0,0,0
1790616412.90408,-44,-44,-44,-38,9217,17419,27913,27937,38526,38527,38523,38524,0,0,0,0
1790616412.9637818,-28,-35,-30,-31,8135,16450,26750,26775,38556,38557,38553,38554,0,0,0,0
1790616413.12394,-37,-32,-37,-30,7302,15610,25980,25982,38586,38587,38583,38584,0,0,0,0
1790616413.1302211,-26,-30,-35,-35,6529,14824,25069,25197,38616,38617,38613,38614,0,0,0,0
1790616413.13231,-24,-31,-29,-27,5770,14003,24219,24336,38646,38647,38643,38644,0,0,0,0
1790616413.164282,-29,-29,-27,-26,5051,13268,23451,23607,38676,38677,38673,38674,0,0,0,0
1790616413.3042471,-22,-28,-30,-26,4353,12537,22627,22933,38706,38707,38703,38704,0,0,0,0
1790616413.305444,-24,-22,-24,-21,3613,11715,21965,22180,38736,38737,38733,38734,0,0,0,0
1790616413.4318452,-27,-24,-20,-28,2786,11048,21358,21492,38766,38767,38763,38764,0,0,0,0
1790616413.442789,-18,-10,-15,-13,2118,10458,20829,20845,38796,38797,38793,38794,0,0,0,0
1790616413.4570591,-17,-21,-11,-19,1421,9810,20073,20098,38856,38857,38853,38854,0,0,0,0
1790616413.6042712,-12,-10,-9,-16,753,9063,19317,19243,38916,38917,38913,38914,0,0,0,0
1790616413.610553,-13,-14,-9,-14,424,8758,18997,18941,38946,38947,38943,38944,0,0,0,0
1790616413.7807949,-6,-5,-5,-9,175,8440,18703,18700,38976,38977,38973,38974,0,0,0,0
1790616413.782878,-7,-9,-10,-8,80,8247,18485,18549,39006,39007,39003,39004,0,0,0,0
1790616413.7837582,-7,-10,-18,-10,32694,8013,18202,18339,39036,39037,39033,39034,0,0,0,0
1790616413.823696,-9,-9,-13,-6,32497,7802,17897,18089,39066,39067,39063,39064,0,0,0,0
1790616413.867994,-10,-3,-4,-10,32311,7648,17659,17872,39096,39097,39093,39094,0,0,0,0
1790616413.9242299,-1,1,0,-3,32184,7616,17549,17684,39126,39127,39123,39124,0,0,0,0
1790616413.96811,0,4,6,-4,32154,7643,17556,17638,39156,39157,39153,39154,0,0,0,0
1790616414.0245519,-2,1,2,3,32137,7664,17569,17618,39186,39187,39183,39184,0,0,0,0
1790616414.083701,-2,4,-4,1,32129,7668,17575,17608,39216,39217,39213,39214,0,0,0,0
1790616414.124204,0,0,-6,-1,32129,7668,17574,17604,39246,39247,39243,39244,0,0,0,0
1790616414.183705,-4,2,-1,3,32133,7667,17572,17604,39276,39277,39273,39274,0,0,0,0
1790616414.224447,-2,0,-1,0,32137,7662,17566,17607,39306,39307,39303,39304,0,0,0,0
1790616414.284373,2,20,1,-2,32166,7685,17568,17617,39336,39337,39333,39334,0,0,0,0
1790616414.3436391,-2,-6,-5,-4,32158,7666,17558,17615,39366,39367,39363,39364,0,0,0,0
1790616414.383782,-2,-4,1,-2,32158,7658,17549,17617,39396,39397,39393,39394,0,0,0,0
1790616414.443557,0,-3,-2,0,32165,7659,17548,17620,39426,39427,39423,39424,0,0,0,0
1790616414.48382,2,1,-2,0,32168,7658,17548,17619,39456,39457,39453,39454,0,0,0,0
1790616414.543666,-4,-3,-3,-2,32170,7657,17544,17620,39486,39487,39483,39484,0,0,0,0
1790616414.6038039,0,0,-3,-1,32176,7657,17542,17623,39546,39547,39543,39544,0,0,0,0
1790616414.668215,-7,-4,0,1,32176,7664,17544,17621,39576,39577,39573,39574,0,0,0,0
1790616414.704301,-3,3,-2,-8,32158,7658,17542,17606,39606,39607,39603,39604,0,0,0,0
1790616414.770108,-3,0,4,-1,32130,7697,17562,17576,39636,39637,39633,39634,0,0,0,0
1790616414.82401,-1,2,-1,0,32122,7695,17571,17567,39666,39667,39663,39664,0,0,0,0
1790616414.884056,-3,-2,6,0,32123,7690,17568,17570,39696,39697,39693,39694,0,0,0,0
1790616414.9438221,0,-4,2,-3,32136,7686,17562,17577,39726,39727,39723,39724,0,0,0,0
1790616414.984564,1,-3,0,-2,32141,7679,17556,17583,39756,39757,39753,39754,0,0,0,0
1790616415.0438342,3,-4,0,-1,32146,7676,17553,17587,39786,39787,39783,39784,0,0,0,0
1790616415.1050901,1,-3,-4,-5,32146,7683,17556,17585,39846,39847,39843,39844,0,0,0,0
1790616415.143827,0,1,-3,-2,32147,7685,17558,17584,39876,39877,39873,39874,0,0,0,0
1790616415.2067719,-2,-2,4,4,32151,7687,17557,17587,39906,39907,39903,39904,0,0,0,0
1790616415.2440388,0,-3,0,-2,32161,7679,17552,17593,39936,39937,39933,39934,0,0,0,0
1790616415.3240168,14,-28,-9,11,32340,7419,17432,17701,39966,39967,39963,39964,0,0,0,0
1790616415.369347,75,-75,-37,34,658,6210,16915,18322,39996,39997,39993,39994,0,0,0,0
1790616415.423848,73,-51,-60,71,2559,4381,15396,19821,40026,40027,40023,40024,0,0,0,0
1790616415.4644349,54,-69,-81,70,4470,2621,13511,21876,40056,40057,40053,40054,0,0,0,0
1790616415.524301,84,-83,-68,82,6466,548,11430,23986,40086,40087,40083,40084,0,0,0,0
1790616415.584914,89,-65,-73,82,8569,31292,9291,26163,40116,40117,40113,40114,0,0,0,0
1790616415.624864,66,-76,-81,68,10520,29372,7346,28120,40146,40147,40143,40144,0,0,0,0
1790616415.685133,64,-54,-46,60,12276,27764,5605,29941,40176,40177,40173,40174,0,0,0,0
1790616415.7445602,43,-49,-51,41,13795,26353,4102,31328,40206,40207,40203,40204,0,0,0,0
1790616415.7852428,46,-50,-42,46,15007,25062,2916,32648,40236,40237,40233,40234,0,0,0,0
1790616415.844608,44,-51,-45,42,16254,23875,1766,1132,40266,40267,40263,40264,0,0,0,0
1790616415.906333,43,-59,-49,51,17545,22538,509,2492,40296,40297,40293,40294,0,0,0,0
1790616415.945316,61,-67,-64,60,20862,19418,30065,5695,40356,40357,40353,40354,0,0,0,0
1790616416.007183,85,-66,-66,70,22634,17556,28295,7529,40386,40387,40383,40384,0,0,0,0
1790616416.044842,60,-70,-66,62,24409,15883,26519,9391,40416,40417,40413,40414,0,0,0,0
1790616416.1056151,73,-56,-69,73,26124,14147,24732,11145,40446,40447,40443,40444,0,0,0,0
1790616416.1709309,55,-51,-55,47,27765,12632,23220,12752,40476,40477,40473,40474,0,0,0,0
1790616416.225536,48,-57,-52,53,29244,11222,21623,14239,40506,40507,40503,40504,0,0,0,0
1790616416.285738,55,-53,-59,51,30574,9831,20144,15548,40536,40537,40533,40534,0,0,0,0
1790616416.344683,58,-86,-57,52,32178,8504,18762,16968,40566,40567,40563,40564,0,0,0,0
1790616416.384873,61,-50,-56,49,950,7152,17191,18398,40596,40597,40593,40594,0,0,0,0
1790616416.4447129,67,-52,-71,54,2674,5736,15432,19761,40626,40627,40623,40624,0,0,0,0
1790616416.5066721,54,-64,-66,59,4491,4271,13682,21455,40656,40657,40653,40654,0,0,0,0
1790616416.546206,68,-47,-70,61,6230,2584,11866,23092,40686,40687,40683,40684,0,0,0,0
1790616416.605027,62,-65,-66,61,9607,32210,8471,26344,40746,40747,40743,40744,0,0,0,0
1790616416.644951,59,-50,-60,49,11207,30675,6844,27820,40776,40777,40773,40774,0,0,0,0
1790616416.70528,50,-54,-48,48,12666,29208,5373,29280,40806,40807,40803,40804,0,0,0,0
1790616416.770732,49,-46,-54,53,14181,27794,3789,30716,40836,40837,40833,40834,0,0,0,0
1790616416.8063722,56,-47,-54,59,15644,26474,2439,32154,40866,40867,40863,40864,0,0,0,0
1790616416.8645298,44,-42,-50,47,17110,25186,1018,657,40896,40897,40893,40894,0,0,0,0
1790616416.924735,39,-44,-47,40,18447,23933,32462,1937,40926,40927,40923,40924,0,0,0,0
1790616416.964962,37,-46,-36,37,19591,22841,31240,2993,40956,40957,40953,40954,0,0,0,0
1790616417.024817,36,-31,-37,40,20614,21882,30185,3957,40986,40987,40983,40984,0,0,0,0
1790616417.075218,27,-24,-30,24,21460,21185,29277,4693,41016,41017,41013,41014,0,0,0,0
1790616417.125005,18,-20,-25,19,22120,20623,28625,5277,41046,41047,41043,41044,0,0,0,0
1790616417.1848252,21,-20,-21,14,22711,20026,28054,5734,41076,41077,41073,41074,0,0,0,0
1790616417.244586,16,-14,-25,19,23285,19604,27486,6199,41106,41107,41103,41104,0,0,0,0
1790616417.284817,27,-18,-23,19,23856,19243,26910,6694,41136,41137,41133,41134,0,0,0,0
1790616417.346347,25,-10,-27,13,25112,18413,25689,7463,41196,41197,41193,41194,0,0,0,0
1790616417.404624,17,-16,-20,12,25688,17978,25021,7838,41226,41227,41223,41224,0,0,0,0
1790616417.4449651,17,-11,-13,9,26254,17633,24518,8209,41256,41257,41253,41254,0,0,0,0
1790616417.508352,15,-16,-13,13,26671,17324,24111,8501,41286,41287,41283,41284,0,0,0,0
1790616417.56696,6,-9,-11,10,26996,17100,23774,8853,41316,41317,41313,41314,0,0,0,0
1790616417.607252,14,-11,-14,7,27299,16832,23468,9131,41346,41347,41343,41344,0,0,0,0
1790616417.6670048,14,-18,-12,14,27696,16506,23142,9446,41376,41377,41373,41374,0,0,0,0
1790616417.706804,17,-22,-24,23,28123,16071,22648,9917,41406,41407,41403,41404,0,0,0,0
1790616417.774078,27,-19,-26,18,28723,15543,22066,10407,41436,41437,41433,41434,0,0,0,0
1790616417.806797,14,-12,-23,21,29314,15038,21453,10850,41466,41467,41463,41464,0,0,0,0
1790616417.8683178,18,-17,-13,13,29842,14608,20903,11354,41496,41497,41493,41494,0,0,0,0
1790616417.907834,18,-11,-19,9,30256,14219,20448,11707,41526,41527,41523,41524,0,0,0,0
1790616417.967283,13,-4,-14,10,30629,13971,20062,12046,41556,41557,41553,41554,0,0,0,0
1790616418.0087218,15,-15,-11,10,31065,13722,19718,12355,41586,41587,41583,41584,0,0,0,0
1790616418.067075,5,-11,-9,8,31374,13407,19384,12576,41616,41617,41613,41614,0,0,0,0
1790616418.10713,4,-4,-3,5,31563,13210,19199,12748,41646,41647,41643,41644,0,0,0,0
1790616418.167278,-1,-2,-3,3,31635,13078,19095,12832,41676,41677,41673,41674,0,0,0,0
1790616418.229238,-2,-6,1,3,31673,13028,19049,12875,41706,41707,41703,41704,0,0,0,0
1790616418.286774,2,-6,2,0,31675,13022,19040,12879,41736,41737,41733,41734,0,0,0,0
1790616418.346702,0,3,0,-2,31655,13049,19063,12859,41766,41767,41763,41764,0,0,0,0
1790616418.387601,4,3,1,0,31619,13089,19100,12827,41796,41797,41793,41794,0,0,0,0
1790616418.448172,-6,4,3,4,31582,13131,19139,12791,41826,41827,41823,41824,0,0,0,0
1790616418.488907,-2,-2,-1,-5,31551,13171,19172,12762,41856,41857,41853,41854,0,0,0,0
1790616418.548098,-5,0,3,-3,31524,13203,19203,12738,41886,41887,41883,41884,0,0,0,0
1790616418.5884988,-3,-2,-1,-4,31502,13229,19228,12719,41916,41917,41913,41914,0,0,0,0
1790616418.646802,-1,-2,-3,0,31488,13247,19245,12706,41946,41947,41943,41944,0,0,0,0
1790616418.68874,-8,-1,3,-2,31478,13257,19255,12698,41976,41977,41973,41974,0,0,0,0
1790616418.747734,4,0,2,3,31474,13261,19260,12694,42006,42007,42003,42004,0,0,0,0
1790616418.807609,6,0,3,2,31480,13257,19255,12697,42066,42067,42063,42064,0,0,0,0
1790616418.869148,-3,1,-3,0,31481,13256,19254,12699,42096,42097,42093,42094,0,0,0,0
1790616418.908192,-1,5,3,3,31474,13254,19249,12692,42126,42127,42123,42124,0,0,0,0
1790616418.969941,4,1,-2,-1,31483,13265,19269,12697,42156,42157,42153,42154,0,0,0,0
1790616419.0068102,-2,0,1,-7,31480,13276,19280,12693,42186,42187,42183,42184,0,0,0,0
1790616419.0682812,-1,2,-3,-2,31473,13285,19289,12689,42216,42217,42213,42214,0,0,0,0
1790616419.104651,1,0,-2,1,31474,13295,19298,12688,42246,42247,42243,42244,0,0,0,0
1790616419.1667368,-2,0,15,1,31468,13300,19304,12685,42276,42277,42273,42274,0,0,0,0
1790616419.207349,-3,-6,-2,1,31462,13307,19310,12682,42306,42307,42303,42304,0,0,0,0
1790616419.2696419,3,2,2,-3,31458,13314,19317,12679,42336,42337,42333,42334,0,0,0,0
1790616419.330362,-1,3,-2,0,31455,13320,19320,12675,42366,42367,42363,42364,0,0,0,0
1790616419.387487,-4,-37,-4,0,31453,13322,19323,12673,42396,42397,42393,42394,0,0,0,0
1790616419.446975,2,0,-7,3,31451,13324,19324,12672,42426,42427,42423,42424,0,0,0,0
1790616419.4909298,-2,-1,-3,-4,31452,13322,19323,12672,42456,42457,42453,42454,0,0,0,0
1790616419.546664,7,0,0,-4,31454,13320,19322,12674,42486,42487,42483,42484,0,0,0,0
1790616419.587399,-4,-4,-4,-2,31454,13319,19320,12674,42516,42517,42513,42514,0,0,0,0
1790616419.646802,-4,3,-7,-4,31455,13319,19322,12674,42546,42547,42543,42544,0,0,0,0
1790616419.686796,-4,-2,-2,-3,31454,13320,19323,12674,42576,42577,42573,42574,0,0,0,0
1790616419.7467608,-5,-6,4,0,31453,13321,19323,12673,42606,42607,42603,42604,0,0,0,0
1790616419.7867992,2,-2,2,0,31452,13322,19325,12672,42636,42637,42633,42634,0,0,0,0
1790616419.847782,2,1,1,-5,31453,13324,19325,12672,42666,42667,42663,42664,0,0,0,0
1790616419.886778,-5,-5,-1,-3,31451,13322,19326,12672,42696,42697,42693,42694,0,0,0,0
1790616419.9484742,-4,-1,1,2,31452,13323,19326,12672,42726,42727,42723,42724,0,0,0,0
1790616419.986785,0,2,2,0,31443,13347,19337,12661,42756,42757,42753,42754,0,0,0,0
1790616420.047901,-3,3,5,3,31426,13376,19377,12650,42786,42787,42783,42784,0,0,0,0
1790616420.089261,-1,-1,2,-3,31427,13380,19380,12650,42816,42817,42813,42814,0,0,0,0
1790616420.148006,4,1,1,4,31442,13377,19384,12671,42876,42877,42873,42874,0,0,0,0
1790616420.2082329,0,-1,1,-1,31444,13379,19384,12669,42906,42907,42903,42904,0,0,0,0
1790616420.248021,0,-1,-5,-2,31444,13380,19385,12669,42936,42937,42933,42934,0,0,0,0
1790616420.308325,-1,4,0,-3,31461,13371,19387,12685,42966,42967,42963,42964,0,0,0,0
1790616420.347842,0,-3,-2,1,31467,13381,19399,12693,42996,42997,42993,42994,0,0,0,0
1790616420.407797,-1,-3,-4,-1,31461,13390,19412,12692,43026,43027,43023,43024,0,0,0,0
1790616420.4697652,-1,-1,3,-3,31459,13401,19422,12691,43056,43057,43053,43054,0,0,0,0
1790616420.5084102,3,1,-3,-2,31460,13402,19423,12690,43086,43087,43083,43084,0,0,0,0
1790616420.56833,0,1,-3,-2,31459,13399,19420,12690,43116,43117,43113,43114,0,0,0,0
1790616420.6276312,4,-1,0,-1,31462,13396,19419,12693,43146,43147,43143,43144,0,0,0,0
1790616420.6695821,-3,-5,-1,0,31463,13398,19418,12694,43176,43177,43173,43174,0,0,0,0
1790616420.7290392,1,0,-6,-2,31493,13379,19395,12704,43206,43207,43203,43204,0,0,0,0
1790616420.768639,2,5,0,2,31459,13414,19439,12697,43236,43237,43233,43234,0,0,0,0
1790616420.828595,0,2,4,1,31468,13419,19443,12703,43266,43267,43263,43264,0,0,0,0
1790616420.869279,-3,-4,5,-3,31470,13420,19445,12700,43296,43297,43293,43294,0,0,0,0
1790616420.931381,-1,-5,0,1,31469,13419,19444,12700,43326,43327,43323,43324,0,0,0,0
1790616420.9897861,-4,-2,1,1,31467,13420,19446,12698,43356,43357,43353,43354,0,0,0,0
1790616421.028501,6,0,-2,-1,31464,13419,19446,12696,43386,43387,43383,43384,0,0,0,0
1790616421.089391,-3,2,1,-3,31465,13422,19447,12697,43416,43417,43413,43414,0,0,0,0
1790616421.1294122,6,0,2,-5,31463,13425,19449,12696,43446,43447,43443,43444,0,0,0,0
1790616421.1899269,-2,-2,3,-1,31461,13429,19453,12693,43476,43477,43473,43474,0,0,0,0
1790616421.248682,-3,-3,2,-1,31460,13432,19454,12692,43506,43507,43503,43504,0,0,0,0
1790616421.290869,-1,-3,-5,-3,31459,13431,19455,12692,43536,43537,43533,43534,0,0,0,0
1790616421.348311,-2,5,0,3,31463,13431,19456,12695,43566,43567,43563,43564,0,0,0,0
1790616421.408124,0,-1,-2,-1,31466,13429,19453,12699,43596,43597,43593,43594,0,0,0,0
1790616421.4477608,0,1,-2,-4,31463,13461,19494,12702,43656,43657,43653,43654,0,0,0,0
1790616421.507745,2,-1,-1,-1,31458,13462,19496,12700,43686,43687,43683,43684,0,0,0,0
1790616421.547797,-1,-3,3,1,31460,13458,19492,12699,43716,43717,43713,43714,0,0,0,0
1790616421.608191,1,4,2,-3,31467,13459,19489,12702,43746,43747,43743,43744,0,0,0,0
1790616421.668331,-3,-2,-6,-3,31467,13456,19489,12706,43776,43777,43773,43774,0,0,0,0
1790616421.727539,0,0,-3,-4,31467,13458,19490,12707,43806,43807,43803,43804,0,0,0,0
1790616421.770607,-2,-1,-2,0,31467,13462,19494,12705,43836,43837,43833,43834,0,0,0,0
1790616421.8275478,-5,1,-1,1,31465,13463,19496,12705,43866,43867,43863,43864,0,0,0,0
1790616421.868383,-2,-4,0,-2,31476,13467,19503,12715,43896,43897,43893,43894,0,0,0,0
1790616421.92918,0,-6,1,0,31491,13455,19490,12730,43926,43927,43923,43924,0,0,0,0
1790616421.967725,-1,6,2,1,31495,13457,19490,12731,43956,43957,43953,43954,0,0,0,0
1790616422.0275662,0,0,-2,2,31490,13470,19500,12726,43986,43987,43983,43984,0,0,0,0
1790616422.0678122,2,0,3,3,31478,13485,19515,12720,44016,44017,44013,44014,0,0,0,0
1790616422.128161,-2,0,1,-4,31469,13494,19526,12711,44046,44047,44043,44044,0,0,0,0
1790616422.1880782,3,-1,3,-1,31445,13529,19549,12688,44076,44077,44073,44074,0,0,0,0
1790616422.233171,-5,2,-1,1,31466,13548,19599,12728,44106,44107,44103,44104,0,0,0,0
1790616422.292144,-1,1,-1,0,31487,13526,19586,12749,44136,44137,44133,44134,0,0,0,0
1790616422.347751,0,1,-1,8,31491,13519,19578,12754,44166,44167,44163,44164,0,0,0,0
1790616422.3909829,-1,-1,-1,0,31487,13527,19583,12750,44196,44197,44193,44194,0,0,0,0
1790616422.447553,0,-3,1,-2,31480,13538,19593,12741,44226,44227,44223,44224,0,0,0,0
1790616422.491232,0,2,-1,-3,31472,13545,19598,12737,44256,44257,44253,44254,0,0,0,0
1790616422.547555,-7,-1,0,-2,31472,13547,19600,12736,44286,44287,44283,44284,0,0,0,0
1790616422.590333,0,-3,-1,-2,31473,13548,19600,12737,44316,44317,44313,44314,0,0,0,0
1790616422.647601,2,-2,-2,4,31476,13548,19600,12739,44346,44347,44343,44344,0,0,0,0
1790616422.6920362,1,0,-4,0,31478,13546,19599,12739,44376,44377,44373,44374,0,0,0,0
1790616422.747818,-3,-3,-1,0,31473,13540,19592,12732,44406,44407,44403,44404,0,0,0,0
1790616422.789657,-1,-1,0,0,31479,13542,19602,12746,44436,44437,44433,44434,0,0,0,0
1790616422.847991,3,-8,2,-1,31478,13544,19602,12742,44496,44497,44493,44494,0,0,0,0
1790616422.9094179,0,0,2,1,31477,13545,19603,12744,44526,44527,44523,44524,0,0,0,0
1790616422.9488618,2,3,-1,-8,31475,13546,19607,12743,44556,44557,44553,44554,0,0,0,0
1790616423.008827,-4,-4,-6,1,31473,13550,19610,12740,44586,44587,44583,44584,0,0,0,0
1790616423.05024,-1,-2,3,9,31474,13555,19612,12741,44616,44617,44613,44614,0,0,0,0
1790616423.1086662,0,5,4,0,31476,13557,19612,12741,44646,44647,44643,44644,0,0,0,0
1790616423.14928,-3,0,0,-3,31477,13554,19612,12743,44676,44677,44673,44674,0,0,0,0
1790616423.20879,0,-4,-2,1,31478,13555,19614,12745,44706,44707,44703,44704,0,0,0,0
1790616423.2685142,4,0,7,-1,31481,13554,19615,12747,44736,44737,44733,44734,0,0,0,0
1790616423.308804,0,0,-2,1,31482,13560,19617,12749,44766,44767,44763,44764,0,0,0,0
1790616423.3685849,0,3,4,0,31489,13576,19657,12777,44796,44797,44793,44794,0,0,0,0
1790616423.408845,2,4,0,2,31484,13591,19671,12770,44826,44827,44823,44824,0,0,0,0
1790616423.468565,5,11,4,0,31473,13603,19683,12760,44856,44857,44853,44854,0,0,0,0
1790616423.5089889,8,0,-5,0,31467,13612,19691,12755,44886,44887,44883,44884,0,0,0,0
1790616423.568807,-2,3,-1,3,31467,13617,19695,12752,44916,44917,44913,44914,0,0,0,0
1790616423.6106381,-2,-1,-1,3,31467,13616,19695,12754,44946,44947,44943,44944,0,0,0,0
1790616423.66857,-3,-20,0,-2,31472,13614,19693,12758,44976,44977,44973,44974,0,0,0,0
1790616423.710207,2,3,1,1,31475,13610,19691,12761,45006,45007,45003,45004,0,0,0,0
1790616423.768708,-5,1,-4,1,31478,13607,19689,12765,45036,45037,45033,45034,0,0,0,0
1790616423.832779,4,-8,-1,6,31482,13603,19686,12765,45066,45067,45063,45064,0,0,0,0
1790616423.889996,-2,-1,-2,-1,31491,13580,19665,12773,45096,45097,45093,45094,0,0,0,0
1790616423.950082,-3,3,-1,-4,31504,13573,19661,12788,45126,45127,45123,45124,0,0,0,0
1790616423.989302,-4,1,5,1,31501,13579,19664,12785,45156,45157,45153,45154,0,0,0,0
1790616424.049568,1,-1,0,2,31491,13589,19676,12781,45186,45187,45183,45184,0,0,0,0
1790616424.089,1,5,3,1,31482,13598,19685,12774,45216,45217,45213,45214,0,0,0,0
1790616424.149639,2,5,2,-8,31481,13605,19692,12772,45246,45247,45243,45244,0,0,0,0
1790616424.189255,-3,2,1,-1,31482,13607,19695,12774,45276,45277,45273,45274,0,0,0,0
1790616424.250004,1,-2,-3,-3,31484,13605,19697,12778,45306,45307,45303,45304,0,0,0,0
1790616424.308533,-5,3,0,0,31490,13604,19699,12785,45366,45367,45363,45364,0,0,0,0
1790616424.350355,1,0,5,-2,31493,13606,19701,12788,45396,45397,45393,45394,0,0,0,0
1790616424.408556,-3,-3,1,-1,31493,13610,19704,12791,45426,45427,45423,45424,0,0,0,0
1790616424.449497,0,-4,-5,2,31494,13598,19695,12788,45456,45457,45453,45454,0,0,0,0
1790616424.508899,-5,-1,3,-1,31515,13593,19690,12808,45486,45487,45483,45484,0,0,0,0
1790616424.54982,-4,-2,1,0,31508,13600,19697,12807,45516,45517,45513,45514,0,0,0,0
1790616424.609319,8,1,1,9,31497,13616,19710,12797,45546,45547,45543,45544,0,0,0,0
1790616424.6685288,0,3,5,0,31485,13634,19728,12788,45576,45577,45573,45574,0,0,0,0
1790616424.7091541,6,-3,0,-3,31473,13648,19747,12779,45606,45607,45603,45604,0,0,0,0
1790616424.768667,-2,0,-3,2,31470,13655,19758,12776,45636,45637,45633,45634,0,0,0,0
1790616424.8089228,-3,3,0,1,31471,13656,19762,12779,45666,45667,45663,45664,0,0,0,0
1790616424.869392,2,-2,-1,-3,31476,13656,19764,12784,45696,45697,45693,45694,0,0,0,0
1790616424.928571,-4,1,0,-3,31478,13654,19765,12788,45726,45727,45723,45724,0,0,0,0
1790616424.988729,3,-5,-1,1,31480,13654,19766,12792,45756,45757,45753,45754,0,0,0,0
1790616425.0286238,1,-3,-2,-5,31480,13653,19769,12793,45786,45787,45783,45784,0,0,0,0
1790616425.089477,-4,-3,0,-3,31482,13653,19771,12797,45816,45817,45813,45814,0,0,0,0
1790616425.128787,-6,-5,3,-4,31481,13656,19776,12798,45846,45847,45843,45844,0,0,0,0
1790616425.188704,1,-2,-3,-6,31478,13659,19782,12797,45876,45877,45873,45874,0,0,0,0
1790616425.229443,-3,-9,-2,-1,31478,13665,19788,12798,45906,45907,45903,45904,0,0,0,0
1790616425.2897458,0,0,0,-2,31474,13666,19792,12799,45936,45937,45933,45934,0,0,0,0
1790616425.350764,-1,0,-3,-1,31473,13663,19795,12801,45966,45967,45963,45964,0,0,0,0
1790616425.389963,-4,-5,2,4,31477,13661,19793,12804,45996,45997,45993,45994,0,0,0,0
1790616425.4513762,-2,-3,0,0,31482,13660,19793,12811,46026,46027,46023,46024,0,0,0,0
1790616425.50853,1,5,0,-1,31488,13657,19796,12821,46086,46087,46083,46084,0,0,0,0
1790616425.551869,-1,3,-2,-2,31492,13654,19794,12826,46116,46117,46113,46114,0,0,0,0
1790616425.60918,1,0,1,0,31496,13654,19795,12829,46146,46147,46143,46144,0,0,0,0
1790616425.648911,-3,-1,-5,2,31495,13657,19800,12833,46176,46177,46173,46174,0,0,0,0
1790616425.708534,-1,4,1,-4,31494,13658,19803,12833,46206,46207,46203,46204,0,0,0,0
1790616425.770026,-1,-1,0,-1,31496,13658,19804,12836,46236,46237,46233,46234,0,0,0,0
1790616425.810097,-6,-4,1,-4,31501,13656,19803,12839,46266,46267,46263,46264,0,0,0,0
1790616425.8686411,-2,-1,-4,0,31502,13655,19803,12844,46296,46297,46293,46294,0,0,0,0
1790616425.90886,0,4,-1,0,31503,13655,19804,12845,46326,46327,46323,46324,0,0,0,0
1790616425.968967,0,0,0,1,31530,13680,19824,12869,46356,46357,46353,46354,0,0,0,0
1790616426.028534,4,-2,-5,-1,31522,13676,19823,12857,46386,46387,46383,46384,0,0,0,0
1790616426.0887291,3,0,3,1,31522,13683,19829,12855,46416,46417,46413,46414,0,0,0,0
1790616426.1504152,3,0,0,-1,31521,13688,19835,12860,46446,46447,46443,46444,0,0,0,0
1790616426.2088451,-3,-7,2,1,31519,13687,19835,12861,46506,46507,46503,46504,0,0,0,0
1790616426.250473,-3,2,-1,1,31522,13691,19839,12862,46536,46537,46533,46534,0,0,0,0
1790616426.3087108,-4,0,3,2,31521,13696,19841,12860,46566,46567,46563,46564,0,0,0,0
1790616426.3500328,-1,-1,-1,3,31522,13703,19847,12860,46596,46597,46593,46594,0,0,0,0
1790616426.409593,3,-1,3,1,31524,13705,19850,12861,46626,46627,46623,46624,0,0,0,0
1790616426.4686642,5,0,1,2,31522,13705,19852,12864,46656,46657,46653,46654,0,0,0,0
1790616426.5088482,0,6,0,-1,31522,13708,19854,12867,46686,46687,46683,46684,0,0,0,0
1790616426.568492,1,2,5,0,31544,13723,19870,12881,46716,46717,46713,46714,0,0,0,0
1790616426.6105049,-2,5,3,2,31542,13719,19866,12879,46746,46747,46743,46744,0,0,0,0
1790616426.66865,-2,3,-2,-3,31548,13720,19865,12882,46776,46777,46773,46774,0,0,0,0
1790616426.7105742,0,0,-4,5,31550,13719,19866,12885,46806,46807,46803,46804,0,0,0,0
1790616426.788667,2,-5,-1,2,31550,13721,19864,12887,46836,46837,46833,46834,0,0,0,0
1790616426.8286479,-4,2,2,0,31551,13720,19863,12886,46866,46867,46863,46864,0,0,0,0
1790616426.888627,-1,-1,-3,-2,31551,13724,19869,12887,46896,46897,46893,46894,0,0,0,0
1790616426.930215,-1,-1,1,-7,31550,13725,19872,12885,46926,46927,46923,46924,0,0,0,0
1790616426.9899158,-1,-3,-4,-1,31551,13728,19873,12886,46956,46957,46953,46954,0,0,0,0
1790616427.028988,-3,6,2,-2,31534,13733,19873,12863,46986,46987,46983,46984,0,0,0,0
1790616427.089643,0,-3,0,2,31529,13757,19908,12862,47016,47017,47013,47014,0,0,0,0
1790616427.1289458,-4,-6,7,-2,31536,13757,19904,12867,47046,47047,47043,47044,0,0,0,0
1790616427.188641,-1,-5,-3,-1,31546,13745,19895,12879,47076,47077,47073,47074,0,0,0,0
1790616427.249272,4,-7,-1,-11,31554,13732,19884,12887,47106,47107,47103,47104,0,0,0,0
1790616427.288667,-3,-6,1,-2,31560,13727,19879,12894,47136,47137,47133,47134,0,0,0,0
1790616427.349521,0,-1,-2,-3,31562,13727,19877,12897,47166,47167,47163,47164,0,0,0,0
1790616427.4086132,0,2,-1,0,31555,13732,19882,12889,47226,47227,47223,47224,0,0,0,0
1790616427.450031,-2,4,1,0,31552,13732,19884,12886,47256,47257,47253,47254,0,0,0,0
1790616427.508595,0,-2,0,-5,31552,13731,19884,12886,47286,47287,47283,47284,0,0,0,0
1790616427.549224,-3,4,2,-2,31554,13734,19884,12889,47316,47317,47313,47314,0,0,0,0
1790616427.608979,-2,-3,-1,2,31549,13735,19888,12886,47346,47347,47343,47344,0,0,0,0
1790616427.668888,-1,2,0,-3,31549,13738,19893,12886,47376,47377,47373,47374,0,0,0,0
1790616427.7087371,2,4,0,-4,31550,13739,19893,12887,47406,47407,47403,47404,0,0,0,0
1790616427.771611,0,0,-6,0,31552,13738,19893,12888,47436,47437,47433,47434,0,0,0,0
1790616427.8087292,2,1,-1,1,31552,13739,19896,12892,47466,47467,47463,47464,0,0,0,0
1790616427.86876,-5,-2,-3,-3,31550,13740,19898,12891,47496,47497,47493,47494,0,0,0,0
1790616427.9286232,-2,1,-2,3,31552,13742,19901,12892,47526,47527,47523,47524,0,0,0,0
1790616427.968981,1,1,22,1,31554,13743,19900,12894,47556,47557,47553,47554,0,0,0,0
1790616428.028526,4,-1,1,1,31556,13744,19899,12896,47586,47587,47583,47584,0,0,0,0
1790616428.06904,1,5,5,-1,31557,13745,19900,12896,47616,47617,47613,47614,0,0,0,0
1790616428.1285791,4,0,2,2,31558,13744,19901,12898,47646,47647,47643,47644,0,0,0,0
1790616428.18913,3,7,2,4,31563,13748,19902,12900,47676,47677,47673,47674,0,0,0,0
1790616428.229629,3,5,-1,1,31567,13743,19901,12901,47706,47707,47703,47704,0,0,0,0
1790616428.312175,14,-10,11,7,31721,13613,19820,13005,47736,47737,47733,47734,0,0,0,0
1790616428.3504078,55,-62,-55,60,2366,11403,18281,15043,47796,47797,47793,47794,0,0,0,0
1790616428.410155,75,-81,-78,90,4253,9550,16490,17005,47826,47827,47823,47824,0,0,0,0
1790616428.4498,82,-79,-75,83,6195,7528,14340,19053,47856,47857,47853,47854,0,0,0,0
1790616428.5102,79,-72,-86,86,8354,5513,12159,21318,47886,47887,47883,47884,0,0,0,0
1790616428.550823,63,-66,-78,64,10400,3546,10091,23310,47916,47917,47913,47914,0,0,0,0
1790616428.610195,58,-57,-56,71,12153,1980,8237,25111,47946,47947,47943,47944,0,0,0,0
1790616428.650964,51,-51,-52,42,13706,507,6692,26631,47976,47977,47973,47974,0,0,0,0
1790616428.7119832,44,-47,-42,37,14905,32057,5462,27818,48006,48007,48003,48004,0,0,0,0
1790616428.750205,39,-44,-51,38,16136,30864,4197,28949,48036,48037,48033,48034,0,0,0,0
1790616428.8140469,43,-57,-48,46,17456,29619,2959,30211,48066,48067,48063,48064,0,0,0,0
1790616428.869465,60,-55,-63,51,18982,28164,1441,31506,48096,48097,48093,48094,0,0,0,0
1790616428.9115598,71,-58,-66,62,20732,26607,32410,389,48126,48127,48123,48124,0,0,0,0
1790616428.969697,72,-74,-75,53,22558,24823,30464,2209,48156,48157,48153,48154,0,0,0,0
1790616429.0118752,65,-63,-71,76,24431,23152,28500,3898,48186,48187,48183,48184,0,0,0,0
1790616429.0696099,78,-57,-60,48,26224,21476,26636,5563,48216,48217,48213,48214,0,0,0,0
1790616429.111595,53,-51,-67,51,27910,19874,24842,7079,48246,48247,48243,48244,0,0,0,0
1790616429.1697469,54,-48,-47,59,29435,18530,23333,8480,48276,48277,48273,48274,0,0,0,0
1790616429.23001,64,-48,-51,51,30806,17093,21811,9884,48306,48307,48303,48304,0,0,0,0
1790616429.289537,56,-56,-64,46,32337,15766,20402,11264,48336,48337,48333,48334,0,0,0,0
1790616429.330079,51,-65,-61,42,1040,14315,18864,12575,48366,48367,48363,48364,0,0,0,0
1790616429.3894541,58,-55,-57,46,2606,12802,17216,14055,48396,48397,48393,48394,0,0,0,0
1790616429.449425,48,-56,-69,61,4370,11250,15504,15641,48426,48427,48423,48424,0,0,0,0
1790616429.4900448,63,-66,-72,62,6021,9538,13747,17273,48456,48457,48453,48454,0,0,0,0
1790616429.549435,63,-56,-71,54,7835,8026,11907,18822,48486,48487,48483,48484,0,0,0,0
1790616429.5896351,66,-58,-69,52,11155,4932,8390,21952,48546,48547,48543,48544,0,0,0,0
1790616429.6505952,50,-50,-81,54,12663,3382,6828,23423,48576,48577,48573,48574,0,0,0,0
1790616429.7121222,44,-55,-60,60,14146,1935,5371,24892,48606,48607,48603,48604,0,0,0,0
1790616429.749696,59,-60,-58,51,15644,399,3769,26356,48636,48637,48633,48634,0,0,0,0
1790616429.811677,46,-56,-45,41,17078,31750,2341,27698,48666,48667,48663,48664,0,0,0,0
1790616429.869617,47,-42,-50,41,18390,30489,1010,29053,48696,48697,48693,48694,0,0,0,0
1790616429.911787,43,-39,-47,38,19551,29223,32558,30295,48726,48727,48723,48724,0,0,0,0
1790616429.9696481,42,-31,-33,37,20610,28111,31393,31297,48756,48757,48753,48754,0,0,0,0
1790616430.012479,33,-32,-31,33,21508,27182,30412,32275,48786,48787,48783,48784,0,0,0,0
1790616430.069397,22,-24,-29,29,22227,26471,29597,160,48816,48817,48813,48814,0,0,0,0
1790616430.129654,17,-18,-15,17,22825,25888,29006,771,48846,48847,48843,48844,0,0,0,0
1790616430.169649,10,-23,-16,17,23281,25420,28562,1203,48876,48877,48873,48874,0,0,0,0
1790616430.229745,9,-16,8,19,23669,24860,28116,1686,48906,48907,48903,48904,0,0,0,0
1790616430.26973,24,-21,-19,15,24183,24335,27577,2162,48936,48937,48933,48934,0,0,0,0
1790616430.329639,21,-22,-19,21,24684,23798,26956,2641,48966,48967,48963,48964,0,0,0,0
1790616430.389496,20,-18,-15,21,25250,23261,26458,3180,48996,48997,48993,48994,0,0,0,0
1790616430.429661,14,-22,-15,20,25667,22715,25963,3630,49026,49027,49023,49024,0,0,0,0
1790616430.489645,17,-17,-20,15,26115,22246,25534,4143,49056,49057,49053,49054,0,0,0,0
1790616430.529841,13,-14,-15,9,26552,21906,25077,4529,49086,49087,49083,49084,0,0,0,0
1790616430.610633,13,-14,-9,16,27202,21293,24357,5167,49146,49147,49143,49144,0,0,0,0
1790616430.6503758,16,-12,-14,13,27574,20944,24055,5523,49176,49177,49173,49174,0,0,0,0
1790616430.7134662,15,-19,-15,14,27960,20504,23686,5896,49206,49207,49203,49204,0,0,0,0
1790616430.7512808,14,-20,-16,18,28371,20003,23264,6370,49236,49237,49233,49234,0,0,0,0
1790616430.810817,12,-19,-22,13,28900,19565,22751,6886,49266,49267,49263,49264,0,0,0,0
1790616430.869659,17,-10,-21,15,29402,19075,22180,7389,49296,49297,49293,49294,0,0,0,0
1790616430.910636,19,-13,-14,22,29892,18652,21735,7882,49326,49327,49323,49324,0,0,0,0
1790616430.9696121,8,-12,-11,14,30261,18282,21312,8276,49356,49357,49353,49354,0,0,0,0
1790616431.02946,1,23,-9,5,30496,18050,21091,8579,49386,49387,49383,49384,0,0,0,0
1790616431.069609,1,1,-1,-2,30545,17944,21011,8665,49416,49417,49413,49414,0,0,0,0
1790616431.1295931,0,2,0,-1,30519,17976,21028,8635,49446,49447,49443,49444,0,0,0,0
1790616431.169822,-3,2,1,-8,30441,18085,21104,8538,49476,49477,49473,49474,0,0,0,0
1790616431.229433,-5,-5,-6,-6,30339,18219,21226,8411,49506,49507,49503,49504,0,0,0,0
1790616431.269662,-6,5,4,-2,30229,18345,21349,8266,49536,49537,49533,49534,0,0,0,0
1790616431.329878,-2,1,2,-3,30131,18450,21460,8148,49566,49567,49563,49564,0,0,0,0
1790616431.3697731,-3,-4,5,0,30056,18527,21547,8069,49596,49597,49593,49594,0,0,0,0
1790616431.440393,-2,3,2,-3,30001,18581,21610,8015,49626,49627,49623,49624,0,0,0,0
1790616431.489706,1,-3,2,-4,29967,18613,21649,7984,49656,49657,49653,49654,0,0,0,0
1790616431.530047,3,1,0,-2,29948,18627,21670,7967,49686,49687,49683,49684,0,0,0,0
1790616431.5895731,-2,3,-2,-4,29944,18630,21675,7963,49716,49717,49713,49714,0,0,0,0
1790616431.649895,0,-1,0,-2,29951,18625,21670,7970,49746,49747,49743,49744,0,0,0,0
1790616431.689663,1,4,2,-2,29966,18608,21654,7983,49806,49807,49803,49804,0,0,0,0
1790616431.750093,1,4,2,-2,29966,18608,21654,7983,49806,49807,49803,49804,0,0,0,0
1790616431.789936,0,2,0,2,29969,18608,21650,7985,49866,49867,49863,49864,0,0,0,0
1790616431.850846,-3,-1,1,-4,29966,18604,21645,7982,49896,49897,49893,49894,0,0,0,0
1790616431.910378,-5,1,2,3,29961,18605,21653,7984,49926,49927,49923,49924,0,0,0,0
1790616431.9723678,-3,-4,-1,2,29962,18607,21657,7983,49956,49957,49953,49954,0,0,0,0
1790616432.010143,1,0,-1,-8,29963,18612,21659,7982,49986,49987,49983,49984,0,0,0,0
1790616432.0731368,-5,0,4,2,29961,18614,21659,7978,50016,50017,50013,50014,0,0,0,0
1790616432.1098602,0,2,1,-5,29960,18613,21659,7978,50046,50047,50043,50044,0,0,0,0
1790616432.171208,0,3,2,-1,29961,18611,21658,7980,50076,50077,50073,50074,0,0,0,0
1790616432.210559,2,-4,0,-2,29963,18609,21656,7981,50106,50107,50103,50104,0,0,0,0
1790616432.272562,-5,-5,-2,-4,29963,18610,21656,7981,50136,50137,50133,50134,0,0,0,0
1790616432.3296351,-7,3,0,-3,29961,18612,21657,7980,50166,50167,50163,50164,0,0,0,0
1790616432.372571,-5,-4,0,-3,29959,18614,21660,7978,50196,50197,50193,50194,0,0,0,0
1790616432.4294882,-3,0,2,-1,29958,18616,21662,7976,50226,50227,50223,50224,0,0,0,0
1790616432.489578,1,-2,-4,-4,29960,18615,21662,7977,50256,50257,50253,50254,0,0,0,0
1790616432.529998,0,0,-9,-2,29963,18611,21657,7980,50286,50287,50283,50284,0,0,0,0
1790616432.589557,2,-1,1,1,29966,18607,21654,7983,50316,50317,50313,50314,0,0,0,0
1790616432.629479,-1,5,0,2,29967,18605,21652,7985,50346,50347,50343,50344,0,0,0,0
1790616432.689421,-6,6,2,-1,29966,18608,21654,7983,50376,50377,50373,50374,0,0,0,0
1790616432.729562,1,3,0,-3,29964,18611,21657,7981,50406,50407,50403,50404,0,0,0,0
1790616432.789508,-2,-2,1,1,29964,18612,21658,7980,50436,50437,50433,50434,0,0,0,0
1790616432.849372,3,-4,7,0,29971,18612,21660,7987,50466,50467,50463,50464,0,0,0,0
1790616432.909313,-4,1,0,-1,30009,18585,21643,8034,50526,50527,50523,50524,0,0,0,0
1790616432.9497988,-2,2,0,-2,30001,18590,21649,8027,50556,50557,50553,50554,0,0,0,0
1790616433.0095732,-1,-3,0,-4,29988,18604,21665,8014,50586,50587,50583,50584,0,0,0,0
1790616433.049681,-2,5,0,-2,29977,18614,21677,8004,50616,50617,50613,50614,0,0,0,0
1790616433.109482,-2,2,-3,-4,29970,18625,21687,7997,50646,50647,50643,50644,0,0,0,0
1790616433.1500359,0,1,1,-2,29964,18628,21692,7993,50676,50677,50673,50674,0,0,0,0
1790616433.210109,3,1,-15,3,29963,18627,21693,7994,50706,50707,50703,50704,0,0,0,0
1790616433.249533,-4,-2,0,-4,29966,18627,21691,7996,50736,50737,50733,50734,0,0,0,0
1790616433.311855,-2,4,-2,2,29965,18623,21689,7992,50766,50767,50763,50764,0,0,0,0
1790616433.371545,-3,-2,-1,-3,29963,18620,21685,7990,50796,50797,50793,50794,0,0,0,0
1790616433.430024,0,-3,-2,-6,29975,18620,21703,8016,50826,50827,50823,50824,0,0,0,0
1790616433.471027,-4,0,-2,-1,29981,18620,21702,8021,50856,50857,50853,50854,0,0,0,0
1790616433.529463,-1,-5,-4,2,29980,18623,21702,8019,50886,50887,50883,50884,0,0,0,0
1790616433.5913541,8,3,-4,1,29975,18628,21709,8013,50916,50917,50913,50914,0,0,0,0
1790616433.630477,-7,-1,-2,-2,29971,18632,21714,8010,50946,50947,50943,50944,0,0,0,0
1790616433.671796,-4,-3,1,1,29972,18634,21716,8010,50976,50977,50973,50974,0,0,0,0
1790616433.7308109,-1,-2,1,-4,29973,18634,21716,8011,51006,51007,51003,51004,0,0,0,0
1790616433.790719,3,-3,0,-1,29974,18633,21716,8010,51036,51037,51033,51034,0,0,0,0
1790616433.830701,-2,-2,12,-1,29969,18636,21720,8009,51066,51067,51063,51064,0,0,0,0
1790616433.891241,-3,-2,0,-2,29967,18638,21723,8006,51096,51097,51093,51094,0,0,0,0
1790616433.950469,0,3,-1,-1,29976,18650,21738,8020,51126,51127,51123,51124,0,0,0,0
1790616433.990772,3,-1,-2,0,29973,18659,21770,8035,51156,51157,51153,51154,0,0,0,0
1790616434.0505412,1,-6,1,-3,29961,18668,21780,8022,51186,51187,51183,51184,0,0,0,0
1790616434.0911622,-5,-2,1,-1,29952,18680,21790,8013,51216,51217,51213,51214,0,0,0,0
1790616434.150354,1,-1,2,2,29948,18684,21797,8009,51246,51247,51243,51244,0,0,0,0
1790616434.210407,1,-2,-3,-2,29946,18686,21801,8008,51306,51307,51303,51304,0,0,0,0
1790616434.250863,-1,2,0,1,29947,18686,21802,8008,51336,51337,51333,51334,0,0,0,0
1790616434.310894,-2,-2,4,-5,29948,18685,21800,8009,51366,51367,51363,51364,0,0,0,0
1790616434.370778,-2,2,-2,-1,29949,18683,21799,8010,51396,51397,51393,51394,0,0,0,0
1790616434.412142,0,-1,-3,1,29947,18672,21788,8005,51426,51427,51423,51424,0,0,0,0
1790616434.4706151,0,-2,-2,1,29980,18656,21771,8040,51456,51457,51453,51454,0,0,0,0
1790616434.5107,1,-2,-4,3,29986,18655,21765,8047,51486,51487,51483,51484,0,0,0,0
1790616434.571929,-4,1,3,3,29985,18661,21771,8044,51516,51517,51513,51514,0,0,0,0
1790616434.6111171,-4,0,2,1,29975,18672,21781,8036,51546,51547,51543,51544,0,0,0,0
1790616434.6712909,-3,2,1,7,29963,18683,21794,8024,51576,51577,51573,51574,0,0,0,0
1790616434.7107809,0,8,2,1,29954,18693,21804,8016,51606,51607,51603,51604,0,0,0,0
1790616434.771868,1,2,0,2,29951,18697,21809,8012,51636,51637,51633,51634,0,0,0,0
1790616434.8305159,1,-1,2,-1,29951,18697,21808,8013,51666,51667,51663,51664,0,0,0,0
1790616434.8905852,1,-1,-2,-2,29955,18696,21808,8018,51696,51697,51693,51694,0,0,0,0
1790616434.930758,-3,-6,0,3,29958,18692,21808,8020,51726,51727,51723,51724,0,0,0,0
1790616434.991338,2,1,-2,-1,29961,18690,21805,8023,51756,51757,51753,51754,0,0,0,0
1790616435.039456,-3,2,-3,-1,29968,18675,21790,8028,51786,51787,51783,51784,0,0,0,0
1790616435.09131,0,5,1,-4,29986,18674,21787,8050,51846,51847,51843,51844,0,0,0,0
1790616435.150574,-3,2,2,1,29974,18687,21803,8040,51876,51877,51873,51874,0,0,0,0
1790616435.1913679,-1,-5,2,2,29959,18701,21820,8027,51906,51907,51903,51904,0,0,0,0
1790616435.2514298,3,3,0,4,29951,18710,21833,8022,51936,51937,51933,51934,0,0,0,0
1790616435.310426,-2,2,-1,-3,29947,18713,21842,8021,51966,51967,51963,51964,0,0,0,0
1790616435.370605,-4,0,2,-5,29947,18714,21845,8022,51996,51997,51993,51994,0,0,0,0
1790616435.410889,0,-1,-1,-1,29947,18716,21848,8025,52026,52027,52023,52024,0,0,0,0
1790616435.473883,1,6,1,-2,29949,18718,21850,8027,52056,52057,52053,52054,0,0,0,0
1790616435.510983,3,2,2,1,29947,18719,21853,8027,52086,52087,52083,52084,0,0,0,0
1790616435.570584,3,0,7,-3,29942,18726,21863,8024,52116,52117,52113,52114,0,0,0,0
1790616435.611258,0,-1,1,-1,29938,18732,21871,8022,52146,52147,52143,52144,0,0,0,0
1790616435.6704519,-5,0,1,-2,29935,18739,21880,8021,52176,52177,52173,52174,0,0,0,0
1790616435.710855,2,-4,1,6,29933,18741,21888,8023,52206,52207,52203,52204,0,0,0,0
1790616435.773721,2,-5,-3,-2,29934,18744,21893,8026,52236,52237,52233,52234,0,0,0,0
1790616435.833123,4,-1,6,1,29932,18746,21898,8026,52266,52267,52263,52264,0,0,0,0
1790616435.870993,2,-1,4,0,29930,18747,21903,8027,52296,52297,52293,52294,0,0,0,0
1790616435.930558,0,-1,-16,-3,29931,18752,21906,8028,52326,52327,52323,52324,0,0,0,0
1790616435.990442,-3,0,0,-9,29931,18747,21910,8031,52356,52357,52353,52354,0,0,0,0
1790616436.03332,7,-2,0,2,29938,18744,21907,8037,52386,52387,52383,52384,0,0,0,0
1790616436.090473,-1,-1,-1,-2,29943,18741,21905,8045,52416,52417,52413,52414,0,0,0,0
1790616436.150534,-3,4,3,-3,29946,18740,21905,8049,52446,52447,52443,52444,0,0,0,0
1790616436.190639,2,-2,0,-1,29947,18743,21910,8052,52476,52477,52473,52474,0,0,0,0
1790616436.250845,6,-2,-2,-2,29947,18748,21913,8052,52506,52507,52503,52504,0,0,0,0
1790616436.310409,-1,0,-4,2,29955,18745,21918,8065,52566,52567,52563,52564,0,0,0,0
1790616436.350698,3,-1,-2,-1,29959,18743,21918,8073,52596,52597,52593,52594,0,0,0,0
1790616436.410558,1,-4,2,0,29965,18741,21918,8081,52626,52627,52623,52624,0,0,0,0
1790616436.4507,1,5,-2,0,29969,18740,21920,8086,52656,52657,52653,52654,0,0,0,0
1790616436.510394,-1,-3,0,0,29981,18753,21931,8098,52686,52687,52683,52684,0,0,0,0
1790616436.550564,-3,1,1,2,29966,18745,21936,8088,52716,52717,52713,52714,0,0,0,0
1790616436.612284,2,1,-3,-4,29969,18759,21953,8090,52746,52747,52743,52744,0,0,0,0
1790616436.672396,3,6,-2,-1,29965,18761,21961,8093,52776,52777,52773,52774,0,0,0,0
1790616436.711458,-2,-1,2,-6,29966,18765,21960,8093,52806,52807,52803,52804,0,0,0,0
1790616436.771321,3,-3,0,5,29969,18764,21960,8095,52836,52837,52833,52834,0,0,0,0
1790616436.831774,2,-1,-2,-1,29970,18766,21960,8097,52866,52867,52863,52864,0,0,0,0
1790616436.873683,0,0,3,3,29973,18767,21962,8100,52896,52897,52893,52894,0,0,0,0
1790616436.932988,1,0,2,-3,29974,18772,21963,8099,52926,52927,52923,52924,0,0,0,0
1790616436.972009,4,3,-2,0,29972,18774,21967,8100,52956,52957,52953,52954,0,0,0,0
1790616437.033421,4,-1,2,3,29967,18780,21973,8098,52986,52987,52983,52984,0,0,0,0
1790616437.091336,1,4,1,1,29965,18784,21980,8097,53016,53017,53013,53014,0,0,0,0
1790616437.131745,0,3,0,-1,29972,18793,21990,8104,53046,53047,53043,53044,0,0,0,0
1790616437.1915588,2,-8,-2,5,29986,18804,21995,8109,53076,53077,53073,53074,0,0,0,0
1790616437.231649,6,-3,3,-1,29981,18795,21993,8111,53106,53107,53103,53104,0,0,0,0
1790616437.299525,-2,-2,0,-7,29981,18794,21992,8112,53136,53137,53133,53134,0,0,0,0
1790616437.3745658,-4,4,-2,-2,29979,18802,22001,8112,53196,53197,53193,53194,0,0,0,0
1790616437.411608,-1,4,6,0,29976,18812,22009,8110,53226,53227,53223,53224,0,0,0,0
1790616437.4715111,-2,4,-6,0,29972,18818,22019,8107,53256,53257,53253,53254,0,0,0,0
1790616437.511625,6,1,-1,0,29970,18822,22026,8108,53286,53287,53283,53284,0,0,0,0
1790616437.571553,-3,1,-7,-3,29962,18816,22027,8103,53316,53317,53313,53314,0,0,0,0
1790616437.612493,-3,2,-5,-2,29935,18838,22043,8081,53346,53347,53343,53344,0,0,0,0
1790616437.6719842,1,-2,-2,1,29945,18867,22085,8095,53376,53377,53373,53374,0,0,0,0
1790616437.7116108,-3,0,3,-5,29945,18877,22091,8093,53406,53407,53403,53404,0,0,0,0
1790616437.7714298,4,6,7,-1,29947,18878,22092,8095,53436,53437,53433,53434,0,0,0,0
1790616437.811737,0,-1,-3,-3,29946,18888,22095,8092,53466,53467,53463,53464,0,0,0,0
1790616437.8713028,0,0,5,1,29956,18902,22127,8121,53496,53497,53493,53494,0,0,0,0
1790616437.911679,-4,0,2,-3,29965,18900,22125,8131,53526,53527,53523,53524,0,0,0,0
1790616437.971631,3,-5,-2,-2,29970,18898,22119,8135,53556,53557,53553,53554,0,0,0,0
1790616438.0116181,-3,-4,2,2,29965,18901,22129,8140,53586,53587,53583,53584,0,0,0,0
1790616438.0726972,-4,-2,1,0,29965,18911,22139,8138,53616,53617,53613,53614,0,0,0,0
1790616438.1330822,-1,-5,-1,0,29965,18915,22143,8135,53646,53647,53643,53644,0,0,0,0
1790616438.172127,-2,0,3,-3,29965,18918,22146,8136,53676,53677,53673,53674,0,0,0,0
1790616438.232231,-7,0,4,3,29964,18916,22147,8137,53706,53707,53703,53704,0,0,0,0
1790616438.2916968,-4,-4,0,2,29965,18913,22144,8137,53736,53737,53733,53734,0,0,0,0
1790616438.3316932,4,-5,5,-2,29967,18912,22143,8140,53766,53767,53763,53764,0,0,0,0
1790616438.3915641,1,-7,7,1,29971,18909,22142,8143,53796,53797,53793,53794,0,0,0,0
1790616438.451561,-7,-4,4,4,29989,18915,22154,8165,53826,53827,53823,53824,0,0,0,0
1790616438.4915571,-5,5,-2,0,30011,18899,22140,8189,53856,53857,53853,53854,0,0,0,0
1790616438.5516531,-5,5,-4,1,30010,18895,22132,8192,53886,53887,53883,53884,0,0,0,0
1790616438.591496,-3,-3,5,1,30002,18907,22143,8183,53916,53917,53913,53914,0,0,0,0
1790616438.651382,-5,3,-1,-2,29988,18921,22159,8168,53946,53947,53943,53944,0,0,0,0
1790616438.6918762,-5,1,4,3,29949,18977,22202,8129,54006,54007,54003,54004,0,0,0,0
1790616438.751543,0,-2,0,-1,29947,18986,22223,8129,54036,54037,54033,54034,0,0,0,0
1790616438.811418,-3,0,-4,4,29949,18989,22224,8131,54066,54067,54063,54064,0,0,0,0
1790616438.8527691,-3,2,2,-1,29954,18987,22222,8138,54096,54097,54093,54094,0,0,0,0
1790616438.9114869,-2,2,3,0,29957,18986,22220,8140,54126,54127,54123,54124,0,0,0,0
1790616438.953009,2,1,1,-3,29960,18989,22221,8142,54156,54157,54153,54154,0,0,0,0
1790616439.0114791,-2,0,-4,-2,29959,18994,22225,8141,54186,54187,54183,54184,0,0,0,0
1790616439.0519638,-2,1,4,3,29954,18998,22230,8136,54216,54217,54213,54214,0,0,0,0
1790616439.11154,1,1,0,7,29963,19012,22244,8149,54246,54247,54243,54244,0,0,0,0
1790616439.151867,-2,-2,-1,0,29986,19000,22245,8179,54276,54277,54273,54274,0,0,0,0
1790616439.211661,0,-4,2,3,30006,19021,22253,8195,54306,54307,54303,54304,0,0,0,0
1790616439.253931,3,-2,0,-4,29988,19026,22264,8183,54336,54337,54333,54334,0,0,0,0
1790616439.3118532,0,-1,-4,0,29975,19044,22279,8172,54366,54367,54363,54364,0,0,0,0
1790616439.3715131,-2,3,-1,3,29962,19051,22287,8150,54396,54397,54393,54394,0,0,0,0
1790616439.411712,1,1,0,3,29953,19057,22296,8149,54426,54427,54423,54424,0,0,0,0
1790616439.4717472,0,4,1,-3,29962,19063,22315,8163,54456,54457,54453,54454,0,0,0,0
1790616439.5115142,-5,-1,-1,4,29963,19067,22319,8166,54486,54487,54483,54484,0,0,0,0
1790616439.571587,5,5,0,1,29965,19073,22320,8168,54516,54517,54513,54514,0,0,0,0
1790616439.631954,3,0,-2,-1,29967,19077,22324,8169,54546,54547,54543,54544,0,0,0,0
1790616439.671366,2,1,1,3,29965,19079,22325,8167,54576,54577,54573,54574,0,0,0,0
1790616439.731389,0,-4,-4,0,29964,19084,22328,8166,54606,54607,54603,54604,0,0,0,0
1790616439.792732,-2,-12,-3,-2,29962,19088,22332,8163,54636,54637,54633,54634,0,0,0,0
1790616439.851477,-1,-3,6,3,29963,19095,22335,8163,54666,54667,54663,54664,0,0,0,0
1790616439.894036,-1,-2,-4,1,29962,19097,22337,8164,54696,54697,54693,54694,0,0,0,0
1790616439.951309,-3,-1,0,0,29964,19103,22348,8172,54726,54727,54723,54724,0,0,0,0
1790616439.9917178,7,-2,1,2,29965,19113,22368,8177,54756,54757,54753,54754,0,0,0,0
1790616440.0515368,2,1,-3,0,29941,19144,22395,8153,54816,54817,54813,54814,0,0,0,0
1790616440.111321,0,1,0,3,29931,19157,22407,8145,54846,54847,54843,54844,0,0,0,0
1790616440.151548,4,3,2,1,29925,19153,22404,8132,54876,54877,54873,54874,0,0,0,0
1790616440.211463,0,4,-3,-1,29948,19145,22397,8167,54906,54907,54903,54904,0,0,0,0
1790616440.2519538,3,3,2,1,29961,19145,22404,8180,54936,54937,54933,54934,0,0,0,0
1790616440.332896,0,2,3,-1,29964,19149,22407,8185,54966,54967,54963,54964,0,0,0,0
1790616440.3715992,0,-1,1,-1,29964,19156,22411,8184,54996,54997,54993,54994,0,0,0,0
1790616440.431792,-1,-7,2,0,29958,19163,22418,8179,55026,55027,55023,55024,0,0,0,0
1790616440.471597,0,0,-5,-3,29955,19168,22424,8175,55056,55057,55053,55054,0,0,0,0
1790616440.532816,0,2,1,-1,29954,19172,22428,8174,55086,55087,55083,55084,0,0,0,0
1790616440.600449,3,2,-2,0,29952,19176,22432,8171,55116,55117,55113,55114,0,0,0,0
1790616440.6340559,-2,-3,1,-2,29951,19179,22435,8169,55146,55147,55143,55144,0,0,0,0
1790616440.692329,-7,0,-1,-4,29951,19197,22457,8176,55176,55177,55173,55174,0,0,0,0
1790616440.7519412,-3,2,2,4,29938,19217,22483,8166,55206,55207,55203,55204,0,0,0,0
1790616440.811456,-1,1,-4,-1,29931,19235,22500,8159,55266,55267,55263,55264,0,0,0,0
1790616440.871825,1,-2,0,0,29932,19238,22505,8159,55296,55297,55293,55294,0,0,0,0
1790616440.911548,2,0,-2,-6,29936,19218,22484,8159,55326,55327,55323,55324,0,0,0,0
1790616440.971297,-3,0,0,2,29965,19211,22476,8194,55356,55357,55353,55354,0,0,0,0
1790616441.011761,-3,0,-2,-4,29960,19210,22478,8191,55386,55387,55383,55384,0,0,0,0
1790616441.071319,-3,-3,2,0,29949,19221,22490,8179,55416,55417,55413,55414,0,0,0,0
1790616441.1315851,-1,-1,2,3,29939,19234,22507,8168,55446,55447,55443,55444,0,0,0,0
1790616441.171615,0,0,-5,-3,29933,19244,22517,8162,55476,55477,55473,55474,0,0,0,0
1790616441.231411,-1,-1,-1,-4,29924,19246,22523,8155,55506,55507,55503,55504,0,0,0,0
1790616441.2931268,0,-2,-2,-10,29920,19252,22530,8151,55536,55537,55533,55534,0,0,0,0
1790616441.331435,-7,2,-5,0,29916,19259,22536,8146,55566,55567,55563,55564,0,0,0,0
1790616441.392454,-8,-3,-5,0,29910,19266,22543,8141,55596,55597,55593,55594,0,0,0,0
1790616441.451692,3,1,-3,-1,29909,19269,22547,8138,55626,55627,55623,55624,0,0,0,0
1790616441.492296,1,-2,0,5,29914,19260,22535,8140,55656,55657,55653,55654,0,0,0,0
1790616441.5513878,-4,2,-7,-1,29938,19251,22522,8163,55686,55687,55683,55684,0,0,0,0
1790616441.612056,-2,-2,-5,-2,29927,19270,22537,8151,55746,55747,55743,55744,0,0,0,0
1790616441.651553,6,2,1,-1,29916,19290,22557,8141,55776,55777,55773,55774,0,0,0,0
1790616441.7114098,5,-2,2,1,29909,19311,22572,8132,55806,55807,55803,55804,0,0,0,0
1790616441.754074,2,0,1,3,29906,19327,22589,8127,55836,55837,55833,55834,0,0,0,0
1790616441.834513,0,7,7,4,29900,19345,22605,8122,55866,55867,55863,55864,0,0,0,0
1790616441.8944042,-5,2,-5,3,29894,19364,22623,8112,55896,55897,55893,55894,0,0,0,0
1790616441.951264,-2,-2,1,-3,29885,19379,22643,8105,55926,55927,55923,55924,0,0,0,0
1790616441.996616,-4,2,1,-2,29880,19409,22675,8100,55986,55987,55983,55984,0,0,0,0
1790616442.0515368,3,-1,1,1,29878,19422,22689,8097,56016,56017,56013,56014,0,0,0,0
1790616442.112845,3,-1,1,1,29878,19422,22689,8097,56016,56017,56013,56014,0,0,0,0
1790616442.1515741,3,-2,2,2,29877,19437,22712,8099,56076,56077,56073,56074,0,0,0,0
1790616442.211396,3,-2,2,2,29877,19437,22712,8099,56076,56077,56073,56074,0,0,0,0
1790616442.251477,-4,-3,-2,0,29879,19449,22729,8101,56136,56137,56133,56134,0,0,0,0
1790616442.311692,2,0,0,1,29880,19452,22734,8103,56166,56167,56163,56164,0,0,0,0
1790616442.351681,-7,0,-3,1,29881,19457,22740,8106,56196,56197,56193,56194,0,0,0,0
1790616442.413093,-2,0,-6,1,29882,19458,22747,8108,56226,56227,56223,56224,0,0,0,0
1790616442.471256,-2,2,3,4,29882,19461,22752,8108,56256,56257,56253,56254,0,0,0,0
1790616442.5118709,-4,-2,-2,1,29886,19465,22758,8113,56286,56287,56283,56284,0,0,0,0
1790616442.571315,0,0,-5,-3,29886,19464,22761,8115,56316,56317,56313,56314,0,0,0,0
1790616442.631135,-6,-3,-2,-2,29886,19464,22764,8118,56346,56347,56343,56344,0,0,0,0
1790616442.671453,-4,-4,-3,2,29887,19462,22766,8120,56376,56377,56373,56374,0,0,0,0
1790616442.7317078,0,-2,-5,-3,29888,19462,22768,8122,56406,56407,56403,56404,0,0,0,0
1790616442.7720902,3,-4,1,-1,29887,19463,22774,8124,56436,56437,56433,56434,0,0,0,0
1790616442.83157,1,0,0,0,29887,19469,22779,8125,56466,56467,56463,56464,0,0,0,0
1790616442.894088,0,-1,-5,-2,29886,19473,22785,8125,56496,56497,56493,56494,0,0,0,0
1790616442.93173,0,-4,-5,2,29887,19476,22791,8126,56526,56527,56523,56524,0,0,0,0
1790616442.992272,-2,0,2,-13,29889,19478,22794,8129,56556,56557,56553,56554,0,0,0,0
1790616443.031703,-2,0,-2,2,29889,19478,22792,8129,56586,56587,56583,56584,0,0,0,0
1790616443.09151,-2,1,1,-2,29891,19481,22796,8131,56616,56617,56613,56614,0,0,0,0
1790616443.131714,2,-3,-1,2,29894,19483,22797,8131,56646,56647,56643,56644,0,0,0,0
1790616443.1938298,1,1,-3,4,29896,19486,22797,8134,56676,56677,56673,56674,0,0,0,0
1790616443.2512891,1,2,-1,0,29911,19515,22823,8142,56706,56707,56703,56704,0,0,0,0
1790616443.3113441,3,10,3,2,29886,19548,22876,8120,56766,56767,56763,56764,0,0,0,0
1790616443.3515599,2,1,4,-3,29885,19549,22884,8124,56796,56797,56793,56794,0,0,0,0
1790616443.411356,2,0,-1,1,29891,19548,22884,8133,56826,56827,56823,56824,0,0,0,0
1790616443.451655,4,4,2,3,29897,19547,22884,8140,56856,56857,56853,56854,0,0,0,0
1790616443.511575,-3,2,1,-1,29899,19551,22885,8141,56886,56887,56883,56884,0,0,0,0
1790616443.571344,4,-1,3,0,29897,19556,22896,8140,56916,56917,56913,56914,0,0,0,0
1790616443.612253,3,-1,1,0,29896,19559,22904,8140,56946,56947,56943,56944,0,0,0,0
1790616443.6712692,1,2,-8,0,29896,19565,22911,8144,56976,56977,56973,56974,0,0,0,0
1790616443.7117372,0,-3,1,1,29896,19571,22915,8146,57006,57007,57003,57004,0,0,0,0
1790616443.771274,-1,1,1,1,29907,19594,22947,8154,57036,57037,57033,57034,0,0,0,0
1790616443.83123,-7,2,-2,3,29891,19606,22966,8138,57066,57067,57063,57064,0,0,0,0
1790616443.871479,10,2,4,2,29894,19610,22968,8137,57096,57097,57093,57094,0,0,0,0
1790616443.931966,-8,-1,-1,-1,29904,19604,22960,8146,57126,57127,57123,57124,0,0,0,0
1790616443.971627,-1,1,-1,4,29911,19597,22950,8155,57156,57157,57153,57154,0,0,0,0
1790616444.0540822,-4,1,-2,0,29901,19577,22937,8154,57186,57187,57183,57184,0,0,0,0
1790616444.09214,0,-3,4,1,29926,19622,22980,8162,57246,57247,57243,57244,0,0,0,0
1790616444.151365,0,6,7,7,29915,19633,22996,8158,57276,57277,57273,57274,0,0,0,0
1790616444.1940968,3,0,-5,1,29913,19636,23006,8157,57306,57307,57303,57304,0,0,0,0
1790616444.25251,-1,4,7,-2,29912,19636,23006,8158,57336,57337,57333,57334,0,0,0,0
1790616444.31134,2,0,2,2,29918,19634,23002,8161,57366,57367,57363,57364,0,0,0,0
1790616444.3529038,5,1,3,2,29924,19630,23000,8168,57396,57397,57393,57394,0,0,0,0
1790616444.411724,-4,-4,3,2,29928,19628,22996,8173,57426,57427,57423,57424,0,0,0,0
1790616444.453738,3,4,6,-1,29931,19631,22996,8174,57456,57457,57453,57454,0,0,0,0
1790616444.5113668,2,0,2,0,29927,19631,22998,8173,57486,57487,57483,57484,0,0,0,0
1790616444.553976,-1,4,2,0,29946,19649,23010,8180,57516,57517,57513,57514,0,0,0,0
1790616444.612061,-1,-1,2,3,29953,19647,23017,8188,57546,57547,57543,57544,0,0,0,0
1790616444.6714408,7,2,-12,-3,29958,19651,23015,8192,57576,57577,57573,57574,0,0,0,0
1790616444.712887,-1,5,1,1,29959,19649,23014,8195,57606,57607,57603,57604,0,0,0,0
1790616444.7713459,-2,-2,0,6,29961,19651,23015,8196,57636,57637,57633,57634,0,0,0,0
1790616444.833243,1,2,1,-2,29937,19641,23015,8183,57666,57667,57663,57664,0,0,0,0
1790616444.871496,8,2,1,5,29937,19671,23045,8175,57696,57697,57693,57694,0,0,0,0
1790616444.932395,3,-4,-3,1,29944,19679,23055,8178,57726,57727,57723,57724,0,0,0,0
1790616444.971563,0,-2,-1,0,29948,19678,23057,8185,57756,57757,57753,57754,0,0,0,0
1790616445.032305,-5,-4,0,0,29954,19676,23057,8191,57786,57787,57783,57784,0,0,0,0
1790616445.071518,3,4,1,-2,29955,19676,23056,8195,57816,57817,57813,57814,0,0,0,0
1790616445.131437,0,-4,2,-1,29955,19677,23059,8195,57846,57847,57843,57844,0,0,0,0
1790616445.171513,4,4,1,-3,29959,19679,23061,8196,57876,57877,57873,57874,0,0,0,0
1790616445.231332,-1,-1,-2,-3,29961,19679,23063,8200,57906,57907,57903,57904,0,0,0,0
1790616445.293302,2,2,-1,-1,29961,19676,23061,8203,57936,57937,57933,57934,0,0,0,0
1790616445.3518379,4,-5,-3,-2,29966,19679,23062,8208,57966,57967,57963,57964,0,0,0,0
1790616445.392107,-1,3,1,4,29994,19683,23065,8232,57996,57997,57993,57994,0,0,0,0
1790616445.4514098,1,4,3,-1,30005,19670,23057,8250,58026,58027,58023,58024,0,0,0,0
1790616445.49278,-2,2,1,2,30016,19671,23052,8256,58056,58057,58053,58054,0,0,0,0
1790616445.552588,-3,1,2,-2,30011,19673,23055,8254,58086,58087,58083,58084,0,0,0,0
1790616445.5928261,-2,4,0,1,29969,19694,23080,8211,58146,58147,58143,58144,0,0,0,0
1790616445.6523771,3,2,0,1,29956,19729,23138,8217,58176,58177,58173,58174,0,0,0,0
1790616445.692801,-2,3,-3,1,29954,19741,23156,8212,58206,58207,58203,58204,0,0,0,0
1790616445.753516,-6,0,-1,-1,29955,19742,23159,8211,58236,58237,58233,58234,0,0,0,0
1790616445.794147,-3,-2,-5,2,29966,19742,23156,8219,58266,58267,58263,58264,0,0,0,0
1790616445.8525078,-3,-5,-4,1,29975,19735,23150,8228,58296,58297,58293,58294,0,0,0,0
1790616445.892582,47,58,41,44,30535,20696,23550,8870,58326,58327,58323,58324,0,0,0,0
1790616445.9530728,38,36,48,37,31811,21777,24793,10093,58356,58357,58353,58354,0,0,0,0
1790616446.012376,26,32,26,36,32607,22537,25840,10914,58386,58387,58383,58384,0,0,0,0
1790616446.053169,39,26,45,36,633,23427,26752,11892,58416,58417,58413,58414,0,0,0,0
1790616446.11225,30,33,55,34,1725,24378,27935,12883,58446,58447,58443,58444,0,0,0,0
1790616446.1547,35,40,25,35,2636,25449,28906,13965,58476,58477,58473,58474,0,0,0,0
1790616446.2122629,40,34,45,32,3723,26428,29979,14978,58506,58507,58503,58504,0,0,0,0
1790616446.2723572,40,43,39,41,4851,27524,31020,15966,58536,58537,58533,58534,0,0,0,0
1790616446.332441,40,37,41,32,5954,28542,32002,17041,58566,58567,58563,58564,0,0,0,0
1790616446.3933609,35,44,40,47,7094,29628,304,17984,58596,58597,58593,58594,0,0,0,0
1790616446.4522932,43,36,37,44,8253,30752,1348,19077,58626,58627,58623,58624,0,0,0,0
1790616446.4953978,36,44,44,42,9344,31753,2425,20165,58656,58657,58653,58654,0,0,0,0
1790616446.552583,37,37,35,40,10415,54,3498,21217,58686,58687,58683,58684,0,0,0,0
1790616446.592868,35,31,37,41,11467,1124,4652,22292,58716,58717,58713,58714,0,0,0,0
1790616446.6523001,44,38,41,39,12472,2218,5790,23387,58746,58747,58743,58744,0,0,0,0
1790616446.6934988,38,37,42,34,13637,3309,6998,24482,58776,58777,58773,58774,0,0,0,0
1790616446.752395,44,35,36,31,14577,4425,8086,25591,58806,58807,58803,58804,0,0,0,0
1790616446.793082,48,34,48,39,15770,5521,9180,26611,58836,58837,58833,58834,0,0,0,0
1790616446.852443,41,31,36,35,16925,6585,10218,27671,58866,58867,58863,58864,0,0,0,0
1790616446.893033,53,48,44,45,18107,7682,11248,28697,58896,58897,58893,58894,0,0,0,0
1790616446.9525619,34,28,37,45,19217,8781,12366,29798,58926,58927,58923,58924,0,0,0,0
1790616446.992536,31,26,36,32,21035,10612,14212,31574,58986,58987,58983,58984,0,0,0,0
1790616447.052257,26,22,30,27,21817,11430,15069,32515,59016,59017,59013,59014,0,0,0,0
1790616447.0924249,27,23,25,35,22552,12224,15912,529,59046,59047,59043,59044,0,0,0,0
1790616447.152278,26,20,32,23,23337,12943,16631,1211,59076,59077,59073,59074,0,0,0,0
1790616447.192446,23,20,23,18,23947,13649,17339,1915,59106,59107,59103,59104,0,0,0,0
1790616447.2525198,23,20,23,18,23947,13649,17339,1915,59106,59107,59103,59104,0,0,0,0
1790616447.292577,22,20,11,20,25109,14691,18502,3133,59166,59167,59163,59164,0,0,0,0
1790616447.35254,13,17,22,18,25590,15107,19047,3672,59196,59197,59193,59194,0,0,0,0
1790616447.412334,20,15,11,16,26012,15588,19605,4248,59226,59227,59223,59224,0,0,0,0
1790616447.453742,14,19,12,10,26537,16098,20060,4625,59256,59257,59253,59254,0,0,0,0
1790616447.5122209,10,18,10,9,26958,16496,20408,4934,59286,59287,59283,59284,0,0,0,0
1790616447.553597,14,16,4,8,27378,16891,20655,5218,59316,59317,59313,59314,0,0,0,0
1790616447.613162,11,12,2,10,27706,17202,20839,5472,59346,59347,59343,59344,0,0,0,0
1790616447.672381,7,6,8,13,27927,17418,21036,5700,59376,59377,59373,59374,0,0,0,0
1790616447.712437,-2,6,9,9,28057,17606,21325,5964,59406,59407,59403,59404,0,0,0,0
1790616447.772258,0,10,23,7,28105,17818,21731,6242,59436,59437,59433,59434,0,0,0,0
1790616447.816045,5,11,13,10,28177,18090,22068,6472,59466,59467,59463,59464,0,0,0,0
1790616447.872281,11,6,8,9,28386,18389,22344,6678,59496,59497,59493,59494,0,0,0,0
1790616447.915099,14,2,1,5,28722,18603,22502,6837,59526,59527,59523,59524,0,0,0,0
1790616447.972484,14,5,3,5,29085,18778,22526,6985,59556,59557,59553,59554,0,0,0,0
1790616448.032396,11,8,6,9,29417,18935,22550,7180,59586,59587,59583,59584,0,0,0,0
1790616448.072618,9,-5,2,1,29656,19045,22640,7408,59616,59617,59613,59614,0,0,0,0
1790616448.1325839,2,-3,-5,4,29738,18997,22648,7512,59646,59647,59643,59644,0,0,0,0
1790616448.172512,3,-1,-1,-2,29781,18967,22616,7553,59676,59677,59673,59674,0,0,0,0
1790616448.2322319,-2,6,2,-2,29796,18953,22598,7569,59706,59707,59703,59704,0,0,0,0
1790616448.292883,-9,-2,-2,0,29798,18950,22594,7571,59736,59737,59733,59734,0,0,0,0
1790616448.332457,1,-3,0,0,29795,18951,22597,7567,59766,59767,59763,59764,0,0,0,0
1790616448.393004,-1,-4,0,-2,29791,18959,22606,7561,59796,59797,59793,59794,0,0,0,0
1790616448.432426,-2,0,1,-3,29775,18961,22607,7544,59826,59827,59823,59824,0,0,0,0
1790616448.4921658,0,-6,6,-1,29774,18972,22618,7543,59856,59857,59853,59854,0,0,0,0
1790616448.55472,4,0,1,-3,29769,18978,22628,7540,59886,59887,59883,59884,0,0,0,0
1790616448.5956118,-3,4,-9,-2,29764,18985,22635,7533,59916,59917,59913,59914,0,0,0,0
1790616448.652673,7,-1,0,0,29759,18990,22643,7527,59946,59947,59943,59944,0,0,0,0
1790616448.6930041,-1,0,-5,-1,29754,18997,22654,7523,60006,60007,60003,60004,0,0,0,0
1790616448.7534862,0,-2,-4,-1,29755,18996,22655,7524,60036,60037,60033,60034,0,0,0,0
1790616448.794208,7,-1,-3,0,29759,18997,22657,7528,60066,60067,60063,60064,0,0,0,0
1790616448.855019,2,1,-2,0,29773,18995,22666,7549,60096,60097,60093,60094,0,0,0,0
1790616448.9137568,-1,1,-10,3,29806,18969,22654,7589,60126,60127,60123,60124,0,0,0,0
1790616448.953242,-2,-2,-8,1,29815,18964,22648,7599,60156,60157,60153,60154,0,0,0,0
1790616449.0146618,-4,-1,-4,-1,29814,18965,22650,7600,60186,60187,60183,60184,0,0,0,0
1790616449.054407,0,1,2,-1,29808,18969,22655,7597,60216,60217,60213,60214,0,0,0,0
1790616449.115288,-1,-5,-2,-1,29805,18974,22661,7592,60246,60247,60243,60244,0,0,0,0
1790616449.153128,-4,-1,-2,5,29802,18974,22663,7590,60276,60277,60273,60274,0,0,0,0
1790616449.213655,4,-6,0,-2,29803,18975,22665,7590,60306,60307,60303,60304,0,0,0,0
1790616449.252768,-4,-1,-3,0,29800,18977,22665,7586,60336,60337,60333,60334,0,0,0,0
1790616449.313559,-6,0,0,-1,29798,18978,22669,7584,60366,60367,60363,60364,0,0,0,0
1790616449.35377,2,-4,-5,1,29805,18974,22669,7583,60396,60397,60393,60394,0,0,0,0
1790616449.416964,18,-14,-12,10,30018,18795,22558,7730,60426,60427,60423,60424,0,0,0,0
1790616449.452511,73,-58,-27,48,31350,17599,21951,8418,60456,60457,60453,60454,0,0,0,0
1790616449.51515,66,-64,-61,71,313,15848,20701,9766,60486,60487,60483,60484,0,0,0,0
1790616449.572335,58,-64,-74,64,2119,14083,18770,11868,60516,60517,60513,60514,0,0,0,0
1790616449.61291,75,-87,-81,64,4188,12092,16786,13947,60546,60547,60543,60544,0,0,0,0
1790616449.672299,82,-84,-80,75,6216,10099,14636,16091,60576,60577,60573,60574,0,0,0,0
1790616449.712887,67,-60,-70,75,8192,8119,12553,18208,60606,60607,60603,60604,0,0,0,0
1790616449.772424,57,-65,-63,61,9950,6395,10779,19868,60636,60637,60633,60634,0,0,0,0
1790616449.8326778,44,-53,-49,51,11403,4937,9316,21388,60666,60667,60663,60664,0,0,0,0
1790616449.8726358,36,-44,-43,45,12609,3632,8068,22639,60696,60697,60693,60694,0,0,0,0
1790616449.9321952,36,-44,-49,46,13873,2490,6792,23851,60726,60727,60723,60724,0,0,0,0
1790616449.973851,45,-60,-37,58,15125,1122,5523,25195,60756,60757,60753,60754,0,0,0,0
1790616450.0339358,62,-46,-67,50,16614,32397,3990,26674,60786,60787,60783,60784,0,0,0,0
1790616450.092173,61,-65,-63,72,18362,30704,2405,28334,60816,60817,60813,60814,0,0,0,0
1790616450.132839,59,-63,-64,61,20005,28956,635,30190,60846,60847,60843,60844,0,0,0,0
1790616450.192319,59,-68,-66,82,21906,27153,31467,31948,60876,60877,60873,60874,0,0,0,0
1790616450.252328,59,-58,-74,57,23635,25515,29719,973,60906,60907,60903,60904,0,0,0,0
1790616450.2924201,57,-68,-58,62,25262,23803,28129,2662,60936,60937,60933,60934,0,0,0,0
1790616450.353281,51,-52,-48,55,26751,22297,26626,4190,60966,60967,60963,60964,0,0,0,0
1790616450.392388,54,-45,-65,45,28136,20981,25183,5553,60996,60997,60993,60994,0,0,0,0
1790616450.453621,51,-46,-46,41,29561,19553,23763,6961,61026,61027,61023,61024,0,0,0,0
1790616450.4923992,52,-65,-58,53,32605,16493,20747,10015,61086,61087,61083,61084,0,0,0,0
1790616450.552638,71,-48,-62,64,1469,14874,19044,11715,61116,61117,61113,61114,0,0,0,0
1790616450.613627,65,-73,-52,75,3142,13207,17390,13384,61146,61147,61143,61144,0,0,0,0
1790616450.654402,58,-55,-66,50,4759,11545,15765,15064,61176,61177,61173,61174,0,0,0,0
1790616450.713496,66,-62,-56,47,6484,9987,14045,16604,61206,61207,61203,61204,0,0,0,0
1790616450.756607,66,-45,-69,56,8263,8608,12299,18080,61236,61237,61233,61234,0,0,0,0
1790616450.832809,71,-47,-64,43,10016,7275,10519,19352,61266,61267,61263,61264,0,0,0,0
1790616450.892404,50,-55,-60,47,11726,5970,8816,20729,61296,61297,61293,61294,0,0,0,0
1790616450.932364,69,-44,-65,41,13394,4570,7166,22115,61326,61327,61323,61324,0,0,0,0
1790616450.993353,54,-47,-51,59,14878,3067,5651,23581,61356,61357,61353,61354,0,0,0,0
1790616451.032701,36,-53,-53,65,16278,1781,4202,25010,61386,61387,61383,61384,0,0,0,0
1790616451.092169,43,-41,-45,44,17468,477,2953,26323,61416,61417,61413,61414,0,0,0,0
1790616451.132884,31,-33,-35,39,18570,32273,1953,27304,61446,61447,61443,61444,0,0,0,0
1790616451.1924238,21,-24,-29,30,19360,31405,1097,28112,61476,61477,61473,61474,0,0,0,0
1790616451.232617,18,-20,-21,13,19888,30848,479,28795,61506,61507,61503,61504,0,0,0,0
1790616451.292243,20,-20,-16,11,20405,30417,13,29226,61536,61537,61533,61534,0,0,0,0
1790616451.355264,18,-21,-15,19,20891,29966,32339,29723,61566,61567,61563,61564,0,0,0,0
1790616451.392391,22,-19,-30,20,21400,29340,31771,30269,61596,61597,61593,61594,0,0,0,0
1790616451.452173,19,-25,-21,24,22058,28758,31159,30862,61626,61627,61623,61624,0,0,0,0
1790616451.4924722,15,-22,-24,21,23388,27503,29868,32219,61686,61687,61683,61684,0,0,0,0
1790616451.55441,13,-22,-19,15,23912,26934,29257,32757,61716,61717,61713,61714,0,0,0,0
1790616451.592648,14,-17,-14,21,24371,26513,28826,474,61746,61747,61743,61744,0,0,0,0
1790616451.6522398,14,-17,-14,21,24371,26513,28826,474,61746,61747,61743,61744,0,0,0,0
1790616451.6903691,11,-11,-11,9,25029,25899,28188,1132,61806,61807,61803,61804,0,0,0,0
1790616451.753918,12,-13,-11,13,25330,25628,27922,1420,61836,61837,61833,61834,0,0,0,0
1790616451.8123572,11,-18,-11,16,25642,25277,27586,1809,61866,61867,61863,61864,0,0,0,0
1790616451.853158,17,-16,-19,17,26060,24757,27114,2235,61896,61897,61893,61894,0,0,0,0
1790616451.91252,18,-16,-13,24,26626,24282,26650,2730,61926,61927,61923,61924,0,0,0,0
1790616451.9722729,19,-23,-15,15,27148,23793,26212,3265,61956,61957,61953,61954,0,0,0,0
1790616452.012855,16,-14,-14,22,27641,23334,25735,3738,61986,61987,61983,61984,0,0,0,0
1790616452.072381,17,-41,-10,15,28041,22895,25264,4241,62016,62017,62013,62014,0,0,0,0
1790616452.1135712,12,-13,-20,11,28439,22449,24788,4609,62046,62047,62043,62044,0,0,0,0
1790616452.1744452,15,-19,-10,12,28849,22092,24409,4994,62076,62077,62073,62074,0,0,0,0
1790616452.213104,12,-11,-16,17,29183,21800,24103,5371,62106,62107,62103,62104,0,0,0,0
1790616452.272388,5,-3,-9,6,29389,21666,23902,5597,62136,62137,62133,62134,0,0,0,0
1790616452.332176,4,-6,1,4,29499,21579,23818,5676,62166,62167,62163,62164,0,0,0,0
1790616452.372452,2,-2,-1,-1,29511,21561,23798,5689,62196,62197,62193,62194,0,0,0,0
1790616452.432318,-3,-3,5,-3,29478,21604,23833,5660,62226,62227,62223,62224,0,0,0,0
1790616452.472343,-6,8,-4,-6,29412,21681,23901,5597,62256,62257,62253,62254,0,0,0,0
1790616452.532385,-4,5,3,-4,29316,21775,23994,5506,62286,62287,62283,62284,0,0,0,0
1790616452.574731,-3,1,2,-6,29210,21879,24096,5402,62316,62317,62313,62314,0,0,0,0
1790616452.63226,0,-1,2,-1,29120,21961,24183,5304,62346,62347,62343,62344,0,0,0,0
1790616452.67474,-4,-1,3,0,29056,22017,24244,5233,62376,62377,62373,62374,0,0,0,0
1790616452.732346,1,1,1,-1,29027,22044,24277,5196,62406,62407,62403,62404,0,0,0,0
1790616452.792167,-4,-1,-3,1,29023,22045,24281,5190,62436,62437,62433,62434,0,0,0,0
1790616452.833865,-4,-2,2,-3,29037,22029,24268,5207,62466,62467,62463,62464,0,0,0,0
1790616452.892125,3,-2,1,-3,29058,22010,24248,5230,62496,62497,62493,62494,0,0,0,0
1790616452.93393,2,-3,-3,-5,29075,21995,24232,5247,62526,62527,62523,62524,0,0,0,0
1790616452.993121,-3,5,-1,-5,29085,21989,24223,5257,62556,62557,62553,62554,0,0,0,0
1790616453.05295,0,-6,-6,3,29081,21993,24227,5253,62616,62617,62613,62614,0,0,0,0
1790616453.093775,0,-1,3,3,29088,21995,24231,5258,62646,62647,62643,62644,0,0,0,0
1790616453.154098,10,-3,-5,-3,29090,22000,24234,5256,62676,62677,62673,62674,0,0,0,0
1790616453.192559,-1,0,-9,4,29093,21998,24232,5255,62706,62707,62703,62704,0,0,0,0
1790616453.252512,-1,-5,0,-7,29089,21992,24227,5252,62736,62737,62733,62734,0,0,0,0
1790616453.312719,3,2,7,-1,29086,21989,24227,5253,62766,62767,62763,62764,0,0,0,0
1790616453.374091,1,5,1,2,29083,21991,24231,5250,62796,62797,62793,62794,0,0,0,0
1790616453.412367,2,-1,0,-2,29085,21993,24232,5249,62826,62827,62823,62824,0,0,0,0
1790616453.475113,1,2,6,-4,29086,21993,24234,5249,62856,62857,62853,62854,0,0,0,0
1790616453.5125172,0,0,-3,1,29087,21994,24233,5250,62886,62887,62883,62884,0,0,0,0
1790616453.57449,-1,-1,-1,2,29088,21992,24232,5252,62916,62917,62913,62914,0,0,0,0
1790616453.6321652,-1,-1,-1,4,29090,21990,24229,5254,62946,62947,62943,62944,0,0,0,0
1790616453.6755881,0,0,-2,-1,29091,21989,24227,5256,62976,62977,62973,62974,0,0,0,0
1790616453.7322109,-1,2,4,-2,29088,21990,24229,5254,63006,63007,63003,63004,0,0,0,0
1790616453.7922869,-2,-1,-1,1,29087,21992,24230,5252,63036,63037,63033,63034,0,0,0,0
1790616453.852295,-2,-3,-1,-1,29087,21993,24231,5251,63066,63067,63063,63064,0,0,0,0
1790616453.892554,-2,-2,-1,-5,29087,21993,24232,5251,63126,63127,63123,63124,0,0,0,0
1790616453.952364,0,-1,-1,5,29087,21995,24234,5250,63156,63157,63153,63154,0,0,0,0
1790616454.01228,3,-3,-3,0,29087,21997,24234,5251,63186,63187,63183,63184,0,0,0,0
1790616454.052821,-2,-3,-3,-2,29091,21996,24234,5253,63216,63217,63213,63214,0,0,0,0
1790616454.112295,4,-5,2,0,29091,21994,24232,5252,63246,63247,63243,63244,0,0,0,0
1790616454.1723058,2,-1,1,-1,29100,21998,24237,5266,63276,63277,63273,63274,0,0,0,0
1790616454.213291,0,-1,-7,-2,29128,21980,24226,5296,63306,63307,63303,63304,0,0,0,0
1790616454.272183,5,1,-3,0,29137,21975,24217,5304,63336,63337,63333,63334,0,0,0,0
1790616454.312709,-2,2,-1,-8,29130,21984,24224,5298,63366,63367,63363,63364,0,0,0,0
1790616454.372921,1,1,4,0,29122,21991,24234,5290,63396,63397,63393,63394,0,0,0,0
1790616454.4323251,2,-15,2,-3,29120,21998,24240,5285,63426,63427,63423,63424,0,0,0,0
1790616454.475529,0,-3,0,-4,29118,22000,24241,5283,63456,63457,63453,63454,0,0,0,0
1790616454.5323179,2,1,1,-7,29123,21999,24241,5286,63486,63487,63483,63484,0,0,0,0
1790616454.5759602,1,0,-3,3,29127,21997,24238,5292,63516,63517,63513,63514,0,0,0,0
1790616454.63231,-3,-3,3,-2,29129,21996,24236,5293,63546,63547,63543,63544,0,0,0,0
1790616454.672562,-5,-2,-4,1,29121,21991,24230,5282,63576,63577,63573,63574,0,0,0,0
1790616454.732208,3,-2,1,7,29126,21998,24234,5289,63606,63607,63603,63604,0,0,0,0
1790616454.792227,3,4,0,2,29136,21999,24247,5305,63636,63637,63633,63634,0,0,0,0
1790616454.832313,-2,-2,3,-7,29145,21998,24246,5313,63666,63667,63663,63664,0,0,0,0
1790616454.892168,0,0,0,3,29147,21999,24247,5315,63696,63697,63693,63694,0,0,0,0
1790616454.932441,1,-5,0,-5,29147,21997,24247,5316,63726,63727,63723,63724,0,0,0,0
1790616454.992249,-6,-4,1,-2,29152,21996,24246,5320,63756,63757,63753,63754,0,0,0,0
1790616455.032227,-3,1,0,-2,29154,21996,24244,5323,63786,63787,63783,63784,0,0,0,0
1790616455.0928159,0,-2,-3,-1,29156,21997,24246,5326,63816,63817,63813,63814,0,0,0,0
1790616455.1324952,-2,9,-5,-2,29159,22000,24249,5328,63846,63847,63843,63844,0,0,0,0
1790616455.192397,0,-2,0,-2,29163,22000,24250,5332,63876,63877,63873,63874,0,0,0,0
1790616455.232574,2,-1,0,0,29164,22000,24252,5334,63906,63907,63903,63904,0,0,0,0
1790616455.31537,-1,-2,-5,0,29174,21999,24253,5345,63966,63967,63963,63964,0,0,0,0
1790616455.372227,-2,-4,0,3,29192,22016,24269,5367,63996,63997,63993,63994,0,0,0,0
1790616455.416873,-1,2,4,-5,29200,22019,24294,5393,64026,64027,64023,64024,0,0,0,0
1790616455.473539,1,1,-2,1,29201,22021,24297,5392,64056,64057,64053,64054,0,0,0,0
1790616455.5139909,-2,-6,-1,-3,29201,22023,24297,5390,64086,64087,64083,64084,0,0,0,0
1790616455.572472,-9,1,-2,1,29202,22023,24300,5393,64116,64117,64113,64114,0,0,0,0
1790616455.632331,1,-5,-7,1,29202,22024,24299,5393,64146,64147,64143,64144,0,0,0,0
1790616455.672496,1,1,-4,-3,29206,22025,24302,5395,64176,64177,64173,64174,0,0,0,0
1790616455.732228,-2,-9,4,-2,29211,22022,24299,5399,64206,64207,64203,64204,0,0,0,0
1790616455.7922409,-3,1,-3,2,29216,22020,24296,5402,64236,64237,64233,64234,0,0,0,0
1790616455.8325021,-1,-4,1,4,29221,22018,24292,5408,64266,64267,64263,64264,0,0,0,0
1790616455.89209,1,2,2,-1,29221,22002,24280,5405,64296,64297,64293,64294,0,0,0,0
1790616455.93251,-1,3,-2,0,29255,21990,24264,5444,64326,64327,64323,64324,0,0,0,0
1790616455.993356,-11,0,4,-1,29272,21992,24263,5457,64356,64357,64353,64354,0,0,0,0
1790616456.052618,1,0,1,2,29273,21995,24266,5459,64386,64387,64383,64384,0,0,0,0
1790616456.093583,1,0,-5,0,29269,22002,24273,5454,64416,64417,64413,64414,0,0,0,0
1790616456.152255,-4,1,-2,-1,29265,22009,24280,5450,64446,64447,64443,64444,0,0,0,0
1790616456.1924381,6,2,-1,4,29270,22011,24280,5454,64506,64507,64503,64504,0,0,0,0
1790616456.2521842,4,3,11,1,29275,22012,24282,5459,64536,64537,64533,64534,0,0,0,0
1790616456.314945,-1,3,-1,-4,29278,22012,24283,5460,64566,64567,64563,64564,0,0,0,0
1790616456.352208,2,4,0,2,29278,22015,24284,5461,64596,64597,64593,64594,0,0,0,0
1790616456.4121668,-2,2,1,1,29280,22016,24288,5459,64626,64627,64623,64624,0,0,0,0
1790616456.452364,1,2,-2,-5,29290,21995,24269,5470,64656,64657,64653,64654,0,0,0,0
1790616456.512218,-1,0,0,-4,29314,21995,24266,5495,64686,64687,64683,64684,0,0,0,0
1790616456.55302,0,1,-2,2,29317,21999,24270,5499,64716,64717,64713,64714,0,0,0,0
1790616456.6131032,0,1,-8,17,29311,22010,24279,5491,64746,64747,64743,64744,0,0,0,0
1790616456.652579,4,0,-1,-2,29303,22024,24293,5483,64776,64777,64773,64774,0,0,0,0
1790616456.71329,-4,3,-5,1,29298,22035,24304,5475,64806,64807,64803,64804,0,0,0,0
1790616456.7723541,2,-1,-4,-2,29297,22040,24311,5472,64836,64837,64833,64834,0,0,0,0
1790616456.834507,-2,2,0,1,29297,22042,24313,5474,64866,64867,64863,64864,0,0,0,0
1790616456.872564,1,-2,2,3,29301,22044,24315,5476,64896,64897,64893,64894,0,0,0,0
1790616456.934295,-8,-2,-2,-3,29306,22049,24321,5483,64926,64927,64923,64924,0,0,0,0
1790616456.97263,-6,1,1,4,29305,22052,24324,5482,64956,64957,64953,64954,0,0,0,0
1790616457.034351,0,2,-7,-4,29306,22058,24331,5483,64986,64987,64983,64984,0,0,0,0
1790616457.0724201,-4,4,-1,4,29304,22062,24333,5480,65016,65017,65013,65014,0,0,0,0
1790616457.132511,1,1,2,-2,29306,22066,24338,5482,65046,65047,65043,65044,0,0,0,0
1790616457.192331,-1,-3,-2,-4,29311,22072,24344,5486,65076,65077,65073,65074,0,0,0,0
1790616457.234576,-1,1,-1,2,29310,22075,24348,5486,65106,65107,65103,65104,0,0,0,0
1790616457.292267,-3,-2,1,-6,29309,22079,24353,5487,65136,65137,65133,65134,0,0,0,0
1790616457.3344882,-3,0,2,3,29317,22081,24358,5495,65166,65167,65163,65164,0,0,0,0
1790616457.392276,-4,-2,1,1,29325,22083,24359,5503,65196,65197,65193,65194,0,0,0,0
1790616457.4344802,-1,0,0,1,29330,22082,24359,5508,65226,65227,65223,65224,0,0,0,0
1790616457.4956539,-11,-3,1,-3,29336,22082,24360,5512,65256,65257,65253,65254,0,0,0,0
1790616457.5722308,2,-1,0,-4,29351,22088,24365,5524,65316,65317,65313,65314,0,0,0,0
1790616457.6139321,-2,-1,-5,-1,29356,22086,24364,5530,65346,65347,65343,65344,0,0,0,0
1790616457.672561,0,-4,0,-3,29360,22088,24365,5535,65376,65377,65373,65374,0,0,0,0
1790616457.713021,1,1,-3,0,29360,22093,24371,5536,65406,65407,65403,65404,0,0,0,0
1790616457.775585,-3,-5,1,-3,29363,22098,24376,5537,65436,65437,65433,65434,0,0,0,0
1790616457.812354,-1,-3,-1,-1,29368,22101,24382,5544,65466,65467,65463,65464,0,0,0,0
1790616457.872071,-4,0,-1,3,29374,22104,24382,5550,65496,65497,65493,65494,0,0,0,0
1790616457.912361,-2,-1,7,4,29385,22104,24382,5559,65526,65527,65523,65524,0,0,0,0
1790616457.972341,2,1,2,-2,29431,22131,24388,5581,65556,65557,65553,65554,0,0,0,0
1790616458.0341601,6,-3,1,5,29443,22123,24383,5592,65586,65587,65583,65584,0,0,0,0
1790616458.072402,-1,5,4,-5,29455,22120,24383,5603,65616,65617,65613,65614,0,0,0,0
1790616458.134061,1,0,2,-3,29459,22123,24383,5607,65646,65647,65643,65644,0,0,0,0
1790616458.192183,0,1,-3,0,29454,22127,24388,5602,65676,65677,65673,65674,0,0,0,0
1790616458.234056,2,-2,2,6,29451,22133,24393,5599,65706,65707,65703,65704,0,0,0,0
1790616458.2922418,0,-1,-2,-17,29450,22134,24398,5597,65736,65737,65733,65734,0,0,0,0
1790616458.334425,1,2,-1,-2,29451,22135,24400,5600,65766,65767,65763,65764,0,0,0,0
1790616458.392456,-3,0,0,-1,29452,22133,24402,5603,65796,65797,65793,65794,0,0,0,0
1790616458.4523551,0,-2,2,-1,29454,22135,24404,5605,65856,65857,65853,65854,0,0,0,0
1790616458.4923542,-4,-1,1,-2,29456,22141,24410,5611,65886,65887,65883,65884,0,0,0,0
1790616458.552214,3,1,-2,-2,29491,22165,24427,5630,65916,65917,65913,65914,0,0,0,0
1790616458.592406,-5,-10,1,-1,29495,22153,24425,5638,65946,65947,65943,65944,0,0,0,0
1790616458.6522748,-1,-3,-5,-2,29505,22151,24419,5644,65976,65977,65973,65974,0,0,0,0
1790616458.712137,-2,-3,-1,1,29512,22148,24419,5652,66006,66007,66003,66004,0,0,0,0
1790616458.752334,-1,0,-3,0,29513,22151,24423,5656,66036,66037,66033,66034,0,0,0,0
1790616458.812416,0,0,0,0,29513,22156,24430,5657,66066,66067,66063,66064,0,0,0,0
1790616458.8720489,-7,-2,-2,0,29512,22160,24434,5657,66096,66097,66093,66094,0,0,0,0
1790616458.912259,0,-3,-3,-3,29513,22158,24434,5659,66126,66127,66123,66124,0,0,0,0
1790616458.9735758,-5,-3,-5,-1,29513,22155,24436,5656,66156,66157,66153,66154,0,0,0,0
1790616459.0133948,-5,0,1,-5,29490,22167,24440,5635,66186,66187,66183,66184,0,0,0,0
1790616459.073317,-5,-2,5,0,29493,22199,24483,5642,66216,66217,66213,66214,0,0,0,0
1790616459.1139488,-2,0,0,0,29504,22204,24486,5650,66246,66247,66243,66244,0,0,0,0
1790616459.172163,-2,-1,-3,-3,29519,22193,24474,5663,66276,66277,66273,66274,0,0,0,0
1790616459.212308,-3,-2,2,-1,29530,22183,24462,5673,66306,66307,66303,66304,0,0,0,0
1790616459.2736142,0,1,3,-1,29537,22181,24460,5679,66336,66337,66333,66334,0,0,0,0
1790616459.312321,1,2,-7,0,29537,22184,24464,5683,66366,66367,66363,66364,0,0,0,0
1790616459.3727732,-1,1,0,2,29537,22187,24469,5684,66396,66397,66393,66394,0,0,0,0
1790616459.412302,35,54,36,51,29934,22770,24731,6042,66426,66427,66423,66424,0,0,0,0
1790616459.4746618,45,38,35,39,31051,23917,25974,7192,66456,66457,66453,66454,0,0,0,0
1790616459.5321522,33,32,35,29,32013,24701,26807,8109,66486,66487,66483,66484,0,0,0,0
1790616459.574754,24,31,33,32,15,25630,27770,9050,66516,66517,66513,66514,0,0,0,0
1790616459.632246,40,35,34,32,1038,26587,28729,10040,66546,66547,66543,66544,0,0,0,0
1790616459.672247,29,41,53,34,2110,27656,29789,11024,66576,66577,66573,66574,0,0,0,0
1790616459.7353961,43,45,38,35,3066,28619,30903,11939,66606,66607,66603,66604,0,0,0,0
1790616459.792275,39,43,47,37,4171,29665,31917,12872,66636,66637,66633,66634,0,0,0,0
1790616459.835833,45,35,44,41,5201,30677,283,14001,66666,66667,66663,66664,0,0,0,0
1790616459.893184,42,44,41,31,6268,31659,1314,15081,66696,66697,66693,66694,0,0,0,0
1790616459.933331,42,29,32,33,7382,32744,2344,16166,66726,66727,66723,66724,0,0,0,0
1790616459.9932601,41,34,33,31,8472,1034,3462,17302,66756,66757,66753,66754,0,0,0,0
1790616460.054209,38,34,35,39,9478,2100,4526,18326,66786,66787,66783,66784,0,0,0,0
1790616460.093663,28,38,37,39,11685,4260,6774,20501,66846,66847,66843,66844,0,0,0,0
1790616460.153219,37,41,32,45,12754,5354,7883,21488,66876,66877,66873,66874,0,0,0,0
1790616460.213274,31,41,38,46,13959,6470,8995,22574,66906,66907,66903,66904,0,0,0,0
1790616460.253363,38,47,36,41,14997,7495,10042,23603,66936,66937,66933,66934,0,0,0,0
1790616460.313493,30,47,37,44,16170,8614,11185,24703,66966,66967,66963,66964,0,0,0,0
1790616460.373944,34,40,40,34,17198,9591,12218,25823,66996,66997,66993,66994,0,0,0,0
1790616460.413756,41,34,41,32,18250,10668,13210,26791,67026,67027,67023,67024,0,0,0,0
1790616460.4730701,33,31,33,29,19100,11552,14182,27745,67056,67057,67053,67054,0,0,0,0
1790616460.533088,35,36,36,39,19965,12523,15138,28659,67086,67087,67083,67084,0,0,0,0
1790616460.5740108,26,34,33,32,20889,13355,16056,29498,67116,67117,67113,67114,0,0,0,0
1790616460.6334422,26,28,24,20,21563,14058,16869,30319,67146,67147,67143,67144,0,0,0,0
1790616460.673568,19,27,28,28,22242,14848,17613,31027,67176,67177,67173,67174,0,0,0,0
1790616460.733502,26,20,24,27,22991,15417,18370,31720,67206,67207,67203,67204,0,0,0,0
1790616460.795398,18,20,21,18,24173,16579,19531,208,67266,67267,67263,67264,0,0,0,0
1790616460.854225,20,22,18,14,24723,17178,19981,742,67296,67297,67293,67294,0,0,0,0
1790616460.913034,21,17,16,14,25310,17661,20439,1134,67326,67327,67323,67324,0,0,0,0
1790616460.95352,13,18,16,20,25772,18281,20877,1579,67356,67357,67353,67354,0,0,0,0
1790616461.0130591,12,13,11,11,26191,18669,21287,2021,67386,67387,67383,67384,0,0,0,0
1790616461.075011,11,12,18,12,26505,18979,21739,2342,67416,67417,67413,67414,0,0,0,0
1790616461.113211,9,3,13,7,26713,19249,22095,2656,67446,67447,67443,67444,0,0,0,0
1790616461.173337,5,11,11,8,26909,19468,22388,2971,67476,67477,67473,67474,0,0,0,0
1790616461.213301,11,7,6,11,27164,19665,22665,3249,67506,67507,67503,67504,0,0,0,0
1790616461.274029,6,10,6,8,27434,19859,22849,3424,67536,67537,67533,67534,0,0,0,0
1790616461.333442,5,17,1,9,27699,20112,22987,3551,67566,67567,67563,67564,0,0,0,0
1790616461.37335,8,10,10,11,27958,20462,23172,3736,67596,67597,67593,67594,0,0,0,0
1790616461.433609,7,8,9,7,28185,20763,23361,3949,67626,67627,67623,67624,0,0,0,0
1790616461.495924,8,7,3,8,28417,21001,23553,4164,67656,67657,67653,67654,0,0,0,0
1790616461.53438,9,11,3,9,28644,21185,23744,4374,67686,67687,67683,67684,0,0,0,0
1790616461.5953112,6,6,6,2,28818,21336,23955,4564,67716,67717,67713,67714,0,0,0,0
1790616461.635839,-1,-3,5,8,28935,21490,24211,4784,67746,67747,67743,67744,0,0,0,0
1790616461.695683,-2,-2,8,-1,28923,21535,24334,4816,67776,67777,67773,67774,0,0,0,0
1790616461.733715,0,-1,3,0,28890,21572,24369,4782,67806,67807,67803,67804,0,0,0,0
1790616461.795892,0,1,1,1,28877,21585,24384,4763,67866,67867,67863,67864,0,0,0,0
1790616461.853135,4,-1,0,11,28885,21577,24378,4772,67896,67897,67893,67894,0,0,0,0
1790616461.896482,-2,1,1,-1,28894,21569,24373,4780,67926,67927,67923,67924,0,0,0,0
1790616461.953426,2,1,-1,-1,28895,21563,24370,4781,67956,67957,67953,67954,0,0,0,0
1790616462.013435,-2,6,2,6,28894,21564,24363,4773,67986,67987,67983,67984,0,0,0,0
1790616462.0731251,2,6,0,-4,28887,21573,24375,4770,68016,68017,68013,68014,0,0,0,0
1790616462.113503,3,0,-2,2,28883,21582,24381,4765,68046,68047,68043,68044,0,0,0,0
1790616462.173069,-2,-2,-4,-2,28882,21582,24383,4763,68076,68077,68073,68074,0,0,0,0
1790616462.214646,-3,3,-1,-9,28885,21581,24382,4766,68106,68107,68103,68104,0,0,0,0
1790616462.273095,-2,-5,-1,4,28893,21577,24378,4771,68136,68137,68133,68134,0,0,0,0
1790616462.3332539,1,8,-2,-2,28904,21571,24373,4780,68166,68167,68163,68164,0,0,0,0
1790616462.373447,1,0,0,0,28907,21569,24375,4786,68196,68197,68193,68194,0,0,0,0
1790616462.4331589,1,6,-5,0,28910,21570,24378,4791,68226,68227,68223,68224,0,0,0,0
1790616462.493935,14,0,-3,3,28944,21562,24392,4831,68256,68257,68253,68254,0,0,0,0
1790616462.53406,-1,-4,-3,1,28954,21539,24373,4850,68286,68287,68283,68284,0,0,0,0
1790616462.594641,3,4,-4,3,28961,21541,24375,4855,68316,68317,68313,68314,0,0,0,0
1790616462.6355782,-2,0,7,0,28959,21547,24379,4850,68346,68347,68343,68344,0,0,0,0
1790616462.693302,3,5,-2,0,28953,21552,24381,4845,68376,68377,68373,68374,0,0,0,0
1790616462.753035,0,0,-3,1,28954,21554,24385,4844,68406,68407,68403,68404,0,0,0,0
1790616462.813012,2,1,2,-2,28959,21551,24383,4850,68466,68467,68463,68464,0,0,0,0
1790616462.853197,3,-1,1,-1,28960,21553,24384,4852,68496,68497,68493,68494,0,0,0,0
1790616462.91424,2,-1,4,6,28960,21558,24390,4854,68526,68527,68523,68524,0,0,0,0
1790616462.953392,2,0,-3,-1,28977,21549,24387,4859,68556,68557,68553,68554,0,0,0,0
1790616463.01327,22,-28,-12,27,29298,21249,24237,5083,68586,68587,68583,68584,0,0,0,0
1790616463.053772,94,-63,-36,60,30706,20269,23633,6334,68616,68617,68613,68614,0,0,0,0
1790616463.113211,90,-67,-63,74,264,18282,22134,8000,68646,68647,68643,68644,0,0,0,0
1790616463.173152,55,-67,-84,73,2252,16475,20348,10137,68676,68677,68673,68674,0,0,0,0
1790616463.2134552,73,-90,-78,81,4329,14511,18351,12261,68706,68707,68703,68704,0,0,0,0
1790616463.2948322,78,-76,-69,83,6391,12479,16266,14400,68736,68737,68733,68734,0,0,0,0
1790616463.334063,68,-57,-63,59,8320,10608,14320,16386,68766,68767,68763,68764,0,0,0,0
1790616463.39458,50,-49,-50,65,10016,8988,12678,18089,68796,68797,68793,68794,0,0,0,0
1790616463.453147,50,-49,-53,46,11404,7615,11205,19433,68826,68827,68823,68824,0,0,0,0
1790616463.494281,37,-48,-45,34,12612,6466,10038,20776,68856,68857,68853,68854,0,0,0,0
1790616463.553524,44,-53,-43,40,13891,5195,8762,21975,68886,68887,68883,68884,0,0,0,0
1790616463.6139479,72,-46,-54,69,16803,2247,5787,24832,68946,68947,68943,68944,0,0,0,0
1790616463.653394,61,-65,-71,55,18549,459,4071,26609,68976,68977,68973,68974,0,0,0,0
1790616463.713129,75,-54,-61,78,20192,31441,2332,28370,69006,69007,69003,69004,0,0,0,0
1790616463.7744892,60,-65,-65,56,22046,29826,589,30208,69036,69037,69033,69034,0,0,0,0
1790616463.833159,57,-53,-60,75,23715,28111,31601,31821,69066,69067,69063,69064,0,0,0,0
1790616463.8732018,56,-53,-60,57,25286,26537,30002,749,69096,69097,69093,69094,0,0,0,0
1790616463.936034,49,-62,-52,45,26794,25119,28526,2242,69126,69127,69123,69124,0,0,0,0
1790616463.973275,56,-49,-53,54,28193,23707,27026,3564,69156,69157,69153,69154,0,0,0,0
1790616464.034374,56,-53,-50,55,29758,22330,25645,4979,69186,69187,69183,69184,0,0,0,0
1790616464.094334,58,-47,-65,63,31371,21003,23913,6385,69216,69217,69213,69214,0,0,0,0
1790616464.135663,67,-44,-58,51,248,19459,22155,7836,69246,69247,69243,69244,0,0,0,0
1790616464.194293,65,-67,-72,52,2071,17945,20431,9410,69276,69277,69273,69274,0,0,0,0
1790616464.252971,61,-53,-63,50,5587,14931,16885,12493,69336,69337,69333,69334,0,0,0,0
1790616464.3331158,55,-62,-54,47,7209,13404,15144,14015,69366,69367,69363,69364,0,0,0,0
1790616464.373576,62,-54,-63,54,8863,11840,13610,15472,69396,69397,69393,69394,0,0,0,0
1790616464.435636,47,-51,-63,58,10397,10454,12066,16934,69426,69427,69423,69424,0,0,0,0
1790616464.474383,51,-57,-51,49,11920,9005,10530,18418,69456,69457,69453,69454,0,0,0,0
1790616464.5343401,62,-54,-60,52,13503,7620,8947,19750,69486,69487,69483,69484,0,0,0,0
1790616464.5734131,57,-60,-60,60,14952,6215,7480,21294,69516,69517,69513,69514,0,0,0,0
1790616464.632989,47,-45,-50,49,16380,4853,5956,22660,69546,69547,69543,69544,0,0,0,0
1790616464.693824,47,-48,-54,44,17630,3632,4700,23892,69576,69577,69573,69574,0,0,0,0
1790616464.7331781,34,-27,-29,38,18758,2668,3527,24867,69606,69607,69603,69604,0,0,0,0
1790616464.793828,18,-27,-30,22,19594,1963,2656,25715,69636,69637,69633,69634,0,0,0,0
1790616464.833733,30,-15,-15,23,20197,1306,2012,26318,69666,69667,69663,69664,0,0,0,0
1790616464.893162,16,-17,-12,15,20804,895,1532,26752,69696,69697,69693,69694,0,0,0,0
1790616464.953183,19,-15,-19,14,21232,478,1046,27099,69726,69727,69723,69724,0,0,0,0
1790616464.9937868,26,-16,-20,15,21760,73,555,27548,69756,69757,69753,69754,0,0,0,0
1790616465.0550551,25,-24,-28,24,23010,31872,32077,28433,69816,69817,69813,69814,0,0,0,0
1790616465.0931652,16,-9,-16,17,23570,31400,31494,28990,69846,69847,69843,69844,0,0,0,0
1790616465.155604,21,-20,-25,18,24088,30996,30988,29383,69876,69877,69873,69874,0,0,0,0
1790616465.212998,12,-13,-20,12,24520,30695,30500,29788,69906,69907,69903,69904,0,0,0,0
1790616465.2559192,20,-12,-15,13,24908,30383,30051,30063,69936,69937,69933,69934,0,0,0,0
1790616465.313222,11,-8,-16,5,25280,30081,29644,30333,69966,69967,69963,69964,0,0,0,0
1790616465.372978,10,-13,-13,9,25603,29741,29297,30633,69996,69997,69993,69994,0,0,0,0
1790616465.413343,17,-16,-11,20,25977,29353,28939,30996,70026,70027,70023,70024,0,0,0,0
1790616465.472992,19,-14,-17,8,26573,28965,28507,31390,70056,70057,70053,70054,0,0,0,0
1790616465.5134668,22,-17,-23,20,27126,28487,27917,31847,70086,70087,70083,70084,0,0,0,0
1790616465.573206,27,-16,-23,13,27739,28067,27221,32318,70116,70117,70113,70114,0,0,0,0
1790616465.6332202,14,-13,-18,11,28299,27765,26676,32676,70146,70147,70143,70144,0,0,0,0
1790616465.673244,12,-7,-13,13,28839,27448,26297,262,70176,70177,70173,70174,0,0,0,0
1790616465.7333272,11,-15,-12,0,29172,27126,25884,524,70206,70207,70203,70204,0,0,0,0
1790616465.7748108,-4,-2,0,5,29321,26899,25627,651,70236,70237,70233,70234,0,0,0,0
1790616465.8332071,-1,0,-3,-5,29392,26794,25517,742,70266,70267,70263,70264,0,0,0,0
1790616465.8734038,4,-3,-4,3,29431,26751,25460,783,70296,70297,70293,70294,0,0,0,0
1790616465.9330869,0,-2,-2,2,29439,26741,25446,794,70326,70327,70323,70324,0,0,0,0
1790616465.9734101,-5,-5,0,1,29426,26751,25458,783,70356,70357,70353,70354,0,0,0,0
1790616466.033507,-7,4,1,7,29404,26773,25484,762,70386,70387,70383,70384,0,0,0,0
1790616466.092959,0,1,2,1,29381,26792,25509,740,70416,70417,70413,70414,0,0,0,0
1790616466.1334028,-3,7,-6,-2,29365,26807,25527,724,70446,70447,70443,70444,0,0,0,0
1790616466.193152,0,0,1,1,29358,26813,25536,716,70476,70477,70473,70474,0,0,0,0
1790616466.233255,-1,-5,-3,1,29359,26813,25536,717,70506,70507,70503,70504,0,0,0,0
1790616466.293083,-1,1,-2,-1,29364,26808,25532,723,70536,70537,70533,70534,0,0,0,0
1790616466.33458,-2,-6,1,0,29368,26805,25529,727,70566,70567,70563,70564,0,0,0,0
1790616466.392894,0,-4,-2,-2,29367,26805,25530,726,70596,70597,70593,70594,0,0,0,0
1790616466.4332259,0,1,-4,3,29363,26808,25530,723,70626,70627,70623,70624,0,0,0,0
1790616466.496278,0,-5,1,1,29363,26814,25538,721,70686,70687,70683,70684,0,0,0,0
1790616466.554085,3,-4,6,-2,29366,26812,25535,723,70716,70717,70713,70714,0,0,0,0
1790616466.595207,1,-1,1,1,29366,26808,25534,727,70746,70747,70743,70744,0,0,0,0
1790616466.653419,1,1,3,2,29369,26810,25534,728,70776,70777,70773,70774,0,0,0,0
1790616466.693824,-2,2,3,1,29369,26811,25534,727,70806,70807,70803,70804,0,0,0,0
1790616466.753551,-1,5,1,-1,29369,26811,25534,727,70836,70837,70833,70834,0,0,0,0
1790616466.8147469,-1,1,-6,8,29368,26812,25537,726,70866,70867,70863,70864,0,0,0,0
1790616466.873159,-1,0,-2,-1,29367,26815,25537,725,70896,70897,70893,70894,0,0,0,0
1790616466.913429,-3,0,-4,0,29367,26816,25541,725,70926,70927,70923,70924,0,0,0,0
1790616466.973153,3,4,1,1,29365,26818,25543,723,70956,70957,70953,70954,0,0,0,0
1790616467.033202,-1,-2,0,-2,29366,26819,25544,724,70986,70987,70983,70984,0,0,0,0
1790616467.073083,4,-1,-1,-5,29369,26819,25545,726,71016,71017,71013,71014,0,0,0,0
1790616467.1330922,-3,1,-3,-5,29370,26817,25543,727,71046,71047,71043,71044,0,0,0,0
1790616467.1730251,2,-2,-1,3,29370,26817,25543,729,71076,71077,71073,71074,0,0,0,0
1790616467.233161,2,1,0,-2,29372,26817,25542,730,71106,71107,71103,71104,0,0,0,0
1790616467.293213,3,-3,5,7,29378,26821,25547,739,71136,71137,71133,71134,0,0,0,0
1790616467.333444,-1,-1,3,0,29397,26803,25534,756,71166,71167,71163,71164,0,0,0,0
1790616467.393255,-3,-4,7,-2,29400,26798,25522,759,71196,71197,71193,71194,0,0,0,0
1790616467.434719,-4,-3,1,-1,29393,26805,25530,753,71226,71227,71223,71224,0,0,0,0
1790616467.497289,4,-1,-2,0,29383,26815,25543,744,71256,71257,71253,71254,0,0,0,0
1790616467.5336142,1,1,1,-5,29375,26823,25552,735,71286,71287,71283,71284,0,0,0,0
1790616467.5929978,-5,-2,1,-2,29369,26828,25560,730,71316,71317,71313,71314,0,0,0,0
1790616467.6539562,-2,-2,-6,1,29368,26830,25562,727,71346,71347,71343,71344,0,0,0,0
1790616467.694408,0,-5,1,5,29367,26829,25563,726,71376,71377,71373,71374,0,0,0,0
1790616467.753645,-3,2,-4,-5,29365,26827,25561,726,71406,71407,71403,71404,0,0,0,0
1790616467.8130639,-2,0,-11,-1,29359,26816,25543,714,71466,71467,71463,71464,0,0,0,0
1790616467.8531442,0,1,-3,-3,29372,26818,25549,730,71496,71497,71493,71494,0,0,0,0
1790616467.913005,-3,0,-1,-2,29373,26813,25545,732,71526,71527,71523,71524,0,0,0,0
1790616467.9543412,-10,-4,4,-2,29374,26815,25544,731,71556,71557,71553,71554,0,0,0,0
1790616468.01346,1,-2,5,3,29371,26818,25547,730,71586,71587,71583,71584,0,0,0,0
1790616468.054209,3,5,2,0,29369,26820,25551,728,71616,71617,71613,71614,0,0,0,0
1790616468.113267,1,-1,1,1,29369,26824,25553,726,71646,71647,71643,71644,0,0,0,0
1790616468.158442,3,1,0,-1,29372,26827,25555,727,71676,71677,71673,71674,0,0,0,0
1790616468.213162,2,-2,0,2,29373,26828,25556,730,71706,71707,71703,71704,0,0,0,0
1790616468.272976,-1,-4,-4,1,29376,26827,25556,734,71736,71737,71733,71734,0,0,0,0
1790616468.313353,0,-2,7,-3,29379,26829,25556,737,71766,71767,71763,71764,0,0,0,0
1790616468.3730612,0,2,3,3,29380,26830,25558,736,71796,71797,71793,71794,0,0,0,0
1790616468.432966,3,-2,-2,3,29379,26830,25561,736,71826,71827,71823,71824,0,0,0,0
1790616468.4734,3,0,1,-2,29377,26829,25560,735,71856,71857,71853,71854,0,0,0,0
1790616468.5330088,5,-5,-1,-2,29379,26825,25559,737,71886,71887,71883,71884,0,0,0,0
1790616468.573192,-6,-8,2,2,29380,26824,25558,739,71916,71917,71913,71914,0,0,0,0
1790616468.632973,-1,-5,-1,-8,29375,26823,25557,736,71946,71947,71943,71944,0,0,0,0
1790616468.6731808,-1,-3,-4,1,29371,26821,25555,732,71976,71977,71973,71974,0,0,0,0
1790616468.753799,3,-2,2,-3,29381,26837,25578,749,72006,72007,72003,72004,0,0,0,0
1790616468.796322,0,1,-2,3,29376,26841,25577,739,72066,72067,72063,72064,0,0,0,0
1790616468.854892,-2,-2,1,-2,29370,26844,25579,731,72096,72097,72093,72094,0,0,0,0
1790616468.913119,-9,3,-4,0,29366,26850,25588,728,72126,72127,72123,72124,0,0,0,0
1790616468.953703,0,-1,6,3,29393,26874,25617,760,72156,72157,72153,72154,0,0,0,0
1790616469.012983,-5,0,2,-1,29385,26871,25617,754,72186,72187,72183,72184,0,0,0,0
1790616469.056659,-3,-3,-4,2,29388,26869,25603,748,72216,72217,72213,72214,0,0,0,0
1790616469.1130939,1,1,2,-2,29390,26868,25609,757,72246,72247,72243,72244,0,0,0,0
1790616469.1734478,2,2,4,0,29392,26871,25611,758,72276,72277,72273,72274,0,0,0,0
1790616469.213974,2,0,-4,4,29391,26877,25618,753,72306,72307,72303,72304,0,0,0,0
1790616469.273149,-7,1,-1,2,29388,26879,25623,751,72336,72337,72333,72334,0,0,0,0
1790616469.313364,0,-3,-2,2,29385,26880,25625,748,72366,72367,72363,72364,0,0,0,0
1790616469.385161,-1,-3,2,1,29383,26881,25627,747,72396,72397,72393,72394,0,0,0,0
1790616469.4157681,-5,-2,-4,2,29379,26876,25614,736,72426,72427,72423,72424,0,0,0,0
1790616469.473109,-2,4,0,3,29378,26873,25620,747,72456,72457,72453,72454,0,0,0,0
1790616469.515733,-2,0,-2,-3,29400,26888,25632,760,72486,72487,72483,72484,0,0,0,0
1790616469.5734882,2,0,-2,1,29402,26905,25646,759,72516,72517,72513,72514,0,0,0,0
1790616469.6330152,1,-2,-9,0,29401,26910,25652,758,72546,72547,72543,72544,0,0,0,0
1790616469.673138,-4,0,-1,0,29395,26913,25653,751,72576,72577,72573,72574,0,0,0,0
1790616469.7330198,0,-6,6,-4,29391,26916,25656,747,72606,72607,72603,72604,0,0,0,0
1790616469.794197,-2,-3,-2,2,29387,26917,25658,746,72636,72637,72633,72634,0,0,0,0
1790616469.833209,1,-2,-1,-5,29386,26914,25656,743,72666,72667,72663,72664,0,0,0,0
1790616469.8929899,0,-2,1,3,29386,26913,25655,743,72696,72697,72693,72694,0,0,0,0
1790616469.953208,4,2,2,-5,29389,26924,25672,748,72726,72727,72723,72724,0,0,0,0
1790616469.995712,2,-2,-4,-1,29385,26924,25681,763,72756,72757,72753,72754,0,0,0,0
1790616470.053898,-6,0,0,-4,29391,26932,25684,765,72786,72787,72783,72784,0,0,0,0
1790616470.093088,1,-6,3,3,29389,26948,25700,760,72846,72847,72843,72844,0,0,0,0
1790616470.155104,-5,-3,-2,1,29383,26949,25703,755,72876,72877,72873,72874,0,0,0,0
1790616470.193303,-4,0,0,-6,29379,26950,25705,751,72906,72907,72903,72904,0,0,0,0
1790616470.253334,-5,0,-2,1,29376,26953,25706,747,72936,72937,72933,72934,0,0,0,0
1790616470.314388,-2,0,0,1,29374,26956,25710,745,72966,72967,72963,72964,0,0,0,0
1790616470.3553731,1,2,-3,-3,29371,26959,25712,743,72996,72997,72993,72994,0,0,0,0
1790616470.414804,-1,-1,-1,-3,29370,26962,25712,741,73026,73027,73023,73024,0,0,0,0
1790616470.473042,-1,2,5,2,29370,26967,25715,738,73056,73057,73053,73054,0,0,0,0
1790616470.515689,1,2,2,1,29372,26971,25719,739,73086,73087,73083,73084,0,0,0,0
1790616470.5729868,1,7,1,1,29369,26979,25723,740,73116,73117,73113,73114,0,0,0,0
1790616470.616616,-4,0,-4,3,29377,26981,25717,738,73146,73147,73143,73144,0,0,0,0
1790616470.672983,-6,4,-2,-1,29384,26988,25760,776,73176,73177,73173,73174,0,0,0,0
1790616470.7153652,-3,2,-4,-2,29376,27001,25767,764,73206,73207,73203,73204,0,0,0,0
1790616470.773088,2,-2,1,0,29367,27016,25780,755,73236,73237,73233,73234,0,0,0,0
1790616470.833122,-3,1,-1,0,29362,27025,25786,749,73266,73267,73263,73264,0,0,0,0
1790616470.8733969,2,0,-3,-1,29361,27031,25790,749,73296,73297,73293,73294,0,0,0,0
1790616470.933038,-3,-3,-2,3,29363,27033,25791,750,73326,73327,73323,73324,0,0,0,0
1790616470.99441,1,-2,-2,-1,29369,27039,25793,754,73356,73357,73353,73354,0,0,0,0
1790616471.053812,-1,-1,-1,-5,29367,27045,25796,752,73386,73387,73383,73384,0,0,0,0
1790616471.094112,1,-1,-1,0,29369,27050,25801,752,73416,73417,73413,73414,0,0,0,0
1790616471.153204,2,0,3,2,29370,27043,25800,758,73446,73447,73443,73444,0,0,0,0
1790616471.196199,0,0,3,2,29380,27061,25809,761,73506,73507,73503,73504,0,0,0,0
1790616471.253199,-1,3,-1,-3,29379,27068,25816,757,73536,73537,73533,73534,0,0,0,0
1790616471.313958,-5,4,0,3,29378,27076,25820,755,73566,73567,73563,73564,0,0,0,0
1790616471.353178,2,-1,-7,-4,29376,27085,25826,750,73596,73597,73593,73594,0,0,0,0
1790616471.413204,-4,-6,-1,-3,29372,27094,25835,745,73626,73627,73623,73624,0,0,0,0
1790616471.453087,-2,-6,-3,-1,29369,27101,25840,742,73656,73657,73653,73654,0,0,0,0
1790616471.5133061,-2,-2,-1,1,29369,27107,25843,740,73686,73687,73683,73684,0,0,0,0
1790616471.5531268,0,2,0,-5,29387,27141,25870,754,73716,73717,73713,73714,0,0,0,0
1790616471.6130712,0,1,-5,-3,29390,27170,25902,774,73746,73747,73743,73744,0,0,0,0
1790616471.653343,-2,-5,-2,-3,29373,27213,25925,747,73776,73777,73773,73774,0,0,0,0
1790616471.714748,-3,0,1,1,29354,27268,25965,719,73806,73807,73803,73804,0,0,0,0
1790616471.772974,-5,-1,-1,0,29330,27320,26004,694,73836,73837,73833,73834,0,0,0,0
1790616471.8133628,-2,0,-4,-4,29312,27368,26039,670,73866,73867,73863,73864,0,0,0,0
1790616471.872928,-2,1,8,-7,29298,27399,26068,654,73896,73897,73893,73894,0,0,0,0
1790616471.91798,-6,3,-1,0,29292,27415,26085,650,73926,73927,73923,73924,0,0,0,0
1790616471.9732668,-3,5,-8,0,29294,27425,26094,652,73956,73957,73953,73954,0,0,0,0
1790616472.033132,-3,-3,-1,-1,29295,27431,26099,652,73986,73987,73983,73984,0,0,0,0
1790616472.073361,1,-4,-4,-2,29297,27435,26100,654,74016,74017,74013,74014,0,0,0,0
1790616472.1330729,-4,-1,-1,-4,29313,27408,26082,667,74046,74047,74043,74044,0,0,0,0
1790616472.173355,-3,-2,-5,-5,29356,27415,26086,713,74076,74077,74073,74074,0,0,0,0
1790616472.233092,-4,2,1,-3,29358,27421,26092,722,74106,74107,74103,74104,0,0,0,0
1790616472.274247,-1,-2,3,-5,29358,27436,26102,717,74136,74137,74133,74134,0,0,0,0
1790616472.336617,-1,3,0,0,29351,27446,26110,709,74166,74167,74163,74164,0,0,0,0
1790616472.374176,-1,-4,-2,-2,29349,27449,26114,708,74196,74197,74193,74194,0,0,0,0
1790616472.434401,2,2,-2,-8,29353,27453,26114,709,74226,74227,74223,74224,0,0,0,0
1790616472.474286,-1,1,0,0,29355,27455,26113,710,74256,74257,74253,74254,0,0,0,0
1790616472.534417,2,4,-1,0,29358,27459,26113,711,74286,74287,74283,74284,0,0,0,0
1790616472.574365,-4,1,3,2,29357,27464,26115,711,74316,74317,74313,74314,0,0,0,0
1790616472.634421,0,1,0,0,29360,27469,26118,712,74346,74347,74343,74344,0,0,0,0
1790616472.675636,1,-2,4,-3,29361,27478,26122,711,74376,74377,74373,74374,0,0,0,0
1790616472.734399,3,-1,1,0,29359,27487,26128,710,74406,74407,74403,74404,0,0,0,0
1790616472.793966,-1,4,6,2,29367,27496,26139,720,74436,74437,74433,74434,0,0,0,0
1790616472.834667,-2,-5,-1,-5,29375,27556,26194,729,74466,74467,74463,74464,0,0,0,0
1790616472.893913,0,-2,-3,-6,29349,27575,26217,704,74496,74497,74493,74494,0,0,0,0
1790616472.9346051,-2,1,2,29,29340,27588,26228,694,74526,74527,74523,74524,0,0,0,0
1790616472.995321,-2,-1,-1,-2,29340,27595,26237,695,74556,74557,74553,74554,0,0,0,0
1790616473.034268,1,0,-3,-2,29349,27600,26241,704,74586,74587,74583,74584,0,0,0,0
1790616473.094361,-5,0,1,-3,29353,27600,26242,708,74616,74617,74613,74614,0,0,0,0
1790616473.134739,1,-3,2,2,29357,27602,26241,713,74646,74647,74643,74644,0,0,0,0
1790616473.194981,4,-4,1,-1,29354,27603,26244,707,74676,74677,74673,74674,0,0,0,0
1790616473.254534,-4,1,1,-4,29369,27625,26258,720,74736,74737,74733,74734,0,0,0,0
1790616473.3139699,1,1,-1,1,29361,27642,26280,721,74766,74767,74763,74764,0,0,0,0
1790616473.355184,-5,1,-7,2,29351,27660,26299,710,74796,74797,74793,74794,0,0,0,0
1790616473.4142132,0,6,-1,-8,29340,27684,26319,701,74826,74827,74823,74824,0,0,0,0
1790616473.475758,-3,1,3,-1,29330,27707,26343,694,74856,74857,74853,74854,0,0,0,0
1790616473.513931,-3,4,1,-3,29323,27729,26365,688,74886,74887,74883,74884,0,0,0,0
1790616473.575579,-4,-6,-3,1,29317,27749,26384,681,74916,74917,74913,74914,0,0,0,0
1790616473.617298,1,-3,-1,-4,29311,27766,26404,677,74946,74947,74943,74944,0,0,0,0
1790616473.676565,-1,-5,4,0,29306,27783,26424,677,74976,74977,74973,74974,0,0,0,0
1790616473.714318,-4,-3,0,-3,29307,27805,26449,684,75006,75007,75003,75004,0,0,0,0
1790616473.773988,1,0,3,-1,29298,27822,26472,680,75036,75037,75033,75034,0,0,0,0
1790616473.817955,-5,-1,1,-1,29289,27835,26489,675,75066,75067,75063,75064,0,0,0,0
1790616473.880002,-4,0,6,-1,29291,27852,26509,683,75096,75097,75093,75094,0,0,0,0
1790616473.9339578,-1,1,6,4,29286,27869,26533,689,75126,75127,75123,75124,0,0,0,0
1790616473.9753568,-3,2,-29,-1,29278,27894,26564,688,75156,75157,75153,75154,0,0,0,0
1790616474.034071,3,-1,3,1,29261,27919,26596,677,75186,75187,75183,75184,0,0,0,0
1790616474.075435,-3,-6,-1,-1,29240,27949,26635,664,75216,75217,75213,75214,0,0,0,0
1790616474.134303,-4,1,-1,0,29212,27982,26679,648,75246,75247,75243,75244,0,0,0,0
1790616474.175411,1,8,2,-1,29184,28017,26722,629,75276,75277,75273,75274,0,0,0,0
1790616474.234166,-2,7,1,-2,29153,28052,26759,600,75306,75307,75303,75304,0,0,0,0
1790616474.2763782,-1,1,4,0,29129,28078,26788,577,75336,75337,75333,75334,0,0,0,0
1790616474.334015,-2,-3,1,0,29120,28090,26804,571,75366,75367,75363,75364,0,0,0,0
1790616474.375734,4,0,-5,-1,29121,28091,26810,574,75396,75397,75393,75394,0,0,0,0
1790616474.433912,3,2,2,-1,29128,28089,26811,584,75426,75427,75423,75424,0,0,0,0
1790616474.4759989,-2,-1,0,0,29133,28088,26810,591,75456,75457,75453,75454,0,0,0,0
1790616474.533934,-9,-2,-1,-6,29137,28090,26811,595,75486,75487,75483,75484,0,0,0,0
1790616474.5939682,3,-1,-4,3,29139,28092,26813,599,75516,75517,75513,75514,0,0,0,0
1790616474.6340961,3,1,3,2,29138,28097,26819,599,75546,75547,75543,75544,0,0,0,0
1790616474.6939468,5,5,0,-1,29136,28102,26826,598,75576,75577,75573,75574,0,0,0,0
1790616474.734116,-2,0,-2,2,29134,28105,26828,597,75606,75607,75603,75604,0,0,0,0
1790616474.79398,-2,7,3,4,29137,28107,26828,600,75636,75637,75633,75634,0,0,0,0
1790616474.834079,2,4,1,3,29142,28105,26829,604,75666,75667,75663,75664,0,0,0,0
1790616474.894031,-2,-1,2,4,29146,28107,26829,611,75696,75697,75693,75694,0,0,0,0
1790616474.934316,3,5,-7,4,29148,28105,26830,614,75726,75727,75723,75724,0,0,0,0
1790616474.994845,-2,-3,4,0,29153,28110,26831,618,75756,75757,75753,75754,0,0,0,0
1790616475.053972,3,0,0,2,29155,28109,26831,621,75786,75787,75783,75784,0,0,0,0
1790616475.094145,0,-1,-2,7,29172,28109,26834,642,75816,75817,75813,75814,0,0,0,0
1790616475.154171,0,-5,-3,-4,29213,28093,26833,682,75846,75847,75843,75844,0,0,0,0
1790616475.194304,-5,2,3,-11,29210,28097,26841,691,75876,75877,75873,75874,0,0,0,0
1790616475.25391,-1,-3,-5,-4,29181,28129,26878,660,75936,75937,75933,75934,0,0,0,0
1790616475.2943292,-3,1,-5,3,29183,28136,26884,661,75966,75967,75963,75964,0,0,0,0
1790616475.3539908,0,5,2,-7,29191,28132,26875,668,75996,75997,75993,75994,0,0,0,0
1790616475.4142148,-3,4,-3,4,29197,28128,26876,675,76026,76027,76023,76024,0,0,0,0
1790616475.456108,-2,-1,-5,0,29203,28137,26881,677,76056,76057,76053,76054,0,0,0,0
1790616475.513927,3,2,5,-4,29201,28143,26887,676,76086,76087,76083,76084,0,0,0,0
1790616475.555537,-5,5,0,0,29198,28142,26892,675,76116,76117,76113,76114,0,0,0,0
1790616475.6138408,-2,1,2,2,29202,28146,26892,680,76146,76147,76143,76144,0,0,0,0
1790616475.6556082,-1,4,3,-1,29210,28145,26890,686,76176,76177,76173,76174,0,0,0,0
1790616475.715511,1,4,3,-3,29212,28148,26891,687,76206,76207,76203,76204,0,0,0,0
1790616475.775077,4,-1,-5,3,29209,28155,26895,684,76236,76237,76233,76234,0,0,0,0
1790616475.8340008,-1,1,-2,11,29208,28161,26901,682,76266,76267,76263,76264,0,0,0,0
1790616475.875437,2,2,0,1,29233,28156,26903,704,76296,76297,76293,76294,0,0,0,0
1790616475.934252,2,0,1,-3,29245,28149,26894,718,76326,76327,76323,76324,0,0,0,0
1790616475.993887,-5,-1,-1,1,29236,28153,26899,709,76356,76357,76353,76354,0,0,0,0
1790616476.0342,3,-2,-2,-6,29228,28164,26909,699,76386,76387,76383,76384,0,0,0,0
1790616476.093968,-5,-8,1,-2,29219,28167,26916,688,76416,76417,76413,76414,0,0,0,0
1790616476.134211,-1,-2,-6,-3,29197,28174,26920,664,76446,76447,76443,76444,0,0,0,0
1790616476.193943,-2,-3,-4,3,29208,28195,26955,682,76476,76477,76473,76474,0,0,0,0
1790616476.253939,0,-3,-1,2,29222,28195,26954,692,76506,76507,76503,76504,0,0,0,0
1790616476.294244,0,-5,0,1,29237,28177,26938,706,76566,76567,76563,76564,0,0,0,0
1790616476.354079,-2,-6,-5,2,29242,28174,26932,712,76596,76597,76593,76594,0,0,0,0
1790616476.414612,3,-1,3,-1,29258,28194,26943,717,76626,76627,76623,76624,0,0,0,0
1790616476.4542542,-4,-6,-3,-2,29270,28216,26966,727,76656,76657,76653,76654,0,0,0,0
1790616476.513849,-4,-3,1,-1,29264,28217,26969,719,76686,76687,76683,76684,0,0,0,0
1790616476.555607,-3,-6,3,-1,29262,28212,26968,719,76716,76717,76713,76714,0,0,0,0
1790616476.613976,2,-3,-1,3,29284,28225,26970,735,76746,76747,76743,76744,0,0,0,0
1790616476.675307,-2,-4,1,-3,29310,28219,26980,768,76776,76777,76773,76774,0,0,0,0
1790616476.7140548,0,-1,0,0,29321,28206,26960,776,76806,76807,76803,76804,0,0,0,0
1790616476.7765682,-3,-1,-1,2,29314,28210,26964,770,76836,76837,76833,76834,0,0,0,0
1790616476.814445,-3,2,5,-3,29302,28223,26976,760,76866,76867,76863,76864,0,0,0,0
1790616476.8744478,0,-6,-2,-1,29294,28231,26987,751,76896,76897,76893,76894,0,0,0,0
1790616476.934155,2,-3,3,-5,29287,28231,26987,739,76926,76927,76923,76924,0,0,0,0
1790616476.9751081,-7,1,2,-4,29302,28243,27007,762,76956,76957,76953,76954,0,0,0,0
1790616477.0341198,-3,-2,-2,-3,29304,28247,27006,763,76986,76987,76983,76984,0,0,0,0
1790616477.074389,0,-6,-3,0,29303,28249,27005,759,77016,77017,77013,77014,0,0,0,0
1790616477.1339881,-1,-4,-2,-4,29299,28247,27007,756,77046,77047,77043,77044,0,0,0,0
1790616477.17456,1,1,1,1,29301,28248,27007,759,77076,77077,77073,77074,0,0,0,0
1790616477.23398,2,-1,-4,-1,29322,28272,27016,768,77106,77107,77103,77104,0,0,0,0
1790616477.2943091,-3,-1,2,-3,29354,28306,27035,784,77136,77137,77133,77134,0,0,0,0
1790616477.334048,-1,1,-4,-5,29350,28308,27037,780,77166,77167,77163,77164,0,0,0,0
1790616477.3942158,-6,-5,-3,-2,29342,28301,27036,774,77196,77197,77193,77194,0,0,0,0
1790616477.457835,3,-1,-5,-3,29344,28302,27037,773,77226,77227,77223,77224,0,0,0,0
1790616477.494126,-3,2,4,0,29341,28300,27038,773,77256,77257,77253,77254,0,0,0,0
1790616477.5343602,-4,2,-2,1,29348,28318,27062,789,77286,77287,77283,77284,0,0,0,0
1790616477.5940459,0,6,0,3,29332,28349,27084,768,77346,77347,77343,77344,0,0,0,0
1790616477.6539361,2,2,8,-2,29324,28358,27093,761,77376,77377,77373,77374,0,0,0,0
1790616477.715661,1,-2,-1,-2,29319,28361,27100,756,77406,77407,77403,77404,0,0,0,0
1790616477.754055,0,0,-3,7,29318,28343,27081,752,77436,77437,77433,77434,0,0,0,0
1790616477.814214,3,-7,0,-5,29344,28341,27084,785,77466,77467,77463,77464,0,0,0,0
1790616477.854292,-1,2,-1,3,29348,28338,27082,787,77496,77497,77493,77494,0,0,0,0
1790616477.913855,-3,-1,-4,1,29340,28337,27081,783,77526,77527,77523,77524,0,0,0,0
1790616477.954419,0,1,-3,-4,29336,28338,27085,778,77556,77557,77553,77554,0,0,0,0
1790616478.014071,1,-2,-2,-2,29333,28342,27089,775,77586,77587,77583,77584,0,0,0,0
1790616478.05481,-1,1,1,-1,29330,28347,27092,770,77616,77617,77613,77614,0,0,0,0
1790616478.1143732,-3,2,1,3,29327,28349,27095,768,77646,77647,77643,77644,0,0,0,0
1790616478.174711,1,1,3,1,29325,28359,27100,765,77676,77677,77673,77674,0,0,0,0
1790616478.215571,-2,3,1,5,29327,28366,27105,772,77706,77707,77703,77704,0,0,0,0
1790616478.2762198,1,8,-3,1,29329,28388,27132,771,77736,77737,77733,77734,0,0,0,0
1790616478.315401,6,-1,4,3,29346,28425,27154,773,77766,77767,77763,77764,0,0,0,0
1790616478.374686,2,-1,3,5,29348,28429,27160,776,77796,77797,77793,77794,0,0,0,0
1790616478.414211,7,1,-2,0,29350,28431,27161,780,77826,77827,77823,77824,0,0,0,0
1790616478.474467,0,0,0,-1,29352,28432,27160,779,77856,77857,77853,77854,0,0,0,0
1790616478.53665,-10,-3,2,2,29385,28430,27153,805,77886,77887,77883,77884,0,0,0,0
1790616478.5752661,1,5,1,-5,29408,28431,27157,827,77916,77917,77913,77914,0,0,0,0
1790616478.634642,3,3,4,2,29404,28430,27158,830,77946,77947,77943,77944,0,0,0,0
1790616478.676936,0,0,0,1,29403,28441,27164,827,77976,77977,77973,77974,0,0,0,0
1790616478.7343512,-1,4,2,-3,29400,28444,27168,824,78006,78007,78003,78004,0,0,0,0
1790616478.7940748,4,3,2,1,29401,28446,27170,826,78036,78037,78033,78034,0,0,0,0
1790616478.835048,3,2,1,0,29405,28448,27171,829,78066,78067,78063,78064,0,0,0,0
1790616478.894133,1,-4,0,0,29410,28453,27170,832,78096,78097,78093,78094,0,0,0,0
1790616478.9357162,-2,2,0,-1,29413,28454,27171,833,78126,78127,78123,78124,0,0,0,0
1790616478.994051,0,-7,0,-4,29414,28452,27170,834,78156,78157,78153,78154,0,0,0,0
1790616479.05394,0,-5,-1,-3,29412,28446,27167,830,78186,78187,78183,78184,0,0,0,0
1790616479.094198,-2,-1,-2,0,29444,28433,27149,859,78246,78247,78243,78244,0,0,0,0
1790616479.153855,-2,0,3,-5,29475,28488,27188,876,78276,78277,78273,78274,0,0,0,0
1790616479.213846,1,-7,-2,-1,29468,28502,27199,868,78306,78307,78303,78304,0,0,0,0
1790616479.254157,-1,1,0,-5,29463,28506,27205,863,78336,78337,78333,78334,0,0,0,0
1790616479.314467,-6,2,5,-5,29461,28502,27204,862,78366,78367,78363,78364,0,0,0,0
1790616479.35408,-3,-5,-4,-1,29462,28498,27202,863,78396,78397,78393,78394,0,0,0,0
1790616479.4141839,-4,-1,-3,-4,29462,28495,27201,863,78426,78427,78423,78424,0,0,0,0
1790616479.4540548,-1,-6,-3,-5,29457,28492,27201,859,78456,78457,78453,78454,0,0,0,0
1790616479.514262,0,-5,1,1,29454,28492,27201,856,78486,78487,78483,78484,0,0,0,0
1790616479.554323,5,-3,3,-2,29449,28494,27204,853,78516,78517,78513,78514,0,0,0,0
1790616479.6140969,-2,2,-5,-4,29449,28499,27207,851,78546,78547,78543,78544,0,0,0,0
1790616479.654361,4,-2,-1,6,29448,28500,27209,850,78576,78577,78573,78574,0,0,0,0
1790616479.714206,-4,-2,2,2,29449,28508,27212,852,78606,78607,78603,78604,0,0,0,0
1790616479.775365,-1,1,6,3,29455,28511,27212,855,78636,78637,78633,78634,0,0,0,0
1790616479.814239,3,1,-2,0,29481,28513,27210,867,78666,78667,78663,78664,0,0,0,0
1790616479.875013,2,3,1,4,29556,28560,27214,902,78696,78697,78693,78694,0,0,0,0
1790616479.935662,3,2,-7,1,29594,28555,27195,930,78726,78727,78723,78724,0,0,0,0
1790616479.994035,-3,-1,-5,1,29606,28541,27181,941,78756,78757,78753,78754,0,0,0,0
1790616480.035556,1,4,-4,2,29607,28548,27181,943,78786,78787,78783,78784,0,0,0,0
1790616480.09407,-1,2,5,1,29601,28559,27190,936,78816,78817,78813,78814,0,0,0,0
1790616480.134933,3,-1,2,-2,29596,28569,27200,932,78846,78847,78843,78844,0,0,0,0
1790616480.1940138,0,-3,5,0,29597,28572,27204,929,78876,78877,78873,78874,0,0,0,0
1790616480.234914,-1,1,2,1,29606,28571,27204,936,78906,78907,78903,78904,0,0,0,0
1790616480.294045,3,4,6,1,29613,28568,27197,942,78966,78967,78963,78964,0,0,0,0
1790616480.3540428,3,4,6,1,29613,28568,27197,942,78966,78967,78963,78964,0,0,0,0
1790616480.394133,-3,3,1,3,29612,28569,27200,942,79026,79027,79023,79024,0,0,0,0
1790616480.453984,-3,-5,-8,-3,29614,28567,27198,942,79056,79057,79053,79054,0,0,0,0
1790616480.494244,1,-1,-5,-2,29614,28563,27197,943,79086,79087,79083,79084,0,0,0,0
1790616480.553972,-1,-1,5,-2,29615,28563,27196,943,79116,79117,79113,79114,0,0,0,0
1790616480.594264,-4,1,-1,-1,29617,28561,27192,943,79146,79147,79143,79144,0,0,0,0
1790616480.6547809,0,1,1,1,29620,28555,27189,947,79176,79177,79173,79174,0,0,0,0
1790616480.71385,0,1,2,-5,29627,28555,27186,950,79206,79207,79203,79204,0,0,0,0
1790616480.754056,0,1,0,3,29630,28561,27187,956,79236,79237,79233,79234,0,0,0,0
1790616480.816919,0,0,-1,-1,29649,28610,27219,959,79266,79267,79263,79264,0,0,0,0
1790616480.873996,2,-2,4,3,29651,28632,27241,960,79296,79297,79293,79294,0,0,0,0
1790616480.9343371,-5,-5,-1,3,29654,28627,27237,964,79326,79327,79323,79324,0,0,0,0
1790616480.975321,-3,-2,-5,1,29660,28617,27228,968,79356,79357,79353,79354,0,0,0,0
1790616481.03392,0,3,-3,-7,29663,28609,27222,972,79386,79387,79383,79384,0,0,0,0
1790616481.074265,3,0,2,3,29669,28606,27218,974,79416,79417,79413,79414,0,0,0,0
1790616481.1340082,-2,-8,0,-1,29671,28605,27217,976,79446,79447,79443,79444,0,0,0,0
1790616481.1940851,0,4,-5,-3,29677,28607,27215,978,79476,79477,79473,79474,0,0,0,0
1790616481.2345479,-1,2,2,0,29680,28609,27213,980,79506,79507,79503,79504,0,0,0,0
1790616481.29404,5,7,-3,2,29682,28619,27217,979,79566,79567,79563,79564,0,0,0,0
1790616481.353935,-40,5,-3,-1,29683,28624,27219,981,79596,79597,79593,79594,0,0,0,0
1790616481.394058,-8,3,0,1,29691,28630,27221,984,79626,79627,79623,79624,0,0,0,0
1790616481.453831,-2,4,0,7,29696,28631,27221,987,79656,79657,79653,79654,0,0,0,0
1790616481.514068,4,-1,-2,5,29706,28634,27221,991,79686,79687,79683,79684,0,0,0,0
1790616481.5543559,-2,-1,1,3,29709,28617,27204,996,79716,79717,79713,79714,0,0,0,0
1790616481.614027,3,0,1,1,29732,28627,27212,1017,79746,79747,79743,79744,0,0,0,0
1790616481.654132,6,6,-18,-1,29744,28622,27214,1038,79776,79777,79773,79774,0,0,0,0
1790616481.7140381,4,3,1,2,29769,28631,27214,1051,79806,79807,79803,79804,0,0,0,0
1790616481.75516,6,5,0,1,29821,28680,27230,1070,79836,79837,79833,79834,0,0,0,0
1790616481.8141801,-1,4,-4,-7,29846,28689,27229,1081,79866,79867,79863,79864,0,0,0,0
1790616481.873743,0,-3,3,3,29874,28677,27233,1120,79896,79897,79893,79894,0,0,0,0
1790616481.914291,3,-4,1,-2,29888,28675,27231,1137,79926,79927,79923,79924,0,0,0,0
1790616481.97505,-2,0,0,-4,29885,28691,27246,1130,79956,79957,79953,79954,0,0,0,0
1790616482.0342422,-1,-4,0,-2,29899,28695,27248,1139,79986,79987,79983,79984,0,0,0,0
1790616482.074388,2,-2,0,-2,29906,28683,27237,1149,80016,80017,80013,80014,0,0,0,0
1790616482.137347,-3,-3,1,4,29914,28672,27228,1157,80046,80047,80043,80044,0,0,0,0
1790616482.197427,-1,0,-1,-2,29919,28669,27224,1162,80076,80077,80073,80074,0,0,0,0
1790616482.253846,1,-2,0,3,29922,28669,27221,1163,80136,80137,80133,80134,0,0,0,0
1790616482.313836,-3,0,-1,-4,29937,28694,27236,1172,80166,80167,80163,80164,0,0,0,0
1790616482.353971,4,1,-1,-2,29924,28713,27254,1152,80196,80197,80193,80194,0,0,0,0
1790616482.4142342,-2,4,3,2,29926,28711,27252,1154,80226,80227,80223,80224,0,0,0,0
1790616482.4543319,1,4,1,4,29940,28700,27240,1169,80256,80257,80253,80254,0,0,0,0
1790616482.513929,6,0,-1,-4,29952,28690,27228,1179,80286,80287,80283,80284,0,0,0,0
1790616482.576606,2,4,-2,2,29958,28666,27209,1194,80316,80317,80313,80314,0,0,0,0
1790616482.614248,4,1,2,12,29980,28667,27206,1211,80346,80347,80343,80344,0,0,0,0
1790616482.674057,3,2,2,5,29990,28672,27207,1219,80376,80377,80373,80374,0,0,0,0
1790616482.736769,2,1,3,-1,29987,28681,27213,1217,80406,80407,80403,80404,0,0,0,0
1790616482.7957592,-3,2,0,-1,29985,28690,27221,1212,80436,80437,80433,80434,0,0,0,0
1790616482.854197,-2,-4,0,0,29990,28696,27228,1215,80496,80497,80493,80494,0,0,0,0
1790616482.9139159,-2,-1,7,-1,29994,28694,27226,1219,80526,80527,80523,80524,0,0,0,0
1790616482.954329,-2,-2,-1,1,29995,28694,27226,1219,80556,80557,80553,80554,0,0,0,0
1790616483.013929,-1,2,2,-2,29997,28692,27226,1220,80586,80587,80583,80584,0,0,0,0
1790616483.0740008,-3,-3,-6,-2,29996,28693,27225,1219,80616,80617,80613,80614,0,0,0,0
1790616483.1141162,2,6,-8,-2,29994,28694,27228,1216,80646,80647,80643,80644,0,0,0,0
1790616483.1738188,-6,-1,2,4,29994,28693,27228,1215,80676,80677,80673,80674,0,0,0,0
1790616483.2141418,-1,-3,-4,1,29992,28691,27227,1215,80706,80707,80703,80704,0,0,0,0
1790616483.275479,-2,-4,3,-3,29994,28690,27226,1216,80736,80737,80733,80734,0,0,0,0
1790616483.333716,4,-2,-2,1,29999,28691,27223,1220,80766,80767,80763,80764,0,0,0,0
1790616483.37406,-2,0,-3,-4,30003,28693,27224,1222,80796,80797,80793,80794,0,0,0,0
1790616483.436405,2,0,1,0,30004,28696,27225,1222,80826,80827,80823,80824,0,0,0,0
1790616483.47408,-2,4,-4,6,30011,28701,27228,1226,80856,80857,80853,80854,0,0,0,0
1790616483.535984,-1,4,0,1,30017,28701,27225,1230,80886,80887,80883,80884,0,0,0,0
1790616483.594571,1,1,0,-3,30019,28702,27225,1229,80916,80917,80913,80914,0,0,0,0
1790616483.634947,2,1,4,-2,30045,28689,27229,1277,80946,80947,80943,80944,0,0,0,0
1790616483.694936,6,-6,-4,5,30058,28683,27225,1288,80976,80977,80973,80974,0,0,0,0
1790616483.7539241,1,1,2,-1,30076,28682,27217,1307,81036,81037,81033,81034,0,0,0,0
1790616483.815444,1,1,0,-4,30080,28685,27215,1308,81066,81067,81063,81064,0,0,0,0
1790616483.854163,-2,5,1,-1,30080,28687,27217,1308,81096,81097,81093,81094,0,0,0,0
1790616483.914386,-5,-2,-2,-2,30085,28694,27220,1309,81126,81127,81123,81124,0,0,0,0
1790616483.954072,0,2,-2,-3,30101,28723,27236,1321,81156,81157,81153,81154,0,0,0,0
1790616484.0140018,-4,4,1,2,30104,28759,27261,1315,81186,81187,81183,81184,0,0,0,0
1790616484.073936,0,3,1,2,30108,28762,27265,1319,81216,81217,81213,81214,0,0,0,0
1790616484.114154,3,5,-5,0,30116,28757,27259,1328,81246,81247,81243,81244,0,0,0,0
1790616484.1737401,-4,1,1,-2,30125,28753,27256,1338,81276,81277,81273,81274,0,0,0,0
1790616484.214236,4,-1,-2,2,30133,28753,27250,1344,81306,81307,81303,81304,0,0,0,0
1790616484.2741592,4,-2,3,2,30137,28752,27249,1348,81336,81337,81333,81334,0,0,0,0
1790616484.334089,0,0,3,2,30147,28757,27248,1357,81366,81367,81363,81364,0,0,0,0
1790616484.3739882,0,5,-2,-1,30152,28788,27275,1353,81396,81397,81393,81394,0,0,0,0
1790616484.4374862,3,1,1,4,30189,28828,27295,1368,81426,81427,81423,81424,0,0,0,0
1790616484.495577,2,3,-3,1,30222,28798,27255,1411,81486,81487,81483,81484,0,0,0,0
1790616484.553813,2,3,-3,1,30222,28798,27255,1411,81486,81487,81483,81484,0,0,0,0
1790616484.597075,2,4,3,5,30255,28765,27213,1455,81546,81547,81543,81544,0,0,0,0
1790616484.653769,5,1,-1,2,30272,28769,27214,1478,81576,81577,81573,81574,0,0,0,0
1790616484.7139468,10,2,-1,-1,30290,28796,27226,1488,81606,81607,81603,81604,0,0,0,0
1790616484.754248,0,-2,3,1,30315,28819,27258,1520,81636,81637,81633,81634,0,0,0,0
1790616484.814067,0,5,-4,0,30362,28835,27279,1588,81666,81667,81663,81664,0,0,0,0
1790616484.874181,-6,-4,-2,-3,30373,28794,27282,1646,81696,81697,81693,81694,0,0,0,0
1790616484.914199,1,4,0,0,30421,28793,27266,1693,81726,81727,81723,81724,0,0,0,0
1790616484.9739132,3,4,-5,-1,30444,28785,27250,1719,81756,81757,81753,81754,0,0,0,0
1790616485.014267,1,-4,3,1,30468,28791,27259,1753,81786,81787,81783,81784,0,0,0,0
1790616485.0741272,2,-4,2,-1,30474,28771,27241,1767,81816,81817,81813,81814,0,0,0,0
1790616485.133706,-5,0,-2,2,30486,28749,27220,1784,81846,81847,81843,81844,0,0,0,0
1790616485.173974,-1,-3,2,-4,30476,28722,27195,1782,81876,81877,81873,81874,0,0,0,0
1790616485.233959,5,-1,0,2,30507,28745,27208,1801,81906,81907,81903,81904,0,0,0,0
1790616485.294035,-9,-5,5,-1,30516,28728,27195,1818,81936,81937,81933,81934,0,0,0,0
1790616485.333791,0,-4,3,-3,30537,28713,27176,1839,81966,81967,81963,81964,0,0,0,0
1790616485.394043,-3,-1,3,-1,30556,28694,27155,1860,81996,81997,81993,81994,0,0,0,0
1790616485.455005,2,-2,-4,-4,30574,28675,27137,1881,82026,82027,82023,82024,0,0,0,0
1790616485.494785,-1,3,4,0,30615,28638,27102,1924,82086,82087,82083,82084,0,0,0,0
1790616485.553907,-2,0,-3,1,30637,28620,27085,1945,82116,82117,82113,82114,0,0,0,0
1790616485.613845,5,-1,-3,0,30659,28601,27067,1969,82146,82147,82143,82144,0,0,0,0
1790616485.6542609,1,-6,-2,2,30712,28592,27046,2004,82176,82177,82173,82174,0,0,0,0
1790616485.713835,2,-4,-5,7,30754,28560,27019,2042,82206,82207,82203,82204,0,0,0,0
1790616485.77488,-2,-2,0,-2,30780,28541,26998,2065,82236,82237,82233,82234,0,0,0,0
1790616485.809935,0,-5,-1,-1,30794,28535,26993,2079,82266,82267,82263,82264,0,0,0,0
1790616485.8741891,1,0,4,3,30805,28529,26988,2092,82296,82297,82293,82294,0,0,0,0
1790616485.915312,-4,4,5,-9,30781,28530,26986,2078,82326,82327,82323,82324,0,0,0,0
1790616485.973886,5,4,2,3,30772,28556,27026,2082,82356,82357,82353,82354,0,0,0,0
1790616486.034209,3,-3,-1,2,30784,28549,27025,2090,82386,82387,82383,82384,0,0,0,0
1790616486.074195,3,1,1,0,30807,28531,27009,2108,82416,82417,82413,82414,0,0,0,0
1790616486.133879,-1,1,1,-4,30835,28515,26992,2127,82446,82447,82443,82444,0,0,0,0
1790616486.1742148,0,-5,-3,2,30852,28502,26980,2140,82476,82477,82473,82474,0,0,0,0
1790616486.2342432,-34,-27,-24,-37,30284,27899,26664,1686,82506,82507,82503,82504,0,0,0,0
1790616486.294482,-65,-34,-33,-31,29359,26946,25729,767,82536,82537,82533,82534,0,0,0,0
1790616486.354144,-29,-30,-33,-29,28584,26219,24794,32684,82566,82567,82563,82564,0,0,0,0
1790616486.394936,-31,-30,-45,-33,26921,24372,22980,30880,82626,82627,82623,82624,0,0,0,0
1790616486.453842,-35,-42,-33,-44,25913,23352,21852,29826,82656,82657,82653,82654,0,0,0,0
1790616486.494404,-40,-35,-33,-37,24881,22307,20920,28851,82686,82687,82683,82684,0,0,0,0
1790616486.553973,-33,-64,-41,-42,23829,21379,19918,27803,82716,82717,82713,82714,0,0,0,0
1790616486.61402,-50,-45,-36,-29,22792,20269,18960,26735,82746,82747,82743,82744,0,0,0,0
1790616486.6739829,-39,-43,-39,-33,21742,19224,17904,25818,82776,82777,82773,82774,0,0,0,0
1790616486.714232,-43,-46,-46,-45,20734,18152,16837,24652,82806,82807,82803,82804,0,0,0,0
1790616486.773777,-36,-42,-40,-36,19656,17004,15743,23663,82836,82837,82833,82834,0,0,0,0
1790616486.833745,-30,-46,-40,-45,18626,15975,14627,22580,82866,82867,82863,82864,0,0,0,0
1790616486.874051,-35,-28,-48,-46,17515,14981,13536,21466,82896,82897,82893,82894,0,0,0,0
1790616486.934161,-40,-27,-44,-47,16530,13923,12400,20428,82926,82927,82923,82924,0,0,0,0
1790616486.973984,-41,-32,-44,-44,15516,12841,11250,19255,82956,82957,82953,82954,0,0,0,0
1790616487.033837,-49,-39,-33,-42,14416,11679,10169,18176,82986,82987,82983,82984,0,0,0,0
1790616487.074186,-51,-32,-35,-41,13308,10624,9077,17106,83016,83017,83013,83014,0,0,0,0
1790616487.134204,-40,-41,-37,-39,12174,9525,8040,15990,83046,83047,83043,83044,0,0,0,0
1790616487.1754282,-48,-40,-43,-32,11014,8393,6986,15009,83076,83077,83073,83074,0,0,0,0
1790616487.233959,-50,-37,-37,-37,9895,7311,5899,13947,83106,83107,83103,83104,0,0,0,0
1790616487.295105,-42,-38,-44,-34,8826,6252,4884,12801,83136,83137,83133,83134,0,0,0,0
1790616487.334189,-30,-39,-39,-43,7814,5224,3688,11847,83166,83167,83163,83164,0,0,0,0
1790616487.3939998,-25,-34,-35,-37,5881,3313,1760,9826,83226,83227,83223,83224,0,0,0,0
1790616487.455265,-35,-36,-28,-32,5053,2524,864,8955,83256,83257,83253,83254,0,0,0,0
1790616487.494001,-29,-32,-34,-26,4280,1782,32742,7968,83286,83287,83283,83284,0,0,0,0
1790616487.555263,-33,-34,-31,-24,3470,878,31918,7286,83316,83317,83313,83314,0,0,0,0
1790616487.613736,-25,-26,-18,-24,2778,153,31302,6720,83346,83347,83343,83344,0,0,0,0
1790616487.673942,-21,-24,-29,-27,2142,32358,30658,5991,83376,83377,83373,83374,0,0,0,0
1790616487.714232,-23,-20,-19,-12,1520,31686,30092,5380,83406,83407,83403,83404,0,0,0,0
1790616487.773885,-18,-20,-25,-17,1049,31193,29590,4962,83436,83437,83433,83434,0,0,0,0
1790616487.833791,-19,-11,-14,-15,504,30707,29135,4528,83466,83467,83463,83464,0,0,0,0
1790616487.895466,-12,-15,-11,-10,81,30340,28807,4165,83496,83497,83493,83494,0,0,0,0
1790616487.9341161,-12,-20,-11,-17,32541,29990,28446,3752,83526,83527,83523,83524,0,0,0,0
1790616487.993526,-8,-16,-14,-14,32219,29618,28054,3399,83556,83557,83553,83554,0,0,0,0
1790616488.034029,-13,-6,-20,-5,31956,29307,27683,3102,83586,83587,83583,83584,0,0,0,0
1790616488.094413,-7,-6,-12,-13,31776,29117,27390,2849,83616,83617,83613,83614,0,0,0,0
1790616488.155492,-12,-8,-14,-12,31574,28919,27116,2572,83646,83647,83643,83644,0,0,0,0
1790616488.194417,-11,-15,-11,-7,31345,28672,26880,2334,83676,83677,83673,83674,0,0,0,0
1790616488.2541041,-10,-6,-7,-10,30769,28227,26620,1959,83736,83737,83733,83734,0,0,0,0
1790616488.313767,-8,-4,-6,-9,30475,28071,26509,1682,83766,83767,83763,83764,0,0,0,0
1790616488.3560991,-5,-3,-9,-11,30297,27958,26395,1429,83796,83797,83793,83794,0,0,0,0
1790616488.414013,-7,-12,-12,-11,30178,27804,26148,1167,83826,83827,83823,83824,0,0,0,0
1790616488.473724,-2,-6,1,-6,30165,27688,25824,981,83856,83857,83853,83854,0,0,0,0
1790616488.513943,0,-2,-12,-1,30154,27537,25510,822,83886,83887,83883,83884,0,0,0,0
1790616488.573778,5,-4,-5,-2,30205,27503,25371,790,83916,83917,83913,83914,0,0,0,0
1790616488.613922,-4,-5,-1,-2,30225,27478,25341,815,83946,83947,83943,83944,0,0,0,0
1790616488.673718,-4,-1,-5,-5,30232,27465,25327,824,83976,83977,83973,83974,0,0,0,0
1790616488.713839,1,0,-5,-2,30237,27463,25324,829,84006,84007,84003,84004,0,0,0,0
1790616488.773737,-1,-4,-5,-6,30237,27463,25327,831,84036,84037,84033,84034,0,0,0,0
1790616488.8141901,2,-3,-4,3,30238,27468,25327,831,84066,84067,84063,84064,0,0,0,0
1790616488.874162,1,1,-3,-2,30242,27472,25331,837,84096,84097,84093,84094,0,0,0,0
1790616488.933918,0,1,-3,-1,30250,27475,25333,844,84126,84127,84123,84124,0,0,0,0
1790616488.9740312,6,0,-1,1,30251,27460,25313,843,84156,84157,84153,84154,0,0,0,0
1790616489.033819,1,1,0,3,30257,27451,25304,850,84186,84187,84183,84184,0,0,0,0
1790616489.074046,-3,-5,4,6,30263,27445,25299,856,84216,84217,84213,84214,0,0,0,0
1790616489.1351008,-1,0,-1,-1,30265,27439,25294,860,84246,84247,84243,84244,0,0,0,0
1790616489.174012,3,1,-1,-5,30266,27441,25293,861,84276,84277,84273,84274,0,0,0,0
1790616489.233909,-3,-3,3,-2,30265,27442,25296,860,84306,84307,84303,84304,0,0,0,0
1790616489.294303,0,-3,3,3,30262,27448,25299,857,84336,84337,84333,84334,0,0,0,0
1790616489.3543282,2,1,1,-4,30259,27448,25301,854,84366,84367,84363,84364,0,0,0,0
1790616489.3938859,3,2,-2,-3,30237,27451,25304,834,84396,84397,84393,84394,0,0,0,0
1790616489.454429,-3,-2,-2,3,30240,27479,25334,834,84456,84457,84453,84454,0,0,0,0
1790616489.4942038,1,0,6,0,30248,27467,25323,842,84486,84487,84483,84484,0,0,0,0
1790616489.554008,2,-5,4,0,30258,27458,25312,851,84516,84517,84513,84514,0,0,0,0
1790616489.6137412,3,-2,-6,3,30260,27452,25305,856,84546,84547,84543,84544,0,0,0,0
1790616489.6544871,0,2,2,5,30260,27451,25304,856,84576,84577,84573,84574,0,0,0,0
1790616489.713938,-5,1,0,4,30259,27454,25307,854,84606,84607,84603,84604,0,0,0,0
1790616489.758528,-2,9,-5,-2,30256,27455,25308,852,84636,84637,84633,84634,0,0,0,0
1790616489.813925,2,-7,-2,10,30256,27456,25311,852,84666,84667,84663,84664,0,0,0,0
1790616489.8739462,7,-1,-6,3,30274,27431,25293,855,84696,84697,84693,84694,0,0,0,0
1790616489.9141471,24,-25,-17,12,30537,27087,25051,1011,84726,84727,84723,84724,0,0,0,0
1790616489.973758,89,-61,-30,43,32157,26019,24289,1709,84756,84757,84753,84754,0,0,0,0
1790616490.0144472,76,-52,-66,65,1487,24335,23044,2970,84786,84787,84783,84784,0,0,0,0
1790616490.0739331,80,-76,-74,81,3467,22354,20998,4942,84816,84817,84813,84814,0,0,0,0
1790616490.1336598,71,-88,-85,85,5723,20312,18602,7252,84846,84847,84843,84844,0,0,0,0
1790616490.174002,71,-73,-71,80,7999,18329,16272,9555,84876,84877,84873,84874,0,0,0,0
1790616490.2337081,74,-57,-68,62,10047,16690,14138,11503,84906,84907,84903,84904,0,0,0,0
1790616490.273854,49,-51,-58,52,11700,15155,12523,13090,84936,84937,84933,84934,0,0,0,0
1790616490.333812,52,-33,-48,44,13023,13879,11062,14571,84966,84967,84963,84964,0,0,0,0
1790616490.394214,36,-35,-42,42,14227,12775,9981,15655,84996,84997,84993,84994,0,0,0,0
1790616490.4339352,52,-39,-50,49,15491,11680,8839,16823,85026,85027,85023,85024,0,0,0,0
1790616490.494563,57,-48,-57,55,16925,10465,7553,18106,85056,85057,85053,85054,0,0,0,0
1790616490.554642,55,-58,-65,54,18597,8959,5824,19611,85086,85087,85083,85084,0,0,0,0
1790616490.594146,64,-59,-72,62,22215,5485,2174,23187,85146,85147,85143,85144,0,0,0,0
1790616490.653766,65,-77,-69,83,24114,3741,261,25049,85176,85177,85173,85174,0,0,0,0
1790616490.694144,60,-46,-57,50,25859,2192,31209,26736,85206,85207,85203,85204,0,0,0,0
1790616490.753809,60,-61,-63,61,27513,626,29477,28232,85236,85237,85233,85234,0,0,0,0
1790616490.813758,54,-58,-50,56,28934,31987,28116,29688,85266,85267,85263,85264,0,0,0,0
1790616490.8549929,35,-43,-39,39,30270,30696,26722,31001,85296,85297,85293,85294,0,0,0,0
1790616490.913718,51,-58,-59,48,31742,29311,25389,32404,85326,85327,85323,85324,0,0,0,0
1790616490.9544792,71,-46,-53,51,479,27897,23769,1107,85356,85357,85353,85354,0,0,0,0
1790616491.013959,56,-60,-53,64,2214,26357,22063,2690,85386,85387,85383,85384,0,0,0,0
1790616491.0560782,66,-67,-72,58,3934,24655,20433,4386,85416,85417,85413,85414,0,0,0,0
1790616491.117502,77,-59,-57,64,5625,23034,18716,6010,85446,85447,85443,85444,0,0,0,0
1790616491.173971,63,-63,-63,54,7274,21408,16956,7678,85476,85477,85473,85474,0,0,0,0
1790616491.2337291,53,-53,-58,55,8976,19768,15293,9334,85506,85507,85503,85504,0,0,0,0
1790616491.274071,47,-57,-48,64,10487,18316,13753,10842,85536,85537,85533,85534,0,0,0,0
1790616491.334006,57,-57,-61,48,11972,16806,12233,12406,85566,85567,85563,85564,0,0,0,0
1790616491.374122,60,-54,-51,47,13568,15301,10674,13885,85596,85597,85593,85594,0,0,0,0
1790616491.434043,50,-46,-53,54,14964,13902,9226,15294,85626,85627,85623,85624,0,0,0,0
1790616491.493763,45,-39,-41,50,16408,12545,7856,16744,85656,85657,85653,85654,0,0,0,0
1790616491.533925,49,-47,-52,45,17644,11304,6500,18052,85686,85687,85683,85684,0,0,0,0
1790616491.593686,39,-36,-28,29,18786,10243,5453,19105,85716,85717,85713,85714,0,0,0,0
1790616491.653593,27,-26,-34,34,19712,9311,4493,20004,85746,85747,85743,85744,0,0,0,0
1790616491.694011,20,-17,-21,18,21103,7955,3103,21458,85806,85807,85803,85804,0,0,0,0
1790616491.753869,20,-24,-21,13,21683,7410,2550,22041,85836,85837,85833,85834,0,0,0,0
1790616491.794373,18,-17,-26,24,22207,6883,2001,22580,85866,85867,85863,85864,0,0,0,0
1790616491.854437,28,-23,-24,19,22790,6284,1423,23148,85896,85897,85893,85894,0,0,0,0
1790616491.915058,20,-16,-14,24,23376,5671,870,23705,85926,85927,85923,85924,0,0,0,0
1790616491.957324,23,-21,-19,20,23917,5105,294,24321,85956,85957,85953,85954,0,0,0,0
1790616492.015831,12,-11,-18,19,24430,4639,32563,24868,85986,85987,85983,85984,0,0,0,0
1790616492.0737998,19,-17,-18,20,24872,4201,32110,25432,86016,86017,86013,86014,0,0,0,0
1790616492.133858,8,-23,-14,14,25265,3715,31704,25808,86046,86047,86043,86044,0,0,0,0
1790616492.173836,10,-13,-14,14,25548,3349,31419,26173,86076,86077,86073,86074,0,0,0,0
1790616492.2337952,7,-13,-10,12,25823,3028,31199,26565,86106,86107,86103,86104,0,0,0,0
1790616492.27392,14,-15,-11,14,26148,2630,30923,26923,86136,86137,86133,86134,0,0,0,0
1790616492.3338501,17,-20,-17,18,26507,2172,30526,27402,86166,86167,86163,86164,0,0,0,0
1790616492.394164,14,-21,-20,19,26879,1608,30105,27898,86196,86197,86193,86194,0,0,0,0
1790616492.434141,11,-15,-18,20,27292,994,29623,28395,86226,86227,86223,86224,0,0,0,0
1790616492.4954681,15,-16,-15,13,27759,576,29216,28967,86256,86257,86253,86254,0,0,0,0
1790616492.534035,11,-15,-19,18,28114,72,28869,29406,86286,86287,86283,86284,0,0,0,0
1790616492.59425,-7,-8,-8,7,28740,32289,28310,30214,86346,86347,86343,86344,0,0,0,0
1790616492.654907,3,-5,-14,3,28887,32168,28170,30320,86376,86377,86373,86374,0,0,0,0
1790616492.716279,1,-1,-6,0,28940,32114,28123,30367,86406,86407,86403,86404,0,0,0,0
1790616492.754911,-1,1,-2,-4,28945,32103,28110,30373,86436,86437,86433,86434,0,0,0,0
1790616492.816871,1,0,4,-3,28925,32126,28127,30356,86466,86467,86463,86464,0,0,0,0
1790616492.8552608,-3,2,-2,3,28893,32167,28160,30328,86496,86497,86493,86494,0,0,0,0
1790616492.9162838,-8,4,-3,-1,28856,32213,28200,30295,86526,86527,86523,86524,0,0,0,0
1790616492.9738932,-1,3,3,-4,28815,32258,28240,30259,86556,86557,86553,86554,0,0,0,0
1790616493.01699,0,1,-1,-3,28775,32301,28277,30221,86586,86587,86583,86584,0,0,0,0
1790616493.0738099,-1,0,-2,2,28734,32340,28314,30188,86616,86617,86613,86614,0,0,0,0
1790616493.133745,1,2,-2,-2,28699,32374,28349,30157,86646,86647,86643,86644,0,0,0,0
1790616493.175095,2,6,-4,0,28671,32399,28376,30129,86676,86677,86673,86674,0,0,0,0
1790616493.233792,4,-2,-2,-3,28647,32416,28396,30109,86706,86707,86703,86704,0,0,0,0
1790616493.2754529,-1,-8,-6,1,28634,32432,28411,30096,86736,86737,86733,86734,0,0,0,0
1790616493.3337312,-2,2,1,-6,28624,32440,28421,30085,86766,86767,86763,86764,0,0,0,0
1790616493.374104,17,-7,-1,-1,28621,32443,28425,30082,86796,86797,86793,86794,0,0,0,0
1790616493.454131,1,6,1,-1,28617,32443,28422,30083,86856,86857,86853,86854,0,0,0,0
1790616493.4962938,-3,0,-4,3,28642,32449,28425,30096,86886,86887,86883,86884,0,0,0,0
1790616493.554867,-4,1,-7,3,28653,32452,28425,30104,86916,86917,86913,86914,0,0,0,0
1790616493.5944169,1,2,-3,1,28664,32456,28428,30107,86946,86947,86943,86944,0,0,0,0
1790616493.65483,-1,0,4,1,28666,32459,28429,30108,86976,86977,86973,86974,0,0,0,0
1790616493.6939719,-1,-3,-1,1,28664,32461,28430,30108,87006,87007,87003,87004,0,0,0,0
1790616493.7536068,-1,1,-23,1,28665,32461,28430,30108,87036,87037,87033,87034,0,0,0,0
1790616493.81517,1,2,0,3,28667,32458,28427,30109,87066,87067,87063,87064,0,0,0,0
1790616493.8739998,1,-2,-2,-3,28667,32456,28424,30110,87096,87097,87093,87094,0,0,0,0
1790616493.916158,-4,-2,4,3,28665,32456,28425,30109,87126,87127,87123,87124,0,0,0,0
1790616493.973956,2,0,-2,-2,28663,32458,28426,30107,87156,87157,87153,87154,0,0,0,0
1790616494.033876,0,3,0,0,28662,32458,28426,30107,87186,87187,87183,87184,0,0,0,0
1790616494.0741818,2,-3,0,0,28664,32456,28425,30108,87216,87217,87213,87214,0,0,0,0
1790616494.133857,1,-3,0,-2,28664,32457,28424,30108,87246,87247,87243,87244,0,0,0,0
1790616494.19365,2,-2,-3,2,28663,32458,28426,30108,87276,87277,87273,87274,0,0,0,0
1790616494.2340539,0,4,-1,1,28661,32462,28430,30105,87306,87307,87303,87304,0,0,0,0
1790616494.293644,0,0,-1,-1,28660,32463,28432,30103,87336,87337,87333,87334,0,0,0,0
1790616494.3339021,0,2,-2,4,28660,32464,28432,30104,87366,87367,87363,87364,0,0,0,0
1790616494.394559,1,-2,-2,2,28659,32464,28432,30104,87396,87397,87393,87394,0,0,0,0
1790616494.454771,1,5,1,3,28656,32468,28436,30101,87456,87457,87453,87454,0,0,0,0
1790616494.493734,3,-2,-1,2,28680,32472,28446,30124,87486,87487,87483,87484,0,0,0,0
1790616494.553951,0,-2,-4,-2,28697,32456,28427,30143,87516,87517,87513,87514,0,0,0,0
1790616494.615425,-4,5,2,-6,28694,32458,28427,30141,87546,87547,87543,87544,0,0,0,0
1790616494.673861,0,-3,-1,1,28682,32473,28443,30127,87576,87577,87573,87574,0,0,0,0
1790616494.714988,0,1,-1,0,28669,32485,28455,30116,87606,87607,87603,87604,0,0,0,0
1790616494.7737758,-1,3,0,-2,28660,32492,28462,30108,87636,87637,87633,87634,0,0,0,0
1790616494.833688,0,-2,-2,0,28662,32492,28463,30108,87666,87667,87663,87664,0,0,0,0
1790616494.8937721,1,-5,2,-1,28664,32491,28462,30109,87696,87697,87693,87694,0,0,0,0
1790616494.935275,-2,0,-5,-2,28665,32490,28461,30110,87726,87727,87723,87724,0,0,0,0
1790616494.993922,1,3,-4,2,28665,32486,28452,30103,87786,87787,87783,87784,0,0,0,0
1790616495.053611,-3,9,6,-2,28676,32492,28469,30126,87816,87817,87813,87814,0,0,0,0
1790616495.0939991,3,6,0,0,28684,32495,28475,30136,87846,87847,87843,87844,0,0,0,0
1790616495.154531,0,2,1,-1,28686,32495,28479,30142,87876,87877,87873,87874,0,0,0,0
1790616495.213622,4,-2,4,2,28691,32495,28476,30146,87906,87907,87903,87904,0,0,0,0
1790616495.253707,2,2,1,3,28693,32493,28475,30148,87936,87937,87933,87934,0,0,0,0
1790616495.3139222,1,3,10,-2,28693,32493,28474,30148,87966,87967,87963,87964,0,0,0,0
1790616495.373743,2,-4,0,2,28691,32495,28474,30147,87996,87997,87993,87994,0,0,0,0
1790616495.414101,0,1,0,3,28691,32497,28477,30147,88026,88027,88023,88024,0,0,0,0
1790616495.474484,1,0,-4,2,28693,32498,28479,30149,88056,88057,88053,88054,0,0,0,0
1790616495.513827,0,-3,3,4,28695,32497,28478,30149,88086,88087,88083,88084,0,0,0,0
1790616495.576861,2,1,-2,1,28696,32496,28477,30150,88116,88117,88113,88114,0,0,0,0
1790616495.614314,1,3,0,-1,28696,32494,28477,30151,88146,88147,88143,88144,0,0,0,0
1790616495.677106,4,6,5,5,28705,32497,28481,30160,88176,88177,88173,88174,0,0,0,0
1790616495.734133,5,-1,1,-4,28712,32507,28514,30186,88206,88207,88203,88204,0,0,0,0
1790616495.793557,-2,3,1,-2,28702,32514,28521,30178,88236,88237,88233,88234,0,0,0,0
1790616495.834076,1,6,1,3,28694,32521,28529,30168,88266,88267,88263,88264,0,0,0,0
1790616495.8941739,1,2,-2,-1,28688,32527,28535,30165,88296,88297,88293,88294,0,0,0,0
1790616495.934013,0,3,-8,1,28689,32530,28537,30165,88326,88327,88323,88324,0,0,0,0
1790616495.993962,-4,0,3,-2,28691,32532,28537,30166,88356,88357,88353,88354,0,0,0,0
1790616496.054086,-4,1,2,0,28694,32535,28538,30167,88416,88417,88413,88414,0,0,0,0
1790616496.1143522,-3,-1,1,4,28698,32536,28538,30168,88446,88447,88443,88444,0,0,0,0
1790616496.1759691,1,7,-4,1,28693,32529,28530,30162,88476,88477,88473,88474,0,0,0,0
1790616496.2141562,4,2,1,4,28722,32512,28511,30190,88506,88507,88503,88504,0,0,0,0
1790616496.275094,1,-1,0,-4,28741,32521,28519,30204,88536,88537,88533,88534,0,0,0,0
1790616496.333847,2,-2,-1,5,28747,32530,28528,30208,88566,88567,88563,88564,0,0,0,0
1790616496.393875,1,-1,1,-1,28744,32539,28539,30207,88596,88597,88593,88594,0,0,0,0
1790616496.4338791,-6,2,-3,-3,28737,32547,28548,30201,88626,88627,88623,88624,0,0,0,0
1790616496.4938161,2,-1,-3,-5,28733,32554,28554,30197,88656,88657,88653,88654,0,0,0,0
1790616496.5342321,0,3,1,3,28734,32554,28556,30197,88686,88687,88683,88684,0,0,0,0
1790616496.594042,1,2,-2,0,28741,32552,28553,30201,88716,88717,88713,88714,0,0,0,0
1790616496.6538482,-1,-1,-3,3,28752,32553,28549,30211,88776,88777,88773,88774,0,0,0,0
1790616496.6941068,2,-3,1,2,28756,32552,28549,30213,88806,88807,88803,88804,0,0,0,0
1790616496.753601,2,-3,-2,-2,28769,32538,28532,30220,88836,88837,88833,88834,0,0,0,0
1790616496.814255,5,-2,-1,1,28795,32534,28524,30242,88866,88867,88863,88864,0,0,0,0
1790616496.8538141,-1,-2,-2,-2,28793,32540,28529,30239,88896,88897,88893,88894,0,0,0,0
1790616496.91485,3,-1,2,-1,28784,32554,28541,30229,88926,88927,88923,88924,0,0,0,0
1790616496.9759429,-1,-2,0,3,28773,32567,28556,30218,88956,88957,88953,88954,0,0,0,0
1790616497.0338838,8,5,5,-2,28771,32580,28566,30214,88986,88987,88983,88984,0,0,0,0
1790616497.0936399,1,-1,1,-3,28772,32586,28573,30212,89016,89017,89013,89014,0,0,0,0
1790616497.13396,1,5,1,2,28778,32591,28579,30215,89046,89047,89043,89044,0,0,0,0
1790616497.193753,2,3,-2,-1,28784,32591,28580,30221,89076,89077,89073,89074,0,0,0,0
1790616497.234136,-2,1,-1,-3,28792,32594,28582,30224,89106,89107,89103,89104,0,0,0,0
1790616497.293947,2,-2,2,1,28798,32605,28590,30230,89166,89167,89163,89164,0,0,0,0
1790616497.3536892,-1,0,-2,-2,28799,32614,28598,30229,89196,89197,89193,89194,0,0,0,0
1790616497.394135,5,2,1,-1,28798,32624,28608,30225,89226,89227,89223,89224,0,0,0,0
1790616497.4537978,4,-2,-8,-1,28797,32632,28614,30224,89256,89257,89253,89254,0,0,0,0
1790616497.514703,-1,2,1,-2,28799,32638,28619,30223,89286,89287,89283,89284,0,0,0,0
1790616497.554139,1,-2,0,-4,28804,32642,28624,30224,89316,89317,89313,89314,0,0,0,0
1790616497.61482,2,2,6,2,28811,32643,28623,30229,89346,89347,89343,89344,0,0,0,0
1790616497.6540642,3,2,-1,1,28817,32648,28627,30230,89376,89377,89373,89374,0,0,0,0
1790616497.713583,-9,-1,-8,-1,28821,32650,28628,30233,89406,89407,89403,89404,0,0,0,0
1790616497.754036,-1,1,-5,0,28827,32653,28629,30236,89436,89437,89433,89434,0,0,0,0
1790616497.815414,4,-3,1,2,28831,32653,28631,30238,89466,89467,89463,89464,0,0,0,0
1790616497.878794,4,2,2,-14,28836,32655,28631,30242,89496,89497,89493,89494,0,0,0,0
1790616497.936461,3,-1,-1,0,28844,32656,28630,30248,89526,89527,89523,89524,0,0,0,0
1790616497.9939258,1,-2,3,-5,28854,32655,28628,30255,89556,89557,89553,89554,0,0,0,0
1790616498.053788,1,1,0,2,28863,32656,28628,30261,89586,89587,89583,89584,0,0,0,0
1790616498.094226,1,3,6,2,28878,32655,28627,30275,89646,89647,89643,89644,0,0,0,0
1790616498.1542242,1,0,4,3,28883,32655,28626,30280,89676,89677,89673,89674,0,0,0,0
1790616498.213563,1,2,1,2,28888,32657,28627,30283,89706,89707,89703,89704,0,0,0,0
1790616498.2540329,0,2,7,1,28912,32676,28633,30295,89736,89737,89733,89734,0,0,0,0
1790616498.3337688,3,5,-1,0,28911,32682,28635,30292,89766,89767,89763,89764,0,0,0,0
1790616498.3741262,1,0,-1,0,28912,32691,28649,30291,89796,89797,89793,89794,0,0,0,0
1790616498.433802,1,4,-1,-2,28907,32697,28656,30290,89826,89827,89823,89824,0,0,0,0
1790616498.4939609,0,2,-1,-2,28907,32700,28662,30287,89856,89857,89853,89854,0,0,0,0
1790616498.533887,3,0,-1,0,28901,32702,28663,30286,89886,89887,89883,89884,0,0,0,0
1790616498.594004,1,-5,2,-3,28903,32703,28664,30286,89916,89917,89913,89914,0,0,0,0
1790616498.65363,1,-6,1,1,28906,32704,28665,30289,89946,89947,89943,89944,0,0,0,0
1790616498.693841,5,1,-1,-1,28909,32701,28662,30292,89976,89977,89973,89974,0,0,0,0
1790616498.7535832,2,1,2,2,28913,32701,28662,30294,90036,90037,90033,90034,0,0,0,0
1790616498.813823,5,2,1,1,28915,32706,28666,30294,90066,90067,90063,90064,0,0,0,0
1790616498.854039,4,4,2,0,28926,32718,28678,30301,90096,90097,90093,90094,0,0,0,0
1790616498.915304,0,-3,1,6,28931,32720,28682,30307,90126,90127,90123,90124,0,0,0,0
1790616498.978766,2,1,1,-1,28934,32721,28681,30311,90156,90157,90153,90154,0,0,0,0
1790616499.014782,-24,14,3,-1,28938,32720,28680,30314,90186,90187,90183,90184,0,0,0,0
1790616499.0746958,0,1,0,4,28942,32719,28678,30316,90216,90217,90213,90214,0,0,0,0
1790616499.13363,7,0,6,16,28944,32718,28678,30318,90246,90247,90243,90244,0,0,0,0
1790616499.174251,5,5,2,-2,28945,32722,28679,30319,90276,90277,90273,90274,0,0,0,0
1790616499.233823,-2,5,-1,-1,28945,32724,28680,30319,90306,90307,90303,90304,0,0,0,0
1790616499.293934,1,-1,-2,-3,28943,32727,28687,30319,90336,90337,90333,90334,0,0,0,0
1790616499.353739,-2,2,1,-2,28923,32729,28688,30304,90366,90367,90363,90364,0,0,0,0
1790616499.393873,2,2,4,-6,28914,12,28742,30294,90426,90427,90423,90424,0,0,0,0
1790616499.453776,0,2,0,1,28912,17,28751,30296,90456,90457,90453,90454,0,0,0,0
1790616499.516185,4,-2,1,2,28918,16,28752,30299,90486,90487,90483,90484,0,0,0,0
1790616499.554065,3,2,0,3,28927,15,28748,30304,90516,90517,90513,90514,0,0,0,0
1790616499.616317,-1,0,-2,6,28931,12,28745,30308,90546,90547,90543,90544,0,0,0,0
1790616499.653871,1,-2,0,4,28938,11,28743,30313,90576,90577,90573,90574,0,0,0,0
1790616499.7136629,35,62,35,46,29313,564,29017,30646,90606,90607,90603,90604,0,0,0,0
1790616499.754036,42,44,36,46,30417,1759,30340,31977,90636,90637,90633,90634,0,0,0,0
1790616499.813997,36,27,25,27,31417,2571,31239,75,90666,90667,90663,90664,0,0,0,0
1790616499.873535,33,32,41,27,32379,3462,32145,988,90696,90697,90693,90694,0,0,0,0
1790616499.9338229,36,35,49,38,567,4559,405,1971,90726,90727,90723,90724,0,0,0,0
1790616499.977012,42,34,36,38,1682,5565,1401,2965,90756,90757,90753,90754,0,0,0,0
1790616500.033789,39,36,36,46,2630,6569,2428,3953,90786,90787,90783,90784,0,0,0,0
1790616500.074261,36,42,37,40,3807,7628,3472,4993,90816,90817,90813,90814,0,0,0,0
1790616500.138008,31,38,32,40,4779,8636,4572,6084,90846,90847,90843,90844,0,0,0,0
1790616500.193633,35,52,31,37,5813,9627,5712,7116,90876,90877,90873,90874,0,0,0,0
1790616500.234139,39,33,36,44,6918,10765,6816,8202,90906,90907,90903,90904,0,0,0,0
1790616500.2940722,39,34,35,34,9147,12900,8923,10343,90966,90967,90963,90964,0,0,0,0
1790616500.353621,32,27,36,35,10242,13943,10045,11456,90996,90997,90993,90994,0,0,0,0
1790616500.393929,37,33,50,32,11294,14973,11115,12509,91026,91027,91023,91024,0,0,0,0
1790616500.453693,44,35,46,35,12343,16018,12276,13664,91056,91057,91053,91054,0,0,0,0
1790616500.494974,43,37,47,34,13477,17120,13385,14816,91086,91087,91083,91084,0,0,0,0
1790616500.553849,40,42,41,39,14461,18266,14493,15794,91116,91117,91113,91114,0,0,0,0
1790616500.5941062,43,44,39,34,15610,19338,15594,16852,91146,91147,91143,91144,0,0,0,0
1790616500.653635,45,49,42,40,16723,20416,16664,17867,91176,91177,91173,91174,0,0,0,0
1790616500.693894,52,40,36,39,17925,21556,17685,18910,91206,91207,91203,91204,0,0,0,0
1790616500.7536159,41,39,37,42,19056,22671,18742,20022,91236,91237,91233,91234,0,0,0,0
1790616500.813646,43,35,38,42,20073,23669,19854,21121,91266,91267,91263,91264,0,0,0,0
1790616500.8738508,36,41,43,39,21198,24710,20991,22251,91296,91297,91293,91294,0,0,0,0
1790616500.935773,32,37,40,39,22199,25830,22121,23365,91326,91327,91323,91324,0,0,0,0
1790616500.9743822,35,32,33,36,23319,26825,23288,24445,91356,91357,91353,91354,0,0,0,0
1790616501.0340118,37,35,35,33,24362,27967,24320,25621,91386,91387,91383,91384,0,0,0,0
1790616501.093583,37,31,36,33,25495,29087,25526,26667,91416,91417,91413,91414,0,0,0,0
1790616501.1537988,45,31,33,37,26650,30195,26467,27729,91446,91447,91443,91444,0,0,0,0
1790616501.1946518,48,41,43,50,28790,32381,28641,29898,91506,91507,91503,91504,0,0,0,0
1790616501.254082,34,40,47,39,29853,695,29749,30940,91536,91537,91533,91534,0,0,0,0
1790616501.314431,44,46,38,47,30895,1875,30908,31987,91566,91567,91563,91564,0,0,0,0
1790616501.3539531,41,39,46,48,32064,2863,31951,343,91596,91597,91593,91594,0,0,0,0
1790616501.414622,41,43,42,45,343,3939,331,1467,91626,91627,91623,91624,0,0,0,0
1790616501.453919,52,41,40,41,1528,4971,1343,2542,91656,91657,91653,91654,0,0,0,0
1790616501.513786,35,37,43,42,2602,6075,2456,3651,91686,91687,91683,91684,0,0,0,0
1790616501.5741189,40,42,38,36,3727,7145,3512,4720,91716,91717,91713,91714,0,0,0,0
1790616501.613735,36,39,39,42,4798,8329,4682,5825,91746,91747,91743,91744,0,0,0,0
1790616501.6745589,33,33,30,32,5824,9362,5748,6890,91776,91777,91773,91774,0,0,0,0
1790616501.715198,41,33,37,31,6930,10531,6934,7987,91806,91807,91803,91804,0,0,0,0
1790616501.775993,26,34,29,34,7982,11560,8020,9153,91836,91837,91833,91834,0,0,0,0
1790616501.835872,38,41,43,38,9100,12693,9096,10183,91866,91867,91863,91864,0,0,0,0
1790616501.874568,37,26,37,38,10202,13787,10185,11327,91896,91897,91893,91894,0,0,0,0
1790616501.936502,41,38,35,41,11262,14816,11276,12389,91926,91927,91923,91924,0,0,0,0
1790616501.9937768,40,40,40,44,12363,15845,12448,13537,91956,91957,91953,91954,0,0,0,0
1790616502.0402591,44,39,49,42,13512,16920,13541,14700,91986,91987,91983,91984,0,0,0,0
1790616502.0943182,44,51,33,40,14481,18034,14619,15705,92016,92017,92013,92014,0,0,0,0
1790616502.153742,51,40,38,46,15611,19154,15666,16803,92046,92047,92043,92044,0,0,0,0
1790616502.193677,47,42,33,40,17785,21358,17748,18844,92106,92107,92103,92104,0,0,0,0
1790616502.253644,27,41,31,35,18825,22343,18716,19786,92136,92137,92133,92134,0,0,0,0
1790616502.3141131,24,30,28,33,19658,23251,19629,20770,92166,92167,92163,92164,0,0,0,0
1790616502.374201,32,31,34,35,20547,24051,20587,21681,92196,92197,92193,92194,0,0,0,0
1790616502.413755,21,23,31,28,21296,24802,21380,22537,92226,92227,92223,92224,0,0,0,0
1790616502.4754298,21,23,23,27,21908,25551,22091,23192,92256,92257,92253,92254,0,0,0,0
1790616502.5363169,26,19,24,25,22528,26171,22799,23832,92286,92287,92283,92284,0,0,0,0
1790616502.57537,13,18,18,19,23259,26726,23356,24388,92316,92317,92313,92314,0,0,0,0
1790616502.635638,23,26,14,21,23797,27280,23792,24910,92346,92347,92343,92344,0,0,0,0
1790616502.693595,15,12,17,14,24347,27880,24211,25469,92376,92377,92373,92374,0,0,0,0
1790616502.735552,16,17,18,13,24750,28342,24662,25843,92406,92407,92403,92404,0,0,0,0
1790616502.794658,-1,19,28,19,25129,28777,25182,26234,92436,92437,92433,92434,0,0,0,0
1790616502.854802,4,9,11,14,25463,29041,25659,26661,92466,92467,92463,92464,0,0,0,0
1790616502.895024,14,11,10,11,26050,29503,26329,27477,92526,92527,92523,92524,0,0,0,0
1790616502.9548411,14,8,5,5,26429,29775,26507,27766,92556,92557,92553,92554,0,0,0,0
1790616502.9951282,9,10,6,3,26691,30068,26660,27931,92586,92587,92583,92584,0,0,0,0
1790616503.05674,7,5,6,1,26873,30320,26867,27986,92616,92617,92613,92614,0,0,0,0
1790616503.114573,7,19,13,1,26985,30609,27082,27997,92646,92647,92643,92644,0,0,0,0
1790616503.15486,4,9,11,6,27208,30953,27400,28113,92676,92677,92673,92674,0,0,0,0
1790616503.215774,6,5,-2,11,27463,31176,27709,28361,92706,92707,92703,92704,0,0,0,0
1790616503.254824,9,0,5,12,27699,31261,27898,28706,92736,92737,92733,92734,0,0,0,0
1790616503.3150148,4,-3,3,13,27939,31269,28024,29077,92766,92767,92763,92764,0,0,0,0
1790616503.374569,7,-7,-2,3,28076,31170,28032,29329,92796,92797,92793,92794,0,0,0,0
1790616503.434415,4,0,6,7,28169,31088,27946,29431,92826,92827,92823,92824,0,0,0,0
1790616503.4746969,3,2,-1,3,28218,31039,27893,29494,92856,92857,92853,92854,0,0,0,0
1790616503.534536,1,-1,-5,0,28247,31016,27867,29528,92886,92887,92883,92884,0,0,0,0
1790616503.574783,-8,2,-6,0,28265,31003,27852,29547,92916,92917,92913,92914,0,0,0,0
1790616503.6351051,2,1,3,-1,28277,30997,27845,29556,92946,92947,92943,92944,0,0,0,0
1790616503.695519,-3,1,2,-1,28284,30995,27841,29565,92976,92977,92973,92974,0,0,0,0
1790616503.7386398,-6,2,6,1,28300,30975,27820,29579,93006,93007,93003,93004,0,0,0,0
1790616503.795112,7,4,-4,0,28336,30958,27796,29615,93036,93037,93033,93034,0,0,0,0
1790616503.8547719,0,0,-1,0,28354,30949,27785,29634,93066,93067,93063,93064,0,0,0,0
1790616503.895061,0,0,1,0,28375,30954,27787,29652,93126,93127,93123,93124,0,0,0,0
1790616503.954633,2,-1,-1,-1,28385,30961,27789,29656,93156,93157,93153,93154,0,0,0,0
1790616503.999897,-1,0,-2,4,28393,30964,27790,29662,93186,93187,93183,93184,0,0,0,0
1790616504.055422,-1,-4,4,-1,28402,30969,27793,29668,93216,93217,93213,93214,0,0,0,0
1790616504.09695,-1,-5,-2,0,28408,30972,27795,29671,93246,93247,93243,93244,0,0,0,0
1790616504.154596,2,-1,5,0,28415,30977,27799,29675,93276,93277,93273,93274,0,0,0,0
1790616504.214815,1,0,-1,0,28425,30981,27802,29682,93306,93307,93303,93304,0,0,0,0
1790616504.2554948,2,-2,-2,-2,28437,30982,27800,29691,93336,93337,93333,93334,0,0,0,0
1790616504.315018,-2,0,-5,2,28450,30981,27797,29702,93366,93367,93363,93364,0,0,0,0
1790616504.374667,0,-1,0,4,28465,30982,27795,29716,93396,93397,93393,93394,0,0,0,0
1790616504.414947,1,-3,-4,-4,28480,30981,27794,29727,93426,93427,93423,93424,0,0,0,0
1790616504.4755259,4,-4,1,0,28499,30979,27789,29742,93456,93457,93453,93454,0,0,0,0
1790616504.514994,6,0,3,1,28517,30971,27780,29761,93486,93487,93483,93484,0,0,0,0
1790616504.575063,2,0,7,-2,28547,30967,27770,29785,93516,93517,93513,93514,0,0,0,0
1790616504.637014,7,-3,-3,4,28632,30960,27764,29865,93546,93547,93543,93544,0,0,0,0
1790616504.696362,6,1,0,2,28696,30928,27713,29923,93576,93577,93573,93574,0,0,0,0
1790616504.736353,0,2,3,1,28741,30907,27690,29966,93606,93607,93603,93604,0,0,0,0
1790616504.797211,10,-3,14,1,28882,30876,27625,30034,93666,93667,93663,93664,0,0,0,0
1790616504.855783,65,-17,-33,16,29620,30638,27231,30281,93696,93697,93693,93694,0,0,0,0
1790616504.915574,115,-45,-65,35,32202,29854,26212,30924,93726,93727,93723,93724,0,0,0,0
1790616504.975531,62,-67,-55,61,1972,28527,23921,32374,93756,93757,93753,93754,0,0,0,0
1790616505.0361578,78,-51,-68,76,3929,26845,21969,1337,93786,93787,93783,93784,0,0,0,0
1790616505.097984,81,-69,-84,70,6067,25166,19789,3304,93816,93817,93813,93814,0,0,0,0
1790616505.137005,90,-46,-77,67,8347,23467,17397,5200,93846,93847,93843,93844,0,0,0,0
1790616505.198726,67,-34,-74,39,12698,21334,13008,8084,93906,93907,93903,93904,0,0,0,0
1790616505.255782,64,-43,-62,32,14570,20230,11144,9289,93936,93937,93933,93934,0,0,0,0
1790616505.315754,54,-33,-65,30,16326,19327,9421,10273,93966,93967,93963,93964,0,0,0,0
1790616505.35604,71,-37,-50,37,17996,18352,7857,11248,93996,93997,93993,93994,0,0,0,0
1790616505.4160728,49,-34,-61,42,19646,17237,6187,12321,94026,94027,94023,94024,0,0,0,0
1790616505.475617,65,-41,-72,53,21375,16013,4482,13557,94056,94057,94053,94054,0,0,0,0
1790616505.515678,54,-61,-70,43,23251,14543,2670,14963,94086,94087,94083,94084,0,0,0,0
1790616505.575592,77,-58,-69,58,25172,13055,694,16544,94116,94117,94113,94114,0,0,0,0
1790616505.615655,93,-49,-63,62,27139,11544,31431,18128,94146,94147,94143,94144,0,0,0,0
1790616505.675607,62,-50,-72,48,29135,10137,29469,19519,94176,94177,94173,94174,0,0,0,0
1790616505.736817,72,-46,-61,42,30951,8790,27694,20930,94206,94207,94203,94204,0,0,0,0
1790616505.775732,54,-57,-62,44,32685,7509,25936,22205,94236,94237,94233,94234,0,0,0,0
1790616505.836281,68,-48,-48,48,1611,6198,24228,23452,94266,94267,94263,94264,0,0,0,0
1790616505.896917,61,-48,-73,48,3227,4939,22595,24755,94296,94297,94293,94294,0,0,0,0
1790616505.956204,70,-45,-59,52,6541,2212,19313,27583,94356,94357,94353,94354,0,0,0,0
1790616505.99838,67,-50,-65,43,8252,713,17488,29032,94386,94387,94383,94384,0,0,0,0
1790616506.05598,72,-32,-80,44,10277,32304,15494,30348,94416,94417,94413,94414,0,0,0,0
1790616506.116448,90,-22,-92,31,12527,31442,13065,31363,94446,94447,94443,94444,0,0,0,0
1790616506.1765919,81,-35,-81,27,14810,30462,10819,32363,94476,94477,94473,94474,0,0,0,0
1790616506.2160451,74,-49,-77,44,16854,29340,8675,591,94506,94507,94503,94504,0,0,0,0
1790616506.275747,47,-47,-55,50,18587,28011,6942,2013,94536,94537,94533,94534,0,0,0,0
1790616506.335506,48,-55,-46,62,19975,26472,5559,3513,94566,94567,94563,94564,0,0,0,0
1790616506.376608,49,-69,-50,61,21322,24698,4238,5192,94596,94597,94593,94594,0,0,0,0
1790616506.4356139,51,-55,-46,53,22591,23253,3048,6823,94626,94627,94623,94624,0,0,0,0
1790616506.477259,38,-34,-45,42,23713,21903,1843,8106,94656,94657,94653,94654,0,0,0,0
1790616506.536146,45,-37,-33,31,24723,20881,784,9232,94686,94687,94683,94684,0,0,0,0
1790616506.596556,19,-20,-23,24,25569,19989,32709,10104,94716,94717,94713,94714,0,0,0,0
1790616506.636068,26,-19,-24,24,26213,19407,32069,10682,94746,94747,94743,94744,0,0,0,0
1790616506.697564,12,-16,-24,17,26768,18871,31520,11248,94776,94777,94773,94774,0,0,0,0
1790616506.7559931,14,-25,-23,22,27691,17962,30641,12145,94836,94837,94833,94834,0,0,0,0
1790616506.81553,20,-18,-21,15,28187,17393,30135,12649,94866,94867,94863,94864,0,0,0,0
1790616506.855811,20,-27,-26,27,28853,16836,29473,13269,94896,94897,94893,94894,0,0,0,0
1790616506.916075,20,-23,-18,20,29450,16210,28875,13947,94926,94927,94923,94924,0,0,0,0
1790616506.975764,25,-25,-20,28,30052,15625,28282,14585,94956,94957,94953,94954,0,0,0,0
1790616507.035578,17,-17,-17,18,30549,15101,27757,15101,94986,94987,94983,94984,0,0,0,0
1790616507.075826,12,-13,-21,13,31023,14702,27276,15517,95016,95017,95013,95014,0,0,0,0
1790616507.135502,6,-11,-12,10,31388,14355,26921,15872,95046,95047,95043,95044,0,0,0,0
1790616507.176084,12,-9,9,6,31634,14063,26679,16130,95076,95077,95073,95074,0,0,0,0
1790616507.2355142,9,-9,-7,11,31869,13824,26458,16359,95106,95107,95103,95104,0,0,0,0
1790616507.295517,17,-15,-10,12,32190,13504,26164,16661,95136,95137,95133,95134,0,0,0,0
1790616507.355499,9,-16,-23,18,32562,13062,25745,17092,95166,95167,95163,95164,0,0,0,0
1790616507.395961,7,-13,5,11,111,12729,25346,17441,95196,95197,95193,95194,0,0,0,0
1790616507.4556422,5,-2,-3,3,479,12405,24913,17786,95256,95257,95253,95254,0,0,0,0
1790616507.495954,-1,0,-1,5,539,12347,24843,17846,95286,95287,95283,95284,0,0,0,0
1790616507.555766,3,-2,-4,-1,548,12338,24828,17856,95316,95317,95313,95314,0,0,0,0
1790616507.615649,-3,-1,2,-2,522,12363,24853,17831,95346,95347,95343,95344,0,0,0,0
1790616507.659049,-5,-3,2,-5,486,12404,24897,17793,95376,95377,95373,95374,0,0,0,0
1790616507.715769,-1,-1,-2,-3,447,12440,24941,17757,95406,95407,95403,95404,0,0,0,0
1790616507.775894,-3,-4,3,-3,413,12468,24978,17725,95436,95437,95433,95434,0,0,0,0
1790616507.8355598,10,-1,5,-3,387,12491,25008,17701,95466,95467,95463,95464,0,0,0,0
1790616507.895522,-4,0,4,-2,366,12508,25031,17681,95496,95497,95493,95494,0,0,0,0
1790616507.935864,-2,3,0,2,353,12520,25047,17668,95526,95527,95523,95524,0,0,0,0
1790616507.998274,-4,-1,8,7,346,12528,25058,17661,95556,95557,95553,95554,0,0,0,0
1790616508.0559292,-3,4,0,-1,352,12523,25053,17670,95586,95587,95583,95584,0,0,0,0
1790616508.096132,-1,-5,-4,4,337,12561,25091,17643,95646,95647,95643,95644,0,0,0,0
1790616508.157807,-1,4,-1,-2,348,12545,25073,17658,95676,95677,95673,95674,0,0,0,0
1790616508.2156239,0,-3,0,0,338,12559,25086,17647,95706,95707,95703,95704,0,0,0,0
1790616508.2593112,3,2,0,-1,334,12570,25097,17641,95736,95737,95733,95734,0,0,0,0
1790616508.315779,1,-2,2,3,324,12568,25103,17640,95766,95767,95763,95764,0,0,0,0
1790616508.37568,2,-6,2,-2,322,12568,25105,17639,95796,95797,95793,95794,0,0,0,0
1790616508.435662,-4,2,2,-3,322,12569,25103,17636,95826,95827,95823,95824,0,0,0,0
1790616508.4760919,0,0,-6,-2,320,12570,25106,17635,95856,95857,95853,95854,0,0,0,0
1790616508.535737,1,3,-5,-1,318,12569,25109,17636,95886,95887,95883,95884,0,0,0,0
1790616508.595393,3,-4,-2,-2,319,12576,25111,17633,95946,95947,95943,95944,0,0,0,0
1790616508.65679,3,6,1,-1,340,12571,25118,17657,95976,95977,95973,95974,0,0,0,0
1790616508.696537,-4,-6,0,1,346,12558,25098,17662,96006,96007,96003,96004,0,0,0,0
1790616508.7595289,-5,-4,-2,-1,336,12566,25104,17653,96036,96037,96033,96034,0,0,0,0
1790616508.815395,-4,-4,-1,-1,319,12580,25125,17638,96066,96067,96063,96064,0,0,0,0
1790616508.857364,-5,-3,0,0,307,12593,25140,17627,96096,96097,96093,96094,0,0,0,0
1790616508.91562,-1,1,-3,-3,283,12611,25158,17605,96126,96127,96123,96124,0,0,0,0
1790616508.975617,-1,-2,1,6,277,12651,25214,17603,96156,96157,96153,96154,0,0,0,0
1790616509.0355148,3,-2,5,-1,268,12669,25234,17597,96186,96187,96183,96184,0,0,0,0
1790616509.075736,4,-1,-3,1,250,12677,25254,17586,96216,96217,96213,96214,0,0,0,0
1790616509.1380842,1,-3,-1,-3,240,12688,25266,17575,96246,96247,96243,96244,0,0,0,0
1790616509.19604,-3,3,-1,-2,226,12698,25279,17565,96276,96277,96273,96274,0,0,0,0
1790616509.2359219,-2,-1,-1,0,216,12708,25292,17556,96306,96307,96303,96304,0,0,0,0
1790616509.2970371,1,-1,2,1,197,12721,25311,17540,96366,96367,96363,96364,0,0,0,0
1790616509.357023,1,3,-3,2,189,12729,25320,17533,96396,96397,96393,96394,0,0,0,0
1790616509.41563,-3,1,2,0,178,12739,25332,17525,96426,96427,96423,96424,0,0,0,0
1790616509.4589329,-3,-1,-2,-1,176,12747,25350,17527,96456,96457,96453,96454,0,0,0,0
1790616509.515706,1,1,4,0,178,12740,25346,17533,96486,96487,96483,96484,0,0,0,0
1790616509.559053,2,1,-2,-4,167,12749,25354,17526,96516,96517,96513,96514,0,0,0,0
1790616509.615752,1,-1,1,0,149,12765,25373,17512,96546,96547,96543,96544,0,0,0,0
1790616509.6763961,-4,-2,-2,-1,128,12787,25396,17491,96576,96577,96573,96574,0,0,0,0
1790616509.7158961,0,7,1,4,99,12809,25417,17463,96606,96607,96603,96604,0,0,0,0
1790616509.775486,2,6,13,-4,83,12846,25464,17454,96636,96637,96633,96634,0,0,0,0
1790616509.836264,-3,3,-2,2,60,12881,25501,17436,96666,96667,96663,96664,0,0,0,0
1790616509.875839,0,5,2,-2,30,12907,25536,17413,96696,96697,96693,96694,0,0,0,0
1790616509.9358022,0,-4,5,0,4,12942,25568,17387,96726,96727,96723,96724,0,0,0,0
1790616509.9761002,2,14,-1,3,32739,12977,25604,17356,96756,96757,96753,96754,0,0,0,0
1790616510.0355048,-6,6,3,-3,32708,13023,25644,17322,96786,96787,96783,96784,0,0,0,0
1790616510.075774,-4,1,-8,-4,32669,13066,25683,17285,96816,96817,96813,96814,0,0,0,0
1790616510.1357398,-5,-3,-2,-2,32637,13111,25723,17250,96846,96847,96843,96844,0,0,0,0
1790616510.195466,-11,1,7,-4,32608,13145,25757,17220,96876,96877,96873,96874,0,0,0,0
1790616510.235822,1,-2,0,1,32585,13179,25785,17195,96906,96907,96903,96904,0,0,0,0
1790616510.296792,3,0,1,-1,32544,13252,25858,17160,96966,96967,96963,96964,0,0,0,0
1790616510.35669,-3,-3,4,0,32518,13283,25890,17135,96996,96997,96993,96994,0,0,0,0
1790616510.396124,-1,-1,0,3,32491,13315,25920,17106,97026,97027,97023,97024,0,0,0,0
1790616510.4593081,3,1,0,0,32465,13354,25951,17077,97056,97057,97053,97054,0,0,0,0
1790616510.516756,1,3,-1,-1,32438,13373,25965,17038,97086,97087,97083,97084,0,0,0,0
1790616510.5566962,0,-1,2,-5,32436,13403,25999,17043,97116,97117,97113,97114,0,0,0,0
1790616510.6159308,-6,2,5,-2,32426,13436,26027,17031,97146,97147,97143,97144,0,0,0,0
1790616510.6756759,-2,7,-1,3,32408,13458,26051,17013,97176,97177,97173,97174,0,0,0,0
1790616510.715797,-2,-2,3,-3,32387,13480,26074,16995,97206,97207,97203,97204,0,0,0,0
1790616510.7756631,-6,3,1,0,32370,13505,26099,16975,97236,97237,97233,97234,0,0,0,0
1790616510.83566,4,-2,4,-3,32354,13530,26125,16958,97266,97267,97263,97264,0,0,0,0
1790616510.8960378,1,0,3,0,32340,13551,26148,16945,97296,97297,97293,97294,0,0,0,0
1790616510.9357388,0,-1,1,2,32328,13567,26169,16935,97326,97327,97323,97324,0,0,0,0
1790616510.995965,-1,7,0,1,32306,13598,26211,16916,97386,97387,97383,97384,0,0,0,0
1790616511.0565078,-2,2,-1,1,32294,13634,26262,16922,97416,97417,97413,97414,0,0,0,0
1790616511.116713,2,-5,2,-5,32267,13679,26327,16908,97446,97447,97443,97444,0,0,0,0
1790616511.156954,2,2,2,-2,32234,13707,26362,16880,97476,97477,97473,97474,0,0,0,0
1790616511.217699,3,-7,-2,-2,32209,13734,26395,16862,97506,97507,97503,97504,0,0,0,0
1790616511.26562,-3,-1,3,2,32191,13758,26426,16850,97536,97537,97533,97534,0,0,0,0
1790616511.318259,0,-2,1,13,32185,13759,26433,16841,97566,97567,97563,97564,0,0,0,0
1790616511.393207,2,0,2,3,32213,13769,26447,16889,97596,97597,97593,97594,0,0,0,0
1790616511.437495,-3,3,0,1,32205,13783,26470,16892,97626,97627,97623,97624,0,0,0,0
1790616511.477961,-4,3,-1,0,32179,13805,26496,16877,97656,97657,97653,97654,0,0,0,0
1790616511.537499,-3,5,-2,-2,32149,13831,26527,16852,97686,97687,97683,97684,0,0,0,0
1790616511.577903,-1,4,1,-1,32120,13860,26559,16824,97716,97717,97713,97714,0,0,0,0
1790616511.63746,3,2,2,-1,32090,13888,26587,16795,97746,97747,97743,97744,0,0,0,0
1790616511.677918,0,6,-3,-2,32061,13911,26612,16767,97776,97777,97773,97774,0,0,0,0
1790616511.737907,-5,6,-1,1,32033,13937,26636,16738,97806,97807,97803,97804,0,0,0,0
1790616511.7978292,-2,-1,0,-7,32002,13962,26664,16708,97836,97837,97833,97834,0,0,0,0
1790616511.839091,2,-1,2,-4,31971,13986,26690,16677,97866,97867,97863,97864,0,0,0,0
1790616511.897666,-4,-1,-5,-5,31948,14014,26720,16661,97896,97897,97893,97894,0,0,0,0
1790616511.93907,0,0,2,-1,31935,14021,26729,16648,97926,97927,97923,97924,0,0,0,0
1790616511.998964,1,-1,1,-8,31936,14033,26740,16649,97986,97987,97983,97984,0,0,0,0
1790616512.058561,-1,-1,-1,-3,31929,14038,26746,16643,98016,98017,98013,98014,0,0,0,0
1790616512.0988832,-4,1,1,-4,31924,14042,26750,16639,98046,98047,98043,98044,0,0,0,0
1790616512.160542,-2,-1,2,-4,31919,14047,26756,16634,98076,98077,98073,98074,0,0,0,0
1790616512.219583,2,-2,-3,5,31916,14054,26761,16630,98106,98107,98103,98104,0,0,0,0
1790616512.26002,-5,4,6,0,31908,14059,26767,16623,98136,98137,98133,98134,0,0,0,0
1790616512.323217,-8,-6,5,-2,31901,14069,26775,16614,98166,98167,98163,98164,0,0,0,0
1790616512.378516,0,-1,-1,3,31893,14075,26784,16605,98196,98197,98193,98194,0,0,0,0
1790616512.438664,4,0,1,-2,31890,14085,26792,16602,98226,98227,98223,98224,0,0,0,0
1790616512.4786391,-1,12,1,1,31884,14091,26800,16599,98256,98257,98253,98254,0,0,0,0
1790616512.538808,-2,2,0,-9,31883,14095,26803,16600,98286,98287,98283,98284,0,0,0,0
1790616512.598478,4,1,4,2,31890,14094,26807,16609,98346,98347,98343,98344,0,0,0,0
1790616512.639284,-6,-5,0,-1,31892,14092,26806,16614,98376,98377,98373,98374,0,0,0,0
1790616512.6991549,0,0,2,0,31895,14090,26808,16618,98406,98407,98403,98404,0,0,0,0
1790616512.75882,3,-5,0,1,31902,14091,26808,16624,98436,98437,98433,98434,0,0,0,0
1790616512.7986372,-1,-3,3,1,31905,14088,26809,16631,98466,98467,98463,98464,0,0,0,0
1790616512.85844,3,1,3,0,31909,14087,26811,16634,98496,98497,98493,98494,0,0,0,0
1790616512.898829,-1,1,0,4,31911,14086,26812,16640,98526,98527,98523,98524,0,0,0,0
1790616512.958863,0,4,-6,-1,31913,14084,26811,16649,98556,98557,98553,98554,0,0,0,0
1790616513.019806,-1,0,-4,4,31920,14080,26811,16655,98586,98587,98583,98584,0,0,0,0
1790616513.060247,-2,4,6,-2,31923,14076,26809,16660,98616,98617,98613,98614,0,0,0,0
1790616513.120028,3,5,-1,-2,31929,14075,26807,16665,98646,98647,98643,98644,0,0,0,0
1790616513.1784189,1,-3,-2,-2,31931,14072,26807,16671,98676,98677,98673,98674,0,0,0,0
1790616513.220087,-7,-1,-1,3,31936,14072,26807,16677,98706,98707,98703,98704,0,0,0,0
1790616513.278562,1,-5,2,0,31937,14070,26810,16683,98736,98737,98733,98734,0,0,0,0
1790616513.338731,-1,-2,-2,8,31942,14069,26811,16692,98766,98767,98763,98764,0,0,0,0
1790616513.398628,0,-2,-1,3,31957,14065,26810,16711,98826,98827,98823,98824,0,0,0,0
1790616513.458644,1,1,-3,3,31963,14062,26808,16718,98856,98857,98853,98854,0,0,0,0
1790616513.520032,-1,1,3,1,31968,14057,26807,16728,98886,98887,98883,98884,0,0,0,0
1790616513.579565,-1,0,-5,-3,31972,14058,26808,16735,98916,98917,98913,98914,0,0,0,0
1790616513.640529,1,4,-2,1,31975,14058,26813,16743,98946,98947,98943,98944,0,0,0,0
1790616513.68089,-3,2,2,1,31988,14077,26833,16758,98976,98977,98973,98974,0,0,0,0
1790616513.740735,2,4,-5,-3,31954,14082,26856,16737,99006,99007,99003,99004,0,0,0,0
1790616513.800699,4,-1,2,4,31968,14091,26869,16753,99036,99037,99033,99034,0,0,0,0
1790616513.840518,17,0,-5,0,31977,14082,26870,16771,99066,99067,99063,99064,0,0,0,0
1790616513.900922,3,-5,-1,-6,31991,14078,26865,16787,99096,99097,99093,99094,0,0,0,0
1790616513.941488,4,-2,-3,3,32011,14069,26866,16821,99156,99157,99153,99154,0,0,0,0
1790616514.000839,-2,0,-5,-5,32017,14068,26867,16830,99186,99187,99183,99184,0,0,0,0
1790616514.0610838,0,-2,-2,-2,32020,14068,26870,16836,99216,99217,99213,99214,0,0,0,0
1790616514.120448,-53,0,0,1,32023,14064,26871,16844,99246,99247,99243,99244,0,0,0,0
1790616514.160713,-5,-3,-2,1,32034,14062,26872,16859,99276,99277,99273,99274,0,0,0,0
1790616514.220736,-1,-3,-1,2,32042,14059,26871,16872,99306,99307,99303,99304,0,0,0,0
1790616514.2667,0,4,4,-1,32047,14056,26873,16882,99336,99337,99333,99334,0,0,0,0
1790616514.320837,-8,-5,-1,-1,32049,14056,26876,16886,99366,99367,99363,99364,0,0,0,0
1790616514.361004,0,-9,0,-2,32047,14058,26880,16879,99396,99397,99393,99394,0,0,0,0
1790616514.421837,5,4,-5,-3,32095,14038,26876,16959,99426,99427,99423,99424,0,0,0,0
1790616514.460873,2,-6,0,-1,32113,14060,26898,16976,99456,99457,99453,99454,0,0,0,0
1790616514.521964,4,-1,1,-7,32136,14086,26919,16994,99486,99487,99483,99484,0,0,0,0
1790616514.5807,-1,-1,-1,-2,32126,14090,26938,16995,99516,99517,99513,99514,0,0,0,0
1790616514.6205928,-2,-1,-1,-1,32120,14092,26943,16990,99546,99547,99543,99544,0,0,0,0
1790616514.6816902,-1,1,-6,-1,32124,14093,26946,16995,99576,99577,99573,99574,0,0,0,0
1790616514.721484,-2,-3,-1,1,32126,14095,26949,16999,99606,99607,99603,99604,0,0,0,0
1790616514.782859,2,7,-1,1,32124,14092,26951,17000,99636,99637,99633,99634,0,0,0,0
1790616514.841412,-4,-2,-1,-2,32125,14094,26955,17003,99666,99667,99663,99664,0,0,0,0
1790616514.881747,2,-2,-4,1,32122,14096,26959,17004,99696,99697,99693,99694,0,0,0,0
1790616514.94134,3,5,7,1,32142,14129,26985,17021,99726,99727,99723,99724,0,0,0,0
1790616515.00161,-18,0,5,-1,32134,14118,26984,17018,99756,99757,99753,99754,0,0,0,0
1790616515.042121,-1,-4,0,1,32151,14128,26989,17027,99786,99787,99783,99784,0,0,0,0
1790616515.101522,-3,0,3,0,32152,14125,26997,17038,99846,99847,99843,99844,0,0,0,0
1790616515.1416168,5,-4,4,-3,32154,14127,26999,17040,99876,99877,99873,99874,0,0,0,0
1790616515.201507,0,2,3,3,32156,14128,27003,17045,99906,99907,99903,99904,0,0,0,0
1790616515.261374,3,1,-3,-2,32159,14129,27005,17051,99936,99937,99933,99934,0,0,0,0
1790616515.3225741,6,2,-7,-3,32161,14131,27007,17055,99966,99967,99963,99964,0,0,0,0
1790616515.364374,-2,-1,0,5,32164,14132,27012,17057,99996,99997,99993,99994,0,0,0,0
1790616515.422535,1,2,0,5,32165,14136,27016,17061,100026,100027,100023,100024,0,0,0,0
1790616515.4569669,-1,-2,0,-2,32163,14138,27023,17061,100056,100057,100053,100054,0,0,0,0
1790616515.522454,-6,0,-3,-1,32161,14146,27031,17059,100086,100087,100083,100084,0,0,0,0
1790616515.5660648,-5,-7,-4,0,32152,14145,27043,17059,100116,100117,100113,100114,0,0,0,0
1790616515.622709,0,-7,2,0,32168,14149,27046,17074,100146,100147,100143,100144,0,0,0,0
1790616515.6640918,-4,-4,1,-2,32162,14150,27050,17071,100176,100177,100173,100174,0,0,0,0
1790616515.722463,-3,-2,-3,-1,32159,14153,27057,17071,100206,100207,100203,100204,0,0,0,0
1790616515.7851892,5,-1,4,1,32161,14155,27062,17073,100236,100237,100233,100234,0,0,0,0
1790616515.8497012,0,-2,1,3,32158,14157,27065,17073,100266,100267,100263,100264,0,0,0,0
1790616515.902616,-5,-3,-3,-3,32153,14160,27076,17073,100326,100327,100323,100324,0,0,0,0
1790616515.942964,-2,-1,1,-5,32156,14158,27079,17080,100356,100357,100353,100354,0,0,0,0
1790616516.006797,-2,-3,-2,-1,32159,14158,27081,17086,100386,100387,100383,100384,0,0,0,0
1790616516.062572,-3,0,4,-2,32171,14179,27102,17106,100416,100417,100413,100414,0,0,0,0
1790616516.1059918,-3,-3,-2,-4,32152,14196,27130,17086,100446,100447,100443,100444,0,0,0,0
1790616516.162527,3,-5,-3,3,32142,14194,27130,17071,100476,100477,100473,100474,0,0,0,0
1790616516.203119,-4,10,5,-1,32156,14221,27166,17097,100506,100507,100503,100504,0,0,0,0
1790616516.269053,-3,-3,2,0,32158,14227,27191,17117,100536,100537,100533,100534,0,0,0,0
1790616516.3231769,-5,-8,1,2,32161,14226,27189,17118,100566,100567,100563,100564,0,0,0,0
1790616516.386179,-4,-2,-3,-3,32160,14225,27192,17118,100596,100597,100593,100594,0,0,0,0
1790616516.44624,40,0,1,2,32161,14227,27194,17116,100626,100627,100623,100624,0,0,0,0
1790616516.4864829,-7,-4,1,2,32144,14217,27192,17115,100656,100657,100653,100654,0,0,0,0
1790616516.547882,-2,-2,-1,2,32170,14256,27221,17127,100686,100687,100683,100684,0,0,0,0
1790616516.602655,-3,-1,-1,-3,32148,14284,27264,17118,100746,100747,100743,100744,0,0,0,0
1790616516.6467588,-1,-3,-1,-2,32136,14297,27280,17108,100776,100777,100773,100774,0,0,0,0
1790616516.7046552,-5,-2,1,-1,32126,14308,27295,17102,100806,100807,100803,100804,0,0,0,0
1790616516.769734,0,0,-2,-3,32119,14317,27305,17097,100836,100837,100833,100834,0,0,0,0
1790616516.823041,-9,-4,0,-1,32117,14325,27317,17095,100866,100867,100863,100864,0,0,0,0
1790616516.8664398,-2,-1,-1,0,32110,14333,27328,17092,100896,100897,100893,100894,0,0,0,0
1790616516.9188092,-4,-3,6,-7,32105,14345,27343,17089,100926,100927,100923,100924,0,0,0,0
1790616516.983867,2,1,-2,-3,32102,14361,27363,17091,100956,100957,100953,100954,0,0,0,0
1790616517.047091,-1,-1,3,7,32121,14394,27394,17110,100986,100987,100983,100984,0,0,0,0
1790616517.087714,-7,-1,1,-3,32116,14393,27401,17111,101016,101017,101013,101014,0,0,0,0
1790616517.1466932,1,-1,-1,1,32116,14405,27413,17109,101046,101047,101043,101044,0,0,0,0
1790616517.2028532,-3,-1,2,-2,32109,14412,27420,17104,101076,101077,101073,101074,0,0,0,0
1790616517.2460852,-5,-2,0,-4,32071,14430,27438,17071,101136,101137,101133,101134,0,0,0,0
1790616517.322669,2,2,-3,4,32070,14466,27477,17065,101166,101167,101163,101164,0,0,0,0
1790616517.364386,-1,-6,-3,-1,32055,14473,27495,17060,101196,101197,101193,101194,0,0,0,0
1790616517.422571,-5,-12,-1,-1,32051,14478,27506,17061,101226,101227,101223,101224,0,0,0,0
1790616517.4627042,2,-4,3,-2,32051,14484,27511,17060,101256,101257,101253,101254,0,0,0,0
1790616517.522645,-6,-4,-2,-3,32050,14487,27517,17062,101286,101287,101283,101284,0,0,0,0
1790616517.582814,1,-5,2,2,32051,14490,27524,17065,101316,101317,101313,101314,0,0,0,0
1790616517.625696,-1,-7,2,-3,32049,14493,27532,17068,101346,101347,101343,101344,0,0,0,0
1790616517.68477,0,-2,1,-3,32045,14503,27543,17064,101376,101377,101373,101374,0,0,0,0
1790616517.745045,0,-1,1,-2,32042,14514,27556,17068,101406,101407,101403,101404,0,0,0,0
1790616517.7857978,-5,2,-2,0,32041,14520,27567,17071,101436,101437,101433,101434,0,0,0,0
1790616517.844188,-2,-5,-4,0,32044,14527,27579,17080,101466,101467,101463,101464,0,0,0,0
1790616517.883379,4,-5,0,-3,32048,14525,27584,17087,101496,101497,101493,101494,0,0,0,0
1790616517.947276,-3,-2,-1,-6,32053,14530,27592,17096,101526,101527,101523,101524,0,0,0,0
1790616518.0023942,-1,-1,5,-1,32041,14518,27584,17090,101556,101557,101553,101554,0,0,0,0
1790616518.0489652,-5,0,2,0,32047,14553,27611,17085,101586,101587,101583,101584,0,0,0,0
1790616518.1179578,3,0,-5,-3,32048,14572,27642,17096,101616,101617,101613,101614,0,0,0,0
1790616518.1645381,1,-6,-2,-4,32055,14574,27644,17103,101676,101677,101673,101674,0,0,0,0
1790616518.222508,3,-4,2,0,32056,14569,27644,17107,101706,101707,101703,101704,0,0,0,0
1790616518.2657979,-7,-2,0,-6,32060,14567,27643,17111,101736,101737,101733,101734,0,0,0,0
1790616518.32329,-2,3,2,10,32076,14589,27657,17127,101766,101767,101763,101764,0,0,0,0
1790616518.3861032,3,0,5,1,32078,14587,27660,17123,101796,101797,101793,101794,0,0,0,0
1790616518.4229949,-2,1,-2,-1,32077,14584,27677,17142,101826,101827,101823,101824,0,0,0,0
1790616518.482673,4,-2,4,-2,32079,14586,27684,17147,101856,101857,101853,101854,0,0,0,0
1790616518.543948,2,-3,10,6,32078,14589,27689,17149,101886,101887,101883,101884,0,0,0,0
1790616518.585844,2,-1,-3,4,32077,14593,27695,17150,101916,101917,101913,101914,0,0,0,0
1790616518.6473951,0,0,-1,2,32074,14600,27704,17151,101946,101947,101943,101944,0,0,0,0
1790616518.702573,4,0,-2,-2,32072,14608,27712,17150,101976,101977,101973,101974,0,0,0,0
1790616518.747308,1,1,2,-3,32075,14621,27729,17159,102006,102007,102003,102004,0,0,0,0
1790616518.804978,1,6,1,-2,32090,14621,27730,17167,102066,102067,102063,102064,0,0,0,0
1790616518.8635259,-1,1,0,-1,32094,14620,27727,17171,102096,102097,102093,102094,0,0,0,0
1790616518.923614,0,0,2,3,32096,14623,27730,17175,102126,102127,102123,102124,0,0,0,0
1790616518.965337,1,-3,3,7,32085,14614,27730,17172,102156,102157,102153,102154,0,0,0,0
1790616519.0240068,0,-2,2,-2,32128,14670,27765,17195,102186,102187,102183,102184,0,0,0,0
1790616519.06579,2,2,0,-2,32123,14665,27772,17199,102216,102217,102213,102214,0,0,0,0
1790616519.12342,5,3,-1,5,32125,14663,27770,17201,102246,102247,102243,102244,0,0,0,0
1790616519.183437,2,-13,-1,-2,32129,14665,27771,17203,102276,102277,102273,102274,0,0,0,0
1790616519.2449799,-3,-1,1,-4,32126,14668,27776,17202,102306,102307,102303,102304,0,0,0,0
1790616519.3034801,-1,0,-4,-5,32117,14755,27881,17214,102366,102367,102363,102364,0,0,0,0
1790616519.345408,5,0,-1,1,32119,14765,27888,17213,102396,102397,102393,102394,0,0,0,0
1790616519.403389,3,-6,-2,0,32127,14759,27883,17218,102426,102427,102423,102424,0,0,0,0
1790616519.4483688,7,3,5,1,32145,14753,27871,17228,102456,102457,102453,102454,0,0,0,0
1790616519.5034938,40,48,46,53,225,15658,28561,17947,102486,102487,102483,102484,0,0,0,0
1790616519.544678,31,30,45,41,1360,16635,29757,19077,102516,102517,102513,102514,0,0,0,0
1790616519.603542,24,31,33,36,2166,17413,30761,19992,102546,102547,102543,102544,0,0,0,0
1790616519.665652,39,29,43,31,2946,18429,31749,20984,102576,102577,102573,102574,0,0,0,0
1790616519.703966,42,35,39,34,3907,19401,130,21972,102606,102607,102603,102604,0,0,0,0
1790616519.783299,44,45,32,32,4932,20378,1151,23012,102636,102637,102633,102634,0,0,0,0
1790616519.844387,37,41,25,39,6026,21475,2113,24022,102666,102667,102663,102664,0,0,0,0
1790616519.883471,44,39,35,49,7220,22516,3094,25072,102696,102697,102693,102694,0,0,0,0
1790616519.9432378,40,39,37,33,8335,23577,4037,26082,102726,102727,102723,102724,0,0,0,0
1790616519.9835699,40,35,47,41,9402,24635,5128,27053,102756,102757,102753,102754,0,0,0,0
1790616520.047461,33,39,43,43,10471,25782,6262,28132,102786,102787,102783,102784,0,0,0,0
1790616520.0834181,30,37,42,36,11527,26829,7437,29218,102816,102817,102813,102814,0,0,0,0
1790616520.146395,38,32,46,35,12558,27925,8537,30346,102846,102847,102843,102844,0,0,0,0
1790616520.185719,34,38,39,31,13706,28997,9674,31379,102876,102877,102873,102874,0,0,0,0
1790616520.2434938,45,38,35,40,14732,30087,10676,32539,102906,102907,102903,102904,0,0,0,0
1790616520.307659,37,40,29,34,17088,32289,12847,1976,102966,102967,102963,102964,0,0,0,0
1790616520.363374,43,47,40,43,18268,548,13909,3009,102996,102997,102993,102994,0,0,0,0
1790616520.4069068,35,41,33,38,19289,1687,14991,4064,103026,103027,103023,103024,0,0,0,0
1790616520.464905,47,46,37,44,20348,2691,16099,5143,103056,103057,103053,103054,0,0,0,0
1790616520.506886,30,40,32,43,21445,3827,17292,6273,103086,103087,103083,103084,0,0,0,0
1790616520.566085,24,24,36,25,22136,4652,18107,7010,103116,103117,103113,103114,0,0,0,0
1790616520.6250072,35,27,35,33,23024,5459,18957,7883,103146,103147,103143,103144,0,0,0,0
1790616520.666538,24,30,32,28,23755,6216,19801,8779,103176,103177,103173,103174,0,0,0,0
1790616520.723593,26,23,20,22,24428,6874,20528,9425,103206,103207,103203,103204,0,0,0,0
1790616520.7862809,30,28,18,23,25232,7611,21132,10157,103236,103237,103233,103234,0,0,0,0
1790616520.845855,19,21,20,21,25807,8171,21743,10756,103266,103267,103263,103264,0,0,0,0
1790616520.8851058,29,21,14,21,26391,8741,22282,11348,103296,103297,103293,103294,0,0,0,0
1790616520.943546,18,18,19,8,26911,9259,22887,11773,103326,103327,103323,103324,0,0,0,0
1790616520.9842188,22,23,16,13,27397,9807,23321,12136,103356,103357,103353,103354,0,0,0,0
1790616521.044096,17,13,13,5,27916,10381,23703,12540,103386,103387,103383,103384,0,0,0,0
1790616521.1067011,14,3,16,14,28673,10963,24386,13416,103446,103447,103443,103444,0,0,0,0
1790616521.163757,9,9,18,15,28958,11191,24808,13835,103476,103477,103473,103474,0,0,0,0
1790616521.207165,5,14,9,8,29182,11401,25205,14175,103506,103507,103503,103504,0,0,0,0
1790616521.272656,8,10,6,10,29425,11647,25538,14505,103536,103537,103533,103534,0,0,0,0
1790616521.325684,7,10,11,5,29725,12028,25778,14693,103566,103567,103563,103564,0,0,0,0
1790616521.385525,6,14,8,1,29984,12365,25913,14784,103596,103597,103593,103594,0,0,0,0
1790616521.4433122,9,5,0,3,30225,12651,26060,14911,103626,103627,103623,103624,0,0,0,0
1790616521.483488,7,3,3,8,30463,12882,26238,15094,103656,103657,103653,103654,0,0,0,0
1790616521.546113,5,3,2,8,30647,12997,26404,15298,103686,103687,103683,103684,0,0,0,0
1790616521.6086159,8,5,10,12,30829,13135,26649,15597,103716,103717,103713,103714,0,0,0,0
1790616521.644026,3,3,7,21,30956,13295,26947,15885,103746,103747,103743,103744,0,0,0,0
1790616521.706441,11,-4,5,2,31301,13662,27467,16248,103806,103807,103803,103804,0,0,0,0
1790616521.765833,1,-3,3,4,31428,13698,27524,16308,103836,103837,103833,103834,0,0,0,0
1790616521.824548,3,-2,4,-3,31465,13679,27506,16338,103866,103867,103863,103864,0,0,0,0
1790616521.865719,2,-5,-2,-2,31483,13663,27486,16354,103896,103897,103893,103894,0,0,0,0
1790616521.925278,-2,2,-1,-2,31495,13654,27478,16363,103926,103927,103923,103924,0,0,0,0
1790616521.966583,-1,0,0,2,31498,13653,27477,16369,103956,103957,103953,103954,0,0,0,0
1790616522.0233579,-5,4,3,-5,31497,13655,27481,16367,103986,103987,103983,103984,0,0,0,0
1790616522.083411,0,-3,1,2,31495,13661,27488,16366,104016,104017,104013,104014,0,0,0,0
1790616522.123723,-1,-5,0,1,31490,13656,27477,16350,104046,104047,104043,104044,0,0,0,0
1790616522.186485,1,-1,4,-2,31494,13661,27491,16361,104076,104077,104073,104074,0,0,0,0
1790616522.2438002,2,-3,2,-3,31492,13664,27499,16360,104106,104107,104103,104104,0,0,0,0
1790616522.304553,-2,-3,-2,1,31489,13671,27512,16361,104136,104137,104133,104134,0,0,0,0
1790616522.344438,-3,-2,0,3,31486,13677,27531,16357,104196,104197,104193,104194,0,0,0,0
1790616522.407094,-4,-1,1,-1,31487,13677,27536,16360,104226,104227,104223,104224,0,0,0,0
1790616522.443528,-3,-5,-7,1,31488,13677,27542,16363,104256,104257,104253,104254,0,0,0,0
1790616522.503842,3,0,-1,1,31495,13679,27554,16361,104286,104287,104283,104284,0,0,0,0
1790616522.572132,2,-3,-6,4,31527,13665,27570,16388,104316,104317,104313,104314,0,0,0,0
1790616522.62349,0,4,3,1,31541,13657,27548,16399,104346,104347,104343,104344,0,0,0,0
1790616522.6834922,0,3,-2,-3,31538,13667,27557,16394,104376,104377,104373,104374,0,0,0,0
1790616522.723604,1,-4,0,3,31551,13648,27565,16397,104406,104407,104403,104404,0,0,0,0
1790616522.783373,26,-18,-14,13,31829,13364,27380,16586,104436,104437,104433,104434,0,0,0,0
1790616522.823651,85,-75,-39,36,692,12156,26685,17419,104466,104467,104463,104464,0,0,0,0
1790616522.8838458,48,-100,-121,62,2192,9928,24780,18962,104496,104497,104493,104494,0,0,0,0
1790616522.944118,72,-67,-84,62,3992,7876,22655,20903,104526,104527,104523,104524,0,0,0,0
1790616522.9847848,77,-74,-80,80,6021,5824,20635,22936,104556,104557,104553,104554,0,0,0,0
1790616523.043419,68,-97,-70,89,8040,3743,18440,25027,104586,104587,104583,104584,0,0,0,0
1790616523.107347,65,-64,-61,53,9886,1928,16448,26899,104616,104617,104613,104614,0,0,0,0
1790616523.146187,49,-60,-59,57,11484,220,14774,28542,104646,104647,104643,104644,0,0,0,0
1790616523.204007,61,-45,-50,52,12816,31578,13330,29935,104676,104677,104673,104674,0,0,0,0
1790616523.269124,44,-40,-42,48,15267,29048,10716,32321,104736,104737,104733,104734,0,0,0,0
1790616523.323852,59,-52,-58,49,16635,27679,9369,893,104766,104767,104763,104764,0,0,0,0
1790616523.3833659,64,-62,-53,51,18274,26125,7858,2456,104796,104797,104793,104794,0,0,0,0
1790616523.4245539,52,-49,-64,68,19852,24355,6090,4202,104826,104827,104823,104824,0,0,0,0
1790616523.4856021,64,-75,-68,68,21667,22543,4258,5937,104856,104857,104853,104854,0,0,0,0
1790616523.5433779,57,-64,-66,65,23432,20863,2494,7750,104886,104887,104883,104884,0,0,0,0
1790616523.606787,68,-60,-57,56,25089,19162,799,9484,104916,104917,104913,104914,0,0,0,0
1790616523.643488,56,-57,-60,59,26709,17576,31952,11156,104946,104947,104943,104944,0,0,0,0
1790616523.7056818,52,-48,-44,42,29523,14760,29025,14006,105006,105007,105003,105004,0,0,0,0
1790616523.743582,67,-56,-62,53,30951,13351,27628,15363,105036,105037,105033,105034,0,0,0,0
1790616523.804801,50,-60,-53,60,32600,11849,26169,16904,105066,105067,105063,105064,0,0,0,0
1790616523.844388,62,-54,-55,53,1397,10323,24486,18487,105096,105097,105093,105094,0,0,0,0
1790616523.903687,67,-65,-69,72,3069,8690,22850,20110,105126,105127,105123,105124,0,0,0,0
1790616523.963487,47,-50,-52,65,4718,7019,21135,21854,105156,105157,105153,105154,0,0,0,0
1790616524.007492,68,-61,-56,54,6397,5400,19480,23426,105186,105187,105183,105184,0,0,0,0
1790616524.0642262,54,-73,-64,59,8019,3822,17899,25040,105216,105217,105213,105214,0,0,0,0
1790616524.123403,55,-48,-45,51,9555,2332,16293,26591,105246,105247,105243,105244,0,0,0,0
1790616524.163574,56,-55,-59,52,11112,774,14776,28042,105276,105277,105273,105274,0,0,0,0
1790616524.22354,52,-62,-65,65,12616,32060,13256,29588,105306,105307,105303,105304,0,0,0,0
1790616524.28471,44,-52,-61,55,14145,30518,11710,31157,105336,105337,105333,105334,0,0,0,0
1790616524.3258612,60,-55,-43,47,15661,29186,10307,32656,105366,105367,105363,105364,0,0,0,0
1790616524.383554,46,-40,-50,46,17013,27866,8832,1216,105396,105397,105393,105394,0,0,0,0
1790616524.424557,27,-19,-20,19,17932,26859,7854,2207,105426,105427,105423,105424,0,0,0,0
1790616524.483298,20,-10,-23,19,18424,26473,7431,2611,105456,105457,105453,105454,0,0,0,0
1790616524.526,4,-5,-7,6,18704,26252,7116,2911,105486,105487,105483,105484,0,0,0,0
1790616524.583456,3,-2,-5,1,18785,26140,7041,3013,105516,105517,105513,105514,0,0,0,0
1790616524.644484,-1,-1,-4,-5,18817,26128,7032,3053,105546,105547,105543,105544,0,0,0,0
1790616524.703542,-10,9,2,-2,18781,26192,7063,3029,105576,105577,105573,105574,0,0,0,0
1790616524.744193,-20,37,29,-23,18482,26545,7365,2725,105606,105607,105603,105604,0,0,0,0
1790616524.806935,-49,61,50,-69,16338,28675,9659,426,105666,105667,105663,105664,0,0,0,0
1790616524.866505,-59,51,65,-65,14782,30248,11230,31609,105696,105697,105693,105694,0,0,0,0
1790616524.90566,-68,63,60,-62,13237,31732,12745,30086,105726,105727,105723,105724,0,0,0,0
1790616524.966198,-45,52,47,-52,11834,435,14182,28636,105756,105757,105753,105754,0,0,0,0
1790616525.006208,-40,44,33,-40,10701,1515,15337,27486,105786,105787,105783,105784,0,0,0,0
1790616525.06624,-26,28,27,-23,9893,2361,16229,26644,105816,105817,105813,105814,0,0,0,0
1790616525.105531,-20,22,27,-28,9225,3077,16911,26017,105846,105847,105843,105844,0,0,0,0
1790616525.16686,-31,29,27,-33,8477,3765,17554,25355,105876,105877,105873,105874,0,0,0,0
1790616525.2234812,-35,43,29,-33,7666,4683,18433,24414,105906,105907,105903,105904,0,0,0,0
1790616525.271014,-44,38,42,-34,6646,5741,19425,23442,105936,105937,105933,105934,0,0,0,0
1790616525.3234901,-48,41,45,-39,5420,6929,20629,22247,105966,105967,105963,105964,0,0,0,0
1790616525.3834891,-49,46,42,-47,4177,8311,21873,20972,105996,105997,105993,105994,0,0,0,0
1790616525.444727,-55,46,44,-40,2813,9492,23217,19674,106026,106027,106023,106024,0,0,0,0
1790616525.483718,-51,36,35,-36,1733,10688,24375,18540,106056,106057,106053,106054,0,0,0,0
1790616525.544848,-39,32,27,-30,636,11672,25469,17505,106086,106087,106083,106084,0,0,0,0
1790616525.5864441,-29,31,33,-34,32541,12613,26343,16629,106116,106117,106113,106114,0,0,0,0
1790616525.643796,-33,33,37,-37,31663,13524,27158,15766,106146,106147,106143,106144,0,0,0,0
1790616525.7033129,-41,41,30,-34,29758,15404,29062,13893,106206,106207,106203,106204,0,0,0,0
1790616525.767803,-43,43,39,-37,28686,16550,30196,12758,106236,106237,106233,106234,0,0,0,0
1790616525.803481,-42,43,41,-40,27564,17642,31331,11692,106266,106267,106263,106264,0,0,0,0
1790616525.8657632,-49,44,41,-33,26369,18887,32545,10401,106296,106297,106293,106294,0,0,0,0
1790616525.90456,-46,35,36,-37,25271,20023,962,9334,106326,106327,106323,106324,0,0,0,0
1790616525.967696,-37,33,29,-36,24172,21118,2016,8166,106356,106357,106353,106354,0,0,0,0
1790616526.024509,-29,27,33,-47,23248,22109,3012,7252,106386,106387,106383,106384,0,0,0,0
1790616526.0666611,-35,30,41,-40,22218,23062,3928,6314,106416,106417,106413,106414,0,0,0,0
1790616526.1257532,-33,38,45,-32,21317,24010,4958,5316,106446,106447,106443,106444,0,0,0,0
1790616526.1676538,-44,47,31,-27,20310,25029,5926,4399,106476,106477,106473,106474,0,0,0,0
1790616526.223404,-41,36,37,-34,19306,26081,6982,3316,106506,106507,106503,106504,0,0,0,0
1790616526.283774,-44,50,35,-32,18232,27180,8074,2274,106536,106537,106533,106534,0,0,0,0
1790616526.3434591,-42,42,44,-39,17014,28317,9183,1121,106566,106567,106563,106564,0,0,0,0
1790616526.4039838,-38,37,38,-38,15908,29415,10348,32736,106596,106597,106593,106594,0,0,0,0
1790616526.4446871,-40,30,34,-39,13872,31516,12445,30752,106656,106657,106653,106654,0,0,0,0
1790616526.503402,-33,33,36,-47,12786,32592,13385,29710,106686,106687,106683,106684,0,0,0,0
1790616526.567033,-32,37,38,-36,11822,825,14408,28743,106716,106717,106713,106714,0,0,0,0
1790616526.6054668,-35,43,40,-27,10792,1878,15408,27662,106746,106747,106743,106744,0,0,0,0
1790616526.666582,-43,36,34,-33,9798,2912,16419,26640,106776,106777,106773,106774,0,0,0,0
1790616526.703479,-50,39,36,-32,8757,4003,17474,25666,106806,106807,106803,106804,0,0,0,0
1790616526.767434,-39,45,32,-34,7662,5097,18579,24460,106836,106837,106833,106834,0,0,0,0
1790616526.823294,-45,42,39,-37,6586,6168,19661,23380,106866,106867,106863,106864,0,0,0,0
1790616526.883287,-36,42,33,-38,5516,7190,20779,22298,106896,106897,106893,106894,0,0,0,0
1790616526.923275,-32,37,35,-41,4485,8282,21764,21256,106926,106927,106923,106924,0,0,0,0
1790616526.985378,-46,33,41,-46,3435,9291,22842,20225,106956,106957,106953,106954,0,0,0,0
1790616527.023436,-32,31,35,-40,2398,10385,23877,19176,106986,106987,106983,106984,0,0,0,0
1790616527.1045802,-41,28,41,-46,1378,11370,24846,18104,107016,107017,107013,107014,0,0,0,0
1790616527.1435351,-43,34,36,-40,32074,13480,26887,16033,107076,107077,107073,107074,0,0,0,0
1790616527.2063181,-48,44,38,-32,30985,14545,27982,14985,107106,107107,107103,107104,0,0,0,0
1790616527.273191,-34,44,34,-33,29950,15552,29026,13915,107136,107137,107133,107134,0,0,0,0
1790616527.325632,-13,11,30,-29,29206,16322,29935,13023,107166,107167,107163,107164,0,0,0,0
1790616527.364534,-15,9,9,-6,28864,16609,30406,12594,107196,107197,107193,107194,0,0,0,0
1790616527.4239302,-2,5,3,-7,28711,16815,30605,12438,107226,107227,107223,107224,0,0,0,0
1790616527.467339,0,2,4,-9,28658,16887,30681,12385,107256,107257,107253,107254,0,0,0,0
1790616527.523633,2,1,-4,-1,28673,16875,30675,12397,107286,107287,107283,107284,0,0,0,0
1790616527.5659149,4,-1,-5,1,28740,16817,30619,12450,107316,107317,107313,107314,0,0,0,0
1790616527.623443,4,-9,0,5,28821,16730,30537,12518,107346,107347,107343,107344,0,0,0,0
1790616527.684486,-1,-7,-1,-3,28898,16642,30453,12582,107376,107377,107373,107374,0,0,0,0
1790616527.723597,5,0,-8,2,28958,16579,30390,12630,107406,107407,107403,107404,0,0,0,0
1790616527.785033,-1,1,1,-1,28986,16548,30358,12655,107436,107437,107433,107434,0,0,0,0
1790616527.825072,1,2,-3,-3,28987,16545,30352,12658,107466,107467,107463,107464,0,0,0,0
1790616527.883713,1,-3,-5,-1,28970,16563,30366,12645,107496,107497,107493,107494,0,0,0,0
1790616527.923936,-5,0,4,-4,28945,16589,30391,12625,107526,107527,107523,107524,0,0,0,0
1790616527.9833732,-1,1,0,0,28925,16611,30412,12608,107556,107557,107553,107554,0,0,0,0
1790616528.043726,-4,-2,2,0,28915,16620,30423,12600,107586,107587,107583,107584,0,0,0,0
1790616528.0833879,-7,0,-5,3,28918,16615,30419,12603,107616,107617,107613,107614,0,0,0,0
1790616528.143292,4,0,0,0,28928,16607,30412,12609,107646,107647,107643,107644,0,0,0,0
1790616528.204386,1,-2,-5,3,28939,16594,30398,12614,107706,107707,107703,107704,0,0,0,0
1790616528.243513,1,-3,-5,1,28936,16610,30406,12610,107736,107737,107733,107734,0,0,0,0
1790616528.303288,1,-1,-2,2,28931,16611,30410,12610,107766,107767,107763,107764,0,0,0,0
1790616528.365715,4,2,-4,-3,28932,16613,30413,12612,107796,107797,107793,107794,0,0,0,0
1790616528.428071,7,-7,-4,4,29006,16524,30372,12647,107826,107827,107823,107824,0,0,0,0
1790616528.466582,50,-54,-22,17,29620,15892,30038,12941,107856,107857,107853,107854,0,0,0,0
1790616528.523361,60,-78,-46,48,31159,13925,29014,14018,107886,107887,107883,107884,0,0,0,0
1790616528.583415,51,-68,-59,66,32761,11738,26669,15672,107916,107917,107913,107914,0,0,0,0
1790616528.6234381,68,-98,-72,74,1985,9791,24371,17623,107946,107947,107943,107944,0,0,0,0
1790616528.6831858,76,-76,-77,66,3996,7690,22191,19689,107976,107977,107973,107974,0,0,0,0
1790616528.723567,62,-69,-85,77,5911,5688,20102,21748,108006,108007,108003,108004,0,0,0,0
1790616528.803879,44,-49,-54,59,9177,2401,16734,25010,108066,108067,108063,108064,0,0,0,0
1790616528.843512,65,-44,-45,47,10402,1098,15419,26290,108096,108097,108093,108094,0,0,0,0
1790616528.90349,38,-42,-47,43,11613,32639,14183,27457,108126,108127,108123,108124,0,0,0,0
1790616528.943727,47,-46,-46,60,12861,31310,12850,28700,108156,108157,108153,108154,0,0,0,0
1790616529.0034702,51,-60,-53,50,14280,29876,11418,30149,108186,108187,108183,108184,0,0,0,0
1790616529.066273,65,-60,-70,72,15964,28186,9759,31742,108216,108217,108213,108214,0,0,0,0
1790616529.123421,65,-65,-60,62,17654,26391,7943,778,108246,108247,108243,108244,0,0,0,0
1790616529.1686,57,-59,-66,67,19495,24501,6033,2599,108276,108277,108273,108274,0,0,0,0
1790616529.227134,59,-65,-71,55,21187,22837,4331,4395,108306,108307,108303,108304,0,0,0,0
1790616529.286525,66,-61,-62,51,22793,21248,2637,5933,108336,108337,108333,108334,0,0,0,0
1790616529.343323,43,-53,-48,61,25668,18265,32485,8941,108396,108397,108393,108394,0,0,0,0
1790616529.403393,49,-62,-49,43,27103,16836,31058,10317,108426,108427,108423,108424,0,0,0,0
1790616529.4637492,58,-56,-66,57,28510,15338,29485,11777,108456,108457,108453,108454,0,0,0,0
1790616529.526313,59,-56,-62,66,30051,13836,28008,13257,108486,108487,108483,108484,0,0,0,0
1790616529.5675771,66,-63,-57,49,31724,12205,26329,14917,108516,108517,108513,108514,0,0,0,0
1790616529.6256971,68,-58,-62,62,640,10541,24524,16503,108546,108547,108543,108544,0,0,0,0
1790616529.6835341,49,-59,-63,68,2338,8879,22887,18243,108576,108577,108573,108574,0,0,0,0
1790616529.7277849,67,-61,-53,51,4030,7286,21161,19822,108606,108607,108603,108604,0,0,0,0
1790616529.7867122,50,-51,-52,55,5573,5748,19569,21453,108636,108637,108633,108634,0,0,0,0
1790616529.8432782,48,-57,-64,61,7058,4364,18102,22930,108666,108667,108663,108664,0,0,0,0
1790616529.8836858,60,-53,-56,45,8585,2811,16612,24376,108696,108697,108693,108694,0,0,0,0
1790616529.943218,52,-66,-52,51,10145,1296,15064,25916,108726,108727,108723,108724,0,0,0,0
1790616530.005576,50,-45,-53,59,11640,32597,13617,27394,108756,108757,108753,108754,0,0,0,0
1790616530.045547,44,-49,-46,39,14386,29954,10774,30261,108816,108817,108813,108814,0,0,0,0
1790616530.105487,43,-44,-43,36,15554,28739,9646,31387,108846,108847,108843,108844,0,0,0,0
1790616530.143456,32,-28,-34,26,16541,27745,8602,32478,108876,108877,108873,108874,0,0,0,0
1790616530.206113,21,-23,-23,26,17327,26888,7891,478,108906,108907,108903,108904,0,0,0,0
1790616530.26638,26,-22,-23,21,17973,26326,7245,1134,108936,108937,108933,108934,0,0,0,0
1790616530.326417,14,-17,-25,23,18500,25759,6719,1703,108966,108967,108963,108964,0,0,0,0
1790616530.366293,14,-20,-15,17,18919,25236,6185,2199,108996,108997,108993,108994,0,0,0,0
1790616530.427498,21,-21,-15,17,19400,24639,5731,2672,109026,109027,109023,109024,0,0,0,0
1790616530.483402,12,-21,-21,18,19780,24099,5286,3205,109056,109057,109053,109054,0,0,0,0
1790616530.527874,15,-19,-19,23,20183,23490,4806,3739,109086,109087,109083,109084,0,0,0,0
1790616530.583391,17,-19,-10,23,20690,23014,4398,4381,109116,109117,109113,109114,0,0,0,0
1790616530.6272461,14,-24,-17,18,21076,22423,3953,4878,109146,109147,109143,109144,0,0,0,0
1790616530.6834738,12,-15,-16,20,21466,21968,3565,5418,109176,109177,109173,109174,0,0,0,0
1790616530.7432692,19,-13,-11,13,21840,21546,3256,5867,109206,109207,109203,109204,0,0,0,0
1790616530.803236,11,-16,-15,18,22418,20778,2568,6626,109266,109267,109263,109264,0,0,0,0
1790616530.864345,11,-27,-9,13,22761,20268,2229,6956,109296,109297,109293,109294,0,0,0,0
1790616530.903473,16,-18,-8,25,23162,19800,1936,7427,109326,109327,109323,109324,0,0,0,0
1790616530.963592,6,-19,-16,18,23532,19355,1539,7964,109356,109357,109353,109354,0,0,0,0
1790616531.027545,8,-19,-16,17,23567,18786,1031,8428,109386,109387,109383,109384,0,0,0,0
1790616531.065582,15,-13,-12,15,23798,18415,647,8939,109416,109417,109413,109414,0,0,0,0
1790616531.126679,14,-12,-10,11,24210,18108,328,9277,109446,109447,109443,109444,0,0,0,0
1790616531.1833239,15,-11,-11,13,24546,17727,22,9605,109476,109477,109473,109474,0,0,0,0
1790616531.243209,10,-11,-6,15,24899,17418,32511,10000,109506,109507,109503,109504,0,0,0,0
1790616531.2840981,13,-2,-8,6,25199,17210,32228,10253,109536,109537,109533,109534,0,0,0,0
1790616531.343458,3,0,-8,-2,25414,17033,31963,10425,109596,109597,109593,109594,0,0,0,0
1790616531.4050229,1,3,2,-3,25398,17055,31978,10407,109626,109627,109623,109624,0,0,0,0
1790616531.465384,-5,0,0,-5,25332,17124,32058,10347,109656,109657,109653,109654,0,0,0,0
1790616531.503479,-8,4,2,-1,25230,17213,32166,10266,109686,109687,109683,109684,0,0,0,0
1790616531.583633,-9,3,3,-3,25112,17301,32280,10174,109716,109717,109713,109714,0,0,0,0
1790616531.627499,-6,2,3,-3,24984,17390,32394,10074,109746,109747,109743,109744,0,0,0,0
1790616531.685772,0,4,0,-7,24853,17487,32508,9957,109776,109777,109773,109774,0,0,0,0
1790616531.7433028,-7,7,2,-8,24715,17602,32623,9829,109806,109807,109803,109804,0,0,0,0
1790616531.7834141,-7,5,5,-7,24565,17754,32754,9677,109836,109837,109833,109834,0,0,0,0
1790616531.843292,-9,10,8,-7,24387,17979,155,9489,109866,109867,109863,109864,0,0,0,0
1790616531.903313,-10,9,4,-10,23895,18484,642,9040,109926,109927,109923,109924,0,0,0,0
1790616531.963316,-12,3,8,-8,23603,18669,856,8771,109956,109957,109953,109954,0,0,0,0
1790616532.024244,0,2,6,-6,23489,18892,1060,8566,109986,109987,109983,109984,0,0,0,0
1790616532.063715,-3,5,0,-6,23416,19037,1179,8437,110016,110017,110013,110014,0,0,0,0
1790616532.124863,-4,3,0,1,23376,19103,1238,8371,110046,110047,110043,110044,0,0,0,0
1790616532.183485,-2,2,-7,3,23356,19128,1264,8340,110076,110077,110073,110074,0,0,0,0
1790616532.226923,4,-2,4,-1,23355,19126,1267,8337,110106,110107,110103,110104,0,0,0,0
1790616532.2834518,-2,-3,-6,3,23367,19109,1251,8354,110136,110137,110133,110134,0,0,0,0
1790616532.325592,-41,-27,-46,-38,22506,18242,575,7733,110166,110167,110163,110164,0,0,0,0
1790616532.38343,-31,-29,-30,-27,21638,17298,32308,6739,110196,110197,110193,110194,0,0,0,0
1790616532.426784,-32,-27,-33,-40,20851,16545,31401,5739,110226,110227,110223,110224,0,0,0,0
1790616532.483871,-34,-26,-34,-32,19818,15698,30513,4768,110256,110257,110253,110254,0,0,0,0
1790616532.5436292,-37,-31,-25,-38,18856,14837,29565,3799,110286,110287,110283,110284,0,0,0,0
1790616532.584028,-48,-39,-30,-36,17829,13828,28671,2799,110316,110317,110313,110314,0,0,0,0
1790616532.6435761,-29,-34,-43,-45,16768,12711,27611,1884,110346,110347,110343,110344,0,0,0,0
1790616532.7032719,-38,-34,-32,-35,15865,11598,26568,869,110376,110377,110373,110374,0,0,0,0
1790616532.745661,-43,-35,-38,-30,14814,10552,25522,32536,110406,110407,110403,110404,0,0,0,0
1790616532.803245,-43,-43,-41,-45,12724,8464,23325,30534,110466,110467,110463,110464,0,0,0,0
1790616532.8440719,-40,-38,-27,-36,11583,7372,22191,29386,110496,110497,110493,110494,0,0,0,0
1790616532.904574,-35,-40,-38,-43,10490,6346,21230,28392,110526,110527,110523,110524,0,0,0,0
1790616532.963444,-40,-42,-43,-43,9383,5254,20193,27145,110556,110557,110553,110554,0,0,0,0
1790616533.003649,-33,-49,-37,-39,8250,4233,19117,26178,110586,110587,110583,110584,0,0,0,0
1790616533.065618,-39,-31,-43,-52,7242,3087,18071,25093,110616,110617,110613,110614,0,0,0,0
1790616533.103561,-46,-33,-47,-40,6160,2089,16942,23975,110646,110647,110643,110644,0,0,0,0
1790616533.1633122,-43,-39,-36,-42,5193,872,15832,22950,110676,110677,110673,110674,0,0,0,0
1790616533.226893,-44,-33,-41,-43,4158,32599,14667,21823,110706,110707,110703,110704,0,0,0,0
1790616533.283201,-38,-39,-45,-32,3044,31476,13566,20759,110736,110737,110733,110734,0,0,0,0
1790616533.324085,-33,-41,-35,-37,2090,30483,12546,19589,110766,110767,110763,110764,0,0,0,0
1790616533.388034,-41,-45,-31,-30,909,29420,11475,18537,110796,110797,110793,110794,0,0,0,0
1790616533.443724,-30,-34,-28,-32,32728,28385,10542,17662,110826,110827,110823,110824,0,0,0,0
1790616533.4834182,-42,-37,-40,-36,31862,27504,9699,16848,110856,110857,110853,110854,0,0,0,0
1790616533.544389,-39,-24,-35,-29,30943,26638,8831,15891,110886,110887,110883,110884,0,0,0,0
1790616533.603304,-32,-28,-28,-31,29607,25158,7244,14395,110946,110947,110943,110944,0,0,0,0
1790616533.6640608,-28,-21,-28,-32,28895,24457,6480,13568,110976,110977,110973,110974,0,0,0,0
1790616533.703385,-21,-24,-15,-23,28228,23927,5911,12898,111006,111007,111003,111004,0,0,0,0
1790616533.765412,-18,-15,-29,-14,27682,23372,5476,12478,111036,111037,111033,111034,0,0,0,0
1790616533.8435972,-23,-21,-10,-19,27122,22877,4989,11994,111066,111067,111063,111064,0,0,0,0
1790616533.90329,-17,-8,-21,-30,26201,22215,4209,11072,111126,111127,111123,111124,0,0,0,0
1790616533.9633138,-13,-6,-16,-17,25804,22069,3786,10470,111156,111157,111153,111154,0,0,0,0
1790616534.003547,-4,-8,-22,-17,25547,21879,3392,10074,111186,111187,111183,111184,0,0,0,0
1790616534.0630789,-8,-15,-14,-16,25255,21621,3005,9568,111216,111217,111213,111214,0,0,0,0
1790616534.1059148,-12,-11,-7,-14,24880,21284,2679,9249,111246,111247,111243,111244,0,0,0,0
1790616534.16324,-10,-14,-10,-6,24628,20951,2485,9093,111276,111277,111273,111274,0,0,0,0
1790616534.224447,-16,-39,-6,-5,24346,20335,2284,8981,111306,111307,111303,111304,0,0,0,0
1790616534.2655659,1,-16,-7,5,24120,19879,2131,8929,111336,111337,111333,111334,0,0,0,0
1790616534.3262389,-2,-12,-14,-2,24006,19624,1921,8912,111366,111367,111363,111364,0,0,0,0
1790616534.38573,-2,-7,-14,-8,23899,19398,1622,8786,111396,111397,111393,111394,0,0,0,0
1790616534.443965,-5,-8,-13,-11,23777,19233,1300,8490,111426,111427,111423,111424,0,0,0,0
1790616534.4856372,-9,0,-9,-7,23633,19181,1066,8127,111456,111457,111453,111454,0,0,0,0
1790616534.5450208,-10,-6,-7,-13,23444,19113,944,7890,111486,111487,111483,111484,0,0,0,0
1790616534.603304,-3,2,-2,0,23249,19006,870,7711,111516,111517,111513,111514,0,0,0,0
1790616534.6447139,0,-3,-2,1,23245,19030,891,7699,111576,111577,111573,111574,0,0,0,0
1790616534.703528,2,1,0,2,23269,19010,871,7723,111606,111607,111603,111604,0,0,0,0
1790616534.765545,-3,4,-4,0,23290,18980,843,7750,111636,111637,111633,111634,0,0,0,0
1790616534.825204,2,1,1,4,23315,18956,821,7774,111666,111667,111663,111664,0,0,0,0
1790616534.8644679,-5,-3,-9,-1,23333,18934,799,7794,111696,111697,111693,111694,0,0,0,0
1790616534.923303,1,2,2,0,23358,18929,788,7819,111726,111727,111723,111724,0,0,0,0
1790616534.96335,-4,4,-2,-3,23370,18914,772,7826,111756,111757,111753,111754,0,0,0,0
1790616535.0258749,1,1,-6,4,23381,18895,755,7837,111786,111787,111783,111784,0,0,0,0
1790616535.083555,-4,0,-2,1,23392,18882,742,7851,111816,111817,111813,111814,0,0,0,0
1790616535.128476,12,0,-1,-3,23402,18873,731,7861,111846,111847,111843,111844,0,0,0,0
1790616535.187833,4,2,2,5,23407,18867,725,7866,111876,111877,111873,111874,0,0,0,0
1790616535.226222,-1,-3,0,-3,23410,18861,721,7870,111906,111907,111903,111904,0,0,0,0
1790616535.288925,0,2,4,1,23413,18861,717,7872,111936,111937,111933,111934,0,0,0,0
1790616535.3433652,0,-2,-6,0,23413,18862,719,7872,111966,111967,111963,111964,0,0,0,0
1790616535.403363,-9,-8,-4,-3,23409,18857,718,7866,111996,111997,111993,111994,0,0,0,0
1790616535.443454,-2,-1,5,-3,23390,18871,727,7850,112026,112027,112023,112024,0,0,0,0
1790616535.504211,2,-3,0,-1,23402,18887,751,7861,112086,112087,112083,112084,0,0,0,0
1790616535.543503,3,-6,-6,-4,23412,18875,736,7871,112116,112117,112113,112114,0,0,0,0
1790616535.604112,8,-13,-5,5,23490,18766,668,7910,112146,112147,112143,112144,0,0,0,0
1790616535.6434948,62,-53,-37,25,24352,18062,165,8230,112176,112177,112173,112174,0,0,0,0
1790616535.703677,108,-55,-64,45,26474,16739,31387,9216,112206,112207,112203,112204,0,0,0,0
1790616535.765313,80,-59,-68,84,28550,15148,29753,11110,112236,112237,112233,112234,0,0,0,0
1790616535.824776,59,-69,-81,71,30383,13385,27717,12913,112266,112267,112263,112264,0,0,0,0
1790616535.864444,64,-67,-81,61,32570,11391,25604,15106,112296,112297,112293,112294,0,0,0,0
1790616535.924198,76,-64,-75,67,1967,9505,23430,17090,112326,112327,112323,112324,0,0,0,0
1790616535.9871511,70,-51,-62,65,3900,7951,21417,18747,112356,112357,112353,112354,0,0,0,0
1790616536.027502,58,-46,-55,58,5592,6707,19634,20262,112386,112387,112383,112384,0,0,0,0
1790616536.104188,60,-40,-52,44,8560,4350,16851,22639,112446,112447,112443,112444,0,0,0,0
1790616536.1641111,58,-36,-59,44,9973,3104,15387,23726,112476,112477,112473,112474,0,0,0,0
1790616536.204347,47,-53,-56,54,11529,1906,13892,25072,112506,112507,112503,112504,0,0,0,0
1790616536.267854,76,-61,-71,48,13222,331,12122,26555,112536,112537,112533,112534,0,0,0,0
1790616536.3244119,48,-59,-94,67,14973,31500,10734,28274,112566,112567,112563,112564,0,0,0,0
1790616536.387054,62,-72,-86,64,16554,29715,8634,29896,112596,112597,112593,112594,0,0,0,0
1790616536.4245372,67,-52,-67,53,18454,28032,6726,31403,112626,112627,112623,112624,0,0,0,0
1790616536.4875252,65,-58,-65,56,20122,26475,4872,238,112656,112657,112653,112654,0,0,0,0
1790616536.544831,58,-67,-51,59,21813,24910,3181,1950,112686,112687,112683,112684,0,0,0,0
1790616536.604398,44,-47,-58,51,23389,23435,1662,3371,112716,112717,112713,112714,0,0,0,0
1790616536.644366,64,-59,-52,64,26401,20567,31364,6266,112776,112777,112773,112774,0,0,0,0
1790616536.7074518,58,-54,-65,49,27889,19043,29846,7701,112806,112807,112803,112804,0,0,0,0
1790616536.768631,54,-57,-61,57,29415,17505,28304,9262,112836,112837,112833,112834,0,0,0,0
1790616536.804739,69,-60,-46,71,31022,15996,26638,10837,112866,112867,112863,112864,0,0,0,0
1790616536.864526,48,-69,-73,55,32673,14296,24906,12486,112896,112897,112893,112894,0,0,0,0
1790616536.9241228,69,-58,-56,59,1597,12644,23281,14122,112926,112927,112923,112924,0,0,0,0
1790616536.9653,61,-63,-59,62,3199,11021,21643,15788,112956,112957,112953,112954,0,0,0,0
1790616537.0253062,58,-54,-67,47,4729,9411,20036,17423,112986,112987,112983,112984,0,0,0,0
1790616537.086393,58,-49,-52,52,6237,7918,18609,18944,113016,113017,113013,113014,0,0,0,0
1790616537.125312,52,-58,-57,69,7825,6481,17064,20552,113046,113047,113043,113044,0,0,0,0
1790616537.185822,41,-52,-64,50,9297,4867,15538,22015,113076,113077,113073,113074,0,0,0,0
1790616537.224532,56,-48,-57,45,10713,3334,14034,23431,113106,113107,113103,113104,0,0,0,0
1790616537.287194,46,-41,-49,54,12060,2131,12679,24748,113136,113137,113133,113134,0,0,0,0
1790616537.3442822,41,-38,-31,43,13196,897,11402,25983,113166,113167,113163,113164,0,0,0,0
1790616537.405217,21,-24,-21,17,14747,32130,9869,27560,113226,113227,113223,113224,0,0,0,0
1790616537.4484632,14,-16,-16,-3,15179,31636,9362,27959,113256,113257,113253,113254,0,0,0,0
1790616537.504301,12,-11,-13,12,15516,31302,9021,28279,113286,113287,113283,113284,0,0,0,0
1790616537.5643451,14,-17,-19,17,15921,30967,8674,28678,113316,113317,113313,113314,0,0,0,0
1790616537.6043048,22,-21,-18,16,16374,30501,8211,29124,113346,113347,113343,113344,0,0,0,0
1790616537.664248,22,-28,-26,32,17027,29886,7686,29792,113376,113377,113373,113374,0,0,0,0
1790616537.7249548,24,-21,-27,22,17649,29191,6927,30459,113406,113407,113403,113404,0,0,0,0
1790616537.7841458,18,-21,-27,19,18382,28572,6222,31119,113436,113437,113433,113434,0,0,0,0
1790616537.8472052,21,-19,-13,21,18900,28035,5694,31655,113466,113467,113463,113464,0,0,0,0
1790616537.886622,12,-13,-15,14,19323,27655,5329,32179,113496,113497,113493,113494,0,0,0,0
1790616537.946982,5,-8,-8,7,19606,27344,4994,32492,113526,113527,113523,113524,0,0,0,0
1790616537.986517,11,-5,-10,7,19777,27079,4759,32681,113556,113557,113553,113554,0,0,0,0
1790616538.0473092,30,-9,-10,6,19971,26846,4544,102,113586,113587,113583,113584,0,0,0,0
1790616538.104191,16,-14,-15,7,20304,26565,4237,425,113616,113617,113613,113614,0,0,0,0
1790616538.1472719,20,-19,-16,16,20775,26138,3770,890,113646,113647,113643,113644,0,0,0,0
1790616538.204289,26,-21,-19,25,21278,25560,3259,1392,113676,113677,113673,113674,0,0,0,0
1790616538.2471628,19,-32,-24,19,21850,24922,2715,2020,113706,113707,113703,113704,0,0,0,0
1790616538.324183,19,-20,-18,13,22846,23899,1616,2992,113766,113767,113763,113764,0,0,0,0
1790616538.364519,9,-11,-16,10,23232,23512,1190,3355,113796,113797,113793,113794,0,0,0,0
1790616538.424154,4,-16,-9,6,23478,23265,932,3609,113826,113827,113823,113824,0,0,0,0
1790616538.46523,-1,-6,-6,8,23633,23114,758,3802,113856,113857,113853,113854,0,0,0,0
1790616538.5240839,1,-2,-10,6,23751,23008,644,3942,113886,113887,113883,113884,0,0,0,0
1790616538.564555,3,-4,-2,0,23841,22926,557,4041,113916,113917,113913,113914,0,0,0,0
1790616538.625282,-2,-7,0,-1,23907,22858,487,4111,113946,113947,113943,113944,0,0,0,0
1790616538.6870668,1,0,0,2,23966,22799,433,4171,113976,113977,113973,113974,0,0,0,0
1790616538.726751,-2,-6,1,-2,24018,22740,383,4220,114006,114007,114003,114004,0,0,0,0
1790616538.786489,2,0,0,4,24065,22687,334,4268,114036,114037,114033,114034,0,0,0,0
1790616538.845772,1,-1,-4,3,24113,22631,285,4313,114066,114067,114063,114064,0,0,0,0
1790616538.885973,-1,-1,-7,3,24162,22574,235,4359,114096,114097,114093,114094,0,0,0,0
1790616538.9461691,-1,-1,-4,2,24210,22519,186,4401,114126,114127,114123,114124,0,0,0,0
1790616539.004273,-2,0,-1,5,24302,22407,89,4483,114186,114187,114183,114184,0,0,0,0
1790616539.047812,4,-3,-2,-1,24346,22357,44,4523,114216,114217,114213,114214,0,0,0,0
1790616539.104121,2,3,-3,-1,24385,22316,4,4560,114246,114247,114243,114244,0,0,0,0
1790616539.1642811,-1,-4,-2,0,24418,22281,32738,4589,114276,114277,114273,114274,0,0,0,0
1790616539.2242858,-3,-1,0,-2,24441,22257,32715,4609,114306,114307,114303,114304,0,0,0,0
1790616539.287423,-1,-1,-5,0,24452,22247,32703,4619,114336,114337,114333,114334,0,0,0,0
1790616539.3244128,-1,-7,-3,5,24452,22247,32702,4621,114366,114367,114363,114364,0,0,0,0
1790616539.387682,2,-2,4,-3,24445,22255,32709,4614,114396,114397,114393,114394,0,0,0,0
1790616539.4462159,3,-1,0,-1,24437,22263,32718,4607,114426,114427,114423,114424,0,0,0,0
1790616539.484895,20,27,11,5,24489,22375,32736,4620,114456,114457,114453,114454,0,0,0,0
1790616539.548257,37,31,41,36,25456,23419,924,5600,114486,114487,114483,114484,0,0,0,0
1790616539.604384,34,33,29,37,27322,25089,2814,7538,114546,114547,114543,114544,0,0,0,0
1790616539.664238,30,33,38,43,28172,25975,3768,8607,114576,114577,114573,114574,0,0,0,0
1790616539.704603,41,34,45,28,29228,26953,4839,9568,114606,114607,114603,114604,0,0,0,0
1790616539.7688901,28,33,33,26,30245,28054,5840,10487,114636,114637,114633,114634,0,0,0,0
1790616539.824817,40,33,31,31,31369,29077,6808,11503,114666,114667,114663,114664,0,0,0,0
1790616539.8645592,36,43,31,33,32465,30167,7819,12450,114696,114697,114693,114694,0,0,0,0
1790616539.92486,33,27,35,39,779,31191,8905,13496,114726,114727,114723,114724,0,0,0,0
1790616539.986458,35,34,34,40,1860,32219,9965,14588,114756,114757,114753,114754,0,0,0,0
1790616540.048884,35,41,47,39,2816,507,11062,15640,114786,114787,114783,114784,0,0,0,0
1790616540.0852952,38,47,47,40,3850,1541,12190,16751,114816,114817,114813,114814,0,0,0,0
1790616540.146431,39,40,53,46,4819,2558,13377,17814,114846,114847,114843,114844,0,0,0,0
1790616540.1850162,33,41,40,36,5910,3608,14509,18922,114876,114877,114873,114874,0,0,0,0
1790616540.2468638,47,38,37,36,8215,5839,16597,21065,114936,114937,114933,114934,0,0,0,0
1790616540.304574,35,33,30,35,9341,6895,17583,22144,114966,114967,114963,114964,0,0,0,0
1790616540.3640718,40,36,37,38,10489,8026,18701,23234,114996,114997,114993,114994,0,0,0,0
1790616540.424184,31,35,25,32,11580,9095,19778,24277,115026,115027,115023,115024,0,0,0,0
1790616540.464371,37,45,43,43,12591,10177,20880,25411,115056,115057,115053,115054,0,0,0,0
1790616540.5266151,37,36,35,35,13629,11188,21933,26384,115086,115087,115083,115084,0,0,0,0
1790616540.5854,33,35,38,38,14428,12089,23022,27285,115116,115117,115113,115114,0,0,0,0
1790616540.645072,26,27,24,29,15327,12991,23869,28128,115146,115147,115143,115144,0,0,0,0
1790616540.684449,28,22,34,24,16207,13836,24688,29008,115176,115177,115173,115174,0,0,0,0
1790616540.7482328,27,31,23,36,16992,14595,25592,29833,115206,115207,115203,115204,0,0,0,0
1790616540.8053498,29,14,23,25,17696,15196,26250,30574,115236,115237,115233,115234,0,0,0,0
1790616540.864873,22,17,28,27,19010,16466,27645,31934,115296,115297,115293,115294,0,0,0,0
1790616540.904495,18,17,22,18,19559,17039,28154,32505,115326,115327,115323,115324,0,0,0,0
1790616540.965237,20,21,18,13,20068,17531,28613,163,115356,115357,115353,115354,0,0,0,0
1790616541.0241652,22,24,18,14,20654,18184,29075,619,115386,115387,115383,115384,0,0,0,0
1790616541.085036,13,11,17,8,21060,18684,29466,925,115416,115417,115413,115414,0,0,0,0
1790616541.125122,17,17,11,12,21399,19091,29880,1181,115446,115447,115443,115444,0,0,0,0
1790616541.184111,9,7,18,16,21778,19447,30242,1554,115476,115477,115473,115474,0,0,0,0
1790616541.2253902,6,5,2,9,22062,19625,30491,1955,115506,115507,115503,115504,0,0,0,0
1790616541.284417,9,-2,7,13,22303,19734,30736,2305,115536,115537,115533,115534,0,0,0,0
1790616541.3463428,4,-2,14,11,22531,19850,31044,2692,115566,115567,115563,115564,0,0,0,0
1790616541.38516,11,3,6,9,22729,20009,31333,2997,115596,115597,115593,115594,0,0,0,0
1790616541.447048,9,11,14,4,22925,20269,31611,3200,115626,115627,115623,115624,0,0,0,0
1790616541.48643,5,12,11,3,23111,20604,31850,3281,115656,115657,115653,115654,0,0,0,0
1790616541.5465212,7,11,9,3,23337,20989,32036,3306,115686,115687,115683,115684,0,0,0,0
1790616541.584469,3,14,0,0,23567,21332,32225,3356,115716,115717,115713,115714,0,0,0,0
1790616541.6485682,6,9,6,5,24120,21843,32499,3598,115776,115777,115773,115774,0,0,0,0
1790616541.7042959,10,6,2,3,24375,21990,32621,3840,115806,115807,115803,115804,0,0,0,0
1790616541.766143,4,-4,-1,3,24492,21972,32696,4069,115836,115837,115833,115834,0,0,0,0
1790616541.824095,3,-8,-4,0,24600,21912,32696,4239,115866,115867,115863,115864,0,0,0,0
1790616541.8647192,3,-1,0,-1,24664,21856,32632,4302,115896,115897,115893,115894,0,0,0,0
1790616541.9241579,-2,0,1,1,24687,21835,32603,4327,115926,115927,115923,115924,0,0,0,0
1790616541.985281,-6,-6,3,1,24687,21836,32603,4327,115956,115957,115953,115954,0,0,0,0
1790616542.0471702,-7,-4,-3,-3,24674,21853,32620,4313,115986,115987,115983,115984,0,0,0,0
1790616542.0851269,-1,-4,0,1,24652,21870,32638,4295,116016,116017,116013,116014,0,0,0,0
1790616542.145449,0,3,5,-2,24638,21884,32650,4275,116046,116047,116043,116044,0,0,0,0
1790616542.1855721,-2,1,-2,2,24628,21898,32671,4269,116076,116077,116073,116074,0,0,0,0
1790616542.24455,-1,-5,1,1,24616,21906,32681,4256,116106,116107,116103,116104,0,0,0,0
1790616542.306798,-1,0,4,-2,24605,21917,32695,4242,116166,116167,116163,116164,0,0,0,0
1790616542.34521,2,0,-9,-1,24604,21917,32695,4243,116196,116197,116193,116194,0,0,0,0
1790616542.407308,0,-2,1,4,24607,21915,32694,4245,116226,116227,116223,116224,0,0,0,0
1790616542.446612,0,3,2,-6,24608,21913,32692,4247,116256,116257,116253,116254,0,0,0,0
1790616542.508468,-4,-2,-4,-1,24616,21913,32690,4252,116286,116287,116283,116284,0,0,0,0
1790616542.5643342,0,-3,5,2,24637,21915,32699,4282,116316,116317,116313,116314,0,0,0,0
1790616542.607319,-3,-1,-2,1,24675,21893,32683,4318,116346,116347,116343,116344,0,0,0,0
1790616542.664511,1,-4,-4,-8,24680,21892,32685,4326,116376,116377,116373,116374,0,0,0,0
1790616542.724311,1,0,-2,1,24676,21900,32689,4320,116406,116407,116403,116404,0,0,0,0
1790616542.805217,1,8,-4,-3,24670,21905,32694,4313,116436,116437,116433,116434,0,0,0,0
1790616542.845591,0,-3,-6,-2,24662,21910,32700,4308,116466,116467,116463,116464,0,0,0,0
1790616542.905776,1,-3,-3,-2,24658,21914,32705,4305,116496,116497,116493,116494,0,0,0,0
1790616542.944751,-3,-3,5,-3,24655,21915,32708,4302,116526,116527,116523,116524,0,0,0,0
1790616543.005789,2,-3,-5,-2,24651,21923,32713,4297,116586,116587,116583,116584,0,0,0,0
1790616543.0466182,8,0,-3,3,24705,21888,32701,4324,116616,116617,116613,116614,0,0,0,0
1790616543.10636,37,-34,-22,21,25255,21430,32469,4580,116646,116647,116643,116644,0,0,0,0
1790616543.1446369,79,-65,-43,47,27069,19785,31460,5679,116676,116677,116673,116674,0,0,0,0
1790616543.2062871,74,-69,-84,73,28671,17683,29711,7445,116706,116707,116703,116704,0,0,0,0
1790616543.2652311,68,-80,-78,69,30397,15909,27764,9501,116736,116737,116733,116734,0,0,0,0
1790616543.324119,65,-69,-80,64,32489,13849,25684,11604,116766,116767,116763,116764,0,0,0,0
1790616543.365983,76,-69,-75,72,1727,11714,23526,13680,116796,116797,116793,116794,0,0,0,0
1790616543.424133,62,-68,-59,67,3567,9946,21582,15474,116826,116827,116823,116824,0,0,0,0
1790616543.466371,53,-49,-52,54,5070,8413,19903,17089,116856,116857,116853,116854,0,0,0,0
1790616543.523995,53,-41,-48,44,6469,7095,18639,18451,116886,116887,116883,116884,0,0,0,0
1790616543.5657878,47,-47,-42,39,7676,5814,17386,19596,116916,116917,116913,116914,0,0,0,0
1790616543.6241531,51,-38,-46,34,8985,4564,16148,20915,116946,116947,116943,116944,0,0,0,0
1790616543.684345,53,-49,-51,54,10350,3055,14719,22266,116976,116977,116973,116974,0,0,0,0
1790616543.724797,58,-72,-67,67,11924,1491,13043,23869,117006,117007,117003,117004,0,0,0,0
1790616543.80735,69,-65,-69,73,15471,30681,9500,27451,117066,117067,117063,117064,0,0,0,0
1790616543.846016,54,-59,-56,60,17231,28956,7775,29233,117096,117097,117093,117094,0,0,0,0
1790616543.9074602,68,-64,-57,55,18876,27324,5944,30911,117126,117127,117123,117124,0,0,0,0
1790616543.964117,66,-51,-59,47,20357,25840,4440,32471,117156,117157,117153,117154,0,0,0,0
1790616544.0243452,52,-47,-47,41,21871,24346,3035,1090,117186,117187,117183,117184,0,0,0,0
1790616544.0659041,39,-56,-53,50,23323,22932,1637,2503,117216,117217,117213,117214,0,0,0,0
1790616544.124328,57,-58,-58,66,24694,21475,135,3946,117246,117247,117243,117244,0,0,0,0
1790616544.164496,67,-59,-50,58,26234,19913,31369,5480,117276,117277,117273,117274,0,0,0,0
1790616544.22418,50,-64,-64,74,27842,18342,29794,7184,117306,117307,117303,117304,0,0,0,0
1790616544.284534,41,-73,-51,76,29237,16407,28316,9120,117336,117337,117333,117334,0,0,0,0
1790616544.3243442,31,-81,-48,79,30344,14211,27028,11558,117366,117367,117363,117364,0,0,0,0
1790616544.3850071,36,-98,-28,71,31387,11994,26128,13817,117396,117397,117393,117394,0,0,0,0
1790616544.444258,26,-93,-35,82,32297,9809,25191,15973,117426,117427,117423,117424,0,0,0,0
1790616544.484284,46,-60,-53,71,675,8065,24045,17961,117456,117457,117453,117454,0,0,0,0
1790616544.544276,45,-50,-65,44,2212,6652,22213,19518,117486,117487,117483,117484,0,0,0,0
1790616544.5842938,72,-36,-95,32,4053,5481,20322,20681,117516,117517,117513,117514,0,0,0,0
1790616544.6452951,101,-14,-99,11,6309,4871,17943,21434,117546,117547,117543,117544,0,0,0,0
1790616544.704285,69,-23,-75,23,10760,3966,13539,22242,117606,117607,117603,117604,0,0,0,0
1790616544.74526,40,-25,-39,27,12229,3255,11967,22814,117636,117637,117633,117634,0,0,0,0
1790616544.804327,29,-27,-32,34,13151,2456,11177,23605,117666,117667,117663,117664,0,0,0,0
1790616544.8643,23,-41,-16,29,13860,1570,10502,24528,117696,117697,117693,117694,0,0,0,0
1790616544.9246662,7,-25,-21,34,14279,660,10113,25504,117726,117727,117723,117724,0,0,0,0
1790616544.96546,9,-15,-5,19,14573,35,9769,26194,117756,117757,117753,117754,0,0,0,0
1790616545.045246,6,-12,-11,7,14769,32469,9549,26544,117786,117787,117783,117784,0,0,0,0
1790616545.10586,3,2,-2,1,15007,32217,9308,26778,117846,117847,117843,117844,0,0,0,0
1790616545.144961,-4,-1,-4,1,15050,32164,9256,26822,117876,117877,117873,117874,0,0,0,0
1790616545.206677,-3,-1,-3,-3,15057,32157,9246,26830,117906,117907,117903,117904,0,0,0,0
1790616545.265783,3,-4,-6,-2,15037,32185,9267,26812,117936,117937,117933,117934,0,0,0,0
1790616545.324169,2,0,0,-2,15005,32227,9302,26781,117966,117967,117963,117964,0,0,0,0
1790616545.3655381,-5,-2,-3,-1,14972,32265,9337,26751,117996,117997,117993,117994,0,0,0,0
1790616545.424086,-3,5,5,-3,14941,32301,9372,26723,118026,118027,118023,118024,0,0,0,0
1790616545.4642482,2,3,0,-2,14912,32333,9404,26696,118056,118057,118053,118054,0,0,0,0
1790616545.525697,-3,1,0,-5,14890,32358,9428,26677,118086,118087,118083,118084,0,0,0,0
1790616545.564497,5,2,2,0,14874,32371,9444,26664,118116,118117,118113,118114,0,0,0,0
1790616545.625567,0,0,-6,-5,14874,32378,9454,26661,118146,118147,118143,118144,0,0,0,0
1790616545.66456,-3,-1,38,-2,14878,32384,9457,26658,118176,118177,118173,118174,0,0,0,0
1790616545.7255108,-3,-2,-3,-1,14879,32379,9453,26662,118206,118207,118203,118204,0,0,0,0
1790616545.785273,-1,-4,-2,2,14882,32374,9450,26668,118236,118237,118233,118234,0,0,0,0
1790616545.825616,4,3,1,6,14888,32375,9447,26670,118266,118267,118263,118264,0,0,0,0
1790616545.884362,-2,-4,2,-4,14885,32373,9445,26669,118296,118297,118293,118294,0,0,0,0
1790616545.94433,3,1,-2,2,14884,32373,9447,26669,118326,118327,118323,118324,0,0,0,0
1790616545.984288,1,5,1,1,14884,32375,9447,26668,118356,118357,118353,118354,0,0,0,0
1790616546.0440168,1,-3,9,2,14883,32376,9448,26668,118386,118387,118383,118384,0,0,0,0
1790616546.0842612,2,0,2,-1,14882,32377,9449,26667,118416,118417,118413,118414,0,0,0,0
1790616546.144039,-1,-1,-4,1,14883,32377,9449,26666,118446,118447,118443,118444,0,0,0,0
1790616546.18429,2,-2,-3,1,14884,32376,9448,26667,118476,118477,118473,118474,0,0,0,0
1790616546.244077,-1,4,1,1,14885,32377,9448,26669,118506,118507,118503,118504,0,0,0,0
1790616546.304078,4,1,2,6,14887,32379,9449,26670,118566,118567,118563,118564,0,0,0,0
1790616546.345052,4,0,-5,-4,14884,32381,9452,26667,118596,118597,118593,118594,0,0,0,0
1790616546.405431,0,8,1,-3,14883,32386,9456,26667,118626,118627,118623,118624,0,0,0,0
1790616546.44518,3,-1,-2,5,14882,32386,9457,26665,118656,118657,118653,118654,0,0,0,0
1790616546.5060558,-1,-4,2,1,14885,32388,9459,26666,118686,118687,118683,118684,0,0,0,0
1790616546.5679731,0,1,0,2,14887,32391,9459,26668,118716,118717,118713,118714,0,0,0,0
1790616546.606005,2,-2,1,2,14888,32392,9461,26669,118746,118747,118743,118744,0,0,0,0
1790616546.666345,0,5,1,1,14901,32399,9468,26682,118776,118777,118773,118774,0,0,0,0
1790616546.706988,-1,-1,-1,-2,14928,32385,9466,26712,118806,118807,118803,118804,0,0,0,0
1790616546.7683892,-19,-1,-4,-3,14930,32383,9460,26717,118836,118837,118833,118834,0,0,0,0
1790616546.8243241,-4,3,2,-2,14919,32395,9472,26706,118866,118867,118863,118864,0,0,0,0
1790616546.866463,-2,0,-3,0,14907,32410,9487,26694,118896,118897,118893,118894,0,0,0,0
1790616546.925075,-1,-2,-3,1,14894,32422,9501,26684,118926,118927,118923,118924,0,0,0,0
1790616546.9842849,-2,7,-5,-1,14887,32429,9511,26677,118956,118957,118953,118954,0,0,0,0
1790616547.0244632,-2,1,1,-3,14885,32435,9515,26675,118986,118987,118983,118984,0,0,0,0
1790616547.08426,3,-4,3,3,14884,32437,9518,26673,119016,119017,119013,119014,0,0,0,0
1790616547.144417,-2,1,5,4,14886,32437,9519,26674,119046,119047,119043,119044,0,0,0,0
1790616547.184587,2,-3,1,3,14882,32431,9509,26670,119076,119077,119073,119074,0,0,0,0
1790616547.250578,0,0,4,2,14891,32430,9513,26682,119106,119107,119103,119104,0,0,0,0
1790616547.305485,0,-5,2,-4,14914,32432,9526,26709,119166,119167,119163,119164,0,0,0,0
1790616547.366029,3,1,6,-3,14916,32435,9526,26710,119196,119197,119193,119194,0,0,0,0
1790616547.40551,4,3,-5,2,14916,32437,9528,26710,119226,119227,119223,119224,0,0,0,0
1790616547.466624,-2,3,0,4,14917,32435,9527,26711,119256,119257,119253,119254,0,0,0,0
1790616547.504577,0,3,4,-1,14917,32434,9527,26712,119286,119287,119283,119284,0,0,0,0
1790616547.565656,-1,0,-5,-4,14918,32432,9524,26714,119316,119317,119313,119314,0,0,0,0
1790616547.62413,5,2,2,4,14920,32433,9525,26714,119346,119347,119343,119344,0,0,0,0
1790616547.665609,0,-4,-6,-3,14919,32435,9527,26714,119376,119377,119373,119374,0,0,0,0
1790616547.7242281,0,3,2,1,14918,32440,9531,26712,119406,119407,119403,119404,0,0,0,0
1790616547.784222,-2,4,2,3,14917,32445,9535,26708,119436,119437,119433,119434,0,0,0,0
1790616547.8242528,1,-8,0,0,14930,32462,9574,26737,119466,119467,119463,119464,0,0,0,0
1790616547.8849542,-3,-4,0,-1,14937,32478,9585,26735,119496,119497,119493,119494,0,0,0,0
1790616547.924523,1,0,-2,-2,14924,32477,9597,26731,119526,119527,119523,119524,0,0,0,0
1790616547.985704,0,-2,4,1,14917,32486,9605,26726,119556,119557,119553,119554,0,0,0,0
1790616548.044307,0,3,4,-2,14909,32492,9613,26722,119586,119587,119583,119584,0,0,0,0
1790616548.106336,1,-2,-5,0,14905,32501,9623,26713,119646,119647,119643,119644,0,0,0,0
1790616548.1664262,3,1,0,0,14905,32499,9620,26715,119676,119677,119673,119674,0,0,0,0
1790616548.205059,0,1,-1,1,14909,32498,9618,26718,119706,119707,119703,119704,0,0,0,0
1790616548.265711,-1,-5,2,-4,14912,32494,9614,26719,119736,119737,119733,119734,0,0,0,0
1790616548.3051488,-2,-1,2,1,14927,32467,9587,26733,119766,119767,119763,119764,0,0,0,0
1790616548.365799,-3,1,0,-3,14964,32473,9594,26766,119796,119797,119793,119794,0,0,0,0
1790616548.424285,-1,-7,1,-3,14970,32478,9602,26774,119826,119827,119823,119824,0,0,0,0
1790616548.467073,7,-5,2,1,14966,32484,9611,26769,119856,119857,119853,119854,0,0,0,0
1790616548.524173,-5,-5,-8,2,14959,32490,9617,26765,119886,119887,119883,119884,0,0,0,0
1790616548.584935,0,6,3,0,14956,32494,9625,26764,119916,119917,119913,119914,0,0,0,0
1790616548.624268,0,0,-5,-1,14959,32493,9626,26766,119946,119947,119943,119944,0,0,0,0
1790616548.684232,-4,0,-2,0,14961,32491,9623,26769,119976,119977,119973,119974,0,0,0,0
1790616548.744062,-1,-5,1,-1,14966,32488,9617,26773,120006,120007,120003,120004,0,0,0,0
1790616548.78544,-3,-2,-3,-2,14968,32488,9615,26776,120036,120037,120033,120034,0,0,0,0
1790616548.844173,-4,0,-3,-2,14968,32489,9617,26774,120066,120067,120063,120064,0,0,0,0
1790616548.904091,-1,-2,-2,3,14970,32497,9626,26779,120096,120097,120093,120094,0,0,0,0
1790616548.944318,4,2,-5,-4,14968,32490,9621,26773,120126,120127,120123,120124,0,0,0,0
1790616549.005586,-3,-1,5,-1,15022,32493,9616,26829,120186,120187,120183,120184,0,0,0,0
1790616549.0444312,-1,0,-6,-4,15016,32509,9648,26828,120216,120217,120213,120214,0,0,0,0
1790616549.106954,-3,1,5,-1,15001,32522,9666,26814,120246,120247,120243,120244,0,0,0,0
1790616549.1674209,-1,-5,1,-6,14992,32534,9681,26805,120276,120277,120273,120274,0,0,0,0
1790616549.206562,-1,4,-2,3,14990,32542,9692,26802,120306,120307,120303,120304,0,0,0,0
1790616549.2735481,-2,5,-3,0,14990,32542,9695,26803,120336,120337,120333,120334,0,0,0,0
1790616549.324646,2,2,0,1,14995,32542,9694,26810,120366,120367,120363,120364,0,0,0,0
1790616549.367954,4,4,3,2,15000,32541,9692,26814,120396,120397,120393,120394,0,0,0,0
1790616549.424243,1,1,0,-4,15003,32543,9695,26818,120426,120427,120423,120424,0,0,0,0
1790616549.4843001,4,-4,-5,3,15003,32547,9702,26818,120456,120457,120453,120454,0,0,0,0
1790616549.544598,-1,-6,-4,-2,14999,32557,9716,26816,120516,120517,120513,120514,0,0,0,0
1790616549.604186,-1,4,0,0,15000,32562,9722,26817,120546,120547,120543,120544,0,0,0,0
1790616549.6645172,4,2,1,-1,15003,32563,9726,26821,120576,120577,120573,120574,0,0,0,0
1790616549.704673,-4,3,0,2,15004,32568,9731,26822,120606,120607,120603,120604,0,0,0,0
1790616549.773323,0,-2,0,-7,15005,32568,9734,26824,120636,120637,120633,120634,0,0,0,0
1790616549.824079,0,-1,-7,-2,15009,32569,9734,26828,120666,120667,120663,120664,0,0,0,0
1790616549.865973,-1,-1,-3,0,15012,32569,9732,26833,120696,120697,120693,120694,0,0,0,0
1790616549.924219,3,1,6,-1,15015,32567,9734,26838,120726,120727,120723,120724,0,0,0,0
1790616549.9853,4,0,-2,-4,15019,32570,9736,26843,120756,120757,120753,120754,0,0,0,0
1790616550.024464,-2,1,0,-1,15021,32572,9741,26846,120786,120787,120783,120784,0,0,0,0
1790616550.0853171,-3,8,0,0,15023,32576,9748,26850,120816,120817,120813,120814,0,0,0,0
1790616550.124492,0,-4,3,2,15026,32579,9756,26855,120846,120847,120843,120844,0,0,0,0
1790616550.184208,1,5,-2,1,15029,32583,9763,26860,120876,120877,120873,120874,0,0,0,0
1790616550.229839,2,-1,-2,0,15031,32587,9770,26863,120906,120907,120903,120904,0,0,0,0
1790616550.284215,-1,5,0,-3,15030,32593,9784,26868,120936,120937,120933,120934,0,0,0,0
1790616550.344151,-2,4,0,-1,15029,32601,9799,26871,120966,120967,120963,120964,0,0,0,0
1790616550.3842402,0,3,-5,-2,15028,32605,9811,26874,120996,120997,120993,120994,0,0,0,0
1790616550.444407,2,3,-1,2,15035,32609,9820,26886,121026,121027,121023,121024,0,0,0,0
1790616550.5050461,-4,6,4,-1,15057,32630,9849,26907,121086,121087,121083,121084,0,0,0,0
1790616550.544373,1,-7,3,0,15060,32637,9864,26914,121116,121117,121113,121114,0,0,0,0
1790616550.6043031,-2,-1,1,-4,15058,32646,9877,26912,121146,121147,121143,121144,0,0,0,0
1790616550.664001,-5,1,0,-4,15052,32654,9894,26909,121176,121177,121173,121174,0,0,0,0
1790616550.7064278,-4,-7,1,-1,15046,32662,9907,26909,121206,121207,121203,121204,0,0,0,0
1790616550.7672,-4,1,1,-2,15045,32668,9917,26910,121236,121237,121233,121234,0,0,0,0
1790616550.825081,-3,-2,4,-4,15044,32672,9926,26911,121266,121267,121263,121264,0,0,0,0
1790616550.8843782,2,1,-1,-1,15043,32678,9938,26912,121296,121297,121293,121294,0,0,0,0
1790616550.945041,-5,2,2,1,15038,32687,9952,26912,121326,121327,121323,121324,0,0,0,0
1790616550.9842272,-1,0,-4,-1,15034,32694,9965,26911,121356,121357,121353,121354,0,0,0,0
1790616551.045111,1,1,3,-1,15036,32698,9973,26915,121386,121387,121383,121384,0,0,0,0
1790616551.0851588,6,5,2,0,15044,32703,9981,26928,121416,121417,121413,121414,0,0,0,0
1790616551.1448781,-5,-7,0,2,15055,32703,9987,26939,121446,121447,121443,121444,0,0,0,0
1790616551.205065,-6,1,-3,2,15057,32705,9992,26946,121476,121477,121473,121474,0,0,0,0
1790616551.244255,-2,1,-2,2,15055,32714,10006,26947,121536,121537,121533,121534,0,0,0,0
1790616551.32783,-2,-3,-1,-7,15050,32721,10017,26946,121566,121567,121563,121564,0,0,0,0
1790616551.36765,-3,-2,2,3,15048,32727,10028,26947,121596,121597,121593,121594,0,0,0,0
1790616551.4271538,0,1,-3,0,15044,32730,10038,26948,121626,121627,121623,121624,0,0,0,0
1790616551.464869,5,20,2,4,15043,32738,10050,26949,121656,121657,121653,121654,0,0,0,0
1790616551.52655,0,-3,0,-2,15021,32740,10064,26935,121686,121687,121683,121684,0,0,0,0
1790616551.584068,-2,1,2,2,14996,17,10106,26913,121716,121717,121713,121714,0,0,0,0
1790616551.626704,0,6,0,-4,14993,38,10148,26915,121746,121747,121743,121744,0,0,0,0
1790616551.684729,-2,0,2,4,14983,50,10170,26912,121776,121777,121773,121774,0,0,0,0
1790616551.7262511,3,5,-1,-3,14980,58,10182,26909,121806,121807,121803,121804,0,0,0,0
1790616551.784449,2,8,-5,2,14978,60,10186,26911,121836,121837,121833,121834,0,0,0,0
1790616551.844049,1,-7,5,-2,14979,62,10190,26913,121866,121867,121863,121864,0,0,0,0
1790616551.8841841,-1,-2,-2,1,14981,64,10196,26917,121896,121897,121893,121894,0,0,0,0
1790616551.944184,31,34,34,39,15182,337,10310,27075,121926,121927,121923,121924,0,0,0,0
1790616552.0045109,38,46,36,41,16384,1524,11570,28290,121956,121957,121953,121954,0,0,0,0
1790616552.04416,36,31,36,33,18277,3299,13487,30202,122016,122017,122013,122014,0,0,0,0
1790616552.1043189,37,37,37,33,19169,4353,14504,31071,122046,122047,122043,122044,0,0,0,0
1790616552.1668532,43,32,42,44,20144,5286,15495,32095,122076,122077,122073,122074,0,0,0,0
1790616552.227013,36,36,44,37,21235,6276,16560,349,122106,122107,122103,122104,0,0,0,0
1790616552.2841659,35,37,28,35,22239,7266,17555,1399,122136,122137,122133,122134,0,0,0,0
1790616552.344084,38,43,42,35,23371,8352,18597,2423,122166,122167,122163,122164,0,0,0,0
1790616552.403977,36,37,33,30,24433,9404,19679,3462,122196,122197,122193,122194,0,0,0,0
1790616552.44419,37,34,49,40,26644,11606,21826,5569,122256,122257,122253,122254,0,0,0,0
1790616552.50399,40,32,37,33,27639,12722,23058,6645,122286,122287,122283,122284,0,0,0,0
1790616552.5649972,51,35,40,45,28615,13802,24087,7674,122316,122317,122313,122314,0,0,0,0
1790616552.604055,41,36,42,34,29717,14840,25312,8879,122346,122347,122343,122344,0,0,0,0
1790616552.666092,48,45,39,44,30653,15834,26322,9916,122376,122377,122373,122374,0,0,0,0
1790616552.705195,40,38,43,41,31948,16938,27407,11066,122406,122407,122403,122404,0,0,0,0
1790616552.7710102,35,51,38,34,194,18027,28469,12098,122436,122437,122433,122434,0,0,0,0
1790616552.8042848,50,45,40,44,1386,19173,29432,13088,122466,122467,122463,122464,0,0,0,0
1790616552.864578,42,40,35,39,2481,20237,30589,14194,122496,122497,122493,122494,0,0,0,0
1790616552.926788,31,37,32,26,3505,21271,31548,15118,122526,122527,122523,122524,0,0,0,0
1790616552.9642649,31,35,33,30,4472,22190,32615,16041,122556,122557,122553,122554,0,0,0,0
1790616553.027455,28,29,29,32,5428,23101,808,17007,122586,122587,122583,122584,0,0,0,0
1790616553.065042,32,25,24,31,6190,23896,1587,17754,122616,122617,122613,122614,0,0,0,0
1790616553.128673,28,28,29,24,7023,24632,2354,18612,122646,122647,122643,122644,0,0,0,0
1790616553.1841128,25,28,22,21,7791,25446,3177,19339,122676,122677,122673,122674,0,0,0,0
1790616553.225677,26,22,21,19,8403,26062,3816,20020,122706,122707,122703,122704,0,0,0,0
1790616553.284174,19,19,20,17,9041,26693,4472,20712,122736,122737,122733,122734,0,0,0,0
1790616553.3446841,23,26,21,33,9570,27313,5061,21194,122766,122767,122763,122764,0,0,0,0
1790616553.384207,24,22,15,26,10175,27904,5643,21736,122796,122797,122793,122794,0,0,0,0
1790616553.444036,18,15,20,18,10681,28369,6063,22216,122826,122827,122823,122824,0,0,0,0
1790616553.4842272,15,15,13,18,11176,28780,6484,22709,122856,122857,122853,122854,0,0,0,0
1790616553.54414,14,10,13,11,11925,29473,7212,23431,122916,122917,122913,122914,0,0,0,0
1790616553.604147,15,15,16,14,12342,29886,7639,23848,122946,122947,122943,122944,0,0,0,0
1790616553.6441522,2,9,17,10,12626,30191,7958,24175,122976,122977,122973,122974,0,0,0,0
1790616553.704064,-36,10,6,7,12831,30420,8214,24388,123006,123007,123003,123004,0,0,0,0
1790616553.765019,5,8,10,4,13104,30688,8495,24611,123036,123037,123033,123034,0,0,0,0
1790616553.804202,7,4,4,9,13355,30961,8771,24819,123066,123067,123063,123064,0,0,0,0
1790616553.8639328,5,9,9,7,13544,31201,8995,25005,123096,123097,123093,123094,0,0,0,0
1790616553.904483,4,7,6,7,13744,31416,9196,25207,123126,123127,123123,123124,0,0,0,0
1790616553.964104,6,8,8,8,13943,31619,9406,25433,123156,123157,123153,123154,0,0,0,0
1790616554.0448,9,-6,9,9,14099,31824,9601,25610,123186,123187,123183,123184,0,0,0,0
1790616554.086048,6,7,8,10,14272,32019,9815,25821,123216,123217,123213,123214,0,0,0,0
1790616554.14525,5,5,9,11,14463,32161,10046,26118,123246,123247,123243,123244,0,0,0,0
1790616554.204001,1,1,-4,0,14551,32137,10157,26292,123276,123277,123273,123274,0,0,0,0
1790616554.244983,-4,-3,-1,-1,14579,32137,10161,26314,123336,123337,123333,123334,0,0,0,0
1790616554.3047318,-4,1,-3,-11,14564,32151,10174,26300,123366,123367,123363,123364,0,0,0,0
1790616554.3639019,-1,-4,3,1,14549,32168,10193,26287,123396,123397,123393,123394,0,0,0,0
1790616554.4041228,1,2,4,2,14535,32184,10208,26272,123426,123427,123423,123424,0,0,0,0
1790616554.46479,-1,1,-3,-4,14524,32197,10222,26261,123456,123457,123453,123454,0,0,0,0
1790616554.525588,-4,-6,2,3,14514,32206,10227,26249,123486,123487,123483,123484,0,0,0,0
1790616554.5849988,0,1,-1,-13,14505,32224,10245,26248,123516,123517,123513,123514,0,0,0,0
1790616554.626484,-2,3,-3,-1,14494,32248,10268,26237,123546,123547,123543,123544,0,0,0,0
1790616554.684212,-3,-2,5,-2,14478,32267,10288,26225,123576,123577,123573,123574,0,0,0,0
1790616554.7440472,-4,5,-2,-2,14438,32308,10325,26191,123636,123637,123633,123634,0,0,0,0
1790616554.804201,0,-4,-6,4,14414,32338,10353,26170,123666,123667,123663,123664,0,0,0,0
1790616554.866024,0,-4,2,0,14389,32369,10383,26146,123696,123697,123693,123694,0,0,0,0
1790616554.926817,-4,1,-1,4,14365,32398,10413,26127,123726,123727,123723,123724,0,0,0,0
1790616554.966957,3,-4,6,5,14360,32423,10450,26136,123756,123757,123753,123754,0,0,0,0
1790616555.0271978,2,-1,1,-1,14358,32428,10462,26139,123786,123787,123783,123784,0,0,0,0
1790616555.065813,-4,4,1,0,14347,32442,10479,26133,123816,123817,123813,123814,0,0,0,0
1790616555.126355,2,-1,1,0,14331,32455,10493,26120,123846,123847,123843,123844,0,0,0,0
1790616555.164973,0,2,-1,-6,14313,32470,10508,26104,123876,123877,123873,123874,0,0,0,0
1790616555.227021,0,1,-5,3,14296,32485,10523,26086,123906,123907,123903,123904,0,0,0,0
1790616555.284113,1,3,-3,-1,14283,32496,10536,26073,123936,123937,123933,123934,0,0,0,0
1790616555.327019,-1,3,-1,-1,14274,32508,10548,26064,123966,123967,123963,123964,0,0,0,0
1790616555.38408,3,-2,1,3,14264,32516,10557,26056,123996,123997,123993,123994,0,0,0,0
1790616555.4441721,-3,6,-3,-2,14257,32525,10566,26047,124026,124027,124023,124024,0,0,0,0
1790616555.488481,0,-1,3,3,14251,32530,10572,26042,124056,124057,124053,124054,0,0,0,0
1790616555.545737,3,0,1,2,14264,32516,10569,26050,124086,124087,124083,124084,0,0,0,0
1790616555.588108,34,-19,-8,15,14592,32260,10430,26270,124116,124117,124113,124114,0,0,0,0
1790616555.644642,74,-65,-36,63,16241,31149,9809,27391,124146,124147,124143,124144,0,0,0,0
1790616555.703914,64,-62,-70,54,18181,29041,8393,28931,124176,124177,124173,124174,0,0,0,0
1790616555.744534,67,-77,-80,80,21964,25399,4444,108,124236,124237,124233,124234,0,0,0,0
1790616555.803979,76,-55,-79,70,24020,23331,2332,2315,124266,124267,124263,124264,0,0,0,0
1790616555.864098,72,-66,-72,67,25930,21406,338,4421,124296,124297,124293,124294,0,0,0,0
1790616555.9245,50,-49,-53,59,27704,19693,31319,6055,124326,124327,124323,124324,0,0,0,0
1790616555.964436,43,-45,-56,46,29117,18361,29903,7486,124356,124357,124353,124354,0,0,0,0
1790616556.0262778,36,-37,-48,52,30299,17115,28665,8718,124386,124387,124383,124384,0,0,0,0
1790616556.086782,50,-50,-49,46,31545,15919,27436,9926,124416,124417,124413,124414,0,0,0,0
1790616556.12418,44,-56,-49,58,58,14585,26200,11262,124446,124447,124443,124444,0,0,0,0
1790616556.186749,72,-58,-63,51,1646,12967,24532,12767,124476,124477,124473,124474,0,0,0,0
1790616556.248051,64,-61,-81,75,3339,11250,22897,14563,124506,124507,124503,124504,0,0,0,0
1790616556.3050041,54,-57,-59,68,6857,7701,19221,18189,124566,124567,124563,124564,0,0,0,0
1790616556.364181,61,-69,-57,59,8540,6006,17443,19792,124596,124597,124593,124594,0,0,0,0
1790616556.405055,40,-75,-43,63,9912,4252,16013,21532,124626,124627,124623,124624,0,0,0,0
1790616556.464041,26,-63,-41,71,10744,2372,14849,23427,124656,124657,124653,124654,0,0,0,0
1790616556.525555,10,-88,-27,79,11480,132,14024,25873,124686,124687,124683,124684,0,0,0,0
1790616556.5641332,16,-91,-16,93,11823,30541,13467,28228,124716,124717,124713,124714,0,0,0,0
1790616556.625206,14,-87,-13,95,12224,27959,13066,30834,124746,124747,124743,124744,0,0,0,0
1790616556.6640031,18,-110,-15,101,12759,25279,12670,763,124776,124777,124773,124774,0,0,0,0
1790616556.72557,32,-101,-32,89,13508,22667,11986,3324,124806,124807,124803,124804,0,0,0,0
1790616556.785703,39,-93,-33,81,14298,20213,11162,5783,124836,124837,124833,124834,0,0,0,0
1790616556.8447738,36,-94,-38,78,15275,17964,10210,8170,124866,124867,124863,124864,0,0,0,0
1790616556.904222,53,-74,-46,56,16570,16034,8973,10270,124896,124897,124893,124894,0,0,0,0
1790616556.946656,48,-50,-58,61,19726,12869,5822,13337,124956,124957,124953,124954,0,0,0,0
1790616557.004761,59,-47,-66,59,21340,11529,4109,14743,124986,124987,124983,124984,0,0,0,0
1790616557.063853,63,-49,-62,44,23003,10302,2560,15990,125016,125017,125013,125014,0,0,0,0
1790616557.104875,47,-45,-54,40,24483,9038,1087,17328,125046,125047,125043,125044,0,0,0,0
1790616557.164853,40,-41,-42,41,25762,7781,32534,18563,125076,125077,125073,125074,0,0,0,0
1790616557.204445,37,-40,-33,34,26976,6658,31356,19695,125106,125107,125103,125104,0,0,0,0
1790616557.264579,31,-32,-21,31,27978,5621,30295,20786,125136,125137,125133,125134,0,0,0,0
1790616557.325726,31,-29,-26,32,28845,4817,29405,21641,125166,125167,125163,125164,0,0,0,0
1790616557.364219,22,-27,-28,27,29542,4153,28735,22323,125196,125197,125193,125194,0,0,0,0
1790616557.424324,19,-23,-25,16,30141,3437,28125,22969,125226,125227,125223,125224,0,0,0,0
1790616557.4641302,21,-20,-26,7,30659,2886,27525,23518,125256,125257,125253,125254,0,0,0,0
1790616557.523936,15,-12,-20,19,31252,2387,26964,24064,125286,125287,125283,125284,0,0,0,0
1790616557.5650518,15,-17,-9,11,31704,1962,26544,24489,125316,125317,125313,125314,0,0,0,0
1790616557.623979,15,-22,-18,20,32147,1465,26125,24902,125346,125347,125343,125344,0,0,0,0
1790616557.664178,8,-16,-20,15,32535,948,25695,25371,125376,125377,125373,125374,0,0,0,0
1790616557.724139,14,-13,-18,9,141,543,25213,25751,125406,125407,125403,125404,0,0,0,0
1790616557.789906,17,-14,-17,12,571,131,24750,26154,125436,125437,125433,125434,0,0,0,0
1790616557.824651,10,-16,-12,16,979,32538,24361,26560,125466,125467,125463,125464,0,0,0,0
1790616557.887397,19,-14,-15,10,1383,32210,24010,26906,125496,125497,125493,125494,0,0,0,0
1790616557.943914,14,-16,-15,20,1824,31748,23601,27332,125526,125527,125523,125524,0,0,0,0
1790616557.989575,8,-12,-18,18,2210,31321,23215,27726,125556,125557,125553,125554,0,0,0,0
1790616558.044002,13,-17,-17,25,2561,30942,22762,28123,125586,125587,125583,125584,0,0,0,0
1790616558.104013,12,-16,-15,18,3011,30536,22299,28580,125616,125617,125613,125614,0,0,0,0
1790616558.144612,15,-19,-10,16,3484,30133,21893,29025,125646,125647,125643,125644,0,0,0,0
1790616558.204982,10,-16,-12,17,4355,29188,21112,30022,125706,125707,125703,125704,0,0,0,0
1790616558.245213,14,-23,-13,12,4649,28753,20773,30410,125736,125737,125733,125734,0,0,0,0
1790616558.30515,9,-12,-11,13,4975,28399,20404,30756,125766,125767,125763,125764,0,0,0,0
1790616558.3640478,10,-3,-10,4,5220,28186,20130,31001,125796,125797,125793,125794,0,0,0,0
1790616558.405188,2,-4,-8,3,5372,28085,19987,31122,125826,125827,125823,125824,0,0,0,0
1790616558.4656608,0,-3,-4,-4,5471,28007,19894,31208,125856,125857,125853,125854,0,0,0,0
1790616558.5440168,0,-5,-10,4,5534,27954,19830,31264,125886,125887,125883,125884,0,0,0,0
1790616558.604147,-3,-3,-3,1,5566,27923,19790,31295,125916,125917,125913,125914,0,0,0,0
1790616558.64481,-7,2,-3,4,5576,27913,19776,31305,125976,125977,125973,125974,0,0,0,0
1790616558.7046962,2,-1,2,-3,5566,27921,19785,31296,126006,126007,126003,126004,0,0,0,0
1790616558.7650461,-5,2,1,1,5557,27933,19798,31287,126036,126037,126033,126034,0,0,0,0
1790616558.805456,2,0,-3,0,5546,27943,19810,31277,126066,126067,126063,126064,0,0,0,0
1790616558.864533,1,0,0,6,5539,27949,19817,31271,126096,126097,126093,126094,0,0,0,0
1790616558.904812,-2,-6,-2,0,5537,27950,19820,31269,126126,126127,126123,126124,0,0,0,0
1790616558.963949,-2,1,2,0,5540,27949,19819,31271,126156,126157,126153,126154,0,0,0,0
1790616559.004815,1,-3,4,-4,5544,27946,19815,31274,126186,126187,126183,126184,0,0,0,0
1790616559.064675,1,0,-5,1,5546,27946,19814,31276,126216,126217,126213,126214,0,0,0,0
1790616559.124044,-3,0,-2,-6,5547,27946,19814,31275,126246,126247,126243,126244,0,0,0,0
1790616559.1617742,2,-2,2,0,5548,27946,19814,31276,126276,126277,126273,126274,0,0,0,0
1790616559.2258198,7,6,-6,-2,5550,27945,19812,31283,126306,126307,126303,126304,0,0,0,0
1790616559.2847161,-5,1,3,-1,5555,27947,19810,31284,126336,126337,126333,126334,0,0,0,0
1790616559.324039,1,-1,-8,-2,5555,27948,19811,31281,126366,126367,126363,126364,0,0,0,0
1790616559.38537,-2,0,-2,3,5552,27949,19812,31279,126396,126397,126393,126394,0,0,0,0
1790616559.4241369,-3,1,-3,-1,5550,27949,19813,31277,126426,126427,126423,126424,0,0,0,0
1790616559.484183,-3,0,-2,-2,5550,27951,19816,31278,126456,126457,126453,126454,0,0,0,0
1790616559.5440588,-1,-3,-5,-4,5552,27948,19815,31279,126486,126487,126483,126484,0,0,0,0
1790616559.587486,-3,1,0,-2,5554,27948,19813,31281,126516,126517,126513,126514,0,0,0,0
1790616559.644705,-4,-1,-3,3,5555,27950,19815,31282,126546,126547,126543,126544,0,0,0,0
1790616559.684986,0,-1,2,-1,5554,27955,19818,31281,126576,126577,126573,126574,0,0,0,0
1790616559.744066,-4,-1,-4,-2,5554,27957,19822,31281,126606,126607,126603,126604,0,0,0,0
1790616559.805762,-1,-1,0,0,5555,27959,19823,31281,126666,126667,126663,126664,0,0,0,0
1790616559.864566,0,3,-2,4,5556,27960,19823,31282,126696,126697,126693,126694,0,0,0,0
1790616559.924512,-5,0,0,-5,5558,27959,19822,31284,126726,126727,126723,126724,0,0,0,0
1790616559.964813,3,-3,-2,-3,5560,27959,19820,31284,126756,126757,126753,126754,0,0,0,0
1790616560.027211,-2,-4,-2,0,5560,27957,19820,31285,126786,126787,126783,126784,0,0,0,0
1790616560.064796,-1,0,3,1,5575,27952,19814,31299,126816,126817,126813,126814,0,0,0,0
1790616560.1249652,0,-4,-2,0,5590,27940,19793,31310,126846,126847,126843,126844,0,0,0,0
1790616560.185167,1,2,0,-3,5591,27944,19796,31310,126876,126877,126873,126874,0,0,0,0
1790616560.225315,-1,-3,-1,-2,5579,27957,19808,31299,126906,126907,126903,126904,0,0,0,0
1790616560.284352,3,-1,-3,-4,5568,27965,19818,31290,126936,126937,126933,126934,0,0,0,0
1790616560.323253,7,2,1,1,5564,27973,19826,31286,126966,126967,126963,126964,0,0,0,0
1790616560.3881469,-2,0,-4,1,5566,27976,19828,31286,126996,126997,126993,126994,0,0,0,0
1790616560.446891,-3,2,-1,-4,5568,27978,19828,31288,127026,127027,127023,127024,0,0,0,0
1790616560.486121,1,-1,-2,3,5567,27979,19829,31288,127056,127057,127053,127054,0,0,0,0
1790616560.54675,1,0,1,1,5567,27982,19833,31287,127086,127087,127083,127084,0,0,0,0
1790616560.585951,1,1,2,1,5563,27976,19823,31278,127116,127117,127113,127114,0,0,0,0
1790616560.645642,0,2,3,6,5577,27978,19836,31301,127146,127147,127143,127144,0,0,0,0
1790616560.7063098,-2,-7,3,-1,5595,27978,19834,31318,127206,127207,127203,127204,0,0,0,0
1790616560.766939,1,-3,-1,0,5598,27977,19833,31320,127236,127237,127233,127234,0,0,0,0
1790616560.824065,2,-1,-2,1,5599,27980,19832,31320,127266,127267,127263,127264,0,0,0,0
1790616560.8643,0,-5,-2,0,5596,27983,19836,31318,127296,127297,127293,127294,0,0,0,0
1790616560.924617,4,4,-1,1,5596,27985,19838,31317,127326,127327,127323,127324,0,0,0,0
1790616560.965545,-1,-6,-1,-1,5597,27987,19840,31318,127356,127357,127353,127354,0,0,0,0
1790616561.0242932,3,5,1,3,5601,27987,19840,31322,127386,127387,127383,127384,0,0,0,0
1790616561.0856938,-2,4,1,0,5604,27987,19836,31324,127416,127417,127413,127414,0,0,0,0
1790616561.124288,1,-3,3,0,5607,27984,19834,31326,127446,127447,127443,127444,0,0,0,0
1790616561.187847,2,4,0,9,5612,27994,19841,31335,127476,127477,127473,127474,0,0,0,0
1790616561.246242,-5,1,1,-3,5616,28005,19874,31352,127506,127507,127503,127504,0,0,0,0
1790616561.287963,-3,2,0,-1,5611,28008,19876,31342,127536,127537,127533,127534,0,0,0,0
1790616561.34552,1,1,2,-6,5607,28013,19880,31338,127566,127567,127563,127564,0,0,0,0
1790616561.404015,-5,1,-3,-1,5605,28015,19885,31337,127626,127627,127623,127624,0,0,0,0
1790616561.4458392,1,1,-1,-2,5607,28017,19885,31338,127656,127657,127653,127654,0,0,0,0
1790616561.504817,-3,2,1,1,5607,28018,19885,31338,127686,127687,127683,127684,0,0,0,0
1790616561.564619,-2,3,0,-5,5605,28018,19885,31337,127716,127717,127713,127714,0,0,0,0
1790616561.6046,1,2,2,-1,5606,28016,19886,31338,127746,127747,127743,127744,0,0,0,0
1790616561.6644638,-4,-3,-3,-1,5606,28008,19877,31333,127776,127777,127773,127774,0,0,0,0
1790616561.704096,-1,0,-4,3,5630,27990,19856,31362,127806,127807,127803,127804,0,0,0,0
1790616561.7653482,1,-1,5,1,5650,27998,19859,31379,127836,127837,127833,127834,0,0,0,0
1790616561.824587,3,0,5,-2,5654,28003,19869,31385,127866,127867,127863,127864,0,0,0,0
1790616561.8843431,0,-2,-5,4,5650,28007,19877,31384,127896,127897,127893,127894,0,0,0,0
1790616561.924605,-2,2,-3,2,5649,28012,19882,31383,127926,127927,127923,127924,0,0,0,0
1790616561.985002,-2,-3,-6,2,5648,28013,19884,31383,127956,127957,127953,127954,0,0,0,0
1790616562.048921,-3,-4,-2,-1,5650,28013,19886,31388,127986,127987,127983,127984,0,0,0,0
1790616562.084961,1,1,-3,-6,5651,28014,19887,31387,128016,128017,128013,128014,0,0,0,0
1790616562.147132,0,-2,0,-6,5649,28017,19889,31387,128046,128047,128043,128044,0,0,0,0
1790616562.1841989,0,5,-3,-4,5649,28021,19894,31385,128076,128077,128073,128074,0,0,0,0
1790616562.246793,1,-4,3,-3,5648,28023,19898,31384,128106,128107,128103,128104,0,0,0,0
1790616562.303912,-2,-5,-2,-4,5649,28028,19904,31387,128136,128137,128133,128134,0,0,0,0
1790616562.346572,1,4,0,0,5677,28009,19878,31411,128196,128197,128193,128194,0,0,0,0
1790616562.404564,-2,0,-4,4,5679,28008,19876,31414,128226,128227,128223,128224,0,0,0,0
1790616562.464007,0,2,-1,-6,5677,28016,19885,31411,128256,128257,128253,128254,0,0,0,0
1790616562.504076,-2,0,-6,-1,5674,28027,19896,31407,128286,128287,128283,128284,0,0,0,0
1790616562.56396,-4,0,-1,-2,5674,28033,19904,31404,128316,128317,128313,128314,0,0,0,0
1790616562.624094,0,6,4,4,5675,28036,19909,31408,128346,128347,128343,128344,0,0,0,0
1790616562.6652439,1,7,1,5,5678,28035,19908,31410,128376,128377,128373,128374,0,0,0,0
1790616562.723914,-4,0,1,0,5684,28035,19910,31419,128406,128407,128403,128404,0,0,0,0
1790616562.7849548,1,0,-3,-1,5686,28036,19910,31419,128436,128437,128433,128434,0,0,0,0
1790616562.8477619,-1,1,-1,-2,5687,28037,19913,31421,128466,128467,128463,128464,0,0,0,0
1790616562.904064,2,-1,0,0,5688,28044,19923,31424,128526,128527,128523,128524,0,0,0,0
1790616562.952544,3,0,0,-1,5688,28050,19926,31423,128556,128557,128553,128554,0,0,0,0
1790616563.004024,0,0,2,2,5691,28056,19937,31427,128586,128587,128583,128584,0,0,0,0
1790616563.0640278,0,1,0,-4,5696,28061,19940,31431,128616,128617,128613,128614,0,0,0,0
1790616563.105441,5,-2,1,-4,5699,28057,19940,31436,128646,128647,128643,128644,0,0,0,0
1790616563.164361,2,-3,4,-4,5709,28055,19941,31447,128676,128677,128673,128674,0,0,0,0
1790616563.225219,-2,-6,0,0,5717,28055,19942,31458,128706,128707,128703,128704,0,0,0,0
1790616563.268613,-1,1,4,-1,5723,28052,19938,31463,128736,128737,128733,128734,0,0,0,0
1790616563.324466,-1,-3,-9,-2,5729,28051,19938,31472,128766,128767,128763,128764,0,0,0,0
1790616563.3647301,-5,-1,0,-5,5736,28050,19939,31478,128796,128797,128793,128794,0,0,0,0
1790616563.423904,-3,7,-1,1,5739,28047,19937,31484,128826,128827,128823,128824,0,0,0,0
1790616563.464027,6,0,0,-5,5745,28049,19936,31490,128856,128857,128853,128854,0,0,0,0
1790616563.523885,-5,-5,0,4,5747,28051,19942,31494,128886,128887,128883,128884,0,0,0,0
1790616563.564957,-6,5,1,3,5749,28054,19945,31497,128916,128917,128913,128914,0,0,0,0
1790616563.623936,3,-3,5,-4,5751,28055,19947,31502,128946,128947,128943,128944,0,0,0,0
1790616563.683957,-1,0,-3,3,5757,28056,19950,31509,128976,128977,128973,128974,0,0,0,0
1790616563.7241821,-6,7,1,-4,5763,28057,19951,31516,129006,129007,129003,129004,0,0,0,0
1790616563.7839942,2,3,-4,-1,5767,28056,19953,31522,129036,129037,129033,129034,0,0,0,0
1790616563.8469892,-4,-5,1,2,5795,28077,19968,31547,129066,129067,129063,129064,0,0,0,0
1790616563.903826,-3,-3,-2,-6,5805,28069,19964,31549,129096,129097,129093,129094,0,0,0,0
1790616563.947972,-1,0,-7,2,5813,28076,19969,31566,129126,129127,129123,129124,0,0,0,0
1790616564.006929,-3,-3,-2,-2,5818,28073,19975,31580,129156,129157,129153,129154,0,0,0,0
1790616564.04476,1,7,-3,-3,5818,28075,19976,31580,129186,129187,129183,129184,0,0,0,0
1790616564.1038458,-5,0,-2,-2,5817,28074,19976,31581,129216,129217,129213,129214,0,0,0,0
1790616564.1461608,-5,1,-3,0,5820,28077,19981,31585,129246,129247,129243,129244,0,0,0,0
1790616564.2039502,-2,-2,5,-2,5821,28081,19986,31585,129276,129277,129273,129274,0,0,0,0
1790616564.245976,0,-2,-1,0,5820,28082,19989,31588,129306,129307,129303,129304,0,0,0,0
1790616564.307714,2,-3,1,1,5823,28085,19993,31594,129366,129367,129363,129364,0,0,0,0
1790616564.345301,-1,-2,-3,0,5822,28088,19998,31594,129396,129397,129393,129394,0,0,0,0
1790616564.404063,-2,-5,1,-6,5819,28091,20008,31595,129426,129427,129423,129424,0,0,0,0
1790616564.4640472,-2,1,-5,-4,5838,28111,20028,31616,129456,129457,129453,129454,0,0,0,0
1790616564.507073,1,-2,-1,2,5851,28116,20035,31628,129486,129487,129483,129484,0,0,0,0
1790616564.563972,-5,1,-8,-1,5854,28112,20031,31632,129516,129517,129513,129514,0,0,0,0
1790616564.623803,1,-1,-2,-1,5857,28110,20029,31638,129546,129547,129543,129544,0,0,0,0
1790616564.664295,-2,-4,-2,-1,5859,28110,20028,31642,129576,129577,129573,129574,0,0,0,0
1790616564.724936,-2,0,-3,7,5862,28112,20031,31646,129606,129607,129603,129604,0,0,0,0
1790616564.784544,0,-3,5,-1,5862,28113,20036,31646,129636,129637,129633,129634,0,0,0,0
1790616564.824275,1,4,-5,-1,5861,28116,20041,31647,129666,129667,129663,129664,0,0,0,0
1790616564.883857,-2,-1,13,-3,5861,28120,20047,31648,129696,129697,129693,129694,0,0,0,0
1790616564.946688,-2,2,-3,1,5858,28120,20043,31635,129726,129727,129723,129724,0,0,0,0
1790616564.985352,-5,2,-2,0,5831,28134,20060,31609,129756,129757,129753,129754,0,0,0,0
1790616565.046497,-1,-5,-1,-3,5832,28155,20097,31617,129786,129787,129783,129784,0,0,0,0
1790616565.106817,-2,-3,-1,0,5837,28163,20103,31618,129816,129817,129813,129814,0,0,0,0
1790616565.144654,-1,-4,-3,-4,5844,28165,20101,31626,129846,129847,129843,129844,0,0,0,0
1790616565.207857,0,-1,1,1,5851,28166,20101,31635,129906,129907,129903,129904,0,0,0,0
1790616565.264568,-4,-1,1,-2,5852,28172,20107,31638,129936,129937,129933,129934,0,0,0,0
1790616565.324197,0,-5,-2,-1,5853,28175,20115,31640,129966,129967,129963,129964,0,0,0,0
1790616565.364001,-1,-2,-1,-2,5854,28180,20123,31643,129996,129997,129993,129994,0,0,0,0
1790616565.424062,-1,1,-2,-3,5857,28184,20127,31646,130026,130027,130023,130024,0,0,0,0
1790616565.4641411,-2,-2,-2,-2,5857,28185,20133,31650,130056,130057,130053,130054,0,0,0,0
1790616565.524176,0,-5,0,-3,5859,28192,20142,31652,130086,130087,130083,130084,0,0,0,0
1790616565.5640378,3,0,1,-5,5857,28198,20149,31651,130116,130117,130113,130114,0,0,0,0
1790616565.624,-7,2,2,-4,5855,28204,20158,31652,130146,130147,130143,130144,0,0,0,0
1790616565.664392,2,-19,1,0,5855,28210,20167,31653,130176,130177,130173,130174,0,0,0,0
1790616565.723967,3,-1,1,-1,5863,28219,20178,31664,130206,130207,130203,130204,0,0,0,0
1790616565.783938,-2,1,-1,2,5868,28224,20184,31668,130236,130237,130233,130234,0,0,0,0
1790616565.8244119,-15,0,2,-3,5872,28230,20191,31675,130266,130267,130263,130264,0,0,0,0
1790616565.884398,-3,-10,-8,0,5874,28238,20200,31678,130296,130297,130293,130294,0,0,0,0
1790616565.924192,-7,-3,2,1,5872,28248,20213,31676,130326,130327,130323,130324,0,0,0,0
1790616565.983846,0,-4,-12,-1,5868,28261,20227,31673,130356,130357,130353,130354,0,0,0,0
1790616566.044584,-1,-2,-4,-1,5866,28273,20241,31672,130386,130387,130383,130384,0,0,0,0
1790616566.085736,-3,0,-2,-3,5862,28280,20255,31669,130416,130417,130413,130414,0,0,0,0
1790616566.146773,-6,-4,-5,-2,5857,28288,20265,31665,130446,130447,130443,130444,0,0,0,0
1790616566.183989,2,-3,0,-7,5853,28299,20279,31665,130476,130477,130473,130474,0,0,0,0
1790616566.245155,-2,-5,-1,0,5881,28277,20279,31681,130506,130507,130503,130504,0,0,0,0
1790616566.307641,89,-63,-33,48,7706,26489,19427,158,130566,130567,130563,130564,0,0,0,0
1790616566.363904,56,-62,-80,72,9496,24292,17979,1937,130596,130597,130593,130594,0,0,0,0
1790616566.405618,78,-85,-74,82,11323,22451,15941,3830,130626,130627,130623,130624,0,0,0,0
1790616566.463752,90,-88,-74,79,13335,20478,13849,5906,130656,130657,130653,130654,0,0,0,0
1790616566.5075798,61,-73,-78,70,15281,18445,11644,8032,130686,130687,130683,130684,0,0,0,0
1790616566.564227,51,-58,-72,65,17181,16458,9789,10096,130716,130717,130713,130714,0,0,0,0
1790616566.623776,51,-52,-49,61,18752,14799,8106,11755,130746,130747,130743,130744,0,0,0,0
1790616566.6649852,52,-50,-47,55,20044,13403,6709,13139,130776,130777,130773,130774,0,0,0,0
1790616566.724223,41,-50,-38,44,21302,12115,5506,14445,130806,130807,130803,130804,0,0,0,0
1790616566.7650619,47,-50,-48,47,22499,10811,4226,15677,130836,130837,130833,130834,0,0,0,0
1790616566.8242218,42,-48,-43,69,23728,9229,2983,17144,130866,130867,130863,130864,0,0,0,0
1790616566.884093,52,-62,-64,59,25146,7617,1604,18780,130896,130897,130893,130894,0,0,0,0
1790616566.943888,55,-67,-58,58,26680,5752,47,20799,130926,130927,130923,130924,0,0,0,0
1790616566.984114,62,-96,-59,76,28287,3824,31070,22693,130956,130957,130953,130954,0,0,0,0
1790616567.0460002,55,-61,-62,66,29937,2028,29331,24553,130986,130987,130983,130984,0,0,0,0
1790616567.1070778,61,-56,-54,47,184,31216,26310,28026,131046,131047,131043,131044,0,0,0,0
1790616567.145868,61,-56,-54,47,184,31216,26310,28026,131046,131047,131043,131044,0,0,0,0
1790616567.206741,55,-50,-48,51,2865,28191,23516,31049,131106,131107,131103,131104,0,0,0,0
1790616567.244676,45,-49,-47,43,4316,26730,22066,32582,131136,131137,131133,131134,0,0,0,0
1790616567.308258,52,-60,-60,59,5801,25267,20677,1280,131166,131167,131163,131164,0,0,0,0
1790616567.363879,65,-55,-61,56,7332,23594,19062,2854,131196,131197,131193,131194,0,0,0,0
1790616567.408397,57,-53,-60,54,9041,21960,17348,4511,131226,131227,131223,131224,0,0,0,0
1790616567.464074,41,-76,-67,71,10649,20310,15692,6186,131256,131257,131253,131254,0,0,0,0
1790616567.52446,62,-51,-52,54,12304,18620,14018,7868,131286,131287,131283,131284,0,0,0,0
1790616567.565985,49,-57,-60,56,13944,17033,12446,9607,131316,131317,131313,131314,0,0,0,0
1790616567.624616,54,-54,-59,58,15421,15372,10897,11269,131346,131347,131343,131344,0,0,0,0
1790616567.6684532,61,-46,-54,40,16922,13952,9407,12687,131376,131377,131373,131374,0,0,0,0
1790616567.724255,50,-50,-45,52,18433,12509,7978,14176,131406,131407,131403,131404,0,0,0,0
1790616567.7649941,38,-60,-58,56,19803,11046,6485,15636,131436,131437,131433,131434,0,0,0,0
1790616567.824448,46,-61,-61,52,21287,9597,5061,17150,131466,131467,131463,131464,0,0,0,0
1790616567.884444,54,-47,-50,37,22675,8211,3580,18536,131496,131497,131493,131494,0,0,0,0
1790616567.9441438,42,-36,-45,36,23972,7062,2328,19757,131526,131527,131523,131524,0,0,0,0
1790616567.984354,38,-38,-38,30,25008,6065,1263,20865,131556,131557,131553,131554,0,0,0,0
1790616568.0451121,22,-30,-25,26,25759,5325,458,21666,131586,131587,131583,131584,0,0,0,0
1790616568.084348,20,-17,-21,15,26401,4785,32657,22199,131616,131617,131613,131614,0,0,0,0
1790616568.145796,13,-12,-15,15,26833,4415,32206,22626,131646,131647,131643,131644,0,0,0,0
1790616568.184465,15,-17,-17,10,27187,4009,31811,22996,131676,131677,131673,131674,0,0,0,0
1790616568.244148,17,-20,-11,16,27607,3551,31421,23352,131706,131707,131703,131704,0,0,0,0
1790616568.306776,26,-23,-18,16,28644,2623,30449,24369,131766,131767,131763,131764,0,0,0,0
1790616568.364563,17,-34,-24,19,29265,2086,29824,24950,131796,131797,131793,131794,0,0,0,0
1790616568.4065568,14,-29,-20,23,29837,1534,29206,25581,131826,131827,131823,131824,0,0,0,0
1790616568.464221,10,-16,-22,21,30281,1002,28749,26066,131856,131857,131853,131854,0,0,0,0
1790616568.5064929,16,-19,-21,14,30687,603,28333,26499,131886,131887,131883,131884,0,0,0,0
1790616568.567326,17,-15,-15,10,31108,217,27968,26818,131916,131917,131913,131914,0,0,0,0
1790616568.6239731,15,-14,-13,14,31461,32678,27630,27150,131946,131947,131943,131944,0,0,0,0
1790616568.6650748,10,-15,-11,15,31779,32384,27274,27519,131976,131977,131973,131974,0,0,0,0
1790616568.725296,11,-13,-13,9,32150,32018,26916,27848,132006,132007,132003,132004,0,0,0,0
1790616568.770661,12,-16,-9,14,32527,31605,26588,28218,132036,132037,132033,132034,0,0,0,0
1790616568.824616,13,-12,-20,20,111,31229,26227,28664,132066,132067,132063,132064,0,0,0,0
1790616568.864235,19,-16,-17,16,624,30759,25776,29111,132096,132097,132093,132094,0,0,0,0
1790616568.924563,17,-21,-24,20,1149,30294,25248,29664,132126,132127,132123,132124,0,0,0,0
1790616568.984242,19,-24,-22,18,1684,29848,24649,30193,132156,132157,132153,132154,0,0,0,0
1790616569.044459,8,-15,-9,12,2105,29380,24241,30584,132186,132187,132183,132184,0,0,0,0
1790616569.085006,1,-7,-3,3,2322,29144,24018,30888,132216,132217,132213,132214,0,0,0,0
1790616569.144316,4,-11,-8,4,2403,29040,23913,30991,132246,132247,132243,132244,0,0,0,0
1790616569.2067368,-1,-1,2,-3,2348,29101,23964,30936,132306,132307,132303,132304,0,0,0,0
1790616569.244237,-1,-1,2,-3,2348,29101,23964,30936,132306,132307,132303,132304,0,0,0,0
1790616569.3051531,-7,3,5,-4,2145,29330,24187,30691,132366,132367,132363,132364,0,0,0,0
1790616569.365292,-3,6,5,-3,2044,29455,24284,30574,132396,132397,132393,132394,0,0,0,0
1790616569.4240918,-2,1,5,1,1969,29546,24359,30496,132426,132427,132423,132424,0,0,0,0
1790616569.466908,2,-2,7,-3,1916,29605,24410,30448,132456,132457,132453,132454,0,0,0,0
1790616569.5242019,-4,1,-3,2,1885,29636,24438,30421,132486,132487,132483,132484,0,0,0,0
1790616569.566496,-2,-1,-3,1,1873,29646,24448,30411,132516,132517,132513,132514,0,0,0,0
1790616569.6245089,1,0,1,-2,1877,29641,24446,30413,132546,132547,132543,132544,0,0,0,0
1790616569.6852732,-1,-2,0,-1,1888,29630,24436,30424,132576,132577,132573,132574,0,0,0,0
1790616569.743895,2,-2,-3,1,1902,29614,24424,30434,132606,132607,132603,132604,0,0,0,0
1790616569.784702,-5,-1,4,1,1912,29605,24416,30443,132636,132637,132633,132634,0,0,0,0
1790616569.843934,-1,1,5,-2,1916,29601,24413,30447,132666,132667,132663,132664,0,0,0,0
1790616569.9055529,4,-2,-1,-3,1914,29603,24413,30446,132696,132697,132693,132694,0,0,0,0
1790616569.943938,-2,2,-7,3,1916,29615,24419,30443,132726,132727,132723,132724,0,0,0,0
1790616570.004322,0,-4,-7,-1,1909,29613,24422,30440,132786,132787,132783,132784,0,0,0,0
1790616570.0661252,5,6,-3,-1,1911,29613,24421,30442,132816,132817,132813,132814,0,0,0,0
1790616570.105356,-3,-1,5,-4,1915,29615,24420,30443,132846,132847,132843,132844,0,0,0,0
1790616570.1654432,4,-8,-1,2,1916,29614,24420,30443,132876,132877,132873,132874,0,0,0,0
1790616570.2058508,1,-5,0,-1,1914,29615,24421,30443,132906,132907,132903,132904,0,0,0,0
1790616570.27162,2,6,-3,-3,1915,29616,24421,30443,132936,132937,132933,132934,0,0,0,0
1790616570.324116,-5,1,7,2,1918,29618,24422,30444,132966,132967,132963,132964,0,0,0,0
1790616570.3845918,2,1,4,3,1917,29617,24423,30444,132996,132997,132993,132994,0,0,0,0
1790616570.424696,-5,-2,0,3,1917,29620,24424,30444,133026,133027,133023,133024,0,0,0,0
1790616570.4841,2,-7,-3,0,1916,29621,24423,30443,133056,133057,133053,133054,0,0,0,0
1790616570.543853,-6,0,1,-6,1917,29622,24424,30443,133086,133087,133083,133084,0,0,0,0
1790616570.584757,-1,-2,-5,0,1918,29620,24423,30443,133116,133117,133113,133114,0,0,0,0
1790616570.644732,2,8,-2,-3,1920,29618,24420,30445,133146,133147,133143,133144,0,0,0,0
1790616570.6846201,0,8,0,0,1922,29616,24419,30447,133176,133177,133173,133174,0,0,0,0
1790616570.7439098,-1,0,-6,0,1924,29615,24420,30448,133206,133207,133203,133204,0,0,0,0
1790616570.805805,0,1,3,-2,1940,29609,24415,30460,133266,133267,133263,133264,0,0,0,0
1790616570.8446999,0,3,-4,5,1949,29578,24394,30475,133296,133297,133293,133294,0,0,0,0
1790616570.9066591,-1,4,2,-4,1952,29574,24389,30478,133326,133327,133323,133324,0,0,0,0
1790616570.966311,2,4,-2,1,1946,29582,24395,30472,133356,133357,133353,133354,0,0,0,0
1790616571.006655,4,-1,-5,-1,1940,29593,24402,30464,133386,133387,133383,133384,0,0,0,0
1790616571.066318,1,2,0,1,1934,29599,24408,30457,133416,133417,133413,133414,0,0,0,0
1790616571.106563,2,2,-2,-2,1932,29602,24411,30454,133446,133447,133443,133444,0,0,0,0
1790616571.1672719,1,2,-1,1,1933,29603,24409,30457,133476,133477,133473,133474,0,0,0,0
1790616571.2239501,3,-4,1,-2,1933,29599,24407,30457,133506,133507,133503,133504,0,0,0,0
1790616571.265667,5,1,1,1,1934,29599,24408,30457,133536,133537,133533,133534,0,0,0,0
1790616571.323987,1,2,-1,-3,1932,29595,24401,30449,133566,133567,133563,133564,0,0,0,0
1790616571.364335,3,-1,-1,2,1941,29596,24406,30463,133596,133597,133593,133594,0,0,0,0
1790616571.423916,-2,-5,4,5,1953,29598,24402,30467,133626,133627,133623,133624,0,0,0,0
1790616571.4840372,20,1,0,2,1958,29594,24400,30471,133656,133657,133653,133654,0,0,0,0
1790616571.5246122,-6,-3,-3,0,1959,29590,24399,30475,133686,133687,133683,133684,0,0,0,0
1790616571.583929,-1,-2,-1,-2,1960,29591,24397,30475,133716,133717,133713,133714,0,0,0,0
1790616571.62435,1,-6,5,4,1962,29592,24398,30476,133746,133747,133743,133744,0,0,0,0
1790616571.68434,1,1,6,-2,1961,29592,24398,30475,133776,133777,133773,133774,0,0,0,0
1790616571.744246,0,-2,4,-1,1962,29592,24398,30477,133806,133807,133803,133804,0,0,0,0
1790616571.804138,4,-5,-1,-4,1964,29591,24398,30478,133836,133837,133833,133834,0,0,0,0
1790616571.844542,1,-2,2,-12,1965,29592,24398,30478,133896,133897,133893,133894,0,0,0,0
1790616571.915021,0,0,4,-7,1969,29603,24406,30481,133926,133927,133923,133924,0,0,0,0
1790616571.965208,-4,-2,2,-9,1972,29613,24426,30485,133956,133957,133953,133954,0,0,0,0
1790616572.0052302,-2,2,2,2,1966,29613,24423,30477,133986,133987,133983,133984,0,0,0,0
1790616572.065598,3,3,3,-1,1965,29615,24424,30476,134016,134017,134013,134014,0,0,0,0
1790616572.10447,2,1,2,-2,1969,29612,24422,30478,134046,134047,134043,134044,0,0,0,0
1790616572.165424,3,1,0,-2,1975,29608,24421,30483,134076,134077,134073,134074,0,0,0,0
1790616572.204421,6,0,-2,1,1980,29605,24418,30488,134106,134107,134103,134104,0,0,0,0
1790616572.26921,-3,2,-1,0,1980,29604,24417,30489,134136,134137,134133,134134,0,0,0,0
1790616572.324655,-5,-5,20,-3,1977,29603,24419,30487,134166,134167,134163,134164,0,0,0,0
1790616572.368204,2,-6,0,1,1978,29602,24419,30488,134196,134197,134193,134194,0,0,0,0
1790616572.424491,1,-6,1,1,1974,29591,24413,30480,134226,134227,134223,134224,0,0,0,0
1790616572.4660149,1,0,0,1,1996,29564,24388,30498,134256,134257,134253,134254,0,0,0,0
1790616572.524457,-2,0,-1,-4,2016,29566,24382,30515,134286,134287,134283,134284,0,0,0,0
1790616572.584147,-5,0,-1,-9,2042,29596,24406,30539,134316,134317,134313,134314,0,0,0,0
1790616572.6247292,0,2,-6,0,2037,29602,24413,30535,134346,134347,134343,134344,0,0,0,0
1790616572.6841018,2,-1,-3,-2,2032,29603,24417,30531,134376,134377,134373,134374,0,0,0,0
1790616572.723913,4,-7,-1,-2,2034,29602,24417,30533,134406,134407,134403,134404,0,0,0,0
1790616572.7839491,-4,-3,-1,-6,2034,29596,24414,30534,134436,134437,134433,134434,0,0,0,0
1790616572.8238451,0,-2,2,-1,2035,29592,24411,30534,134466,134467,134463,134464,0,0,0,0
1790616572.8841689,-2,-4,1,1,2033,29585,24411,30534,134496,134497,134493,134494,0,0,0,0
1790616572.944195,-1,0,-3,-1,2031,29588,24412,30532,134526,134527,134523,134524,0,0,0,0
1790616572.985325,-3,1,-1,2,2029,29591,24414,30530,134556,134557,134553,134554,0,0,0,0
1790616573.043804,-1,-4,-1,-1,2024,29583,24410,30520,134586,134587,134583,134584,0,0,0,0
1790616573.1038668,6,0,-3,6,2046,29562,24389,30541,134616,134617,134613,134614,0,0,0,0
1790616573.143958,0,-1,-5,-1,2049,29566,24393,30547,134676,134677,134673,134674,0,0,0,0
1790616573.205303,5,1,-1,0,2038,29582,24407,30534,134706,134707,134703,134704,0,0,0,0
1790616573.2445061,0,4,0,-1,2031,29593,24418,30527,134736,134737,134733,134734,0,0,0,0
1790616573.305792,5,0,3,-3,2029,29604,24425,30525,134766,134767,134763,134764,0,0,0,0
1790616573.3648052,-2,0,2,-9,2028,29606,24427,30523,134796,134797,134793,134794,0,0,0,0
1790616573.404918,-5,1,1,1,2029,29609,24428,30524,134826,134827,134823,134824,0,0,0,0
1790616573.468075,3,0,2,2,2031,29611,24430,30525,134856,134857,134853,134854,0,0,0,0
1790616573.5270941,-1,4,-2,1,2034,29618,24434,30528,134886,134887,134883,134884,0,0,0,0
1790616573.564702,0,1,-3,8,2036,29626,24437,30528,134916,134917,134913,134914,0,0,0,0
1790616573.6268978,-2,-1,-1,3,2036,29631,24442,30527,134946,134947,134943,134944,0,0,0,0
1790616573.664423,-2,-3,0,4,2037,29636,24445,30526,134976,134977,134973,134974,0,0,0,0
1790616573.7269151,-3,4,2,6,2039,29638,24446,30529,135006,135007,135003,135004,0,0,0,0
1790616573.784503,3,7,0,-1,2045,29640,24446,30534,135036,135037,135033,135034,0,0,0,0
1790616573.827383,2,2,-5,-6,2047,29643,24447,30536,135066,135067,135063,135064,0,0,0,0
1790616573.8838038,-5,2,-7,-5,2050,29647,24449,30538,135096,135097,135093,135094,0,0,0,0
1790616573.943733,-4,3,2,-2,2049,29652,24455,30538,135126,135127,135123,135124,0,0,0,0
1790616573.984691,-2,-11,-3,1,2051,29661,24461,30540,135156,135157,135153,135154,0,0,0,0
1790616574.044318,1,-5,2,8,2054,29665,24466,30544,135186,135187,135183,135184,0,0,0,0
1790616574.083929,-3,-3,5,-3,2058,29669,24470,30548,135216,135217,135213,135214,0,0,0,0
1790616574.145856,0,1,-3,3,2062,29676,24477,30552,135246,135247,135243,135244,0,0,0,0
1790616574.22636,-3,-1,0,1,2062,29691,24490,30554,135306,135307,135303,135304,0,0,0,0
1790616574.284124,-5,-6,5,2,2061,29695,24494,30553,135336,135337,135333,135334,0,0,0,0
1790616574.326941,-2,-5,3,0,2064,29697,24498,30556,135366,135367,135363,135364,0,0,0,0
1790616574.3844469,3,1,1,-2,2067,29702,24502,30561,135396,135397,135393,135394,0,0,0,0
1790616574.426344,-1,-2,-6,0,2067,29701,24504,30562,135426,135427,135423,135424,0,0,0,0
1790616574.484253,-8,-4,-8,2,2067,29701,24505,30564,135456,135457,135453,135454,0,0,0,0
1790616574.543673,-1,-3,-6,0,2084,29720,24515,30583,135486,135487,135483,135484,0,0,0,0
1790616574.58462,-4,1,1,2,2109,29753,24537,30600,135516,135517,135513,135514,0,0,0,0
1790616574.644238,-1,2,-6,-3,2103,29764,24543,30597,135546,135547,135543,135544,0,0,0,0
1790616574.684164,4,-4,-3,-9,2102,29785,24560,30596,135576,135577,135573,135574,0,0,0,0
1790616574.744405,3,2,1,-1,2097,29803,24576,30592,135606,135607,135603,135604,0,0,0,0
1790616574.804049,-1,-1,7,-3,2086,29828,24608,30584,135666,135667,135663,135664,0,0,0,0
1790616574.8443048,-4,-3,-4,0,2082,29842,24622,30582,135696,135697,135693,135694,0,0,0,0
1790616574.903808,1,-4,1,-4,2079,29857,24636,30582,135726,135727,135723,135724,0,0,0,0
1790616574.966641,1,-1,-2,2,2079,29870,24651,30582,135756,135757,135753,135754,0,0,0,0
1790616575.00429,1,-1,4,2,2077,29887,24666,30582,135786,135787,135783,135784,0,0,0,0
1790616575.064557,4,-4,0,-3,2073,29899,24682,30581,135816,135817,135813,135814,0,0,0,0
1790616575.1045492,3,-2,3,-3,2073,29916,24699,30582,135846,135847,135843,135844,0,0,0,0
1790616575.1673758,13,4,5,1,2094,29956,24719,30590,135876,135877,135873,135874,0,0,0,0
1790616575.225805,0,5,-1,3,2106,29977,24733,30592,135906,135907,135903,135904,0,0,0,0
1790616575.2725928,-2,-2,-1,0,2112,29990,24786,30629,135936,135937,135933,135934,0,0,0,0
1790616575.326941,0,0,-7,1,2106,30004,24795,30621,135966,135967,135963,135964,0,0,0,0
1790616575.364667,-5,-2,2,-2,2090,30018,24815,30607,135996,135997,135993,135994,0,0,0,0
1790616575.426551,-2,3,-2,2,2078,30036,24837,30595,136026,136027,136023,136024,0,0,0,0
1790616575.4840372,-1,-2,-1,-6,2068,30056,24860,30585,136056,136057,136053,136054,0,0,0,0
1790616575.528039,-3,1,2,7,2057,30072,24884,30577,136086,136087,136083,136084,0,0,0,0
1790616575.585032,-2,-1,0,-7,2049,30086,24904,30574,136116,136117,136113,136114,0,0,0,0
1790616575.643857,-1,1,1,-4,2035,30111,24924,30555,136146,136147,136143,136144,0,0,0,0
1790616575.684704,2,0,1,-2,2022,30165,24983,30537,136176,136177,136173,136174,0,0,0,0
1790616575.74371,4,0,-1,2,2017,30190,25015,30533,136206,136207,136203,136204,0,0,0,0
1790616575.803851,-3,2,-1,5,2019,30208,25040,30534,136266,136267,136263,136264,0,0,0,0
1790616575.843935,-7,1,1,-3,2022,30212,25045,30536,136296,136297,136293,136294,0,0,0,0
1790616575.904137,-2,-1,1,-3,2024,30215,25051,30538,136326,136327,136323,136324,0,0,0,0
1790616575.948288,1,-1,-9,6,2024,30220,25058,30537,136356,136357,136353,136354,0,0,0,0
1790616576.003814,0,1,0,2,2024,30228,25066,30539,136386,136387,136383,136384,0,0,0,0
1790616576.0644748,3,1,2,7,2025,30237,25076,30540,136416,136417,136413,136414,0,0,0,0
1790616576.1043909,-1,1,-2,-2,2023,30244,25087,30539,136446,136447,136443,136444,0,0,0,0
1790616576.1638699,1,3,2,0,2020,30255,25100,30536,136476,136477,136473,136474,0,0,0,0
1790616576.204065,0,0,-2,-2,2015,30266,25118,30534,136506,136507,136503,136504,0,0,0,0
1790616576.2669299,0,0,-3,-3,2013,30276,25134,30532,136536,136537,136533,136534,0,0,0,0
1790616576.327253,-1,2,2,0,2011,30288,25149,30532,136566,136567,136563,136564,0,0,0,0
1790616576.36404,-1,1,0,1,2006,30296,25160,30527,136596,136597,136593,136594,0,0,0,0
1790616576.4300318,2,-5,-2,1,2012,30318,25193,30537,136626,136627,136623,136624,0,0,0,0
1790616576.4837492,9,-4,-7,1,2008,30334,25212,30534,136656,136657,136653,136654,0,0,0,0
1790616576.529151,-2,3,-4,4,2006,30347,25228,30528,136686,136687,136683,136684,0,0,0,0
1790616576.58449,2,1,1,-2,2002,30359,25242,30523,136716,136717,136713,136714,0,0,0,0
1790616576.625911,2,-3,-3,-2,2003,30367,25251,30521,136746,136747,136743,136744,0,0,0,0
1790616576.68385,-5,-4,3,-6,2005,30374,25260,30523,136776,136777,136773,136774,0,0,0,0
1790616576.7258618,0,-4,4,1,2008,30382,25267,30524,136806,136807,136803,136804,0,0,0,0
1790616576.78719,2,1,-2,4,2012,30386,25271,30526,136836,136837,136833,136834,0,0,0,0
1790616576.843709,-3,-2,1,3,2014,30391,25276,30528,136866,136867,136863,136864,0,0,0,0
1790616576.8844302,-2,-4,2,0,2013,30398,25288,30530,136896,136897,136893,136894,0,0,0,0
1790616576.944182,0,-2,1,0,2026,30385,25286,30533,136926,136927,136923,136924,0,0,0,0
1790616577.0037801,28,-29,-19,9,2309,30043,25133,30701,136956,136957,136953,136954,0,0,0,0
1790616577.04442,63,-63,-90,64,5409,26463,22549,198,137016,137017,137013,137014,0,0,0,0
1790616577.103976,67,-73,-75,60,7120,24579,20621,2123,137046,137047,137043,137044,0,0,0,0
1790616577.1454542,66,-93,-74,80,9168,22632,18562,4147,137076,137077,137073,137074,0,0,0,0
1790616577.203768,81,-87,-73,79,11147,20608,16407,6186,137106,137107,137103,137104,0,0,0,0
1790616577.2678132,75,-64,-69,55,12977,18612,14356,8117,137136,137137,137133,137134,0,0,0,0
1790616577.328064,53,-65,-54,62,14652,16780,12594,9931,137166,137167,137163,137164,0,0,0,0
1790616577.363778,40,-50,-47,41,16040,15279,11087,11354,137196,137197,137193,137194,0,0,0,0
1790616577.424557,42,-41,-47,37,17259,14058,9880,12563,137226,137227,137223,137224,0,0,0,0
1790616577.485364,41,-54,-47,47,18492,12762,8608,13855,137256,137257,137253,137254,0,0,0,0
1790616577.526724,40,-56,-57,46,19719,11365,7273,15181,137286,137287,137283,137284,0,0,0,0
1790616577.584744,53,-77,-61,70,21124,9705,5756,16673,137316,137317,137313,137314,0,0,0,0
1790616577.644139,71,-64,-71,53,22730,7995,4147,18444,137346,137347,137343,137344,0,0,0,0
1790616577.687052,57,-77,-64,91,24376,6219,2461,20253,137376,137377,137373,137374,0,0,0,0
1790616577.744688,84,-59,-62,56,26135,4471,703,22086,137406,137407,137403,137404,0,0,0,0
1790616577.803853,55,-54,-59,60,27803,2668,31693,23923,137436,137437,137433,137434,0,0,0,0
1790616577.844341,43,-53,-45,62,30561,32162,28864,27180,137496,137497,137493,137494,0,0,0,0
1790616577.903906,43,-53,-45,62,30561,32162,28864,27180,137496,137497,137493,137494,0,0,0,0
1790616577.944159,59,-49,-49,53,369,28950,26219,30345,137556,137557,137553,137554,0,0,0,0
1790616578.0040479,53,-69,-60,69,1803,27299,24758,31913,137586,137587,137583,137584,0,0,0,0
1790616578.064118,62,-57,-54,57,3285,25610,23327,834,137616,137617,137613,137614,0,0,0,0
1790616578.103967,47,-64,-61,66,4770,23901,21691,2547,137646,137647,137643,137644,0,0,0,0
1790616578.1645079,56,-54,-63,63,6351,22168,20117,4317,137676,137677,137673,137674,0,0,0,0
1790616578.223783,53,-74,-52,67,7875,20491,18593,5983,137706,137707,137703,137704,0,0,0,0
1790616578.2691479,55,-54,-59,56,9365,18763,17086,7710,137736,137737,137733,137734,0,0,0,0
1790616578.324082,62,-51,-59,49,10826,17155,15533,9323,137766,137767,137763,137764,0,0,0,0
1790616578.387431,53,-53,-55,54,12503,15790,13960,10722,137796,137797,137793,137794,0,0,0,0
1790616578.423908,55,-50,-70,48,14143,14409,12206,12049,137826,137827,137823,137824,0,0,0,0
1790616578.4863129,74,-37,-69,47,16113,13410,10273,13223,137856,137857,137853,137854,0,0,0,0
1790616578.5248058,87,-28,-72,29,18276,12665,7959,14116,137886,137887,137883,137884,0,0,0,0
1790616578.5868149,86,-27,-64,20,20293,11836,5713,14667,137916,137917,137913,137914,0,0,0,0
1790616578.626394,56,-23,-62,21,22170,11262,3790,15234,137946,137947,137943,137944,0,0,0,0
1790616578.70611,24,-39,-25,26,24138,9746,2065,16763,138006,138007,138003,138004,0,0,0,0
1790616578.744998,24,-39,-25,26,24138,9746,2065,16763,138006,138007,138003,138004,0,0,0,0
1790616578.8050292,11,-17,-5,17,25038,8524,1237,18148,138066,138067,138063,138064,0,0,0,0
1790616578.8646898,5,-12,-12,12,25313,8062,975,18561,138096,138097,138093,138094,0,0,0,0
1790616578.9050891,13,-10,-9,13,25597,7737,716,18909,138126,138127,138123,138124,0,0,0,0
1790616578.964702,12,-21,-24,16,25987,7323,341,19325,138156,138157,138153,138154,0,0,0,0
1790616579.0247009,24,-19,-21,18,26560,6830,32636,19780,138186,138187,138183,138184,0,0,0,0
1790616579.065043,22,-23,-25,25,27121,6223,32017,20484,138216,138217,138213,138214,0,0,0,0
1790616579.124705,15,-17,-18,24,27751,5604,31408,21099,138246,138247,138243,138244,0,0,0,0
1790616579.1856508,24,-16,-20,23,28266,5083,30890,21678,138276,138277,138273,138274,0,0,0,0
1790616579.22527,17,-9,-17,14,28732,4660,30462,22105,138306,138307,138303,138304,0,0,0,0
1790616579.288356,6,-11,-10,16,29062,4362,30125,22428,138336,138337,138333,138334,0,0,0,0
1790616579.344694,7,-16,-11,8,29296,4021,29847,22696,138366,138367,138363,138364,0,0,0,0
1790616579.388001,7,-12,-6,12,29521,3688,29567,22961,138396,138397,138393,138394,0,0,0,0
1790616579.445364,12,-12,-12,7,29822,3356,29250,23226,138426,138427,138423,138424,0,0,0,0
1790616579.4892218,15,-18,-13,17,30204,2971,28892,23619,138456,138457,138453,138454,0,0,0,0
1790616579.545038,27,-19,-23,19,30683,2441,28374,24154,138486,138487,138483,138484,0,0,0,0
1790616579.604774,19,-27,-24,20,31896,1225,27178,25333,138546,138547,138543,138544,0,0,0,0
1790616579.646235,18,-14,-13,19,32394,729,26708,25825,138576,138577,138573,138574,0,0,0,0
1790616579.7048519,6,-13,-13,5,32663,426,26413,26190,138606,138607,138603,138604,0,0,0,0
1790616579.745001,4,-9,-5,6,45,259,26250,26378,138636,138637,138633,138634,0,0,0,0
1790616579.805005,4,0,-4,-1,141,160,26152,26476,138666,138667,138663,138664,0,0,0,0
1790616579.866234,1,2,-4,1,203,97,26088,26534,138696,138697,138693,138694,0,0,0,0
1790616579.90508,-1,-3,-1,0,241,67,26052,26566,138726,138727,138723,138724,0,0,0,0
1790616579.9648871,0,-2,2,-4,255,57,26039,26577,138756,138757,138753,138754,0,0,0,0
1790616580.0049448,-3,0,-3,0,245,66,26046,26571,138786,138787,138783,138784,0,0,0,0
1790616580.0647821,-2,-2,0,-1,227,83,26064,26556,138816,138817,138813,138814,0,0,0,0
1790616580.1248782,-1,2,2,0,210,98,26081,26541,138846,138847,138843,138844,0,0,0,0
1790616580.164931,-2,2,4,-1,198,110,26093,26531,138876,138877,138873,138874,0,0,0,0
1790616580.224788,2,-7,-5,-5,190,117,26101,26523,138906,138907,138903,138904,0,0,0,0
1790616580.2649019,1,-6,-1,2,185,122,26106,26519,138936,138937,138933,138934,0,0,0,0
1790616580.324827,-4,0,0,-5,187,122,26106,26520,138966,138967,138963,138964,0,0,0,0
1790616580.387056,1,-2,2,3,190,119,26104,26523,138996,138997,138993,138994,0,0,0,0
1790616580.424862,-2,-4,0,8,192,117,26101,26525,139026,139027,139023,139024,0,0,0,0
1790616580.485822,4,2,-1,-2,191,118,26103,26525,139056,139057,139053,139054,0,0,0,0
1790616580.5448709,0,0,0,2,187,122,26106,26521,139086,139087,139083,139084,0,0,0,0
1790616580.586703,1,0,1,1,184,125,26110,26517,139116,139117,139113,139114,0,0,0,0
1790616580.644744,-4,8,-4,-7,180,130,26117,26521,139146,139147,139143,139144,0,0,0,0
1790616580.704792,6,-4,0,1,177,139,26128,26521,139176,139177,139173,139174,0,0,0,0
1790616580.744863,-5,-2,4,-1,168,146,26137,26513,139206,139207,139203,139204,0,0,0,0
1790616580.8047402,-12,1,0,0,152,168,26161,26499,139266,139267,139263,139264,0,0,0,0
1790616580.844788,0,-2,0,-3,147,172,26166,26496,139296,139297,139293,139294,0,0,0,0
1790616580.904829,2,0,-1,2,146,173,26167,26494,139326,139327,139323,139324,0,0,0,0
1790616580.9648461,-3,0,-4,-2,147,173,26166,26495,139356,139357,139353,139354,0,0,0,0
1790616581.005035,-8,4,-1,3,146,173,26167,26494,139386,139387,139383,139384,0,0,0,0
1790616581.064821,-5,1,2,2,145,177,26169,26492,139416,139417,139413,139414,0,0,0,0
1790616581.105029,-3,-4,-2,-2,141,182,26173,26488,139446,139447,139443,139444,0,0,0,0
1790616581.164799,-2,4,5,2,137,186,26177,26485,139476,139477,139473,139474,0,0,0,0
1790616581.205447,-2,-1,3,-1,136,188,26180,26483,139506,139507,139503,139504,0,0,0,0
1790616581.264915,0,-4,4,-2,137,188,26178,26484,139536,139537,139533,139534,0,0,0,0
1790616581.3246021,-2,-1,-3,-2,136,189,26179,26485,139566,139567,139563,139564,0,0,0,0
1790616581.3849049,0,1,-1,-2,137,190,26180,26485,139596,139597,139593,139594,0,0,0,0
1790616581.425693,-1,-4,6,-2,142,186,26179,26489,139626,139627,139623,139624,0,0,0,0
1790616581.4860458,-1,-4,-2,-1,147,186,26177,26495,139656,139657,139653,139654,0,0,0,0
1790616581.544797,2,3,1,2,148,189,26181,26497,139686,139687,139683,139684,0,0,0,0
1790616581.584794,-3,-7,-6,-2,145,193,26186,26496,139716,139717,139713,139714,0,0,0,0
1790616581.644962,-1,-1,1,4,140,198,26193,26494,139746,139747,139743,139744,0,0,0,0
1790616581.685054,-1,2,1,-4,138,202,26197,26492,139776,139777,139773,139774,0,0,0,0
1790616581.7475488,3,-3,-4,-4,136,204,26201,26493,139806,139807,139803,139804,0,0,0,0
1790616581.8047528,-2,-1,3,0,133,207,26209,26494,139866,139867,139863,139864,0,0,0,0
1790616581.844888,3,-2,-1,-4,132,210,26214,26494,139896,139897,139893,139894,0,0,0,0
1790616581.9052548,-2,-3,-1,5,133,212,26219,26500,139926,139927,139923,139924,0,0,0,0
1790616581.9646132,-2,-2,-3,-4,155,230,26261,26543,139956,139957,139953,139954,0,0,0,0
1790616582.0251899,-3,-1,-1,-4,132,226,26260,26527,139986,139987,139983,139984,0,0,0,0
1790616582.0649989,-4,1,1,1,125,276,26312,26530,140016,140017,140013,140014,0,0,0,0
1790616582.125653,-3,-6,-1,-2,117,303,26343,26538,140046,140047,140043,140044,0,0,0,0
1790616582.1650481,-1,2,-3,4,87,332,26380,26516,140076,140077,140073,140074,0,0,0,0
1790616582.224681,2,-3,5,-5,65,378,26428,26503,140106,140107,140103,140104,0,0,0,0
1790616582.28452,-1,2,1,-3,28,425,26470,26471,140136,140137,140133,140134,0,0,0,0
1790616582.32493,2,7,1,-1,32753,481,26517,26430,140166,140167,140163,140164,0,0,0,0
1790616582.3847208,-6,2,-3,-2,32700,551,26578,26377,140196,140197,140193,140194,0,0,0,0
1790616582.426356,-2,5,3,0,32628,637,26655,26294,140226,140227,140223,140224,0,0,0,0
1790616582.484577,-2,3,3,-3,32573,728,26733,26232,140256,140257,140253,140254,0,0,0,0
1790616582.5250518,-4,1,0,-8,32510,805,26806,26160,140286,140287,140283,140284,0,0,0,0
1790616582.585817,-5,-8,-1,-10,32456,871,26864,26089,140316,140317,140313,140314,0,0,0,0
1790616582.6249962,-7,0,-1,1,32428,909,26896,26049,140346,140347,140343,140344,0,0,0,0
1790616582.6857972,-3,2,-4,-1,32412,914,26910,26037,140376,140377,140373,140374,0,0,0,0
1790616582.7472441,-3,-4,-6,4,32412,911,26909,26039,140406,140407,140403,140404,0,0,0,0
1790616582.7872362,4,2,-2,3,32422,906,26901,26044,140436,140437,140433,140434,0,0,0,0
1790616582.846438,3,-4,3,4,32428,900,26895,26052,140466,140467,140463,140464,0,0,0,0
1790616582.888947,2,3,2,3,32433,895,26891,26058,140526,140527,140523,140524,0,0,0,0
1790616582.952333,-5,1,0,-3,32433,898,26892,26056,140556,140557,140553,140554,0,0,0,0
1790616583.006523,1,-1,1,-7,32431,901,26894,26054,140586,140587,140583,140584,0,0,0,0
1790616583.065675,-2,1,-2,1,32432,896,26892,26055,140616,140617,140613,140614,0,0,0,0
1790616583.105803,-5,-1,4,-3,32418,913,26900,26041,140646,140647,140643,140644,0,0,0,0
1790616583.166914,-3,5,2,0,32414,904,26904,26041,140676,140677,140673,140674,0,0,0,0
1790616583.2262459,-2,1,-1,-5,32420,907,26907,26044,140706,140707,140703,140704,0,0,0,0
1790616583.2663722,-4,-5,-7,3,32426,905,26905,26047,140736,140737,140733,140734,0,0,0,0
1790616583.326087,-4,-2,2,-5,32430,901,26901,26052,140766,140767,140763,140764,0,0,0,0
1790616583.386063,-2,-1,0,-2,32435,899,26898,26057,140796,140797,140793,140794,0,0,0,0
1790616583.4279811,3,-4,2,5,32436,901,26898,26058,140826,140827,140823,140824,0,0,0,0
1790616583.485646,-3,-3,0,3,32435,905,26901,26057,140856,140857,140853,140854,0,0,0,0
1790616583.525262,0,-3,-8,-2,32435,905,26901,26057,140886,140887,140883,140884,0,0,0,0
1790616583.586976,-4,-3,4,3,32437,904,26900,26059,140916,140917,140913,140914,0,0,0,0
1790616583.6458712,0,5,14,-3,32442,912,26908,26065,140946,140947,140943,140944,0,0,0,0
1790616583.6864681,-2,-1,-2,-3,32442,913,26906,26062,140976,140977,140973,140974,0,0,0,0
1790616583.747366,2,3,-4,-6,32445,912,26903,26064,141006,141007,141003,141004,0,0,0,0
1790616583.7877991,-6,-1,4,-13,32445,908,26902,26067,141036,141037,141033,141034,0,0,0,0
1790616583.84868,1,-5,1,4,32446,903,26897,26070,141096,141097,141093,141094,0,0,0,0
1790616583.905646,1,0,2,1,32447,905,26899,26070,141126,141127,141123,141124,0,0,0,0
1790616583.965695,-2,3,2,1,32449,901,26894,26074,141156,141157,141153,141154,0,0,0,0
1790616584.005902,-1,-1,-2,2,32484,905,26903,26106,141186,141187,141183,141184,0,0,0,0
1790616584.069006,0,0,-1,-4,32491,890,26887,26114,141216,141217,141213,141214,0,0,0,0
1790616584.106124,-7,1,3,-3,32491,896,26887,26111,141246,141247,141243,141244,0,0,0,0
1790616584.165866,-1,-4,-5,-3,32482,903,26895,26101,141276,141277,141273,141274,0,0,0,0
1790616584.225722,-5,0,0,-2,32476,910,26902,26093,141306,141307,141303,141304,0,0,0,0
1790616584.2714062,-2,-2,-2,9,32473,912,26905,26088,141336,141337,141333,141334,0,0,0,0
1790616584.326072,2,-4,-2,-7,32472,912,26906,26087,141366,141367,141363,141364,0,0,0,0
1790616584.385963,1,-1,2,8,32467,914,26909,26085,141396,141397,141393,141394,0,0,0,0
1790616584.426036,-7,0,1,0,32467,916,26911,26084,141426,141427,141423,141424,0,0,0,0
1790616584.486175,-5,-7,-6,-7,32466,915,26910,26082,141456,141457,141453,141454,0,0,0,0
1790616584.5458088,-2,0,-4,1,32471,908,26895,26084,141486,141487,141483,141484,0,0,0,0
1790616584.585975,-6,0,1,-4,32486,913,26912,26114,141516,141517,141513,141514,0,0,0,0
1790616584.6458292,2,-8,-4,-6,32496,914,26908,26123,141546,141547,141543,141544,0,0,0,0
1790616584.685961,-3,-4,-4,-2,32499,910,26902,26126,141576,141577,141573,141574,0,0,0,0
1790616584.7462,-4,-4,-2,2,32500,910,26902,26127,141606,141607,141603,141604,0,0,0,0
1790616584.785928,2,1,4,-2,32496,915,26906,26122,141636,141637,141633,141634,0,0,0,0
1790616584.845771,1,-2,0,-1,32491,921,26913,26115,141666,141667,141663,141664,0,0,0,0
1790616584.9057422,5,-3,-4,-2,32493,919,26912,26117,141726,141727,141723,141724,0,0,0,0
1790616584.946387,-1,-5,-4,-6,32498,913,26906,26122,141756,141757,141753,141754,0,0,0,0
1790616585.005717,-3,-2,0,1,32502,914,26905,26126,141786,141787,141783,141784,0,0,0,0
1790616585.0655732,-5,-3,-4,4,32501,916,26907,26125,141816,141817,141813,141814,0,0,0,0
1790616585.10621,-3,-1,-4,-1,32499,921,26910,26122,141846,141847,141843,141844,0,0,0,0
1790616585.165597,-1,-1,-1,0,32510,936,26924,26139,141876,141877,141873,141874,0,0,0,0
1790616585.205744,0,-3,1,0,32513,936,26929,26142,141906,141907,141903,141904,0,0,0,0
1790616585.2658718,-3,-3,2,-5,32510,931,26926,26142,141936,141937,141933,141934,0,0,0,0
1790616585.325588,-5,-4,1,1,32512,933,26925,26140,141966,141967,141963,141964,0,0,0,0
1790616585.366326,-4,-4,-3,-2,32510,935,26928,26138,141996,141997,141993,141994,0,0,0,0
1790616585.446184,3,-3,-3,2,32509,941,26932,26137,142026,142027,142023,142024,0,0,0,0
1790616585.487426,2,-5,-1,-2,32508,942,26933,26136,142056,142057,142053,142054,0,0,0,0
1790616585.549161,0,-5,-1,-1,32510,945,26934,26136,142086,142087,142083,142084,0,0,0,0
1790616585.586837,-4,-3,-3,-1,32509,946,26937,26133,142116,142117,142113,142114,0,0,0,0
1790616585.649406,-1,-1,-5,1,32509,947,26936,26133,142146,142147,142143,142144,0,0,0,0
1790616585.705448,4,2,0,1,32572,968,26936,26196,142206,142207,142203,142204,0,0,0,0
1790616585.74798,2,-2,-1,4,32583,969,26938,26210,142236,142237,142233,142234,0,0,0,0
1790616585.805761,2,1,3,5,32582,966,26936,26211,142266,142267,142263,142264,0,0,0,0
1790616585.865644,-3,-2,-7,0,32580,968,26939,26211,142296,142297,142293,142294,0,0,0,0
1790616585.907319,0,-3,-5,-8,32582,970,26941,26209,142326,142327,142323,142324,0,0,0,0
1790616585.965772,1,0,0,3,32584,970,26940,26210,142356,142357,142353,142354,0,0,0,0
1790616586.005965,0,-2,0,-3,32586,967,26938,26214,142386,142387,142383,142384,0,0,0,0
1790616586.065759,-2,-1,0,0,32589,969,26936,26217,142416,142417,142413,142414,0,0,0,0
1790616586.1090791,2,2,3,0,32586,971,26941,26214,142446,142447,142443,142444,0,0,0,0
1790616586.1657019,3,1,2,-3,32584,974,26944,26210,142476,142477,142473,142474,0,0,0,0
1790616586.225811,-2,0,-2,10,32584,975,26945,26212,142506,142507,142503,142504,0,0,0,0
1790616586.285932,-2,6,0,2,32582,962,26931,26202,142536,142537,142533,142534,0,0,0,0
1790616586.32602,0,1,1,6,32606,944,26914,26235,142566,142567,142563,142564,0,0,0,0
1790616586.385557,1,-2,3,5,32616,946,26913,26248,142596,142597,142593,142594,0,0,0,0
1790616586.425995,-3,1,-3,5,32615,960,26920,26244,142626,142627,142623,142624,0,0,0,0
1790616586.485609,-1,3,-3,0,32610,975,26935,26235,142656,142657,142653,142654,0,0,0,0
1790616586.527217,-1,1,6,1,32605,989,26948,26227,142686,142687,142683,142684,0,0,0,0
1790616586.585778,9,0,6,0,32604,997,26956,26225,142716,142717,142713,142714,0,0,0,0
1790616586.6456409,-4,3,1,4,32609,1000,26960,26229,142746,142747,142743,142744,0,0,0,0
1790616586.707113,-2,1,-1,1,32621,998,26955,26242,142806,142807,142803,142804,0,0,0,0
1790616586.7480252,-2,10,0,-1,32624,1001,26956,26247,142836,142837,142833,142834,0,0,0,0
1790616586.807682,1,4,0,3,32626,1005,26961,26248,142866,142867,142863,142864,0,0,0,0
1790616586.865673,1,1,-2,2,32625,1010,26965,26247,142896,142897,142893,142894,0,0,0,0
1790616586.9078348,-2,5,0,-5,32626,1015,26971,26248,142926,142927,142923,142924,0,0,0,0
1790616586.965693,7,4,2,1,32627,1018,26974,26250,142956,142957,142953,142954,0,0,0,0
1790616587.026068,0,2,-1,2,32631,1021,26976,26250,142986,142987,142983,142984,0,0,0,0
1790616587.065655,0,3,-3,1,32633,1027,26982,26254,143016,143017,143013,143014,0,0,0,0
1790616587.125855,2,3,4,1,32636,1028,26985,26261,143046,143047,143043,143044,0,0,0,0
1790616587.185846,7,4,-1,-1,32642,1025,26985,26271,143076,143077,143073,143074,0,0,0,0
1790616587.228547,4,4,3,3,32649,1022,26985,26282,143106,143107,143103,143104,0,0,0,0
1790616587.2858849,3,-1,0,5,32657,1023,26987,26292,143136,143137,143133,143134,0,0,0,0
1790616587.34561,4,0,-1,0,32661,1022,26990,26300,143166,143167,143163,143164,0,0,0,0
1790616587.408397,-7,1,3,5,32672,1024,26996,26320,143226,143227,143223,143224,0,0,0,0
1790616587.446718,4,1,-3,0,32681,1017,26995,26336,143256,143257,143253,143254,0,0,0,0
1790616587.508522,3,5,1,-4,32685,1013,26998,26351,143286,143287,143283,143284,0,0,0,0
1790616587.5470169,0,3,-5,0,32694,1013,27002,26362,143316,143317,143313,143314,0,0,0,0
1790616587.616513,-2,1,3,0,32701,1011,27007,26376,143346,143347,143343,143344,0,0,0,0
1790616587.665785,5,5,-2,0,32708,1009,27009,26389,143376,143377,143373,143374,0,0,0,0
1790616587.726076,3,3,1,-1,32715,1004,27013,26406,143406,143407,143403,143404,0,0,0,0
1790616587.771465,1,-2,2,0,32733,1006,27025,26441,143436,143437,143433,143434,0,0,0,0
1790616587.825726,-3,-2,-2,-2,32757,1012,27039,26467,143466,143467,143463,143464,0,0,0,0
1790616587.865859,0,1,-7,3,1,1011,27054,26496,143496,143497,143493,143494,0,0,0,0
1790616587.925664,-2,3,1,0,12,1010,27064,26517,143526,143527,143523,143524,0,0,0,0
1790616587.965857,4,1,4,-3,21,1011,27066,26528,143556,143557,143553,143554,0,0,0,0
1790616588.0255492,4,-6,0,2,25,1008,27069,26536,143586,143587,143583,143584,0,0,0,0
1790616588.066056,-1,-2,0,1,28,1010,27073,26542,143616,143617,143613,143614,0,0,0,0
1790616588.1266391,3,-3,-3,6,34,1014,27080,26550,143646,143647,143643,143644,0,0,0,0
1790616588.1855402,-4,-8,-1,6,36,1016,27087,26556,143676,143677,143673,143674,0,0,0,0
1790616588.2256262,4,-1,-1,-4,39,1019,27093,26561,143706,143707,143703,143704,0,0,0,0
1790616588.285555,-6,0,0,2,39,1021,27101,26566,143736,143737,143733,143734,0,0,0,0
1790616588.3258219,2,-11,-3,4,37,1028,27110,26566,143766,143767,143763,143764,0,0,0,0
1790616588.3860302,0,0,2,-2,36,1036,27122,26567,143796,143797,143793,143794,0,0,0,0
1790616588.445589,-4,-1,1,-1,33,1041,27132,26568,143826,143827,143823,143824,0,0,0,0
1790616588.4860458,1,3,0,1,29,1046,27142,26569,143856,143857,143853,143854,0,0,0,0
1790616588.5455208,4,2,3,12,30,1048,27149,26570,143886,143887,143883,143884,0,0,0,0
1790616588.586245,-4,1,4,-2,20,1053,27168,26583,143946,143947,143943,143944,0,0,0,0
1790616588.6471412,21,1,0,-1,29,1058,27193,26598,143976,143977,143973,143974,0,0,0,0
1790616588.7057862,3,3,2,1,37,1056,27196,26607,144006,144007,144003,144004,0,0,0,0
1790616588.7458801,2,-6,3,-1,37,1071,27203,26604,144036,144037,144033,144034,0,0,0,0
1790616588.8258822,-5,3,-3,-8,43,1079,27226,26620,144066,144067,144063,144064,0,0,0,0
1790616588.866291,-1,0,3,4,46,1088,27238,26624,144096,144097,144093,144094,0,0,0,0
1790616588.9256918,1,-17,0,-1,41,1084,27248,26627,144126,144127,144123,144124,0,0,0,0
1790616588.9657128,2,0,-2,-3,42,1113,27294,26632,144156,144157,144153,144154,0,0,0,0
1790616589.0271099,-4,0,-1,-2,36,1127,27323,26634,144186,144187,144183,144184,0,0,0,0
1790616589.0857332,-2,2,-2,-4,33,1135,27339,26638,144216,144217,144213,144214,0,0,0,0
1790616589.1258738,-4,-4,1,1,40,1140,27347,26644,144246,144247,144243,144244,0,0,0,0
1790616589.185649,0,2,3,2,42,1143,27352,26648,144276,144277,144273,144274,0,0,0,0
1790616589.2456279,-3,1,-1,1,44,1145,27356,26653,144306,144307,144303,144304,0,0,0,0
1790616589.3069708,-3,-4,2,-1,53,1151,27373,26669,144366,144367,144363,144364,0,0,0,0
1790616589.345886,-5,1,1,2,40,1175,27397,26655,144396,144397,144393,144394,0,0,0,0
1790616589.408871,3,-3,0,-5,49,1157,27394,26674,144426,144427,144423,144424,0,0,0,0
1790616589.465624,3,-2,3,1,60,1173,27392,26674,144456,144457,144453,144454,0,0,0,0
1790616589.525782,-3,3,4,2,70,1176,27429,26702,144486,144487,144483,144484,0,0,0,0
1790616589.5657332,2,-2,-3,-3,73,1173,27426,26708,144516,144517,144513,144514,0,0,0,0
1790616589.6255949,-3,0,-5,-1,77,1168,27421,26713,144546,144547,144543,144544,0,0,0,0
1790616589.665695,-4,1,5,0,78,1167,27422,26716,144576,144577,144573,144574,0,0,0,0
1790616589.725617,1,2,3,-5,79,1165,27422,26717,144606,144607,144603,144604,0,0,0,0
1790616589.7854872,-1,0,-20,1,82,1167,27423,26721,144636,144637,144633,144634,0,0,0,0
1790616589.8258078,-6,0,0,-1,83,1166,27424,26724,144666,144667,144663,144664,0,0,0,0
1790616589.9056551,4,-3,-1,-4,86,1166,27427,26729,144726,144727,144723,144724,0,0,0,0
1790616589.9454532,4,-3,-1,-4,86,1166,27427,26729,144726,144727,144723,144724,0,0,0,0
1790616590.0063171,0,-1,0,-1,82,1169,27435,26728,144786,144787,144783,144784,0,0,0,0
1790616590.0456908,3,2,4,-1,80,1178,27442,26724,144816,144817,144813,144814,0,0,0,0
1790616590.106003,2,1,-4,3,95,1169,27450,26753,144846,144847,144843,144844,0,0,0,0
1790616590.14566,-2,2,-3,-3,100,1186,27464,26751,144876,144877,144873,144874,0,0,0,0
1790616590.206697,-1,1,6,-6,100,1187,27473,26756,144906,144907,144903,144904,0,0,0,0
1790616590.245756,1,1,-2,-1,98,1190,27479,26757,144936,144937,144933,144934,0,0,0,0
1790616590.3068879,2,0,-1,-3,97,1193,27480,26754,144966,144967,144963,144964,0,0,0,0
1790616590.3656802,3,0,-6,1,96,1194,27485,26756,144996,144997,144993,144994,0,0,0,0
1790616590.4255161,-2,6,-2,-6,97,1194,27484,26757,145026,145027,145023,145024,0,0,0,0
1790616590.4681332,0,2,1,3,99,1197,27487,26761,145056,145057,145053,145054,0,0,0,0
1790616590.525729,2,-3,-6,-3,101,1196,27490,26764,145086,145087,145083,145084,0,0,0,0
1790616590.585823,2,1,-1,1,101,1197,27493,26766,145116,145117,145113,145114,0,0,0,0
1790616590.62718,-4,-3,6,1,120,1232,27518,26772,145146,145147,145143,145144,0,0,0,0
1790616590.68573,-3,3,0,2,122,1223,27514,26776,145176,145177,145173,145174,0,0,0,0
1790616590.727159,2,1,-2,-1,138,1209,27499,26789,145206,145207,145203,145204,0,0,0,0
1790616590.785751,3,-1,-10,-2,149,1198,27488,26800,145236,145237,145233,145234,0,0,0,0
1790616590.82726,1,1,1,3,158,1192,27486,26812,145266,145267,145263,145264,0,0,0,0
1790616590.885599,0,-1,1,-1,157,1182,27473,26807,145296,145297,145293,145294,0,0,0,0
1790616590.945492,0,43,-3,0,201,1234,27514,26837,145326,145327,145323,145324,0,0,0,0
1790616590.9858,0,-4,3,-1,196,1239,27534,26841,145356,145357,145353,145354,0,0,0,0
1790616591.045517,-1,-6,-2,-3,190,1235,27536,26837,145386,145387,145383,145384,0,0,0,0
1790616591.0858061,9,-4,-3,-1,196,1232,27533,26841,145416,145417,145413,145414,0,0,0,0
1790616591.145625,2,0,-1,-5,200,1229,27527,26846,145446,145447,145443,145444,0,0,0,0
1790616591.185778,-2,-3,1,1,200,1229,27529,26849,145476,145477,145473,145474,0,0,0,0
1790616591.245526,-2,3,0,3,199,1231,27531,26848,145506,145507,145503,145504,0,0,0,0
1790616591.305672,-2,3,-6,-1,204,1228,27530,26854,145566,145567,145563,145564,0,0,0,0
1790616591.3457081,-1,-1,-2,1,191,1230,27523,26842,145596,145597,145593,145594,0,0,0,0
1790616591.406403,-4,3,3,2,170,1269,27562,26826,145626,145627,145623,145624,0,0,0,0
1790616591.4459279,-3,3,-1,1,171,1280,27578,26827,145656,145657,145653,145654,0,0,0,0
1790616591.505439,-3,0,-3,0,169,1275,27571,26833,145686,145687,145683,145684,0,0,0,0
1790616591.545741,5,1,0,4,170,1281,27582,26830,145716,145717,145713,145714,0,0,0,0
1790616591.605752,2,1,0,3,182,1274,27584,26840,145746,145747,145743,145744,0,0,0,0
1790616591.667815,1,1,-4,3,210,1252,27556,26871,145776,145777,145773,145774,0,0,0,0
1790616591.7058089,3,-1,2,3,215,1257,27561,26873,145806,145807,145803,145804,0,0,0,0
1790616591.770896,2,0,-7,-3,217,1269,27585,26881,145836,145837,145833,145834,0,0,0,0
1790616591.805811,-2,-3,-1,1,212,1269,27594,26883,145866,145867,145863,145864,0,0,0,0
1790616591.867678,-1,2,-2,0,212,1272,27599,26884,145896,145897,145893,145894,0,0,0,0
1790616591.925466,-1,0,-5,-1,213,1275,27603,26886,145926,145927,145923,145924,0,0,0,0
1790616591.968878,-2,2,1,-2,215,1276,27608,26892,145956,145957,145953,145954,0,0,0,0
1790616592.025513,-4,1,-5,3,216,1276,27610,26894,145986,145987,145983,145984,0,0,0,0
1790616592.08585,1,-1,2,1,218,1280,27614,26898,146016,146017,146013,146014,0,0,0,0
1790616592.146097,0,-2,-2,-4,221,1280,27617,26900,146046,146047,146043,146044,0,0,0,0
1790616592.185925,4,1,-3,-1,224,1284,27620,26906,146076,146077,146073,146074,0,0,0,0
1790616592.245675,1,-4,4,-1,260,1281,27644,26954,146106,146107,146103,146104,0,0,0,0
1790616592.305449,1,-2,-4,-3,282,1269,27636,26980,146166,146167,146163,146164,0,0,0,0
1790616592.345793,-1,-3,1,-9,274,1275,27645,26974,146196,146197,146193,146194,0,0,0,0
1790616592.406023,-1,-4,-3,-1,266,1282,27654,26968,146226,146227,146223,146224,0,0,0,0
1790616592.4459121,-2,1,-2,-4,244,1292,27658,26944,146256,146257,146253,146254,0,0,0,0
1790616592.507224,0,-1,-2,1,257,1322,27697,26964,146286,146287,146283,146284,0,0,0,0
1790616592.5666702,2,-2,0,-4,276,1324,27695,26979,146316,146317,146313,146314,0,0,0,0
1790616592.6256828,-1,-2,-1,0,284,1317,27687,26987,146346,146347,146343,146344,0,0,0,0
1790616592.665904,-4,0,4,-1,294,1315,27682,26996,146376,146377,146373,146374,0,0,0,0
1790616592.725842,2,-6,5,5,298,1308,27679,27000,146406,146407,146403,146404,0,0,0,0
1790616592.769693,0,-1,-1,-3,303,1310,27678,27006,146436,146437,146433,146434,0,0,0,0
1790616592.82596,-1,-1,-1,-2,305,1309,27680,27010,146466,146467,146463,146464,0,0,0,0
1790616592.866051,3,-2,1,0,303,1307,27682,27011,146496,146497,146493,146494,0,0,0,0
1790616592.92572,-6,-4,-5,0,303,1307,27682,27012,146526,146527,146523,146524,0,0,0,0
1790616592.96711,0,-2,0,0,303,1310,27687,27014,146556,146557,146553,146554,0,0,0,0
1790616593.025964,-5,-2,-2,0,317,1317,27705,27036,146586,146587,146583,146584,0,0,0,0
1790616593.085855,-1,-7,3,1,346,1312,27701,27064,146616,146617,146613,146614,0,0,0,0
1790616593.12603,-3,-3,-3,-3,348,1302,27688,27068,146646,146647,146643,146644,0,0,0,0
1790616593.185926,-3,0,-2,-1,352,1304,27690,27072,146676,146677,146673,146674,0,0,0,0
1790616593.225916,1,-2,4,0,353,1310,27695,27071,146706,146707,146703,146704,0,0,0,0
1790616593.28613,-1,-3,2,1,341,1308,27689,27055,146736,146737,146733,146734,0,0,0,0
1790616593.345647,3,2,2,2,352,1319,27693,27066,146766,146767,146763,146764,0,0,0,0
1790616593.386132,2,3,-1,2,368,1316,27704,27089,146826,146827,146823,146824,0,0,0,0
1790616593.445805,2,3,-1,1,378,1313,27700,27102,146856,146857,146853,146854,0,0,0,0
1790616593.50557,-2,6,-1,1,389,1305,27694,27112,146886,146887,146883,146884,0,0,0,0
1790616593.545838,2,6,-2,-1,399,1295,27688,27121,146916,146917,146913,146914,0,0,0,0
1790616593.605598,1,-1,3,3,411,1289,27683,27132,146946,146947,146943,146944,0,0,0,0
1790616593.645823,2,2,-3,4,419,1284,27679,27144,146976,146977,146973,146974,0,0,0,0
1790616593.7067351,-2,3,-14,4,428,1282,27677,27156,147006,147007,147003,147004,0,0,0,0
1790616593.7716339,6,-1,1,-1,443,1283,27691,27182,147036,147037,147033,147034,0,0,0,0
1790616593.825629,0,6,3,0,453,1277,27712,27217,147066,147067,147063,147064,0,0,0,0
1790616593.8679,3,1,1,2,464,1267,27703,27228,147096,147097,147093,147094,0,0,0,0
1790616593.925656,0,1,4,0,481,1257,27698,27250,147126,147127,147123,147124,0,0,0,0
1790616593.986358,1,-7,1,0,494,1250,27693,27267,147156,147157,147153,147154,0,0,0,0
1790616594.025714,1,-1,-1,0,510,1232,27672,27271,147186,147187,147183,147184,0,0,0,0
1790616594.0871942,3,-1,5,0,544,1216,27663,27318,147216,147217,147213,147214,0,0,0,0
1790616594.145769,1,1,1,0,568,1211,27665,27348,147246,147247,147243,147244,0,0,0,0
1790616594.185771,1,1,-2,1,587,1204,27659,27372,147276,147277,147273,147274,0,0,0,0
1790616594.245413,-3,1,6,-2,599,1199,27656,27390,147306,147307,147303,147304,0,0,0,0
1790616594.305491,5,-1,-1,2,614,1193,27664,27415,147366,147367,147363,147364,0,0,0,0
1790616594.373045,5,2,3,1,623,1191,27666,27429,147396,147397,147393,147394,0,0,0,0
1790616594.425633,0,0,0,1,630,1187,27666,27440,147426,147427,147423,147424,0,0,0,0
1790616594.465605,5,-1,-1,2,638,1181,27665,27454,147456,147457,147453,147454,0,0,0,0
1790616594.5285969,4,-1,1,2,648,1179,27663,27465,147486,147487,147483,147484,0,0,0,0
1790616594.5855029,1,-1,2,1,656,1189,27683,27484,147516,147517,147513,147514,0,0,0,0
1790616594.629259,1,2,3,-1,643,1196,27710,27487,147546,147547,147543,147544,0,0,0,0
1790616594.685616,2,1,1,-3,648,1200,27712,27491,147576,147577,147573,147574,0,0,0,0
1790616594.728339,-1,4,2,-2,661,1192,27705,27501,147606,147607,147603,147604,0,0,0,0
1790616594.7857301,3,-2,0,2,686,1161,27675,27529,147666,147667,147663,147664,0,0,0,0
1790616594.845392,3,-2,0,2,686,1161,27675,27529,147666,147667,147663,147664,0,0,0,0
1790616594.905609,5,-2,6,-2,732,1153,27674,27596,147726,147727,147723,147724,0,0,0,0
1790616594.945934,-1,0,1,3,736,1157,27686,27605,147756,147757,147753,147754,0,0,0,0
1790616595.006156,1,2,3,17,734,1158,27694,27607,147786,147787,147783,147784,0,0,0,0
1790616595.046014,-3,-4,5,7,735,1158,27700,27612,147816,147817,147813,147814,0,0,0,0
1790616595.105781,0,-1,0,0,736,1159,27704,27616,147846,147847,147843,147844,0,0,0,0
1790616595.1656268,-1,3,-3,-7,734,1155,27705,27617,147876,147877,147873,147874,0,0,0,0
1790616595.205914,1,-3,2,0,733,1155,27706,27617,147906,147907,147903,147904,0,0,0,0
1790616595.270825,-1,-5,1,0,730,1157,27710,27617,147936,147937,147933,147934,0,0,0,0
1790616595.3276448,-5,-4,-2,0,728,1155,27712,27616,147966,147967,147963,147964,0,0,0,0
1790616595.366441,-1,-6,-1,2,740,1146,27705,27625,147996,147997,147993,147994,0,0,0,0
1790616595.405987,-3,-1,-3,-1,764,1128,27685,27652,148026,148027,148023,148024,0,0,0,0
1790616595.465646,-8,2,2,1,764,1129,27684,27655,148056,148057,148053,148054,0,0,0,0
1790616595.5272288,-2,5,3,-3,752,1142,27702,27648,148086,148087,148083,148084,0,0,0,0
1790616595.568376,-1,2,-1,0,740,1154,27720,27638,148116,148117,148113,148114,0,0,0,0
1790616595.627521,-1,-8,4,-1,732,1161,27728,27633,148146,148147,148143,148144,0,0,0,0
1790616595.6858082,1,-3,2,0,734,1159,27730,27639,148176,148177,148173,148174,0,0,0,0
1790616595.7303529,-11,1,3,1,738,1154,27729,27645,148206,148207,148203,148204,0,0,0,0
1790616595.785791,-1,2,4,-6,742,1153,27730,27652,148236,148237,148233,148234,0,0,0,0
1790616595.845665,2,-1,-2,1,748,1156,27734,27665,148296,148297,148293,148294,0,0,0,0
1790616595.905589,-4,4,3,2,748,1160,27741,27667,148326,148327,148323,148324,0,0,0,0
1790616595.9460008,3,4,3,-4,746,1167,27748,27669,148356,148357,148353,148354,0,0,0,0
1790616596.0055418,1,4,-3,0,748,1169,27754,27674,148386,148387,148383,148384,0,0,0,0
1790616596.045812,1,4,-1,-7,751,1171,27758,27679,148416,148417,148413,148414,0,0,0,0
1790616596.1054919,-2,20,-3,-3,758,1173,27762,27689,148446,148447,148443,148444,0,0,0,0
1790616596.165539,3,-2,0,2,763,1173,27765,27698,148476,148477,148473,148474,0,0,0,0
1790616596.2064152,4,1,-5,2,772,1175,27767,27708,148506,148507,148503,148504,0,0,0,0
1790616596.267637,3,2,0,1,774,1177,27773,27714,148536,148537,148533,148534,0,0,0,0
1790616596.32796,1,-1,11,1,776,1180,27781,27718,148566,148567,148563,148564,0,0,0,0
1790616596.365908,-2,2,1,2,776,1184,27789,27722,148596,148597,148593,148594,0,0,0,0
1790616596.428173,3,-3,0,0,779,1188,27794,27725,148626,148627,148623,148624,0,0,0,0
1790616596.4663649,1,3,1,-2,785,1194,27797,27730,148656,148657,148653,148654,0,0,0,0
1790616596.525632,2,1,-4,-1,792,1189,27798,27739,148686,148687,148683,148684,0,0,0,0
1790616596.567591,0,-3,1,3,798,1187,27799,27748,148716,148717,148713,148714,0,0,0,0
1790616596.626425,-3,-3,5,-4,801,1189,27804,27753,148746,148747,148743,148744,0,0,0,0
1790616596.685518,-2,-1,1,-6,800,1195,27812,27753,148776,148777,148773,148774,0,0,0,0
1790616596.745664,-2,1,1,0,797,1194,27818,27754,148806,148807,148803,148804,0,0,0,0
1790616596.805517,-6,-5,0,3,798,1189,27821,27757,148866,148867,148863,148864,0,0,0,0
1790616596.845762,-5,-7,2,-4,794,1190,27824,27759,148896,148897,148893,148894,0,0,0,0
1790616596.9055018,-3,1,-5,-5,791,1188,27826,27758,148926,148927,148923,148924,0,0,0,0
1790616596.945668,-2,-2,-1,-4,787,1185,27828,27758,148956,148957,148953,148954,0,0,0,0
1790616597.00544,0,-2,-2,-4,786,1186,27830,27759,148986,148987,148983,148984,0,0,0,0
1790616597.045696,2,-1,4,2,786,1189,27833,27759,149016,149017,149013,149014,0,0,0,0
1790616597.1057038,-6,-2,-4,-7,795,1213,27851,27770,149046,149047,149043,149044,0,0,0,0
1790616597.165612,-2,0,3,-7,763,1228,27876,27748,149076,149077,149073,149074,0,0,0,0
1790616597.205743,-1,0,-3,2,760,1246,27896,27748,149106,149107,149103,149104,0,0,0,0
1790616597.2659829,1,-1,5,1,763,1247,27905,27756,149136,149137,149133,149134,0,0,0,0
1790616597.331573,0,5,-2,1,770,1244,27905,27764,149166,149167,149163,149164,0,0,0,0
1790616597.385683,-1,-3,-2,0,773,1248,27906,27769,149196,149197,149193,149194,0,0,0,0
1790616597.42718,2,5,0,1,776,1254,27912,27770,149226,149227,149223,149224,0,0,0,0
1790616597.485652,-2,-2,2,4,777,1264,27920,27770,149256,149257,149253,149254,0,0,0,0
1790616597.5455391,7,2,-2,0,775,1276,27932,27769,149286,149287,149283,149284,0,0,0,0
1790616597.5858529,2,1,2,-1,773,1285,27940,27770,149316,149317,149313,149314,0,0,0,0
1790616597.645549,-2,8,-8,2,771,1292,27948,27771,149346,149347,149343,149344,0,0,0,0
1790616597.685905,3,-4,6,1,768,1291,27952,27771,149376,149377,149373,149374,0,0,0,0
1790616597.745549,-4,-1,-3,1,760,1327,27986,27766,149436,149437,149433,149434,0,0,0,0
1790616597.805509,1,7,-3,6,757,1328,27992,27764,149466,149467,149463,149464,0,0,0,0
1790616597.865406,-4,0,-4,-5,761,1316,27989,27769,149496,149497,149493,149494,0,0,0,0
1790616597.905642,-5,1,-4,-7,764,1309,27986,27775,149526,149527,149523,149524,0,0,0,0
1790616597.9657211,-6,0,-3,2,776,1319,27987,27781,149556,149557,149553,149554,0,0,0,0
1790616598.0057049,2,3,-1,0,795,1375,28037,27812,149586,149587,149583,149584,0,0,0,0
1790616598.065453,-2,6,5,-6,767,1408,28086,27802,149616,149617,149613,149614,0,0,0,0
1790616598.126095,-3,2,2,1,741,1452,28121,27779,149646,149647,149643,149644,0,0,0,0
1790616598.1656299,2,-1,-1,-2,725,1476,28150,27767,149676,149677,149673,149674,0,0,0,0
1790616598.226395,0,-2,0,-1,720,1484,28164,27768,149706,149707,149703,149704,0,0,0,0
1790616598.285959,-2,-1,3,-5,720,1478,28167,27771,149736,149737,149733,149734,0,0,0,0
1790616598.34561,-3,-5,0,2,716,1474,28167,27771,149766,149767,149763,149764,0,0,0,0
1790616598.385692,-6,-4,-3,-2,711,1473,28165,27769,149796,149797,149793,149794,0,0,0,0
1790616598.445649,2,-2,-8,-5,709,1472,28164,27769,149826,149827,149823,149824,0,0,0,0
1790616598.485934,-3,5,4,0,710,1478,28165,27770,149856,149857,149853,149854,0,0,0,0
1790616598.545969,1,2,2,-1,718,1493,28176,27774,149886,149887,149883,149884,0,0,0,0
1790616598.5860748,1,4,7,1,714,1504,28187,27778,149916,149917,149913,149914,0,0,0,0
1790616598.6456761,-2,-1,0,7,716,1513,28197,27780,149946,149947,149943,149944,0,0,0,0
1790616598.690741,3,0,-4,1,714,1520,28205,27777,149976,149977,149973,149974,0,0,0,0
1790616598.7458901,-5,-8,3,-1,712,1521,28211,27776,150006,150007,150003,150004,0,0,0,0
1790616598.805485,-1,-4,-3,-1,694,1559,28249,27769,150066,150067,150063,150064,0,0,0,0
1790616598.874434,-1,-6,-3,-5,693,1561,28256,27773,150096,150097,150093,150094,0,0,0,0
1790616598.925591,2,-1,2,-1,700,1574,28262,27779,150126,150127,150123,150124,0,0,0,0
1790616598.965879,2,0,3,-4,716,1611,28299,27803,150156,150157,150153,150154,0,0,0,0
1790616599.027722,4,1,4,-3,689,1635,28351,27804,150186,150187,150183,150184,0,0,0,0
1790616599.065783,0,3,3,0,657,1673,28386,27778,150216,150217,150213,150214,0,0,0,0
1790616599.126464,0,2,3,-3,644,1708,28413,27765,150246,150247,150243,150244,0,0,0,0
1790616599.187649,-4,-5,0,-3,642,1719,28425,27765,150276,150277,150273,150274,0,0,0,0
1790616599.226248,-1,5,-3,-2,647,1716,28427,27771,150306,150307,150303,150304,0,0,0,0
1790616599.285888,3,2,4,-2,655,1713,28427,27776,150336,150337,150333,150334,0,0,0,0
1790616599.3260002,-6,-2,2,-1,655,1714,28431,27779,150366,150367,150363,150364,0,0,0,0
1790616599.3856719,1,-4,-1,13,649,1712,28436,27776,150396,150397,150393,150394,0,0,0,0
1790616599.445517,-2,0,-1,-4,642,1714,28440,27773,150426,150427,150423,150424,0,0,0,0
1790616599.4877849,-5,0,-3,-3,635,1716,28443,27772,150456,150457,150453,150454,0,0,0,0
1790616599.545367,0,-2,-4,-3,632,1723,28450,27772,150486,150487,150483,150484,0,0,0,0
1790616599.58774,4,2,-3,-1,629,1731,28457,27773,150516,150517,150513,150514,0,0,0,0
1790616599.645758,1,3,0,-3,632,1749,28473,27777,150576,150577,150573,150574,0,0,0,0
1790616599.705761,-1,1,0,2,634,1753,28479,27778,150606,150607,150603,150604,0,0,0,0
1790616599.7673962,1,1,4,4,637,1757,28483,27783,150636,150637,150633,150634,0,0,0,0
1790616599.825856,3,3,-4,-2,642,1780,28505,27781,150666,150667,150663,150664,0,0,0,0
1790616599.865691,1,1,5,6,630,1797,28525,27774,150696,150697,150693,150694,0,0,0,0
1790616599.925627,-1,1,4,1,632,1815,28537,27781,150726,150727,150723,150724,0,0,0,0
1790616599.987047,-3,6,0,3,641,1833,28583,27808,150756,150757,150753,150754,0,0,0,0
1790616600.025263,-3,7,5,-4,622,1848,28597,27794,150786,150787,150783,150784,0,0,0,0
1790616600.086796,-4,1,2,-3,598,1864,28613,27779,150816,150817,150813,150814,0,0,0,0
1790616600.125671,-4,-5,-3,-3,582,1878,28627,27769,150846,150847,150843,150844,0,0,0,0
1790616600.187074,-3,-1,-2,0,576,1887,28634,27764,150876,150877,150873,150874,0,0,0,0
1790616600.2259781,0,-3,-1,-1,575,1888,28636,27766,150906,150907,150903,150904,0,0,0,0
1790616600.3058822,-1,2,3,3,574,1889,28633,27767,150936,150937,150933,150934,0,0,0,0
1790616600.346005,-2,-2,-1,-5,624,1922,28662,27808,150996,150997,150993,150994,0,0,0,0
1790616600.405698,-2,-2,-1,-5,624,1922,28662,27808,150996,150997,150993,150994,0,0,0,0
1790616600.4456818,0,5,0,-1,564,1975,28721,27768,151056,151057,151053,151054,0,0,0,0
1790616600.505494,0,4,-2,-6,547,1994,28742,27754,151086,151087,151083,151084,0,0,0,0
1790616600.545851,0,6,5,-5,518,2006,28756,27734,151116,151117,151113,151114,0,0,0,0
1790616600.605393,1,-2,4,4,504,2040,28805,27738,151146,151147,151143,151144,0,0,0,0
1790616600.645947,1,5,0,-3,510,2048,28828,27754,151176,151177,151173,151174,0,0,0,0
1790616600.705507,0,3,6,-2,509,2056,28842,27759,151206,151207,151203,151204,0,0,0,0
1790616600.745753,-2,-3,-4,4,510,2062,28849,27759,151236,151237,151233,151234,0,0,0,0
1790616600.80545,30,34,22,19,733,2319,28939,27865,151266,151267,151263,151264,0,0,0,0
1790616600.865471,44,43,48,38,1923,3419,30194,28953,151296,151297,151293,151294,0,0,0,0
1790616600.905822,23,25,26,32,2757,4458,31189,29930,151326,151327,151323,151324,0,0,0,0
1790616600.965467,33,36,39,29,3614,5286,32041,30753,151356,151357,151353,151354,0,0,0,0
1790616601.005642,28,36,33,48,4629,6233,317,31683,151386,151387,151383,151384,0,0,0,0
1790616601.065561,25,31,29,32,5686,7181,1315,32,151416,151417,151413,151414,0,0,0,0
1790616601.127608,34,35,36,32,6751,8166,2286,1040,151446,151447,151443,151444,0,0,0,0
1790616601.1871161,39,34,38,32,7850,9184,3298,2140,151476,151477,151473,151474,0,0,0,0
1790616601.225523,35,34,38,34,8965,10395,4350,3149,151506,151507,151503,151504,0,0,0,0
1790616601.2880042,43,37,32,41,9926,11401,5490,4152,151536,151537,151533,151534,0,0,0,0
1790616601.3453739,49,40,54,40,11042,12519,6565,5194,151566,151567,151563,151564,0,0,0,0
1790616601.387062,48,44,41,45,13132,14555,8778,7326,151626,151627,151623,151624,0,0,0,0
1790616601.446086,48,44,41,45,13132,14555,8778,7326,151626,151627,151623,151624,0,0,0,0
1790616601.5058188,41,43,45,40,15170,16615,11056,9640,151686,151687,151683,151684,0,0,0,0
1790616601.545779,32,45,39,41,16379,17722,12161,10720,151716,151717,151713,151714,0,0,0,0
1790616601.60561,43,37,35,36,17454,18819,13105,11726,151746,151747,151743,151744,0,0,0,0
1790616601.645833,42,41,33,34,18685,19950,14168,12666,151776,151777,151773,151774,0,0,0,0
1790616601.705697,32,37,40,43,19753,21105,15224,13783,151806,151807,151803,151804,0,0,0,0
1790616601.745857,36,33,41,40,20937,22168,16270,14834,151836,151837,151833,151834,0,0,0,0
1790616601.8266282,29,30,24,41,21887,23193,17337,15840,151866,151867,151863,151864,0,0,0,0
1790616601.865634,35,32,33,42,22721,24062,18329,16838,151896,151897,151893,151894,0,0,0,0
1790616601.925781,23,34,34,30,23496,24787,19246,17646,151926,151927,151923,151924,0,0,0,0
1790616601.96593,25,23,26,29,24192,25585,20018,18481,151956,151957,151953,151954,0,0,0,0
1790616602.026102,38,33,20,25,24909,26289,20792,19226,151986,151987,151983,151984,0,0,0,0
1790616602.087748,21,15,24,26,25607,26864,21354,19873,152016,152017,152013,152014,0,0,0,0
1790616602.1454709,26,26,19,23,26265,27551,21984,20551,152046,152047,152043,152044,0,0,0,0
1790616602.188886,20,21,19,18,26877,28106,22496,21033,152076,152077,152073,152074,0,0,0,0
1790616602.245504,17,23,15,24,27407,28639,23002,21486,152106,152107,152103,152104,0,0,0,0
1790616602.2873442,16,13,19,16,27905,29111,23419,21968,152136,152137,152133,152134,0,0,0,0
1790616602.345501,17,11,14,15,28278,29467,23793,22375,152166,152167,152163,152164,0,0,0,0
1790616602.387718,18,14,10,18,28725,29893,24184,22848,152196,152197,152193,152194,0,0,0,0
1790616602.4454021,8,12,12,11,29040,30238,24566,23185,152226,152227,152223,152224,0,0,0,0
1790616602.48753,14,16,21,11,29282,30511,24957,23463,152256,152257,152253,152254,0,0,0,0
1790616602.545612,8,7,9,6,29816,31118,25630,24039,152316,152317,152313,152314,0,0,0,0
1790616602.606645,8,7,7,10,30081,31349,25832,24270,152346,152347,152343,152344,0,0,0,0
1790616602.6458979,5,6,5,9,30311,31551,25961,24443,152376,152377,152373,152374,0,0,0,0
1790616602.706284,9,7,7,11,30529,31742,26110,24645,152406,152407,152403,152404,0,0,0,0
1790616602.745858,9,13,12,14,30698,31952,26328,24909,152436,152437,152433,152434,0,0,0,0
1790616602.806807,1,8,7,3,30849,32168,26616,25216,152466,152467,152463,152464,0,0,0,0
1790616602.865503,8,6,11,7,30975,32386,26895,25454,152496,152497,152493,152494,0,0,0,0
1790616602.906111,0,4,6,-7,31079,32585,27151,25516,152526,152527,152523,152524,0,0,0,0
1790616602.9654999,-7,8,3,-3,31058,32697,27274,25443,152556,152557,152553,152554,0,0,0,0
1790616603.00701,-4,3,0,-3,30988,32759,27362,25379,152586,152587,152583,152584,0,0,0,0
1790616603.065658,-3,-3,-1,0,30947,18,27404,25342,152616,152617,152613,152614,0,0,0,0
1790616603.1064541,3,-7,0,-1,30938,22,27418,25332,152646,152647,152643,152644,0,0,0,0
1790616603.1657112,-4,-3,-2,-1,30948,16,27413,25338,152676,152677,152673,152674,0,0,0,0
1790616603.225367,-3,-2,4,1,30963,6,27401,25352,152706,152707,152703,152704,0,0,0,0
1790616603.2871768,-5,0,-5,-2,30974,32763,27385,25358,152736,152737,152733,152734,0,0,0,0
1790616603.329674,-3,-1,1,-7,30968,32751,27366,25346,152766,152767,152763,152764,0,0,0,0
1790616603.3870552,-1,1,-1,-3,30966,32752,27373,25348,152796,152797,152793,152794,0,0,0,0
1790616603.4456089,-4,-3,-1,5,30965,32753,27376,25346,152826,152827,152823,152824,0,0,0,0
1790616603.486751,3,-1,-3,1,30967,32753,27376,25345,152856,152857,152853,152854,0,0,0,0
1790616603.545844,-4,-2,11,-1,30967,32756,27378,25346,152886,152887,152883,152884,0,0,0,0
1790616603.587717,-3,4,-3,1,30969,32756,27376,25347,152916,152917,152913,152914,0,0,0,0
1790616603.648694,-4,-6,0,-2,30972,32759,27377,25350,152946,152947,152943,152944,0,0,0,0
1790616603.6870852,1,4,-3,-6,30977,32756,27377,25352,152976,152977,152973,152974,0,0,0,0
1790616603.7458339,-6,-6,2,2,31013,32756,27380,25380,153006,153007,153003,153004,0,0,0,0
1790616603.8055522,2,-2,-5,0,31075,32738,27347,25419,153066,153067,153063,153064,0,0,0,0
1790616603.865381,4,5,2,0,31072,32745,27352,25414,153096,153097,153093,153094,0,0,0,0
1790616603.905728,0,5,-2,-7,31058,32752,27361,25404,153126,153127,153123,153124,0,0,0,0
1790616603.9652438,0,2,-2,-1,31052,32761,27369,25398,153156,153157,153153,153154,0,0,0,0
1790616604.0064,-1,-6,0,-1,31048,32767,27376,25394,153186,153187,153183,153184,0,0,0,0
1790616604.0656042,3,0,0,-1,31053,32767,27378,25396,153216,153217,153213,153214,0,0,0,0
1790616604.105783,1,2,-3,-2,31063,32767,27376,25403,153246,153247,153243,153244,0,0,0,0
1790616604.16556,-2,2,-1,-8,31073,32765,27371,25411,153276,153277,153273,153274,0,0,0,0
1790616604.226409,0,-2,1,1,31081,32765,27370,25415,153306,153307,153303,153304,0,0,0,0
1790616604.285395,2,-4,-3,2,31101,32764,27371,25423,153336,153337,153333,153334,0,0,0,0
1790616604.325423,22,-16,-13,14,31391,32599,27248,25576,153366,153367,153363,153364,0,0,0,0
1790616604.3859708,68,-55,-26,68,38,31522,26713,26450,153396,153397,153393,153394,0,0,0,0
1790616604.425662,53,-92,-71,62,2034,29721,25506,28401,153426,153427,153423,153424,0,0,0,0
1790616604.487366,71,-59,-68,65,3803,27929,23491,30233,153456,153457,153453,153454,0,0,0,0
1790616604.525898,70,-80,-78,82,5809,26021,21457,32325,153486,153487,153483,153484,0,0,0,0
1790616604.587015,72,-78,-70,85,7933,23967,19322,1721,153516,153517,153513,153514,0,0,0,0
1790616604.627145,69,-59,-58,79,9925,21974,17355,3679,153546,153547,153543,153544,0,0,0,0
1790616604.685649,50,-68,-68,45,11635,20290,15586,5448,153576,153577,153573,153574,0,0,0,0
1790616604.727498,57,-47,-56,37,13052,18869,14115,6959,153606,153607,153603,153604,0,0,0,0
1790616604.788867,40,-44,-38,41,14334,17565,12846,8159,153636,153637,153633,153634,0,0,0,0
1790616604.847426,52,-48,-35,44,15496,16456,11656,9393,153666,153667,153663,153664,0,0,0,0
1790616604.8856509,57,-51,-39,53,16827,15095,10364,10611,153696,153697,153693,153694,0,0,0,0
1790616604.947335,61,-64,-61,61,18361,13639,8888,12144,153726,153727,153723,153724,0,0,0,0
1790616604.986374,67,-70,-63,64,19987,11924,7177,13861,153756,153757,153753,153754,0,0,0,0
1790616605.04768,67,-68,-66,69,21900,10175,5378,15739,153786,153787,153783,153784,0,0,0,0
1790616605.086601,55,-64,-65,54,25439,6657,1740,19366,153846,153847,153843,153844,0,0,0,0
1790616605.148431,55,-64,-65,54,25439,6657,1740,19366,153846,153847,153843,153844,0,0,0,0
1790616605.186801,48,-53,-43,55,28464,3485,31384,22424,153906,153907,153903,153904,0,0,0,0
1790616605.24771,48,-53,-43,55,28464,3485,31384,22424,153906,153907,153903,153904,0,0,0,0
1790616605.3056169,49,-56,-47,55,31154,651,28661,25313,153966,153967,153963,153964,0,0,0,0
1790616605.34774,52,-58,-54,49,32568,31847,27203,26823,153996,153997,153993,153994,0,0,0,0
1790616605.4053912,61,-52,-61,65,1306,30307,25821,28437,154026,154027,154023,154024,0,0,0,0
1790616605.4481878,70,-68,-57,57,2888,28655,24151,30151,154056,154057,154053,154054,0,0,0,0
1790616605.5054212,50,-65,-70,74,4578,26960,22390,31752,154086,154087,154083,154084,0,0,0,0
1790616605.565939,62,-63,-55,64,6219,25324,20808,760,154116,154117,154113,154114,0,0,0,0
1790616605.625739,53,-58,-53,53,7926,23613,19162,2410,154146,154147,154143,154144,0,0,0,0
1790616605.685845,46,-45,-52,64,9462,22024,17607,4075,154176,154177,154173,154174,0,0,0,0
1790616605.726296,56,-61,-51,51,11037,20598,16096,5588,154206,154207,154203,154204,0,0,0,0
1790616605.78593,57,-54,-61,49,12467,19051,14568,7064,154236,154237,154233,154234,0,0,0,0
1790616605.846966,39,-54,-50,59,13954,17638,13170,8501,154266,154267,154263,154264,0,0,0,0
1790616605.885974,51,-43,-59,45,15238,16310,11793,9939,154296,154297,154293,154294,0,0,0,0
1790616605.948389,47,-41,-36,48,16522,15037,10530,11209,154326,154327,154323,154324,0,0,0,0
1790616605.988002,31,-36,-35,32,18699,12926,8377,13377,154386,154387,154383,154384,0,0,0,0
1790616606.047617,31,-36,-35,32,18699,12926,8377,13377,154386,154387,154383,154384,0,0,0,0
1790616606.105651,18,-16,-22,19,20099,11499,6903,14915,154446,154447,154443,154444,0,0,0,0
1790616606.1477928,21,-20,-21,18,20715,10947,6338,15394,154476,154477,154473,154474,0,0,0,0
1790616606.205579,16,-17,-19,15,21230,10436,5811,15947,154506,154507,154503,154504,0,0,0,0
1790616606.249556,18,-25,-18,19,21782,9890,5335,16475,154536,154537,154533,154534,0,0,0,0
1790616606.3065531,13,-15,-21,24,22318,9279,4775,17131,154566,154567,154563,154564,0,0,0,0
1790616606.36636,22,-25,-21,17,22940,8789,4163,17640,154596,154597,154593,154594,0,0,0,0
1790616606.406558,21,-22,-19,19,23440,8216,3592,18224,154626,154627,154623,154624,0,0,0,0
1790616606.466371,18,-14,-16,15,23907,7800,3159,18694,154656,154657,154653,154654,0,0,0,0
1790616606.506627,12,-16,-13,12,24345,7369,2748,19150,154686,154687,154683,154684,0,0,0,0
1790616606.5674691,13,-12,-11,16,24719,7010,2363,19497,154716,154717,154713,154714,0,0,0,0
1790616606.607816,11,-18,-8,16,25103,6680,2034,19829,154746,154747,154743,154744,0,0,0,0
1790616606.667727,11,-16,-16,18,25456,6322,1690,20234,154776,154777,154773,154774,0,0,0,0
1790616606.727659,14,-11,-13,14,25746,5975,1355,20615,154806,154807,154803,154804,0,0,0,0
1790616606.78778,21,-20,-20,18,26164,5588,962,20987,154836,154837,154833,154834,0,0,0,0
1790616606.827685,21,-16,-18,22,26715,5093,480,21476,154866,154867,154863,154864,0,0,0,0
1790616606.8873851,19,-17,-19,16,27219,4623,32715,22014,154896,154897,154893,154894,0,0,0,0
1790616606.947459,18,-22,-20,18,27750,4125,32199,22509,154926,154927,154923,154924,0,0,0,0
1790616606.988362,15,-18,-18,15,28172,3592,31670,23032,154956,154957,154953,154954,0,0,0,0
1790616607.0473652,11,-7,-11,8,28523,3287,31342,23355,154986,154987,154983,154984,0,0,0,0
1790616607.0888908,2,3,-5,3,28875,3002,31029,23684,155046,155047,155043,155044,0,0,0,0
1790616607.147346,5,-1,-1,-2,28934,2947,30966,23744,155076,155077,155073,155074,0,0,0,0
1790616607.18776,0,-3,1,-1,28946,2933,30948,23760,155106,155107,155103,155104,0,0,0,0
1790616607.2476742,-1,-1,-2,-1,28929,2948,30963,23744,155136,155137,155133,155134,0,0,0,0
1790616607.3084228,-1,1,0,-1,28893,2986,31001,23705,155166,155167,155163,155164,0,0,0,0
1790616607.367323,-1,0,-3,-2,28852,3029,31046,23660,155196,155197,155193,155194,0,0,0,0
1790616607.408701,-4,-5,-1,-5,28816,3062,31083,23622,155226,155227,155223,155224,0,0,0,0
1790616607.4673762,0,-1,-3,-4,28793,3082,31108,23598,155256,155257,155253,155254,0,0,0,0
1790616607.5152798,0,0,2,-5,28783,3089,31117,23589,155286,155287,155283,155284,0,0,0,0
1790616607.567307,-4,-2,0,0,28785,3087,31117,23591,155316,155317,155313,155314,0,0,0,0
1790616607.611171,-4,-4,0,2,28791,3083,31113,23595,155346,155347,155343,155344,0,0,0,0
1790616607.667317,2,5,-1,1,28793,3081,31110,23598,155376,155377,155373,155374,0,0,0,0
1790616607.7281501,-2,-1,2,-6,28791,3083,31111,23596,155406,155407,155403,155404,0,0,0,0
1790616607.7873092,3,0,-1,-6,28789,3084,31113,23594,155436,155437,155433,155434,0,0,0,0
1790616607.847774,-3,1,-5,-3,28793,3081,31111,23598,155496,155497,155493,155494,0,0,0,0
1790616607.909257,0,5,0,2,28794,3080,31111,23599,155526,155527,155523,155524,0,0,0,0
1790616607.950251,-3,-4,-2,-1,28796,3081,31110,23599,155556,155557,155553,155554,0,0,0,0
1790616608.008778,-3,-4,1,-5,28796,3079,31110,23600,155586,155587,155583,155584,0,0,0,0
1790616608.048971,-3,-2,-4,-5,28801,3078,31108,23603,155616,155617,155613,155614,0,0,0,0
1790616608.108991,-1,-3,1,2,28803,3075,31105,23606,155646,155647,155643,155644,0,0,0,0
1790616608.1488152,1,-1,2,0,28805,3074,31104,23608,155676,155677,155673,155674,0,0,0,0
1790616608.208981,-2,0,2,-1,28806,3075,31105,23607,155706,155707,155703,155704,0,0,0,0
1790616608.247843,-1,-3,-3,1,28800,3077,31107,23605,155736,155737,155733,155734,0,0,0,0
1790616608.310122,0,-4,-5,1,28800,3080,31110,23602,155766,155767,155763,155764,0,0,0,0
1790616608.367397,0,4,-1,2,28800,3078,31109,23603,155796,155797,155793,155794,0,0,0,0
1790616608.411169,0,-2,3,3,28804,3076,31108,23607,155826,155827,155823,155824,0,0,0,0
1790616608.4674618,1,3,0,-1,28807,3074,31104,23609,155856,155857,155853,155854,0,0,0,0
1790616608.5293179,-2,-2,-1,3,28809,3076,31103,23609,155886,155887,155883,155884,0,0,0,0
1790616608.567401,-2,-1,-1,1,28808,3080,31107,23610,155916,155917,155913,155914,0,0,0,0
1790616608.627522,3,1,-2,3,28848,3100,31123,23645,155946,155947,155943,155944,0,0,0,0
1790616608.667349,-2,4,-1,-1,28870,3080,31102,23666,155976,155977,155973,155974,0,0,0,0
1790616608.728095,-2,-1,0,-4,28876,3079,31098,23672,156006,156007,156003,156004,0,0,0,0
1790616608.767688,1,0,3,2,28869,3090,31106,23662,156036,156037,156033,156034,0,0,0,0
1790616608.8273768,3,8,1,-4,28859,3100,31116,23651,156066,156067,156063,156064,0,0,0,0
1790616608.867627,1,-2,-2,-2,28848,3110,31128,23642,156096,156097,156093,156094,0,0,0,0
1790616608.927499,-2,0,0,5,28846,3115,31134,23636,156126,156127,156123,156124,0,0,0,0
1790616608.9879758,-2,2,1,5,28846,3116,31136,23636,156156,156157,156153,156154,0,0,0,0
1790616609.027806,-1,-1,-2,0,28849,3116,31135,23639,156186,156187,156183,156184,0,0,0,0
1790616609.0874722,-2,1,3,-1,28853,3115,31134,23640,156216,156217,156213,156214,0,0,0,0
1790616609.1488352,5,-1,2,-1,28849,3111,31128,23633,156246,156247,156243,156244,0,0,0,0
1790616609.187407,0,-3,18,1,28866,3122,31146,23659,156276,156277,156273,156274,0,0,0,0
1790616609.248408,5,-1,1,6,28877,3123,31149,23670,156306,156307,156303,156304,0,0,0,0
1790616609.2874408,1,2,3,3,28880,3124,31153,23679,156336,156337,156333,156334,0,0,0,0
1790616609.348225,3,3,1,-3,28880,3127,31154,23676,156366,156367,156363,156364,0,0,0,0
1790616609.387506,3,-1,-2,-9,28877,3128,31157,23673,156396,156397,156393,156394,0,0,0,0
1790616609.447325,2,9,2,12,28875,3130,31158,23672,156426,156427,156423,156424,0,0,0,0
1790616609.4875588,2,-4,2,4,28875,3133,31163,23670,156486,156487,156483,156484,0,0,0,0
1790616609.5475788,2,-4,2,4,28875,3133,31163,23670,156486,156487,156483,156484,0,0,0,0
1790616609.5876071,-3,2,-5,-2,28880,3134,31163,23673,156516,156517,156513,156514,0,0,0,0
1790616609.648843,1,1,3,2,28887,3129,31157,23681,156576,156577,156573,156574,0,0,0,0
1790616609.708815,-4,0,-3,-2,28886,3132,31160,23680,156606,156607,156603,156604,0,0,0,0
1790616609.7482932,2,2,-1,1,28890,3140,31174,23694,156636,156637,156633,156634,0,0,0,0
1790616609.8073752,0,3,-3,-6,28889,3146,31182,23694,156666,156667,156663,156664,0,0,0,0
1790616609.867549,-1,0,2,4,28886,3151,31188,23691,156696,156697,156693,156694,0,0,0,0
1790616609.909276,-1,-3,7,-2,28887,3151,31190,23692,156726,156727,156723,156724,0,0,0,0
1790616609.9675362,0,-3,-6,0,28891,3152,31189,23693,156756,156757,156753,156754,0,0,0,0
1790616610.0083299,-1,0,-5,-6,28891,3151,31190,23694,156786,156787,156783,156784,0,0,0,0
1790616610.071575,-1,0,-5,-6,28891,3151,31190,23694,156786,156787,156783,156784,0,0,0,0
1790616610.127372,1,3,-3,-3,28894,3147,31189,23699,156846,156847,156843,156844,0,0,0,0
1790616610.167582,0,0,-3,-1,28898,3149,31188,23701,156876,156877,156873,156874,0,0,0,0
1790616610.227526,-2,-2,1,-7,28901,3146,31185,23701,156906,156907,156903,156904,0,0,0,0
1790616610.288466,-2,-4,4,0,28917,3122,31159,23715,156936,156937,156933,156934,0,0,0,0
1790616610.347266,2,-5,1,-5,28961,3127,31162,23763,156966,156967,156963,156964,0,0,0,0
1790616610.387657,2,-2,-5,-1,28973,3121,31157,23777,156996,156997,156993,156994,0,0,0,0
1790616610.447243,1,7,-3,3,28978,3123,31158,23783,157026,157027,157023,157024,0,0,0,0
1790616610.487456,0,-1,6,0,28973,3130,31166,23778,157086,157087,157083,157084,0,0,0,0
1790616610.547295,-1,-4,1,-6,28972,3135,31170,23772,157116,157117,157113,157114,0,0,0,0
1790616610.5876968,-1,-2,-1,-2,28967,3140,31174,23769,157146,157147,157143,157144,0,0,0,0
1790616610.64744,-1,-1,-3,-1,28969,3144,31176,23766,157176,157177,157173,157174,0,0,0,0
1790616610.707191,0,2,1,-3,28969,3145,31176,23767,157206,157207,157203,157204,0,0,0,0
1790616610.7486951,-2,0,-1,-3,28975,3147,31175,23770,157236,157237,157233,157234,0,0,0,0
1790616610.808054,0,3,0,-1,28976,3147,31174,23770,157266,157267,157263,157264,0,0,0,0
1790616610.8676531,-1,4,2,3,28977,3138,31166,23765,157296,157297,157293,157294,0,0,0,0
1790616610.909865,4,2,0,2,29003,3128,31150,23794,157326,157327,157323,157324,0,0,0,0
1790616610.9680178,4,0,-9,-4,29017,3132,31148,23802,157356,157357,157353,157354,0,0,0,0
1790616611.0094972,0,2,-1,-5,29012,3145,31157,23796,157386,157387,157383,157384,0,0,0,0
1790616611.071349,-1,2,-1,-1,29003,3161,31171,23784,157416,157417,157413,157414,0,0,0,0
1790616611.127624,-1,-2,-1,4,28999,3171,31183,23777,157446,157447,157443,157444,0,0,0,0
1790616611.1674392,2,3,-3,-7,28999,3177,31186,23775,157476,157477,157473,157474,0,0,0,0
1790616611.227457,3,3,0,1,29007,3179,31187,23779,157506,157507,157503,157504,0,0,0,0
1790616611.287512,1,3,0,3,29012,3181,31186,23783,157536,157537,157533,157534,0,0,0,0
1790616611.327693,3,0,-1,2,29015,3184,31188,23785,157566,157567,157563,157564,0,0,0,0
1790616611.387499,6,-1,-1,4,29018,3187,31189,23786,157596,157597,157593,157594,0,0,0,0
1790616611.427655,-4,3,4,3,29022,3190,31191,23789,157626,157627,157623,157624,0,0,0,0
1790616611.487463,-1,1,2,-2,29022,3193,31193,23790,157656,157657,157653,157654,0,0,0,0
1790616611.5285919,2,3,0,1,29020,3200,31199,23786,157686,157687,157683,157684,0,0,0,0
1790616611.5887291,-1,1,2,-1,29017,3207,31205,23782,157716,157717,157713,157714,0,0,0,0
1790616611.628575,-1,2,2,-1,29018,3213,31209,23781,157746,157747,157743,157744,0,0,0,0
1790616611.68828,1,0,2,2,29020,3216,31212,23780,157776,157777,157773,157774,0,0,0,0
1790616611.7291598,1,3,-9,0,29027,3218,31211,23787,157806,157807,157803,157804,0,0,0,0
1790616611.78861,-2,-4,2,1,29043,3220,31209,23797,157866,157867,157863,157864,0,0,0,0
1790616611.8495371,-2,-4,2,1,29043,3220,31209,23797,157866,157867,157863,157864,0,0,0,0
1790616611.889436,-1,1,-5,2,29052,3223,31211,23805,157926,157927,157923,157924,0,0,0,0
1790616611.950272,-4,-1,0,-5,29059,3222,31208,23810,157956,157957,157953,157954,0,0,0,0
1790616612.0101938,-4,-3,-1,-2,29069,3225,31208,23820,157986,157987,157983,157984,0,0,0,0
1790616612.050486,-4,-2,1,-5,29078,3225,31209,23830,158016,158017,158013,158014,0,0,0,0
1790616612.1101649,1,-2,6,4,29089,3221,31207,23840,158046,158047,158043,158044,0,0,0,0
1790616612.170746,-4,-1,5,2,29099,3217,31203,23854,158076,158077,158073,158074,0,0,0,0
1790616612.230332,-2,-1,-1,-5,29109,3212,31199,23863,158106,158107,158103,158104,0,0,0,0
1790616612.290261,1,-14,-9,0,29117,3209,31197,23875,158136,158137,158133,158134,0,0,0,0
1790616612.350187,1,1,-3,5,29145,3218,31199,23905,158196,158197,158193,158194,0,0,0,0
1790616612.390629,0,-3,0,-1,29183,3243,31207,23920,158226,158227,158223,158224,0,0,0,0
1790616612.4511948,2,-3,2,-5,29189,3242,31208,23932,158256,158257,158253,158254,0,0,0,0
1790616612.510249,2,-1,0,-4,29200,3241,31208,23946,158286,158287,158283,158284,0,0,0,0
1790616612.5503318,-5,-5,-1,1,29211,3237,31205,23958,158316,158317,158313,158314,0,0,0,0
1790616612.610369,2,1,-2,-2,29220,3235,31201,23967,158346,158347,158343,158344,0,0,0,0
1790616612.670629,-2,-4,-1,-3,29226,3233,31200,23974,158376,158377,158373,158374,0,0,0,0
1790616612.71085,0,-4,4,4,29230,3231,31199,23981,158406,158407,158403,158404,0,0,0,0
1790616612.79108,-4,0,-1,-3,29234,3232,31201,23986,158436,158437,158433,158434,0,0,0,0
1790616612.830681,1,2,-2,-1,29239,3231,31203,23992,158466,158467,158463,158464,0,0,0,0
1790616612.8902888,-2,-2,0,-3,29242,3228,31202,23999,158496,158497,158493,158494,0,0,0,0
1790616612.930624,0,-1,-1,2,29247,3226,31202,24005,158526,158527,158523,158524,0,0,0,0
1790616612.9903748,2,-5,1,0,29272,3243,31212,24031,158556,158557,158553,158554,0,0,0,0
1790616613.0307572,1,2,-3,2,29312,3260,31221,24057,158586,158587,158583,158584,0,0,0,0
1790616613.0904121,3,-1,1,-2,29325,3240,31210,24078,158616,158617,158613,158614,0,0,0,0
1790616613.15045,-4,-3,2,-3,29343,3227,31194,24096,158646,158647,158643,158644,0,0,0,0
1790616613.1917272,5,1,-2,1,29359,3216,31186,24116,158676,158677,158673,158674,0,0,0,0
1790616613.250242,-6,-5,0,-2,29371,3209,31183,24133,158706,158707,158703,158704,0,0,0,0
1790616613.290487,0,-1,5,-1,29391,3207,31185,24157,158766,158767,158763,158764,0,0,0,0
1790616613.350678,-8,-2,2,2,29396,3205,31187,24167,158796,158797,158793,158794,0,0,0,0
1790616613.390579,-9,0,-4,-2,29392,3204,31184,24160,158826,158827,158823,158824,0,0,0,0
1790616613.4503732,2,18,0,-3,29362,3224,31201,24134,158856,158857,158853,158854,0,0,0,0
1790616613.510056,-5,-3,0,-6,29367,3250,31238,24143,158886,158887,158883,158884,0,0,0,0
1790616613.5504,-5,0,3,1,29383,3257,31241,24152,158916,158917,158913,158914,0,0,0,0
1790616613.610382,6,2,-3,4,29395,3256,31235,24159,158946,158947,158943,158944,0,0,0,0
1790616613.670372,-1,0,-1,0,29411,3251,31244,24187,158976,158977,158973,158974,0,0,0,0
1790616613.711373,-3,-3,-1,4,29434,3237,31230,24209,159006,159007,159003,159004,0,0,0,0
1790616613.770968,5,0,-2,1,29455,3223,31214,24232,159036,159037,159033,159034,0,0,0,0
1790616613.83287,-5,0,2,-4,29465,3221,31213,24246,159066,159067,159063,159064,0,0,0,0
1790616613.872576,1,-2,-3,-1,29468,3225,31220,24248,159096,159097,159093,159094,0,0,0,0
1790616613.932362,-2,-2,-4,1,29465,3231,31225,24245,159126,159127,159123,159124,0,0,0,0
1790616613.991067,1,1,2,0,29467,3235,31228,24245,159156,159157,159153,159154,0,0,0,0
1790616614.032821,0,7,-3,3,29469,3234,31226,24246,159186,159187,159183,159184,0,0,0,0
1790616614.090218,-7,1,0,4,29475,3234,31227,24250,159216,159217,159213,159214,0,0,0,0
1790616614.133033,4,-5,0,9,29477,3232,31227,24253,159246,159247,159243,159244,0,0,0,0
1790616614.1904798,0,-1,-1,2,29481,3232,31226,24256,159276,159277,159273,159274,0,0,0,0
1790616614.250595,3,-2,-1,1,29492,3239,31231,24268,159306,159307,159303,159304,0,0,0,0
1790616614.310952,0,-1,2,2,29541,3210,31209,24315,159366,159367,159363,159364,0,0,0,0
1790616614.3503401,1,-6,-5,-2,29541,3213,31210,24314,159396,159397,159393,159394,0,0,0,0
1790616614.4102342,0,0,-1,0,29531,3221,31221,24307,159426,159427,159423,159424,0,0,0,0
1790616614.4503932,-3,-1,3,-4,29517,3227,31226,24290,159456,159457,159453,159454,0,0,0,0
1790616614.51021,0,2,-4,0,29493,3247,31243,24271,159486,159487,159483,159484,0,0,0,0
1790616614.573645,-2,-5,-1,-3,29512,3267,31279,24296,159516,159517,159513,159514,0,0,0,0
1790616614.631773,0,-8,-3,1,29536,3274,31276,24307,159546,159547,159543,159544,0,0,0,0
1790616614.674944,-3,-2,-4,-3,29542,3268,31269,24313,159576,159577,159573,159574,0,0,0,0
1790616614.730939,0,3,-3,0,29548,3264,31265,24319,159606,159607,159603,159604,0,0,0,0
1790616614.772532,-6,-4,-1,-5,29552,3264,31263,24322,159636,159637,159633,159634,0,0,0,0
1790616614.830699,-5,-3,1,0,29549,3262,31263,24321,159666,159667,159663,159664,0,0,0,0
1790616614.8726778,-5,-7,-4,3,29549,3265,31264,24319,159696,159697,159693,159694,0,0,0,0
1790616614.930969,-7,-3,-1,-2,29549,3271,31269,24319,159726,159727,159723,159724,0,0,0,0
1790616614.990388,-6,1,6,-1,29571,3275,31283,24348,159756,159757,159753,159754,0,0,0,0
1790616615.031261,-5,-8,-2,1,29581,3266,31274,24352,159786,159787,159783,159784,0,0,0,0
1790616615.090346,-3,2,-1,-2,29579,3270,31277,24353,159816,159817,159813,159814,0,0,0,0
1790616615.132449,-3,-5,-2,-1,29574,3274,31282,24348,159846,159847,159843,159844,0,0,0,0
1790616615.190491,-2,-4,-3,-4,29570,3279,31285,24338,159876,159877,159873,159874,0,0,0,0
1790616615.2509491,-5,-2,-9,-7,29562,3277,31278,24325,159906,159907,159903,159904,0,0,0,0
1790616615.290785,4,-3,-6,4,29594,3290,31303,24369,159966,159967,159963,159964,0,0,0,0
1790616615.3511019,-1,0,-4,-1,29598,3289,31302,24370,159996,159997,159993,159994,0,0,0,0
1790616615.3904462,1,-1,-1,-3,29596,3287,31301,24370,160026,160027,160023,160024,0,0,0,0
1790616615.450433,0,0,-1,-2,29596,3287,31301,24370,160056,160057,160053,160054,0,0,0,0
1790616615.490535,0,-4,-5,-3,29596,3288,31302,24369,160086,160087,160083,160084,0,0,0,0
1790616615.5506198,-2,-3,-4,-2,29598,3289,31303,24370,160116,160117,160113,160114,0,0,0,0
1790616615.610271,-2,-6,2,-2,29598,3288,31302,24371,160146,160147,160143,160144,0,0,0,0
1790616615.650634,-2,0,-5,0,29599,3286,31301,24371,160176,160177,160173,160174,0,0,0,0
1790616615.711779,-1,-1,-1,0,29611,3298,31312,24383,160206,160207,160203,160204,0,0,0,0
1790616615.75068,-2,2,2,-1,29611,3305,31332,24391,160236,160237,160233,160234,0,0,0,0
1790616615.810424,2,1,4,0,29603,3310,31338,24386,160266,160267,160263,160264,0,0,0,0
1790616615.872586,-1,-2,6,0,29603,3318,31343,24383,160296,160297,160293,160294,0,0,0,0
1790616615.910399,-2,-2,-2,-5,29604,3320,31345,24383,160326,160327,160323,160324,0,0,0,0
1790616615.970149,-3,2,-2,-5,29600,3311,31336,24376,160356,160357,160353,160354,0,0,0,0
1790616616.010525,1,3,-1,4,29618,3297,31321,24393,160386,160387,160383,160384,0,0,0,0
1790616616.071834,-1,-2,0,0,29632,3307,31332,24407,160416,160417,160413,160414,0,0,0,0
1790616616.133303,-2,-2,0,-2,29627,3310,31343,24409,160446,160447,160443,160444,0,0,0,0
1790616616.1713762,0,2,-1,-3,29623,3319,31350,24403,160476,160477,160473,160474,0,0,0,0
1790616616.23124,-2,2,-5,-3,29619,3326,31354,24398,160506,160507,160503,160504,0,0,0,0
1790616616.27196,1,-1,0,2,29618,3325,31355,24400,160536,160537,160533,160534,0,0,0,0
1790616616.331302,-1,-5,-5,0,29620,3324,31354,24402,160566,160567,160563,160564,0,0,0,0
1790616616.372512,-2,1,4,-3,29620,3324,31355,24400,160596,160597,160593,160594,0,0,0,0
1790616616.431942,0,-2,-6,-1,29621,3334,31360,24405,160626,160627,160623,160624,0,0,0,0
1790616616.491288,2,-3,-1,-5,29620,3362,31398,24413,160656,160657,160653,160654,0,0,0,0
1790616616.531542,0,1,3,-1,29604,3375,31410,24394,160686,160687,160683,160684,0,0,0,0
1790616616.591326,-2,-1,0,-1,29603,3379,31415,24392,160716,160717,160713,160714,0,0,0,0
1790616616.631912,-1,-3,0,1,29610,3371,31411,24399,160746,160747,160743,160744,0,0,0,0
1790616616.691324,2,0,-8,-2,29617,3354,31397,24403,160776,160777,160773,160774,0,0,0,0
1790616616.731763,-1,1,-7,-2,29643,3324,31366,24426,160806,160807,160803,160804,0,0,0,0
1790616616.808752,-5,2,-1,-3,29673,3321,31362,24456,160836,160837,160833,160834,0,0,0,0
1790616616.87118,3,26,-1,0,29679,3336,31374,24461,160896,160897,160893,160894,0,0,0,0
1790616616.931099,0,-4,1,-2,29670,3347,31384,24454,160926,160927,160923,160924,0,0,0,0
1790616616.971392,0,1,-1,-7,29665,3353,31390,24447,160956,160957,160953,160954,0,0,0,0
1790616617.0311959,-4,-3,-3,-1,29666,3361,31396,24447,160986,160987,160983,160984,0,0,0,0
1790616617.0713139,-1,0,0,-4,29669,3363,31400,24449,161016,161017,161013,161014,0,0,0,0
1790616617.1316428,-8,0,-4,4,29673,3365,31399,24451,161046,161047,161043,161044,0,0,0,0
1790616617.173242,-11,-3,1,2,29676,3350,31385,24447,161076,161077,161073,161074,0,0,0,0
1790616617.231425,2,6,0,2,29702,3333,31366,24474,161106,161107,161103,161104,0,0,0,0
1790616617.2914078,3,2,-5,-2,29711,3332,31363,24483,161136,161137,161133,161134,0,0,0,0
1790616617.331959,-2,-2,-1,3,29704,3345,31374,24475,161166,161167,161163,161164,0,0,0,0
1790616617.39131,-2,1,3,-2,29696,3362,31390,24465,161196,161197,161193,161194,0,0,0,0
1790616617.434517,1,0,-3,5,29687,3374,31400,24457,161226,161227,161223,161224,0,0,0,0
1790616617.491039,-2,-2,3,-4,29685,3384,31411,24455,161256,161257,161253,161254,0,0,0,0
1790616617.532012,-4,-1,5,0,29689,3394,31416,24455,161286,161287,161283,161284,0,0,0,0
1790616617.5912802,1,2,0,4,29691,3399,31419,24456,161316,161317,161313,161314,0,0,0,0
1790616617.6318731,4,-2,-1,-2,29691,3400,31422,24455,161346,161347,161343,161344,0,0,0,0
1790616617.691162,1,6,3,-1,29692,3406,31426,24454,161376,161377,161373,161374,0,0,0,0
1790616617.751908,3,4,0,-2,29690,3412,31429,24454,161406,161407,161403,161404,0,0,0,0
1790616617.811567,4,-4,-1,-1,29698,3421,31437,24458,161466,161467,161463,161464,0,0,0,0
1790616617.852874,-2,2,1,-5,29699,3425,31441,24461,161496,161497,161493,161494,0,0,0,0
1790616617.911406,2,-1,4,0,29704,3430,31445,24464,161526,161527,161523,161524,0,0,0,0
1790616617.9528692,0,-4,-4,1,29706,3434,31449,24467,161556,161557,161553,161554,0,0,0,0
1790616618.012806,0,0,1,2,29709,3436,31452,24469,161586,161587,161583,161584,0,0,0,0
1790616618.071499,3,2,-2,1,29713,3440,31457,24473,161616,161617,161613,161614,0,0,0,0
1790616618.1114008,-2,2,-3,0,29714,3443,31460,24476,161646,161647,161643,161644,0,0,0,0
1790616618.172054,-2,5,1,1,29717,3444,31463,24479,161676,161677,161673,161674,0,0,0,0
1790616618.231444,3,7,2,1,29719,3445,31464,24483,161706,161707,161703,161704,0,0,0,0
1790616618.272855,-4,1,-1,-1,29722,3445,31465,24486,161736,161737,161733,161734,0,0,0,0
1790616618.331062,4,-2,-7,2,29727,3448,31468,24492,161766,161767,161763,161764,0,0,0,0
1790616618.392938,-3,-1,5,2,29733,3447,31470,24498,161796,161797,161793,161794,0,0,0,0
1790616618.434377,2,1,0,-2,29740,3450,31472,24505,161826,161827,161823,161824,0,0,0,0
1790616618.493919,0,1,2,-8,29746,3448,31472,24514,161856,161857,161853,161854,0,0,0,0
1790616618.533712,1,3,-1,0,29749,3446,31471,24519,161886,161887,161883,161884,0,0,0,0
1790616618.596874,-1,-2,-3,0,29758,3447,31471,24525,161916,161917,161913,161914,0,0,0,0
1790616618.651298,-4,3,0,2,29766,3445,31472,24534,161946,161947,161943,161944,0,0,0,0
1790616618.69376,6,2,3,1,29772,3451,31476,24541,162006,162007,162003,162004,0,0,0,0
1790616618.751152,3,-1,0,1,29773,3455,31479,24542,162036,162037,162033,162034,0,0,0,0
1790616618.811166,3,0,-7,2,29774,3457,31482,24545,162066,162067,162063,162064,0,0,0,0
1790616618.8514931,-3,6,0,-2,29777,3461,31485,24548,162096,162097,162093,162094,0,0,0,0
1790616618.911189,0,1,2,-2,29787,3477,31492,24558,162126,162127,162123,162124,0,0,0,0
1790616618.951345,0,2,2,-1,29782,3506,31516,24539,162156,162157,162153,162154,0,0,0,0
1790616619.011103,3,-2,1,3,29779,3502,31530,24552,162186,162187,162183,162184,0,0,0,0
1790616619.053626,-1,-6,1,0,29781,3495,31527,24555,162216,162217,162213,162214,0,0,0,0
1790616619.131039,-3,-7,0,-4,29783,3492,31523,24557,162246,162247,162243,162244,0,0,0,0
1790616619.171461,-17,-6,2,0,29783,3493,31523,24558,162276,162277,162273,162274,0,0,0,0
1790616619.231115,-1,-3,2,0,29784,3495,31524,24558,162306,162307,162303,162304,0,0,0,0
1790616619.292346,-1,1,1,-2,29784,3498,31524,24558,162336,162337,162333,162334,0,0,0,0
1790616619.3511622,1,-1,-1,-5,29785,3500,31526,24556,162366,162367,162363,162364,0,0,0,0
1790616619.393022,-3,3,4,3,29786,3503,31527,24557,162396,162397,162393,162394,0,0,0,0
1790616619.451309,0,4,5,-2,29792,3514,31535,24566,162426,162427,162423,162424,0,0,0,0
1790616619.493115,0,-4,1,1,29792,3542,31558,24560,162486,162487,162483,162484,0,0,0,0
1790616619.551405,2,-1,-1,1,29802,3531,31550,24569,162516,162517,162513,162514,0,0,0,0
1790616619.611413,-1,3,0,-2,29815,3519,31539,24583,162546,162547,162543,162544,0,0,0,0
1790616619.651488,7,-2,0,3,29823,3503,31526,24584,162576,162577,162573,162574,0,0,0,0
1790616619.71135,6,-2,1,3,29825,3501,31524,24595,162606,162607,162603,162604,0,0,0,0
1790616619.751353,-1,3,4,1,29847,3526,31541,24607,162636,162637,162633,162634,0,0,0,0
1790616619.8310668,-3,-1,-1,-2,29847,3533,31548,24608,162666,162667,162663,162664,0,0,0,0
1790616619.8715,0,3,-1,-3,29844,3536,31551,24608,162696,162697,162693,162694,0,0,0,0
1790616619.931107,-6,5,4,2,29845,3539,31551,24607,162726,162727,162723,162724,0,0,0,0
1790616619.971375,-1,0,5,0,29848,3543,31553,24610,162756,162757,162753,162754,0,0,0,0
1790616620.03207,3,-6,-1,3,29851,3541,31553,24611,162786,162787,162783,162784,0,0,0,0
1790616620.071445,6,3,5,1,29852,3542,31553,24615,162816,162817,162813,162814,0,0,0,0
1790616620.131347,2,-1,1,2,29854,3546,31556,24616,162846,162847,162843,162844,0,0,0,0
1790616620.193815,3,4,2,-1,29859,3557,31563,24623,162876,162877,162873,162874,0,0,0,0
1790616620.2315688,7,-1,0,0,29870,3561,31569,24628,162906,162907,162903,162904,0,0,0,0
1790616620.296028,0,4,5,1,29884,3555,31561,24643,162966,162967,162963,162964,0,0,0,0
1790616620.351263,-3,0,5,2,29887,3554,31562,24650,162996,162997,162993,162994,0,0,0,0
1790616620.391477,3,15,-4,-2,29867,3545,31558,24637,163026,163027,163023,163024,0,0,0,0
1790616620.4512808,-2,2,4,1,29863,3578,31584,24631,163056,163057,163053,163054,0,0,0,0
1790616620.492228,-1,1,-1,1,29876,3594,31594,24633,163086,163087,163083,163084,0,0,0,0
1790616620.5515578,4,-6,-4,0,29885,3599,31594,24640,163116,163117,163113,163114,0,0,0,0
1790616620.611064,0,1,-4,2,29887,3595,31590,24645,163146,163147,163143,163144,0,0,0,0
1790616620.651197,-4,0,-4,-1,29893,3592,31589,24654,163176,163177,163173,163174,0,0,0,0
1790616620.7110999,-1,0,5,2,29900,3591,31588,24660,163206,163207,163203,163204,0,0,0,0
1790616620.751219,-1,1,-1,3,29905,3588,31585,24665,163236,163237,163233,163234,0,0,0,0
1790616620.8119411,8,-3,-3,5,29907,3587,31585,24668,163266,163267,163263,163264,0,0,0,0
1790616620.871216,-1,2,-1,-2,29907,3593,31589,24668,163296,163297,163293,163294,0,0,0,0
1790616620.911586,3,2,0,-3,29908,3598,31595,24669,163326,163327,163323,163324,0,0,0,0
1790616620.971195,2,1,1,-4,29932,3604,31594,24686,163356,163357,163353,163354,0,0,0,0
1790616621.031305,-4,-4,-2,-1,29960,3597,31585,24715,163386,163387,163383,163384,0,0,0,0
1790616621.071441,-2,-3,2,1,29972,3589,31576,24728,163416,163417,163413,163414,0,0,0,0
1790616621.13253,-3,7,-4,2,29976,3586,31576,24736,163446,163447,163443,163444,0,0,0,0
1790616621.171627,-5,4,3,3,29977,3591,31575,24737,163476,163477,163473,163474,0,0,0,0
1790616621.23243,-5,5,0,-3,29957,3604,31580,24720,163506,163507,163503,163504,0,0,0,0
1790616621.2917671,-2,5,2,1,29933,3639,31609,24685,163536,163537,163533,163534,0,0,0,0
1790616621.351445,-1,-1,-3,0,29936,3654,31635,24694,163566,163567,163563,163564,0,0,0,0
1790616621.392045,4,0,0,3,29939,3649,31635,24699,163596,163597,163593,163594,0,0,0,0
1790616621.451542,35,-1,0,-1,29947,3642,31632,24710,163626,163627,163623,163624,0,0,0,0
1790616621.492929,2,53,26,45,30164,3983,31717,24875,163686,163687,163683,163684,0,0,0,0
1790616621.5513432,53,40,43,46,31349,5294,97,26102,163716,163717,163713,163714,0,0,0,0
1790616621.592237,26,29,29,31,32378,6147,1089,27031,163746,163747,163743,163744,0,0,0,0
1790616621.651294,36,26,34,32,351,6928,1928,27955,163776,163777,163773,163774,0,0,0,0
1790616621.694088,45,34,44,35,1396,7889,3000,29045,163806,163807,163803,163804,0,0,0,0
1790616621.751453,34,31,40,36,2389,8898,4054,30132,163836,163837,163833,163834,0,0,0,0
1790616621.8112268,38,48,54,32,3362,9970,5131,31024,163866,163867,163863,163864,0,0,0,0
1790616621.8711638,31,38,39,44,4411,11029,6248,32009,163896,163897,163893,163894,0,0,0,0
1790616621.9112551,42,39,41,36,5458,12061,7315,261,163926,163927,163923,163924,0,0,0,0
1790616621.971189,40,39,38,40,6567,13114,8339,1317,163956,163957,163953,163954,0,0,0,0
1790616622.011667,44,33,39,39,7711,14122,9371,2412,163986,163987,163983,163984,0,0,0,0
1790616622.0720582,41,33,30,39,8816,15167,10445,3507,164016,164017,164013,164014,0,0,0,0
1790616622.131798,47,33,35,41,9869,16195,11561,4641,164046,164047,164043,164044,0,0,0,0
1790616622.171529,49,33,38,36,11001,17249,12687,5764,164076,164077,164073,164074,0,0,0,0
1790616622.231183,41,36,42,26,11961,18357,13773,6815,164106,164107,164103,164104,0,0,0,0
1790616622.2714088,48,38,38,33,13126,19464,14919,7892,164136,164137,164133,164134,0,0,0,0
1790616622.331319,37,45,34,38,14176,20552,15973,8986,164166,164167,164163,164164,0,0,0,0
1790616622.391088,37,47,44,40,15275,21674,17067,10013,164196,164197,164193,164194,0,0,0,0
1790616622.432307,29,38,35,44,16434,22771,18164,11089,164226,164227,164223,164224,0,0,0,0
1790616622.491112,37,41,43,42,17506,23796,19254,12077,164256,164257,164253,164254,0,0,0,0
1790616622.532369,36,39,37,43,18657,24854,20357,13102,164286,164287,164283,164284,0,0,0,0
1790616622.592737,26,28,26,34,19534,25857,21277,14137,164316,164317,164313,164314,0,0,0,0
1790616622.656318,40,33,29,27,20374,26684,22170,15018,164346,164347,164343,164344,0,0,0,0
1790616622.6932669,29,30,18,30,21997,28301,23802,16543,164406,164407,164403,164404,0,0,0,0
1790616622.752791,30,21,26,22,22758,28990,24444,17284,164436,164437,164433,164434,0,0,0,0
1790616622.812317,21,24,32,26,23427,29620,25156,17869,164466,164467,164463,164464,0,0,0,0
1790616622.8713322,26,26,21,23,24014,30235,25806,18563,164496,164497,164493,164494,0,0,0,0
1790616622.91148,18,19,24,18,24619,30779,26417,19224,164526,164527,164523,164524,0,0,0,0
1790616622.971686,13,13,19,13,25046,31182,26854,19718,164556,164557,164553,164554,0,0,0,0
1790616623.031105,12,17,16,16,25399,31534,27324,20109,164586,164587,164583,164584,0,0,0,0
1790616623.071765,17,20,16,12,25779,32105,27863,20557,164616,164617,164613,164614,0,0,0,0
1790616623.131116,15,5,10,3,26237,32536,28226,20855,164646,164647,164643,164644,0,0,0,0
1790616623.17136,12,10,3,5,26662,60,28445,21086,164676,164677,164673,164674,0,0,0,0
1790616623.231172,11,9,9,15,27013,334,28615,21359,164706,164707,164703,164704,0,0,0,0
1790616623.291094,5,8,9,15,27299,573,28818,21665,164736,164737,164733,164734,0,0,0,0
1790616623.353778,2,7,14,11,27593,919,29404,22237,164796,164797,164793,164794,0,0,0,0
1790616623.4111118,5,4,9,7,27670,1093,29815,22541,164826,164827,164823,164824,0,0,0,0
1790616623.4561112,8,7,6,3,27746,1286,30156,22759,164856,164857,164853,164854,0,0,0,0
1790616623.511195,8,15,8,11,27901,1540,30362,22933,164886,164887,164883,164884,0,0,0,0
1790616623.555166,7,10,9,11,28145,1854,30520,23108,164916,164917,164913,164914,0,0,0,0
1790616623.6115441,8,10,6,5,28476,2068,30643,23282,164946,164947,164943,164944,0,0,0,0
1790616623.6717272,13,7,-1,5,28856,2259,30719,23459,164976,164977,164973,164974,0,0,0,0
1790616623.711343,6,1,2,2,29016,2282,30713,23543,165006,165007,165003,165004,0,0,0,0
1790616623.771347,4,-4,3,-1,29044,2250,30691,23588,165036,165037,165033,165034,0,0,0,0
1790616623.831265,5,5,5,1,29067,2226,30666,23615,165066,165067,165063,165064,0,0,0,0
1790616623.871519,5,-3,-4,2,29087,2210,30644,23635,165096,165097,165093,165094,0,0,0,0
1790616623.9311948,-3,0,-1,2,29100,2197,30631,23649,165126,165127,165123,165124,0,0,0,0
1790616623.9926531,5,-3,3,3,29112,2187,30620,23663,165156,165157,165153,165154,0,0,0,0
1790616624.031595,-1,1,1,1,29123,2178,30608,23674,165186,165187,165183,165184,0,0,0,0
1790616624.0921102,-2,-4,-4,1,29132,2164,30589,23678,165216,165217,165213,165214,0,0,0,0
1790616624.1547031,1,-3,0,1,29145,2162,30588,23697,165246,165247,165243,165244,0,0,0,0
1790616624.191377,1,3,-3,-1,29151,2157,30591,23711,165276,165277,165273,165274,0,0,0,0
1790616624.253657,-4,2,1,3,29155,2154,30586,23715,165306,165307,165303,165304,0,0,0,0
1790616624.293426,-4,5,1,1,29169,2147,30579,23730,165366,165367,165363,165364,0,0,0,0
1790616624.3541079,-1,-4,-3,-2,29176,2139,30575,23741,165396,165397,165393,165394,0,0,0,0
1790616624.4113941,1,3,4,1,29185,2134,30571,23751,165426,165427,165423,165424,0,0,0,0
1790616624.45486,0,1,-2,2,29197,2128,30568,23769,165456,165457,165453,165454,0,0,0,0
1790616624.5112052,3,-1,-3,2,29236,2114,30568,23822,165486,165487,165483,165484,0,0,0,0
1790616624.5712142,6,-1,6,2,29254,2081,30536,23848,165516,165517,165513,165514,0,0,0,0
1790616624.611506,3,-1,-2,-1,29273,2070,30526,23866,165546,165547,165543,165544,0,0,0,0
1790616624.673218,3,3,8,-8,29284,2062,30516,23879,165576,165577,165573,165574,0,0,0,0
1790616624.711531,4,1,0,-2,29291,2058,30511,23889,165606,165607,165603,165604,0,0,0,0
1790616624.7712052,0,1,2,2,29297,2056,30509,23896,165636,165637,165633,165634,0,0,0,0
1790616624.8128908,1,-2,0,2,29302,2051,30506,23903,165666,165667,165663,165664,0,0,0,0
1790616624.871094,2,7,3,-2,29309,2050,30506,23909,165696,165697,165693,165694,0,0,0,0
1790616624.914974,4,0,4,-1,29312,2047,30506,23915,165726,165727,165723,165724,0,0,0,0
1790616624.971314,5,2,2,3,29318,2044,30505,23923,165756,165757,165753,165754,0,0,0,0
1790616625.031158,7,-8,-4,10,29372,2000,30489,23959,165786,165787,165783,165784,0,0,0,0
1790616625.071669,51,-44,-19,15,29961,1485,30252,24287,165816,165817,165813,165814,0,0,0,0
1790616625.131048,69,-58,-43,51,31798,81,29378,25503,165846,165847,165843,165844,0,0,0,0
1790616625.171476,52,-56,-64,85,1029,31230,27947,27636,165876,165877,165873,165874,0,0,0,0
1790616625.231243,79,-68,-75,85,2821,29396,26126,29633,165906,165907,165903,165904,0,0,0,0
1790616625.2930539,79,-82,-73,93,4879,27384,23931,31725,165936,165937,165933,165934,0,0,0,0
1790616625.331381,65,-75,-66,71,7003,25335,21809,1131,165966,165967,165963,165964,0,0,0,0
1790616625.391117,64,-53,-69,57,8955,23493,19905,3147,165996,165997,165993,165994,0,0,0,0
1790616625.431519,48,-45,-54,48,10522,21969,18420,4754,166026,166027,166023,166024,0,0,0,0
1790616625.4916742,41,-51,-43,48,11892,20645,17015,6084,166056,166057,166053,166054,0,0,0,0
1790616625.551146,46,-39,-48,44,13103,19423,15813,7315,166086,166087,166083,166084,0,0,0,0
1790616625.593441,57,-55,-60,60,15747,16765,13188,9947,166146,166147,166143,166144,0,0,0,0
1790616625.6511621,53,-56,-51,56,17318,15178,11631,11577,166176,166177,166173,166174,0,0,0,0
1790616625.7111292,67,-66,-69,79,19051,13520,9914,13270,166206,166207,166203,166204,0,0,0,0
1790616625.751575,71,-63,-58,54,20843,11671,8073,15141,166236,166237,166233,166234,0,0,0,0
1790616625.817162,67,-71,-67,58,22582,9946,6229,16968,166266,166267,166263,166264,0,0,0,0
1790616625.8711832,58,-52,-61,56,24250,8197,4597,18656,166296,166297,166293,166294,0,0,0,0
1790616625.912025,50,-53,-48,64,25760,6754,3006,20156,166326,166327,166323,166324,0,0,0,0
1790616625.97121,58,-50,-60,50,27318,5307,1569,21747,166356,166357,166353,166354,0,0,0,0
1790616626.031114,62,-60,-57,45,28780,4049,129,23084,166386,166387,166383,166384,0,0,0,0
1790616626.07129,55,-41,-56,38,30353,2737,31260,24348,166416,166417,166413,166414,0,0,0,0
1790616626.131242,70,-49,-69,42,32282,1541,29299,25627,166446,166447,166443,166444,0,0,0,0
1790616626.171309,87,-43,-86,38,1528,309,27294,26778,166476,166477,166473,166474,0,0,0,0
1790616626.231072,74,-47,-95,39,3676,31917,25232,27947,166506,166507,166503,166504,0,0,0,0
1790616626.271467,74,-41,-72,36,5763,30786,23152,29151,166536,166537,166533,166534,0,0,0,0
1790616626.3310778,74,-49,-67,39,7719,29507,21110,30430,166566,166567,166563,166564,0,0,0,0
1790616626.372663,60,-44,-61,56,9523,28165,19209,31679,166596,166597,166593,166594,0,0,0,0
1790616626.4310882,64,-54,-59,57,11244,26772,17539,389,166626,166627,166623,166624,0,0,0,0
1790616626.467293,54,-59,-59,53,12779,25336,16018,1955,166656,166657,166653,166654,0,0,0,0
1790616626.5312052,54,-57,-63,52,14430,23843,14414,3375,166686,166687,166683,166684,0,0,0,0
1790616626.591632,57,-52,-60,50,16042,22372,12813,4850,166716,166717,166713,166714,0,0,0,0
1790616626.631155,49,-42,-52,50,17501,21156,11302,6168,166746,166747,166743,166744,0,0,0,0
1790616626.694478,49,-38,-53,39,18937,20050,9921,7274,166776,166777,166773,166774,0,0,0,0
1790616626.7318358,27,-23,-40,24,19951,19270,8718,8099,166806,166807,166803,166804,0,0,0,0
1790616626.791198,12,-16,-6,16,20468,18674,8190,8566,166836,166837,166833,166834,0,0,0,0
1790616626.852028,-2,-12,-4,10,20847,18430,7915,8862,166866,166867,166863,166864,0,0,0,0
1790616626.89142,6,-4,1,-1,20968,18331,7794,8973,166896,166897,166893,166894,0,0,0,0
1790616626.951159,2,6,2,4,20980,18316,7775,8994,166926,166927,166923,166924,0,0,0,0
1790616626.9918458,-6,12,5,-13,20772,18550,7939,8788,166986,166987,166983,166984,0,0,0,0
1790616627.051036,-31,31,41,-30,20231,19088,8515,8204,167016,167017,167013,167014,0,0,0,0
1790616627.1129012,-45,52,43,-47,19243,20152,9615,7274,167046,167047,167043,167044,0,0,0,0
1790616627.1515,-63,54,61,-66,17809,21690,11084,5879,167076,167077,167073,167074,0,0,0,0
1790616627.2113411,-49,53,46,-47,16248,23225,12688,4347,167106,167107,167103,167104,0,0,0,0
1790616627.254143,-50,56,51,-55,14740,24700,14162,2675,167136,167137,167133,167134,0,0,0,0
1790616627.313576,-49,41,50,-46,13468,26079,15506,1335,167166,167167,167163,167164,0,0,0,0
1790616627.371111,-33,31,30,-38,12431,27032,16596,348,167196,167197,167193,167194,0,0,0,0
1790616627.431283,-24,19,23,-22,11678,27843,17347,32408,167226,167227,167223,167224,0,0,0,0
1790616627.471413,-28,25,25,-22,11026,28495,17993,31680,167256,167257,167253,167254,0,0,0,0
1790616627.531243,-27,27,31,-28,10319,29214,18694,31092,167286,167287,167283,167284,0,0,0,0
1790616627.5712872,-34,40,34,-29,9428,30218,19535,30197,167316,167317,167313,167314,0,0,0,0
1790616627.632504,-42,33,45,-39,8288,31299,20727,29031,167346,167347,167343,167344,0,0,0,0
1790616627.671252,-42,42,46,-45,6967,32638,21954,27809,167376,167377,167373,167374,0,0,0,0
1790616627.732547,-46,45,52,-40,5631,1170,23358,26476,167406,167407,167403,167404,0,0,0,0
1790616627.7712672,-40,39,49,-59,4412,2403,24544,25235,167436,167437,167433,167434,0,0,0,0
1790616627.831403,-42,38,39,-33,3272,3485,25835,24059,167466,167467,167463,167464,0,0,0,0
1790616627.8910038,-30,30,30,-28,2306,4516,26720,23090,167496,167497,167493,167494,0,0,0,0
1790616627.9314759,-37,32,34,-28,1476,5376,27597,22224,167526,167527,167523,167524,0,0,0,0
1790616627.9915469,-30,27,27,-34,631,6178,28393,21428,167556,167557,167553,167554,0,0,0,0
1790616628.0496058,-30,35,27,-41,32541,7047,29241,20589,167586,167587,167583,167584,0,0,0,0
1790616628.0911958,-38,40,39,-38,30348,9268,31430,18401,167646,167647,167643,167644,0,0,0,0
1790616628.1521962,-38,40,39,-38,30348,9268,31430,18401,167646,167647,167643,167644,0,0,0,0
1790616628.191185,-39,38,41,-42,27992,11656,1084,15971,167706,167707,167703,167704,0,0,0,0
1790616628.251849,-44,40,44,-37,26877,12777,2227,14911,167736,167737,167733,167734,0,0,0,0
1790616628.3138409,-36,33,29,-37,25781,13900,3270,13829,167766,167767,167763,167764,0,0,0,0
1790616628.371027,-39,32,41,-29,24787,14891,4293,12746,167796,167797,167793,167794,0,0,0,0
1790616628.413944,-33,35,34,-32,23868,15857,5293,11919,167826,167827,167823,167824,0,0,0,0
1790616628.471334,-33,41,39,-47,23001,16791,6144,10952,167856,167857,167853,167854,0,0,0,0
1790616628.531122,-42,36,43,-37,21956,17746,7183,9958,167886,167887,167883,167884,0,0,0,0
1790616628.5715132,-34,48,34,-41,20937,18917,8217,9002,167916,167917,167913,167914,0,0,0,0
1790616628.631277,-39,39,40,-30,19792,19970,9336,7826,167946,167947,167943,167944,0,0,0,0
1790616628.691231,-36,42,37,-32,18712,21136,10457,6750,167976,167977,167973,167974,0,0,0,0
1790616628.7318962,-37,38,35,-40,17554,22230,11575,5589,168006,168007,168003,168004,0,0,0,0
1790616628.792226,-43,36,41,-36,16434,23281,12679,4536,168036,168037,168033,168034,0,0,0,0
1790616628.8326578,-38,21,37,-32,15412,24337,13781,3510,168066,168067,168063,168064,0,0,0,0
1790616628.8921568,-41,35,39,-32,14431,25375,14740,2502,168096,168097,168093,168094,0,0,0,0
1790616628.9324129,-42,33,35,-41,13508,26327,15702,1567,168126,168127,168123,168124,0,0,0,0
1790616628.9921439,-38,45,38,-39,12470,27333,16678,609,168156,168157,168153,168154,0,0,0,0
1790616629.032606,-41,41,38,-43,11464,28332,17710,32335,168186,168187,168183,168184,0,0,0,0
1790616629.092944,-39,42,35,-39,10367,29411,18781,31247,168216,168217,168213,168214,0,0,0,0
1790616629.132738,-41,37,45,-38,9304,30565,19821,30264,168246,168247,168243,168244,0,0,0,0
1790616629.192526,-39,40,31,-36,8163,31618,20956,29033,168276,168277,168273,168274,0,0,0,0
1790616629.252185,-34,38,34,-38,7031,9,22056,27970,168306,168307,168303,168304,0,0,0,0
1790616629.292383,-36,36,34,-35,5945,1072,23193,26843,168336,168337,168333,168334,0,0,0,0
1790616629.352027,-35,40,35,-34,4917,2099,24162,25931,168366,168367,168363,168364,0,0,0,0
1790616629.392456,-39,36,39,-47,4017,3090,25193,24862,168396,168397,168393,168394,0,0,0,0
1790616629.4523158,-39,33,32,-37,2953,4119,26192,23881,168426,168427,168423,168424,0,0,0,0
1790616629.487506,-35,44,40,-38,900,6190,28265,21847,168486,168487,168483,168484,0,0,0,0
1790616629.55197,-36,37,35,-33,32619,7217,29264,20789,168516,168517,168513,168514,0,0,0,0
1790616629.592525,-38,43,38,-41,31553,8374,30427,19665,168546,168547,168543,168544,0,0,0,0
1790616629.65204,-36,27,42,-36,30427,9343,31509,18587,168576,168577,168573,168574,0,0,0,0
1790616629.712136,-38,36,34,-29,29437,10480,32591,17549,168606,168607,168603,168604,0,0,0,0
1790616629.752141,-32,30,42,-41,28421,11486,854,16529,168636,168637,168633,168634,0,0,0,0
1790616629.81229,-45,37,40,-43,27380,12530,1885,15431,168666,168667,168663,168664,0,0,0,0
1790616629.872106,-47,39,35,-42,26313,13637,2949,14514,168696,168697,168693,168694,0,0,0,0
1790616629.9322581,-44,42,37,-47,25278,14682,3969,13359,168726,168727,168723,168724,0,0,0,0
1790616629.9722319,-34,42,40,-32,24178,15741,5084,12339,168756,168757,168753,168754,0,0,0,0
1790616630.0334778,-40,33,41,-37,23214,16804,6103,11342,168786,168787,168783,168784,0,0,0,0
1790616630.072223,-25,13,38,-26,22241,17579,7119,10337,168816,168817,168813,168814,0,0,0,0
1790616630.132402,-16,13,19,-14,21774,18083,7770,9764,168846,168847,168843,168844,0,0,0,0
1790616630.192218,-6,9,5,2,21514,18408,8053,9510,168876,168877,168873,168874,0,0,0,0
1790616630.2326488,0,4,-6,-5,21391,18520,8159,9404,168906,168907,168903,168904,0,0,0,0
1790616630.3164349,-3,-2,-4,1,21384,18517,8171,9398,168966,168967,168963,168964,0,0,0,0
1790616630.375005,3,8,0,0,21447,18460,8118,9455,168996,168997,168993,168994,0,0,0,0
1790616630.4321039,5,1,-2,-3,21527,18387,8053,9531,169026,169027,169023,169024,0,0,0,0
1790616630.492071,2,-7,-5,1,21614,18299,7981,9622,169056,169057,169053,169054,0,0,0,0
1790616630.532463,0,-7,0,-1,21706,18219,7905,9716,169086,169087,169083,169084,0,0,0,0
1790616630.592018,-3,-6,1,-3,21777,18137,7843,9793,169116,169117,169113,169114,0,0,0,0
1790616630.63243,0,-5,-5,1,21827,18084,7804,9852,169146,169147,169143,169144,0,0,0,0
1790616630.692411,1,-2,-2,-2,21857,18051,7773,9887,169206,169207,169203,169204,0,0,0,0
1790616630.752235,-1,-2,-3,-6,21849,18062,7781,9878,169236,169237,169233,169234,0,0,0,0
1790616630.812279,-3,3,-3,-3,21836,18079,7793,9863,169266,169267,169263,169264,0,0,0,0
1790616630.852623,1,-6,-2,-3,21824,18094,7806,9851,169296,169297,169293,169294,0,0,0,0
1790616630.914918,-1,0,0,-2,21818,18103,7812,9844,169326,169327,169323,169324,0,0,0,0
1790616630.952492,3,-1,-3,0,21816,18104,7814,9843,169356,169357,169353,169354,0,0,0,0
1790616631.0124679,-1,-5,19,0,21821,18099,7811,9847,169386,169387,169383,169384,0,0,0,0
1790616631.073923,37,37,31,39,22382,18914,8168,10399,169416,169417,169413,169414,0,0,0,0
1790616631.113338,22,26,34,28,23503,19784,9338,11535,169446,169447,169443,169444,0,0,0,0
1790616631.1740649,35,36,31,35,24289,20630,10225,12425,169476,169477,169473,169474,0,0,0,0
1790616631.212439,42,31,42,46,25209,21450,11218,13419,169506,169507,169503,169504,0,0,0,0
1790616631.274739,40,70,43,40,26096,22306,12224,14473,169536,169537,169533,169534,0,0,0,0
1790616631.332105,38,33,45,35,27128,23319,13215,15407,169566,169567,169563,169564,0,0,0,0
1790616631.375267,33,34,41,37,28058,24336,14325,16385,169596,169597,169593,169594,0,0,0,0
1790616631.432053,38,37,37,26,29134,25519,15333,17372,169626,169627,169623,169624,0,0,0,0
1790616631.492065,33,33,40,33,30188,26582,16351,18387,169656,169657,169653,169654,0,0,0,0
1790616631.532174,39,44,36,42,31395,27657,17388,19380,169686,169687,169683,169684,0,0,0,0
1790616631.5921721,34,36,32,41,32481,28659,18435,20457,169716,169717,169713,169714,0,0,0,0
1790616631.6320388,37,42,39,43,729,29661,19489,21529,169746,169747,169743,169744,0,0,0,0
1790616631.6920881,40,40,41,44,1863,30710,20598,22695,169776,169777,169773,169774,0,0,0,0
1790616631.733061,39,44,40,49,2847,31754,21660,23765,169806,169807,169803,169804,0,0,0,0
1790616631.7920918,41,32,44,45,3882,70,22918,24808,169836,169837,169833,169834,0,0,0,0
1790616631.8321018,39,40,38,42,4865,1192,23953,25841,169866,169867,169863,169864,0,0,0,0
1790616631.892072,31,38,47,28,5959,2334,25105,26859,169896,169897,169893,169894,0,0,0,0
1790616631.9322062,43,35,38,32,7089,3414,26165,27900,169926,169927,169923,169924,0,0,0,0
1790616631.9932559,35,35,44,32,8214,4561,27134,28983,169956,169957,169953,169954,0,0,0,0
1790616632.033279,34,33,33,38,9330,5590,28273,30135,169986,169987,169983,169984,0,0,0,0
1790616632.093197,39,37,37,35,10442,6679,29279,31150,170016,170017,170013,170014,0,0,0,0
1790616632.1334279,33,36,39,41,11568,7764,30486,32332,170046,170047,170043,170044,0,0,0,0
1790616632.192967,37,41,33,45,12648,8860,31560,614,170076,170077,170073,170074,0,0,0,0
1790616632.233403,32,54,36,49,13784,9949,6,1675,170106,170107,170103,170104,0,0,0,0
1790616632.292968,43,37,33,44,14800,11026,1123,2739,170136,170137,170133,170134,0,0,0,0
1790616632.3530009,43,45,37,42,15959,12109,2187,3857,170166,170167,170163,170164,0,0,0,0
1790616632.393122,44,40,34,44,18190,14253,4347,6017,170226,170227,170223,170224,0,0,0,0
1790616632.4529989,40,36,39,38,19192,15296,5494,7087,170256,170257,170253,170254,0,0,0,0
1790616632.493388,48,32,43,43,20258,16373,6644,8227,170286,170287,170283,170284,0,0,0,0
1790616632.555485,41,38,36,35,21353,17447,7775,9348,170316,170317,170313,170314,0,0,0,0
1790616632.613406,47,35,41,33,22448,18667,8825,10380,170346,170347,170343,170344,0,0,0,0
1790616632.674467,43,49,36,39,23599,19778,9893,11462,170376,170377,170373,170374,0,0,0,0
1790616632.7336051,42,41,46,33,24714,20929,10875,12464,170406,170407,170403,170404,0,0,0,0
1790616632.7932181,39,31,39,45,25846,21992,11946,13558,170436,170437,170433,170434,0,0,0,0
1790616632.853108,33,41,40,47,28023,24056,14116,15712,170496,170497,170493,170494,0,0,0,0
1790616632.893874,37,49,41,39,29097,25125,15308,16899,170526,170527,170523,170524,0,0,0,0
1790616632.9540968,37,49,41,39,29097,25125,15308,16899,170526,170527,170523,170524,0,0,0,0
1790616632.994462,53,45,38,40,31180,27324,17516,19072,170586,170587,170583,170584,0,0,0,0
1790616633.0541189,37,43,33,43,32334,28429,18557,20087,170616,170617,170613,170614,0,0,0,0
1790616633.094493,43,42,16,44,613,29532,19620,21146,170646,170647,170643,170644,0,0,0,0
1790616633.1542242,44,34,41,43,1798,30604,20689,22206,170676,170677,170673,170674,0,0,0,0
1790616633.21402,46,36,44,37,2830,31701,21696,23295,170706,170707,170703,170704,0,0,0,0
1790616633.2542038,47,32,47,32,3908,20,22881,24404,170736,170737,170733,170734,0,0,0,0
1790616633.31537,37,36,43,30,4917,1109,23893,25539,170766,170767,170763,170764,0,0,0,0
1790616633.374221,40,31,46,34,5994,2231,25093,26630,170796,170797,170793,170794,0,0,0,0
1790616633.437403,34,37,35,34,7132,3210,26185,27754,170826,170827,170823,170824,0,0,0,0
1790616633.4743412,37,44,49,41,8206,4381,27247,28849,170856,170857,170853,170854,0,0,0,0
1790616633.536601,31,38,36,43,9273,5415,28340,29930,170886,170887,170883,170884,0,0,0,0
1790616633.574503,32,40,34,31,10363,6495,29347,30931,170916,170917,170913,170914,0,0,0,0
1790616633.634163,31,41,34,41,11406,7491,30407,31923,170946,170947,170943,170944,0,0,0,0
1790616633.694227,42,33,31,34,12262,8345,31307,74,170976,170977,170973,170974,0,0,0,0
1790616633.737034,37,23,38,30,13210,9249,32211,995,171006,171007,171003,171004,0,0,0,0
1790616633.7939808,26,32,27,30,14000,10109,224,1781,171036,171037,171033,171034,0,0,0,0
1790616633.854018,33,26,25,25,14767,10835,1033,2529,171066,171067,171063,171064,0,0,0,0
1790616633.894233,19,22,18,25,16193,12148,2306,3927,171126,171127,171123,171124,0,0,0,0
1790616633.954027,24,21,23,18,16776,12820,2934,4509,171156,171157,171153,171154,0,0,0,0
1790616634.015281,15,18,21,19,17277,13309,3488,5021,171186,171187,171183,171184,0,0,0,0
1790616634.054293,20,15,22,18,17690,13768,4076,5559,171216,171217,171213,171214,0,0,0,0
1790616634.1140559,11,10,14,11,18130,14120,4587,6017,171246,171247,171243,171244,0,0,0,0
1790616634.15427,16,12,15,15,18462,14478,4944,6382,171276,171277,171273,171274,0,0,0,0
1790616634.2141051,13,13,14,10,18786,14888,5302,6702,171306,171307,171303,171304,0,0,0,0
1790616634.2544,9,5,8,11,19107,15160,5606,6978,171336,171337,171333,171334,0,0,0,0
1790616634.314271,10,6,7,16,19369,15330,5843,7299,171366,171367,171363,171364,0,0,0,0
1790616634.375909,5,5,6,9,19593,15459,6059,7644,171396,171397,171393,171394,0,0,0,0
1790616634.414176,3,2,11,9,19766,15553,6260,7923,171426,171427,171423,171424,0,0,0,0
1790616634.475788,-1,0,8,9,19965,15752,6563,8195,171456,171457,171453,171454,0,0,0,0
1790616634.514375,7,15,10,5,20172,16041,6808,8386,171486,171487,171483,171484,0,0,0,0
1790616634.574689,11,17,9,3,20481,16400,6997,8486,171516,171517,171513,171514,0,0,0,0
1790616634.6141639,8,15,9,2,20786,16812,7180,8527,171546,171547,171543,171544,0,0,0,0
1790616634.67661,2,13,5,-1,20924,17154,7393,8521,171576,171577,171573,171574,0,0,0,0
1790616634.7362502,1,6,6,-4,20997,17385,7632,8496,171606,171607,171603,171604,0,0,0,0
1790616634.774174,-3,0,8,-1,20955,17513,7765,8389,171636,171637,171633,171634,0,0,0,0
1790616634.836066,-2,5,2,-7,20865,17604,7859,8282,171666,171667,171663,171664,0,0,0,0
1790616634.894251,1,0,-2,-4,20791,17681,7930,8201,171696,171697,171693,171694,0,0,0,0
1790616634.937324,-2,2,0,2,20737,17739,7983,8145,171726,171727,171723,171724,0,0,0,0
1790616634.994297,-22,3,9,-1,20703,17774,8012,8112,171756,171757,171753,171754,0,0,0,0
1790616635.054034,-4,-4,-6,1,20678,17794,8033,8085,171816,171817,171813,171814,0,0,0,0
1790616635.094362,-3,-4,-5,-2,20707,17771,8024,8106,171846,171847,171843,171844,0,0,0,0
1790616635.1542861,-2,-2,-2,1,20730,17761,8014,8124,171876,171877,171873,171874,0,0,0,0
1790616635.1943722,-1,-1,2,-3,20731,17766,8018,8126,171906,171907,171903,171904,0,0,0,0
1790616635.254894,-5,3,-3,-1,20719,17781,8028,8114,171936,171937,171933,171934,0,0,0,0
1790616635.313946,-5,0,0,-3,20704,17797,8040,8100,171966,171967,171963,171964,0,0,0,0
1790616635.354113,1,-1,0,3,20695,17815,8053,8089,171996,171997,171993,171994,0,0,0,0
1790616635.41394,-4,0,1,0,20691,17823,8060,8082,172026,172027,172023,172024,0,0,0,0
1790616635.454083,2,-6,-3,2,20694,17830,8066,8081,172056,172057,172053,172054,0,0,0,0
1790616635.514372,-3,-1,2,-1,20696,17838,8070,8081,172086,172087,172083,172084,0,0,0,0
1790616635.554282,-3,-1,5,1,20695,17845,8073,8078,172116,172117,172113,172114,0,0,0,0
1790616635.614652,4,-1,-3,-5,20697,17850,8077,8075,172146,172147,172143,172144,0,0,0,0
1790616635.673936,1,-2,-4,-3,20697,17854,8079,8074,172176,172177,172173,172174,0,0,0,0
1790616635.71421,-2,-3,-1,5,20699,17857,8081,8074,172206,172207,172203,172204,0,0,0,0
1790616635.7747252,-15,2,-5,-1,20703,17861,8084,8075,172236,172237,172233,172234,0,0,0,0
1790616635.835155,0,2,-4,-4,20710,17865,8086,8076,172266,172267,172263,172264,0,0,0,0
1790616635.875042,-2,0,1,3,20715,17867,8087,8079,172296,172297,172293,172294,0,0,0,0
1790616635.9350479,1,-5,-3,-1,20716,17870,8090,8079,172326,172327,172323,172324,0,0,0,0
1790616635.976168,2,-2,-3,2,20728,17884,8102,8090,172356,172357,172353,172354,0,0,0,0
1790616636.034545,-2,-1,2,-1,20786,17885,8109,8125,172386,172387,172383,172384,0,0,0,0
1790616636.075155,-3,2,-2,0,20788,17889,8115,8132,172416,172417,172413,172414,0,0,0,0
1790616636.1351838,-3,-3,-1,2,20783,17906,8124,8123,172446,172447,172443,172444,0,0,0,0
1790616636.174129,4,2,1,-3,20769,17912,8132,8112,172476,172477,172473,172474,0,0,0,0
1790616636.235042,-2,-5,1,1,20768,17920,8137,8109,172506,172507,172503,172504,0,0,0,0
1790616636.2947369,-1,0,-2,0,20765,17920,8139,8108,172536,172537,172533,172534,0,0,0,0
1790616636.334742,-2,-6,-2,-4,20763,17920,8142,8108,172566,172567,172563,172564,0,0,0,0
1790616636.394237,2,-1,-4,-1,20757,17924,8148,8106,172626,172627,172623,172624,0,0,0,0
1790616636.454079,2,-1,-4,-1,20757,17924,8148,8106,172626,172627,172623,172624,0,0,0,0
1790616636.494147,45,-23,-14,17,21234,17565,8002,8381,172686,172687,172683,172684,0,0,0,0
1790616636.553967,67,-64,-37,35,23107,16489,7418,9243,172716,172717,172713,172714,0,0,0,0
1790616636.594102,71,-64,-62,86,24891,14774,5756,11435,172746,172747,172743,172744,0,0,0,0
1790616636.6540842,69,-70,-78,88,26740,12999,3813,13291,172776,172777,172773,172774,0,0,0,0
1790616636.694176,80,-73,-79,72,28702,10989,1897,15366,172806,172807,172803,172804,0,0,0,0
1790616636.7546601,78,-72,-69,71,30699,8941,32576,17523,172836,172837,172833,172834,0,0,0,0
1790616636.813961,59,-56,-68,63,32608,7041,30636,19567,172866,172867,172863,172864,0,0,0,0
1790616636.874036,66,-50,-53,60,1509,5444,28922,21282,172896,172897,172893,172894,0,0,0,0
1790616636.914051,47,-56,-55,49,2937,4087,27515,22711,172926,172927,172923,172924,0,0,0,0
1790616636.973931,46,-46,-43,42,4243,2796,26289,23923,172956,172957,172953,172954,0,0,0,0
1790616637.014192,46,-58,-50,52,5486,1557,25032,25173,172986,172987,172983,172984,0,0,0,0
1790616637.114122,62,-53,-60,54,8318,31390,22113,28053,173046,173047,173043,173044,0,0,0,0
1790616637.154635,69,-72,-100,81,10036,29750,20504,29799,173076,173077,173073,173074,0,0,0,0
1790616637.213969,60,-59,-65,63,11796,27969,18718,31514,173106,173107,173103,173104,0,0,0,0
1790616637.254838,67,-62,-65,71,13668,26153,16850,651,173136,173137,173133,173134,0,0,0,0
1790616637.314139,62,-54,-60,57,15296,24404,15105,2373,173166,173167,173163,173164,0,0,0,0
1790616637.374069,56,-65,-54,65,16951,22890,13562,3989,173196,173197,173193,173194,0,0,0,0
1790616637.414284,44,-36,-49,55,18341,21340,12115,5560,173226,173227,173223,173224,0,0,0,0
1790616637.474018,30,-56,-43,81,19383,19582,10949,7289,173256,173257,173253,173254,0,0,0,0
1790616637.534396,10,-75,-34,77,19949,17466,10117,9542,173286,173287,173283,173284,0,0,0,0
1790616637.574235,19,-84,-12,95,20572,15194,9448,12220,173316,173317,173313,173314,0,0,0,0
1790616637.6357021,21,-84,-21,100,21121,12711,9010,14724,173346,173347,173343,173344,0,0,0,0
1790616637.674345,17,-92,-16,85,21687,10129,8577,17340,173376,173377,173373,173374,0,0,0,0
1790616637.735147,24,-94,-19,89,22305,7508,7983,19812,173406,173407,173403,173404,0,0,0,0
1790616637.7940328,29,-86,-37,91,23114,4910,7213,22487,173436,173437,173433,173434,0,0,0,0
1790616637.834576,43,-79,-38,109,23981,2524,6281,24917,173466,173467,173463,173464,0,0,0,0
1790616637.8939672,45,-75,-43,78,25111,369,5305,27140,173496,173497,173493,173494,0,0,0,0
1790616637.934839,70,-45,-52,52,26470,31349,3835,29060,173526,173527,173523,173524,0,0,0,0
1790616637.994102,48,-54,-67,46,28024,29958,2362,30558,173556,173557,173553,173554,0,0,0,0
1790616638.054133,58,-49,-62,42,30956,27465,32102,203,173616,173617,173613,173614,0,0,0,0
1790616638.096928,42,-33,-43,39,32288,26444,30842,1272,173646,173647,173643,173644,0,0,0,0
1790616638.155338,32,-18,-32,23,536,25602,29757,2189,173676,173677,173673,173674,0,0,0,0
1790616638.1963232,18,-15,-17,9,1142,24971,29065,2625,173706,173707,173703,173704,0,0,0,0
1790616638.2539651,0,-7,-1,7,1425,24630,28799,2866,173736,173737,173733,173734,0,0,0,0
1790616638.313997,-2,-5,-9,5,1564,24490,28675,2997,173766,173767,173763,173764,0,0,0,0
1790616638.354256,-16,-6,-5,-1,1691,24391,28559,3099,173796,173797,173793,173794,0,0,0,0
1790616638.413951,-5,-5,-4,3,1796,24312,28467,3180,173826,173827,173823,173824,0,0,0,0
1790616638.4542239,-1,0,3,-2,1845,24284,28410,3226,173856,173857,173853,173854,0,0,0,0
1790616638.5139358,-18,16,11,-10,1628,24491,28556,3098,173886,173887,173883,173884,0,0,0,0
1790616638.555323,-34,42,52,-43,919,25270,29375,2324,173916,173917,173913,173914,0,0,0,0
1790616638.61409,-43,45,51,-48,32564,26635,30871,1098,173946,173947,173943,173944,0,0,0,0
1790616638.6544142,-64,55,64,-66,31023,28137,32344,32285,173976,173977,173973,173974,0,0,0,0
1790616638.7139819,-57,61,53,-63,29427,29782,1177,30710,174006,174007,174003,174004,0,0,0,0
1790616638.7543528,-43,48,52,-46,28006,31168,2684,29220,174036,174037,174033,174034,0,0,0,0
1790616638.813984,-40,40,42,-34,26838,32433,3901,27997,174066,174067,174063,174064,0,0,0,0
1790616638.874007,-30,32,32,-31,25889,526,4885,27081,174096,174097,174093,174094,0,0,0,0
1790616638.914172,-30,20,22,-22,25245,1201,5570,26458,174126,174127,174123,174124,0,0,0,0
1790616638.974047,-26,23,28,-20,24538,2000,6155,25854,174156,174157,174153,174154,0,0,0,0
1790616639.036177,-32,33,32,-40,23821,2705,6948,25070,174186,174187,174183,174184,0,0,0,0
1790616639.0742579,-46,43,32,-36,22901,3739,7946,24116,174216,174217,174213,174214,0,0,0,0
1790616639.13703,-45,48,44,-45,21660,5028,9105,22984,174246,174247,174243,174244,0,0,0,0
1790616639.1943529,-54,47,43,-52,20331,6338,10414,21680,174276,174277,174273,174274,0,0,0,0
1790616639.235447,-50,52,47,-57,19003,7654,11761,20375,174306,174307,174303,174304,0,0,0,0
1790616639.308727,-46,41,45,-47,17784,8812,12986,19122,174336,174337,174333,174334,0,0,0,0
1790616639.3739252,-39,38,31,-29,15838,10827,14962,17148,174396,174397,174393,174394,0,0,0,0
1790616639.4143791,-27,31,29,-29,14982,11661,15841,16242,174426,174427,174423,174424,0,0,0,0
1790616639.473938,-32,29,34,-32,14137,12564,16675,15392,174456,174457,174453,174454,0,0,0,0
1790616639.514355,-42,42,33,-39,13173,13542,17585,14535,174486,174487,174483,174484,0,0,0,0
1790616639.574162,-38,45,43,-45,12122,14622,18635,13423,174516,174517,174513,174514,0,0,0,0
1790616639.63469,-44,48,40,-37,10985,15762,19741,12298,174546,174547,174543,174544,0,0,0,0
1790616639.6741629,-44,45,38,-53,9843,16940,20945,11147,174576,174577,174573,174574,0,0,0,0
1790616639.734613,-52,52,41,-42,8710,18103,22087,9993,174606,174607,174603,174604,0,0,0,0
1790616639.795874,-44,37,38,-46,7552,19251,23278,8902,174636,174637,174633,174634,0,0,0,0
1790616639.835161,-39,40,33,-31,6495,20245,24282,7818,174666,174667,174663,174664,0,0,0,0
1790616639.896241,-37,34,35,-28,5510,21273,25355,6871,174696,174697,174693,174694,0,0,0,0
1790616639.936183,-32,30,31,-40,4573,22196,26258,5826,174726,174727,174723,174724,0,0,0,0
1790616639.994977,-37,36,37,-43,2584,24142,28167,3950,174786,174787,174783,174784,0,0,0,0
1790616640.05408,-37,36,37,-43,2584,24142,28167,3950,174786,174787,174783,174784,0,0,0,0
1790616640.096664,-46,49,33,-49,400,26376,30406,1810,174846,174847,174843,174844,0,0,0,0
1790616640.154984,-42,49,40,-44,32073,27538,31531,668,174876,174877,174873,174874,0,0,0,0
1790616640.197004,-42,40,43,-46,30930,28598,32677,32291,174906,174907,174903,174904,0,0,0,0
1790616640.253917,-40,39,33,-32,29905,29630,1014,31210,174936,174937,174933,174934,0,0,0,0
1790616640.314291,-37,39,38,-37,28867,30663,2013,30260,174966,174967,174963,174964,0,0,0,0
1790616640.354115,-32,34,38,-36,27886,31611,3008,29180,174996,174997,174993,174994,0,0,0,0
1790616640.414597,-36,26,39,-38,26859,32680,3990,28187,175026,175027,175023,175024,0,0,0,0
1790616640.454519,-34,32,46,-39,25811,928,5030,27107,175056,175057,175053,175054,0,0,0,0
1790616640.514097,-40,37,40,-26,24777,2020,6070,26154,175086,175087,175083,175084,0,0,0,0
1790616640.554606,-39,32,46,-51,23770,3099,7140,25117,175116,175117,175113,175114,0,0,0,0
1790616640.614296,-46,40,32,-39,22753,4148,8184,24039,175146,175147,175143,175144,0,0,0,0
1790616640.654155,-38,50,43,-35,21661,5207,9258,23009,175176,175177,175173,175174,0,0,0,0
1790616640.7143009,-44,39,38,-37,20613,6257,10374,21946,175206,175207,175203,175204,0,0,0,0
1790616640.774079,-39,39,37,-33,19563,7251,11407,20885,175236,175237,175233,175234,0,0,0,0
1790616640.814521,-33,36,37,-40,18534,8407,12520,19738,175266,175267,175263,175264,0,0,0,0
1790616640.874006,-26,35,37,-32,17438,9365,13542,18703,175296,175297,175293,175294,0,0,0,0
1790616640.915731,-36,37,39,-29,16390,10495,14608,17682,175326,175327,175323,175324,0,0,0,0
1790616640.974916,-37,32,38,-41,15336,11490,15593,16683,175356,175357,175353,175354,0,0,0,0
1790616641.033851,-37,36,36,-42,14339,12541,16608,15628,175386,175387,175383,175384,0,0,0,0
1790616641.075234,-47,41,35,-35,13285,13656,17628,14663,175416,175417,175413,175414,0,0,0,0
1790616641.1342,-42,39,37,-43,12210,14707,18723,13543,175446,175447,175443,175444,0,0,0,0
1790616641.193984,-40,41,36,-35,11176,15747,19741,12450,175476,175477,175473,175474,0,0,0,0
1790616641.2340999,-32,37,38,-40,10150,16817,20830,11449,175506,175507,175503,175504,0,0,0,0
1790616641.297318,-35,48,39,-33,9141,17803,21832,10360,175536,175537,175533,175534,0,0,0,0
1790616641.334351,-36,38,39,-30,8018,18926,22984,9356,175566,175567,175563,175564,0,0,0,0
1790616641.394676,-42,36,50,-41,5935,21014,25000,7251,175626,175627,175623,175624,0,0,0,0
1790616641.453986,-36,33,37,-42,4848,22064,26067,6157,175656,175657,175653,175654,0,0,0,0
1790616641.494571,-37,29,37,-38,3920,23018,27049,5119,175686,175687,175683,175684,0,0,0,0
1790616641.554114,-18,13,18,-23,3212,23607,27843,4464,175716,175717,175713,175714,0,0,0,0
1790616641.615514,-9,5,10,-17,2855,23943,28210,4082,175746,175747,175743,175744,0,0,0,0
1790616641.673991,-12,7,7,-8,2670,24130,28389,3873,175776,175777,175773,175774,0,0,0,0
1790616641.7146618,-7,-1,1,-6,2547,24239,28508,3731,175806,175807,175803,175804,0,0,0,0
1790616641.774103,-5,3,6,-4,2455,24321,28605,3621,175836,175837,175833,175834,0,0,0,0
1790616641.8338811,-4,2,0,-4,2380,24394,28688,3531,175866,175867,175863,175864,0,0,0,0
1790616641.874251,-4,1,5,-5,2320,24458,28757,3459,175896,175897,175893,175894,0,0,0,0
1790616641.933842,-1,-4,-1,-6,2278,24502,28807,3410,175926,175927,175923,175924,0,0,0,0
1790616641.994262,-1,-6,-1,-2,2257,24522,28833,3386,175956,175957,175953,175954,0,0,0,0
1790616642.034078,-2,1,-1,0,2258,24520,28834,3386,175986,175987,175983,175984,0,0,0,0
1790616642.093964,-2,2,-2,0,2271,24503,28819,3400,176016,176017,176013,176014,0,0,0,0
1790616642.1352909,6,0,0,3,2287,24485,28800,3421,176046,176047,176043,176044,0,0,0,0
1790616642.194241,3,3,-2,6,2297,24474,28787,3433,176076,176077,176073,176074,0,0,0,0
1790616642.262528,0,-2,-1,2,2293,24477,28789,3430,176136,176137,176133,176134,0,0,0,0
1790616642.2941,-1,-1,0,-5,2288,24482,28795,3424,176166,176167,176163,176164,0,0,0,0
1790616642.3539488,-5,3,4,-1,2287,24485,28798,3422,176196,176197,176193,176194,0,0,0,0
1790616642.414057,-3,-4,2,-4,2287,24485,28799,3422,176226,176227,176223,176224,0,0,0,0
1790616642.4540968,0,3,0,-2,2289,24483,28796,3425,176256,176257,176253,176254,0,0,0,0
1790616642.514139,41,46,20,38,2598,24967,29003,3684,176286,176287,176283,176284,0,0,0,0
1790616642.574292,37,34,47,39,3785,26012,30099,4856,176316,176317,176313,176314,0,0,0,0
1790616642.61409,26,31,33,31,4650,26877,31110,5753,176346,176347,176343,176344,0,0,0,0
1790616642.674058,30,23,35,31,5485,27813,31969,6655,176376,176377,176373,176374,0,0,0,0
1790616642.71432,43,39,37,38,6448,28758,257,7585,176406,176407,176403,176404,0,0,0,0
1790616642.7739189,35,39,38,45,7501,29785,1274,8589,176436,176437,176433,176434,0,0,0,0
1790616642.833945,41,46,32,36,8527,30787,2248,9521,176466,176467,176463,176464,0,0,0,0
1790616642.874211,46,43,36,30,9660,31837,3290,10506,176496,176497,176493,176494,0,0,0,0
1790616642.9354281,42,33,36,34,10694,141,4344,11524,176526,176527,176523,176524,0,0,0,0
1790616642.993925,38,32,47,35,11735,1173,5405,12489,176556,176557,176553,176554,0,0,0,0
1790616643.034931,37,35,36,44,12843,2261,6536,13593,176586,176587,176583,176584,0,0,0,0
1790616643.093996,37,36,40,40,13977,3223,7642,14772,176616,176617,176613,176614,0,0,0,0
1790616643.1341271,39,45,46,40,14972,4284,8748,15812,176646,176647,176643,176644,0,0,0,0
1790616643.1940129,30,40,38,38,16096,5380,9898,16944,176676,176677,176673,176674,0,0,0,0
1790616643.23412,37,38,50,43,17139,6425,10977,17938,176706,176707,176703,176704,0,0,0,0
1790616643.2957141,42,44,39,39,19404,8610,13072,20060,176766,176767,176763,176764,0,0,0,0
1790616643.3616939,51,48,41,36,20493,9615,14117,21143,176796,176797,176793,176794,0,0,0,0
1790616643.3940842,37,41,36,37,21600,10857,15263,22236,176826,176827,176823,176824,0,0,0,0
1790616643.456256,46,42,40,36,22614,11872,16312,23281,176856,176857,176853,176854,0,0,0,0
1790616643.495115,39,34,38,39,23737,12973,17449,24385,176886,176887,176883,176884,0,0,0,0
1790616643.555372,36,33,31,28,24656,13918,18520,25517,176916,176917,176913,176914,0,0,0,0
1790616643.594252,30,34,35,39,25614,14800,19497,26450,176946,176947,176943,176944,0,0,0,0
1790616643.656171,33,31,34,36,26574,15679,20554,27464,176976,176977,176973,176974,0,0,0,0
1790616643.713872,34,30,31,31,27339,16468,21309,28257,177006,177007,177003,177004,0,0,0,0
1790616643.7544808,24,25,27,20,28110,17314,22107,29050,177036,177037,177033,177034,0,0,0,0
1790616643.8551612,26,21,11,16,29629,18791,23391,30340,177096,177097,177093,177094,0,0,0,0
1790616643.894281,23,21,22,18,30290,19462,23870,30888,177126,177127,177123,177124,0,0,0,0
1790616643.9558232,18,16,15,15,30836,19956,24344,31377,177156,177157,177153,177154,0,0,0,0
1790616644.013935,12,20,28,21,31369,20395,24823,31879,177186,177187,177183,177184,0,0,0,0
1790616644.056088,11,13,23,14,31733,20789,25350,32399,177216,177217,177213,177214,0,0,0,0
1790616644.1140501,10,13,16,14,32086,21103,25774,7,177246,177247,177243,177244,0,0,0,0
1790616644.174068,6,11,15,11,32382,21432,26175,374,177276,177277,177273,177274,0,0,0,0
1790616644.2141151,3,13,9,11,32595,21758,26499,702,177306,177307,177303,177304,0,0,0,0
1790616644.295424,9,11,10,1,1,22036,26757,896,177336,177337,177333,177334,0,0,0,0
1790616644.3340118,7,13,10,5,201,22326,27001,1036,177366,177367,177363,177364,0,0,0,0
1790616644.394111,12,10,7,7,495,22607,27192,1166,177396,177397,177393,177394,0,0,0,0
1790616644.434602,11,6,2,14,817,22816,27370,1398,177426,177427,177423,177424,0,0,0,0
1790616644.495519,6,5,8,14,1089,22999,27561,1713,177456,177457,177453,177454,0,0,0,0
1790616644.555279,12,3,5,9,1318,23140,27781,2015,177486,177487,177483,177484,0,0,0,0
1790616644.595156,7,4,3,12,1708,23444,28209,2445,177546,177547,177543,177544,0,0,0,0
1790616644.655094,2,8,11,8,1840,23648,28484,2646,177576,177577,177573,177574,0,0,0,0
1790616644.713991,-2,4,0,2,1858,23732,28653,2707,177606,177607,177603,177604,0,0,0,0
1790616644.754539,-7,-3,-1,2,1867,23733,28662,2703,177636,177637,177633,177634,0,0,0,0
1790616644.814019,0,2,-3,-2,1886,23715,28654,2725,177666,177667,177663,177664,0,0,0,0
1790616644.874228,-2,-3,-1,-5,1910,23703,28640,2747,177696,177697,177693,177694,0,0,0,0
1790616644.933831,1,-3,-1,1,1934,23686,28624,2769,177726,177727,177723,177724,0,0,0,0
1790616644.974195,1,2,-3,-2,1954,23670,28609,2792,177756,177757,177753,177754,0,0,0,0
1790616645.033993,-5,-2,-7,1,1976,23653,28592,2814,177786,177787,177783,177784,0,0,0,0
1790616645.073917,-3,-3,-1,1,1992,23631,28571,2828,177816,177817,177813,177814,0,0,0,0
1790616645.133864,-1,1,3,-4,2013,23627,28568,2859,177846,177847,177843,177844,0,0,0,0
1790616645.175164,-4,-1,2,-1,2032,23624,28562,2876,177876,177877,177873,177874,0,0,0,0
1790616645.23402,0,-4,3,1,2045,23615,28555,2891,177906,177907,177903,177904,0,0,0,0
1790616645.2941,6,0,-2,2,2062,23607,28544,2909,177936,177937,177933,177934,0,0,0,0
1790616645.334115,-5,-2,3,0,2073,23598,28535,2922,177966,177967,177963,177964,0,0,0,0
1790616645.395514,5,-4,3,-3,2084,23588,28527,2935,177996,177997,177993,177994,0,0,0,0
1790616645.434041,-4,0,-1,-2,2097,23577,28517,2949,178026,178027,178023,178024,0,0,0,0
1790616645.4939132,2,-4,-1,-1,2114,23564,28506,2969,178056,178057,178053,178054,0,0,0,0
1790616645.53488,-13,0,-3,10,2157,23553,28497,3026,178086,178087,178083,178084,0,0,0,0
1790616645.593842,1,0,-4,2,2204,23510,28454,3078,178116,178117,178113,178114,0,0,0,0
1790616645.654027,1,-1,0,4,2242,23495,28435,3120,178146,178147,178143,178144,0,0,0,0
1790616645.693992,-2,-4,-5,-1,2279,23462,28399,3158,178206,178207,178203,178204,0,0,0,0
1790616645.7542882,1,-3,1,-2,2287,23452,28388,3168,178236,178237,178233,178234,0,0,0,0
1790616645.814303,-3,-3,-4,-5,2289,23452,28385,3170,178266,178267,178263,178264,0,0,0,0
1790616645.854246,-1,2,0,-2,2286,23456,28389,3168,178296,178297,178293,178294,0,0,0,0
1790616645.9140742,-2,0,-1,2,2286,23460,28393,3165,178326,178327,178323,178324,0,0,0,0
1790616645.954178,-5,-4,-6,2,2286,23461,28395,3165,178356,178357,178353,178354,0,0,0,0
1790616646.0140328,-2,-2,-2,-2,2288,23459,28393,3166,178386,178387,178383,178384,0,0,0,0
1790616646.073884,-4,-4,-1,0,2294,23452,28387,3172,178416,178417,178413,178414,0,0,0,0
1790616646.133814,11,-10,-15,-1,2412,23334,28333,3277,178446,178447,178443,178444,0,0,0,0
1790616646.193818,69,-57,-28,35,3683,22485,27879,3774,178476,178477,178473,178474,0,0,0,0
1790616646.23402,63,-54,-38,77,5652,20928,26701,5475,178506,178507,178503,178504,0,0,0,0
1790616646.295121,78,-76,-85,72,7346,19175,24918,7396,178536,178537,178533,178534,0,0,0,0
1790616646.3340101,68,-65,-88,73,9379,17186,22932,9539,178566,178567,178563,178564,0,0,0,0
1790616646.39437,79,-75,-60,58,13556,13126,18750,13814,178626,178627,178623,178624,0,0,0,0
1790616646.455125,79,-75,-60,58,13556,13126,18750,13814,178626,178627,178623,178624,0,0,0,0
1790616646.494518,57,-49,-55,45,16768,9914,15442,17210,178686,178687,178683,178684,0,0,0,0
1790616646.555711,47,-53,-47,38,18025,8652,14168,18459,178716,178717,178713,178714,0,0,0,0
1790616646.595816,47,-43,-40,41,19253,7490,12941,19616,178746,178747,178743,178744,0,0,0,0
1790616646.653777,60,-58,-53,45,20558,6221,11682,20956,178776,178777,178773,178774,0,0,0,0
1790616646.694216,57,-55,-53,56,22022,4699,10234,22369,178806,178807,178803,178804,0,0,0,0
1790616646.75443,66,-55,-69,60,23667,2989,8548,24102,178836,178837,178833,178834,0,0,0,0
1790616646.8171651,61,-74,-75,66,25481,1216,6751,25958,178866,178867,178863,178864,0,0,0,0
1790616646.87401,60,-74,-67,57,27304,32228,4941,27759,178896,178897,178893,178894,0,0,0,0
1790616646.917961,59,-52,-57,72,29030,30477,3097,29504,178926,178927,178923,178924,0,0,0,0
1790616646.9740422,53,-50,-59,49,30516,28867,1498,31092,178956,178957,178953,178954,0,0,0,0
1790616647.0338502,52,-60,-45,44,32056,27416,31,32582,178986,178987,178983,178984,0,0,0,0
1790616647.074305,55,-53,-46,51,685,26051,31380,1201,179016,179017,179013,179014,0,0,0,0
1790616647.1349719,40,-46,-60,59,2185,24674,29959,2619,179046,179047,179043,179044,0,0,0,0
1790616647.174345,60,-44,-74,54,3835,23388,28293,3969,179076,179077,179073,179074,0,0,0,0
1790616647.236147,50,-38,-67,42,5434,22102,26619,5207,179106,179107,179103,179104,0,0,0,0
1790616647.2942982,27,-43,-24,47,7200,19779,24574,7520,179166,179167,179163,179164,0,0,0,0
1790616647.353985,18,-35,-15,49,7814,18721,23971,8607,179196,179197,179193,179194,0,0,0,0
1790616647.393868,17,-48,-17,46,8275,17403,23465,9792,179226,179227,179223,179224,0,0,0,0
1790616647.456291,20,-47,-20,52,8823,16127,22945,11063,179256,179257,179253,179254,0,0,0,0
1790616647.493866,17,-57,-21,48,9259,14668,22404,12529,179286,179287,179283,179284,0,0,0,0
1790616647.5537941,15,-60,-18,55,9740,13038,21941,14132,179316,179317,179313,179314,0,0,0,0
1790616647.6161761,13,-60,-19,64,10235,11392,21482,15765,179346,179347,179343,179344,0,0,0,0
1790616647.657332,21,-69,-18,58,10688,9797,21067,17387,179376,179377,179373,179374,0,0,0,0
1790616647.715862,12,-50,-16,45,11203,8308,20647,18875,179406,179407,179403,179404,0,0,0,0
1790616647.7738528,12,-43,-19,63,11641,7012,20158,20226,179436,179437,179433,179434,0,0,0,0
1790616647.833878,20,-51,-18,59,12072,5563,19626,21627,179466,179467,179463,179464,0,0,0,0
1790616647.873989,22,-112,-23,59,12723,3715,19104,23296,179496,179497,179493,179494,0,0,0,0
1790616647.933888,23,-94,-23,88,13481,1255,18486,25382,179526,179527,179523,179524,0,0,0,0
1790616647.993981,22,-84,-30,81,14111,31768,17726,27678,179556,179557,179553,179554,0,0,0,0
1790616648.053749,23,-79,-22,81,14668,29568,17121,30117,179586,179587,179583,179584,0,0,0,0
1790616648.09408,20,-51,-14,65,15862,25709,16106,1349,179646,179647,179643,179644,0,0,0,0
1790616648.156338,24,-25,-25,28,16455,24404,15609,2526,179676,179677,179673,179674,0,0,0,0
1790616648.2152221,14,-20,-22,21,17062,23822,15045,3053,179706,179707,179703,179704,0,0,0,0
1790616648.255191,7,-3,-21,-2,17373,23490,14559,3248,179736,179737,179733,179734,0,0,0,0
1790616648.3340428,-1,2,-5,0,17505,23438,14335,3232,179766,179767,179763,179764,0,0,0,0
1790616648.3937438,4,-5,-1,-3,17554,23422,14284,3181,179796,179797,179793,179794,0,0,0,0
1790616648.434133,8,-8,-11,4,17658,23294,14161,3238,179826,179827,179823,179824,0,0,0,0
1790616648.493991,14,-19,-15,14,17974,22981,13873,3486,179856,179857,179853,179854,0,0,0,0
1790616648.53427,22,-21,-23,23,18547,22387,13369,4068,179886,179887,179883,179884,0,0,0,0
1790616648.594479,25,-24,-26,28,19203,21760,12701,4725,179916,179917,179913,179914,0,0,0,0
1790616648.6344059,19,-29,-28,28,19824,21033,11957,5465,179946,179947,179943,179944,0,0,0,0
1790616648.6938019,23,-27,-19,23,20446,20395,11356,6066,179976,179977,179973,179974,0,0,0,0
1790616648.734764,15,-16,-15,17,20919,19898,10907,6591,180006,180007,180003,180004,0,0,0,0
1790616648.8157618,9,-9,-10,12,21429,19430,10433,7122,180066,180067,180063,180064,0,0,0,0
1790616648.8538601,10,-14,-11,12,21647,19142,10299,7407,180096,180097,180093,180094,0,0,0,0
1790616648.915395,13,-15,-14,16,21903,18751,10055,7742,180126,180127,180123,180124,0,0,0,0
1790616648.954775,14,-23,-28,19,22253,18281,9633,8157,180156,180157,180153,180154,0,0,0,0
1790616649.015834,20,-23,-14,23,22695,17747,9170,8731,180186,180187,180183,180184,0,0,0,0
1790616649.074933,4,-6,-8,8,23003,17427,8813,9084,180216,180217,180213,180214,0,0,0,0
1790616649.115576,-14,-6,-4,5,23196,17305,8632,9226,180246,180247,180243,180244,0,0,0,0
1790616649.17521,1,-2,-4,-1,23279,17236,8539,9305,180276,180277,180273,180274,0,0,0,0
1790616649.21549,1,1,-5,-4,23315,17202,8493,9342,180306,180307,180303,180304,0,0,0,0
1790616649.274975,-4,-11,0,-1,23317,17202,8488,9344,180336,180337,180333,180334,0,0,0,0
1790616649.315722,-4,-2,0,2,23299,17226,8511,9322,180366,180367,180363,180364,0,0,0,0
1790616649.374901,-2,-2,9,-3,23271,17256,8548,9291,180396,180397,180393,180394,0,0,0,0
1790616649.415156,0,3,-1,-4,23241,17282,8580,9262,180426,180427,180423,180424,0,0,0,0
1790616649.474863,-2,-4,6,0,23216,17304,8610,9235,180456,180457,180453,180454,0,0,0,0
1790616649.5152,-4,-3,-3,1,23199,17321,8631,9217,180486,180487,180483,180484,0,0,0,0
1790616649.574966,4,0,0,-5,23187,17331,8645,9205,180516,180517,180513,180514,0,0,0,0
1790616649.616267,1,2,1,-1,23179,17337,8654,9197,180546,180547,180543,180544,0,0,0,0
1790616649.6749911,0,1,5,0,23176,17341,8660,9192,180576,180577,180573,180574,0,0,0,0
1790616649.7358022,1,2,1,1,23173,17345,8663,9189,180606,180607,180603,180604,0,0,0,0
1790616649.795007,-5,-4,3,2,23167,17350,8669,9185,180636,180637,180633,180634,0,0,0,0
1790616649.835157,-6,-1,1,-5,23159,17357,8678,9178,180666,180667,180663,180664,0,0,0,0
1790616649.894901,-1,5,2,3,23147,17372,8696,9165,180726,180727,180723,180724,0,0,0,0
1790616649.9352288,-1,5,2,3,23147,17372,8696,9165,180726,180727,180723,180724,0,0,0,0
1790616649.994959,-1,1,0,-9,23143,17382,8706,9156,180786,180787,180783,180784,0,0,0,0
1790616650.0547469,-5,-3,6,3,23141,17386,8711,9154,180816,180817,180813,180814,0,0,0,0
1790616650.095111,2,-2,1,-2,23138,17391,8714,9152,180846,180847,180843,180844,0,0,0,0
1790616650.155267,-4,0,-4,-3,23131,17394,8720,9146,180876,180877,180873,180874,0,0,0,0
1790616650.195359,2,5,0,2,23128,17401,8727,9140,180906,180907,180903,180904,0,0,0,0
1790616650.2547479,-1,3,4,5,23121,17408,8734,9135,180936,180937,180933,180934,0,0,0,0
1790616650.295972,-2,4,1,4,23115,17412,8742,9128,180966,180967,180963,180964,0,0,0,0
1790616650.354804,0,-1,-6,5,23108,17418,8749,9121,180996,180997,180993,180994,0,0,0,0
1790616650.415667,4,0,0,4,23102,17423,8754,9117,181026,181027,181023,181024,0,0,0,0
1790616650.4559512,0,-1,-1,5,23097,17430,8761,9111,181056,181057,181053,181054,0,0,0,0
1790616650.5154119,0,5,-2,-2,23089,17437,8769,9105,181086,181087,181083,181084,0,0,0,0
1790616650.5775218,-3,5,-2,3,23079,17446,8779,9095,181116,181117,181113,181114,0,0,0,0
1790616650.634946,1,1,0,1,23067,17456,8791,9083,181146,181147,181143,181144,0,0,0,0
1790616650.675186,-6,2,-9,-2,23057,17465,8801,9073,181176,181177,181173,181174,0,0,0,0
1790616650.7354062,-3,6,5,-3,23046,17474,8814,9063,181206,181207,181203,181204,0,0,0,0
1790616650.79487,-2,-1,0,-5,23038,17484,8824,9054,181236,181237,181233,181234,0,0,0,0
1790616650.8352451,-1,3,4,1,23023,17491,8836,9042,181266,181267,181263,181264,0,0,0,0
1790616650.894764,0,2,9,0,23012,17507,8850,9031,181296,181297,181293,181294,0,0,0,0
1790616650.935238,2,2,3,1,22994,17520,8865,9014,181326,181327,181323,181324,0,0,0,0
1790616650.995105,6,3,-5,-3,22974,17551,8905,8996,181386,181387,181383,181384,0,0,0,0
1790616651.055764,-1,-6,-4,-3,22970,17546,8898,8989,181416,181417,181413,181414,0,0,0,0
1790616651.096025,0,4,2,-4,22956,17557,8908,8978,181446,181447,181443,181444,0,0,0,0
1790616651.155772,1,1,-2,-6,22937,17575,8925,8958,181476,181477,181473,181474,0,0,0,0
1790616651.216875,-1,0,-4,5,22909,17601,8951,8933,181506,181507,181503,181504,0,0,0,0
1790616651.256126,0,0,-1,0,22868,17636,8985,8895,181536,181537,181533,181534,0,0,0,0
1790616651.3157592,3,2,1,-2,22813,17685,9028,8844,181566,181567,181563,181564,0,0,0,0
1790616651.378678,-3,1,4,1,22743,17761,9086,8776,181596,181597,181593,181594,0,0,0,0
1790616651.416169,-9,3,9,-1,22662,17852,9158,8693,181626,181627,181623,181624,0,0,0,0
1790616651.478283,-2,-1,6,-1,22575,17952,9245,8605,181656,181657,181653,181654,0,0,0,0
1790616651.537419,2,1,7,-9,22490,18043,9315,8506,181686,181687,181683,181684,0,0,0,0
1790616651.5797162,1,-1,3,2,22438,18130,9388,8459,181716,181717,181713,181714,0,0,0,0
1790616651.6358788,0,0,4,1,22406,18197,9455,8428,181746,181747,181743,181744,0,0,0,0
1790616651.678499,-4,0,0,4,22382,18234,9489,8403,181776,181777,181773,181774,0,0,0,0
1790616651.736714,-3,-3,-3,-1,22374,18251,9503,8393,181806,181807,181803,181804,0,0,0,0
1790616651.796153,-1,0,3,1,22379,18254,9505,8399,181866,181867,181863,181864,0,0,0,0
1790616651.855801,-1,-1,4,2,22387,18252,9503,8405,181896,181897,181893,181894,0,0,0,0
1790616651.896254,-1,-3,0,-3,22392,18251,9499,8411,181926,181927,181923,181924,0,0,0,0
1790616651.955796,0,-4,2,-1,22395,18250,9498,8415,181956,181957,181953,181954,0,0,0,0
1790616652.01756,0,-1,-2,-5,22396,18253,9498,8416,181986,181987,181983,181984,0,0,0,0
1790616652.055903,0,-3,-2,0,22395,18257,9500,8414,182016,182017,182013,182014,0,0,0,0
1790616652.115644,-4,2,2,3,22399,18264,9502,8417,182046,182047,182043,182044,0,0,0,0
1790616652.1561449,-4,-4,1,3,22408,18306,9520,8435,182076,182077,182073,182074,0,0,0,0
1790616652.2174652,0,-3,1,0,22405,18308,9520,8427,182106,182107,182103,182104,0,0,0,0
1790616652.276151,-3,-2,2,2,22406,18310,9525,8429,182136,182137,182133,182134,0,0,0,0
1790616652.316475,-5,-4,-1,2,22411,18305,9520,8434,182166,182167,182163,182164,0,0,0,0
1790616652.378918,-1,1,0,-3,22415,18300,9515,8439,182196,182197,182193,182194,0,0,0,0
1790616652.436233,-2,3,-1,1,22416,18295,9512,8439,182226,182227,182223,182224,0,0,0,0
1790616652.495755,4,-8,-6,-1,22417,18292,9509,8440,182256,182257,182253,182254,0,0,0,0
1790616652.5364008,1,-1,-1,-1,22417,18295,9507,8438,182286,182287,182283,182284,0,0,0,0
1790616652.5960581,-2,0,-6,-4,22413,18299,9508,8434,182316,182317,182313,182314,0,0,0,0
1790616652.636396,3,5,0,-3,22410,18297,9505,8426,182346,182347,182343,182344,0,0,0,0
1790616652.6965718,-1,-15,2,-1,22453,18289,9489,8474,182406,182407,182403,182404,0,0,0,0
1790616652.756615,-9,0,-1,-2,22455,18296,9502,8483,182436,182437,182433,182434,0,0,0,0
1790616652.836162,3,6,-1,-2,22452,18301,9504,8476,182466,182467,182463,182464,0,0,0,0
1790616652.876399,-2,-1,-2,0,22445,18307,9511,8468,182496,182497,182493,182494,0,0,0,0
1790616652.935791,0,-1,-1,1,22443,18311,9514,8466,182526,182527,182523,182524,0,0,0,0
1790616652.976196,5,1,0,-2,22450,18310,9512,8469,182556,182557,182553,182554,0,0,0,0
1790616653.035808,0,7,-4,1,22452,18310,9511,8476,182586,182587,182583,182584,0,0,0,0
1790616653.095835,0,1,6,-1,22456,18313,9512,8477,182616,182617,182613,182614,0,0,0,0
1790616653.135909,1,3,7,4,22453,18315,9516,8477,182646,182647,182643,182644,0,0,0,0
1790616653.196216,4,-6,-2,1,22454,18318,9521,8477,182676,182677,182673,182674,0,0,0,0
1790616653.255699,-3,-2,-6,-2,22460,18319,9524,8484,182736,182737,182733,182734,0,0,0,0
1790616653.315858,5,2,1,0,22461,18301,9504,8481,182766,182767,182763,182764,0,0,0,0
1790616653.356252,0,5,2,0,22484,18289,9496,8511,182796,182797,182793,182794,0,0,0,0
1790616653.419092,-3,-4,-3,-1,22481,18299,9503,8506,182826,182827,182823,182824,0,0,0,0
1790616653.455934,-3,-1,2,-6,22461,18312,9519,8487,182856,182857,182853,182854,0,0,0,0
1790616653.515708,2,-5,-2,-5,22448,18322,9529,8472,182886,182887,182883,182884,0,0,0,0
1790616653.5559711,-3,-6,-5,-4,22443,18324,9531,8467,182916,182917,182913,182914,0,0,0,0
1790616653.617651,1,-2,2,-3,22444,18323,9532,8467,182946,182947,182943,182944,0,0,0,0
1790616653.678772,-3,3,-2,-4,22446,18322,9528,8465,182976,182977,182973,182974,0,0,0,0
1790616653.7158751,2,-7,-2,-3,22448,18319,9526,8471,183006,183007,183003,183004,0,0,0,0
1790616653.7759721,-2,-2,-3,-2,22451,18323,9525,8474,183036,183037,183033,183034,0,0,0,0
1790616653.816132,-2,-1,0,2,22451,18328,9528,8472,183066,183067,183063,183064,0,0,0,0
1790616653.875984,0,-4,1,3,22446,18336,9532,8468,183096,183097,183093,183094,0,0,0,0
1790616653.935789,1,1,1,4,22448,18343,9538,8468,183126,183127,183123,183124,0,0,0,0
1790616653.976056,0,-2,-4,4,22451,18347,9544,8471,183156,183157,183153,183154,0,0,0,0
1790616654.0365849,1,2,2,1,22451,18348,9549,8475,183186,183187,183183,183184,0,0,0,0
1790616654.09588,-1,1,-1,1,22456,18349,9550,8482,183216,183217,183213,183214,0,0,0,0
1790616654.1370618,5,1,4,-3,22461,18348,9553,8485,183246,183247,183243,183244,0,0,0,0
1790616654.195771,-4,-1,3,-1,22464,18351,9555,8492,183276,183277,183273,183274,0,0,0,0
1790616654.236177,-2,-2,1,5,22464,18356,9563,8495,183306,183307,183303,183304,0,0,0,0
1790616654.296297,2,-5,2,-2,22456,18360,9579,8496,183366,183367,183363,183364,0,0,0,0
1790616654.3557482,-3,1,3,0,22457,18356,9580,8499,183396,183397,183393,183394,0,0,0,0
1790616654.396131,-6,0,3,1,22459,18354,9577,8503,183426,183427,183423,183424,0,0,0,0
1790616654.456119,-1,1,-4,1,22459,18353,9577,8508,183456,183457,183453,183454,0,0,0,0
1790616654.516169,-4,-5,-1,-5,22460,18354,9579,8508,183486,183487,183483,183484,0,0,0,0
1790616654.556159,-4,-2,-1,-4,22460,18353,9581,8513,183516,183517,183513,183514,0,0,0,0
1790616654.618273,4,0,0,-2,22464,18354,9582,8520,183546,183547,183543,183544,0,0,0,0
1790616654.65747,-6,3,-5,-1,22464,18358,9582,8520,183576,183577,183573,183574,0,0,0,0
1790616654.716393,1,-3,-6,0,22467,18361,9590,8526,183606,183607,183603,183604,0,0,0,0
1790616654.756161,1,2,-1,-2,22468,18368,9596,8531,183636,183637,183633,183634,0,0,0,0
1790616654.8161228,-1,7,-5,-3,22485,18383,9621,8555,183666,183667,183663,183664,0,0,0,0
1790616654.875873,2,-1,-1,2,22466,18380,9629,8546,183696,183697,183693,183694,0,0,0,0
1790616654.915788,4,-1,-2,1,22468,18399,9657,8553,183726,183727,183723,183724,0,0,0,0
1790616654.977291,3,-1,-2,-3,22460,18412,9683,8561,183756,183757,183753,183754,0,0,0,0
1790616655.016875,12,8,2,2,22453,18422,9696,8556,183786,183787,183783,183784,0,0,0,0
1790616655.078235,2,0,1,3,22453,18430,9708,8559,183816,183817,183813,183814,0,0,0,0
1790616655.137148,-1,-1,-3,3,22455,18437,9719,8568,183846,183847,183843,183844,0,0,0,0
1790616655.195786,0,1,1,1,22455,18439,9728,8571,183876,183877,183873,183874,0,0,0,0
1790616655.238464,0,2,4,-1,22457,18444,9734,8578,183906,183907,183903,183904,0,0,0,0
1790616655.2963111,-2,4,2,-2,22460,18454,9752,8586,183966,183967,183963,183964,0,0,0,0
1790616655.3558788,-2,-2,-1,-1,22456,18461,9765,8587,183996,183997,183993,183994,0,0,0,0
1790616655.396478,1,2,6,4,22458,18476,9785,8595,184026,184027,184023,184024,0,0,0,0
1790616655.455901,2,0,-1,-3,22475,18490,9805,8614,184056,184057,184053,184054,0,0,0,0
1790616655.515687,-3,2,5,-2,22470,18487,9807,8613,184086,184087,184083,184084,0,0,0,0
1790616655.556747,2,-2,0,-2,22475,18489,9809,8613,184116,184117,184113,184114,0,0,0,0
1790616655.6158552,-3,-4,2,-2,22472,18492,9813,8614,184146,184147,184143,184144,0,0,0,0
1790616655.65742,-2,0,0,-2,22472,18494,9817,8613,184176,184177,184173,184174,0,0,0,0
1790616655.715862,-4,1,1,-3,22471,18495,9824,8615,184206,184207,184203,184204,0,0,0,0
1790616655.776148,-1,4,-1,1,22469,18498,9829,8614,184236,184237,184233,184234,0,0,0,0
1790616655.837564,-5,5,1,-1,22464,18501,9836,8612,184266,184267,184263,184264,0,0,0,0
1790616655.876734,-3,-4,-2,-1,22457,18502,9842,8607,184296,184297,184293,184294,0,0,0,0
1790616655.938378,0,-2,0,-2,22428,18515,9852,8574,184326,184327,184323,184324,0,0,0,0
1790616655.9782112,-2,-5,1,3,22430,18550,9905,8587,184356,184357,184353,184354,0,0,0,0
1790616656.0364192,-2,-5,1,0,22429,18559,9915,8587,184386,184387,184383,184384,0,0,0,0
1790616656.077505,-1,-5,-2,0,22427,18564,9923,8588,184416,184417,184413,184414,0,0,0,0
1790616656.1375208,4,1,-3,-3,22425,18562,9928,8589,184446,184447,184443,184444,0,0,0,0
1790616656.176697,2,-1,-1,-1,22423,18563,9928,8588,184476,184477,184473,184474,0,0,0,0
1790616656.238024,-28,-37,-36,-34,21974,17947,9568,8178,184506,184507,184503,184504,0,0,0,0
1790616656.296895,-27,-31,-38,-33,21098,17078,8581,7268,184536,184537,184533,184534,0,0,0,0
1790616656.338954,-35,-28,-37,-39,20246,16332,7748,6352,184566,184567,184563,184564,0,0,0,0
1790616656.3972359,-35,-38,-34,-29,18437,14659,5869,4461,184626,184627,184623,184624,0,0,0,0
1790616656.456846,-30,-38,-41,-38,17414,13676,4927,3467,184656,184657,184653,184654,0,0,0,0
1790616656.516704,-32,-35,-40,-33,16464,12656,3871,2488,184686,184687,184683,184684,0,0,0,0
1790616656.557549,-39,-36,-40,-46,15470,11534,2851,1563,184716,184717,184713,184714,0,0,0,0
1790616656.6166599,-44,-37,-35,-54,14379,10509,1811,479,184746,184747,184743,184744,0,0,0,0
1790616656.6768389,-45,-42,-32,-36,13343,9379,810,32229,184776,184777,184773,184774,0,0,0,0
1790616656.7171688,-44,-42,-36,-35,12231,8324,32536,31216,184806,184807,184803,184804,0,0,0,0
1790616656.77732,-47,-40,-30,-37,11140,7303,31389,30197,184836,184837,184833,184834,0,0,0,0
1790616656.8380659,-42,-41,-43,-33,10074,6269,30357,29099,184866,184867,184863,184864,0,0,0,0
1790616656.89672,-33,-57,-36,-34,7933,4144,28206,26841,184926,184927,184923,184924,0,0,0,0
1790616656.9566631,-31,-31,-45,-40,6908,2998,26998,25870,184956,184957,184953,184954,0,0,0,0
1790616656.998015,-31,-37,-37,-44,5786,2035,25996,24659,184986,184987,184983,184984,0,0,0,0
1790616657.056853,-37,-39,-46,-47,4729,856,24819,23624,185016,185017,185013,185014,0,0,0,0
1790616657.117277,-48,-35,-35,-43,3678,32583,23795,22594,185046,185047,185043,185044,0,0,0,0
1790616657.1568708,-36,-50,-44,-40,2525,31481,22711,21508,185076,185077,185073,185074,0,0,0,0
1790616657.21679,-51,-37,-34,-40,1442,30382,21658,20442,185106,185107,185103,185104,0,0,0,0
1790616657.297277,-32,-40,-30,-34,339,29371,20754,19422,185136,185137,185133,185134,0,0,0,0
1790616657.356661,-40,-41,-31,-31,31313,27451,18760,17518,185196,185197,185193,185194,0,0,0,0
1790616657.396961,-22,-26,-33,-44,30421,26628,17794,16564,185226,185227,185223,185224,0,0,0,0
1790616657.456938,-21,-31,-28,-27,29769,25876,17002,15725,185256,185257,185253,185254,0,0,0,0
1790616657.5168378,-28,-28,-27,-18,29068,25136,16247,14991,185286,185287,185283,185284,0,0,0,0
1790616657.556921,-25,-19,-25,-29,28338,24432,15607,14363,185316,185317,185313,185314,0,0,0,0
1790616657.6166852,-21,-26,-25,-28,27674,23859,15042,13699,185346,185347,185343,185344,0,0,0,0
1790616657.6569011,-17,-26,-14,-20,27115,23305,14543,13098,185376,185377,185373,185374,0,0,0,0
1790616657.716775,-15,-20,-20,-14,26617,22712,13995,12626,185406,185407,185403,185404,0,0,0,0
1790616657.7769222,-17,-9,-18,-11,26157,22178,13452,12251,185436,185437,185433,185434,0,0,0,0
1790616657.8373098,-13,-13,-14,-18,25807,21821,12970,11887,185466,185467,185463,185464,0,0,0,0
1790616657.8768482,-10,-15,-7,-23,25416,21433,12625,11518,185496,185497,185493,185494,0,0,0,0
1790616657.9371378,-16,-12,-7,-20,24837,21055,12289,11017,185526,185527,185523,185524,0,0,0,0
1790616657.9780412,-16,-11,-7,-10,24511,20850,12127,10667,185556,185557,185553,185554,0,0,0,0
1790616658.037178,-12,-15,-9,-8,24215,20557,11874,10381,185586,185587,185583,185584,0,0,0,0
1790616658.07692,-9,-8,-16,-9,23968,20173,11572,10170,185616,185617,185613,185614,0,0,0,0
1790616658.137224,1,-9,-6,1,23855,19887,11257,10029,185646,185647,185643,185644,0,0,0,0
1790616658.200959,-6,-13,-13,-1,23808,19657,10916,9921,185676,185677,185673,185674,0,0,0,0
1790616658.236971,-3,-6,-14,-6,23665,19387,10587,9752,185706,185707,185703,185704,0,0,0,0
1790616658.2967858,-8,-2,-2,-9,23252,19036,10291,9341,185766,185767,185763,185764,0,0,0,0
1790616658.3567371,-16,-4,-3,-9,22897,18901,10249,9108,185796,185797,185793,185794,0,0,0,0
1790616658.3970208,-10,-4,-4,-9,22480,18771,10214,8817,185826,185827,185823,185824,0,0,0,0
1790616658.456654,-3,-2,-6,-9,22213,18666,10134,8495,185856,185857,185853,185854,0,0,0,0
1790616658.5011892,-4,-6,-10,-4,22072,18561,9976,8225,185886,185887,185883,185884,0,0,0,0
1790616658.556875,-3,-2,-7,-2,22098,18497,9739,8137,185916,185917,185913,185914,0,0,0,0
1790616658.616755,1,-2,-4,3,22165,18411,9599,8184,185946,185947,185943,185944,0,0,0,0
1790616658.676651,3,2,-4,1,22211,18369,9543,8229,185976,185977,185973,185974,0,0,0,0
1790616658.7167842,-5,-2,4,3,22217,18363,9534,8237,186006,186007,186003,186004,0,0,0,0
1790616658.777825,0,5,-3,-2,22202,18382,9550,8220,186036,186037,186033,186034,0,0,0,0
1790616658.8366752,2,0,4,0,22182,18407,9578,8196,186066,186067,186063,186064,0,0,0,0
1790616658.896767,-4,3,-2,-3,22163,18428,9602,8177,186096,186097,186093,186094,0,0,0,0
1790616658.9382951,4,-1,-4,10,22153,18440,9618,8168,186126,186127,186123,186124,0,0,0,0
1790616658.9979498,3,2,-2,1,22146,18438,9618,8158,186156,186157,186153,186154,0,0,0,0
1790616659.039465,0,-1,-3,2,22151,18434,9615,8164,186186,186187,186183,186184,0,0,0,0
1790616659.0987341,2,-4,-1,5,22158,18433,9610,8170,186246,186247,186243,186244,0,0,0,0
1790616659.156938,2,-6,-3,-2,22154,18435,9613,8165,186276,186277,186273,186274,0,0,0,0
1790616659.199285,-3,3,2,-4,22151,18439,9617,8162,186306,186307,186303,186304,0,0,0,0
1790616659.256929,-3,1,0,-3,22148,18442,9621,8159,186336,186337,186333,186334,0,0,0,0
1790616659.317826,0,0,-3,0,22148,18443,9624,8160,186366,186367,186363,186364,0,0,0,0
1790616659.3570938,2,4,-1,-10,22138,18452,9627,8145,186396,186397,186393,186394,0,0,0,0
1790616659.41676,-1,2,-2,1,22121,18494,9676,8131,186426,186427,186423,186424,0,0,0,0
1790616659.457112,4,-2,1,5,22107,18499,9679,8114,186456,186457,186453,186454,0,0,0,0
1790616659.5167181,-1,0,-2,-1,22102,18498,9683,8113,186486,186487,186483,186484,0,0,0,0
1790616659.576868,0,1,6,4,22106,18497,9680,8115,186516,186517,186513,186514,0,0,0,0
1790616659.638356,-7,1,-2,5,22111,18494,9675,8118,186546,186547,186543,186544,0,0,0,0
1790616659.677103,-3,-2,-5,0,22113,18492,9675,8120,186576,186577,186573,186574,0,0,0,0
1790616659.739742,0,-5,0,2,22114,18491,9675,8122,186606,186607,186603,186604,0,0,0,0
1790616659.7991989,-1,0,-2,4,22117,18493,9677,8124,186666,186667,186663,186664,0,0,0,0
1790616659.8567522,2,4,6,3,22121,18491,9675,8127,186696,186697,186693,186694,0,0,0,0
1790616659.916695,7,-13,-4,10,22221,18347,9613,8200,186726,186727,186723,186724,0,0,0,0
1790616659.956815,60,-46,-33,28,23043,17362,9147,8738,186756,186757,186753,186754,0,0,0,0
1790616660.0168252,71,-65,-48,80,25112,15441,7841,10014,186786,186787,186783,186784,0,0,0,0
1790616660.0576441,63,-59,-82,71,26738,13843,6067,12036,186816,186817,186813,186814,0,0,0,0
1790616660.116653,82,-84,-82,68,28700,11912,4032,14016,186846,186847,186843,186844,0,0,0,0
1790616660.176723,85,-77,-78,70,30704,9888,1999,16231,186876,186877,186873,186874,0,0,0,0
1790616660.216888,60,-65,-64,68,32727,7942,32705,18368,186906,186907,186903,186904,0,0,0,0
1790616660.276705,62,-69,-66,67,1860,6207,30800,20096,186936,186937,186933,186934,0,0,0,0
1790616660.3168268,53,-38,-49,46,3370,4670,29233,21689,186966,186967,186963,186964,0,0,0,0
1790616660.376711,36,-36,-44,47,4659,3333,27990,22985,186996,186997,186993,186994,0,0,0,0
1790616660.416857,41,-42,-40,42,5889,2196,26741,24194,187026,187027,187023,187024,0,0,0,0
1790616660.4767659,46,-50,-48,43,7161,858,25526,25605,187056,187057,187053,187054,0,0,0,0
1790616660.517494,66,-57,-53,60,8663,32221,24042,26970,187086,187087,187083,187084,0,0,0,0
1790616660.576761,57,-58,-71,72,10270,30579,22401,28651,187116,187117,187113,187114,0,0,0,0
1790616660.638921,68,-60,-67,59,11971,28861,20723,30417,187146,187147,187143,187144,0,0,0,0
1790616660.676867,52,-65,-68,73,13902,27049,18928,32273,187176,187177,187173,187174,0,0,0,0
1790616660.739136,72,-60,-53,66,15646,25430,17132,1244,187206,187207,187203,187204,0,0,0,0
1790616660.796685,49,-60,-66,50,17277,23777,15512,2988,187236,187237,187233,187234,0,0,0,0
1790616660.8369741,49,-50,-32,45,18781,22263,14001,4491,187266,187267,187263,187264,0,0,0,0
1790616660.896799,53,-51,-58,54,21620,19416,11126,7325,187326,187327,187323,187324,0,0,0,0
1790616660.936846,53,-69,-60,69,23157,17910,9689,8882,187356,187357,187353,187354,0,0,0,0
1790616660.997744,60,-55,-57,53,24670,16399,8134,10396,187386,187387,187383,187384,0,0,0,0
1790616661.0568151,67,-56,-62,65,26305,14813,6493,12133,187416,187417,187413,187414,0,0,0,0
1790616661.116729,51,-69,-61,60,27977,13040,4776,13825,187446,187447,187443,187444,0,0,0,0
1790616661.157129,58,-52,-58,62,29630,11402,3125,15477,187476,187477,187473,187474,0,0,0,0
1790616661.21728,58,-62,-60,60,31253,9803,1510,17167,187506,187507,187503,187504,0,0,0,0
1790616661.257432,47,-55,-51,57,32766,8223,32717,18706,187536,187537,187533,187534,0,0,0,0
1790616661.318014,60,-48,-56,72,1650,6807,31197,20238,187566,187567,187563,187564,0,0,0,0
1790616661.3766441,62,-52,-63,55,3066,5255,29638,21748,187596,187597,187593,187594,0,0,0,0
1790616661.417279,42,-68,-53,43,4566,3825,28241,23227,187626,187627,187623,187624,0,0,0,0
1790616661.476823,55,-46,-49,61,6035,2373,26726,24709,187656,187657,187653,187654,0,0,0,0
1790616661.536747,55,-53,-61,55,7492,903,25315,26246,187686,187687,187683,187684,0,0,0,0
1790616661.597253,42,-33,-44,41,9975,31247,22754,28699,187746,187747,187743,187744,0,0,0,0
1790616661.6392908,42,-33,-44,41,9975,31247,22754,28699,187746,187747,187743,187744,0,0,0,0
1790616661.696752,21,-15,-15,18,11438,29916,21271,30220,187806,187807,187803,187804,0,0,0,0
1790616661.736931,12,-18,-10,15,11833,29411,20867,30604,187836,187837,187833,187834,0,0,0,0
1790616661.818298,16,-13,-17,13,12226,29039,20475,30987,187866,187867,187863,187864,0,0,0,0
1790616661.877662,19,-21,-21,20,12711,28561,19980,31406,187896,187897,187893,187894,0,0,0,0
1790616661.9368188,26,-20,-18,27,13325,27972,19448,32011,187926,187927,187923,187924,0,0,0,0
1790616661.976819,22,-28,-23,15,13956,27346,18846,32647,187956,187957,187953,187954,0,0,0,0
1790616662.0366561,19,-15,-25,20,14545,26763,18240,527,187986,187987,187983,187984,0,0,0,0
1790616662.076819,19,-11,-16,17,15071,26295,17651,1071,188016,188017,188013,188014,0,0,0,0
1790616662.136909,15,-9,-12,12,15463,25901,17273,1494,188046,188047,188043,188044,0,0,0,0
1790616662.196832,8,-8,-7,7,15795,25622,16985,1840,188076,188077,188073,188074,0,0,0,0
1790616662.237916,1,-12,-8,11,16023,25405,16756,2049,188106,188107,188103,188104,0,0,0,0
1790616662.297039,-4,-10,-3,1,16259,25119,16499,2269,188166,188167,188163,188164,0,0,0,0
1790616662.356662,9,-5,-2,3,16328,25025,16423,2335,188196,188197,188193,188194,0,0,0,0
1790616662.41694,-5,-8,1,0,16382,24953,16368,2388,188226,188227,188223,188224,0,0,0,0
1790616662.456774,1,-3,-1,-1,16421,24901,16329,2426,188256,188257,188253,188254,0,0,0,0
1790616662.5169868,0,2,-5,2,16451,24861,16300,2458,188286,188287,188283,188284,0,0,0,0
1790616662.557486,3,-3,-1,-13,16476,24829,16276,2483,188316,188317,188313,188314,0,0,0,0
1790616662.617833,-1,-1,1,-2,16500,24803,16255,2508,188346,188347,188343,188344,0,0,0,0
1790616662.6627378,2,-2,1,0,16522,24776,16234,2529,188376,188377,188373,188374,0,0,0,0
1790616662.7179031,2,-5,-7,-2,16545,24746,16213,2552,188406,188407,188403,188404,0,0,0,0
1790616662.777675,-2,-1,-3,-1,16573,24716,16190,2580,188436,188437,188433,188434,0,0,0,0
1790616662.817145,5,-6,-4,1,16608,24680,16162,2613,188466,188467,188463,188464,0,0,0,0
1790616662.877651,1,-3,-5,-1,16640,24632,16123,2643,188496,188497,188493,188494,0,0,0,0
1790616662.9387362,1,-7,1,0,16696,24613,16129,2709,188526,188527,188523,188524,0,0,0,0
1790616662.998661,0,1,-2,1,16739,24583,16102,2749,188556,188557,188553,188554,0,0,0,0
1790616663.038954,4,1,2,-2,16771,24563,16086,2783,188586,188587,188583,188584,0,0,0,0
1790616663.098685,1,3,3,1,16786,24545,16072,2800,188616,188617,188613,188614,0,0,0,0
1790616663.137768,5,1,-2,-8,16796,24538,16066,2812,188646,188647,188643,188644,0,0,0,0
1790616663.198362,-3,0,-3,5,16800,24532,16066,2820,188706,188707,188703,188704,0,0,0,0
1790616663.237642,-3,0,-3,5,16800,24532,16066,2820,188706,188707,188703,188704,0,0,0,0
1790616663.2981288,-5,-5,-2,-1,16800,24533,16067,2820,188766,188767,188763,188764,0,0,0,0
1790616663.3606038,-4,-3,2,1,16800,24533,16068,2820,188796,188797,188793,188794,0,0,0,0
1790616663.398133,-2,0,3,-1,16802,24533,16067,2821,188826,188827,188823,188824,0,0,0,0
1790616663.4621,0,-3,-13,-1,16805,24532,16066,2825,188856,188857,188853,188854,0,0,0,0
1790616663.498592,2,1,0,-4,16809,24530,16065,2828,188886,188887,188883,188884,0,0,0,0
1790616663.563335,-1,1,-3,-4,16813,24528,16067,2835,188916,188917,188913,188914,0,0,0,0
1790616663.618426,1,-5,1,0,16819,24529,16069,2842,188946,188947,188943,188944,0,0,0,0
1790616663.661155,-1,-2,6,-1,16824,24530,16071,2849,188976,188977,188973,188974,0,0,0,0
1790616663.71764,-2,-2,2,-1,16831,24528,16072,2857,189006,189007,189003,189004,0,0,0,0
1790616663.777803,-2,4,-4,0,16839,24524,16069,2866,189036,189037,189033,189034,0,0,0,0
1790616663.818016,-1,-2,-4,-3,16846,24520,16070,2876,189066,189067,189063,189064,0,0,0,0
1790616663.877921,0,5,-2,-1,16854,24516,16066,2885,189096,189097,189093,189094,0,0,0,0
1790616663.937696,-1,-4,1,7,16903,24508,16097,2958,189126,189127,189123,189124,0,0,0,0
1790616663.9779,0,1,-4,2,16946,24475,16073,3002,189156,189157,189153,189154,0,0,0,0
1790616664.062309,-2,0,-1,-2,16978,24451,16045,3034,189216,189217,189213,189214,0,0,0,0
1790616664.117774,-2,4,2,2,16972,24456,16050,3027,189246,189247,189243,189244,0,0,0,0
1790616664.162772,-4,1,0,-7,16964,24464,16059,3019,189276,189277,189273,189274,0,0,0,0
1790616664.218187,0,0,-5,-1,16965,24465,16061,3019,189306,189307,189303,189304,0,0,0,0
1790616664.2779,-2,-1,6,1,16970,24460,16057,3025,189336,189337,189333,189334,0,0,0,0
1790616664.337684,-1,-5,8,1,16971,24458,16056,3027,189366,189367,189363,189364,0,0,0,0
1790616664.378284,-5,-2,-2,5,16969,24459,16057,3025,189396,189397,189393,189394,0,0,0,0
1790616664.43763,3,3,-1,-8,16968,24462,16055,3017,189426,189427,189423,189424,0,0,0,0
1790616664.4822772,0,3,-3,1,16984,24470,16085,3051,189456,189457,189453,189454,0,0,0,0
1790616664.5376241,-2,3,1,-1,16999,24472,16090,3066,189486,189487,189483,189484,0,0,0,0
1790616664.598191,-2,-2,4,3,17010,24460,16078,3076,189516,189517,189513,189514,0,0,0,0
1790616664.6377652,0,-3,-1,2,17017,24453,16070,3082,189546,189547,189543,189544,0,0,0,0
1790616664.6976588,0,-4,4,3,17018,24454,16069,3083,189576,189577,189573,189574,0,0,0,0
1790616664.7377632,-4,0,1,-1,17014,24456,16073,3081,189606,189607,189603,189604,0,0,0,0
1790616664.797729,6,0,-1,-4,17017,24456,16074,3080,189666,189667,189663,189664,0,0,0,0
1790616664.8639832,-1,1,2,2,17020,24454,16069,3085,189696,189697,189693,189694,0,0,0,0
1790616664.898419,-1,6,-2,-1,17021,24455,16070,3085,189726,189727,189723,189724,0,0,0,0
1790616664.959628,-2,-4,4,4,17019,24458,16072,3085,189756,189757,189753,189754,0,0,0,0
1790616665.017848,4,-1,1,2,17018,24459,16074,3085,189786,189787,189783,189784,0,0,0,0
1790616665.077858,2,2,5,0,17024,24460,16085,3096,189816,189817,189813,189814,0,0,0,0
1790616665.117881,-5,-2,-8,3,17030,24458,16091,3104,189846,189847,189843,189844,0,0,0,0
1790616665.17782,1,-1,8,2,17034,24454,16089,3110,189876,189877,189873,189874,0,0,0,0
1790616665.2183418,0,-4,3,-1,17036,24454,16089,3112,189906,189907,189903,189904,0,0,0,0
1790616665.297843,1,0,2,3,17036,24456,16090,3111,189936,189937,189933,189934,0,0,0,0
1790616665.337974,-3,0,-3,2,17038,24453,16088,3115,189996,189997,189993,189994,0,0,0,0
1790616665.397761,0,2,6,1,17041,24454,16088,3118,190026,190027,190023,190024,0,0,0,0
1790616665.459533,3,-1,2,0,17043,24456,16090,3120,190056,190057,190053,190054,0,0,0,0
1790616665.517675,1,0,5,2,17045,24456,16089,3120,190086,190087,190083,190084,0,0,0,0
1790616665.562048,1,-3,3,4,17052,24439,16071,3124,190116,190117,190113,190114,0,0,0,0
1790616665.6178298,-1,2,0,2,17077,24435,16070,3153,190146,190147,190143,190144,0,0,0,0
1790616665.658192,0,1,3,1,17073,24442,16078,3151,190176,190177,190173,190174,0,0,0,0
1790616665.718108,0,-2,-4,7,17064,24454,16092,3144,190206,190207,190203,190204,0,0,0,0
1790616665.7780008,2,-3,0,-2,17059,24460,16101,3140,190236,190237,190233,190234,0,0,0,0
1790616665.837614,-5,0,-4,-1,17062,24456,16100,3142,190266,190267,190263,190264,0,0,0,0
1790616665.878321,1,-1,2,2,17067,24450,16095,3148,190296,190297,190293,190294,0,0,0,0
1790616665.937856,-5,3,1,2,17067,24447,16092,3150,190326,190327,190323,190324,0,0,0,0
1790616665.9780421,3,-3,-2,1,17065,24447,16092,3145,190356,190357,190353,190354,0,0,0,0
1790616666.037932,-1,0,-7,-2,17062,24448,16094,3142,190386,190387,190383,190384,0,0,0,0
1790616666.097569,2,-1,-6,1,17062,24446,16092,3143,190416,190417,190413,190414,0,0,0,0
1790616666.139057,6,-5,-4,-1,17063,24445,16090,3144,190446,190447,190443,190444,0,0,0,0
1790616666.197473,-1,1,-4,2,17075,24425,16070,3153,190506,190507,190503,190504,0,0,0,0
1790616666.2967958,2,1,3,-2,17088,24430,16071,3168,190536,190537,190533,190534,0,0,0,0
1790616666.337985,-7,0,0,-3,17074,24445,16083,3153,190566,190567,190563,190564,0,0,0,0
1790616666.377986,-2,-1,-1,0,17062,24459,16098,3142,190596,190597,190593,190594,0,0,0,0
1790616666.437919,-2,1,1,0,17062,24462,16101,3140,190626,190627,190623,190624,0,0,0,0
1790616666.4975722,-1,-1,0,0,17078,24453,16091,3156,190686,190687,190683,190684,0,0,0,0
1790616666.537972,0,0,-2,-4,17081,24457,16093,3158,190716,190717,190713,190714,0,0,0,0
1790616666.597592,-1,0,-3,0,17077,24463,16099,3156,190746,190747,190743,190744,0,0,0,0
1790616666.658179,-4,-3,-2,9,17074,24466,16103,3153,190776,190777,190773,190774,0,0,0,0
1790616666.717802,-2,-5,8,1,17076,24468,16106,3154,190806,190807,190803,190804,0,0,0,0
1790616666.778185,0,-3,1,3,17079,24466,16107,3157,190836,190837,190833,190834,0,0,0,0
1790616666.8377972,-3,-4,2,-5,17082,24466,16108,3162,190866,190867,190863,190864,0,0,0,0
1790616666.8780951,-2,0,-3,-2,17084,24465,16111,3165,190896,190897,190893,190894,0,0,0,0
1790616666.937834,-2,-5,0,1,17084,24467,16115,3166,190926,190927,190923,190924,0,0,0,0
1790616666.97809,-1,-3,-2,-3,17083,24467,16118,3167,190956,190957,190953,190954,0,0,0,0
1790616667.0379012,0,0,-2,-6,17084,24465,16119,3167,190986,190987,190983,190984,0,0,0,0
1790616667.078088,-3,-2,3,-2,17085,24465,16120,3169,191016,191017,191013,191014,0,0,0,0
1790616667.13824,-4,-1,0,-4,17085,24463,16121,3171,191046,191047,191043,191044,0,0,0,0
1790616667.198399,0,-8,-7,-3,17084,24460,16120,3171,191106,191107,191103,191104,0,0,0,0
1790616667.238647,0,-8,-7,-3,17084,24460,16120,3171,191106,191107,191103,191104,0,0,0,0
1790616667.29834,6,-1,-1,4,17081,24462,16119,3169,191166,191167,191163,191164,0,0,0,0
1790616667.357514,0,2,2,-1,17084,24461,16118,3170,191196,191197,191193,191194,0,0,0,0
1790616667.397772,3,3,-8,1,17087,24462,16118,3174,191226,191227,191223,191224,0,0,0,0
1790616667.460256,0,4,1,1,17091,24461,16116,3179,191256,191257,191253,191254,0,0,0,0
1790616667.4979022,-1,5,-1,1,17095,24464,16115,3181,191286,191287,191283,191284,0,0,0,0
1790616667.557662,0,-1,6,0,17097,24469,16119,3183,191316,191317,191313,191314,0,0,0,0
1790616667.622373,-1,2,-2,3,17099,24473,16124,3187,191346,191347,191343,191344,0,0,0,0
1790616667.659001,2,-7,-1,0,17102,24474,16128,3190,191376,191377,191373,191374,0,0,0,0
1790616667.722406,2,0,3,3,17117,24485,16140,3205,191406,191407,191403,191404,0,0,0,0
1790616667.762451,0,4,3,-1,17111,24479,16139,3202,191436,191437,191433,191434,0,0,0,0
1790616667.822287,-1,-1,-3,3,17111,24493,16148,3201,191466,191467,191463,191464,0,0,0,0
1790616667.857743,1,3,0,-1,17109,24496,16157,3200,191496,191497,191493,191494,0,0,0,0
1790616667.923131,-1,-1,1,-1,17112,24497,16157,3204,191526,191527,191523,191524,0,0,0,0
1790616667.977952,-5,-2,0,-5,17118,24493,16154,3209,191556,191557,191553,191554,0,0,0,0
1790616668.019039,0,5,-1,-2,17123,24494,16153,3213,191586,191587,191583,191584,0,0,0,0
1790616668.0776398,-4,2,5,-3,17123,24496,16155,3213,191616,191617,191613,191614,0,0,0,0
1790616668.1247602,3,-1,-3,1,17121,24496,16158,3214,191646,191647,191643,191644,0,0,0,0
1790616668.177566,0,1,-6,2,17123,24496,16159,3215,191676,191677,191673,191674,0,0,0,0
1790616668.224937,0,-4,-2,1,17124,24494,16161,3217,191706,191707,191703,191704,0,0,0,0
1790616668.277534,2,-2,-1,2,17124,24492,16158,3217,191736,191737,191733,191734,0,0,0,0
1790616668.337746,0,-1,-1,0,17137,24507,16167,3226,191766,191767,191763,191764,0,0,0,0
1790616668.3778,-2,-5,-5,-2,17142,24504,16169,3227,191796,191797,191793,191794,0,0,0,0
1790616668.437711,-4,-7,-1,1,17138,24495,16162,3226,191826,191827,191823,191824,0,0,0,0
1790616668.50451,-3,0,-1,-2,17138,24494,16161,3225,191886,191887,191883,191884,0,0,0,0
1790616668.5618281,1,17,-6,-2,17136,24495,16163,3223,191916,191917,191913,191914,0,0,0,0
1790616668.619134,-4,-5,-5,0,17134,24497,16164,3222,191946,191947,191943,191944,0,0,0,0
1790616668.658556,-8,-5,-3,-1,17134,24494,16162,3221,191976,191977,191973,191974,0,0,0,0
1790616668.7186298,1,8,-2,-7,17133,24494,16161,3220,192006,192007,192003,192004,0,0,0,0
1790616668.758008,-2,1,-4,-2,17121,24499,16157,3205,192036,192037,192033,192034,0,0,0,0
1790616668.81862,-2,4,-4,-3,17095,24525,16176,3183,192066,192067,192063,192064,0,0,0,0
1790616668.877752,1,5,-13,-3,17111,24538,16206,3202,192096,192097,192093,192094,0,0,0,0
1790616668.918236,-5,1,-6,3,17129,24536,16197,3212,192126,192127,192123,192124,0,0,0,0
1790616668.9779341,-1,4,2,5,17136,24530,16189,3222,192156,192157,192153,192154,0,0,0,0
1790616669.039435,2,-3,4,-5,17136,24532,16190,3222,192186,192187,192183,192184,0,0,0,0
1790616669.097673,4,4,1,0,17134,24539,16195,3219,192216,192217,192213,192214,0,0,0,0
1790616669.1376388,35,59,31,33,17497,25135,16425,3453,192246,192247,192243,192244,0,0,0,0
1790616669.197699,25,31,26,28,19661,27160,18659,5633,192306,192307,192303,192304,0,0,0,0
1790616669.257709,42,30,35,38,20585,28032,19580,6626,192336,192337,192333,192334,0,0,0,0
1790616669.3177118,44,32,39,36,21595,29018,20621,7629,192366,192367,192363,192364,0,0,0,0
1790616669.357781,37,37,38,41,22561,30007,21632,8703,192396,192397,192393,192394,0,0,0,0
1790616669.4178188,38,41,44,42,23632,31033,22658,9628,192426,192427,192423,192424,0,0,0,0
1790616669.457967,46,53,43,37,24727,32143,23701,10618,192456,192457,192453,192454,0,0,0,0
1790616669.518216,35,45,42,29,25751,345,24724,11636,192486,192487,192483,192484,0,0,0,0
1790616669.577676,40,48,38,29,26894,1444,25921,12656,192516,192517,192513,192514,0,0,0,0
1790616669.623369,38,33,42,35,27925,2472,26899,13800,192546,192547,192543,192544,0,0,0,0
1790616669.6777549,38,33,35,33,28966,3473,28091,14920,192576,192577,192573,192574,0,0,0,0
1790616669.737705,34,27,31,39,29994,4561,29103,15980,192606,192607,192603,192604,0,0,0,0
1790616669.7777312,46,40,39,37,31014,5569,30299,17131,192636,192637,192633,192634,0,0,0,0
1790616669.837743,39,37,32,44,32188,6638,31378,18164,192666,192667,192663,192664,0,0,0,0
1790616669.897686,44,46,42,40,469,7716,32468,19230,192696,192697,192693,192694,0,0,0,0
1790616669.937872,44,38,34,43,1748,8822,797,20329,192726,192727,192723,192724,0,0,0,0
1790616669.9975538,43,51,42,38,2788,9964,1793,21331,192756,192757,192753,192754,0,0,0,0
1790616670.038024,45,42,40,40,3962,11061,2918,22421,192786,192787,192783,192784,0,0,0,0
1790616670.097632,45,44,44,37,4984,12153,3966,23442,192816,192817,192813,192814,0,0,0,0
1790616670.138425,29,30,47,36,6000,13194,5113,24516,192846,192847,192843,192844,0,0,0,0
1790616670.197599,31,34,38,35,7910,15027,7254,26662,192906,192907,192903,192904,0,0,0,0
1790616670.2378528,32,23,29,39,8716,15796,8186,27640,192936,192937,192933,192934,0,0,0,0
1790616670.297673,22,27,23,31,9401,16515,8992,28380,192966,192967,192963,192964,0,0,0,0
1790616670.357455,39,26,35,23,10342,17376,9783,29182,192996,192997,192993,192994,0,0,0,0
1790616670.417575,27,34,17,21,11152,18227,10385,29864,193026,193027,193023,193024,0,0,0,0
1790616670.457696,21,22,14,15,11772,18856,10911,30375,193056,193057,193053,193054,0,0,0,0
1790616670.517718,20,22,18,20,12496,19566,11502,30920,193086,193087,193083,193084,0,0,0,0
1790616670.558433,21,20,13,13,13041,20040,12002,31378,193116,193117,193113,193114,0,0,0,0
1790616670.617619,13,8,12,14,13475,20409,12429,31808,193146,193147,193143,193144,0,0,0,0
1790616670.657826,11,10,14,19,13818,20778,12865,32388,193176,193177,193173,193174,0,0,0,0
1790616670.718192,8,10,21,11,14030,21049,13386,32,193206,193207,193203,193204,0,0,0,0
1790616670.797944,7,12,9,15,14452,21672,14146,709,193266,193267,193263,193264,0,0,0,0
1790616670.857621,7,7,4,7,14824,22013,14374,873,193296,193297,193293,193294,0,0,0,0
1790616670.918539,12,7,7,5,15193,22345,14516,982,193326,193327,193323,193324,0,0,0,0
1790616670.957788,10,8,5,1,15510,22628,14631,1083,193356,193357,193353,193354,0,0,0,0
1790616671.017546,9,5,7,11,15818,22870,14778,1265,193386,193387,193383,193384,0,0,0,0
1790616671.057725,6,3,6,12,16043,23033,14984,1571,193416,193417,193413,193414,0,0,0,0
1790616671.117634,5,5,7,11,16183,23134,15206,1927,193446,193447,193443,193444,0,0,0,0
1790616671.15793,8,2,11,9,16296,23235,15492,2217,193476,193477,193473,193474,0,0,0,0
1790616671.218,5,4,12,5,16405,23365,15787,2453,193506,193507,193503,193504,0,0,0,0
1790616671.2819788,-1,-1,3,2,16527,23502,16059,2672,193536,193537,193533,193534,0,0,0,0
1790616671.318144,1,4,5,1,16519,23544,16138,2695,193566,193567,193563,193564,0,0,0,0
1790616671.382868,-2,1,7,-1,16493,23575,16185,2678,193596,193597,193593,193594,0,0,0,0
1790616671.437719,-2,2,3,1,16467,23605,16218,2654,193626,193627,193623,193624,0,0,0,0
1790616671.4812968,-2,-2,-12,-2,16449,23628,16247,2639,193656,193657,193653,193654,0,0,0,0
1790616671.537546,-2,-1,-3,-4,16441,23637,16264,2632,193686,193687,193683,193684,0,0,0,0
1790616671.5826712,-4,5,0,-2,16441,23639,16270,2635,193716,193717,193713,193714,0,0,0,0
1790616671.637662,-5,-3,1,3,16445,23633,16270,2643,193746,193747,193743,193744,0,0,0,0
1790616671.6813262,-5,2,6,-2,16464,23639,16269,2654,193776,193777,193773,193774,0,0,0,0
1790616671.737705,1,1,2,-1,16470,23646,16296,2683,193806,193807,193803,193804,0,0,0,0
1790616671.797601,0,-3,-1,-5,16469,23650,16300,2678,193836,193837,193833,193834,0,0,0,0
1790616671.8378298,-3,0,4,-3,16465,23652,16310,2683,193866,193867,193863,193864,0,0,0,0
1790616671.89755,-2,-2,-2,-2,16467,23655,16311,2682,193896,193897,193893,193894,0,0,0,0
1790616671.938821,0,-2,1,1,16467,23657,16319,2686,193926,193927,193923,193924,0,0,0,0
1790616671.997577,2,-1,-5,-1,16477,23655,16322,2700,193986,193987,193983,193984,0,0,0,0
1790616672.0378938,2,-1,-5,-1,16477,23655,16322,2700,193986,193987,193983,193984,0,0,0,0
1790616672.097692,-1,-2,0,1,16525,23637,16333,2772,194046,194047,194043,194044,0,0,0,0
1790616672.157718,1,2,-3,3,16556,23613,16312,2812,194076,194077,194073,194074,0,0,0,0
1790616672.198088,1,1,-3,1,16574,23601,16308,2834,194106,194107,194103,194104,0,0,0,0
1790616672.2654002,-1,-2,3,0,16581,23600,16316,2851,194136,194137,194133,194134,0,0,0,0
1790616672.318454,-1,2,-5,4,16585,23603,16322,2856,194166,194167,194163,194164,0,0,0,0
1790616672.35785,-2,-1,1,1,16589,23600,16322,2862,194196,194197,194193,194194,0,0,0,0
1790616672.419188,0,-2,1,1,16596,23594,16320,2872,194226,194227,194223,194224,0,0,0,0
1790616672.457877,-1,2,-2,-2,16608,23590,16321,2889,194256,194257,194253,194254,0,0,0,0
1790616672.518993,-1,-1,11,-1,16621,23584,16317,2902,194286,194287,194283,194284,0,0,0,0
1790616672.557926,1,0,-4,-4,16634,23576,16315,2916,194316,194317,194313,194314,0,0,0,0
1790616672.619088,15,-15,-9,13,16858,23380,16220,3091,194346,194347,194343,194344,0,0,0,0
1790616672.657995,78,-64,-37,30,17868,22201,15704,3664,194376,194377,194373,194374,0,0,0,0
1790616672.7180328,50,-77,-82,82,19887,20251,14035,5158,194406,194407,194403,194404,0,0,0,0
1790616672.782364,74,-60,-77,66,21595,18543,12097,7076,194436,194437,194433,194434,0,0,0,0
1790616672.837714,68,-79,-78,71,23570,16489,10100,9202,194466,194467,194463,194464,0,0,0,0
1790616672.8974562,58,-84,-70,82,25642,14371,7949,11339,194496,194497,194493,194494,0,0,0,0
1790616672.9376981,62,-73,-58,71,27663,12421,5836,13429,194526,194527,194523,194524,0,0,0,0
1790616673.0060859,51,-44,-44,78,30739,9290,2587,16567,194586,194587,194583,194584,0,0,0,0
1790616673.057365,45,-34,-51,48,32000,8059,1352,17833,194616,194617,194613,194614,0,0,0,0
1790616673.118176,51,-43,-48,46,402,6847,161,19016,194646,194647,194643,194644,0,0,0,0
1790616673.15762,57,-53,-48,67,1822,5481,31510,20335,194676,194677,194673,194674,0,0,0,0
1790616673.2207732,63,-68,-65,51,3319,3969,30077,21945,194706,194707,194703,194704,0,0,0,0
1790616673.2788029,66,-53,-64,62,4921,2355,28418,23524,194736,194737,194733,194734,0,0,0,0
1790616673.317739,64,-74,-55,68,6725,523,26631,25377,194766,194767,194763,194764,0,0,0,0
1790616673.384567,76,-57,-74,72,8522,31442,24764,27117,194796,194797,194793,194794,0,0,0,0
1790616673.41766,59,-54,-67,57,10210,29841,23064,28858,194826,194827,194823,194824,0,0,0,0
1790616673.478453,52,-59,-56,52,11779,28214,21422,30438,194856,194857,194853,194854,0,0,0,0
1790616673.5375822,61,-42,-56,61,13254,26790,19945,31948,194886,194887,194883,194884,0,0,0,0
1790616673.578238,52,-52,-48,55,14649,25438,18615,599,194916,194917,194913,194914,0,0,0,0
1790616673.637843,51,-58,-50,51,16111,23919,17153,2060,194946,194947,194943,194944,0,0,0,0
1790616673.697807,49,-56,-58,52,17569,22369,15668,3497,194976,194977,194973,194974,0,0,0,0
1790616673.737966,62,-57,-66,66,19272,20903,14075,5098,195006,195007,195003,195004,0,0,0,0
1790616673.797646,68,-61,-58,74,22568,17524,10664,8531,195066,195067,195063,195064,0,0,0,0
1790616673.8583481,61,-58,-59,50,24214,15889,9025,10237,195096,195097,195093,195094,0,0,0,0
1790616673.917689,49,-63,-67,64,25771,14274,7459,11844,195126,195127,195123,195124,0,0,0,0
1790616673.957943,60,-56,-52,62,27377,12757,5831,13390,195156,195157,195153,195154,0,0,0,0
1790616674.018142,52,-51,-58,42,28821,11311,4347,14892,195186,195187,195183,195184,0,0,0,0
1790616674.057882,48,-57,-50,53,30273,9952,2895,16326,195216,195217,195213,195214,0,0,0,0
1790616674.117514,64,-49,-65,52,31948,8558,1307,17714,195246,195247,195243,195244,0,0,0,0
1790616674.1781518,65,-45,-72,48,909,7376,32339,18929,195276,195277,195273,195274,0,0,0,0
1790616674.217667,77,-34,-62,39,2806,6402,30408,20039,195306,195307,195303,195304,0,0,0,0
1790616674.277811,52,-25,-64,26,4635,5547,28553,20936,195336,195337,195333,195334,0,0,0,0
1790616674.317612,65,-14,-56,20,6341,4926,26833,21627,195366,195367,195363,195364,0,0,0,0
1790616674.3779871,51,-10,-51,10,7860,4576,25433,22051,195396,195397,195393,195394,0,0,0,0
1790616674.4176772,28,-8,-32,10,9109,4354,24116,22322,195426,195427,195423,195424,0,0,0,0
1790616674.47782,6,-9,-13,8,9675,4139,23388,22554,195456,195457,195453,195454,0,0,0,0
1790616674.517667,8,-2,-2,2,9771,3977,23196,22742,195486,195487,195483,195484,0,0,0,0
1790616674.577961,3,-3,-1,-4,9813,3942,23155,22781,195516,195517,195513,195514,0,0,0,0
1790616674.617717,-1,-4,2,-2,9819,3943,23144,22786,195546,195547,195543,195544,0,0,0,0
1790616674.6783218,1,0,1,0,9806,3963,23157,22772,195576,195577,195573,195574,0,0,0,0
1790616674.737772,-3,3,3,2,9784,3986,23176,22752,195606,195607,195603,195604,0,0,0,0
1790616674.778134,-1,1,1,-3,9763,4007,23193,22731,195636,195637,195633,195634,0,0,0,0
1790616674.8378098,1,2,2,-2,9746,4023,23207,22715,195666,195667,195663,195664,0,0,0,0
1790616674.897446,-3,1,0,-3,9736,4036,23219,22705,195696,195697,195693,195694,0,0,0,0
1790616674.957443,2,-1,-2,0,9727,4047,23228,22696,195756,195757,195753,195754,0,0,0,0
1790616675.0177228,0,7,3,0,9728,4044,23227,22697,195786,195787,195783,195784,0,0,0,0
1790616675.05794,5,5,3,0,9730,4044,23227,22700,195816,195817,195813,195814,0,0,0,0
1790616675.118997,-2,3,-5,1,9737,4047,23230,22707,195846,195847,195843,195844,0,0,0,0
1790616675.178015,-1,3,-4,-4,9740,4048,23229,22704,195876,195877,195873,195874,0,0,0,0
1790616675.245743,0,-5,1,-2,9739,4048,23227,22699,195906,195907,195903,195904,0,0,0,0
1790616675.2976499,-1,1,1,3,9731,4045,23226,22693,195936,195937,195933,195934,0,0,0,0
1790616675.3417642,-1,1,-6,0,9725,4047,23231,22690,195996,195997,195993,195994,0,0,0,0
1790616675.397845,-3,-3,-4,-4,9725,4050,23234,22689,196026,196027,196023,196024,0,0,0,0
1790616675.4577339,-3,1,-3,-3,9726,4051,23233,22689,196056,196057,196053,196054,0,0,0,0
1790616675.497898,5,-2,1,-1,9726,4052,23235,22689,196086,196087,196083,196084,0,0,0,0
1790616675.557732,1,1,-4,3,9725,4054,23236,22687,196116,196117,196113,196114,0,0,0,0
1790616675.617532,-2,-2,-1,0,9724,4056,23237,22687,196146,196147,196143,196144,0,0,0,0
1790616675.6579,2,5,1,1,9721,4057,23238,22684,196176,196177,196173,196174,0,0,0,0
1790616675.718573,-4,-6,2,0,9717,4061,23240,22681,196206,196207,196203,196204,0,0,0,0
1790616675.777417,-3,-2,-1,-1,9715,4064,23243,22678,196236,196237,196233,196234,0,0,0,0
1790616675.817662,-4,-5,-2,-2,9714,4065,23244,22677,196266,196267,196263,196264,0,0,0,0
1790616675.878623,6,-2,0,2,9714,4064,23244,22678,196296,196297,196293,196294,0,0,0,0
1790616675.917661,-3,3,5,-2,9717,4063,23243,22680,196326,196327,196323,196324,0,0,0,0
1790616675.977385,2,-2,0,-1,9720,4060,23240,22683,196356,196357,196353,196354,0,0,0,0
1790616676.017966,1,-2,-1,-3,9719,4061,23241,22683,196386,196387,196383,196384,0,0,0,0
1790616676.078513,-3,6,1,-3,9718,4064,23242,22681,196416,196417,196413,196414,0,0,0,0
1790616676.1424158,2,-2,-1,4,9718,4065,23243,22681,196446,196447,196443,196444,0,0,0,0
1790616676.1786351,2,-1,1,-4,9718,4066,23244,22680,196476,196477,196473,196474,0,0,0,0
1790616676.242576,1,-1,-2,-6,9740,4064,23242,22699,196506,196507,196503,196504,0,0,0,0
1790616676.278095,3,3,-2,1,9752,4038,23219,22714,196536,196537,196533,196534,0,0,0,0
1790616676.343425,-1,1,0,-1,9754,4041,23219,22716,196566,196567,196563,196564,0,0,0,0
1790616676.397457,1,1,-5,-1,9746,4055,23229,22705,196596,196597,196593,196594,0,0,0,0
1790616676.439903,2,-2,-3,1,9731,4080,23247,22688,196656,196657,196653,196654,0,0,0,0
1790616676.49746,1,0,0,2,9725,4087,23254,22681,196686,196687,196683,196684,0,0,0,0
1790616676.5613692,1,-2,-5,-1,9721,4093,23260,22676,196716,196717,196713,196714,0,0,0,0
1790616676.597844,1,-4,6,-3,9717,4097,23263,22674,196746,196747,196743,196744,0,0,0,0
1790616676.657423,0,-3,-2,0,9716,4102,23266,22672,196776,196777,196773,196774,0,0,0,0
1790616676.701747,-1,-9,1,-4,9713,4099,23261,22665,196806,196807,196803,196804,0,0,0,0
1790616676.757592,0,-6,-2,3,9728,4111,23274,22684,196836,196837,196833,196834,0,0,0,0
1790616676.7977269,3,-1,-4,3,9732,4113,23270,22682,196866,196867,196863,196864,0,0,0,0
1790616676.857603,3,3,3,2,9729,4115,23274,22682,196896,196897,196893,196894,0,0,0,0
1790616676.8978271,1,0,0,-3,9726,4119,23278,22679,196926,196927,196923,196924,0,0,0,0
1790616676.957834,-1,-4,3,-6,9724,4122,23281,22675,196956,196957,196953,196954,0,0,0,0
1790616677.01765,-1,23,-17,1,9725,4122,23282,22676,196986,196987,196983,196984,0,0,0,0
1790616677.077887,-4,-3,2,-3,9728,4116,23279,22679,197016,197017,197013,197014,0,0,0,0
1790616677.117731,-6,1,-1,-4,9731,4112,23276,22683,197046,197047,197043,197044,0,0,0,0
1790616677.178058,-2,0,-2,1,9731,4110,23274,22684,197076,197077,197073,197074,0,0,0,0
1790616677.2177439,-3,-5,-4,-1,9726,4109,23273,22681,197106,197107,197103,197104,0,0,0,0
1790616677.2783208,-5,-1,-3,-3,9723,4111,23274,22678,197136,197137,197133,197134,0,0,0,0
1790616677.341826,-4,-1,-3,0,9720,4114,23277,22675,197166,197167,197163,197164,0,0,0,0
1790616677.39764,2,-1,5,-3,9723,4128,23286,22679,197196,197197,197193,197194,0,0,0,0
1790616677.4504151,-2,-3,5,-1,9722,4137,23290,22673,197226,197227,197223,197224,0,0,0,0
1790616677.517493,0,-3,-3,-5,9701,4164,23308,22650,197286,197287,197283,197284,0,0,0,0
1790616677.559057,1,-3,-2,-3,9695,4177,23317,22642,197316,197317,197313,197314,0,0,0,0
1790616677.617718,-2,6,-3,2,9689,4189,23327,22634,197346,197347,197343,197344,0,0,0,0
1790616677.658174,-3,0,-4,-2,9689,4202,23333,22630,197376,197377,197373,197374,0,0,0,0
1790616677.717443,9,-2,-1,0,9690,4214,23341,22627,197406,197407,197403,197404,0,0,0,0
1790616677.757733,5,1,-3,0,9688,4225,23347,22622,197436,197437,197433,197434,0,0,0,0
1790616677.81797,-1,3,-2,0,9686,4235,23355,22618,197466,197467,197463,197464,0,0,0,0
1790616677.8775628,2,1,2,1,9683,4235,23353,22611,197496,197497,197493,197494,0,0,0,0
1790616677.917613,4,1,-2,3,9711,4223,23341,22639,197526,197527,197523,197524,0,0,0,0
1790616677.977495,1,-2,3,0,9724,4232,23343,22647,197556,197557,197553,197554,0,0,0,0
1790616678.037934,0,5,-5,1,9727,4245,23349,22645,197586,197587,197583,197584,0,0,0,0
1790616678.077624,-3,1,-4,-3,9718,4257,23360,22635,197616,197617,197613,197614,0,0,0,0
1790616678.138043,3,0,6,0,9710,4273,23372,22624,197646,197647,197643,197644,0,0,0,0
1790616678.177923,1,-2,-7,0,9701,4286,23382,22615,197676,197677,197673,197674,0,0,0,0
1790616678.238423,-1,-4,-3,0,9697,4296,23392,22609,197706,197707,197703,197704,0,0,0,0
1790616678.297476,-1,-2,2,-2,9696,4307,23399,22602,197766,197767,197763,197764,0,0,0,0
1790616678.357846,-3,-1,-4,0,9696,4310,23403,22600,197796,197797,197793,197794,0,0,0,0
1790616678.3976152,-2,-9,1,-1,9692,4314,23404,22596,197826,197827,197823,197824,0,0,0,0
1790616678.458802,-3,-2,2,-1,9691,4322,23408,22592,197856,197857,197853,197854,0,0,0,0
1790616678.503725,1,-5,1,-2,9689,4331,23413,22588,197886,197887,197883,197884,0,0,0,0
1790616678.559985,-5,-1,5,5,9688,4340,23419,22584,197916,197917,197913,197914,0,0,0,0
1790616678.598716,6,7,3,0,9687,4349,23423,22581,197946,197947,197943,197944,0,0,0,0
1790616678.658591,4,2,-7,-1,9688,4370,23442,22576,197976,197977,197973,197974,0,0,0,0
1790616678.702527,3,-2,0,-2,9692,4386,23448,22572,198006,198007,198003,198004,0,0,0,0
1790616678.765006,1,3,-2,5,9684,4390,23451,22557,198036,198037,198033,198034,0,0,0,0
1790616678.8190799,0,3,-4,-2,9701,4395,23458,22582,198066,198067,198063,198064,0,0,0,0
1790616678.8802948,-1,4,-3,3,9707,4401,23465,22583,198096,198097,198093,198094,0,0,0,0
1790616678.918655,4,-1,-1,5,9706,4412,23474,22578,198126,198127,198123,198124,0,0,0,0
1790616678.978535,3,0,-6,2,9705,4421,23482,22575,198156,198157,198153,198154,0,0,0,0
1790616679.0384011,1,-4,2,-6,9707,4430,23489,22572,198186,198187,198183,198184,0,0,0,0
1790616679.0806541,16,-3,-4,-1,9710,4440,23495,22571,198216,198217,198213,198214,0,0,0,0
1790616679.1419961,1,6,-3,-5,9715,4451,23497,22572,198246,198247,198243,198244,0,0,0,0
1790616679.1787982,1,-2,5,2,9701,4480,23525,22552,198276,198277,198273,198274,0,0,0,0
1790616679.243892,1,4,-1,-2,9696,4500,23546,22542,198306,198307,198303,198304,0,0,0,0
1790616679.3021781,0,-4,-4,-1,9688,4519,23568,22534,198366,198367,198363,198364,0,0,0,0
1790616679.358473,-1,5,-1,0,9685,4525,23575,22529,198396,198397,198393,198394,0,0,0,0
1790616679.403774,0,2,2,2,9685,4528,23576,22525,198426,198427,198423,198424,0,0,0,0
1790616679.460557,0,0,1,-3,9685,4530,23579,22524,198456,198457,198453,198454,0,0,0,0
1790616679.5208142,1,-4,-1,3,9691,4534,23580,22528,198486,198487,198483,198484,0,0,0,0
1790616679.5792131,-1,4,4,-4,9697,4537,23582,22531,198516,198517,198513,198514,0,0,0,0
1790616679.621517,-1,-2,-1,1,9699,4541,23584,22530,198546,198547,198543,198544,0,0,0,0
1790616679.682632,2,1,4,-4,9697,4545,23590,22529,198576,198577,198573,198574,0,0,0,0
1790616679.741966,-4,0,-2,-1,9698,4548,23592,22529,198606,198607,198603,198604,0,0,0,0
1790616679.801066,-1,0,-4,1,9713,4550,23591,22542,198666,198667,198663,198664,0,0,0,0
1790616679.858369,1,-5,3,2,9713,4561,23602,22533,198696,198697,198693,198694,0,0,0,0
1790616679.9032671,-1,1,-1,3,9711,4568,23606,22527,198726,198727,198723,198724,0,0,0,0
1790616679.9588008,-1,-2,-3,1,9713,4573,23609,22527,198756,198757,198753,198754,0,0,0,0
1790616680.018688,5,5,-1,0,9714,4578,23616,22526,198786,198787,198783,198784,0,0,0,0
1790616680.061737,1,-4,6,1,9715,4584,23618,22525,198816,198817,198813,198814,0,0,0,0
1790616680.121567,2,3,0,-2,9718,4587,23621,22527,198846,198847,198843,198844,0,0,0,0
1790616680.178896,-2,2,2,2,9716,4589,23626,22523,198876,198877,198873,198874,0,0,0,0
1790616680.2215319,2,-1,2,1,9717,4593,23630,22522,198906,198907,198903,198904,0,0,0,0
1790616680.280612,-3,-2,0,-1,9717,4590,23631,22521,198936,198937,198933,198934,0,0,0,0
1790616680.318976,-2,-1,-6,2,9713,4592,23632,22522,198966,198967,198963,198964,0,0,0,0
1790616680.3812459,-3,-2,-7,-3,9715,4595,23634,22521,198996,198997,198993,198994,0,0,0,0
1790616680.418839,-2,-5,-3,-1,9709,4599,23641,22517,199026,199027,199023,199024,0,0,0,0
1790616680.4784582,-2,0,-2,-5,9703,4603,23646,22511,199056,199057,199053,199054,0,0,0,0
1790616680.5390232,-1,-4,-1,2,9706,4614,23653,22508,199086,199087,199083,199084,0,0,0,0
1790616680.578563,-2,5,-4,-2,9705,4623,23659,22505,199116,199117,199113,199114,0,0,0,0
1790616680.642329,-4,-3,3,0,9706,4639,23674,22498,199146,199147,199143,199144,0,0,0,0
1790616680.678705,-7,5,-2,0,9709,4650,23684,22499,199176,199177,199173,199174,0,0,0,0
1790616680.738892,3,-4,-3,1,9709,4650,23677,22498,199206,199207,199203,199204,0,0,0,0
1790616680.802801,4,-2,-1,-2,9725,4648,23672,22515,199266,199267,199263,199264,0,0,0,0
1790616680.840063,4,-2,-1,-2,9725,4648,23672,22515,199266,199267,199263,199264,0,0,0,0
1790616680.902585,2,-2,2,1,9716,4664,23688,22503,199296,199297,199293,199294,0,0,0,0
1790616680.93964,1,4,-3,2,9692,4705,23726,22472,199356,199357,199353,199354,0,0,0,0
1790616681.0043368,-1,0,4,-2,9679,4726,23745,22453,199386,199387,199383,199384,0,0,0,0
1790616681.0593011,1,5,7,2,9670,4750,23767,22440,199416,199417,199413,199414,0,0,0,0
1790616681.1040032,1,8,2,0,9659,4773,23791,22427,199446,199447,199443,199444,0,0,0,0
1790616681.161324,-3,4,2,-2,9646,4799,23816,22412,199476,199477,199473,199474,0,0,0,0
1790616681.204184,-4,-5,6,-2,9631,4832,23848,22394,199506,199507,199503,199504,0,0,0,0
1790616681.2694888,-6,0,3,-1,9606,4877,23891,22369,199536,199537,199533,199534,0,0,0,0
1790616681.3186262,-2,2,-4,0,9576,4936,23946,22335,199566,199567,199563,199564,0,0,0,0
1790616681.361828,-3,1,4,-6,9529,5007,24012,22297,199596,199597,199593,199594,0,0,0,0
1790616681.418899,-4,-2,4,-1,9476,5087,24086,22253,199626,199627,199623,199624,0,0,0,0
1790616681.4588249,1,0,3,-2,9428,5165,24158,22206,199656,199657,199653,199654,0,0,0,0
1790616681.52201,-1,-2,4,2,9386,5229,24222,22166,199686,199687,199683,199684,0,0,0,0
1790616681.558621,-5,0,7,-1,9360,5272,24264,22142,199716,199717,199713,199714,0,0,0,0
1790616681.619319,1,-2,6,-5,9345,5297,24286,22128,199746,199747,199743,199744,0,0,0,0
1790616681.6588612,-1,3,-3,0,9340,5308,24300,22125,199776,199777,199773,199774,0,0,0,0
1790616681.7197928,0,0,3,-24,9340,5310,24309,22128,199806,199807,199803,199804,0,0,0,0
1790616681.778317,2,-1,1,2,9342,5307,24315,22136,199836,199837,199833,199834,0,0,0,0
1790616681.839201,4,-2,-3,3,9348,5304,24316,22144,199866,199867,199863,199864,0,0,0,0
1790616681.881509,-1,3,3,-1,9352,5300,24316,22152,199896,199897,199893,199894,0,0,0,0
1790616681.959736,-2,3,0,-3,9363,5291,24314,22166,199956,199957,199953,199954,0,0,0,0
1790616682.001515,0,1,-2,4,9366,5292,24316,22171,199986,199987,199983,199984,0,0,0,0
1790616682.058929,0,3,-2,-3,9368,5295,24319,22173,200016,200017,200013,200014,0,0,0,0
1790616682.118403,2,3,7,3,9370,5297,24320,22174,200046,200047,200043,200044,0,0,0,0
1790616682.158689,-4,3,-3,-1,9372,5299,24321,22177,200076,200077,200073,200074,0,0,0,0
1790616682.219212,0,0,-4,2,9402,5323,24332,22195,200106,200107,200103,200104,0,0,0,0
1790616682.269249,-1,3,-6,-1,9406,5326,24331,22191,200136,200137,200133,200134,0,0,0,0
1790616682.321275,0,-4,-2,-3,9416,5333,24344,22204,200166,200167,200163,200164,0,0,0,0
1790616682.378369,1,-6,1,1,9421,5336,24352,22218,200196,200197,200193,200194,0,0,0,0
1790616682.4186509,-1,-4,-3,-1,9423,5335,24352,22220,200226,200227,200223,200224,0,0,0,0
1790616682.4786718,-5,3,-2,-1,9423,5338,24353,22220,200256,200257,200253,200254,0,0,0,0
1790616682.520519,-6,2,1,0,9421,5340,24355,22219,200286,200287,200283,200284,0,0,0,0
1790616682.581269,0,4,1,-3,9418,5342,24358,22217,200316,200317,200313,200314,0,0,0,0
1790616682.6385212,16,-6,-7,-1,9418,5345,24361,22216,200346,200347,200343,200344,0,0,0,0
1790616682.699441,2,1,-2,2,9417,5346,24363,22217,200376,200377,200373,200374,0,0,0,0
1790616682.741482,2,-2,-2,1,9418,5351,24369,22218,200406,200407,200403,200404,0,0,0,0
1790616682.799985,-1,-2,0,-2,9425,5359,24377,22229,200466,200467,200463,200464,0,0,0,0
1790616682.862769,0,2,-4,0,9465,5393,24391,22249,200496,200497,200493,200494,0,0,0,0
1790616682.902585,0,-4,-3,1,9471,5381,24384,22257,200526,200527,200523,200524,0,0,0,0
1790616682.9630651,3,-1,3,0,9483,5376,24377,22267,200556,200557,200553,200554,0,0,0,0
1790616683.00209,4,-2,-3,-3,9491,5377,24376,22272,200586,200587,200583,200584,0,0,0,0
1790616683.062259,-4,1,0,-1,9493,5378,24377,22275,200616,200617,200613,200614,0,0,0,0
1790616683.118455,-4,-1,0,-2,9491,5383,24382,22276,200646,200647,200643,200644,0,0,0,0
1790616683.1631181,2,-1,0,-3,9489,5392,24390,22275,200676,200677,200673,200674,0,0,0,0
1790616683.218478,2,2,-2,-1,9485,5395,24397,22273,200706,200707,200703,200704,0,0,0,0
1790616683.2686179,-1,4,-5,-3,9483,5392,24395,22267,200736,200737,200733,200734,0,0,0,0
1790616683.3189518,0,0,-1,-8,9458,5409,24406,22245,200766,200767,200763,200764,0,0,0,0
1790616683.378409,-5,0,-7,1,9467,5440,24442,22257,200796,200797,200793,200794,0,0,0,0
1790616683.41904,0,2,-2,1,9477,5446,24444,22267,200826,200827,200823,200824,0,0,0,0
1790616683.479102,0,1,0,1,9475,5446,24454,22269,200856,200857,200853,200854,0,0,0,0
1790616683.5216231,0,-4,-1,-1,9489,5439,24451,22281,200886,200887,200883,200884,0,0,0,0
1790616683.579177,-4,-3,2,1,9511,5422,24431,22311,200916,200917,200913,200914,0,0,0,0
1790616683.641783,-3,-2,-3,0,9515,5424,24439,22316,200946,200947,200943,200944,0,0,0,0
1790616683.678455,-1,-6,2,3,9520,5431,24446,22320,200976,200977,200973,200974,0,0,0,0
1790616683.74135,-1,2,4,1,9516,5435,24452,22321,201006,201007,201003,201004,0,0,0,0
1790616683.802782,-1,-2,2,-1,9515,5441,24455,22320,201036,201037,201033,201034,0,0,0,0
1790616683.839757,-2,-4,-4,-2,9516,5445,24460,22319,201066,201067,201063,201064,0,0,0,0
1790616683.8984041,-1,-2,2,6,9518,5446,24461,22322,201096,201097,201093,201094,0,0,0,0
1790616683.939478,-2,0,-1,1,9521,5446,24462,22326,201126,201127,201123,201124,0,0,0,0
1790616683.9984179,1,1,-3,2,9523,5446,24466,22332,201186,201187,201183,201184,0,0,0,0
1790616684.039445,1,1,-3,2,9523,5446,24466,22332,201186,201187,201183,201184,0,0,0,0
1790616684.098474,3,2,1,-1,9559,5435,24465,22372,201246,201247,201243,201244,0,0,0,0
1790616684.1405802,-2,1,-3,1,9561,5427,24454,22377,201276,201277,201273,201274,0,0,0,0
1790616684.219473,0,0,-6,-1,9557,5438,24460,22373,201306,201307,201303,201304,0,0,0,0
1790616684.2785301,-7,1,5,1,9549,5446,24471,22365,201336,201337,201333,201334,0,0,0,0
1790616684.321899,1,5,4,-3,9527,5448,24471,22344,201366,201367,201363,201364,0,0,0,0
1790616684.379516,0,0,2,3,9512,5465,24489,22332,201396,201397,201393,201394,0,0,0,0
1790616684.4416971,1,3,-4,-1,9526,5477,24514,22350,201426,201427,201423,201424,0,0,0,0
1790616684.4796329,3,-3,-5,0,9541,5477,24512,22362,201456,201457,201453,201454,0,0,0,0
1790616684.5396311,1,0,1,-1,9554,5468,24506,22378,201486,201487,201483,201484,0,0,0,0
1790616684.5796218,-1,4,3,-1,9562,5462,24500,22386,201516,201517,201513,201514,0,0,0,0
1790616684.641537,6,-1,-2,0,9563,5462,24497,22387,201546,201547,201543,201544,0,0,0,0
1790616684.679806,0,0,-1,-1,9562,5465,24502,22387,201576,201577,201573,201574,0,0,0,0
1790616684.739572,-1,-4,-1,0,9564,5469,24507,22388,201606,201607,201603,201604,0,0,0,0
1790616684.800056,-1,3,0,-2,9571,5474,24513,22395,201666,201667,201663,201664,0,0,0,0
1790616684.84103,3,-1,0,-2,9604,5492,24534,22429,201696,201697,201693,201694,0,0,0,0
1790616684.901645,2,0,3,-1,9633,5491,24525,22454,201726,201727,201723,201724,0,0,0,0
1790616684.96224,-1,1,2,-1,9638,5489,24519,22455,201756,201757,201753,201754,0,0,0,0
1790616685.0028129,0,-1,13,-4,9639,5493,24520,22454,201786,201787,201783,201784,0,0,0,0
1790616685.064285,-1,1,-2,-2,9638,5498,24524,22454,201816,201817,201813,201814,0,0,0,0
1790616685.119772,-2,5,3,3,9630,5494,24517,22436,201846,201847,201843,201844,0,0,0,0
1790616685.162509,2,-1,7,4,9643,5498,24523,22458,201876,201877,201873,201874,0,0,0,0
1790616685.219588,1,2,4,2,9662,5500,24532,22478,201906,201907,201903,201904,0,0,0,0
1790616685.279922,2,2,4,-1,9678,5497,24530,22496,201936,201937,201933,201934,0,0,0,0
1790616685.321907,1,3,3,1,9693,5495,24525,22508,201966,201967,201963,201964,0,0,0,0
1790616685.3794591,2,-2,0,3,9705,5491,24519,22519,201996,201997,201993,201994,0,0,0,0
1790616685.421912,5,0,1,1,9717,5489,24516,22528,202026,202027,202023,202024,0,0,0,0
1790616685.481726,3,1,0,2,9726,5487,24512,22537,202056,202057,202053,202054,0,0,0,0
1790616685.539695,0,2,3,-1,9734,5486,24511,22543,202086,202087,202083,202084,0,0,0,0
1790616685.580069,3,-3,0,-1,9741,5488,24510,22548,202116,202117,202113,202114,0,0,0,0
1790616685.639489,1,1,5,3,9747,5491,24511,22551,202146,202147,202143,202144,0,0,0,0
1790616685.699629,4,2,-2,0,9759,5498,24517,22563,202176,202177,202173,202174,0,0,0,0
1790616685.739519,2,4,-4,4,9774,5501,24534,22585,202206,202207,202203,202204,0,0,0,0
1790616685.801288,5,4,0,-1,9781,5499,24530,22591,202266,202267,202263,202264,0,0,0,0
1790616685.859543,3,1,-5,-2,9783,5501,24529,22592,202296,202297,202293,202294,0,0,0,0
1790616685.9026,2,5,-3,-2,9785,5490,24516,22587,202326,202327,202323,202324,0,0,0,0
1790616685.9595158,2,-1,1,0,9820,5479,24507,22627,202356,202357,202353,202354,0,0,0,0
1790616686.003548,6,2,6,-2,9836,5483,24512,22645,202386,202387,202383,202384,0,0,0,0
1790616686.062197,1,-2,-3,0,9844,5492,24517,22652,202416,202417,202413,202414,0,0,0,0
1790616686.100096,1,2,3,2,9850,5497,24522,22656,202446,202447,202443,202444,0,0,0,0
1790616686.161613,-1,0,-2,1,9855,5500,24523,22658,202476,202477,202473,202474,0,0,0,0
1790616686.19973,-1,3,4,-5,9860,5502,24525,22661,202506,202507,202503,202504,0,0,0,0
1790616686.267356,6,1,-2,1,9864,5507,24527,22662,202536,202537,202533,202534,0,0,0,0
1790616686.3198988,4,-4,-3,0,9867,5510,24528,22664,202566,202567,202563,202564,0,0,0,0
1790616686.3795462,1,2,0,3,9876,5509,24527,22668,202596,202597,202593,202594,0,0,0,0
1790616686.425228,5,-1,-3,0,9883,5511,24527,22673,202626,202627,202623,202624,0,0,0,0
1790616686.4995918,1,-2,0,-3,9898,5536,24553,22689,202686,202687,202683,202684,0,0,0,0
1790616686.563127,-1,-3,2,2,9907,5564,24572,22682,202716,202717,202713,202714,0,0,0,0
1790616686.599487,-2,-4,2,-3,9904,5566,24574,22678,202746,202747,202743,202744,0,0,0,0
1790616686.6620212,-4,0,-2,-2,9910,5562,24572,22684,202776,202777,202773,202774,0,0,0,0
1790616686.7164521,1,-5,8,1,9920,5556,24564,22691,202806,202807,202803,202804,0,0,0,0
1790616686.764122,0,-4,-3,1,9933,5521,24535,22704,202836,202837,202833,202834,0,0,0,0
1790616686.823457,-4,-2,-1,-3,9975,5521,24526,22743,202866,202867,202863,202864,0,0,0,0
1790616686.882553,-4,-3,-1,-5,9980,5521,24527,22750,202896,202897,202893,202894,0,0,0,0
1790616686.9199302,-2,-4,4,2,9978,5521,24530,22751,202926,202927,202923,202924,0,0,0,0
1790616686.981833,2,-4,4,-4,9978,5526,24535,22752,202956,202957,202953,202954,0,0,0,0
1790616687.019799,-1,-6,-4,-5,9976,5529,24541,22751,202986,202987,202983,202984,0,0,0,0
1790616687.0801952,-2,0,3,-1,9973,5530,24543,22749,203016,203017,203013,203014,0,0,0,0
1790616687.139571,-2,4,-5,1,9972,5533,24546,22749,203046,203047,203043,203044,0,0,0,0
1790616687.179907,-5,-4,-3,-4,9974,5535,24547,22751,203076,203077,203073,203074,0,0,0,0
1790616687.2414021,-1,1,-2,-1,9977,5533,24547,22754,203106,203107,203103,203104,0,0,0,0
1790616687.280315,-2,-3,-2,-1,9978,5522,24535,22754,203136,203137,203133,203134,0,0,0,0
1790616687.3394089,-2,0,-1,1,10008,5512,24520,22780,203166,203167,203163,203164,0,0,0,0
1790616687.399435,0,4,-4,-1,10056,5567,24552,22799,203226,203227,203223,203224,0,0,0,0
1790616687.4415581,0,4,-4,-1,10056,5567,24552,22799,203226,203227,203223,203224,0,0,0,0
1790616687.499524,-3,2,0,-6,10049,5566,24554,22798,203286,203287,203283,203284,0,0,0,0
1790616687.541698,-3,1,0,0,10053,5564,24552,22801,203316,203317,203313,203314,0,0,0,0
1790616687.600127,-1,-1,-2,-1,10054,5565,24551,22803,203346,203347,203343,203344,0,0,0,0
1790616687.659283,0,4,0,1,10059,5568,24551,22805,203376,203377,203373,203374,0,0,0,0
1790616687.7014148,0,4,-3,2,10061,5567,24551,22808,203406,203407,203403,203404,0,0,0,0
1790616687.7702122,5,-1,1,0,10067,5569,24551,22812,203436,203437,203433,203434,0,0,0,0
1790616687.8229299,-3,2,2,2,10068,5572,24552,22813,203466,203467,203463,203464,0,0,0,0
1790616687.879603,1,1,0,3,10070,5575,24555,22813,203496,203497,203493,203494,0,0,0,0
1790616687.9228952,4,5,-4,-1,10073,5578,24556,22812,203526,203527,203523,203524,0,0,0,0
1790616687.979691,1,3,2,1,10079,5577,24556,22817,203556,203557,203553,203554,0,0,0,0
1790616688.023484,2,5,-2,-1,10086,5576,24553,22822,203586,203587,203583,203584,0,0,0,0
1790616688.079554,3,0,-1,3,10094,5577,24554,22827,203616,203617,203613,203614,0,0,0,0
1790616688.139956,-1,3,4,-2,10100,5578,24551,22832,203646,203647,203643,203644,0,0,0,0
1790616688.179874,-1,-5,-2,1,10104,5575,24549,22836,203676,203677,203673,203674,0,0,0,0
1790616688.239548,2,1,-2,2,10109,5576,24549,22840,203706,203707,203703,203704,0,0,0,0
1790616688.3,1,-3,1,-6,10118,5574,24548,22849,203766,203767,203763,203764,0,0,0,0
1790616688.362937,-3,-3,-7,-2,10124,5573,24548,22855,203796,203797,203793,203794,0,0,0,0
1790616688.4230778,-1,0,-3,1,10135,5569,24545,22864,203826,203827,203823,203824,0,0,0,0
1790616688.47931,-2,-7,2,2,10145,5562,24539,22874,203856,203857,203853,203854,0,0,0,0
1790616688.53936,-1,-3,-2,0,10156,5553,24531,22886,203886,203887,203883,203884,0,0,0,0
1790616688.5795891,-6,-6,-3,3,10165,5548,24523,22896,203916,203917,203913,203914,0,0,0,0
1790616688.639342,3,1,-1,2,10175,5546,24522,22906,203946,203947,203943,203944,0,0,0,0
1790616688.687381,-2,3,0,-2,10185,5543,24519,22916,203976,203977,203973,203974,0,0,0,0
1790616688.739637,-5,-2,2,-1,10198,5543,24519,22927,204006,204007,204003,204004,0,0,0,0
1790616688.8011332,2,-4,-1,-1,10222,5544,24517,22948,204066,204067,204063,204064,0,0,0,0
1790616688.859377,1,-2,0,1,10231,5543,24515,22955,204096,204097,204093,204094,0,0,0,0
1790616688.9219258,1,-1,0,-5,10240,5543,24515,22964,204126,204127,204123,204124,0,0,0,0
1790616688.959475,-2,-4,2,-6,10248,5544,24516,22971,204156,204157,204153,204154,0,0,0,0
1790616689.022499,-1,1,-3,-4,10275,5575,24538,22993,204186,204187,204183,204184,0,0,0,0
1790616689.079604,-6,0,0,-5,10273,5590,24550,22979,204216,204217,204213,204214,0,0,0,0
1790616689.123924,-4,-2,-5,2,10277,5585,24550,22987,204246,204247,204243,204244,0,0,0,0
1790616689.1794932,-2,3,-5,2,10283,5575,24545,22998,204276,204277,204273,204274,0,0,0,0
1790616689.225064,-2,3,-3,0,10295,5570,24538,23009,204306,204307,204303,204304,0,0,0,0
1790616689.279438,-3,1,-1,2,10301,5564,24534,23018,204336,204337,204333,204334,0,0,0,0
1790616689.3395572,3,3,1,-1,10305,5560,24530,23021,204366,204367,204363,204364,0,0,0,0
1790616689.379584,-1,-4,-3,-3,10305,5561,24529,23022,204396,204397,204393,204394,0,0,0,0
1790616689.439355,-5,-1,-2,-1,10301,5563,24533,23020,204426,204427,204423,204424,0,0,0,0
1790616689.479604,1,0,3,5,10299,5569,24540,23018,204456,204457,204453,204454,0,0,0,0
1790616689.539406,-2,-2,-2,-2,10299,5574,24547,23018,204486,204487,204483,204484,0,0,0,0
1790616689.579582,-1,-2,0,-1,10301,5575,24547,23021,204516,204517,204513,204514,0,0,0,0
1790616689.639474,-1,-6,-6,-2,10304,5573,24548,23025,204546,204547,204543,204544,0,0,0,0
1790616689.699666,2,4,3,2,10309,5574,24548,23030,204576,204577,204573,204574,0,0,0,0
1790616689.741722,-16,-6,-1,2,10316,5564,24543,23039,204636,204637,204633,204634,0,0,0,0
1790616689.799316,1,-4,0,-2,10325,5552,24540,23055,204666,204667,204663,204664,0,0,0,0
1790616689.86208,-6,1,-3,-3,10353,5577,24545,23066,204696,204697,204693,204694,0,0,0,0
1790616689.9009652,-2,-18,1,2,10364,5581,24544,23072,204726,204727,204723,204724,0,0,0,0
1790616689.96068,-6,-2,1,-1,10361,5585,24550,23073,204756,204757,204753,204754,0,0,0,0
1790616690.0013142,-3,-3,3,-6,10358,5584,24547,23071,204786,204787,204783,204784,0,0,0,0
1790616690.059534,7,-3,0,-6,10369,5592,24552,23080,204816,204817,204813,204814,0,0,0,0
1790616690.122171,1,3,5,2,10375,5617,24578,23083,204846,204847,204843,204844,0,0,0,0
1790616690.159939,-2,-4,0,1,10385,5636,24598,23092,204876,204877,204873,204874,0,0,0,0
1790616690.223092,0,2,2,-1,10389,5631,24599,23098,204906,204907,204903,204904,0,0,0,0
1790616690.281525,-4,0,-3,1,10395,5628,24596,23106,204936,204937,204933,204934,0,0,0,0
1790616690.321614,0,-6,2,1,10400,5624,24593,23111,204966,204967,204963,204964,0,0,0,0
1790616690.379455,0,-1,-12,0,10400,5623,24593,23114,204996,204997,204993,204994,0,0,0,0
1790616690.421433,-2,-4,2,-2,10398,5624,24597,23113,205026,205027,205023,205024,0,0,0,0
1790616690.480403,-3,2,-8,4,10396,5624,24600,23112,205056,205057,205053,205054,0,0,0,0
1790616690.522488,2,4,5,2,10405,5644,24615,23121,205086,205087,205083,205084,0,0,0,0
1790616690.5814762,0,2,-3,-2,10396,5670,24645,23109,205116,205117,205113,205114,0,0,0,0
1790616690.622219,1,-1,-6,0,10414,5688,24670,23124,205146,205147,205143,205144,0,0,0,0
1790616690.6811829,-3,-4,-1,-1,10420,5670,24656,23140,205176,205177,205173,205174,0,0,0,0
1790616690.7240162,4,-4,-6,-3,10429,5647,24638,23148,205206,205207,205203,205204,0,0,0,0
1790616690.78163,2,2,3,1,10449,5638,24619,23167,205236,205237,205233,205234,0,0,0,0
1790616690.840563,-6,1,3,1,10453,5637,24618,23170,205266,205267,205263,205264,0,0,0,0
1790616690.902247,5,1,1,-1,10440,5660,24641,23157,205326,205327,205323,205324,0,0,0,0
1790616690.96068,4,1,1,1,10434,5664,24647,23152,205356,205357,205353,205354,0,0,0,0
1790616691.0015879,1,-5,1,-5,10433,5666,24651,23151,205386,205387,205383,205384,0,0,0,0
1790616691.0616052,-3,3,1,2,10437,5662,24646,23154,205416,205417,205413,205414,0,0,0,0
1790616691.120505,4,2,-5,-6,10444,5658,24641,23160,205446,205447,205443,205444,0,0,0,0
1790616691.162014,-5,2,1,-5,10447,5658,24640,23162,205476,205477,205473,205474,0,0,0,0
1790616691.2215722,4,2,1,3,10447,5658,24640,23166,205506,205507,205503,205504,0,0,0,0
1790616691.280431,2,4,3,0,10447,5658,24643,23165,205536,205537,205533,205534,0,0,0,0
1790616691.322988,3,0,0,1,10446,5661,24646,23166,205566,205567,205563,205564,0,0,0,0
1790616691.38037,3,2,-3,1,10445,5664,24652,23165,205596,205597,205593,205594,0,0,0,0
1790616691.4222279,0,-2,-5,4,10445,5664,24653,23165,205626,205627,205623,205624,0,0,0,0
1790616691.48307,0,-3,-1,-3,10445,5664,24654,23165,205656,205657,205653,205654,0,0,0,0
1790616691.522701,-1,1,-2,-1,10446,5665,24655,23166,205686,205687,205683,205684,0,0,0,0
1790616691.582699,0,7,-3,-4,10446,5667,24657,23166,205716,205717,205713,205714,0,0,0,0
1790616691.6404202,1,-8,0,-3,10446,5670,24660,23166,205746,205747,205743,205744,0,0,0,0
1790616691.682134,0,-1,-33,-1,10446,5674,24663,23166,205776,205777,205773,205774,0,0,0,0
1790616691.7412941,-6,24,2,-2,10450,5676,24666,23171,205806,205807,205803,205804,0,0,0,0
1790616691.8006258,-3,-3,0,-1,10454,5661,24658,23174,205836,205837,205833,205834,0,0,0,0
1790616691.8414998,-3,-4,1,-3,10468,5656,24649,23189,205896,205897,205893,205894,0,0,0,0
1790616691.9005618,1,-5,-4,-12,10474,5664,24667,23201,205926,205927,205923,205924,0,0,0,0
1790616691.941499,-19,-2,5,-5,10472,5666,24675,23204,205956,205957,205953,205954,0,0,0,0
1790616692.001028,-6,2,-1,-1,10472,5670,24683,23203,205986,205987,205983,205984,0,0,0,0
1790616692.061183,-3,-3,-1,-5,10473,5673,24686,23203,206016,206017,206013,206014,0,0,0,0
1790616692.1004648,-2,-1,-3,-1,10477,5698,24710,23209,206046,206047,206043,206044,0,0,0,0
1790616692.161224,4,2,6,-2,10472,5713,24735,23204,206076,206077,206073,206074,0,0,0,0
1790616692.200892,1,2,1,1,10470,5716,24744,23207,206106,206107,206103,206104,0,0,0,0
1790616692.261289,-3,4,4,-1,10476,5717,24746,23213,206136,206137,206133,206134,0,0,0,0
1790616692.321391,-1,-1,4,-6,10482,5715,24745,23220,206166,206167,206163,206164,0,0,0,0
1790616692.360964,-1,-2,2,6,10488,5711,24743,23229,206196,206197,206193,206194,0,0,0,0
1790616692.422932,-2,-1,5,-3,10494,5708,24744,23237,206226,206227,206223,206224,0,0,0,0
1790616692.4601269,-2,-2,-1,-7,10495,5710,24750,23241,206256,206257,206253,206254,0,0,0,0
1790616692.52377,6,8,2,2,10501,5726,24769,23252,206286,206287,206283,206284,0,0,0,0
1790616692.58231,-6,4,5,3,10489,5754,24816,23246,206316,206317,206313,206314,0,0,0,0
1790616692.620914,-30,3,5,2,10504,5780,24859,23266,206346,206347,206343,206344,0,0,0,0
1790616692.682137,4,1,0,-2,10506,5761,24868,23290,206376,206377,206373,206374,0,0,0,0
1790616692.74134,-3,-2,-4,3,10518,5746,24852,23304,206406,206407,206403,206404,0,0,0,0
1790616692.782301,-3,-1,-5,-3,10530,5722,24825,23318,206436,206437,206433,206434,0,0,0,0
1790616692.8404968,-2,2,3,-1,10547,5716,24820,23337,206466,206467,206463,206464,0,0,0,0
1790616692.9002812,2,-1,-1,1,10552,5722,24835,23348,206526,206527,206523,206524,0,0,0,0
1790616692.941972,4,4,-2,-1,10549,5726,24846,23348,206556,206557,206553,206554,0,0,0,0
1790616693.0011032,0,-1,4,-5,10549,5732,24855,23349,206586,206587,206583,206584,0,0,0,0
1790616693.0611541,3,-3,6,0,10546,5735,24864,23352,206616,206617,206613,206614,0,0,0,0
1790616693.1209369,0,-1,-3,2,10547,5736,24871,23356,206646,206647,206643,206644,0,0,0,0
1790616693.183715,-1,2,1,2,10549,5736,24875,23362,206676,206677,206673,206674,0,0,0,0
1790616693.242721,10,1,-2,5,10553,5736,24878,23369,206706,206707,206703,206704,0,0,0,0
1790616693.282742,1,0,0,2,10558,5734,24880,23374,206736,206737,206733,206734,0,0,0,0
1790616693.3409238,-1,2,-3,-2,10561,5733,24886,23382,206766,206767,206763,206764,0,0,0,0
1790616693.400529,1,1,-2,4,10564,5734,24890,23388,206796,206797,206793,206794,0,0,0,0
1790616693.4409258,-3,0,-1,-3,10567,5733,24893,23394,206826,206827,206823,206824,0,0,0,0
1790616693.501512,-5,0,-4,5,10570,5734,24896,23397,206856,206857,206853,206854,0,0,0,0
1790616693.541408,-2,6,-1,0,10571,5734,24896,23401,206886,206887,206883,206884,0,0,0,0
1790616693.601305,-3,4,-2,1,10577,5735,24907,23413,206946,206947,206943,206944,0,0,0,0
1790616693.641896,-6,0,-2,-3,10580,5733,24907,23418,206976,206977,206973,206974,0,0,0,0
1790616693.7014,2,-1,1,-1,10581,5732,24908,23421,207006,207007,207003,207004,0,0,0,0
1790616693.742246,0,-4,-6,0,10584,5735,24914,23424,207036,207037,207033,207034,0,0,0,0
1790616693.801586,-2,-1,-9,-3,10588,5738,24919,23429,207066,207067,207063,207064,0,0,0,0
1790616693.8613398,-2,0,-4,-3,10590,5736,24922,23434,207096,207097,207093,207094,0,0,0,0
1790616693.921241,-2,1,-3,-5,10595,5734,24921,23442,207126,207127,207123,207124,0,0,0,0
1790616693.961534,-2,-6,-7,-3,10598,5721,24917,23447,207156,207157,207153,207154,0,0,0,0
1790616694.023577,-3,0,1,6,10617,5715,24905,23465,207186,207187,207183,207184,0,0,0,0
1790616694.061648,-4,-5,-1,1,10631,5720,24903,23473,207216,207217,207213,207214,0,0,0,0
1790616694.121623,-3,-1,1,-1,10630,5728,24913,23477,207246,207247,207243,207244,0,0,0,0
1790616694.182519,0,-2,-2,-1,10623,5733,24926,23476,207276,207277,207273,207274,0,0,0,0
1790616694.223205,-3,-2,0,0,10621,5744,24944,23478,207306,207307,207303,207304,0,0,0,0
1790616694.28492,-6,-16,3,5,10621,5748,24957,23483,207336,207337,207333,207334,0,0,0,0
1790616694.341377,-4,4,5,5,10633,5768,24978,23501,207366,207367,207363,207364,0,0,0,0
1790616694.3834891,2,3,-3,-2,10621,5783,25008,23489,207396,207397,207393,207394,0,0,0,0
1790616694.441323,1,0,-2,0,10619,5780,25015,23496,207426,207427,207423,207424,0,0,0,0
1790616694.483058,6,2,4,6,10627,5776,25015,23509,207456,207457,207453,207454,0,0,0,0
1790616694.541301,0,-3,-6,1,10634,5771,25014,23521,207486,207487,207483,207484,0,0,0,0
1790616694.6014059,1,6,2,1,10639,5767,25012,23529,207516,207517,207513,207514,0,0,0,0
1790616694.641703,-5,0,6,3,10642,5765,25014,23536,207546,207547,207543,207544,0,0,0,0
1790616694.7011478,-1,-2,1,0,10646,5779,25037,23547,207606,207607,207603,207604,0,0,0,0
1790616694.7616,-1,4,1,3,10638,5810,25088,23546,207636,207637,207633,207634,0,0,0,0
1790616694.821226,0,0,0,0,10625,5814,25096,23533,207666,207667,207663,207664,0,0,0,0
1790616694.8615732,0,-2,-5,1,10630,5808,25092,23540,207696,207697,207693,207694,0,0,0,0
1790616694.92123,-3,-3,-5,4,10650,5795,25075,23558,207726,207727,207723,207724,0,0,0,0
1790616694.961493,2,0,-3,6,10679,5786,25065,23592,207756,207757,207753,207754,0,0,0,0
1790616695.021961,-1,2,2,-1,10697,5787,25066,23618,207786,207787,207783,207784,0,0,0,0
1790616695.082787,3,7,0,3,10711,5801,25092,23645,207816,207817,207813,207814,0,0,0,0
1790616695.141278,3,2,0,4,10712,5798,25100,23643,207846,207847,207843,207844,0,0,0,0
1790616695.182694,2,-4,-1,1,10723,5780,25090,23663,207876,207877,207873,207874,0,0,0,0
1790616695.244874,3,1,-3,-1,10744,5768,25071,23684,207906,207907,207903,207904,0,0,0,0
1790616695.3015099,2,1,-1,-4,10761,5761,25056,23699,207966,207967,207963,207964,0,0,0,0
1790616695.344842,5,3,-2,1,10764,5763,25055,23700,207996,207997,207993,207994,0,0,0,0
1790616695.401817,1,6,-4,-4,10757,5754,25050,23693,208026,208027,208023,208024,0,0,0,0
1790616695.481337,4,0,4,1,10732,5765,25070,23678,208056,208057,208053,208054,0,0,0,0
1790616695.521468,-2,-2,-2,1,10759,5791,25118,23711,208086,208087,208083,208084,0,0,0,0
1790616695.5834901,2,-3,-1,2,10774,5767,25120,23746,208116,208117,208113,208114,0,0,0,0
1790616695.621471,2,-4,0,-1,10792,5753,25098,23768,208146,208147,208143,208144,0,0,0,0
1790616695.681355,-2,2,0,-6,10800,5746,25096,23781,208176,208177,208173,208174,0,0,0,0
1790616695.721764,-2,-5,-2,-4,10803,5751,25101,23786,208206,208207,208203,208204,0,0,0,0
1790616695.783633,-8,4,3,-1,10785,5770,25115,23773,208236,208237,208233,208234,0,0,0,0
1790616695.8414478,3,2,3,5,10764,5801,25160,23766,208266,208267,208263,208264,0,0,0,0
1790616695.882327,-4,-1,10,6,10768,5800,25189,23781,208296,208297,208293,208294,0,0,0,0
1790616695.943053,4,1,-2,3,10777,5794,25193,23796,208326,208327,208323,208324,0,0,0,0
1790616695.984223,-7,4,2,-2,10782,5789,25191,23802,208356,208357,208353,208354,0,0,0,0
1790616696.04339,37,51,34,49,11176,6337,25496,24137,208386,208387,208383,208384,0,0,0,0
1790616696.101422,38,37,28,22,13284,8344,27593,26360,208446,208447,208443,208444,0,0,0,0
1790616696.144064,28,30,32,39,14124,9181,28415,27129,208476,208477,208473,208474,0,0,0,0
1790616696.201461,36,31,40,36,15140,10282,29384,28103,208506,208507,208503,208504,0,0,0,0
1790616696.265527,30,28,34,31,16175,11267,30550,29084,208536,208537,208533,208534,0,0,0,0
1790616696.321314,34,40,35,41,17181,12338,31554,30139,208566,208567,208563,208564,0,0,0,0
1790616696.382394,44,38,35,33,18293,13350,32652,31051,208596,208597,208593,208594,0,0,0,0
1790616696.421674,37,43,36,50,19325,14330,982,32215,208626,208627,208623,208624,0,0,0,0
1790616696.482442,45,35,33,43,20393,15295,2070,527,208656,208657,208653,208654,0,0,0,0
1790616696.5427048,38,37,37,47,21474,16363,3202,1689,208686,208687,208683,208684,0,0,0,0
1790616696.60172,40,33,39,40,22517,17450,4308,2768,208716,208717,208713,208714,0,0,0,0
1790616696.643391,36,29,42,36,23576,18585,5420,3708,208746,208747,208743,208744,0,0,0,0
1790616696.701717,37,41,36,36,25805,20827,7570,5819,208806,208807,208803,208804,0,0,0,0
1790616696.76123,39,36,44,32,26987,21920,8602,6891,208836,208837,208833,208834,0,0,0,0
1790616696.8214111,29,36,43,33,28038,23023,9686,7940,208866,208867,208863,208864,0,0,0,0
1790616696.882956,41,39,53,34,29108,24057,10790,9117,208896,208897,208893,208894,0,0,0,0
1790616696.943421,37,40,41,32,30138,25140,11930,10173,208926,208927,208923,208924,0,0,0,0
1790616697.0014489,42,39,29,35,31168,26154,12986,11300,208956,208957,208953,208954,0,0,0,0
1790616697.04345,35,39,27,35,32182,27078,14034,12261,208986,208987,208983,208984,0,0,0,0
1790616697.1017542,35,34,27,31,1242,28903,15813,14036,209046,209047,209043,209044,0,0,0,0
1790616697.161302,28,34,24,22,2124,29726,16611,14876,209076,209077,209073,209074,0,0,0,0
1790616697.221229,29,21,24,24,2814,30503,17382,15548,209106,209107,209103,209104,0,0,0,0
1790616697.281187,22,23,27,28,3526,31186,18103,16257,209136,209137,209133,209134,0,0,0,0
1790616697.343031,20,29,19,21,4119,31700,18724,16894,209166,209167,209163,209164,0,0,0,0
1790616697.401692,21,22,16,14,5009,55,19875,17818,209226,209227,209223,209224,0,0,0,0
1790616697.44463,13,11,15,17,5535,541,20314,18272,209256,209257,209253,209254,0,0,0,0
1790616697.50124,17,11,9,15,6018,991,20718,18680,209286,209287,209283,209284,0,0,0,0
1790616697.561159,8,10,16,9,6488,1309,21030,19136,209316,209317,209313,209314,0,0,0,0
1790616697.601314,12,10,12,17,6842,1632,21382,19552,209346,209347,209343,209344,0,0,0,0
1790616697.6643379,6,10,11,9,7093,1929,21833,19967,209376,209377,209373,209374,0,0,0,0
1790616697.721289,11,13,13,12,7230,2094,22114,20241,209406,209407,209403,209404,0,0,0,0
1790616697.781208,14,7,11,12,7558,2333,22435,20605,209436,209437,209433,209434,0,0,0,0
1790616697.8213341,3,6,5,0,7874,2559,22654,20841,209466,209467,209463,209464,0,0,0,0
1790616697.881485,7,12,10,11,8129,2783,22776,20995,209496,209497,209493,209494,0,0,0,0
1790616697.943255,14,3,8,6,8420,3044,22966,21183,209526,209527,209523,209524,0,0,0,0
1790616698.0015218,7,4,7,8,8658,3244,23175,21383,209556,209557,209553,209554,0,0,0,0
1790616698.047319,5,4,8,12,8821,3387,23385,21617,209586,209587,209583,209584,0,0,0,0
1790616698.1013288,-1,4,13,9,9093,3667,23883,22140,209646,209647,209643,209644,0,0,0,0
1790616698.1613178,-1,4,3,10,9207,3812,24171,22388,209676,209677,209673,209674,0,0,0,0
1790616698.202023,3,3,4,0,9184,3868,24270,22402,209706,209707,209703,209704,0,0,0,0
1790616698.263246,0,0,0,-1,9132,3909,24312,22347,209736,209737,209733,209734,0,0,0,0
1790616698.321565,2,2,-1,-4,9099,3959,24345,22308,209766,209767,209763,209764,0,0,0,0
1790616698.362445,-2,1,4,1,9079,3987,24366,22285,209796,209797,209793,209794,0,0,0,0
1790616698.422216,4,-3,3,-1,9077,3992,24372,22282,209826,209827,209823,209824,0,0,0,0
1790616698.48117,4,0,-1,0,9083,3980,24367,22291,209856,209857,209853,209854,0,0,0,0
1790616698.521934,-10,-4,-1,-7,9089,3966,24354,22294,209886,209887,209883,209884,0,0,0,0
1790616698.581451,4,-3,4,1,9099,3966,24347,22297,209916,209917,209913,209914,0,0,0,0
1790616698.621551,6,-2,-4,1,9093,3966,24353,22295,209946,209947,209943,209944,0,0,0,0
1790616698.681317,-5,4,1,1,9083,3978,24361,22285,209976,209977,209973,209974,0,0,0,0
1790616698.722427,1,-2,1,-1,9077,3983,24368,22277,210006,210007,210003,210004,0,0,0,0
1790616698.781568,0,-5,1,-2,9074,3985,24371,22274,210036,210037,210033,210034,0,0,0,0
1790616698.844262,1,-2,3,-4,9072,3979,24368,22274,210066,210067,210063,210064,0,0,0,0
1790616698.883915,1,-1,-7,1,9074,3968,24363,22276,210096,210097,210093,210094,0,0,0,0
1790616698.941789,0,0,4,-1,9077,3961,24358,22281,210126,210127,210123,210124,0,0,0,0
1790616699.0014641,4,0,2,-2,9117,3929,24345,22323,210186,210187,210183,210184,0,0,0,0
1790616699.044626,7,1,6,1,9110,3936,24347,22318,210216,210217,210213,210214,0,0,0,0
1790616699.1013162,2,6,-3,-1,9099,3952,24360,22306,210246,210247,210243,210244,0,0,0,0
1790616699.161145,-2,6,-3,1,9090,3969,24369,22296,210276,210277,210273,210274,0,0,0,0
1790616699.2014341,1,4,32,2,9091,3975,24374,22296,210306,210307,210303,210304,0,0,0,0
1790616699.2622259,4,-5,-4,3,9097,3972,24370,22303,210336,210337,210333,210334,0,0,0,0
1790616699.301475,-2,3,-8,4,9106,3968,24367,22309,210366,210367,210363,210364,0,0,0,0
1790616699.362232,6,-8,-4,7,9175,3885,24336,22356,210396,210397,210393,210394,0,0,0,0
1790616699.421303,60,-40,-15,24,9767,3330,24061,22759,210426,210427,210423,210424,0,0,0,0
1790616699.4617028,54,-97,-68,80,11765,1622,22986,24062,210456,210457,210453,210454,0,0,0,0
1790616699.521315,77,-59,-67,62,13361,32509,21150,26049,210486,210487,210483,210484,0,0,0,0
1790616699.561981,66,-71,-69,71,15241,30613,19239,27959,210516,210517,210513,210514,0,0,0,0
1790616699.621431,69,-81,-75,66,17403,28593,17079,30125,210546,210547,210543,210544,0,0,0,0
1790616699.6620202,71,-73,-68,83,19436,26579,14987,32204,210576,210577,210573,210574,0,0,0,0
1790616699.7214,62,-69,-69,65,21300,24669,13096,1255,210606,210607,210603,210604,0,0,0,0
1790616699.781565,61,-52,-45,49,22909,23185,11486,2876,210636,210637,210633,210634,0,0,0,0
1790616699.821511,48,-43,-46,48,24195,21877,10176,4224,210666,210667,210663,210664,0,0,0,0
1790616699.8815832,40,-57,-41,42,25442,20637,8912,5399,210696,210697,210693,210694,0,0,0,0
1790616699.941659,44,-47,-45,45,26712,19352,7723,6672,210726,210727,210723,210724,0,0,0,0
1790616700.001599,50,-69,-64,47,28079,17904,6230,8006,210756,210757,210753,210754,0,0,0,0
1790616700.043445,63,-68,-63,72,31401,14601,2907,11423,210816,210817,210813,210814,0,0,0,0
1790616700.1029818,75,-58,-64,80,375,12781,1067,13164,210846,210847,210843,210844,0,0,0,0
1790616700.161257,48,-63,-71,50,2178,11029,32013,15068,210876,210877,210873,210874,0,0,0,0
1790616700.201329,61,-52,-56,65,3955,9372,30342,16759,210906,210907,210903,210904,0,0,0,0
1790616700.262214,51,-45,-51,50,5435,7863,28753,18337,210936,210937,210933,210934,0,0,0,0
1790616700.32125,43,-52,-65,44,6865,6511,27323,19663,210966,210967,210963,210964,0,0,0,0
1790616700.361991,49,-52,-52,44,8225,5089,25989,21101,210996,210997,210993,210994,0,0,0,0
1790616700.4213219,62,-61,-48,59,9691,3638,24474,22522,211026,211027,211023,211024,0,0,0,0
1790616700.4614122,56,-48,-63,59,11263,2198,22959,24045,211056,211057,211053,211054,0,0,0,0
1790616700.521226,62,-53,-57,60,12827,514,21317,25790,211086,211087,211083,211084,0,0,0,0
1790616700.561286,67,-60,-63,64,14539,31569,19618,27452,211116,211117,211113,211114,0,0,0,0
1790616700.621153,47,-63,-73,54,16219,30015,18005,29113,211146,211147,211143,211144,0,0,0,0
1790616700.681257,65,-59,-57,62,17836,28356,16317,30772,211176,211177,211173,211174,0,0,0,0
1790616700.7215621,55,-42,-55,59,19440,26809,14736,32398,211206,211207,211203,211204,0,0,0,0
1790616700.80285,59,-61,-56,50,22499,23769,11689,2640,211266,211267,211263,211264,0,0,0,0
1790616700.8612459,57,-49,-48,58,23959,22279,10225,4205,211296,211297,211293,211294,0,0,0,0
1790616700.921317,49,-56,-57,47,25403,20944,8751,5602,211326,211327,211323,211324,0,0,0,0
1790616700.982471,46,-42,-53,39,26750,19591,7458,6958,211356,211357,211353,211354,0,0,0,0
1790616701.043884,33,-46,-42,40,27967,18444,6138,8152,211386,211387,211383,211384,0,0,0,0
1790616701.081732,34,-31,-33,31,29020,17311,5123,9274,211416,211417,211413,211414,0,0,0,0
1790616701.145225,37,-30,-40,30,29903,16437,4190,10185,211446,211447,211443,211444,0,0,0,0
1790616701.202398,21,-19,-25,20,31431,14947,2669,11746,211506,211507,211503,211504,0,0,0,0
1790616701.243268,25,-25,-17,21,32059,14342,2058,12389,211536,211537,211533,211534,0,0,0,0
1790616701.3031092,16,-18,-21,20,32595,13786,1480,12870,211566,211567,211563,211564,0,0,0,0
1790616701.361135,22,-25,-15,20,339,13272,971,13461,211596,211597,211593,211594,0,0,0,0
1790616701.403538,13,-17,-22,18,837,12776,497,13914,211626,211627,211623,211624,0,0,0,0
1790616701.461343,11,-18,-17,16,1236,12390,61,14333,211656,211657,211653,211654,0,0,0,0
1790616701.503586,12,-14,-16,8,1605,11991,32450,14734,211686,211687,211683,211684,0,0,0,0
1790616701.561274,15,-11,-12,12,1967,11627,32091,15031,211716,211717,211713,211714,0,0,0,0
1790616701.6212218,10,-13,-12,15,2276,11290,31678,15342,211746,211747,211743,211744,0,0,0,0
1790616701.661268,16,-19,-15,17,2658,10881,31309,15764,211776,211777,211773,211774,0,0,0,0
1790616701.721596,21,-19,-20,15,3155,10417,30849,16216,211806,211807,211803,211804,0,0,0,0
1790616701.769771,18,-21,-18,15,3654,9952,30362,16717,211836,211837,211833,211834,0,0,0,0
1790616701.822753,15,-17,-12,15,4116,9425,29919,17246,211866,211867,211863,211864,0,0,0,0
1790616701.8815758,11,-14,-19,15,4499,9066,29458,17598,211896,211897,211893,211894,0,0,0,0
1790616701.9215128,13,-10,-20,14,4840,8685,29066,18016,211926,211927,211923,211924,0,0,0,0
1790616701.9815328,19,-13,-12,9,5279,8257,28702,18435,211956,211957,211953,211954,0,0,0,0
1790616702.041676,13,-16,-17,13,5701,7861,28294,18817,211986,211987,211983,211984,0,0,0,0
1790616702.0813482,13,-8,-18,16,6094,7499,27885,19246,212016,212017,212013,212014,0,0,0,0
1790616702.1611772,6,-14,-6,7,6644,7030,27367,19723,212076,212077,212073,212074,0,0,0,0
1790616702.202962,4,-3,-7,-2,6747,6953,27258,19807,212106,212107,212103,212104,0,0,0,0
1790616702.261516,-1,-2,3,0,6787,6918,27206,19848,212136,212137,212133,212134,0,0,0,0
1790616702.321368,3,-10,-2,3,6798,6907,27190,19860,212166,212167,212163,212164,0,0,0,0
1790616702.361464,4,4,-1,2,6785,6919,27202,19849,212196,212197,212193,212194,0,0,0,0
1790616702.4215128,3,4,0,-2,6760,6941,27231,19823,212226,212227,212223,212224,0,0,0,0
1790616702.481355,-3,-2,-2,-2,6734,6967,27267,19796,212256,212257,212253,212254,0,0,0,0
1790616702.521427,0,1,-3,-1,6707,6992,27298,19770,212286,212287,212283,212284,0,0,0,0
1790616702.581148,-3,5,-1,-5,6685,7010,27324,19750,212316,212317,212313,212314,0,0,0,0
1790616702.621543,0,0,3,1,6670,7024,27342,19736,212346,212347,212343,212344,0,0,0,0
1790616702.681251,5,-1,0,4,6664,7028,27350,19729,212376,212377,212373,212374,0,0,0,0
1790616702.741228,5,0,1,-3,6659,7032,27354,19727,212406,212407,212403,212404,0,0,0,0
1790616702.781621,8,1,-2,-2,6656,7035,27359,19723,212436,212437,212433,212434,0,0,0,0
1790616702.8416278,-2,4,1,-3,6654,7040,27363,19721,212466,212467,212463,212464,0,0,0,0
1790616702.902852,-3,1,4,6,6641,7052,27377,19710,212526,212527,212523,212524,0,0,0,0
1790616702.9429288,1,-3,-4,-2,6632,7054,27382,19701,212556,212557,212553,212554,0,0,0,0
1790616703.004779,-2,-2,1,7,6631,7065,27394,19697,212586,212587,212583,212584,0,0,0,0
1790616703.0613499,-2,1,1,1,6625,7069,27405,19694,212616,212617,212613,212614,0,0,0,0
1790616703.121522,-1,-2,-3,1,6625,7070,27406,19694,212646,212647,212643,212644,0,0,0,0
1790616703.161495,3,2,0,0,6623,7069,27406,19692,212676,212677,212673,212674,0,0,0,0
1790616703.2214851,-2,5,2,0,6626,7068,27405,19694,212706,212707,212703,212704,0,0,0,0
1790616703.281146,0,-1,-8,-3,6630,7065,27401,19698,212736,212737,212733,212734,0,0,0,0
1790616703.341223,-2,-1,1,-2,6636,7061,27397,19703,212766,212767,212763,212764,0,0,0,0
1790616703.40137,2,-2,3,-2,6637,7065,27400,19704,212826,212827,212823,212824,0,0,0,0
1790616703.441492,-2,-1,0,-2,6632,7071,27407,19698,212856,212857,212853,212854,0,0,0,0
1790616703.502389,0,-5,2,0,6627,7075,27413,19694,212886,212887,212883,212884,0,0,0,0
1790616703.561273,-2,0,3,2,6624,7076,27416,19692,212916,212917,212913,212914,0,0,0,0
1790616703.60187,3,-3,-4,2,6625,7076,27414,19692,212946,212947,212943,212944,0,0,0,0
1790616703.6613069,-2,-1,-2,0,6626,7073,27412,19693,212976,212977,212973,212974,0,0,0,0
1790616703.7031958,1,1,-5,-4,6629,7072,27412,19694,213006,213007,213003,213004,0,0,0,0
1790616703.769804,-5,-3,-2,-6,6632,7075,27413,19696,213036,213037,213033,213034,0,0,0,0
1790616703.821515,-3,2,-3,2,6630,7078,27415,19694,213066,213067,213063,213064,0,0,0,0
1790616703.861344,19,-7,0,-2,6628,7081,27418,19691,213096,213097,213093,213094,0,0,0,0
1790616703.921504,-3,-2,-3,-3,6623,7083,27421,19688,213126,213127,213123,213124,0,0,0,0
1790616703.981455,-1,-3,-5,-2,6625,7086,27426,19687,213156,213157,213153,213154,0,0,0,0
1790616704.043048,3,2,-1,21,6667,7106,27447,19723,213186,213187,213183,213184,0,0,0,0
1790616704.081575,1,0,1,5,6687,7094,27431,19737,213216,213217,213213,213214,0,0,0,0
1790616704.1425788,-2,8,-1,6,6676,7107,27442,19727,213276,213277,213273,213274,0,0,0,0
1790616704.2048278,-5,-2,1,1,6666,7119,27456,19718,213306,213307,213303,213304,0,0,0,0
1790616704.264152,0,-2,2,0,6657,7127,27469,19710,213336,213337,213333,213334,0,0,0,0
1790616704.3410702,-3,-1,5,0,6654,7133,27476,19706,213366,213367,213363,213364,0,0,0,0
1790616704.402345,-11,3,13,-1,6646,7139,27485,19700,213426,213427,213423,213424,0,0,0,0
1790616704.464442,5,-4,-6,-2,6644,7143,27490,19697,213456,213457,213453,213454,0,0,0,0
1790616704.5212932,-1,3,1,3,6639,7141,27488,19689,213486,213487,213483,213484,0,0,0,0
1790616704.581512,4,1,-2,1,6657,7156,27509,19711,213516,213517,213513,213514,0,0,0,0
1790616704.6215,-1,0,1,3,6667,7159,27513,19719,213546,213547,213543,213544,0,0,0,0
1790616704.6813362,1,2,5,3,6670,7160,27517,19724,213576,213577,213573,213574,0,0,0,0
1790616704.741107,0,1,-1,-1,6670,7164,27521,19722,213606,213607,213603,213604,0,0,0,0
1790616704.801535,2,0,-1,-3,6665,7170,27529,19719,213666,213667,213663,213664,0,0,0,0
1790616704.841332,0,2,3,-4,6668,7171,27531,19720,213696,213697,213693,213694,0,0,0,0
1790616704.9028952,3,0,-3,-2,6671,7169,27530,19723,213726,213727,213723,213724,0,0,0,0
1790616704.962583,0,2,-2,2,6675,7168,27528,19726,213756,213757,213753,213754,0,0,0,0
1790616705.0031428,-2,0,1,1,6679,7170,27530,19728,213786,213787,213783,213784,0,0,0,0
1790616705.0637,2,0,4,1,6681,7173,27530,19728,213816,213817,213813,213814,0,0,0,0
1790616705.1213078,-4,-5,1,-1,6681,7174,27534,19726,213846,213847,213843,213844,0,0,0,0
1790616705.181115,1,1,3,0,6687,7188,27557,19742,213876,213877,213873,213874,0,0,0,0
1790616705.221816,-5,-8,2,0,6689,7194,27566,19747,213906,213907,213903,213904,0,0,0,0
1790616705.281399,0,-4,7,2,6689,7198,27571,19746,213936,213937,213933,213934,0,0,0,0
1790616705.341509,0,-2,-5,-3,6693,7202,27573,19749,213996,213997,213993,213994,0,0,0,0
1790616705.401291,1,-5,-1,-1,6694,7203,27575,19748,214026,214027,214023,214024,0,0,0,0
1790616705.462204,3,-5,-3,-1,6699,7200,27574,19752,214056,214057,214053,214054,0,0,0,0
1790616705.502267,3,1,-3,-1,6704,7195,27569,19755,214086,214087,214083,214084,0,0,0,0
1790616705.5628102,1,-1,-4,-7,6711,7196,27567,19761,214116,214117,214113,214114,0,0,0,0
1790616705.621227,5,1,-5,-2,6719,7200,27567,19765,214146,214147,214143,214144,0,0,0,0
1790616705.663569,3,-6,-4,-4,6724,7180,27549,19770,214176,214177,214173,214174,0,0,0,0
1790616705.721855,4,0,-5,0,6772,7188,27545,19815,214206,214207,214203,214204,0,0,0,0
1790616705.7812202,7,-1,3,4,6785,7187,27545,19825,214236,214237,214233,214234,0,0,0,0
1790616705.821461,-1,4,2,0,6784,7191,27548,19827,214266,214267,214263,214264,0,0,0,0
1790616705.8813682,5,1,-1,0,6779,7197,27557,19822,214296,214297,214293,214294,0,0,0,0
1790616705.9213362,0,-3,-5,3,6776,7206,27564,19816,214326,214327,214323,214324,0,0,0,0
1790616705.981097,-1,-1,-2,2,6771,7210,27572,19812,214356,214357,214353,214354,0,0,0,0
1790616706.0229928,1,1,1,4,6773,7214,27575,19812,214386,214387,214383,214384,0,0,0,0
1790616706.081259,-3,16,-2,1,6777,7213,27572,19815,214416,214417,214413,214414,0,0,0,0
1790616706.1411572,4,-1,-3,-3,6781,7212,27569,19818,214446,214447,214443,214444,0,0,0,0
1790616706.181476,-4,-4,2,0,6782,7211,27569,19817,214476,214477,214473,214474,0,0,0,0
1790616706.2410932,-1,-1,1,-10,6778,7205,27562,19809,214506,214507,214503,214504,0,0,0,0
1790616706.301147,1,-2,-3,-3,6806,7185,27536,19840,214566,214567,214563,214564,0,0,0,0
1790616706.341172,0,5,2,-3,6805,7196,27545,19835,214596,214597,214593,214594,0,0,0,0
1790616706.403084,4,1,7,-3,6799,7212,27560,19825,214626,214627,214623,214624,0,0,0,0
1790616706.46417,4,-5,2,-1,6797,7223,27568,19822,214656,214657,214653,214654,0,0,0,0
1790616706.5021598,-2,2,0,3,6799,7229,27572,19821,214686,214687,214683,214684,0,0,0,0
1790616706.564336,2,0,-1,0,6803,7232,27574,19823,214716,214717,214713,214714,0,0,0,0
1790616706.603592,-5,4,5,3,6804,7236,27576,19822,214746,214747,214743,214744,0,0,0,0
1790616706.681279,0,-3,-2,-3,6805,7246,27582,19822,214776,214777,214773,214774,0,0,0,0
1790616706.721372,4,3,3,1,6805,7254,27589,19821,214806,214807,214803,214804,0,0,0,0
1790616706.781109,-2,6,-5,-1,6807,7262,27594,19821,214836,214837,214833,214834,0,0,0,0
1790616706.821525,-1,3,-3,4,6812,7262,27596,19824,214866,214867,214863,214864,0,0,0,0
1790616706.8811631,3,1,1,4,6821,7260,27592,19833,214896,214897,214893,214894,0,0,0,0
1790616706.941372,-2,-1,2,2,6824,7267,27594,19836,214926,214927,214923,214924,0,0,0,0
1790616706.9814131,1,1,1,1,6825,7272,27599,19836,214956,214957,214953,214954,0,0,0,0
1790616707.041437,-2,-5,-6,-1,6826,7277,27604,19835,214986,214987,214983,214984,0,0,0,0
1790616707.1013088,-4,-10,8,-1,6836,7280,27607,19839,215046,215047,215043,215044,0,0,0,0
1790616707.1413262,-4,-10,8,-1,6836,7280,27607,19839,215046,215047,215043,215044,0,0,0,0
1790616707.201796,-11,-4,-2,-2,6844,7282,27605,19845,215106,215107,215103,215104,0,0,0,0
1790616707.241386,-11,-4,-2,-2,6844,7282,27605,19845,215106,215107,215103,215104,0,0,0,0
1790616707.301677,2,-1,1,-1,6851,7291,27612,19850,215166,215167,215163,215164,0,0,0,0
1790616707.363353,-6,-2,-3,0,6854,7290,27613,19852,215196,215197,215193,215194,0,0,0,0
1790616707.401186,-6,-3,-7,-1,6857,7291,27613,19855,215226,215227,215223,215224,0,0,0,0
1790616707.4630258,3,-2,-2,-1,6863,7293,27613,19861,215256,215257,215253,215254,0,0,0,0
1790616707.52074,-2,-1,0,1,6869,7296,27614,19865,215286,215287,215283,215284,0,0,0,0
1790616707.564237,-1,1,3,-1,6876,7299,27617,19872,215316,215317,215313,215314,0,0,0,0
1790616707.621251,0,-2,-3,1,6885,7301,27616,19880,215346,215347,215343,215344,0,0,0,0
1790616707.6812549,-2,2,-1,-2,6893,7301,27613,19888,215376,215377,215373,215374,0,0,0,0
1790616707.7410638,2,2,5,-1,6904,7313,27620,19901,215406,215407,215403,215404,0,0,0,0
1790616707.801155,-6,2,0,0,6934,7345,27635,19916,215436,215437,215433,215434,0,0,0,0
1790616707.8412879,4,5,2,4,6937,7360,27657,19931,215496,215497,215493,215494,0,0,0,0
1790616707.901031,3,1,8,4,6937,7364,27666,19932,215526,215527,215523,215524,0,0,0,0
1790616707.9416032,-1,-1,5,1,6936,7365,27671,19931,215556,215557,215553,215554,0,0,0,0
1790616708.0016088,0,-1,-4,0,6933,7369,27676,19930,215586,215587,215583,215584,0,0,0,0
1790616708.062816,-5,-3,0,4,6933,7374,27683,19932,215616,215617,215613,215614,0,0,0,0
1790616708.101383,-3,-1,0,-3,6933,7376,27688,19936,215646,215647,215643,215644,0,0,0,0
1790616708.162289,-4,-4,3,-3,6935,7373,27689,19941,215676,215677,215673,215674,0,0,0,0
1790616708.201448,-3,-5,2,-4,6936,7372,27689,19942,215706,215707,215703,215704,0,0,0,0
1790616708.270905,-15,-1,2,-4,6937,7373,27692,19943,215736,215737,215733,215734,0,0,0,0
1790616708.321121,-3,-8,7,-2,6937,7374,27696,19945,215766,215767,215763,215764,0,0,0,0
1790616708.3620548,-5,8,-1,1,6941,7374,27694,19950,215796,215797,215793,215794,0,0,0,0
1790616708.421054,1,3,2,0,6974,7414,27725,19986,215826,215827,215823,215824,0,0,0,0
1790616708.463318,2,-4,0,-5,6982,7422,27731,19988,215856,215857,215853,215854,0,0,0,0
1790616708.521149,-3,0,-4,-2,6976,7413,27739,19999,215886,215887,215883,215884,0,0,0,0
1790616708.56208,-4,-2,4,-1,6980,7407,27731,20004,215916,215917,215913,215914,0,0,0,0
1790616708.6211572,-3,3,-6,-2,6988,7401,27725,20013,215946,215947,215943,215944,0,0,0,0
1790616708.663361,0,2,4,-2,6990,7396,27720,20017,215976,215977,215973,215974,0,0,0,0
1790616708.7213628,2,-31,-4,0,6989,7397,27721,20018,216006,216007,216003,216004,0,0,0,0
1790616708.781285,4,-1,-2,1,6991,7403,27724,20019,216036,216037,216033,216034,0,0,0,0
1790616708.821141,2,1,-7,0,6990,7406,27727,20018,216066,216067,216063,216064,0,0,0,0
1790616708.887229,-5,1,1,0,6979,7412,27726,20003,216096,216097,216093,216094,0,0,0,0
1790616708.941267,-4,3,1,5,6967,7453,27761,19988,216126,216127,216123,216124,0,0,0,0
1790616708.981424,0,3,-3,-2,6981,7463,27775,20001,216156,216157,216153,216154,0,0,0,0
1790616709.0413818,-2,3,-3,1,6983,7465,27776,20007,216186,216187,216183,216184,0,0,0,0
1790616709.081475,6,4,2,3,6992,7472,27782,20015,216216,216217,216213,216214,0,0,0,0
1790616709.141205,-1,3,-1,1,7005,7465,27773,20027,216246,216247,216243,216244,0,0,0,0
1790616709.181281,-2,3,2,-4,7020,7451,27756,20049,216276,216277,216273,216274,0,0,0,0
1790616709.2412438,-2,2,5,2,7030,7462,27762,20052,216306,216307,216303,216304,0,0,0,0
1790616709.2814379,3,4,3,-25,7026,7468,27767,20047,216336,216337,216333,216334,0,0,0,0
1790616709.341096,1,-1,0,0,7025,7475,27772,20047,216366,216367,216363,216364,0,0,0,0
1790616709.381406,4,-1,-4,-3,7029,7475,27775,20049,216396,216397,216393,216394,0,0,0,0
1790616709.4413052,2,-1,-1,1,7030,7477,27773,20051,216426,216427,216423,216424,0,0,0,0
1790616709.501459,0,-7,-6,0,7037,7482,27777,20054,216486,216487,216483,216484,0,0,0,0
1790616709.5416892,0,-7,-6,0,7037,7482,27777,20054,216486,216487,216483,216484,0,0,0,0
1790616709.600993,0,-1,0,1,7036,7487,27782,20055,216546,216547,216543,216544,0,0,0,0
1790616709.6414878,6,2,-4,3,7056,7487,27782,20075,216576,216577,216573,216574,0,0,0,0
1790616709.701026,1,2,-8,0,7074,7474,27766,20099,216606,216607,216603,216604,0,0,0,0
1790616709.771775,3,-1,3,0,7078,7477,27768,20103,216636,216637,216633,216634,0,0,0,0
1790616709.821685,-3,-1,-3,-4,7071,7487,27776,20096,216666,216667,216663,216664,0,0,0,0
1790616709.861748,0,1,-2,-1,7068,7493,27782,20090,216696,216697,216693,216694,0,0,0,0
1790616709.921793,-5,0,-4,-2,7052,7503,27785,20063,216726,216727,216723,216724,0,0,0,0
1790616709.981364,-1,2,-1,-1,7050,7545,27821,20067,216756,216757,216753,216754,0,0,0,0
1790616710.041395,-2,1,0,-3,7059,7549,27826,20074,216786,216787,216783,216784,0,0,0,0
1790616710.081447,0,-4,9,1,7062,7550,27830,20081,216816,216817,216813,216814,0,0,0,0
1790616710.1413682,1,-5,0,-1,7070,7545,27826,20088,216846,216847,216843,216844,0,0,0,0
1790616710.202812,-12,1,-3,-1,7075,7540,27822,20095,216876,216877,216873,216874,0,0,0,0
1790616710.241336,0,-3,-3,-3,7084,7536,27819,20102,216906,216907,216903,216904,0,0,0,0
1790616710.301149,-1,-2,-3,-5,7086,7538,27818,20105,216966,216967,216963,216964,0,0,0,0
1790616710.361829,-2,1,2,-3,7084,7538,27820,20103,216996,216997,216993,216994,0,0,0,0
1790616710.401387,3,-2,-6,-3,7080,7540,27822,20097,217026,217027,217023,217024,0,0,0,0
1790616710.4636621,-4,-3,-6,2,7096,7552,27839,20126,217056,217057,217053,217054,0,0,0,0
1790616710.522743,-1,5,-3,3,7122,7556,27831,20146,217086,217087,217083,217084,0,0,0,0
1790616710.581123,-4,0,4,-3,7135,7581,27838,20139,217116,217117,217113,217114,0,0,0,0
1790616710.624031,-1,1,0,-2,7120,7592,27850,20125,217146,217147,217143,217144,0,0,0,0
1790616710.681204,-3,2,-5,-4,7113,7603,27858,20114,217176,217177,217173,217174,0,0,0,0
1790616710.740913,-2,0,2,-1,7108,7607,27852,20097,217206,217207,217203,217204,0,0,0,0
1790616710.781419,5,2,-2,3,7113,7608,27859,20114,217236,217237,217233,217234,0,0,0,0
1790616710.841433,-1,1,-1,-1,7142,7632,27862,20127,217296,217297,217293,217294,0,0,0,0
1790616710.9009988,2,-2,4,-3,7145,7635,27864,20127,217326,217327,217323,217324,0,0,0,0
1790616710.941439,2,0,2,2,7148,7639,27868,20128,217356,217357,217353,217354,0,0,0,0
1790616711.0009768,4,5,2,3,7150,7645,27869,20129,217386,217387,217383,217384,0,0,0,0
1790616711.041354,3,1,0,4,7156,7647,27871,20133,217416,217417,217413,217414,0,0,0,0
1790616711.10448,-1,-3,-4,1,7159,7647,27871,20136,217446,217447,217443,217444,0,0,0,0
1790616711.181099,3,-3,2,0,7163,7647,27869,20140,217476,217477,217473,217474,0,0,0,0
1790616711.2527502,2,-1,1,2,7168,7648,27871,20145,217506,217507,217503,217504,0,0,0,0
1790616711.281526,-2,3,-1,-1,7172,7655,27887,20163,217536,217537,217533,217534,0,0,0,0
1790616711.341038,2,0,-3,0,7175,7666,27895,20163,217566,217567,217563,217564,0,0,0,0
1790616711.381566,-2,-1,1,-3,7170,7678,27906,20155,217596,217597,217593,217594,0,0,0,0
1790616711.4410958,-1,0,3,0,7164,7694,27919,20145,217626,217627,217623,217624,0,0,0,0
1790616711.484286,0,-3,0,1,7162,7709,27928,20138,217656,217657,217653,217654,0,0,0,0
1790616711.542141,0,-4,-3,6,7165,7699,27913,20130,217686,217687,217683,217684,0,0,0,0
1790616711.5815308,-3,-1,4,1,7202,7705,27918,20177,217716,217717,217713,217714,0,0,0,0
1790616711.6412,4,2,-5,0,7214,7712,27919,20182,217746,217747,217743,217744,0,0,0,0
1790616711.701173,-1,0,2,-3,7217,7718,27921,20182,217776,217777,217773,217774,0,0,0,0
1790616711.741548,-4,1,0,0,7219,7728,27928,20179,217836,217837,217833,217834,0,0,0,0
1790616711.801408,-5,-2,5,-1,7219,7729,27928,20178,217866,217867,217863,217864,0,0,0,0
1790616711.861098,-4,-3,-4,-4,7220,7730,27928,20178,217896,217897,217893,217894,0,0,0,0
1790616711.901747,-5,-6,-1,1,7223,7733,27929,20180,217926,217927,217923,217924,0,0,0,0
1790616711.9616692,-3,-5,-2,0,7224,7738,27932,20177,217956,217957,217953,217954,0,0,0,0
1790616712.00139,-4,3,-4,-1,7224,7743,27934,20175,217986,217987,217983,217984,0,0,0,0
1790616712.0631082,-1,0,2,1,7245,7783,27965,20195,218016,218017,218013,218014,0,0,0,0
1790616712.111815,-3,1,5,0,7244,7817,27986,20178,218046,218047,218043,218044,0,0,0,0
1790616712.1613598,1,0,0,-2,7271,7845,27996,20180,218076,218077,218073,218074,0,0,0,0
1790616712.221694,3,-1,0,-3,7272,7837,27993,20187,218106,218107,218103,218104,0,0,0,0
1790616712.2611651,-3,-3,5,0,7282,7834,27987,20193,218136,218137,218133,218134,0,0,0,0
1790616712.3239958,-5,-5,-4,1,7295,7815,27970,20202,218166,218167,218163,218164,0,0,0,0
1790616712.3811898,0,-1,1,3,7340,7812,27959,20255,218196,218197,218193,218194,0,0,0,0
1790616712.426419,2,-1,1,1,7354,7811,27952,20261,218226,218227,218223,218224,0,0,0,0
1790616712.481195,-2,-7,-12,1,7359,7812,27950,20263,218256,218257,218253,218254,0,0,0,0
1790616712.522624,1,-6,-3,2,7360,7817,27954,20263,218286,218287,218283,218284,0,0,0,0
1790616712.581131,-3,1,-2,-3,7357,7823,27958,20258,218316,218317,218313,218314,0,0,0,0
1790616712.6412559,2,0,-2,0,7355,7827,27963,20255,218346,218347,218343,218344,0,0,0,0
1790616712.68115,-4,0,5,-14,7357,7831,27965,20253,218376,218377,218373,218374,0,0,0,0
1790616712.741138,-2,-2,5,-1,7361,7831,27964,20255,218406,218407,218403,218404,0,0,0,0
1790616712.781589,-4,-6,1,-5,7368,7833,27963,20260,218436,218437,218433,218434,0,0,0,0
1790616712.841599,0,-1,1,-2,7375,7832,27959,20265,218466,218467,218463,218464,0,0,0,0
1790616712.901076,-1,-5,0,1,7427,7799,27923,20316,218526,218527,218523,218524,0,0,0,0
1790616712.941341,-1,2,1,-2,7452,7799,27916,20334,218556,218557,218553,218554,0,0,0,0
1790616713.001052,-6,-3,-4,-1,7459,7800,27914,20338,218586,218587,218583,218584,0,0,0,0
1790616713.04164,2,2,3,-3,7462,7810,27917,20337,218616,218617,218613,218614,0,0,0,0
1790616713.101231,2,2,-6,-2,7459,7813,27922,20332,218646,218647,218643,218644,0,0,0,0
1790616713.162225,-1,-4,-7,0,7460,7819,27925,20331,218676,218677,218673,218674,0,0,0,0
1790616713.2211552,-2,-3,3,-2,7460,7824,27928,20328,218706,218707,218703,218704,0,0,0,0
1790616713.283246,5,3,1,0,7457,7829,27929,20324,218736,218737,218733,218734,0,0,0,0
1790616713.32396,3,-5,-1,-3,7459,7840,27936,20320,218766,218767,218763,218764,0,0,0,0
1790616713.401519,-3,0,3,-2,7465,7850,27940,20319,218826,218827,218823,218824,0,0,0,0
1790616713.463119,-1,0,4,0,7471,7851,27939,20322,218856,218857,218853,218854,0,0,0,0
1790616713.5209339,1,1,0,1,7478,7853,27937,20327,218886,218887,218883,218884,0,0,0,0
1790616713.562603,2,4,-3,1,7485,7857,27937,20331,218916,218917,218913,218914,0,0,0,0
1790616713.6216571,-1,-3,9,3,7494,7858,27935,20337,218946,218947,218943,218944,0,0,0,0
1790616713.683258,3,4,4,1,7510,7861,27932,20348,218976,218977,218973,218974,0,0,0,0
1790616713.721079,0,9,-23,0,7523,7860,27927,20358,219006,219007,219003,219004,0,0,0,0
1790616713.784541,1,3,-4,1,7537,7858,27923,20368,219036,219037,219033,219034,0,0,0,0
1790616713.8410518,2,-1,5,3,7551,7855,27919,20379,219066,219067,219063,219064,0,0,0,0
1790616713.9009979,-3,-6,2,-2,7562,7856,27916,20389,219096,219097,219093,219094,0,0,0,0
1790616713.94121,-1,4,0,-1,7574,7856,27915,20398,219126,219127,219123,219124,0,0,0,0
1790616714.00141,6,-1,4,0,7602,7852,27905,20418,219186,219187,219183,219184,0,0,0,0
1790616714.041255,4,-4,3,3,7619,7846,27896,20432,219216,219217,219213,219214,0,0,0,0
1790616714.1011992,3,-1,-3,3,7636,7843,27889,20448,219246,219247,219243,219244,0,0,0,0
1790616714.160983,-1,-2,-1,2,7652,7839,27883,20460,219276,219277,219273,219274,0,0,0,0
1790616714.20126,-1,1,-1,-2,7665,7836,27878,20473,219306,219307,219303,219304,0,0,0,0
1790616714.261591,3,1,-1,-5,7677,7836,27874,20481,219336,219337,219333,219334,0,0,0,0
1790616714.320977,-1,-2,-4,-2,7685,7838,27873,20486,219366,219367,219363,219364,0,0,0,0
1790616714.382408,-2,-4,2,2,7698,7842,27872,20494,219396,219397,219393,219394,0,0,0,0
1790616714.4236429,3,-1,-1,1,7706,7840,27871,20502,219426,219427,219423,219424,0,0,0,0
1790616714.481125,-6,-1,-8,4,7719,7837,27866,20512,219456,219457,219453,219454,0,0,0,0
1790616714.522049,1,-2,-1,2,7729,7830,27858,20521,219486,219487,219483,219484,0,0,0,0
1790616714.583423,-1,0,-1,0,7742,7825,27852,20533,219516,219517,219513,219514,0,0,0,0
1790616714.6230242,-4,-6,-4,-5,7776,7858,27864,20553,219546,219547,219543,219544,0,0,0,0
1790616714.681076,-4,3,-2,1,7786,7884,27878,20543,219576,219577,219573,219574,0,0,0,0
1790616714.741023,0,-3,-3,-1,7797,7877,27873,20557,219606,219607,219603,219604,0,0,0,0
1790616714.801096,-3,4,-4,-2,7816,7861,27858,20581,219666,219667,219663,219664,0,0,0,0
1790616714.841841,-3,4,-4,-2,7816,7861,27858,20581,219666,219667,219663,219664,0,0,0,0
1790616714.901085,-2,1,4,-1,7827,7865,27856,20589,219726,219727,219723,219724,0,0,0,0
1790616714.941309,6,-4,1,0,7833,7867,27856,20591,219756,219757,219753,219754,0,0,0,0
1790616715.001183,2,1,7,0,7840,7868,27854,20598,219786,219787,219783,219784,0,0,0,0
1790616715.041643,0,-8,-1,-7,7848,7867,27852,20605,219816,219817,219813,219814,0,0,0,0
1790616715.101592,0,4,1,-1,7856,7866,27851,20609,219846,219847,219843,219844,0,0,0,0
1790616715.161108,4,0,4,4,7862,7866,27847,20614,219876,219877,219873,219874,0,0,0,0
1790616715.201184,1,2,2,-4,7898,7905,27868,20637,219906,219907,219903,219904,0,0,0,0
1790616715.266313,-2,2,1,2,7907,7915,27874,20634,219936,219937,219933,219934,0,0,0,0
1790616715.321627,-1,3,-1,2,7916,7910,27864,20642,219966,219967,219963,219964,0,0,0,0
1790616715.361473,-2,-3,4,-4,7928,7899,27855,20654,219996,219997,219993,219994,0,0,0,0
1790616715.421676,-3,1,2,1,7942,7890,27842,20669,220026,220027,220023,220024,0,0,0,0
1790616715.4843352,4,1,-1,2,7948,7871,27824,20674,220056,220057,220053,220054,0,0,0,0
1790616715.522343,1,-1,-1,1,7967,7884,27830,20695,220086,220087,220083,220084,0,0,0,0
1790616715.5847628,1,-3,-3,1,7985,7891,27831,20706,220116,220117,220113,220114,0,0,0,0
1790616715.6412501,-3,2,1,1,7993,7887,27825,20711,220146,220147,220143,220144,0,0,0,0
1790616715.701074,-1,-8,-7,-2,8000,7885,27823,20718,220176,220177,220173,220174,0,0,0,0
1790616715.741557,1,1,-4,2,8008,7886,27820,20724,220206,220207,220203,220204,0,0,0,0
1790616715.8010519,1,1,0,8,8021,7883,27815,20737,220266,220267,220263,220264,0,0,0,0
1790616715.842272,-1,3,-5,-1,8027,7884,27812,20741,220296,220297,220293,220294,0,0,0,0
1790616715.900983,2,5,2,-1,8033,7884,27810,20744,220326,220327,220323,220324,0,0,0,0
1790616715.941299,0,13,0,0,8046,7897,27817,20753,220356,220357,220353,220354,0,0,0,0
1790616716.001239,-6,3,2,4,8069,7905,27813,20759,220386,220387,220383,220384,0,0,0,0
1790616716.061111,0,-3,4,4,8076,7896,27808,20772,220416,220417,220413,220414,0,0,0,0
1790616716.101364,1,-4,1,1,8088,7886,27796,20781,220446,220447,220443,220444,0,0,0,0
1790616716.1611059,10,2,3,0,8097,7880,27789,20790,220476,220477,220473,220474,0,0,0,0
1790616716.2214882,-2,-1,-1,6,8097,7866,27775,20791,220506,220507,220503,220504,0,0,0,0
1790616716.2621372,-4,2,3,1,8089,7887,27788,20785,220536,220537,220533,220534,0,0,0,0
1790616716.3209448,-5,5,-6,2,8109,7899,27804,20794,220566,220567,220563,220564,0,0,0,0
1790616716.361221,0,0,-1,4,8113,7899,27807,20801,220596,220597,220593,220594,0,0,0,0
1790616716.4209359,0,-1,-4,2,8119,7896,27804,20808,220626,220627,220623,220624,0,0,0,0
1790616716.461169,3,1,2,1,8124,7889,27799,20813,220656,220657,220653,220654,0,0,0,0
1790616716.520858,3,1,0,1,8129,7887,27797,20818,220686,220687,220683,220684,0,0,0,0
1790616716.5611362,-1,0,1,-3,8133,7885,27794,20821,220716,220717,220713,220714,0,0,0,0
1790616716.6208699,0,-1,-8,-5,8134,7885,27796,20824,220746,220747,220743,220744,0,0,0,0
1790616716.6830258,-1,5,-2,2,8134,7888,27796,20823,220776,220777,220773,220774,0,0,0,0
1790616716.7234519,0,-2,3,2,8133,7891,27800,20824,220806,220807,220803,220804,0,0,0,0
1790616716.7836301,2,3,8,6,8176,7910,27807,20850,220836,220837,220833,220834,0,0,0,0
1790616716.8411388,-2,-5,-2,0,8200,7897,27802,20878,220866,220867,220863,220864,0,0,0,0
1790616716.9009101,-1,-7,-1,-2,8207,7888,27791,20886,220896,220897,220893,220894,0,0,0,0
1790616716.941236,-2,-1,2,-7,8210,7887,27792,20891,220926,220927,220923,220924,0,0,0,0
1790616717.000962,0,0,0,-2,8177,7912,27807,20856,220986,220987,220983,220984,0,0,0,0
1790616717.041198,-1,20,2,0,8168,7942,27865,20866,221016,221017,221013,221014,0,0,0,0
1790616717.101325,-1,1,12,-4,8166,7950,27880,20869,221046,221047,221043,221044,0,0,0,0
1790616717.1416872,-4,3,-3,-4,8172,7947,27880,20874,221076,221077,221073,221074,0,0,0,0
1790616717.201518,-2,-5,-4,-2,8151,7894,27840,20860,221106,221107,221103,221104,0,0,0,0
1790616717.261943,0,-4,-8,-8,8117,7839,27735,20778,221136,221137,221133,221134,0,0,0,0
1790616717.321197,-4,-9,-12,-7,8054,7771,27574,20628,221166,221167,221163,221164,0,0,0,0
1790616717.361207,-10,-5,-8,-10,7959,7704,27381,20412,221196,221197,221193,221194,0,0,0,0
1790616717.4213738,-8,-2,-7,-9,7839,7632,27218,20187,221226,221227,221223,221224,0,0,0,0
1790616717.481673,-7,-2,0,-2,7672,7502,27086,19990,221256,221257,221253,221254,0,0,0,0
1790616717.521308,1,-5,-6,-2,7666,7510,27071,19967,221286,221287,221283,221284,0,0,0,0
1790616717.5814168,-1,-2,0,1,7673,7508,27068,19972,221316,221317,221313,221314,0,0,0,0
1790616717.640979,-1,-4,2,-4,7684,7501,27059,19981,221346,221347,221343,221344,0,0,0,0
1790616717.68143,3,-1,1,-1,7694,7496,27052,19989,221376,221377,221373,221374,0,0,0,0
1790616717.743297,-1,0,-3,-3,7698,7493,27049,19994,221406,221407,221403,221404,0,0,0,0
1790616717.801119,-1,-2,6,0,7699,7500,27053,19998,221466,221467,221463,221464,0,0,0,0
1790616717.849123,-1,-2,6,0,7699,7500,27053,19998,221466,221467,221463,221464,0,0,0,0
1790616717.921011,2,2,2,0,7688,7504,27047,19979,221526,221527,221523,221524,0,0,0,0
1790616717.961117,-1,1,-2,-4,7690,7505,27050,19977,221556,221557,221553,221554,0,0,0,0
1790616718.0209348,-1,-3,3,0,7692,7503,27047,19980,221586,221587,221583,221584,0,0,0,0
1790616718.061235,-1,-7,-2,-3,7697,7502,27046,19985,221616,221617,221613,221614,0,0,0,0
1790616718.121144,0,0,-3,1,7701,7502,27045,19988,221646,221647,221643,221644,0,0,0,0
1790616718.181773,-1,1,-7,-2,7705,7500,27043,19992,221676,221677,221673,221674,0,0,0,0
1790616718.221494,1,-5,-2,1,7707,7498,27040,19993,221706,221707,221703,221704,0,0,0,0
1790616718.282481,8,-10,-4,5,7733,7454,27018,20010,221736,221737,221733,221734,0,0,0,0
1790616718.343211,27,-34,-9,19,8066,6957,26748,20294,221766,221767,221763,221764,0,0,0,0
1790616718.381394,64,-78,-72,38,9475,5017,25931,21116,221796,221797,221793,221794,0,0,0,0
1790616718.4426749,51,-87,-75,65,11247,3790,23671,22778,221826,221827,221823,221824,0,0,0,0
1790616718.482454,56,-91,-58,45,12605,1161,20990,24309,221856,221857,221853,221854,0,0,0,0
1790616718.543582,64,-81,-59,67,14207,31985,19214,26047,221886,221887,221883,221884,0,0,0,0
1790616718.601228,75,-61,-69,69,17981,28056,15357,29931,221946,221947,221943,221944,0,0,0,0
1790616718.643747,75,-61,-69,69,17981,28056,15357,29931,221946,221947,221943,221944,0,0,0,0
1790616718.701227,55,-52,-56,51,21251,24600,11803,415,222006,222007,222003,222004,0,0,0,0
1790616718.760906,59,-47,-46,50,22659,23231,10405,1859,222036,222037,222033,222034,0,0,0,0
1790616718.801356,47,-41,-46,42,23964,21846,9034,3128,222066,222067,222063,222064,0,0,0,0
1790616718.861019,46,-61,-45,37,25211,20519,7834,4422,222096,222097,222093,222094,0,0,0,0
1790616718.9013782,58,-55,-60,47,26509,19042,6309,5659,222126,222127,222123,222124,0,0,0,0
1790616718.9609652,51,-54,-70,56,28007,17423,4812,7183,222156,222157,222153,222154,0,0,0,0
1790616719.001536,64,-75,-59,70,29636,15775,3102,8880,222186,222187,222183,222184,0,0,0,0
1790616719.0610769,62,-67,-67,66,31410,14015,1299,10582,222216,222217,222213,222214,0,0,0,0
1790616719.10138,73,-73,-70,58,343,12146,32177,12421,222246,222247,222243,222244,0,0,0,0
1790616719.161063,51,-57,-64,68,2117,10441,30450,14205,222276,222277,222273,222274,0,0,0,0
1790616719.221185,58,-63,-55,59,3798,8842,28813,15800,222306,222307,222303,222304,0,0,0,0
1790616719.282679,60,-52,-64,49,5273,7361,27284,17374,222336,222337,222333,222334,0,0,0,0
1790616719.322033,47,-60,-51,58,6716,5925,25976,18820,222366,222367,222363,222364,0,0,0,0
1790616719.3816671,46,-55,-46,76,8132,4501,24424,20304,222396,222397,222393,222394,0,0,0,0
1790616719.4425778,60,-54,-58,53,9567,2885,23039,21862,222426,222427,222423,222424,0,0,0,0
1790616719.50111,37,-88,-49,82,12223,31998,20258,25692,222486,222487,222483,222484,0,0,0,0
1790616719.56108,14,-86,-20,87,13090,29872,19233,28253,222516,222517,222513,222514,0,0,0,0
1790616719.6013062,12,-81,-15,73,13872,27765,18594,30458,222546,222547,222543,222544,0,0,0,0
1790616719.661061,22,-57,-17,62,14457,25880,18041,32379,222576,222577,222573,222574,0,0,0,0
1790616719.701329,20,-38,-14,48,14950,24364,17532,1070,222606,222607,222603,222604,0,0,0,0
1790616719.760928,16,-31,-15,34,15426,23254,17075,2304,222636,222637,222633,222634,0,0,0,0
1790616719.820992,11,-32,-17,30,15938,22264,16652,3213,222666,222667,222663,222664,0,0,0,0
1790616719.861328,15,-35,-13,37,16391,21385,16214,4127,222696,222697,222693,222694,0,0,0,0
1790616719.9209862,16,-64,-17,51,16981,20130,15764,5167,222726,222727,222723,222724,0,0,0,0
1790616719.961386,12,-47,-22,59,17449,18635,15257,6568,222756,222757,222753,222754,0,0,0,0
1790616720.021044,14,-58,-18,51,17937,17040,14728,8057,222786,222787,222783,222784,0,0,0,0
1790616720.0617018,15,-53,-17,69,18406,15371,14251,9851,222816,222817,222813,222814,0,0,0,0
1790616720.145321,13,-49,-14,55,18901,13785,13820,11531,222846,222847,222843,222844,0,0,0,0
1790616720.2014568,35,-45,-15,59,19821,10730,12873,14566,222906,222907,222903,222904,0,0,0,0
1790616720.2444532,14,-39,-18,46,20222,9394,12445,15805,222936,222937,222933,222934,0,0,0,0
1790616720.3015418,14,-45,-22,56,20693,8149,12007,17117,222966,222967,222963,222964,0,0,0,0
1790616720.361275,19,-51,-13,43,21137,6871,11573,18463,222996,222997,222993,222994,0,0,0,0
1790616720.421371,20,-43,-15,33,21606,5524,11169,19721,223026,223027,223023,223024,0,0,0,0
1790616720.4611042,13,-56,-18,42,22036,4263,10731,21132,223056,223057,223053,223054,0,0,0,0
1790616720.5210612,28,-46,-9,48,22419,2887,10400,22425,223086,223087,223083,223084,0,0,0,0
1790616720.561238,11,-45,-17,53,22799,1736,10064,23629,223116,223117,223113,223114,0,0,0,0
1790616720.6210718,13,-48,-13,43,23104,452,9734,24758,223146,223147,223143,223144,0,0,0,0
1790616720.661298,16,-54,-8,38,23347,32097,9414,26031,223176,223177,223173,223174,0,0,0,0
1790616720.720865,7,-46,-12,43,23629,30978,9144,27135,223206,223207,223203,223204,0,0,0,0
1790616720.781764,6,-44,-4,48,23923,29861,8868,28243,223236,223237,223233,223234,0,0,0,0
1790616720.821156,10,-31,-8,46,24197,28767,8597,29409,223266,223267,223263,223264,0,0,0,0
1790616720.880885,5,-16,-2,14,24440,28010,8442,30273,223296,223297,223293,223294,0,0,0,0
1790616720.94326,10,-14,-8,0,24631,27670,8244,30475,223326,223327,223323,223324,0,0,0,0
1790616720.981108,3,3,-3,4,24754,27495,8112,30577,223356,223357,223353,223354,0,0,0,0
1790616721.0427892,1,-4,-3,1,24803,27430,8062,30622,223386,223387,223383,223384,0,0,0,0
1790616721.101059,-4,6,1,0,24755,27490,8094,30580,223446,223447,223443,223444,0,0,0,0
1790616721.144019,-4,6,1,0,24755,27490,8094,30580,223446,223447,223443,223444,0,0,0,0
1790616721.201159,-2,0,5,-5,24625,27629,8203,30466,223506,223507,223503,223504,0,0,0,0
1790616721.242738,-4,1,1,-5,24568,27686,8254,30415,223536,223537,223533,223534,0,0,0,0
1790616721.3011782,-6,-2,0,-4,24529,27729,8295,30378,223566,223567,223563,223564,0,0,0,0
1790616721.361239,3,-3,-2,-8,24500,27755,8323,30353,223596,223597,223593,223594,0,0,0,0
1790616721.420917,-4,0,-1,-2,24484,27769,8340,30337,223626,223627,223623,223624,0,0,0,0
1790616721.480924,4,-3,0,1,24480,27775,8346,30332,223656,223657,223653,223654,0,0,0,0
1790616721.520912,0,2,-2,-5,24481,27773,8345,30333,223686,223687,223683,223684,0,0,0,0
1790616721.5810828,2,-2,-2,-1,24485,27768,8340,30339,223716,223717,223713,223714,0,0,0,0
1790616721.621144,2,1,-3,0,24492,27763,8334,30343,223746,223747,223743,223744,0,0,0,0
1790616721.681314,-5,-6,-2,-2,24494,27761,8332,30346,223776,223777,223773,223774,0,0,0,0
1790616721.742623,2,1,-2,-2,24497,27767,8338,30349,223806,223807,223803,223804,0,0,0,0
1790616721.800948,3,-5,-4,0,24489,27766,8339,30339,223866,223867,223863,223864,0,0,0,0
1790616721.842496,4,-2,-1,7,24492,27762,8335,30341,223896,223897,223893,223894,0,0,0,0
1790616721.901015,-1,1,-1,5,24496,27755,8330,30346,223926,223927,223923,223924,0,0,0,0
1790616721.9610748,-3,-2,-1,5,24499,27753,8329,30350,223956,223957,223953,223954,0,0,0,0
1790616722.001132,-4,1,-2,6,24501,27756,8329,30351,223986,223987,223983,223984,0,0,0,0
1790616722.060904,-1,4,2,3,24499,27757,8331,30349,224016,224017,224013,224014,0,0,0,0
1790616722.101185,-5,-4,1,-4,24499,27757,8331,30348,224046,224047,224043,224044,0,0,0,0
1790616722.160977,1,-4,-1,-3,24501,27756,8329,30350,224076,224077,224073,224074,0,0,0,0
1790616722.204896,4,-3,0,1,24501,27754,8327,30350,224106,224107,224103,224104,0,0,0,0
1790616722.261705,3,-7,5,1,24500,27754,8327,30350,224136,224137,224133,224134,0,0,0,0
1790616722.301226,2,-1,-3,-1,24500,27754,8326,30350,224166,224167,224163,224164,0,0,0,0
1790616722.361255,0,-2,2,-2,24500,27754,8327,30350,224196,224197,224193,224194,0,0,0,0
1790616722.4210172,-2,-3,0,-1,24500,27756,8329,30349,224226,224227,224223,224224,0,0,0,0
1790616722.46189,2,-3,1,-1,24498,27757,8330,30348,224256,224257,224253,224254,0,0,0,0
1790616722.5224671,6,-5,0,1,24498,27759,8331,30347,224286,224287,224283,224284,0,0,0,0
1790616722.56217,-2,-3,1,2,24512,27763,8334,30358,224316,224317,224313,224314,0,0,0,0
1790616722.621247,-3,-1,-4,0,24532,27736,8307,30375,224346,224347,224343,224344,0,0,0,0
1790616722.680992,1,0,-1,-3,24539,27726,8296,30385,224376,224377,224373,224374,0,0,0,0
1790616722.721258,0,-1,-5,-1,24533,27733,8303,30379,224406,224407,224403,224404,0,0,0,0
1790616722.7818282,-3,2,0,-3,24525,27744,8313,30369,224436,224437,224433,224434,0,0,0,0
1790616722.8194408,0,2,-6,2,24516,27756,8322,30361,224466,224467,224463,224464,0,0,0,0
1790616722.8813388,-1,2,2,-1,24510,27762,8331,30357,224496,224497,224493,224494,0,0,0,0
1790616722.919755,-2,-1,-1,-4,24508,27765,8335,30353,224526,224527,224523,224524,0,0,0,0
1790616722.981127,-2,-3,0,-4,24510,27766,8334,30354,224556,224557,224553,224554,0,0,0,0
1790616723.0194318,5,0,-1,1,24512,27764,8332,30356,224586,224587,224583,224584,0,0,0,0
1790616723.0810199,4,-1,-1,-1,24507,27757,8323,30351,224616,224617,224613,224614,0,0,0,0
1790616723.1211011,0,-2,0,1,24508,27754,8323,30356,224646,224647,224643,224644,0,0,0,0
1790616723.181248,1,0,-4,-3,24517,27755,8330,30365,224676,224677,224673,224674,0,0,0,0
1790616723.221616,2,-4,3,0,24524,27754,8328,30371,224706,224707,224703,224704,0,0,0,0
1790616723.281101,2,-4,6,-10,24527,27754,8327,30373,224736,224737,224733,224734,0,0,0,0
1790616723.340817,-2,3,-4,-2,24526,27754,8326,30374,224766,224767,224763,224764,0,0,0,0
1790616723.381134,1,-4,0,4,24528,27754,8327,30374,224796,224797,224793,224794,0,0,0,0
1790616723.441925,-2,0,0,2,24525,27757,8329,30372,224826,224827,224823,224824,0,0,0,0
1790616723.5033548,-5,1,-6,-4,24524,27758,8331,30371,224886,224887,224883,224884,0,0,0,0
1790616723.542099,-5,1,-6,-4,24524,27758,8331,30371,224886,224887,224883,224884,0,0,0,0
1790616723.6027799,2,-3,2,-2,24532,27759,8330,30378,224946,224947,224943,224944,0,0,0,0
1790616723.64379,0,4,2,0,24532,27768,8346,30386,224976,224977,224973,224974,0,0,0,0
1790616723.7023628,1,-6,0,5,24526,27772,8346,30376,225006,225007,225003,225004,0,0,0,0
1790616723.762242,3,-3,2,2,24527,27783,8356,30376,225036,225037,225033,225034,0,0,0,0
1790616723.8210309,-1,3,-2,-1,24522,27782,8358,30373,225066,225067,225063,225064,0,0,0,0
1790616723.861099,1,1,0,-2,24522,27783,8358,30372,225096,225097,225093,225094,0,0,0,0
1790616723.920907,3,-2,-3,0,24524,27783,8358,30375,225126,225127,225123,225124,0,0,0,0
1790616723.961091,0,-1,2,2,24529,27782,8356,30378,225156,225157,225153,225154,0,0,0,0
1790616724.021259,-5,-6,-3,0,24533,27780,8354,30380,225186,225187,225183,225184,0,0,0,0
1790616724.0809112,-1,2,1,7,24534,27779,8353,30382,225216,225217,225213,225214,0,0,0,0
1790616724.121335,-1,2,-4,-1,24533,27772,8347,30379,225246,225247,225243,225244,0,0,0,0
1790616724.180943,-2,-2,-1,-5,24544,27736,8320,30393,225276,225277,225273,225274,0,0,0,0
1790616724.2213209,-5,-2,1,-1,24569,27741,8315,30415,225306,225307,225303,225304,0,0,0,0
1790616724.3038132,0,2,-1,-5,24556,27751,8331,30410,225366,225367,225363,225364,0,0,0,0
1790616724.341484,0,2,-1,-5,24556,27751,8331,30410,225366,225367,225363,225364,0,0,0,0
1790616724.4029188,1,4,0,3,24541,27771,8352,30396,225426,225427,225423,225424,0,0,0,0
1790616724.4410298,2,2,-2,0,24539,27773,8357,30394,225456,225457,225453,225454,0,0,0,0
1790616724.5031621,1,0,-2,-3,24541,27773,8360,30399,225486,225487,225483,225484,0,0,0,0
1790616724.561044,1,2,0,-3,24546,27770,8357,30406,225516,225517,225513,225514,0,0,0,0
1790616724.6213892,-4,-4,1,-4,24550,27769,8358,30410,225546,225547,225543,225544,0,0,0,0
1790616724.680924,-4,3,-1,-3,24549,27770,8359,30411,225576,225577,225573,225574,0,0,0,0
1790616724.741296,1,-2,-5,1,24545,27765,8358,30407,225606,225607,225603,225604,0,0,0,0
1790616724.803212,-2,3,0,0,24579,27750,8333,30436,225666,225667,225663,225664,0,0,0,0
1790616724.842666,3,5,3,-3,24593,27780,8355,30445,225696,225697,225693,225694,0,0,0,0
1790616724.9037929,1,-1,1,0,24598,27809,8386,30448,225726,225727,225723,225724,0,0,0,0
1790616724.9425652,-1,0,-1,-1,24580,27816,8399,30434,225756,225757,225753,225754,0,0,0,0
1790616725.004121,1,-7,1,-1,24572,27825,8409,30428,225786,225787,225783,225784,0,0,0,0
1790616725.060905,2,3,2,-2,24570,27831,8415,30424,225816,225817,225813,225814,0,0,0,0
1790616725.1016371,2,4,1,0,24568,27833,8417,30423,225846,225847,225843,225844,0,0,0,0
1790616725.1610181,1,-5,-4,-3,24568,27833,8417,30423,225876,225877,225873,225874,0,0,0,0
1790616725.220959,0,2,-2,3,24567,27833,8418,30423,225906,225907,225903,225904,0,0,0,0
1790616725.271094,-4,-4,-1,0,24569,27838,8421,30423,225936,225937,225933,225934,0,0,0,0
1790616725.321207,-4,0,-1,2,24567,27838,8422,30423,225966,225967,225963,225964,0,0,0,0
1790616725.381231,1,3,0,-1,24568,27841,8425,30422,225996,225997,225993,225994,0,0,0,0
1790616725.421302,-1,-2,-1,-2,24565,27839,8425,30420,226026,226027,226023,226024,0,0,0,0
1790616725.480896,-4,0,-1,0,24568,27840,8426,30422,226056,226057,226053,226054,0,0,0,0
1790616725.541437,-4,-7,-2,-2,24570,27838,8425,30424,226086,226087,226083,226084,0,0,0,0
1790616725.581277,1,-1,1,2,24573,27837,8424,30427,226116,226117,226113,226114,0,0,0,0
1790616725.640836,-4,1,-1,-3,24576,27841,8427,30432,226146,226147,226143,226144,0,0,0,0
1790616725.681257,-2,3,0,0,24577,27841,8429,30433,226176,226177,226173,226174,0,0,0,0
1790616725.740934,1,-4,-2,1,24578,27841,8432,30434,226206,226207,226203,226204,0,0,0,0
1790616725.801733,0,3,0,-5,24581,27842,8436,30439,226266,226267,226263,226264,0,0,0,0
1790616725.841032,-4,-1,-3,-3,24590,27843,8435,30447,226296,226297,226293,226294,0,0,0,0
1790616725.9023218,0,0,5,1,24593,27839,8433,30452,226326,226327,226323,226324,0,0,0,0
1790616725.941139,0,0,5,1,24593,27839,8433,30452,226326,226327,226323,226324,0,0,0,0
1790616726.00286,-1,-2,-2,-4,24598,27840,8436,30459,226386,226387,226383,226384,0,0,0,0
1790616726.041503,-1,0,-1,0,24597,27845,8442,30458,226416,226417,226413,226414,0,0,0,0
1790616726.1024902,-2,0,0,1,24599,27848,8447,30461,226446,226447,226443,226444,0,0,0,0
1790616726.161001,-3,-5,2,-3,24601,27848,8447,30464,226476,226477,226473,226474,0,0,0,0
1790616726.202061,2,-2,6,6,24609,27853,8450,30473,226506,226507,226503,226504,0,0,0,0
1790616726.265204,1,-4,-3,-5,24636,27873,8465,30485,226536,226537,226533,226534,0,0,0,0
1790616726.321858,2,3,0,0,24619,27863,8466,30481,226566,226567,226563,226564,0,0,0,0
1790616726.3620322,2,5,-3,-1,24623,27876,8478,30482,226596,226597,226593,226594,0,0,0,0
1790616726.421918,3,3,0,2,24619,27880,8487,30479,226626,226627,226623,226624,0,0,0,0
1790616726.481963,-2,0,-1,-2,24621,27888,8493,30479,226656,226657,226653,226654,0,0,0,0
1790616726.522064,-1,-5,-1,2,24621,27891,8497,30480,226686,226687,226683,226684,0,0,0,0
1790616726.581923,2,-2,0,2,24621,27889,8498,30481,226716,226717,226713,226714,0,0,0,0
1790616726.641836,1,2,-4,-3,24621,27893,8500,30481,226746,226747,226743,226744,0,0,0,0
1790616726.682077,2,-12,1,2,24620,27895,8501,30482,226776,226777,226773,226774,0,0,0,0
1790616726.7420008,8,-5,5,0,24617,27897,8507,30481,226806,226807,226803,226804,0,0,0,0
1790616726.803088,-2,-2,-2,-1,24618,27897,8513,30484,226866,226867,226863,226864,0,0,0,0
1790616726.882762,0,2,-3,-1,24621,27893,8512,30489,226896,226897,226893,226894,0,0,0,0
1790616726.941807,1,1,2,-5,24652,27916,8531,30509,226926,226927,226923,226924,0,0,0,0
1790616726.982124,-1,3,2,-5,24670,27934,8544,30517,226956,226957,226953,226954,0,0,0,0
1790616727.0424268,1,-3,-3,-1,24662,27936,8577,30535,226986,226987,226983,226984,0,0,0,0
1790616727.082207,-6,1,0,6,24649,27941,8582,30523,227016,227017,227013,227014,0,0,0,0
1790616727.14212,-4,-2,-3,0,24641,27944,8589,30519,227046,227047,227043,227044,0,0,0,0
1790616727.203444,2,1,4,3,24644,27942,8588,30521,227076,227077,227073,227074,0,0,0,0
1790616727.243125,0,-5,1,0,24652,27937,8584,30530,227136,227137,227133,227134,0,0,0,0
1790616727.30371,2,-2,-2,-5,24650,27942,8587,30528,227166,227167,227163,227164,0,0,0,0
1790616727.363034,-9,-1,1,-6,24633,27957,8599,30512,227196,227197,227193,227194,0,0,0,0
1790616727.40365,0,-5,-5,2,24621,27998,8648,30502,227226,227227,227223,227224,0,0,0,0
1790616727.462856,-1,2,4,-1,24621,28003,8665,30502,227256,227257,227253,227254,0,0,0,0
1790616727.522957,-3,4,2,-1,24612,28008,8679,30500,227286,227287,227283,227284,0,0,0,0
1790616727.564723,5,2,1,3,24609,28009,8684,30500,227316,227317,227313,227314,0,0,0,0
1790616727.623154,0,4,-4,5,24614,28012,8686,30502,227346,227347,227343,227344,0,0,0,0
1790616727.683001,3,-2,-1,-2,24615,28011,8687,30505,227376,227377,227373,227374,0,0,0,0
1790616727.723242,1,3,1,3,24614,28011,8691,30509,227406,227407,227403,227404,0,0,0,0
1790616727.783461,5,4,-3,6,24612,28016,8698,30510,227436,227437,227433,227434,0,0,0,0
1790616727.842913,-7,-1,-7,2,24608,28021,8708,30509,227466,227467,227463,227464,0,0,0,0
1790616727.883341,-2,-9,-2,-3,24601,28026,8720,30506,227496,227497,227493,227494,0,0,0,0
1790616727.9428859,0,-1,-2,-1,24596,28033,8734,30505,227526,227527,227523,227524,0,0,0,0
1790616727.9837089,-3,-8,-2,-4,24591,28040,8746,30503,227556,227557,227553,227554,0,0,0,0
1790616728.042846,-3,0,-2,1,24589,28046,8756,30505,227586,227587,227583,227584,0,0,0,0
1790616728.084524,-3,-2,3,-1,24583,28044,8760,30502,227616,227617,227613,227614,0,0,0,0
1790616728.142975,-3,-5,5,2,24583,28051,8769,30506,227646,227647,227643,227644,0,0,0,0
1790616728.202848,-1,3,8,-5,24610,28091,8806,30525,227706,227707,227703,227704,0,0,0,0
1790616728.243219,-5,3,-8,0,24594,28094,8836,30527,227736,227737,227733,227734,0,0,0,0
1790616728.303705,-5,1,-1,2,24578,28112,8857,30513,227766,227767,227763,227764,0,0,0,0
1790616728.3649018,-2,-1,-5,-5,24563,28124,8879,30503,227796,227797,227793,227794,0,0,0,0
1790616728.40315,1,-7,-1,2,24554,28131,8891,30497,227826,227827,227823,227824,0,0,0,0
1790616728.464563,1,-22,-3,14,24581,27885,8867,30611,227856,227857,227853,227854,0,0,0,0
1790616728.523326,20,-111,-13,114,24937,26022,8736,32260,227886,227887,227883,227884,0,0,0,0
1790616728.566354,26,-101,-28,82,25573,22953,8237,2148,227916,227917,227913,227914,0,0,0,0
1790616728.6231291,41,-83,-46,69,26560,20749,7398,4420,227946,227947,227943,227944,0,0,0,0
1790616728.6668239,43,-81,-56,75,27715,18485,6088,6885,227976,227977,227973,227974,0,0,0,0
1790616728.7229462,39,-82,-54,90,28917,16097,4863,9638,228006,228007,228003,228004,0,0,0,0
1790616728.782937,37,-90,-40,100,29965,13649,3650,12333,228036,228037,228033,228034,0,0,0,0
1790616728.822908,23,-100,-31,74,30825,10978,2797,14960,228066,228067,228063,228064,0,0,0,0
1790616728.883042,15,-97,-18,84,31468,8359,2143,17503,228096,228097,228093,228094,0,0,0,0
1790616728.9231732,19,-91,-9,90,31969,5895,1623,19913,228126,228127,228123,228124,0,0,0,0
1790616728.983084,9,-84,-16,69,32492,3849,1139,22157,228156,228157,228153,228154,0,0,0,0
1790616729.042861,20,-48,-22,52,203,2310,662,23871,228186,228187,228183,228184,0,0,0,0
1790616729.1033258,33,-68,-33,64,1390,32124,31940,26435,228246,228247,228243,228244,0,0,0,0
1790616729.143028,30,-109,-24,81,2234,29954,31248,28437,228276,228277,228273,228274,0,0,0,0
1790616729.2032168,37,-106,-28,89,3169,26999,30408,30723,228306,228307,228303,228304,0,0,0,0
1790616729.267013,31,-85,-35,101,4047,24451,29435,333,228336,228337,228333,228334,0,0,0,0
1790616729.303241,36,-85,-32,92,4821,21930,28559,3086,228366,228367,228363,228364,0,0,0,0
1790616729.369486,30,-104,-31,93,5664,19197,27688,5720,228396,228397,228393,228394,0,0,0,0
1790616729.423124,27,-93,-22,104,6402,16627,26834,8308,228426,228427,228423,228424,0,0,0,0
1790616729.464254,25,-92,-23,99,7065,14150,26157,10829,228456,228457,228453,228454,0,0,0,0
1790616729.522866,31,-92,-41,89,7857,11815,25365,13047,228486,228487,228483,228484,0,0,0,0
1790616729.5835881,32,-91,-21,72,8642,9642,24462,15263,228516,228517,228513,228514,0,0,0,0
1790616729.6257868,26,-75,-34,65,9384,7432,23719,17519,228546,228547,228543,228544,0,0,0,0
1790616729.683027,28,-85,-38,74,10189,5267,22861,19698,228576,228577,228573,228574,0,0,0,0
1790616729.725237,29,-83,-21,72,11021,2963,22031,22104,228606,228607,228603,228604,0,0,0,0
1790616729.783078,22,-97,-26,73,11767,578,21316,24447,228636,228637,228633,228634,0,0,0,0
1790616729.842786,35,-71,-42,69,12660,31108,20506,26787,228666,228667,228663,228664,0,0,0,0
1790616729.8829398,40,-68,-42,67,13845,28999,19410,28946,228696,228697,228693,228694,0,0,0,0
1790616729.9428449,38,-69,-54,62,15071,27229,18139,30731,228726,228727,228723,228724,0,0,0,0
1790616730.002995,40,-46,-45,47,16244,25744,16947,32378,228756,228757,228753,228754,0,0,0,0
1790616730.043328,28,-39,-33,35,17209,24449,15982,853,228786,228787,228783,228784,0,0,0,0
1790616730.102821,11,-25,-12,28,18427,22751,14698,2577,228846,228847,228843,228844,0,0,0,0
1790616730.143135,8,-18,-6,20,18748,22127,14401,3202,228876,228877,228873,228874,0,0,0,0
1790616730.2036312,14,-10,-17,15,19015,21668,14105,3652,228906,228907,228903,228904,0,0,0,0
1790616730.273546,12,-20,-16,18,19412,21168,13780,4220,228936,228937,228933,228934,0,0,0,0
1790616730.324956,16,-35,-18,19,19797,20529,13293,4752,228966,228967,228963,228964,0,0,0,0
1790616730.3852181,3,-25,-15,27,20311,19737,12837,5556,228996,228997,228993,228994,0,0,0,0
1790616730.428074,14,-29,-21,31,20867,18937,12379,6416,229026,229027,229023,229024,0,0,0,0
1790616730.482707,15,-35,-20,28,21315,18217,11828,7187,229056,229057,229053,229054,0,0,0,0
1790616730.5248299,17,-23,-16,22,21773,17451,11429,7927,229086,229087,229083,229084,0,0,0,0
1790616730.5828018,7,-22,-13,16,22094,16943,11014,8466,229116,229117,229113,229114,0,0,0,0
1790616730.642972,9,-7,-6,10,22320,16567,10679,8836,229146,229148,229143,229144,0,0,0,0
1790616730.702944,13,-10,-4,3,22626,16133,10423,9233,229206,229207,229203,229204,0,0,0,0
1790616730.7430022,13,-10,-4,3,22626,16133,10423,9233,229206,229207,229203,229204,0,0,0,0
1790616730.802817,17,-19,-19,17,23299,15243,9944,10102,229266,229267,229263,229264,0,0,0,0
1790616730.842933,22,-30,-25,32,23790,14599,9367,10765,229296,229297,229293,229294,0,0,0,0
1790616730.902873,19,-21,-23,28,24439,13885,8696,11529,229326,229327,229323,229324,0,0,0,0
1790616730.963398,18,-26,-18,31,25067,13259,8089,12170,229356,229357,229353,229354,0,0,0,0
1790616731.003165,7,-16,-13,13,25471,12734,7667,12637,229386,229387,229383,229384,0,0,0,0
1790616731.0629902,10,-6,1,10,25721,12416,7446,13027,229416,229417,229413,229414,0,0,0,0
1790616731.124636,5,-7,-9,5,25923,12273,7304,13239,229446,229447,229443,229444,0,0,0,0
1790616731.166719,-5,-7,-11,1,26016,12192,7201,13345,229476,229477,229473,229474,0,0,0,0
1790616731.225153,-3,2,-1,0,26056,12162,7164,13385,229506,229507,229503,229504,0,0,0,0
1790616731.263247,-1,-1,-3,2,26055,12167,7163,13385,229536,229537,229533,229534,0,0,0,0
1790616731.3271139,-5,1,2,-7,26035,12193,7186,13359,229566,229567,229563,229564,0,0,0,0
1790616731.3828192,1,-1,1,-2,26003,12226,7216,13324,229596,229597,229593,229594,0,0,0,0
1790616731.4261088,2,1,-4,0,25972,12263,7254,13288,229626,229627,229623,229624,0,0,0,0
1790616731.482971,0,2,1,-1,25939,12301,7290,13246,229656,229657,229653,229654,0,0,0,0
1790616731.5251222,0,1,3,-8,25904,12341,7329,13205,229686,229687,229683,229684,0,0,0,0
1790616731.583013,1,2,1,-2,25872,12386,7370,13163,229716,229717,229713,229714,0,0,0,0
1790616731.642866,0,0,-1,-2,25829,12433,7419,13113,229746,229747,229743,229744,0,0,0,0
1790616731.683348,-5,5,2,-5,25781,12488,7477,13054,229776,229777,229773,229774,0,0,0,0
1790616731.742786,-2,-1,7,0,25725,12552,7544,12986,229806,229807,229803,229804,0,0,0,0
1790616731.80289,-8,1,6,-5,25585,12707,7711,12824,229866,229867,229863,229864,0,0,0,0
1790616731.843002,-1,4,5,-5,25506,12792,7798,12747,229896,229897,229893,229894,0,0,0,0
1790616731.903327,-1,2,3,-8,25427,12871,7876,12677,229926,229927,229923,229924,0,0,0,0
1790616731.962968,-4,-1,-1,-7,25356,12937,7939,12619,229956,229957,229953,229954,0,0,0,0
1790616732.0032692,-7,-2,1,-3,25299,12988,7988,12574,229986,229987,229983,229984,0,0,0,0
1790616732.063078,0,-1,4,-4,25263,13026,8020,12548,230016,230017,230013,230014,0,0,0,0
1790616732.124078,-3,1,-3,-5,25242,13042,8035,12532,230046,230047,230043,230044,0,0,0,0
1790616732.164591,-1,2,-3,-4,25240,13043,8038,12531,230076,230077,230073,230074,0,0,0,0
1790616732.223089,5,4,2,-1,25249,13037,8033,12536,230106,230107,230103,230104,0,0,0,0
1790616732.282847,2,1,-2,4,25258,13028,8026,12544,230136,230137,230133,230134,0,0,0,0
1790616732.324127,-1,1,0,4,25261,13023,8022,12547,230166,230167,230163,230164,0,0,0,0
1790616732.383032,-2,-6,-3,0,25262,13025,8022,12546,230196,230197,230193,230194,0,0,0,0
1790616732.4462981,-4,4,2,2,25258,13028,8025,12544,230226,230227,230223,230224,0,0,0,0
1790616732.483217,1,-1,1,0,25254,13031,8028,12540,230256,230257,230253,230254,0,0,0,0
1790616732.542948,-4,-3,-1,-2,25253,13030,8028,12540,230286,230287,230283,230284,0,0,0,0
1790616732.583222,-2,-3,1,-3,25257,13029,8026,12543,230316,230317,230313,230314,0,0,0,0
1790616732.643321,-2,1,0,-1,25259,13026,8023,12545,230346,230347,230343,230344,0,0,0,0
1790616732.683327,1,1,-2,4,25259,13025,8022,12546,230376,230377,230373,230374,0,0,0,0
1790616732.743156,3,-3,3,3,25275,13035,8032,12557,230406,230407,230403,230404,0,0,0,0
1790616732.8028579,-1,3,1,4,25292,13007,8015,12575,230466,230467,230463,230464,0,0,0,0
1790616732.8439522,2,-5,5,-2,25282,13020,8023,12567,230496,230497,230493,230494,0,0,0,0
1790616732.902865,-1,2,-2,2,25269,13030,8032,12558,230526,230527,230523,230524,0,0,0,0
1790616732.962951,-2,4,-4,-3,25260,13039,8041,12549,230556,230557,230553,230554,0,0,0,0
1790616733.003602,-2,-3,3,1,25254,13043,8045,12545,230586,230587,230583,230584,0,0,0,0
1790616733.062902,2,0,-5,-1,25255,13045,8046,12544,230616,230617,230613,230614,0,0,0,0
1790616733.1030169,0,4,3,3,25258,13043,8043,12547,230646,230647,230643,230644,0,0,0,0
1790616733.163092,-1,3,-3,2,25260,13041,8042,12548,230676,230677,230673,230674,0,0,0,0
1790616733.203062,0,1,0,-1,25251,13032,8035,12541,230706,230707,230703,230704,0,0,0,0
1790616733.270826,5,4,1,2,25248,13043,8029,12548,230736,230737,230733,230734,0,0,0,0
1790616733.324787,2,-2,0,-7,25244,13047,8049,12556,230766,230767,230763,230764,0,0,0,0
1790616733.382786,0,-3,5,0,25244,13059,8060,12553,230796,230797,230793,230794,0,0,0,0
1790616733.423079,-4,-2,0,-2,25241,13066,8065,12552,230826,230827,230823,230824,0,0,0,0
1790616733.482771,2,-2,3,-1,25242,13064,8064,12552,230856,230857,230853,230854,0,0,0,0
1790616733.5243342,-4,2,-3,-1,25244,13064,8064,12554,230886,230887,230883,230884,0,0,0,0
1790616733.582775,0,2,2,-2,25246,13063,8063,12554,230916,230917,230913,230914,0,0,0,0
1790616733.642899,-2,-3,-1,0,25246,13061,8062,12555,230946,230947,230943,230944,0,0,0,0
1790616733.682823,2,-5,0,-1,25248,13063,8062,12555,230976,230977,230973,230974,0,0,0,0
1790616733.7429252,0,-3,-1,1,25249,13064,8063,12556,231006,231007,231003,231004,0,0,0,0
1790616733.8032799,0,2,1,0,25258,13081,8077,12564,231066,231067,231063,231064,0,0,0,0
1790616733.843658,-3,0,3,-2,25252,13083,8090,12568,231096,231097,231093,231094,0,0,0,0
1790616733.902817,-4,-6,-4,-3,25238,13096,8100,12557,231126,231127,231123,231124,0,0,0,0
1790616733.962708,-2,-4,-6,1,25229,13108,8108,12548,231156,231157,231153,231154,0,0,0,0
1790616734.00293,2,0,0,-1,25226,13116,8115,12546,231186,231187,231183,231184,0,0,0,0
1790616734.062777,4,-3,0,0,25220,13119,8118,12542,231216,231217,231213,231214,0,0,0,0
1790616734.102966,1,1,-2,4,25219,13120,8119,12541,231246,231247,231243,231244,0,0,0,0
1790616734.162739,3,2,4,-5,25220,13123,8120,12541,231276,231277,231273,231274,0,0,0,0
1790616734.204695,-1,-2,-4,-4,25218,13122,8120,12541,231306,231307,231303,231304,0,0,0,0
1790616734.262827,0,1,-3,-1,25221,13122,8118,12543,231336,231337,231333,231334,0,0,0,0
1790616734.324112,1,-4,2,-4,25219,13104,8110,12544,231366,231367,231363,231364,0,0,0,0
1790616734.363395,4,3,1,-3,25262,13101,8099,12574,231396,231397,231393,231394,0,0,0,0
1790616734.422961,1,-3,-3,-1,25266,13109,8105,12575,231426,231427,231423,231424,0,0,0,0
1790616734.463063,-2,1,0,-1,25255,13121,8113,12567,231456,231457,231453,231454,0,0,0,0
1790616734.524787,-5,4,3,4,25243,13135,8127,12560,231486,231487,231483,231484,0,0,0,0
1790616734.5631208,8,0,3,3,25235,13146,8140,12555,231516,231517,231513,231514,0,0,0,0
1790616734.623523,3,8,0,-1,25232,13153,8146,12552,231546,231547,231543,231544,0,0,0,0
1790616734.662914,0,0,4,-1,25232,13156,8147,12553,231576,231577,231573,231574,0,0,0,0
1790616734.723289,0,0,0,1,25235,13156,8147,12554,231606,231607,231603,231604,0,0,0,0
1790616734.785442,-1,4,3,-1,25235,13157,8148,12555,231636,231637,231633,231634,0,0,0,0
1790616734.8428512,-4,1,3,-4,25234,13160,8150,12554,231666,231667,231663,231664,0,0,0,0
1790616734.8862238,-2,-1,2,-5,25233,13160,8153,12555,231696,231697,231693,231694,0,0,0,0
1790616734.9429739,-4,-3,-2,1,25234,13158,8154,12557,231726,231727,231723,231724,0,0,0,0
1790616734.985802,0,-5,2,-1,25238,13136,8140,12560,231756,231757,231753,231754,0,0,0,0
1790616735.0432699,0,1,0,3,25258,13132,8132,12574,231786,231787,231783,231784,0,0,0,0
1790616735.102767,-5,-1,3,2,25252,13145,8142,12571,231816,231817,231813,231814,0,0,0,0
1790616735.143101,-1,-3,-1,-4,25230,13178,8172,12557,231876,231877,231873,231874,0,0,0,0
1790616735.202806,-3,-2,-3,2,25226,13186,8181,12554,231906,231907,231903,231904,0,0,0,0
1790616735.243145,1,0,-5,-1,25226,13188,8185,12555,231936,231937,231933,231934,0,0,0,0
1790616735.30311,1,0,-3,-2,25226,13186,8185,12558,231966,231967,231963,231964,0,0,0,0
1790616735.363957,-2,2,1,-4,25224,13188,8186,12556,231996,231997,231993,231994,0,0,0,0
1790616735.4227562,1,-1,-6,-5,25222,13191,8191,12555,232026,232027,232023,232024,0,0,0,0
1790616735.464441,-3,-2,0,0,25219,13194,8193,12552,232056,232057,232053,232054,0,0,0,0
1790616735.524062,7,-6,3,1,25223,13199,8198,12555,232086,232087,232083,232084,0,0,0,0
1790616735.584703,5,-1,-1,-1,25225,13203,8202,12556,232116,232117,232113,232114,0,0,0,0
1790616735.623426,-2,-1,1,-2,25226,13210,8207,12556,232146,232147,232143,232144,0,0,0,0
1790616735.6853278,4,2,-4,0,25225,13213,8211,12555,232176,232177,232173,232174,0,0,0,0
1790616735.742971,0,7,-2,-1,25228,13218,8215,12557,232206,232207,232203,232204,0,0,0,0
1790616735.80354,-1,-7,-1,-1,25230,13219,8217,12558,232236,232237,232233,232234,0,0,0,0
1790616735.862754,2,2,0,-3,25234,13228,8223,12562,232296,232297,232293,232294,0,0,0,0
1790616735.902991,5,2,-1,1,25233,13233,8227,12561,232326,232327,232323,232324,0,0,0,0
1790616735.9627352,1,-3,2,4,25235,13236,8231,12563,232356,232357,232353,232354,0,0,0,0
1790616736.002916,0,-1,-2,-5,25238,13241,8235,12566,232386,232387,232383,232384,0,0,0,0
1790616736.063282,-1,2,0,-2,25239,13245,8239,12567,232416,232417,232413,232414,0,0,0,0
1790616736.123753,-4,3,4,-1,25243,13251,8242,12569,232446,232447,232443,232444,0,0,0,0
1790616736.1631281,3,2,-2,3,25250,13254,8246,12573,232476,232477,232473,232474,0,0,0,0
1790616736.223211,2,0,-5,-2,25251,13253,8248,12578,232506,232507,232503,232504,0,0,0,0
1790616736.266742,-2,2,-4,-7,25257,13258,8253,12581,232536,232537,232533,232534,0,0,0,0
1790616736.3244338,-3,-4,1,7,25258,13259,8257,12585,232566,232567,232563,232564,0,0,0,0
1790616736.3856158,1,1,2,0,25261,13266,8262,12587,232596,232597,232593,232594,0,0,0,0
1790616736.423913,-1,2,2,4,25263,13270,8266,12588,232626,232627,232623,232624,0,0,0,0
1790616736.485534,1,-1,-4,2,25290,13300,8286,12602,232656,232657,232653,232654,0,0,0,0
1790616736.523654,-4,-3,0,0,25267,13300,8295,12592,232686,232687,232683,232684,0,0,0,0
1790616736.583483,0,2,-5,16,25268,13324,8313,12589,232716,232717,232713,232714,0,0,0,0
1790616736.622829,0,-4,-9,-2,25261,13332,8330,12587,232746,232747,232743,232744,0,0,0,0
1790616736.684147,0,-1,-2,0,25254,13339,8338,12584,232776,232777,232773,232774,0,0,0,0
1790616736.723976,-1,-4,2,-2,25251,13346,8343,12582,232806,232807,232803,232804,0,0,0,0
1790616736.784229,4,2,7,4,25249,13352,8347,12581,232836,232837,232833,232834,0,0,0,0
1790616736.825144,6,2,-4,-1,25249,13358,8353,12581,232866,232867,232863,232864,0,0,0,0
1790616736.883893,6,4,-1,0,25249,13362,8357,12581,232896,232897,232893,232894,0,0,0,0
1790616736.943661,2,5,-1,4,25249,13366,8362,12584,232926,232927,232923,232924,0,0,0,0
1790616736.985909,3,1,-1,1,25249,13372,8368,12584,232956,232957,232953,232954,0,0,0,0
1790616737.043761,3,3,2,3,25246,13379,8374,12583,232986,232987,232983,232984,0,0,0,0
1790616737.085978,-7,-2,-2,-3,25265,13403,8401,12598,233016,233017,233013,233014,0,0,0,0
1790616737.1438231,-5,0,1,-1,25277,13416,8417,12605,233046,233047,233043,233044,0,0,0,0
1790616737.185737,1,-3,3,-5,25267,13414,8426,12609,233076,233077,233073,233074,0,0,0,0
1790616737.2437901,-2,0,0,2,25262,13422,8434,12606,233106,233107,233103,233104,0,0,0,0
1790616737.3038888,4,0,-2,1,25252,13442,8454,12599,233166,233167,233163,233164,0,0,0,0
1790616737.343955,0,0,-5,-5,25251,13448,8460,12599,233196,233197,233193,233194,0,0,0,0
1790616737.403733,4,3,1,0,25251,13449,8463,12601,233226,233227,233223,233224,0,0,0,0
1790616737.4442408,0,-1,-5,1,25252,13454,8470,12603,233256,233257,233253,233254,0,0,0,0
1790616737.503882,-3,-3,6,-2,25225,13462,8477,12585,233286,233287,233283,233284,0,0,0,0
1790616737.563684,0,2,6,-4,25206,13522,8532,12570,233316,233317,233313,233314,0,0,0,0
1790616737.6043,5,-1,-1,-3,25201,13541,8559,12571,233346,233347,233343,233344,0,0,0,0
1790616737.6637719,-4,0,-2,4,25195,13552,8576,12566,233376,233377,233373,233374,0,0,0,0
1790616737.7045708,1,1,-4,-2,25193,13555,8582,12567,233406,233407,233403,233404,0,0,0,0
1790616737.76478,0,2,3,-1,25197,13560,8584,12568,233436,233437,233433,233434,0,0,0,0
1790616737.824455,7,5,-1,-1,25199,13559,8585,12572,233466,233467,233463,233464,0,0,0,0
1790616737.86394,6,-1,3,6,25205,13557,8585,12577,233496,233497,233493,233494,0,0,0,0
1790616737.924192,26,26,7,9,25288,13677,8600,12598,233526,233527,233523,233524,0,0,0,0
1790616737.96418,50,44,51,34,26287,14701,9639,13812,233556,233557,233553,233554,0,0,0,0
1790616738.0236428,29,32,38,21,27197,15594,10728,14814,233586,233587,233583,233584,0,0,0,0
1790616738.0842571,30,47,41,35,27979,16524,11673,15587,233616,233617,233613,233614,0,0,0,0
1790616738.144039,35,37,35,34,29002,17500,12704,16562,233646,233647,233643,233644,0,0,0,0
1790616738.20368,52,33,33,33,31068,19614,14638,18463,233706,233707,233703,233704,0,0,0,0
1790616738.245645,40,45,32,26,32284,20643,15507,19440,233736,233737,233733,233734,0,0,0,0
1790616738.303832,42,39,41,42,572,21710,16484,20555,233766,233767,233763,233764,0,0,0,0
1790616738.363704,41,44,37,46,1704,22658,17564,21613,233796,233797,233793,233794,0,0,0,0
1790616738.4241228,31,42,38,41,2599,23654,18689,22715,233826,233827,233823,233824,0,0,0,0
1790616738.463975,34,38,39,37,3634,24689,19840,23789,233856,233857,233853,233854,0,0,0,0
1790616738.524204,35,36,37,44,4628,25806,20982,24820,233886,233887,233883,233884,0,0,0,0
1790616738.587708,30,40,35,33,5729,26974,22144,25934,233916,233917,233913,233914,0,0,0,0
1790616738.624139,41,38,23,34,6840,28066,23211,26872,233946,233947,233943,233944,0,0,0,0
1790616738.684683,36,41,30,26,8022,29170,24148,27946,233976,233977,233973,233974,0,0,0,0
1790616738.7268732,34,31,38,37,9161,30266,25252,29006,234006,234007,234003,234004,0,0,0,0
1790616738.784211,33,33,38,28,10318,31294,26312,30183,234036,234037,234033,234034,0,0,0,0
1790616738.844834,36,35,48,35,11449,32423,27433,31250,234066,234067,234063,234064,0,0,0,0
1790616738.884684,36,40,37,43,12456,642,28541,32398,234096,234097,234093,234094,0,0,0,0
1790616738.945336,40,47,48,46,13573,1751,29666,723,234126,234127,234123,234124,0,0,0,0
1790616739.0038989,47,50,46,38,15687,3932,32032,2852,234186,234187,234183,234184,0,0,0,0
1790616739.046707,41,47,40,42,16781,5124,358,3812,234216,234217,234213,234214,0,0,0,0
1790616739.103862,56,45,37,44,18032,6245,1369,4895,234246,234247,234243,234244,0,0,0,0
1790616739.163736,37,44,45,42,19172,7309,2447,6027,234276,234277,234273,234274,0,0,0,0
1790616739.2045891,39,36,31,37,20204,8327,3514,7134,234306,234307,234303,234304,0,0,0,0
1790616739.264172,35,35,42,44,21292,9351,4714,8256,234336,234337,234333,234334,0,0,0,0
1790616739.324308,36,36,41,37,22253,10535,5868,9377,234366,234367,234363,234364,0,0,0,0
1790616739.3640761,32,30,40,35,23369,11556,7052,10416,234396,234397,234393,234394,0,0,0,0
1790616739.423695,33,38,44,32,24489,12712,8203,11545,234426,234427,234423,234424,0,0,0,0
1790616739.464183,33,33,30,29,25555,13751,9250,12550,234456,234457,234453,234454,0,0,0,0
1790616739.523665,41,35,33,35,26766,14821,10331,13725,234486,234487,234483,234484,0,0,0,0
1790616739.564072,28,42,41,32,27782,15848,11414,14859,234516,234517,234513,234514,0,0,0,0
1790616739.6242409,45,45,43,42,28829,16916,12580,15974,234546,234547,234543,234544,0,0,0,0
1790616739.6840808,35,45,43,31,29940,18013,13685,17134,234576,234577,234573,234574,0,0,0,0
1790616739.724062,52,45,35,38,31043,19116,14705,18103,234606,234607,234603,234604,0,0,0,0
1790616739.785467,43,43,39,41,552,21430,16781,20226,234666,234667,234663,234664,0,0,0,0
1790616739.845196,49,40,38,39,1686,22484,17819,21272,234696,234697,234693,234694,0,0,0,0
1790616739.903689,40,37,44,40,2654,23549,18921,22352,234726,234727,234723,234724,0,0,0,0
1790616739.9636638,40,39,53,42,3724,24609,20088,23423,234756,234757,234753,234754,0,0,0,0
1790616740.004172,38,38,37,40,4761,25723,21221,24507,234786,234787,234783,234784,0,0,0,0
1790616740.063772,37,34,39,39,5836,26806,22368,25707,234816,234817,234813,234814,0,0,0,0
1790616740.123692,38,27,30,33,6921,27904,23476,26763,234846,234847,234843,234844,0,0,0,0
1790616740.16389,28,38,44,32,8080,28983,24527,27894,234876,234877,234873,234874,0,0,0,0
1790616740.2237818,39,38,32,37,9156,30064,25641,28923,234906,234907,234903,234904,0,0,0,0
1790616740.287702,35,41,34,44,10322,31142,26599,30059,234936,234937,234933,234934,0,0,0,0
1790616740.363745,43,46,36,45,12452,572,28774,32139,234996,234997,234993,234994,0,0,0,0
1790616740.40388,39,37,46,35,13608,1705,29944,523,235026,235027,235023,235024,0,0,0,0
1790616740.464821,31,35,37,40,14463,2661,31052,1520,235056,235057,235053,235054,0,0,0,0
1790616740.504894,34,33,40,30,15422,3599,32022,2466,235086,235087,235083,235084,0,0,0,0
1790616740.564793,23,28,34,26,16343,4553,227,3346,235116,235117,235113,235114,0,0,0,0
1790616740.625173,36,29,30,33,17230,5400,1065,4202,235146,235147,235143,235144,0,0,0,0
1790616740.664853,34,29,22,25,18077,6097,1739,4882,235176,235177,235173,235174,0,0,0,0
1790616740.724879,22,24,22,23,18772,6759,2337,5638,235206,235207,235203,235204,0,0,0,0
1790616740.7857192,14,19,21,22,19383,7342,3022,6313,235236,235237,235233,235234,0,0,0,0
1790616740.844876,21,19,27,20,19870,7947,3607,6891,235266,235267,235263,235264,0,0,0,0
1790616740.884853,24,25,22,16,20490,8573,4321,7449,235296,235297,235293,235294,0,0,0,0
1790616740.944834,14,9,19,12,21028,9084,4883,7992,235326,235327,235323,235324,0,0,0,0
1790616741.004673,6,23,7,16,21888,9917,5675,8903,235386,235387,235383,235384,0,0,0,0
1790616741.0452049,11,14,10,6,22259,10393,5973,9158,235416,235417,235413,235414,0,0,0,0
1790616741.104804,11,10,8,10,22681,10777,6305,9410,235446,235447,235443,235444,0,0,0,0
1790616741.164844,48,11,12,13,23072,11112,6690,9767,235476,235477,235473,235474,0,0,0,0
1790616741.204808,12,3,9,17,23336,11343,7042,10149,235506,235507,235503,235504,0,0,0,0
1790616741.264844,8,4,6,8,23527,11480,7339,10447,235536,235537,235533,235534,0,0,0,0
1790616741.304739,4,3,6,11,23723,11622,7578,10749,235566,235567,235563,235564,0,0,0,0
1790616741.364832,12,10,7,9,23953,11834,7795,11021,235596,235597,235593,235594,0,0,0,0
1790616741.4048939,9,13,8,6,24170,12130,7999,11227,235626,235627,235623,235624,0,0,0,0
1790616741.46477,5,6,6,-1,24343,12421,8208,11366,235656,235657,235653,235654,0,0,0,0
1790616741.504874,10,4,5,2,24486,12644,8405,11501,235686,235687,235683,235684,0,0,0,0
1790616741.564836,6,5,9,3,24654,12846,8608,11633,235716,235717,235713,235714,0,0,0,0
1790616741.624796,-1,-1,5,1,24823,12961,8790,11774,235746,235747,235743,235744,0,0,0,0
1790616741.665289,3,-4,3,1,24833,12938,8809,11779,235776,235777,235773,235774,0,0,0,0
1790616741.7246149,-3,0,-3,4,24813,12937,8822,11764,235806,235807,235803,235804,0,0,0,0
1790616741.785069,-1,5,-1,1,24794,12957,8845,11742,235836,235837,235833,235834,0,0,0,0
1790616741.825439,-2,2,0,0,24762,12977,8871,11716,235866,235867,235863,235864,0,0,0,0
1790616741.885248,-3,-5,5,-4,24735,13001,8899,11690,235896,235897,235893,235894,0,0,0,0
1790616741.946135,3,-1,4,-4,24710,13029,8926,11667,235926,235927,235923,235924,0,0,0,0
1790616741.987686,-1,1,-1,-6,24682,13044,8941,11639,235956,235957,235953,235954,0,0,0,0
1790616742.044582,5,-3,2,-1,24692,13053,8948,11645,235986,235987,235983,235984,0,0,0,0
1790616742.084824,-2,7,3,-4,24675,13070,8967,11634,236046,236047,236043,236044,0,0,0,0
1790616742.145449,-1,0,0,-4,24654,13090,8984,11618,236076,236077,236073,236074,0,0,0,0
1790616742.204795,-3,5,7,-6,24637,13109,9007,11601,236106,236107,236103,236104,0,0,0,0
1790616742.245638,0,-4,-2,-2,24618,13133,9029,11585,236136,236137,236133,236134,0,0,0,0
1790616742.310125,3,4,-7,4,24598,13157,9051,11568,236166,236167,236163,236164,0,0,0,0
1790616742.364576,-1,2,8,2,24578,13183,9075,11549,236196,236197,236193,236194,0,0,0,0
1790616742.407,-2,3,1,-1,24559,13210,9102,11534,236226,236227,236223,236224,0,0,0,0
1790616742.4649038,-1,3,5,-2,24545,13233,9122,11523,236256,236257,236253,236254,0,0,0,0
1790616742.5247018,0,4,-2,-1,24533,13247,9143,11515,236286,236287,236283,236284,0,0,0,0
1790616742.584749,-1,-2,-4,4,24519,13266,9164,11506,236316,236317,236313,236314,0,0,0,0
1790616742.624992,4,1,0,-7,24508,13282,9182,11497,236346,236347,236343,236344,0,0,0,0
1790616742.6855,0,5,2,-5,24498,13299,9197,11491,236376,236377,236373,236374,0,0,0,0
1790616742.744805,-1,0,-7,2,24493,13308,9212,11489,236406,236407,236403,236404,0,0,0,0
1790616742.784856,9,3,-3,-1,24487,13321,9230,11487,236466,236467,236463,236464,0,0,0,0
1790616742.844554,9,3,-3,-1,24487,13321,9230,11487,236466,236467,236463,236464,0,0,0,0
1790616742.905772,-2,-3,-4,1,24513,13332,9255,11519,236526,236527,236523,236524,0,0,0,0
1790616742.945461,-1,8,-2,1,24506,13330,9248,11512,236556,236557,236553,236554,0,0,0,0
1790616743.0060039,6,4,4,4,24523,13344,9261,11510,236586,236587,236583,236584,0,0,0,0
1790616743.046675,36,-13,-13,13,24875,13174,9169,11631,236616,236617,236613,236614,0,0,0,0
1790616743.106355,95,-43,-45,58,26569,12396,8494,12351,236646,236647,236643,236644,0,0,0,0
1790616743.14742,69,-74,-71,60,28729,10705,7073,14216,236676,236677,236673,236674,0,0,0,0
1790616743.206929,53,-62,-79,64,30331,8910,5010,16012,236706,236707,236703,236704,0,0,0,0
1790616743.265816,71,-67,-70,82,32417,7015,3026,18106,236736,236737,236733,236734,0,0,0,0
1790616743.32585,77,-70,-72,93,1720,5065,944,20119,236766,236767,236763,236764,0,0,0,0
1790616743.367352,71,-59,-66,62,3730,3104,31548,22135,236796,236797,236793,236794,0,0,0,0
1790616743.425778,57,-66,-59,60,5461,1494,29798,23850,236826,236827,236823,236824,0,0,0,0
1790616743.467371,46,-36,-50,50,6934,77,28321,25380,236856,236857,236853,236854,0,0,0,0
1790616743.525818,50,-43,-50,38,8240,31605,26971,26615,236886,236887,236883,236884,0,0,0,0
1790616743.585567,42,-44,-46,37,9478,30463,25784,27780,236916,236917,236913,236914,0,0,0,0
1790616743.625736,57,-44,-51,46,10838,29086,24372,29048,236946,236947,236943,236944,0,0,0,0
1790616743.6856341,58,-58,-69,48,12362,27653,22959,30511,236976,236977,236973,236974,0,0,0,0
1790616743.726779,53,-66,-68,75,14079,25992,21250,32218,237006,237007,237003,237004,0,0,0,0
1790616743.786061,74,-51,-63,70,15866,24195,19391,1266,237036,237037,237033,237034,0,0,0,0
1790616743.845579,65,-67,-61,59,17590,22342,17604,3117,237066,237067,237063,237064,0,0,0,0
1790616743.88611,49,-61,-57,58,20868,18943,14399,6570,237126,237127,237123,237124,0,0,0,0
1790616743.9471948,50,-44,-52,53,22283,17400,12993,8073,237156,237157,237153,237154,0,0,0,0
1790616744.006519,42,-57,-46,56,23553,15894,11592,9623,237186,237187,237183,237184,0,0,0,0
1790616744.046029,51,-64,-38,64,24848,14295,10404,11246,237216,237217,237213,237214,0,0,0,0
1790616744.108955,57,-57,-47,56,26130,12650,9071,12764,237246,237247,237243,237244,0,0,0,0
1790616744.165685,44,-82,-46,88,27495,10775,7817,14700,237276,237277,237273,237274,0,0,0,0
1790616744.2080781,31,-91,-43,85,28546,8642,6550,17179,237306,237307,237303,237304,0,0,0,0
1790616744.2658958,22,-100,-20,84,29320,6276,5687,19580,237336,237337,237333,237334,0,0,0,0
1790616744.325618,16,-106,-15,85,29953,3562,5117,22211,237366,237367,237363,237364,0,0,0,0
1790616744.3657851,20,-101,-20,114,30418,1004,4663,24953,237396,237397,237393,237394,0,0,0,0
1790616744.425675,32,-84,-24,93,30991,31249,4091,27548,237426,237427,237423,237424,0,0,0,0
1790616744.485871,34,-74,-28,88,31861,28986,3324,29941,237456,237457,237453,237454,0,0,0,0
1790616744.525918,54,-65,-41,72,235,27140,2140,31857,237486,237487,237483,237484,0,0,0,0
1790616744.585681,66,-48,-58,50,1890,25707,611,618,237516,237517,237513,237514,0,0,0,0
1790616744.626067,58,-35,-58,42,3432,24447,31644,1825,237546,237547,237543,237544,0,0,0,0
1790616744.685726,49,-31,-35,36,4832,23471,30231,2785,237576,237577,237573,237574,0,0,0,0
1790616744.745567,33,-35,-36,31,5972,22583,29089,3684,237606,237607,237603,237604,0,0,0,0
1790616744.8258932,21,-26,-27,23,7529,21097,27607,5233,237666,237667,237663,237664,0,0,0,0
1790616744.8856478,19,-39,-23,17,8118,20457,26998,5826,237696,237697,237693,237694,0,0,0,0
1790616744.94592,22,-23,-19,22,8654,19760,26525,6469,237726,237727,237723,237724,0,0,0,0
1790616744.98579,22,-26,-21,25,9235,19212,26046,7107,237756,237757,237753,237754,0,0,0,0
1790616745.0456069,22,-26,-24,30,9798,18497,25476,7804,237786,237787,237783,237784,0,0,0,0
1790616745.105827,14,-18,-13,19,10830,16937,24272,9299,237846,237847,237843,237844,0,0,0,0
1790616745.147763,16,-22,-10,21,11331,16409,23904,9925,237876,237877,237873,237874,0,0,0,0
1790616745.2056289,0,-21,-12,13,11602,15943,23607,10362,237906,237907,237903,237904,0,0,0,0
1790616745.2458382,2,-20,-5,16,11732,15480,23362,10729,237936,237937,237933,237934,0,0,0,0
1790616745.306277,6,-15,-6,22,11918,15045,23200,11239,237966,237967,237963,237964,0,0,0,0
1790616745.365878,13,-16,-13,14,12190,14657,22975,11701,237996,237997,237993,237994,0,0,0,0
1790616745.425865,8,-19,-15,19,12573,14192,22599,12164,238026,238027,238023,238024,0,0,0,0
1790616745.485829,14,-21,-13,18,12958,13701,22191,12650,238056,238057,238053,238054,0,0,0,0
1790616745.525986,16,-26,-11,27,13398,13069,21874,13274,238086,238087,238083,238084,0,0,0,0
1790616745.585648,12,-19,-15,21,13732,12464,21539,13931,238116,238117,238113,238114,0,0,0,0
1790616745.626059,6,-22,-3,24,13964,11791,21305,14569,238146,238147,238143,238144,0,0,0,0
1790616745.6858351,5,-16,-9,14,14143,11330,21099,15023,238176,238177,238173,238174,0,0,0,0
1790616745.745845,8,-14,-6,16,14334,10888,20926,15452,238206,238207,238203,238204,0,0,0,0
1790616745.805994,4,-4,-1,1,14772,10435,20497,16003,238266,238267,238263,238264,0,0,0,0
1790616745.866234,0,-3,-7,-2,14895,10352,20376,16111,238296,238297,238293,238294,0,0,0,0
1790616745.908555,0,-5,-9,4,14948,10302,20307,16163,238326,238327,238323,238324,0,0,0,0
1790616745.965792,5,3,-4,-1,14967,10286,20280,16182,238356,238357,238353,238354,0,0,0,0
1790616746.025604,3,-6,-2,1,14958,10297,20288,16172,238386,238387,238383,238384,0,0,0,0
1790616746.06882,4,1,6,-4,14931,10322,20318,16146,238416,238417,238413,238414,0,0,0,0
1790616746.12599,0,-2,6,-2,14903,10355,20356,16115,238446,238447,238443,238444,0,0,0,0
1790616746.168892,-3,0,3,1,14875,10380,20390,16087,238476,238477,238473,238474,0,0,0,0
1790616746.226073,1,1,7,-2,14853,10399,20415,16065,238506,238507,238503,238504,0,0,0,0
1790616746.286125,-3,8,-9,-1,14840,10412,20433,16053,238536,238537,238533,238534,0,0,0,0
1790616746.346165,-1,0,-2,-3,14832,10417,20442,16044,238566,238567,238563,238564,0,0,0,0
1790616746.387601,0,1,-4,2,14832,10417,20443,16043,238596,238597,238593,238594,0,0,0,0
1790616746.4467762,1,7,-1,-2,14834,10415,20440,16046,238626,238627,238623,238624,0,0,0,0
1790616746.4881978,2,-1,8,-5,14837,10413,20437,16047,238656,238657,238653,238654,0,0,0,0
1790616746.54654,-1,4,6,-3,14836,10414,20438,16046,238686,238687,238683,238684,0,0,0,0
1790616746.587203,2,0,3,2,14833,10417,20442,16042,238746,238747,238743,238744,0,0,0,0
1790616746.646726,2,0,3,2,14833,10417,20442,16042,238746,238747,238743,238744,0,0,0,0
1790616746.6883368,1,3,1,-3,14836,10416,20441,16044,238806,238807,238803,238804,0,0,0,0
1790616746.746769,0,-4,-1,-1,14836,10417,20441,16044,238836,238837,238833,238834,0,0,0,0
1790616746.806485,-1,-2,2,-2,14834,10417,20443,16043,238866,238867,238863,238864,0,0,0,0
1790616746.869092,1,-6,-2,1,14833,10420,20445,16042,238896,238897,238893,238894,0,0,0,0
1790616746.909195,0,4,0,1,14832,10422,20448,16040,238926,238927,238923,238924,0,0,0,0
1790616746.969013,-3,0,-3,-3,14831,10424,20450,16039,238956,238957,238953,238954,0,0,0,0
1790616747.027536,0,-11,2,2,14831,10427,20450,16039,238986,238987,238983,238984,0,0,0,0
1790616747.0879989,1,-5,-1,2,14833,10426,20448,16040,239046,239047,239043,239044,0,0,0,0
1790616747.146657,-1,-3,-6,-1,14842,10427,20451,16047,239076,239077,239073,239074,0,0,0,0
1790616747.206971,-1,4,3,0,14851,10441,20456,16048,239106,239107,239103,239104,0,0,0,0
1790616747.247416,-1,3,-1,3,14849,10446,20458,16045,239136,239137,239133,239134,0,0,0,0
1790616747.306955,2,-1,2,1,14854,10433,20459,16049,239166,239167,239163,239164,0,0,0,0
1790616747.367182,20,-13,-9,8,15041,10234,20337,16197,239196,239197,239193,239194,0,0,0,0
1790616747.426541,55,-74,-27,52,16154,8908,19777,17113,239226,239227,239223,239224,0,0,0,0
1790616747.468617,58,-57,-53,65,17772,6812,18380,18705,239256,239257,239253,239254,0,0,0,0
1790616747.526623,65,-72,-73,59,19470,5056,16739,20869,239286,239287,239283,239284,0,0,0,0
1790616747.5679412,72,-66,-77,87,21350,2941,14772,22908,239316,239317,239313,239314,0,0,0,0
1790616747.626873,61,-77,-76,96,23370,831,12700,25058,239346,239347,239343,239344,0,0,0,0
1790616747.687115,64,-72,-66,73,25281,31563,10645,27106,239376,239377,239373,239374,0,0,0,0
1790616747.726906,51,-76,-61,55,26783,29794,8970,29050,239406,239407,239403,239404,0,0,0,0
1790616747.787189,45,-45,-52,46,28180,28170,7584,30623,239436,239437,239433,239434,0,0,0,0
1790616747.846762,16,-54,-42,66,29023,26573,6441,32129,239466,239467,239463,239464,0,0,0,0
1790616747.887837,15,-96,-17,88,30035,22542,4995,3594,239526,239527,239523,239524,0,0,0,0
1790616747.946572,15,-96,-17,88,30035,22542,4995,3594,239526,239527,239523,239524,0,0,0,0
1790616747.9874392,29,-92,-29,106,31094,17382,3983,8881,239586,239587,239583,239584,0,0,0,0
1790616748.046748,32,-88,-23,81,31807,14840,3288,11508,239616,239617,239613,239614,0,0,0,0
1790616748.106543,46,-74,-46,84,82,12408,2345,13919,239646,239647,239643,239644,0,0,0,0
1790616748.147527,64,-59,-60,61,1618,10497,709,15893,239676,239677,239673,239674,0,0,0,0
1790616748.207201,71,-48,-69,45,3291,8989,31694,17439,239706,239707,239703,239704,0,0,0,0
1790616748.271134,65,-44,-65,42,4960,7674,30000,18682,239736,239737,239733,239734,0,0,0,0
1790616748.3266501,58,-51,-53,47,6770,6389,28312,19963,239766,239767,239763,239764,0,0,0,0
1790616748.3671281,61,-53,-51,53,8299,5018,26688,21298,239796,239797,239793,239794,0,0,0,0
1790616748.426643,59,-65,-60,63,9844,3528,25218,22726,239826,239827,239823,239824,0,0,0,0
1790616748.467177,58,-56,-52,54,11445,2074,23673,24264,239856,239857,239853,239854,0,0,0,0
1790616748.526677,60,-63,-48,60,12971,327,21972,25960,239886,239887,239883,239884,0,0,0,0
1790616748.567266,59,-57,-68,64,14632,31387,20452,27642,239916,239917,239913,239914,0,0,0,0
1790616748.626851,53,-75,-52,57,16190,29715,18898,29317,239946,239947,239943,239944,0,0,0,0
1790616748.68668,50,-54,-50,54,17681,28024,17398,30996,239976,239977,239973,239974,0,0,0,0
1790616748.726655,55,-58,-51,49,19156,26388,15976,32691,240006,240007,240003,240004,0,0,0,0
1790616748.78685,44,-64,-50,79,20428,24521,14619,1691,240036,240037,240033,240034,0,0,0,0
1790616748.827219,31,-85,-27,81,21510,22453,13504,3650,240066,240067,240063,240064,0,0,0,0
1790616748.886532,12,-101,-20,91,22266,20277,12739,5983,240096,240097,240093,240094,0,0,0,0
1790616748.926989,24,-96,-11,96,22962,17935,12238,8332,240126,240127,240123,240124,0,0,0,0
1790616748.987048,16,-91,-21,82,23419,15580,11745,10699,240156,240157,240153,240154,0,0,0,0
1790616749.031057,20,-78,-16,65,23818,13455,11254,12786,240186,240187,240183,240184,0,0,0,0
1790616749.086934,19,-51,-14,59,24408,11583,10651,14690,240216,240217,240213,240214,0,0,0,0
1790616749.1465678,31,-26,-27,25,25097,10502,10015,15765,240246,240247,240243,240244,0,0,0,0
1790616749.1872718,15,-18,-15,17,25673,9821,9312,16345,240276,240277,240273,240274,0,0,0,0
1790616749.248342,13,-9,-16,8,26073,9503,8865,16651,240306,240307,240303,240304,0,0,0,0
1790616749.314453,7,-6,12,12,26432,9249,8508,16873,240366,240367,240363,240364,0,0,0,0
1790616749.370516,13,-12,-12,13,26640,9053,8316,17090,240396,240397,240393,240394,0,0,0,0
1790616749.429408,17,-19,-15,14,26988,8681,8005,17418,240426,240427,240423,240424,0,0,0,0
1790616749.469913,26,-19,-26,26,27580,8112,7496,17971,240456,240457,240453,240454,0,0,0,0
1790616749.5325272,23,-21,-22,20,28173,7501,6838,18630,240486,240487,240483,240484,0,0,0,0
1790616749.587595,23,-20,-17,15,28838,6903,6170,19320,240516,240517,240513,240514,0,0,0,0
1790616749.6300411,12,-25,-15,15,29307,6291,5720,19879,240546,240547,240543,240544,0,0,0,0
1790616749.687506,15,-16,-16,19,29667,5761,5342,20459,240576,240577,240573,240574,0,0,0,0
1790616749.747707,4,-2,-5,8,29954,5444,5031,20820,240606,240607,240603,240604,0,0,0,0
1790616749.807553,9,-16,-9,8,30341,4888,4616,21345,240666,240667,240663,240664,0,0,0,0
1790616749.84818,14,-12,-6,15,30607,4504,4322,21731,240696,240697,240693,240694,0,0,0,0
1790616749.908759,15,-27,-19,17,31015,3908,3942,22234,240726,240727,240723,240724,0,0,0,0
1790616749.948446,16,-25,-12,24,31389,3194,3534,22932,240756,240757,240753,240754,0,0,0,0
1790616750.0078368,12,-28,-11,21,31727,2555,3236,23617,240786,240787,240783,240784,0,0,0,0
1790616750.06806,7,-30,-7,13,32045,1963,2984,24330,240816,240817,240813,240814,0,0,0,0
1790616750.107946,4,-11,-4,15,32256,1458,2761,24827,240846,240847,240843,240844,0,0,0,0
1790616750.170031,-2,-9,-3,8,32437,1231,2569,25077,240876,240877,240873,240874,0,0,0,0
1790616750.229894,5,-7,-6,1,32526,1119,2464,25207,240906,240907,240903,240904,0,0,0,0
1790616750.2875452,0,-4,-5,-3,32566,1075,2412,25259,240936,240937,240933,240934,0,0,0,0
1790616750.330341,0,3,-2,5,32566,1076,2409,25260,240966,240967,240963,240964,0,0,0,0
1790616750.387518,-1,-2,0,1,32538,1106,2435,25226,240996,240997,240993,240994,0,0,0,0
1790616750.429874,-3,7,6,-5,32506,1148,2480,25180,241026,241027,241023,241024,0,0,0,0
1790616750.487681,-1,-3,3,1,32474,1187,2518,25136,241056,241057,241053,241054,0,0,0,0
1790616750.5477471,-1,2,4,1,32450,1212,2545,25102,241086,241087,241083,241084,0,0,0,0
1790616750.5878022,-4,-3,-3,-1,32436,1227,2562,25084,241116,241117,241113,241114,0,0,0,0
1790616750.647626,0,0,-2,-1,32433,1234,2567,25078,241146,241147,241143,241144,0,0,0,0
1790616750.6878688,0,4,-7,0,32436,1227,2563,25083,241206,241207,241203,241204,0,0,0,0
1790616750.7476108,0,4,-7,0,32436,1227,2563,25083,241206,241207,241203,241204,0,0,0,0
1790616750.807565,0,3,1,-2,32437,1225,2561,25085,241266,241267,241263,241264,0,0,0,0
1790616750.847718,2,1,-3,0,32435,1229,2563,25081,241296,241297,241293,241294,0,0,0,0
1790616750.907926,-6,-8,-3,0,32433,1231,2565,25079,241326,241327,241323,241324,0,0,0,0
1790616750.9480052,6,4,-2,1,32433,1233,2567,25077,241356,241357,241353,241354,0,0,0,0
1790616751.007954,-1,2,1,4,32434,1231,2567,25079,241386,241387,241383,241384,0,0,0,0
1790616751.069098,0,2,-5,0,32438,1227,2563,25084,241416,241417,241413,241414,0,0,0,0
1790616751.1088488,0,4,0,2,32441,1223,2558,25088,241446,241447,241443,241444,0,0,0,0
1790616751.167766,0,0,1,-2,32442,1224,2559,25089,241476,241477,241473,241474,0,0,0,0
1790616751.208118,4,-1,1,-3,32439,1229,2562,25085,241506,241507,241503,241504,0,0,0,0
1790616751.272344,-1,-1,-3,1,32438,1231,2565,25083,241536,241537,241533,241534,0,0,0,0
1790616751.3279412,1,1,-6,-1,32438,1231,2566,25083,241566,241567,241563,241564,0,0,0,0
1790616751.369448,1,3,3,-2,32438,1229,2565,25085,241596,241597,241593,241594,0,0,0,0
1790616751.4277408,-1,0,2,-3,32439,1230,2565,25085,241626,241627,241623,241624,0,0,0,0
1790616751.487904,2,0,-1,1,32439,1233,2566,25084,241656,241657,241653,241654,0,0,0,0
1790616751.5309498,-5,2,-2,-4,32437,1232,2566,25082,241686,241687,241683,241684,0,0,0,0
1790616751.608417,9,-3,1,1,32436,1240,2576,25086,241746,241747,241743,241744,0,0,0,0
1790616751.648062,-6,-6,-1,-1,32434,1245,2583,25082,241776,241777,241773,241774,0,0,0,0
1790616751.707595,2,-3,-4,0,32439,1237,2584,25081,241806,241807,241803,241804,0,0,0,0
1790616751.747672,13,-16,-11,13,32586,991,2504,25252,241836,241837,241833,241834,0,0,0,0
1790616751.807729,63,-71,-29,37,868,32555,2035,25899,241866,241867,241863,241864,0,0,0,0
1790616751.84799,72,-63,-60,72,2704,30486,795,27847,241896,241897,241893,241894,0,0,0,0
1790616751.908017,57,-70,-70,84,4466,28714,31571,29626,241926,241927,241923,241924,0,0,0,0
1790616751.967792,77,-70,-88,77,6353,26706,29645,31604,241956,241957,241953,241954,0,0,0,0
1790616752.008559,72,-78,-81,72,8358,24586,27627,1038,241986,241987,241983,241984,0,0,0,0
1790616752.068746,56,-80,-69,65,10261,22658,25701,3109,242016,242017,242013,242014,0,0,0,0
1790616752.107905,47,-67,-60,66,11904,20816,23894,4999,242046,242047,242043,242044,0,0,0,0
1790616752.168881,12,-70,-42,57,12737,19059,22515,6769,242076,242077,242073,242074,0,0,0,0
1790616752.229727,7,-93,-26,84,12989,17207,21556,8579,242106,242107,242103,242104,0,0,0,0
1790616752.287627,22,-73,-16,94,13543,14922,20922,10725,242136,242137,242133,242134,0,0,0,0
1790616752.3281012,13,-88,-21,98,13988,12459,20369,13012,242166,242167,242163,242164,0,0,0,0
1790616752.392896,12,-112,-21,93,14426,9811,19804,15485,242196,242197,242193,242194,0,0,0,0
1790616752.428382,21,-89,-21,107,14976,7103,19251,18074,242226,242227,242223,242224,0,0,0,0
1790616752.487617,33,-70,-26,86,15727,4566,18575,20738,242256,242257,242253,242254,0,0,0,0
1790616752.547841,52,-66,-40,74,16757,2282,17556,23104,242286,242287,242283,242284,0,0,0,0
1790616752.587768,61,-68,-53,78,18146,162,16169,25202,242316,242317,242313,242314,0,0,0,0
1790616752.647637,46,-50,-67,39,19748,31343,14479,26767,242346,242347,242343,242344,0,0,0,0
1790616752.707579,60,-55,-68,48,23202,28625,11051,29369,242406,242407,242403,242404,0,0,0,0
1790616752.771988,59,-57,-61,51,24753,27362,9407,30680,242436,242437,242433,242434,0,0,0,0
1790616752.830122,64,-57,-47,69,26355,25958,7933,32092,242466,242467,242463,242464,0,0,0,0
1790616752.8875751,40,-49,-63,56,27867,24341,6388,897,242496,242497,242493,242494,0,0,0,0
1790616752.933057,47,-67,-59,63,29409,22712,4799,2500,242526,242527,242523,242524,0,0,0,0
1790616752.9876711,64,-64,-53,69,30971,21036,3201,4242,242556,242557,242553,242554,0,0,0,0
1790616753.047722,48,-66,-62,61,32558,19287,1650,5870,242586,242587,242583,242584,0,0,0,0
1790616753.087669,63,-58,-54,63,1330,17535,61,7592,242616,242617,242613,242614,0,0,0,0
1790616753.147583,52,-70,-44,56,2728,15785,31365,9416,242646,242647,242643,242644,0,0,0,0
1790616753.187741,25,-72,-38,71,3845,13761,30205,11465,242676,242677,242673,242674,0,0,0,0
1790616753.2475882,17,-81,-19,84,4418,11487,29400,13880,242706,242707,242703,242704,0,0,0,0
1790616753.3075469,19,-78,-18,72,5229,6729,28395,18618,242766,242767,242763,242764,0,0,0,0
1790616753.367402,19,-78,-18,77,5778,4517,27983,21005,242796,242797,242793,242794,0,0,0,0
1790616753.427441,21,-61,-23,64,6322,2481,27520,23148,242826,242827,242823,242824,0,0,0,0
1790616753.48982,18,-56,-24,66,6884,667,26928,24984,242856,242857,242853,242854,0,0,0,0
1790616753.528024,35,-38,-25,38,7537,32493,26389,26275,242886,242887,242883,242884,0,0,0,0
1790616753.587693,23,-30,-28,18,8245,31699,25700,26989,242916,242917,242913,242914,0,0,0,0
1790616753.647568,11,-13,-22,5,8881,31295,24985,27403,242946,242947,242943,242944,0,0,0,0
1790616753.687837,5,-3,0,1,9496,31040,24349,27751,243006,243007,243003,243004,0,0,0,0
1790616753.747935,5,-3,0,1,9496,31040,24349,27751,243006,243007,243003,243004,0,0,0,0
1790616753.8076448,9,-13,-6,8,9908,30690,24039,28016,243066,243067,243063,243064,0,0,0,0
1790616753.86742,14,-23,-15,18,10264,30354,23722,28353,243096,243097,243093,243094,0,0,0,0
1790616753.9077451,22,-27,-26,17,10798,29792,23203,28923,243126,243127,243123,243124,0,0,0,0
1790616753.968862,21,-23,-26,27,11507,29077,22446,29562,243156,243157,243153,243154,0,0,0,0
1790616754.029504,27,-25,-24,17,12116,28434,21735,30232,243186,243187,243183,243184,0,0,0,0
1790616754.088852,-1,-21,-24,21,12684,27974,21166,30711,243216,243217,243213,243214,0,0,0,0
1790616754.148077,14,-15,-13,9,13073,27593,20747,31090,243246,243247,243243,243244,0,0,0,0
1790616754.189343,12,-10,-9,10,13427,27255,20439,31347,243276,243277,243273,243274,0,0,0,0
1790616754.247592,11,-11,-8,8,13707,26966,20149,31573,243306,243307,243303,243304,0,0,0,0
1790616754.289021,17,-16,-16,15,14263,26413,19558,32287,243366,243367,243363,243364,0,0,0,0
1790616754.348785,22,-26,-17,14,14734,25953,19177,32713,243396,243397,243393,243394,0,0,0,0
1790616754.4076219,17,-17,-21,22,15225,25459,18696,528,243426,243427,243423,243424,0,0,0,0
1790616754.447604,10,-7,-10,11,15629,25010,18293,986,243456,243457,243453,243454,0,0,0,0
1790616754.507515,5,-10,-6,3,15862,24777,18040,1182,243486,243487,243483,243484,0,0,0,0
1790616754.567616,3,-1,-3,0,15989,24653,17908,1299,243516,243517,243513,243514,0,0,0,0
1790616754.607739,-2,-2,-1,4,16064,24580,17827,1380,243546,243547,243543,243544,0,0,0,0
1790616754.667649,6,-1,-1,0,16114,24533,17770,1437,243576,243577,243573,243574,0,0,0,0
1790616754.707783,1,-5,5,2,16149,24501,17731,1480,243606,243607,243603,243604,0,0,0,0
1790616754.7681239,-1,24,2,2,16173,24479,17706,1509,243636,243637,243633,243634,0,0,0,0
1790616754.807939,2,-3,-1,3,16187,24465,17688,1528,243666,243667,243663,243664,0,0,0,0
1790616754.867456,-1,-2,3,-1,16194,24458,17681,1535,243696,243697,243693,243694,0,0,0,0
1790616754.908067,-4,1,-4,2,16192,24460,17682,1534,243726,243727,243723,243724,0,0,0,0
1790616754.9676878,1,0,4,0,16189,24463,17686,1530,243756,243757,243753,243754,0,0,0,0
1790616755.028167,10,-1,4,4,16189,24466,17689,1527,243786,243787,243783,243784,0,0,0,0
1790616755.0677602,-1,1,-1,-3,16187,24465,17688,1527,243816,243817,243813,243814,0,0,0,0
1790616755.128096,-6,-3,0,-3,16189,24465,17689,1528,243846,243847,243843,243844,0,0,0,0
1790616755.189901,2,-1,0,1,16189,24465,17689,1528,243876,243877,243873,243874,0,0,0,0
1790616755.247612,2,0,-1,2,16188,24466,17690,1526,243906,243907,243903,243904,0,0,0,0
1790616755.289418,-4,-6,-3,2,16188,24465,17690,1527,243936,243937,243933,243934,0,0,0,0
1790616755.347496,-2,0,-2,-2,16191,24464,17688,1530,243966,243967,243963,243964,0,0,0,0
1790616755.3886662,-1,-8,3,2,16193,24462,17686,1533,244026,244027,244023,244024,0,0,0,0
1790616755.4476779,-1,-8,3,2,16193,24462,17686,1533,244026,244027,244023,244024,0,0,0,0
1790616755.48954,0,7,3,-4,16194,24462,17686,1533,244056,244057,244053,244054,0,0,0,0
1790616755.547773,-40,-30,-38,-54,14842,23317,16477,379,244116,244117,244113,244114,0,0,0,0
1790616755.6076531,-23,-28,-29,-31,13987,22420,15622,32262,244146,244147,244143,244144,0,0,0,0
1790616755.647983,-37,-36,-36,-30,13129,21615,14737,31384,244176,244177,244173,244174,0,0,0,0
1790616755.707894,-28,-37,-39,-35,12191,20706,13765,30477,244206,244207,244203,244204,0,0,0,0
1790616755.748009,-34,-33,-31,-36,11277,19607,12775,29407,244236,244237,244233,244234,0,0,0,0
1790616755.8076959,-33,-33,-31,-42,10289,18643,11770,28525,244266,244267,244263,244264,0,0,0,0
1790616755.86745,-30,-45,-34,-39,9267,17593,10710,27450,244296,244297,244293,244294,0,0,0,0
1790616755.908397,-39,-37,-46,-32,8205,16588,9786,26467,244326,244327,244323,244324,0,0,0,0
1790616755.967813,-41,-39,-46,-35,7151,15533,8712,25491,244356,244357,244353,244354,0,0,0,0
1790616756.0293581,-36,-39,-35,-34,6073,14467,7666,24303,244386,244387,244383,244384,0,0,0,0
1790616756.087517,-42,-36,-46,-31,5137,13448,6497,23264,244416,244417,244413,244414,0,0,0,0
1790616756.128109,-38,-37,-44,-43,4148,12424,5425,22139,244446,244447,244443,244444,0,0,0,0
1790616756.1893718,-39,-41,-37,-38,3051,11294,4330,21031,244476,244477,244473,244474,0,0,0,0
1790616756.247769,-43,-44,-34,-50,1965,10287,3256,19914,244506,244507,244503,244504,0,0,0,0
1790616756.307734,-40,-33,-32,-35,32449,7994,1226,17856,244566,244567,244563,244564,0,0,0,0
1790616756.34781,-46,-31,-41,-42,31330,6942,158,16844,244596,244597,244593,244594,0,0,0,0
1790616756.40763,-32,-40,-37,-33,30269,5792,31790,15725,244626,244627,244623,244624,0,0,0,0
1790616756.448174,-42,-34,-47,-38,29247,4714,30693,14801,244656,244657,244653,244654,0,0,0,0
1790616756.507709,-37,-25,-40,-42,28157,3492,29564,13664,244686,244687,244683,244684,0,0,0,0
1790616756.549435,-46,-35,-40,-31,27153,2574,28610,12543,244716,244717,244713,244714,0,0,0,0
1790616756.607745,-39,-28,-40,-36,26088,1691,27571,11510,244746,244747,244743,244744,0,0,0,0
1790616756.669895,-41,-27,-24,-32,25254,783,26655,10435,244776,244777,244773,244774,0,0,0,0
1790616756.709816,-29,-28,-27,-32,24355,32747,25933,9702,244806,244807,244803,244804,0,0,0,0
1790616756.768281,-23,-33,-39,-21,23570,31958,25098,8979,244836,244837,244833,244834,0,0,0,0
1790616756.808162,-27,-25,-21,-20,22947,31191,24291,8184,244866,244867,244863,244864,0,0,0,0
1790616756.867604,-23,-25,-25,-19,22238,30568,23745,7642,244896,244897,244893,244894,0,0,0,0
1790616756.927566,-24,-26,-29,-23,21593,29917,23158,7029,244926,244927,244923,244924,0,0,0,0
1790616756.967757,-18,-21,-26,-19,21029,29233,22463,6536,244956,244957,244953,244954,0,0,0,0
1790616757.028476,-17,-23,-18,-23,20540,28646,21917,5992,244986,244987,244983,244984,0,0,0,0
1790616757.068395,-25,-17,-18,-19,20003,28137,21406,5467,245016,245017,245013,245014,0,0,0,0
1790616757.128427,-14,-10,-12,-17,19566,27783,21040,4985,245046,245047,245043,245044,0,0,0,0
1790616757.187742,-14,-13,-14,-10,19174,27433,20756,4611,245076,245077,245073,245074,0,0,0,0
1790616757.228422,-6,-11,-14,-10,18845,27087,20395,4305,245106,245107,245103,245104,0,0,0,0
1790616757.287919,-7,-5,-10,-10,18596,26810,19984,3945,245136,245137,245133,245134,0,0,0,0
1790616757.327706,-12,-10,-12,-16,18364,26582,19642,3596,245166,245167,245163,245164,0,0,0,0
1790616757.387674,-12,-6,-10,-9,18118,26361,19360,3334,245196,245197,245193,245194,0,0,0,0
1790616757.447434,-15,-5,-8,-11,17849,26159,19125,3112,245226,245227,245223,245224,0,0,0,0
1790616757.48804,-11,-10,-11,-12,17583,25931,18946,2876,245256,245257,245253,245254,0,0,0,0
1790616757.547522,-12,-13,-8,-15,17345,25687,18775,2635,245286,245287,245283,245284,0,0,0,0
1790616757.588026,-8,-12,-8,-10,16911,25151,18517,2367,245346,245347,245343,245344,0,0,0,0
1790616757.647619,-6,-11,-14,-2,16710,24877,18356,2227,245376,245377,245373,245374,0,0,0,0
1790616757.707669,-1,-11,-9,-9,16552,24638,18076,2044,245406,245407,245403,245404,0,0,0,0
1790616757.747856,5,-10,-11,-13,16463,24478,17728,1849,245436,245437,245433,245434,0,0,0,0
1790616757.8274188,2,-7,-13,-11,16403,24375,17466,1592,245466,245467,245463,245464,0,0,0,0
1790616757.867648,1,3,-1,-3,16347,24374,17324,1403,245496,245497,245493,245494,0,0,0,0
1790616757.927496,4,0,2,2,16335,24386,17334,1387,245526,245527,245523,245524,0,0,0,0
1790616757.9679601,3,-3,0,6,16337,24391,17338,1390,245556,245557,245553,245554,0,0,0,0
1790616758.0277271,-2,-1,4,1,16347,24382,17329,1402,245586,245587,245583,245584,0,0,0,0
1790616758.087926,0,-1,-2,3,16358,24373,17317,1418,245616,245617,245613,245614,0,0,0,0
1790616758.128156,0,-1,-3,1,16371,24366,17308,1434,245646,245647,245643,245644,0,0,0,0
1790616758.1874392,2,-3,2,4,16379,24361,17299,1444,245676,245677,245673,245674,0,0,0,0
1790616758.229145,1,5,1,3,16396,24367,17301,1460,245706,245707,245703,245704,0,0,0,0
1790616758.30796,-4,-4,-5,3,16409,24346,17279,1478,245766,245767,245763,245764,0,0,0,0
1790616758.367575,2,-2,-3,4,16421,24344,17274,1492,245796,245797,245793,245794,0,0,0,0
1790616758.407903,8,2,3,0,16428,24338,17268,1501,245826,245827,245823,245824,0,0,0,0
1790616758.4678679,3,-1,5,1,16431,24337,17265,1506,245856,245857,245853,245854,0,0,0,0
1790616758.507854,0,1,-2,-1,16432,24337,17265,1507,245886,245887,245883,245884,0,0,0,0
1790616758.567782,1,0,1,-5,16431,24338,17266,1506,245916,245917,245913,245914,0,0,0,0
1790616758.608625,-1,1,1,2,16429,24342,17268,1504,245946,245947,245943,245944,0,0,0,0
1790616758.6678379,-2,-5,-3,0,16419,24339,17266,1492,245976,245977,245973,245974,0,0,0,0
1790616758.727353,-1,1,4,-2,16399,24355,17281,1470,246006,246007,246003,246004,0,0,0,0
1790616758.767793,-2,-1,-4,-1,16391,24363,17300,1465,246036,246037,246033,246034,0,0,0,0
1790616758.827355,4,-5,-1,2,16405,24355,17288,1470,246066,246067,246063,246064,0,0,0,0
1790616758.887423,41,-9,-14,10,16788,24271,17053,1554,246096,246097,246093,246094,0,0,0,0
1790616758.927715,112,-27,-89,15,18874,23844,15115,1841,246126,246127,246123,246124,0,0,0,0
1790616758.990313,101,-36,-68,27,21828,23021,12491,2456,246156,246157,246153,246154,0,0,0,0
1790616759.0280619,93,-39,-81,42,23986,21907,10364,3498,246186,246187,246183,246184,0,0,0,0
1790616759.08734,88,-48,-76,45,26184,20639,7869,4824,246216,246217,246213,246214,0,0,0,0
1790616759.127755,102,-46,-105,53,28617,19397,5181,6164,246246,246247,246243,246244,0,0,0,0
1790616759.187388,113,-34,-104,38,31152,18374,2576,7419,246276,246277,246273,246274,0,0,0,0
1790616759.227625,87,-29,-94,28,993,17468,32728,8275,246306,246307,246303,246304,0,0,0,0
1790616759.2872949,86,-27,-84,26,3511,16789,30199,9024,246336,246337,246333,246334,0,0,0,0
1790616759.350351,75,-17,-81,30,5821,16160,27823,9607,246366,246367,246363,246364,0,0,0,0
1790616759.388501,65,-32,-76,24,7932,15385,25785,10322,246396,246397,246393,246394,0,0,0,0
1790616759.449566,68,-44,-65,36,9815,14415,23891,11282,246426,246427,246423,246424,0,0,0,0
1790616759.4887838,51,-57,-58,41,11535,13183,22173,12543,246456,246457,246453,246454,0,0,0,0
1790616759.5489652,74,-54,-64,52,13220,11712,20561,14014,246486,246487,246483,246484,0,0,0,0
1790616759.587759,77,-56,-72,58,16875,8745,16937,17030,246546,246547,246543,246544,0,0,0,0
1790616759.6504068,63,-52,-65,46,18810,7334,14981,18443,246576,246577,246573,246574,0,0,0,0
1790616759.7075782,76,-53,-65,50,20723,5948,13013,19765,246606,246607,246603,246604,0,0,0,0
1790616759.750159,76,-39,-67,46,22510,4700,11171,21181,246636,246637,246633,246634,0,0,0,0
1790616759.807699,60,-37,-68,50,24273,3342,9462,22487,246666,246667,246663,246664,0,0,0,0
1790616759.8674948,62,-40,-53,52,25880,2107,7840,23773,246696,246697,246693,246694,0,0,0,0
1790616759.907698,58,-58,-63,57,27578,668,6126,25181,246726,246727,246723,246724,0,0,0,0
1790616759.969548,56,-68,-57,50,29164,32031,4557,26594,246756,246757,246753,246754,0,0,0,0
1790616760.009651,61,-56,-57,58,30701,30550,2996,28053,246786,246787,246783,246784,0,0,0,0
1790616760.069526,53,-53,-61,65,32427,28992,1373,29667,246816,246817,246813,246814,0,0,0,0
1790616760.1099038,60,-68,-57,45,1234,27292,32520,31327,246846,246847,246843,246844,0,0,0,0
1790616760.1696022,66,-56,-63,59,2885,25743,30796,226,246876,246877,246873,246874,0,0,0,0
1790616760.2304032,52,-53,-53,65,4524,24131,29142,1866,246906,246907,246903,246904,0,0,0,0
1790616760.27239,57,-64,-62,53,6080,22535,27631,3373,246936,246937,246933,246934,0,0,0,0
1790616760.3304782,61,-55,-51,63,7649,21111,26142,4918,246966,246967,246963,246964,0,0,0,0
1790616760.3708422,46,-50,-52,57,9142,19485,24517,6433,246996,246997,246993,246994,0,0,0,0
1790616760.430718,44,-53,-47,53,10499,18167,23181,7873,247026,247027,247023,247024,0,0,0,0
1790616760.490355,36,-42,-43,35,11745,16887,21858,9231,247056,247057,247053,247054,0,0,0,0
1790616760.550557,32,-36,-34,30,12808,15862,20888,10287,247086,247087,247083,247084,0,0,0,0
1790616760.610537,18,-24,-20,18,14295,14301,19375,11829,247146,247147,247143,247144,0,0,0,0
1790616760.650584,14,-20,-17,18,14829,13707,18871,12420,247176,247177,247173,247174,0,0,0,0
1790616760.710583,19,-28,-23,24,15282,13065,18464,12969,247206,247207,247203,247204,0,0,0,0
1790616760.770914,12,-27,-19,21,15732,12425,18014,13732,247236,247237,247233,247234,0,0,0,0
1790616760.812774,11,-24,-14,36,16130,11670,17596,14417,247266,247267,247263,247264,0,0,0,0
1790616760.870388,16,-23,-15,19,16495,11073,17245,15054,247296,247297,247293,247294,0,0,0,0
1790616760.930391,15,-23,-6,21,16913,10443,16915,15697,247326,247327,247323,247324,0,0,0,0
1790616760.970507,11,-25,-15,21,17199,9858,16556,16296,247356,247357,247353,247354,0,0,0,0
1790616761.012086,4,-20,-9,21,17439,9260,16308,16852,247386,247387,247383,247384,0,0,0,0
1790616761.070559,11,-14,-14,12,17671,8835,16032,17352,247416,247417,247413,247414,0,0,0,0
1790616761.1306481,13,-17,-15,17,18042,8417,15769,17779,247446,247447,247443,247444,0,0,0,0
1790616761.170659,9,-14,-15,16,18362,7955,15437,18274,247476,247477,247473,247474,0,0,0,0
1790616761.230704,16,-18,-15,10,18706,7500,15054,18684,247506,247507,247503,247504,0,0,0,0
1790616761.27068,15,-12,-16,17,19137,7029,14629,19149,247536,247537,247533,247534,0,0,0,0
1790616761.3305442,13,-19,-14,16,19538,6527,14238,19665,247566,247567,247563,247564,0,0,0,0
1790616761.370802,7,-24,-16,24,19802,5859,13844,20276,247596,247597,247593,247594,0,0,0,0
1790616761.4303842,15,-18,-14,21,20082,5273,13541,20932,247626,247627,247623,247624,0,0,0,0
1790616761.4706979,7,-23,-10,20,20389,4721,13335,21562,247656,247657,247653,247654,0,0,0,0
1790616761.530347,3,-16,-4,15,20645,4238,13125,22133,247686,247687,247683,247684,0,0,0,0
1790616761.57074,5,-14,-6,10,20849,3823,12955,22521,247716,247717,247713,247714,0,0,0,0
1790616761.630791,6,-6,-4,4,20996,3629,12800,22683,247746,247747,247743,247744,0,0,0,0
1790616761.690623,1,-1,0,4,21071,3541,12725,22772,247776,247777,247773,247774,0,0,0,0
1790616761.7307699,2,-7,0,4,21096,3516,12698,22805,247806,247807,247803,247804,0,0,0,0
1790616761.7909,-1,0,-3,-5,21050,3575,12741,22752,247866,247867,247863,247864,0,0,0,0
1790616761.851058,-1,0,-3,-5,21050,3575,12741,22752,247866,247867,247863,247864,0,0,0,0
1790616761.8905191,1,3,-2,-1,20947,3700,12840,22635,247926,247927,247923,247924,0,0,0,0
1790616761.950853,-5,1,3,-3,20881,3788,12906,22562,247956,247957,247953,247954,0,0,0,0
1790616761.991034,-6,5,4,-3,20805,3884,12979,22479,247986,247987,247983,247984,0,0,0,0
1790616762.051301,-4,3,2,-4,20716,3995,13065,22388,248016,248017,248013,248014,0,0,0,0
1790616762.112365,-1,9,4,-4,20619,4109,13163,22296,248046,248047,248043,248044,0,0,0,0
1790616762.151017,-2,5,3,-5,20518,4212,13264,22210,248076,248077,248073,248074,0,0,0,0
1790616762.211637,-3,7,-1,-3,20430,4294,13349,22141,248106,248107,248103,248104,0,0,0,0
1790616762.250612,1,-1,-2,-4,20370,4347,13409,22092,248136,248137,248133,248134,0,0,0,0
1790616762.313451,2,-1,-2,-3,20330,4378,13449,22060,248166,248167,248163,248164,0,0,0,0
1790616762.370373,0,-2,4,-1,20305,4397,13474,22040,248196,248197,248193,248194,0,0,0,0
1790616762.430491,-2,3,3,0,20295,4407,13486,22032,248226,248227,248223,248224,0,0,0,0
1790616762.470676,-1,-1,-8,-2,20293,4408,13489,22029,248256,248257,248253,248254,0,0,0,0
1790616762.530462,4,-4,1,-2,20296,4404,13484,22032,248286,248287,248283,248284,0,0,0,0
1790616762.5706382,-2,-5,-1,-2,20302,4401,13480,22037,248316,248317,248313,248314,0,0,0,0
1790616762.630603,-4,-5,2,0,20304,4393,13477,22040,248346,248347,248343,248344,0,0,0,0
1790616762.690393,-40,-46,-34,-50,19358,3528,12830,21350,248376,248377,248373,248374,0,0,0,0
1790616762.730551,-31,-28,-31,-38,18393,2684,11803,20395,248406,248407,248403,248404,0,0,0,0
1790616762.811075,-32,-37,-37,-29,16665,979,10031,18452,248466,248467,248463,248464,0,0,0,0
1790616762.850608,-40,-30,-41,-35,15784,19,8971,17497,248496,248497,248493,248494,0,0,0,0
1790616762.9110222,-35,-40,-34,-43,14802,31858,7898,16446,248526,248527,248523,248524,0,0,0,0
1790616762.97077,-36,-40,-34,-35,13865,30832,6892,15470,248556,248557,248553,248554,0,0,0,0
1790616763.011287,-38,-44,-32,-36,12705,29697,5818,14616,248586,248587,248583,248584,0,0,0,0
1790616763.0704372,-41,-47,-41,-44,11672,28648,4816,13567,248616,248617,248613,248614,0,0,0,0
1790616763.1112561,-42,-48,-39,-31,10607,27563,3735,12561,248646,248647,248643,248644,0,0,0,0
1790616763.170759,-47,-36,-39,-35,9531,26530,2735,11585,248676,248677,248673,248674,0,0,0,0
1790616763.2111008,-41,-46,-38,-30,8418,25496,1721,10371,248706,248707,248703,248704,0,0,0,0
1790616763.270425,-44,-29,-39,-41,7353,24352,676,9354,248736,248737,248733,248734,0,0,0,0
1790616763.3306,-47,-36,-45,-38,6266,23377,32231,8106,248766,248767,248763,248764,0,0,0,0
1790616763.370517,-42,-37,-37,-36,5286,22261,31190,7101,248796,248797,248793,248794,0,0,0,0
1790616763.4305012,-38,-42,-43,-42,4278,21251,30080,6021,248826,248827,248823,248824,0,0,0,0
1790616763.470779,-38,-40,-40,-45,3144,20092,29013,4919,248856,248857,248853,248854,0,0,0,0
1790616763.530668,-35,-43,-37,-48,2080,18950,27956,3935,248886,248887,248883,248884,0,0,0,0
1790616763.590376,-38,-46,-30,-38,931,17871,26787,2883,248916,248917,248913,248914,0,0,0,0
1790616763.6305852,-33,-44,-39,-39,32670,16793,25912,1835,248946,248947,248943,248944,0,0,0,0
1790616763.690612,-37,-28,-47,-40,31611,15728,24673,717,248976,248977,248973,248974,0,0,0,0
1790616763.7511969,-41,-35,-35,-39,30577,14797,23661,32406,249006,249007,249003,249004,0,0,0,0
1790616763.7907279,-36,-29,-36,-32,28778,12835,21654,30522,249066,249067,249063,249064,0,0,0,0
1790616763.850286,-29,-43,-27,-37,27907,11951,20889,29587,249096,249097,249093,249094,0,0,0,0
1790616763.911107,-24,-29,-29,-29,27076,11180,20083,28800,249126,249127,249123,249124,0,0,0,0
1790616763.950753,-26,-22,-19,-20,26345,10521,19430,28055,249156,249157,249153,249154,0,0,0,0
1790616764.010884,-22,-24,-27,-26,25749,10021,18870,27473,249186,249187,249183,249184,0,0,0,0
1790616764.070532,-29,-22,-25,-19,25187,9278,18302,26855,249216,249217,249213,249214,0,0,0,0
1790616764.1107972,-19,-20,-22,-15,24576,8679,17663,26413,249246,249247,249243,249244,0,0,0,0
1790616764.1705441,-12,-27,-19,-17,24213,8172,17188,26026,249276,249277,249273,249274,0,0,0,0
1790616764.21069,-15,-15,-21,-10,23840,7776,16693,25626,249306,249307,249303,249304,0,0,0,0
1790616764.2704158,-8,-12,-10,-25,23478,7435,16260,25160,249336,249337,249333,249334,0,0,0,0
1790616764.310848,-13,-7,-6,-18,23162,7139,15936,24638,249366,249367,249363,249364,0,0,0,0
1790616764.37068,-18,-10,-5,-10,22751,6872,15750,24330,249396,249397,249393,249394,0,0,0,0
1790616764.431365,-10,-12,-13,-14,22258,6542,15582,24069,249426,249427,249423,249424,0,0,0,0
1790616764.470861,-10,-18,-7,-10,21958,6163,15344,23844,249456,249457,249453,249454,0,0,0,0
1790616764.530574,-5,-6,-13,-4,21785,5833,15038,23636,249486,249487,249483,249484,0,0,0,0
1790616764.570946,-3,-7,-9,-4,21729,5608,14706,23466,249516,249517,249513,249514,0,0,0,0
1790616764.630574,0,-9,-15,-6,21674,5438,14351,23271,249546,249547,249543,249544,0,0,0,0
1790616764.674004,-5,-6,-15,-30,21552,5300,14045,23029,249576,249577,249573,249574,0,0,0,0
1790616764.730359,-6,-4,-6,-9,21356,5180,13850,22752,249606,249607,249603,249604,0,0,0,0
1790616764.790451,-13,-5,0,-9,21096,5029,13713,22473,249636,249637,249633,249634,0,0,0,0
1790616764.830532,-11,-13,-10,-12,20809,4854,13626,22248,249666,249667,249663,249664,0,0,0,0
1790616764.8904178,-3,-10,-8,-8,20508,4647,13538,22110,249696,249697,249693,249694,0,0,0,0
1790616764.930623,-5,-7,-10,-2,20287,4400,13397,22049,249726,249727,249723,249724,0,0,0,0
1790616764.994161,2,-1,-1,2,20239,4178,13205,22076,249786,249787,249783,249784,0,0,0,0
1790616765.050457,7,3,0,-5,20237,4196,13216,22076,249816,249817,249813,249814,0,0,0,0
1790616765.110562,2,5,3,-1,20204,4228,13246,22051,249846,249847,249843,249844,0,0,0,0
1790616765.150607,1,-2,3,0,20172,4263,13283,22022,249876,249877,249873,249874,0,0,0,0
1790616765.210464,-2,4,5,-5,20146,4289,13311,22001,249906,249907,249903,249904,0,0,0,0
1790616765.251075,-5,0,-1,1,20129,4305,13331,21987,249936,249937,249933,249934,0,0,0,0
1790616765.312591,-8,3,1,1,20130,4321,13344,21986,249966,249967,249963,249964,0,0,0,0
1790616765.371948,2,-2,1,-5,20134,4323,13347,21987,249996,249997,249993,249994,0,0,0,0
1790616765.412218,-1,-4,-4,-5,20132,4315,13337,21984,250026,250027,250023,250024,0,0,0,0
1790616765.472558,-3,-7,-3,-3,20135,4314,13335,21985,250056,250057,250053,250054,0,0,0,0
1790616765.5303319,-3,-3,1,-2,20135,4314,13334,21984,250086,250087,250083,250084,0,0,0,0
1790616765.571855,-9,-3,-1,0,20134,4313,13333,21982,250116,250117,250113,250114,0,0,0,0
1790616765.6304371,-1,3,-8,-2,20132,4313,13332,21980,250146,250147,250143,250144,0,0,0,0
1790616765.690393,-1,0,1,-6,20131,4314,13332,21980,250176,250177,250173,250174,0,0,0,0
1790616765.730581,3,-3,2,1,20131,4313,13332,21980,250206,250207,250203,250204,0,0,0,0
1790616765.790538,-5,2,-4,2,20120,4309,13325,21967,250236,250237,250233,250234,0,0,0,0
1790616765.8503628,-3,-2,-1,3,20075,4361,13386,21929,250296,250297,250293,250294,0,0,0,0
1790616765.8906019,2,1,-3,2,20070,4370,13391,21919,250326,250327,250323,250324,0,0,0,0
1790616765.95104,22,-9,-20,4,20325,4326,13238,21949,250356,250357,250353,250354,0,0,0,0
1790616766.010848,105,-28,-54,11,21983,3831,12417,22160,250386,250387,250383,250384,0,0,0,0
1790616766.050952,98,-35,-81,38,24905,2960,10121,22929,250416,250417,250413,250414,0,0,0,0
1790616766.110246,60,-56,-85,54,26878,1750,7609,24224,250446,250447,250443,250444,0,0,0,0
1790616766.172551,92,-55,-85,52,28799,169,5406,25863,250476,250477,250473,250474,0,0,0,0
1790616766.212406,103,-50,-85,68,30962,31415,2980,27508,250506,250507,250503,250504,0,0,0,0
1790616766.273859,101,-49,-94,41,522,30090,624,28993,250536,250537,250533,250534,0,0,0,0
1790616766.330388,93,-34,-87,37,2872,28813,30919,30259,250566,250567,250563,250564,0,0,0,0
1790616766.390281,94,-20,-82,30,5156,27949,28700,31181,250596,250597,250593,250594,0,0,0,0
1790616766.4303381,72,-31,-60,32,7228,27052,26637,32066,250626,250627,250623,250624,0,0,0,0
1790616766.490449,58,-36,-73,27,9189,26272,24677,58,250656,250657,250653,250654,0,0,0,0
1790616766.530415,67,-42,-71,34,11002,25372,22973,1021,250686,250687,250683,250684,0,0,0,0
1790616766.590452,56,-39,-61,40,12643,24164,21239,2203,250716,250717,250713,250714,0,0,0,0
1790616766.650374,60,-63,-54,52,14325,22775,19562,3534,250746,250747,250743,250744,0,0,0,0
1790616766.690772,71,-54,-66,48,17837,19555,16084,6867,250806,250807,250803,250804,0,0,0,0
1790616766.750295,52,-68,-65,70,19678,17964,14195,8439,250836,250837,250833,250834,0,0,0,0
1790616766.790744,72,-46,-70,50,21490,16511,12419,10042,250866,250867,250863,250864,0,0,0,0
1790616766.850272,54,-43,-61,52,23310,15097,10636,11422,250896,250897,250893,250894,0,0,0,0
1790616766.912073,63,-53,-61,41,24903,13715,8950,12717,250926,250927,250923,250924,0,0,0,0
1790616766.950491,59,-49,-73,56,26525,12310,7379,14131,250956,250957,250953,250954,0,0,0,0
1790616767.0103612,49,-56,-54,53,28031,10904,5819,15578,250986,250987,250983,250984,0,0,0,0
1790616767.0717812,58,-54,-62,72,29544,9385,4291,17123,251016,251017,251013,251014,0,0,0,0
1790616767.110913,61,-55,-60,49,31111,7863,2708,18657,251046,251047,251043,251044,0,0,0,0
1790616767.172659,48,-69,-61,77,32707,6280,1120,20267,251076,251077,251073,251074,0,0,0,0
1790616767.230274,69,-50,-68,59,1604,4637,32255,21936,251106,251107,251103,251104,0,0,0,0
1790616767.311137,54,-69,-51,71,4793,1417,28991,25158,251166,251167,251163,251164,0,0,0,0
1790616767.3721972,61,-55,-62,47,6389,32611,27358,26756,251196,251197,251193,251194,0,0,0,0
1790616767.41082,53,-52,-55,60,7934,31020,25923,28284,251226,251227,251223,251224,0,0,0,0
1790616767.470264,51,-62,-48,59,9424,29517,24337,29869,251256,251257,251253,251254,0,0,0,0
1790616767.510397,62,-54,-52,47,10932,28017,22929,31322,251286,251287,251283,251284,0,0,0,0
1790616767.5717912,48,-44,-49,54,12300,26602,21503,79,251316,251317,251313,251314,0,0,0,0
1790616767.6305878,47,-49,-57,46,13595,25402,20299,1411,251346,251347,251343,251344,0,0,0,0
1790616767.671919,36,-26,-41,27,14582,24353,19188,2405,251376,251377,251373,251374,0,0,0,0
1790616767.73039,30,-24,-34,28,15419,23559,18333,3141,251406,251407,251403,251404,0,0,0,0
1790616767.7907772,26,-19,-19,15,16806,22322,17006,4453,251466,251467,251463,251464,0,0,0,0
1790616767.850361,26,-19,-19,15,16806,22322,17006,4453,251466,251467,251463,251464,0,0,0,0
1790616767.890831,19,-18,-16,17,17885,21334,15988,5510,251526,251527,251523,251524,0,0,0,0
1790616767.950356,19,-18,-16,17,17885,21334,15988,5510,251526,251527,251523,251524,0,0,0,0
1790616767.990894,14,-25,-18,16,18865,20361,14959,6465,251586,251587,251583,251584,0,0,0,0
1790616768.050421,14,-25,-18,16,18865,20361,14959,6465,251586,251587,251583,251584,0,0,0,0
1790616768.110371,13,-15,-10,16,19760,19466,14022,7359,251646,251647,251643,251644,0,0,0,0
1790616768.150501,12,-15,-15,11,20179,19025,13623,7795,251676,251677,251673,251674,0,0,0,0
1790616768.21035,8,1,-13,11,20633,18624,13182,8153,251706,251707,251703,251704,0,0,0,0
1790616768.273691,7,-8,-11,18,20983,18283,12801,8561,251736,251737,251733,251734,0,0,0,0
1790616768.3304892,13,-14,-9,11,21278,17925,12487,8943,251766,251767,251763,251764,0,0,0,0
1790616768.390733,14,-15,-15,9,21604,17561,12164,9250,251796,251797,251793,251794,0,0,0,0
1790616768.430945,12,-14,-18,15,22019,17213,11725,9627,251826,251827,251823,251824,0,0,0,0
1790616768.490376,22,-20,-18,30,22491,16727,11280,10114,251856,251857,251853,251854,0,0,0,0
1790616768.531061,18,-18,-21,20,23074,16240,10755,10562,251886,251887,251883,251884,0,0,0,0
1790616768.5922492,12,-21,-18,13,23946,15275,9844,11578,251946,251947,251943,251944,0,0,0,0
1790616768.650767,9,-12,-14,13,24332,14927,9388,11972,251976,251977,251973,251974,0,0,0,0
1790616768.6906528,10,-10,-10,9,24630,14604,9061,12321,252006,252007,252003,252004,0,0,0,0
1790616768.7504718,10,-8,-7,6,24865,14370,8831,12524,252036,252037,252033,252034,0,0,0,0
1790616768.81022,0,-7,-7,2,25014,14211,8676,12636,252066,252067,252063,252064,0,0,0,0
1790616768.8508182,4,-4,-3,-1,25096,14127,8579,12705,252096,252097,252093,252094,0,0,0,0
1790616768.9102342,-3,0,0,2,25123,14102,8551,12728,252126,252127,252123,252124,0,0,0,0
1790616768.97047,0,7,0,-1,25098,14125,8571,12710,252156,252157,252153,252154,0,0,0,0
1790616769.0103931,-2,-2,-3,-4,25048,14168,8616,12674,252186,252187,252183,252184,0,0,0,0
1790616769.070378,-4,3,1,-5,24999,14215,8666,12636,252216,252217,252213,252214,0,0,0,0
1790616769.130487,-3,0,4,-1,24961,14251,8706,12609,252246,252247,252243,252244,0,0,0,0
1790616769.19195,1,-2,0,2,24941,14273,8727,12592,252276,252277,252273,252274,0,0,0,0
1790616769.2399318,-5,1,-3,-3,24933,14278,8736,12586,252306,252307,252303,252304,0,0,0,0
1790616769.290923,3,-3,3,1,24942,14268,8727,12592,252366,252367,252363,252364,0,0,0,0
1790616769.3502872,-1,1,2,0,24949,14259,8720,12598,252396,252397,252393,252394,0,0,0,0
1790616769.390718,4,0,-5,2,24955,14255,8714,12602,252426,252427,252423,252424,0,0,0,0
1790616769.4504452,-4,1,-2,-3,24955,14255,8714,12602,252456,252457,252453,252454,0,0,0,0
1790616769.5103302,4,2,1,-5,24949,14262,8719,12598,252486,252487,252483,252484,0,0,0,0
1790616769.5716732,-2,1,-6,-1,24944,14265,8724,12594,252516,252517,252513,252514,0,0,0,0
1790616769.610722,0,-1,0,0,24944,14268,8727,12593,252546,252547,252543,252544,0,0,0,0
1790616769.6721642,0,-2,-2,1,24945,14267,8727,12593,252576,252577,252573,252574,0,0,0,0
1790616769.710482,0,-3,1,-1,24948,14264,8724,12596,252606,252607,252603,252604,0,0,0,0
1790616769.7903621,0,-3,-1,0,24951,14261,8721,12598,252636,252637,252633,252634,0,0,0,0
1790616769.8502772,33,43,38,42,25332,14786,9044,12845,252666,252667,252663,252664,0,0,0,0
1790616769.8905091,24,29,40,24,27257,16601,11172,15014,252726,252727,252723,252724,0,0,0,0
1790616769.9503272,31,27,35,38,28073,17506,12065,15847,252756,252757,252753,252754,0,0,0,0
1790616769.990499,35,37,33,44,29070,18562,13032,16836,252786,252787,252783,252784,0,0,0,0
1790616770.050452,35,32,30,37,30043,19540,14060,17768,252816,252817,252813,252814,0,0,0,0
1790616770.090564,48,38,34,34,31091,20557,15027,18756,252846,252847,252843,252844,0,0,0,0
1790616770.150357,44,39,40,41,32293,21583,15992,19771,252876,252877,252873,252874,0,0,0,0
1790616770.210778,42,42,35,36,531,22598,17028,20874,252906,252907,252903,252904,0,0,0,0
1790616770.250477,49,33,41,41,1589,23614,18058,21917,252936,252937,252933,252934,0,0,0,0
1790616770.310435,35,39,37,33,2554,24629,19243,22994,252966,252967,252963,252964,0,0,0,0
1790616770.370233,34,33,43,35,3629,25772,20337,24063,252996,252997,252993,252994,0,0,0,0
1790616770.4325671,31,31,40,50,4661,26793,21405,25181,253026,253027,253023,253024,0,0,0,0
1790616770.4728599,25,36,39,39,5711,27965,22524,26175,253056,253057,253053,253054,0,0,0,0
1790616770.532018,36,33,37,43,6836,29026,23643,27172,253086,253087,253083,253084,0,0,0,0
1790616770.590317,37,42,40,36,7960,30158,24673,28205,253116,253117,253113,253114,0,0,0,0
1790616770.633215,38,34,31,35,9139,31212,25790,29261,253146,253147,253143,253144,0,0,0,0
1790616770.692379,36,35,38,40,10278,32309,26776,30457,253176,253177,253173,253174,0,0,0,0
1790616770.753279,42,43,34,36,11348,566,27989,31432,253206,253207,253203,253204,0,0,0,0
1790616770.812386,38,37,42,32,13500,2679,30280,964,253266,253267,253263,253264,0,0,0,0
1790616770.852709,34,38,34,28,14378,3640,31310,2002,253296,253297,253293,253294,0,0,0,0
1790616770.912342,33,27,31,34,15304,4620,32341,2897,253326,253327,253323,253324,0,0,0,0
1790616770.952716,33,27,25,31,16235,5484,477,3713,253356,253357,253353,253354,0,0,0,0
1790616771.0123599,31,37,23,20,17072,6322,1186,4505,253386,253387,253383,253384,0,0,0,0
1790616771.07232,35,24,26,32,17896,7022,1862,5212,253416,253417,253413,253414,0,0,0,0
1790616771.13286,22,21,30,23,18662,7772,2538,5883,253446,253447,253443,253444,0,0,0,0
1790616771.172896,16,26,19,22,19193,8382,3192,6480,253476,253477,253473,253474,0,0,0,0
1790616771.2333188,13,15,21,16,19690,8995,3823,7038,253506,253507,253503,253504,0,0,0,0
1790616771.292248,17,14,19,21,20143,9412,4453,7596,253536,253537,253533,253534,0,0,0,0
1790616771.3529768,9,15,9,19,21087,10385,5541,8662,253596,253597,253593,253594,0,0,0,0
1790616771.392756,20,20,8,10,21502,10812,5878,9054,253626,253627,253623,253624,0,0,0,0
1790616771.45223,14,18,11,13,21998,11308,6200,9339,253656,253657,253653,253654,0,0,0,0
1790616771.4925282,16,10,5,11,22429,11671,6498,9662,253686,253687,253683,253684,0,0,0,0
1790616771.552386,5,9,11,9,22763,11919,6772,9990,253716,253717,253713,253714,0,0,0,0
1790616771.5926578,6,10,9,8,23047,12143,7079,10307,253746,253747,253743,253744,0,0,0,0
1790616771.6526358,11,4,9,11,23194,12246,7384,10581,253776,253777,253773,253774,0,0,0,0
1790616771.712553,6,5,8,11,23356,12412,7653,10894,253806,253807,253803,253804,0,0,0,0
1790616771.7926762,3,7,7,6,23536,12609,7936,11207,253836,253837,253833,253834,0,0,0,0
1790616771.8327308,8,7,5,4,23694,12761,8158,11432,253866,253867,253863,253864,0,0,0,0
1790616771.892396,7,1,7,5,23881,12949,8327,11568,253896,253897,253893,253894,0,0,0,0
1790616771.933126,12,16,5,9,24154,13256,8500,11680,253926,253927,253923,253924,0,0,0,0
1790616771.9927459,11,6,4,12,24407,13567,8678,11788,253956,253957,253953,253954,0,0,0,0
1790616772.03251,6,2,9,13,24612,13776,8846,11941,253986,253987,253983,253984,0,0,0,0
1790616772.092475,-1,1,-4,6,24659,13786,8944,12058,254016,254017,254013,254014,0,0,0,0
1790616772.1525068,-2,3,5,-5,24690,13771,8963,12119,254076,254077,254073,254074,0,0,0,0
1790616772.2000608,-5,1,-4,0,24683,13776,8970,12112,254106,254107,254103,254104,0,0,0,0
1790616772.253023,-2,-1,-6,-6,24672,13784,8980,12100,254136,254137,254133,254134,0,0,0,0
1790616772.3125,-2,-1,-8,0,24663,13795,8992,12091,254166,254167,254163,254164,0,0,0,0
1790616772.372971,0,2,-2,-4,24653,13801,9001,12080,254196,254197,254193,254194,0,0,0,0
1790616772.4345758,-3,4,-3,-3,24642,13803,9001,12068,254226,254227,254223,254224,0,0,0,0
1790616772.474732,0,-2,5,-2,24634,13819,9020,12060,254256,254257,254253,254254,0,0,0,0
1790616772.533522,4,0,-6,-15,24624,13833,9036,12049,254286,254287,254283,254284,0,0,0,0
1790616772.57262,-7,-4,0,-1,24614,13842,9048,12036,254316,254317,254313,254314,0,0,0,0
1790616772.634938,-5,0,-1,2,24607,13849,9056,12030,254346,254347,254343,254344,0,0,0,0
1790616772.693943,-3,0,-4,3,24604,13854,9063,12027,254376,254377,254373,254374,0,0,0,0
1790616772.733248,-4,-1,4,0,24600,13859,9069,12025,254406,254407,254403,254404,0,0,0,0
1790616772.795913,-6,-2,-5,-2,24598,13868,9080,12023,254466,254467,254463,254464,0,0,0,0
1790616772.8523688,-3,-4,7,6,24613,13868,9084,12039,254496,254497,254493,254494,0,0,0,0
1790616772.912417,3,1,-5,0,24625,13838,9058,12064,254526,254527,254523,254524,0,0,0,0
1790616772.952628,0,-3,-3,-3,24629,13838,9065,12076,254556,254557,254553,254554,0,0,0,0
1790616773.012463,-5,1,-7,1,24626,13837,9071,12070,254586,254587,254583,254584,0,0,0,0
1790616773.072313,11,-12,-4,6,24766,13717,9021,12153,254616,254617,254613,254614,0,0,0,0
1790616773.112517,58,-49,-27,29,25760,12952,8544,12661,254646,254647,254643,254644,0,0,0,0
1790616773.172231,56,-80,-63,66,27890,11242,7441,14209,254676,254677,254673,254674,0,0,0,0
1790616773.213917,60,-57,-69,74,29515,9300,5490,16101,254706,254707,254703,254704,0,0,0,0
1790616773.274004,71,-78,-69,82,31467,7390,3396,18219,254736,254737,254733,254734,0,0,0,0
1790616773.3365052,80,-69,-79,98,745,5365,1319,20437,254766,254767,254763,254764,0,0,0,0
1790616773.400686,75,-66,-81,71,2729,3349,31926,22464,254796,254797,254793,254794,0,0,0,0
1790616773.452233,49,-65,-61,49,4530,1641,30168,24250,254826,254827,254823,254824,0,0,0,0
1790616773.495126,53,-42,-55,48,7289,31631,27367,26987,254886,254887,254883,254884,0,0,0,0
1790616773.552214,49,-41,-41,41,8497,30473,26228,28183,254916,254917,254913,254914,0,0,0,0
1790616773.595714,52,-42,-58,58,9751,29163,24837,29501,254946,254947,254943,254944,0,0,0,0
1790616773.652273,66,-57,-58,54,11234,27740,23463,30947,254976,254977,254973,254974,0,0,0,0
1790616773.693656,65,-66,-57,49,12836,26026,21783,32622,255006,255007,255003,255004,0,0,0,0
1790616773.752473,69,-50,-74,77,14615,24240,19997,1630,255036,255037,255033,255034,0,0,0,0
1790616773.8123798,58,-69,-72,58,16411,22451,18222,3392,255066,255067,255063,255064,0,0,0,0
1790616773.872446,68,-60,-59,62,18266,20829,16458,5174,255096,255097,255093,255094,0,0,0,0
1790616773.9128609,30,-61,-47,57,19657,19193,14912,6879,255126,255127,255123,255124,0,0,0,0
1790616773.972516,45,-45,-33,54,20495,17677,13998,8319,255156,255157,255153,255154,0,0,0,0
1790616774.035774,26,-32,-29,50,21264,16528,13184,9607,255186,255187,255183,255184,0,0,0,0
1790616774.095402,28,-51,-20,52,22036,15131,12525,10829,255216,255217,255213,255214,0,0,0,0
1790616774.133601,25,-91,-28,72,22735,12996,11734,12584,255246,255247,255243,255244,0,0,0,0
1790616774.194488,16,-76,-26,63,23356,10953,11034,15006,255276,255277,255273,255274,0,0,0,0
1790616774.2522712,16,-70,-17,77,23932,9012,10454,17008,255306,255307,255303,255304,0,0,0,0
1790616774.312215,21,-46,-19,54,24877,5604,9552,20535,255366,255367,255363,255364,0,0,0,0
1790616774.3523111,14,-37,-19,42,25316,4394,9102,21805,255396,255397,255393,255394,0,0,0,0
1790616774.413291,12,-38,-17,37,25659,3185,8653,22866,255426,255427,255423,255424,0,0,0,0
1790616774.453444,21,-37,-14,37,26076,2231,8246,23864,255456,255457,255453,255454,0,0,0,0
1790616774.51324,17,-52,-12,49,26539,928,7886,24952,255486,255487,255483,255484,0,0,0,0
1790616774.554191,20,-52,-17,52,27001,32411,7489,26365,255516,255517,255513,255514,0,0,0,0
1790616774.613333,45,-64,-36,49,27947,30811,6731,27867,255546,255547,255543,255544,0,0,0,0
1790616774.653515,66,-61,-52,70,29596,29050,5384,29458,255576,255577,255573,255574,0,0,0,0
1790616774.7134368,68,-73,-68,59,31411,27223,3648,31302,255606,255607,255603,255604,0,0,0,0
1790616774.7746408,85,-73,-72,78,560,25362,1843,519,255636,255637,255633,255634,0,0,0,0
1790616774.833164,63,-63,-66,61,2423,23514,32593,2430,255666,255667,255663,255664,0,0,0,0
1790616774.8748622,59,-49,-65,62,4188,21944,30857,4142,255696,255697,255693,255694,0,0,0,0
1790616774.933182,40,-44,-41,40,5562,20698,29496,5460,255726,255727,255723,255724,0,0,0,0
1790616774.994785,26,-26,-23,22,6471,19750,28570,6382,255756,255757,255753,255754,0,0,0,0
1790616775.0334342,12,-19,-18,12,6994,19276,27998,6902,255786,255787,255783,255784,0,0,0,0
1790616775.093809,9,-1,-5,8,7493,18765,27523,7382,255846,255847,255843,255844,0,0,0,0
1790616775.1533089,19,-15,-10,17,7836,18478,27223,7701,255876,255877,255873,255874,0,0,0,0
1790616775.2134342,24,-28,-21,19,8300,17948,26741,8141,255906,255907,255903,255904,0,0,0,0
1790616775.253679,21,-24,-26,27,8982,17304,26209,8902,255936,255937,255933,255934,0,0,0,0
1790616775.313463,30,-28,-28,30,9650,16610,25511,9578,255966,255967,255963,255964,0,0,0,0
1790616775.373363,20,-24,-32,21,10395,15933,24667,10310,255996,255997,255993,255994,0,0,0,0
1790616775.413635,24,-17,-20,21,11060,15248,24053,10981,256026,256027,256023,256024,0,0,0,0
1790616775.473374,10,-19,-20,10,11537,14827,23546,11454,256056,256057,256053,256054,0,0,0,0
1790616775.533243,9,-14,-10,13,11799,14543,23250,11750,256086,256087,256083,256084,0,0,0,0
1790616775.5735402,11,-7,-7,4,11974,14342,23072,11931,256116,256117,256113,256114,0,0,0,0
1790616775.6332932,7,-12,-7,3,12199,14143,22878,12136,256146,256147,256143,256144,0,0,0,0
1790616775.673397,11,-15,-23,13,12516,13836,22517,12439,256176,256177,256173,256174,0,0,0,0
1790616775.7334652,20,-23,-18,20,12953,13376,22053,12825,256206,256207,256203,256204,0,0,0,0
1790616775.793152,24,-22,-23,22,13586,12789,21540,13429,256236,256237,256233,256234,0,0,0,0
1790616775.835071,12,-20,-17,20,14082,12262,21000,13993,256266,256267,256263,256264,0,0,0,0
1790616775.893495,11,-9,-12,11,14961,11325,19993,14922,256326,256327,256323,256324,0,0,0,0
1790616775.953336,6,-18,-10,7,15308,10925,19613,15239,256356,256357,256353,256354,0,0,0,0
1790616776.014427,6,-11,-6,10,15621,10623,19298,15546,256386,256387,256383,256384,0,0,0,0
1790616776.053493,5,-1,-3,3,15826,10456,19108,15734,256416,256417,256413,256414,0,0,0,0
1790616776.113333,3,-4,-1,2,15916,10382,19029,15823,256446,256447,256443,256444,0,0,0,0
1790616776.1590478,1,1,5,-3,15947,10364,19004,15855,256476,256477,256473,256474,0,0,0,0
1790616776.213249,-6,-1,-1,-2,15932,10379,19016,15840,256506,256507,256503,256504,0,0,0,0
1790616776.2957509,-7,-3,1,-2,15833,10465,19107,15743,256566,256567,256563,256564,0,0,0,0
1790616776.3336802,-7,-3,1,-2,15833,10465,19107,15743,256566,256567,256563,256564,0,0,0,0
1790616776.3962162,-1,-3,2,-2,15711,10567,19215,15627,256626,256627,256623,256624,0,0,0,0
1790616776.453194,-1,-3,2,-2,15711,10567,19215,15627,256626,256627,256623,256624,0,0,0,0
1790616776.493398,-7,5,-3,3,15607,10650,19304,15528,256686,256687,256683,256684,0,0,0,0
1790616776.553239,-2,-4,2,-3,15563,10687,19341,15486,256716,256717,256713,256714,0,0,0,0
1790616776.593528,-2,-1,1,-2,15520,10724,19376,15448,256746,256747,256743,256744,0,0,0,0
1790616776.655162,-3,2,-2,1,15479,10762,19412,15409,256776,256777,256773,256774,0,0,0,0
1790616776.694262,-1,3,2,-4,15439,10798,19446,15371,256806,256807,256803,256804,0,0,0,0
1790616776.759917,0,-6,-1,-3,15401,10833,19480,15334,256836,256837,256833,256834,0,0,0,0
1790616776.81383,-2,-3,5,-2,15365,10868,19513,15302,256866,256867,256863,256864,0,0,0,0
1790616776.8566048,-1,-3,2,0,15331,10902,19543,15271,256896,256897,256893,256894,0,0,0,0
1790616776.91358,-1,-3,-2,-6,15303,10931,19571,15244,256926,256927,256923,256924,0,0,0,0
1790616776.95842,-3,4,-1,-3,15281,10955,19591,15225,256956,256957,256953,256954,0,0,0,0
1790616777.013362,4,1,-2,5,15268,10967,19604,15213,256986,256987,256983,256984,0,0,0,0
1790616777.05456,-4,-3,-3,-4,15264,10971,19609,15210,257016,257017,257013,257014,0,0,0,0
1790616777.1131918,0,-1,0,-1,15267,10969,19607,15212,257046,257047,257043,257044,0,0,0,0
1790616777.1733708,-4,4,-2,3,15271,10963,19602,15216,257076,257077,257073,257074,0,0,0,0
1790616777.213363,1,2,4,1,15273,10961,19600,15217,257106,257107,257103,257104,0,0,0,0
1790616777.273302,-1,-4,2,-6,15272,10964,19602,15217,257136,257137,257133,257134,0,0,0,0
1790616777.313653,-3,1,-3,0,15270,10966,19603,15215,257166,257167,257163,257164,0,0,0,0
1790616777.37324,1,4,2,0,15270,10967,19604,15214,257196,257197,257193,257194,0,0,0,0
1790616777.4143639,-1,10,1,0,15269,10965,19604,15215,257226,257227,257223,257224,0,0,0,0
1790616777.473527,-1,3,0,4,15279,10972,19608,15221,257256,257257,257253,257254,0,0,0,0
1790616777.513636,-2,1,3,-2,15282,10978,19609,15223,257286,257287,257283,257284,0,0,0,0
1790616777.5733252,4,-3,1,-1,15279,10981,19609,15217,257316,257317,257313,257314,0,0,0,0
1790616777.633287,3,-3,-2,-3,15277,10983,19612,15211,257346,257347,257343,257344,0,0,0,0
1790616777.6733508,15,-13,-9,5,15406,10844,19551,15284,257376,257377,257373,257374,0,0,0,0
1790616777.733715,59,-51,-25,42,16426,10060,19174,15869,257406,257407,257403,257404,0,0,0,0
1790616777.793157,63,-68,-56,47,18507,8283,18081,17402,257436,257437,257433,257434,0,0,0,0
1790616777.833336,72,-76,-66,78,20212,6610,16244,19283,257466,257467,257463,257464,0,0,0,0
1790616777.8951418,75,-60,-82,90,22198,4630,14234,21428,257496,257497,257493,257494,0,0,0,0
1790616777.9337049,66,-56,-89,83,24280,2561,12134,23546,257526,257527,257523,257524,0,0,0,0
1790616777.9932008,72,-71,-70,67,26298,581,10065,25656,257556,257557,257553,257554,0,0,0,0
1790616778.059018,41,-50,-54,40,29451,30228,6822,29017,257616,257617,257613,257614,0,0,0,0
1790616778.095773,48,-43,-40,39,30700,28920,5555,30253,257646,257647,257643,257644,0,0,0,0
1790616778.160898,52,-47,-43,36,31949,27729,4313,31357,257676,257677,257673,257674,0,0,0,0
1790616778.1938791,56,-47,-47,44,491,26418,2967,32692,257706,257707,257703,257704,0,0,0,0
1790616778.261365,49,-69,-60,67,2036,24769,1496,1390,257736,257737,257733,257734,0,0,0,0
1790616778.313257,60,-62,-60,69,3689,23187,32602,3059,257766,257767,257763,257764,0,0,0,0
1790616778.359154,70,-61,-67,67,5420,21406,30786,4866,257796,257797,257793,257794,0,0,0,0
1790616778.4133341,66,-57,-62,61,7153,19602,28889,6708,257826,257827,257823,257824,0,0,0,0
1790616778.501512,61,-75,-65,73,8930,17924,27130,8364,257856,257857,257853,257854,0,0,0,0
1790616778.53328,53,-57,-55,54,10413,16334,25602,10033,257886,257887,257883,257884,0,0,0,0
1790616778.573728,43,-50,-46,42,11904,14819,24072,11526,257916,257917,257913,257914,0,0,0,0
1790616778.633524,65,-56,-56,46,13361,13415,22574,12873,257946,257947,257943,257944,0,0,0,0
1790616778.6934552,53,-54,-55,56,14776,11957,21174,14377,257976,257977,257973,257974,0,0,0,0
1790616778.733235,48,-51,-53,54,16346,10674,19655,15850,258006,258007,258003,258004,0,0,0,0
1790616778.7934668,69,-49,-72,44,20004,7966,15906,18505,258066,258067,258063,258064,0,0,0,0
1790616778.854985,65,-52,-66,47,22003,6686,13924,19787,258096,258097,258093,258094,0,0,0,0
1790616778.8937101,86,-42,-94,37,24095,5441,11792,21098,258126,258127,258123,258124,0,0,0,0
1790616778.9552262,99,-28,-97,35,26255,4464,9588,22218,258156,258157,258153,258154,0,0,0,0
1790616778.9943092,91,-30,-101,29,28606,3554,7342,23155,258186,258187,258183,258184,0,0,0,0
1790616779.054952,95,-35,-87,29,30805,2776,5027,23978,258216,258217,258213,258214,0,0,0,0
1790616779.0935621,71,-42,-78,40,124,1867,2872,24828,258246,258247,258243,258244,0,0,0,0
1790616779.157082,61,-50,-63,44,2034,638,942,25945,258276,258277,258273,258274,0,0,0,0
1790616779.193553,60,-60,-63,58,3622,32042,32074,27298,258306,258307,258303,258304,0,0,0,0
1790616779.2548401,43,-53,-36,54,4826,30540,30687,28835,258336,258337,258333,258334,0,0,0,0
1790616779.313138,29,-47,-36,49,5885,29052,29604,30338,258366,258367,258363,258364,0,0,0,0
1790616779.373159,25,-56,-23,63,6602,27562,28934,31841,258396,258397,258393,258394,0,0,0,0
1790616779.4135091,15,-58,-17,58,7162,26031,28346,655,258426,258427,258423,258424,0,0,0,0
1790616779.473453,16,-44,-20,48,7651,24341,27834,2246,258456,258457,258453,258454,0,0,0,0
1790616779.533337,17,-63,-19,64,8126,22817,27301,3781,258486,258487,258483,258484,0,0,0,0
1790616779.573458,13,-47,-16,55,8612,21398,26832,5258,258516,258517,258513,258514,0,0,0,0
1790616779.6331341,13,-45,-15,48,9011,19939,26507,6560,258546,258547,258543,258544,0,0,0,0
1790616779.67329,12,-34,-17,39,9292,18811,26181,7741,258576,258577,258573,258574,0,0,0,0
1790616779.733232,5,-45,-9,45,9568,17685,25884,8898,258606,258607,258603,258604,0,0,0,0
1790616779.793083,13,-40,-8,35,9851,16654,25600,9900,258636,258637,258633,258634,0,0,0,0
1790616779.833621,18,-46,-10,46,10161,15578,25330,10931,258666,258667,258663,258664,0,0,0,0
1790616779.893282,10,-50,-9,49,10380,14454,25053,12086,258696,258697,258693,258694,0,0,0,0
1790616779.933571,14,-48,-14,52,10665,13244,24731,13271,258726,258727,258723,258724,0,0,0,0
1790616779.993282,11,-41,-5,49,10967,12107,24507,14566,258756,258757,258753,258754,0,0,0,0
1790616780.0537448,2,-6,-3,1,11396,11114,24119,15596,258816,258817,258813,258814,0,0,0,0
1790616780.093489,0,-1,-1,3,11457,11038,24046,15689,258846,258847,258843,258844,0,0,0,0
1790616780.1532001,-5,2,1,-3,11449,11044,24052,15692,258876,258877,258873,258874,0,0,0,0
1790616780.193543,-5,4,-1,-4,11406,11093,24099,15648,258906,258907,258903,258904,0,0,0,0
1790616780.253388,-3,3,3,-7,11338,11171,24166,15574,258936,258937,258933,258934,0,0,0,0
1790616780.3134139,-4,-2,1,-3,11246,11251,24243,15478,258966,258967,258963,258964,0,0,0,0
1790616780.3733351,-5,5,4,-2,11159,11320,24305,15398,258996,258997,258993,258994,0,0,0,0
1790616780.413331,-1,0,5,-1,11103,11366,24351,15348,259026,259027,259023,259024,0,0,0,0
1790616780.473511,-1,-2,5,-7,11073,11386,24373,15322,259056,259057,259053,259054,0,0,0,0
1790616780.518528,0,5,-3,3,11071,11383,24375,15319,259086,259087,259083,259084,0,0,0,0
1790616780.57389,3,-3,-3,1,11090,11366,24361,15335,259116,259117,259113,259114,0,0,0,0
1790616780.613409,-1,-3,1,4,11114,11345,24341,15358,259146,259147,259143,259144,0,0,0,0
1790616780.673167,-5,-4,1,-2,11139,11329,24324,15378,259176,259177,259173,259174,0,0,0,0
1790616780.721457,-2,-3,1,4,11152,11318,24313,15390,259206,259207,259203,259204,0,0,0,0
1790616780.773937,3,0,-1,1,11155,11318,24311,15392,259236,259237,259233,259234,0,0,0,0
1790616780.8332741,-1,0,1,-1,11146,11323,24316,15384,259266,259267,259263,259264,0,0,0,0
1790616780.873566,25,17,5,11,11203,11423,24337,15393,259296,259297,259293,259294,0,0,0,0
1790616780.9332612,47,36,50,39,12126,12573,25237,16395,259326,259327,259323,259324,0,0,0,0
1790616780.973501,36,25,27,25,13135,13527,26281,17428,259356,259357,259353,259354,0,0,0,0
1790616781.0332532,28,36,38,34,13952,14270,27083,18275,259386,259387,259383,259384,0,0,0,0
1790616781.073417,35,27,42,34,14828,15168,28176,19210,259416,259417,259413,259414,0,0,0,0
1790616781.133107,38,41,33,38,15839,16125,29177,20337,259446,259447,259443,259444,0,0,0,0
1790616781.19455,40,34,33,41,16828,17124,30343,21309,259476,259477,259473,259474,0,0,0,0
1790616781.233387,49,39,30,35,17912,18249,31304,22272,259506,259507,259503,259504,0,0,0,0
1790616781.2933729,39,40,43,28,19010,19339,32303,23185,259536,259537,259533,259534,0,0,0,0
1790616781.333745,47,48,40,30,20102,20402,571,24210,259566,259567,259563,259564,0,0,0,0
1790616781.393118,36,45,36,42,21280,21488,1569,25308,259596,259597,259593,259594,0,0,0,0
1790616781.433543,39,42,44,40,22332,22518,2679,26355,259626,259627,259623,259624,0,0,0,0
1790616781.493394,30,31,42,43,23439,23575,3739,27420,259656,259657,259653,259654,0,0,0,0
1790616781.533406,34,31,44,41,24433,24577,4901,28514,259686,259687,259683,259684,0,0,0,0
1790616781.593496,35,31,41,44,25484,25694,6014,29602,259716,259717,259713,259714,0,0,0,0
1790616781.633517,35,32,42,38,26599,26707,7213,30765,259746,259747,259743,259744,0,0,0,0
1790616781.693106,36,35,35,42,27665,27839,8311,31762,259776,259777,259773,259774,0,0,0,0
1790616781.73357,49,36,42,32,28694,28940,9386,95,259806,259807,259803,259804,0,0,0,0
1790616781.793341,51,38,32,37,30960,31111,11533,2266,259866,259867,259863,259864,0,0,0,0
1790616781.854898,45,34,35,26,32166,32226,12601,3338,259896,259897,259893,259894,0,0,0,0
1790616781.893383,43,35,46,28,341,417,13604,4377,259926,259927,259923,259924,0,0,0,0
1790616781.954494,42,37,39,40,1365,1412,14584,5364,259956,259957,259953,259954,0,0,0,0
1790616782.014891,29,29,40,37,2343,2422,15584,6405,259986,259987,259983,259984,0,0,0,0
1790616782.0545468,28,35,36,30,3178,3243,16556,7277,260016,260017,260013,260014,0,0,0,0
1790616782.114808,23,28,26,23,3862,3928,17382,8050,260046,260047,260043,260044,0,0,0,0
1790616782.154998,17,26,29,21,4485,4593,18111,8825,260076,260077,260073,260074,0,0,0,0
1790616782.21363,23,24,19,21,5118,5276,18755,9416,260106,260107,260103,260104,0,0,0,0
1790616782.2537012,21,20,15,23,5803,5937,19343,9994,260136,260137,260133,260134,0,0,0,0
1790616782.315149,26,13,15,15,6378,6453,19787,10491,260166,260167,260163,260164,0,0,0,0
1790616782.373268,16,16,18,26,6912,6856,20267,11085,260196,260197,260193,260194,0,0,0,0
1790616782.414797,12,12,18,12,7387,7293,20790,11601,260226,260227,260223,260224,0,0,0,0
1790616782.4733849,13,18,12,14,7775,7752,21155,11911,260256,260257,260253,260254,0,0,0,0
1790616782.5335,7,21,14,11,8124,8212,21572,12244,260286,260287,260283,260284,0,0,0,0
1790616782.57343,5,12,14,6,8361,8532,21919,12495,260316,260317,260313,260314,0,0,0,0
1790616782.633323,10,9,11,9,8652,8797,22224,12765,260346,260347,260343,260344,0,0,0,0
1790616782.6736052,13,4,7,14,8926,8960,22484,13095,260376,260377,260373,260374,0,0,0,0
1790616782.7333272,5,1,6,12,9192,9113,22742,13467,260406,260407,260403,260404,0,0,0,0
1790616782.793251,9,9,11,8,9469,9309,22994,13760,260436,260437,260433,260434,0,0,0,0
1790616782.8335161,8,10,-2,2,9766,9533,23156,13950,260466,260467,260463,260464,0,0,0,0
1790616782.893224,7,12,3,1,10040,9862,23277,14077,260496,260497,260493,260494,0,0,0,0
1790616782.933481,6,11,8,3,10272,10217,23446,14215,260526,260527,260523,260524,0,0,0,0
1790616782.9953852,5,1,5,10,10410,10425,23604,14323,260556,260557,260553,260554,0,0,0,0
1790616783.053119,6,8,11,14,10649,10728,24105,14803,260616,260617,260613,260614,0,0,0,0
1790616783.093886,4,-6,6,3,10746,10753,24413,15090,260646,260647,260643,260644,0,0,0,0
1790616783.1531599,2,-5,-1,0,10767,10705,24479,15171,260676,260677,260673,260674,0,0,0,0
1790616783.193324,2,-39,-2,5,10806,10662,24440,15193,260706,260707,260703,260704,0,0,0,0
1790616783.253073,2,-3,10,-1,10841,10622,24409,15222,260736,260737,260733,260734,0,0,0,0
1790616783.314898,-2,1,-4,-3,10872,10591,24384,15248,260766,260767,260763,260764,0,0,0,0
1790616783.353476,0,1,4,-1,10893,10574,24369,15264,260796,260797,260793,260794,0,0,0,0
1790616783.414749,-4,-2,-2,-3,10898,10569,24365,15267,260826,260827,260823,260824,0,0,0,0
1790616783.4534621,8,0,-3,1,10893,10569,24366,15260,260856,260857,260853,260854,0,0,0,0
1790616783.5150578,-5,2,-1,3,10888,10570,24363,15252,260886,260887,260883,260884,0,0,0,0
1790616783.573123,-2,-2,-1,2,10891,10576,24374,15260,260916,260917,260913,260914,0,0,0,0
1790616783.615506,-4,-3,-6,3,10894,10577,24374,15259,260946,260947,260943,260944,0,0,0,0
1790616783.673173,-2,5,-3,1,10895,10577,24374,15260,260976,260977,260973,260974,0,0,0,0
1790616783.713403,0,0,2,-6,10902,10575,24372,15264,261006,261007,261003,261004,0,0,0,0
1790616783.774187,2,-1,-4,0,10904,10577,24371,15265,261036,261037,261033,261034,0,0,0,0
1790616783.8133209,2,-3,-3,-2,10905,10580,24373,15265,261066,261067,261063,261064,0,0,0,0
1790616783.873315,-3,1,-5,-2,10908,10584,24378,15265,261096,261097,261093,261094,0,0,0,0
1790616783.9134212,2,1,0,0,10911,10586,24380,15269,261126,261127,261123,261124,0,0,0,0
1790616783.97355,7,-4,1,5,10946,10576,24374,15296,261156,261157,261153,261154,0,0,0,0
1790616784.014969,2,-1,0,-1,10954,10546,24353,15313,261186,261187,261183,261184,0,0,0,0
1790616784.073739,2,0,-1,5,10966,10549,24354,15319,261216,261217,261213,261214,0,0,0,0
1790616784.119231,1,0,-2,1,10960,10554,24360,15312,261246,261247,261243,261244,0,0,0,0
1790616784.1734679,8,1,4,-2,10956,10562,24365,15307,261276,261277,261273,261274,0,0,0,0
1790616784.214099,4,0,4,-2,10953,10561,24365,15305,261306,261307,261303,261304,0,0,0,0
1790616784.273376,1,-5,-17,2,10955,10556,24363,15307,261336,261337,261333,261334,0,0,0,0
1790616784.333388,-2,2,-1,0,10961,10555,24362,15310,261366,261367,261363,261364,0,0,0,0
1790616784.373299,3,-1,-2,1,10962,10552,24358,15311,261396,261397,261393,261394,0,0,0,0
1790616784.433197,3,2,-2,-1,10961,10553,24359,15311,261426,261427,261423,261424,0,0,0,0
1790616784.4733,2,3,-2,1,10957,10555,24362,15309,261456,261457,261453,261454,0,0,0,0
1790616784.533376,5,-4,-2,3,10956,10556,24363,15307,261486,261487,261483,261484,0,0,0,0
1790616784.573302,-2,-1,4,2,10954,10557,24364,15305,261516,261517,261513,261514,0,0,0,0
1790616784.633767,-2,1,1,1,10956,10558,24365,15305,261546,261547,261543,261544,0,0,0,0
1790616784.673752,1,6,-3,0,10959,10556,24364,15308,261576,261577,261573,261574,0,0,0,0
1790616784.733207,3,1,2,-2,10963,10554,24361,15311,261606,261607,261603,261604,0,0,0,0
1790616784.793152,-6,0,-3,-2,10969,10552,24362,15317,261666,261667,261663,261664,0,0,0,0
1790616784.8340218,-6,0,-3,-2,10969,10552,24362,15317,261666,261667,261663,261664,0,0,0,0
1790616784.893205,1,-8,-2,-1,10974,10553,24365,15323,261726,261727,261723,261724,0,0,0,0
1790616784.9530702,-4,5,0,-5,10977,10552,24364,15325,261756,261757,261753,261754,0,0,0,0
1790616784.99344,-2,-7,-3,-3,10981,10551,24365,15329,261786,261787,261783,261784,0,0,0,0
1790616785.053159,1,-2,0,-3,10984,10549,24364,15332,261816,261817,261813,261814,0,0,0,0
1790616785.1150012,-37,-40,-25,-24,10595,10138,24173,15067,261846,261847,261843,261844,0,0,0,0
1790616785.153284,-38,-34,-27,-44,9599,9128,23221,14138,261876,261877,261873,261874,0,0,0,0
1790616785.229117,-31,-29,-39,-35,8814,8375,22286,13170,261906,261907,261903,261904,0,0,0,0
1790616785.293043,-27,-30,-39,-33,8026,7630,21466,12402,261936,261937,261933,261934,0,0,0,0
1790616785.3336818,-34,-34,-76,-33,7126,6752,20530,11415,261966,261967,261963,261964,0,0,0,0
1790616785.393124,-34,-30,-26,-22,6127,5720,19423,10302,261996,261997,261993,261994,0,0,0,0
1790616785.4339032,-41,-30,-33,-33,5176,4770,18490,9428,262026,262027,262023,262024,0,0,0,0
1790616785.493119,-47,-36,-33,-36,3121,2642,16466,7457,262086,262087,262083,262084,0,0,0,0
1790616785.533334,-47,-36,-33,-36,3121,2642,16466,7457,262086,262087,262083,262084,0,0,0,0
1790616785.5932422,-37,-41,-39,-42,897,393,14407,5285,262146,262147,262143,262144,0,0,0,0
1790616785.653228,-32,-37,-38,-33,32679,32250,13352,4328,262176,262177,262173,262174,0,0,0,0
1790616785.6948721,-40,-35,-41,-40,31679,31176,12300,3204,262206,262207,262203,262204,0,0,0,0
1790616785.753199,-39,-39,-42,-36,30550,30160,11152,2128,262236,262237,262233,262234,0,0,0,0
1790616785.813812,-43,-36,-41,-38,29552,29048,10105,1014,262266,262267,262263,262264,0,0,0,0
1790616785.853259,-45,-34,-36,-32,28443,27919,9006,32700,262296,262297,262293,262294,0,0,0,0
1790616785.913028,-38,-32,-34,-44,27463,26828,7948,31650,262326,262327,262323,262324,0,0,0,0
1790616785.953554,-50,-48,-40,-42,26371,25807,6806,30659,262356,262357,262353,262354,0,0,0,0
1790616786.0147789,-52,-38,-31,-46,25219,24617,5700,29462,262386,262387,262383,262384,0,0,0,0
1790616786.0749462,-34,-41,-40,-43,24114,23640,4656,28446,262416,262417,262413,262414,0,0,0,0
1790616786.113211,-38,-46,-36,-44,23080,22468,3557,27318,262446,262447,262443,262444,0,0,0,0
1790616786.179109,-38,-37,-40,-32,21951,21461,2467,26317,262476,262477,262473,262474,0,0,0,0
1790616786.214598,-41,-43,-46,-48,20905,20408,1407,25281,262506,262507,262503,262504,0,0,0,0
1790616786.274924,-40,-46,-47,-36,19714,19238,295,24047,262536,262537,262533,262534,0,0,0,0
1790616786.316579,-35,-40,-46,-38,18720,18229,31905,23058,262566,262567,262563,262564,0,0,0,0
1790616786.378101,-43,-41,-43,-39,17575,17023,30868,21980,262596,262597,262593,262594,0,0,0,0
1790616786.433279,-40,-34,-50,-35,16506,15952,29764,20875,262626,262627,262623,262624,0,0,0,0
1790616786.473675,-45,-37,-36,-37,15401,14949,28719,19750,262656,262657,262653,262654,0,0,0,0
1790616786.5333278,-36,-43,-43,-41,14271,13842,27628,18641,262686,262687,262683,262684,0,0,0,0
1790616786.5787039,-43,-33,-39,-29,13298,12804,26459,17542,262716,262717,262713,262714,0,0,0,0
1790616786.633489,-39,-33,-39,-47,12230,11691,25384,16387,262746,262747,262743,262744,0,0,0,0
1790616786.676432,-45,-37,-29,-32,11134,10576,24188,15308,262776,262777,262773,262774,0,0,0,0
1790616786.7332969,-37,-55,-12,-39,10055,9525,23234,14360,262806,262807,262803,262804,0,0,0,0
1790616786.793094,-54,-43,-35,-44,8904,8341,22031,13200,262836,262837,262833,262834,0,0,0,0
1790616786.833399,-32,-35,-34,-33,7840,7339,21052,12279,262866,262867,262863,262864,0,0,0,0
1790616786.8933709,-48,-49,-33,-49,6730,6239,19964,11223,262896,262897,262893,262894,0,0,0,0
1790616786.933277,-34,-35,-39,-31,5633,5087,18890,10038,262926,262927,262923,262924,0,0,0,0
1790616786.993322,-35,-35,-42,-34,3543,2984,16673,7834,262986,262987,262983,262984,0,0,0,0
1790616787.053053,-39,-35,-42,-35,2503,2049,15670,6830,263016,263017,263013,263014,0,0,0,0
1790616787.093558,-51,-35,-44,-41,1399,801,14549,5662,263046,263047,263043,263044,0,0,0,0
1790616787.153086,-34,-33,-43,-33,250,32517,13503,4603,263076,263077,263073,263074,0,0,0,0
1790616787.193473,-38,-34,-38,-40,32058,31379,12457,3551,263106,263107,263103,263104,0,0,0,0
1790616787.253421,-52,-36,-44,-40,30914,30313,11314,2452,263136,263137,263133,263134,0,0,0,0
1790616787.313717,-38,-32,-30,-44,29875,29226,10282,1394,263166,263167,263163,263164,0,0,0,0
1790616787.353584,-41,-41,-35,-54,28835,28129,9192,344,263196,263197,263193,263194,0,0,0,0
1790616787.413269,-34,-36,-39,-44,27775,27013,8058,31977,263226,263227,263223,263224,0,0,0,0
1790616787.493073,-38,-43,-33,-53,25603,24875,5837,29844,263286,263287,263283,263284,0,0,0,0
1790616787.553982,-40,-36,-44,-45,24487,23897,4781,28696,263316,263317,263313,263314,0,0,0,0
1790616787.5932002,-35,-44,-41,-47,23476,22850,3650,27641,263346,263347,263343,263344,0,0,0,0
1790616787.653234,-35,-32,-37,-31,22347,21774,2620,26531,263376,263377,263373,263374,0,0,0,0
1790616787.693351,-32,-35,-36,-37,21411,20853,1675,25623,263406,263407,263403,263404,0,0,0,0
1790616787.753195,-44,-34,-33,-34,20437,19710,699,24546,263436,263437,263433,263434,0,0,0,0
1790616787.8130848,-27,-22,-25,-34,19535,18862,32521,23738,263466,263467,263463,263464,0,0,0,0
1790616787.853625,-27,-36,-28,-24,18768,18080,31609,23018,263496,263497,263493,263494,0,0,0,0
1790616787.914987,-36,-21,-25,-31,18021,17246,30917,22221,263526,263527,263523,263524,0,0,0,0
1790616787.974211,-24,-25,-19,-27,17314,16598,30240,21507,263556,263557,263553,263554,0,0,0,0
1790616788.013473,-15,-17,-19,-18,16725,16046,29633,20907,263586,263587,263583,263584,0,0,0,0
1790616788.0739121,-17,-19,-17,-22,16241,15571,29148,20414,263616,263617,263613,263614,0,0,0,0
1790616788.133138,-20,-16,-18,-18,15684,15084,28659,19834,263646,263647,263643,263644,0,0,0,0
1790616788.176351,-15,-22,-16,-11,15265,14656,28182,19381,263676,263677,263673,263674,0,0,0,0
1790616788.233165,-10,-14,-11,-17,14967,14192,27702,18950,263706,263707,263703,263704,0,0,0,0
1790616788.277298,-10,-11,-20,-14,14661,13826,27158,18581,263736,263737,263733,263734,0,0,0,0
1790616788.333327,-11,-10,-7,-10,14383,13504,26808,18309,263766,263767,263763,263764,0,0,0,0
1790616788.393301,-10,-15,-9,-17,14033,13187,26615,18005,263796,263797,263793,263794,0,0,0,0
1790616788.433286,-14,-11,-9,-15,13632,12900,26431,17682,263826,263827,263823,263824,0,0,0,0
1790616788.493404,-17,-1,-2,-2,13221,12756,26315,17418,263856,263857,263853,263854,0,0,0,0
1790616788.5334,-12,-1,-7,-11,12932,12664,26250,17218,263886,263887,263883,263884,0,0,0,0
1790616788.593282,-1,-5,-10,-3,12538,12345,25780,16469,263946,263947,263943,263944,0,0,0,0
1790616788.633642,-1,-5,-10,-3,12538,12345,25780,16469,263946,263947,263943,263944,0,0,0,0
1790616788.694114,-3,-10,-13,-2,12342,11897,25167,16063,264006,264007,264003,264004,0,0,0,0
1790616788.7533052,-6,-7,-8,-4,12165,11613,24884,15945,264036,264037,264033,264034,0,0,0,0
1790616788.813188,-17,-23,2,-8,11899,11337,24671,15818,264066,264067,264063,264064,0,0,0,0
1790616788.873481,-10,-6,0,-6,11614,11085,24551,15670,264096,264097,264093,264094,0,0,0,0
1790616788.913503,-8,2,-1,-1,11419,10974,24519,15556,264126,264127,264123,264124,0,0,0,0
1790616788.974475,-1,3,0,-2,11395,10999,24530,15507,264156,264157,264153,264154,0,0,0,0
1790616789.0136,-1,-3,-1,0,11395,10998,24524,15497,264186,264187,264183,264184,0,0,0,0
1790616789.073673,3,-2,-4,-1,11413,10983,24510,15512,264216,264217,264213,264214,0,0,0,0
1790616789.133277,-2,-5,5,-4,11435,10961,24489,15537,264246,264247,264243,264244,0,0,0,0
1790616789.174686,-1,-4,-2,0,11456,10940,24470,15559,264276,264277,264273,264274,0,0,0,0
1790616789.233276,-2,2,0,0,11471,10925,24454,15574,264306,264307,264303,264304,0,0,0,0
1790616789.293378,-1,-2,3,-5,11471,10949,24465,15573,264366,264367,264363,264364,0,0,0,0
1790616789.352912,-1,-2,0,-1,11460,10950,24465,15549,264396,264397,264393,264394,0,0,0,0
1790616789.3935502,2,-4,0,2,11471,10939,24455,15562,264426,264427,264423,264424,0,0,0,0
1790616789.4530282,-1,1,-2,0,11490,10919,24434,15582,264456,264457,264453,264454,0,0,0,0
1790616789.513013,-3,-3,-3,2,11505,10906,24419,15600,264486,264487,264483,264484,0,0,0,0
1790616789.553313,-4,0,-3,-1,11516,10898,24412,15611,264516,264517,264513,264514,0,0,0,0
1790616789.613258,0,-4,1,-3,11517,10894,24407,15611,264546,264547,264543,264544,0,0,0,0
1790616789.653288,0,0,-6,-7,11517,10894,24407,15609,264576,264577,264573,264574,0,0,0,0
1790616789.7133,-4,5,2,-1,11518,10895,24408,15611,264606,264607,264603,264604,0,0,0,0
1790616789.7771919,4,-1,-1,-6,11518,10893,24406,15612,264636,264637,264633,264634,0,0,0,0
1790616789.813607,-3,-2,0,-3,11519,10892,24407,15611,264666,264667,264663,264664,0,0,0,0
1790616789.872947,-4,-3,-2,-4,11518,10893,24406,15612,264696,264697,264693,264694,0,0,0,0
1790616789.91326,1,1,4,1,11519,10891,24406,15612,264726,264727,264723,264724,0,0,0,0
1790616789.9732711,-2,1,-4,-1,11520,10892,24405,15612,264756,264757,264753,264754,0,0,0,0
1790616790.013746,-1,-1,3,3,11519,10891,24405,15612,264786,264787,264783,264784,0,0,0,0
1790616790.0754728,-4,-2,-5,-3,11518,10891,24405,15610,264816,264817,264813,264814,0,0,0,0
1790616790.135179,1,0,-2,3,11515,10893,24408,15609,264846,264847,264843,264844,0,0,0,0
1790616790.175628,-3,4,-1,2,11512,10895,24412,15605,264876,264877,264873,264874,0,0,0,0
1790616790.235647,-1,1,-3,-1,11493,10908,24410,15575,264906,264907,264903,264904,0,0,0,0
1790616790.2931452,-1,-4,-3,-1,11488,10938,24437,15564,264936,264937,264933,264934,0,0,0,0
1790616790.335626,-2,-2,0,-7,11495,10926,24424,15568,264966,264967,264963,264964,0,0,0,0
1790616790.3935502,58,-46,-18,37,12226,10155,24044,16062,265026,265027,265023,265024,0,0,0,0
1790616790.453216,55,-89,-64,43,14104,8320,23060,17253,265056,265057,265053,265054,0,0,0,0
1790616790.513206,74,-75,-53,71,15897,6539,21097,18921,265086,265087,265083,265084,0,0,0,0
1790616790.553316,86,-65,-78,66,17772,4597,19223,21101,265116,265117,265113,265114,0,0,0,0
1790616790.613085,70,-67,-73,66,19856,2537,17119,23235,265146,265147,265143,265144,0,0,0,0
1790616790.673236,66,-70,-63,72,21950,514,15010,25388,265176,265177,265173,265174,0,0,0,0
1790616790.7132301,63,-52,-66,64,23805,31457,13067,27204,265206,265207,265203,265204,0,0,0,0
1790616790.7737548,47,-58,-50,51,25370,29951,11506,28847,265236,265237,265233,265234,0,0,0,0
1790616790.813449,41,-50,-45,43,26671,28619,10261,30217,265266,265267,265263,265264,0,0,0,0
1790616790.874827,43,-49,-37,35,27823,27433,9097,31370,265296,265297,265293,265294,0,0,0,0
1790616790.937827,45,-47,-38,40,29020,26198,7903,32690,265326,265327,265323,265324,0,0,0,0
1790616790.974355,46,-62,-62,61,30292,24641,6558,1402,265356,265357,265353,265354,0,0,0,0
1790616791.0360918,54,-70,-59,66,31893,23013,5059,3089,265386,265387,265383,265384,0,0,0,0
1790616791.073418,62,-73,-52,75,743,21147,3355,4973,265416,265417,265413,265414,0,0,0,0
1790616791.139835,47,-81,-68,65,2373,19175,1663,7007,265446,265447,265443,265444,0,0,0,0
1790616791.1931572,49,-72,-52,62,4028,17232,63,9178,265476,265477,265473,265474,0,0,0,0
1790616791.239653,23,-74,-31,85,5058,15174,31544,11248,265506,265507,265503,265504,0,0,0,0
1790616791.2931352,25,-88,-31,97,5628,13028,30616,13494,265536,265537,265533,265534,0,0,0,0
1790616791.339061,27,-89,-29,93,6187,10574,29912,15804,265566,265567,265563,265564,0,0,0,0
1790616791.393077,17,-92,-18,92,7096,5624,28949,20815,265626,265627,265623,265624,0,0,0,0
1790616791.453279,25,-93,-22,85,7677,3078,28451,23405,265656,265657,265653,265654,0,0,0,0
1790616791.493637,44,-87,-30,88,8458,695,27728,25922,265686,265687,265683,265684,0,0,0,0
1790616791.5530171,55,-64,-38,70,9666,31316,26545,28033,265716,265717,265713,265714,0,0,0,0
1790616791.593493,61,-67,-80,64,11281,29645,24919,29865,265746,265747,265743,265744,0,0,0,0
1790616791.653416,70,-48,-63,41,12919,28161,23193,31249,265776,265777,265773,265774,0,0,0,0
1790616791.7131011,68,-45,-59,41,14731,26806,21419,32583,265806,265807,265803,265804,0,0,0,0
1790616791.753418,62,-44,-57,45,16411,25566,19695,1112,265836,265837,265833,265834,0,0,0,0
1790616791.8141482,66,-49,-65,49,18022,24157,18178,2511,265866,265867,265863,265864,0,0,0,0
1790616791.873852,48,-63,-54,65,19535,22585,16666,4016,265896,265897,265893,265894,0,0,0,0
1790616791.9138591,55,-55,-53,52,21067,21127,15089,5540,265926,265927,265923,265924,0,0,0,0
1790616791.974043,55,-49,-51,57,22499,19573,13660,7043,265956,265957,265953,265954,0,0,0,0
1790616792.0345888,48,-52,-54,58,23911,18235,12255,8473,265986,265987,265983,265984,0,0,0,0
1790616792.093825,41,-42,-50,46,25123,16933,11049,9924,266016,266017,266013,266014,0,0,0,0
1790616792.135257,34,-41,-40,30,26119,15879,10043,10920,266046,266047,266043,266044,0,0,0,0
1790616792.193137,18,-23,-20,31,26802,15021,9344,11755,266076,266077,266073,266074,0,0,0,0
1790616792.239904,9,-17,-11,19,27256,14529,8941,12348,266106,266107,266103,266104,0,0,0,0
1790616792.293046,12,-23,-17,16,27662,13975,8603,12755,266136,266137,266133,266134,0,0,0,0
1790616792.335878,9,-46,-13,37,28036,12904,8239,13544,266166,266167,266163,266164,0,0,0,0
1790616792.393416,13,-43,-11,50,28399,11545,7906,14710,266196,266197,266193,266194,0,0,0,0
1790616792.453165,9,-64,-16,61,29065,8411,7215,17746,266256,266257,266253,266254,0,0,0,0
1790616792.493346,11,-48,-8,53,29315,6873,6902,19342,266286,266287,266283,266284,0,0,0,0
1790616792.553185,12,-40,-11,42,29626,5509,6604,20823,266316,266317,266313,266314,0,0,0,0
1790616792.5933561,14,-19,-12,26,30023,4591,6215,21879,266346,266347,266343,266344,0,0,0,0
1790616792.653244,17,-13,-17,15,30425,4238,5764,22274,266376,266377,266373,266374,0,0,0,0
1790616792.693722,6,-5,-12,-2,30727,4007,5407,22371,266406,266407,266403,266404,0,0,0,0
1790616792.7534468,0,-2,-5,2,30862,3856,5235,22394,266436,266437,266433,266434,0,0,0,0
1790616792.813083,21,-10,-4,-1,30912,3813,5200,22437,266466,266467,266463,266464,0,0,0,0
1790616792.854653,-3,-2,-2,2,30934,3789,5179,22457,266496,266497,266493,266494,0,0,0,0
1790616792.912947,5,0,-1,1,30946,3780,5167,22464,266526,266527,266523,266524,0,0,0,0
1790616792.972974,-1,-1,3,6,30945,3776,5163,22465,266556,266557,266553,266554,0,0,0,0
1790616793.0133498,-1,-1,1,-2,30944,3776,5164,22464,266586,266587,266583,266584,0,0,0,0
1790616793.0732338,0,-3,0,1,30941,3778,5167,22462,266616,266617,266613,266614,0,0,0,0
1790616793.1132202,0,-4,-2,-1,30939,3779,5168,22461,266646,266647,266643,266644,0,0,0,0
1790616793.172878,-3,1,4,-1,30941,3778,5167,22462,266676,266677,266673,266674,0,0,0,0
1790616793.233591,0,6,-6,0,30943,3776,5165,22463,266706,266707,266703,266704,0,0,0,0
1790616793.275139,1,-2,0,1,30944,3775,5163,22464,266736,266737,266733,266734,0,0,0,0
1790616793.333771,-3,-1,-6,4,30943,3776,5165,22463,266766,266767,266763,266764,0,0,0,0
1790616793.392981,2,2,-2,-1,30941,3779,5168,22461,266796,266797,266793,266794,0,0,0,0
1790616793.452995,-4,-1,-4,-1,30940,3781,5170,22459,266856,266857,266853,266854,0,0,0,0
1790616793.493414,-2,-1,-3,1,30942,3781,5169,22462,266886,266887,266883,266884,0,0,0,0
1790616793.5529978,3,4,2,0,30948,3780,5168,22466,266916,266917,266913,266914,0,0,0,0
1790616793.593357,0,2,7,-1,30952,3778,5166,22469,266946,266947,266943,266944,0,0,0,0
1790616793.652996,0,-5,3,1,30953,3777,5166,22470,266976,266977,266973,266974,0,0,0,0
1790616793.693184,0,0,-4,-1,30951,3778,5167,22469,267006,267007,267003,267004,0,0,0,0
1790616793.753194,-6,1,-4,-1,30950,3775,5166,22469,267036,267037,267033,267034,0,0,0,0
1790616793.813251,2,-1,-1,5,30951,3771,5163,22471,267066,267067,267063,267064,0,0,0,0
1790616793.853606,-1,-2,-3,0,30952,3769,5161,22472,267096,267097,267093,267094,0,0,0,0
1790616793.91308,3,-4,-5,-1,30951,3769,5159,22472,267126,267127,267123,267124,0,0,0,0
1790616793.974255,0,-5,0,0,30951,3770,5159,22471,267156,267157,267153,267154,0,0,0,0
1790616794.013182,-8,-4,-2,2,30952,3773,5160,22471,267186,267187,267183,267184,0,0,0,0
1790616794.0729952,9,0,-2,3,30953,3776,5161,22472,267216,267217,267213,267214,0,0,0,0
1790616794.113248,0,1,4,2,30956,3777,5163,22472,267246,267247,267243,267244,0,0,0,0
1790616794.172928,1,2,2,-1,30958,3779,5165,22474,267276,267277,267273,267274,0,0,0,0
1790616794.236299,-1,2,1,-1,30956,3788,5174,22475,267306,267307,267303,267304,0,0,0,0
1790616794.293062,-1,-1,3,0,30966,3781,5164,22479,267336,267337,267333,267334,0,0,0,0
1790616794.333717,3,-1,6,-1,30973,3780,5166,22487,267366,267367,267363,267364,0,0,0,0
1790616794.393007,5,-2,5,2,30991,3775,5164,22497,267426,267427,267423,267424,0,0,0,0
1790616794.434243,5,-2,5,2,30991,3775,5164,22497,267426,267427,267423,267424,0,0,0,0
1790616794.493031,71,-58,-27,26,32136,2821,4620,23180,267486,267487,267483,267484,0,0,0,0
1790616794.533505,71,-58,-27,26,32136,2821,4620,23180,267486,267487,267483,267484,0,0,0,0
1790616794.59641,80,-67,-79,75,2828,31660,1294,26432,267546,267547,267543,267544,0,0,0,0
1790616794.653173,66,-82,-88,87,4773,29737,32075,28463,267576,267577,267573,267574,0,0,0,0
1790616794.713522,66,-84,-87,69,6901,27607,29918,30673,267606,267607,267603,267604,0,0,0,0
1790616794.753251,73,-69,-68,55,8925,25690,27802,32665,267636,267637,267633,267634,0,0,0,0
1790616794.813304,59,-60,-55,65,10559,23926,26082,1648,267666,267667,267663,267664,0,0,0,0
1790616794.874468,45,-58,-36,42,12029,22430,24508,3093,267696,267697,267693,267694,0,0,0,0
1790616794.91345,50,-52,-41,41,13381,21224,23311,4368,267726,267727,267723,267724,0,0,0,0
1790616794.973027,46,-48,-43,52,14552,19873,21978,5525,267756,267757,267753,267754,0,0,0,0
1790616795.033128,56,-46,-49,39,15809,18515,20743,6888,267786,267787,267783,267784,0,0,0,0
1790616795.073153,43,-57,-52,65,17262,16938,19284,8332,267816,267817,267813,267814,0,0,0,0
1790616795.1330812,55,-59,-66,62,18819,15182,17662,10102,267846,267847,267843,267844,0,0,0,0
1790616795.19405,68,-76,-68,71,20470,13399,15989,11980,267876,267877,267873,267874,0,0,0,0
1790616795.23613,57,-69,-63,63,22141,11478,14252,13918,267906,267907,267903,267904,0,0,0,0
1790616795.294782,29,-84,-32,83,24070,7288,11671,18243,267966,267967,267963,267964,0,0,0,0
1790616795.353141,24,-97,-33,89,24688,4974,10830,20643,267996,267997,267993,267994,0,0,0,0
1790616795.4129732,14,-88,-13,81,25229,2506,10310,23047,268026,268027,268023,268024,0,0,0,0
1790616795.453217,12,-88,-16,88,25579,32698,9889,25582,268056,268057,268053,268054,0,0,0,0
1790616795.513838,21,-86,-14,92,26054,30269,9453,28081,268086,268087,268083,268084,0,0,0,0
1790616795.554703,30,-89,-38,88,26729,27710,8808,30593,268116,268117,268113,268114,0,0,0,0
1790616795.6132321,49,-69,-39,66,27764,25575,7906,89,268146,268147,268143,268144,0,0,0,0
1790616795.6533928,59,-60,-66,47,29176,23717,6320,2127,268176,268177,268173,268174,0,0,0,0
1790616795.714062,70,-46,-67,52,30738,22177,4642,3530,268206,268207,268203,268204,0,0,0,0
1790616795.7732391,57,-43,-67,52,32570,20858,2825,4933,268236,268237,268233,268234,0,0,0,0
1790616795.8154922,67,-40,-65,58,1614,19459,1095,6250,268266,268267,268263,268264,0,0,0,0
1790616795.8740659,62,-58,-61,54,3254,18031,32203,7620,268296,268297,268293,268294,0,0,0,0
1790616795.935135,44,-55,-57,43,4750,16508,30650,9175,268326,268327,268323,268324,0,0,0,0
1790616795.974171,64,-52,-39,57,6286,15027,29092,10618,268356,268357,268353,268354,0,0,0,0
1790616796.033916,56,-73,-62,54,7744,13506,27691,12228,268386,268387,268383,268384,0,0,0,0
1790616796.074684,43,-58,-54,44,9227,11998,26287,13712,268416,268417,268413,268414,0,0,0,0
1790616796.133916,42,-40,-51,37,10470,10607,24942,15053,268446,268447,268443,268444,0,0,0,0
1790616796.174353,34,-37,-34,32,11594,9466,23839,16202,268476,268477,268473,268474,0,0,0,0
1790616796.235602,19,-41,-21,32,12242,8526,23104,17133,268506,268507,268503,268504,0,0,0,0
1790616796.294831,19,-47,-21,46,13317,6563,21990,19010,268566,268567,268563,268564,0,0,0,0
1790616796.354041,14,-55,-15,63,13802,5150,21539,20458,268596,268597,268593,268594,0,0,0,0
1790616796.396117,15,-62,-20,57,14231,3471,21171,22068,268626,268627,268623,268624,0,0,0,0
1790616796.453986,15,-64,-25,74,14642,1938,20808,23697,268656,268657,268653,268654,0,0,0,0
1790616796.514004,13,-45,-15,56,15062,349,20348,25342,268686,268687,268683,268684,0,0,0,0
1790616796.554255,16,-39,-19,29,15503,32001,19847,26484,268716,268717,268713,268714,0,0,0,0
1790616796.614028,14,-15,-13,9,15989,31462,19472,27039,268746,268747,268743,268744,0,0,0,0
1790616796.654217,2,-1,-11,-3,16206,31244,19189,27245,268776,268777,268773,268774,0,0,0,0
1790616796.714376,3,1,4,-3,16216,31205,19098,27213,268806,268807,268803,268804,0,0,0,0
1790616796.7612228,8,-10,-5,3,16230,31134,19098,27212,268836,268837,268833,268834,0,0,0,0
1790616796.833895,8,-15,-13,12,16384,30936,18941,27387,268866,268867,268863,268864,0,0,0,0
1790616796.8742132,24,-23,-16,19,16798,30520,18584,27793,268896,268897,268893,268894,0,0,0,0
1790616796.9338958,23,-28,-25,26,17368,29909,18000,28335,268926,268927,268923,268924,0,0,0,0
1790616796.974219,30,-11,-21,22,18095,29181,17294,29062,268956,268957,268953,268954,0,0,0,0
1790616797.033997,20,-15,-13,23,18710,28636,16718,29778,268986,268987,268983,268984,0,0,0,0
1790616797.0939572,11,-11,-11,12,19061,28269,16374,30246,269016,269017,269013,269014,0,0,0,0
1790616797.1347258,5,-8,-4,6,19231,28064,16177,30392,269046,269047,269043,269044,0,0,0,0
1790616797.194697,5,5,-1,5,19339,27978,16074,30480,269076,269077,269073,269074,0,0,0,0
1790616797.234338,4,-6,-1,1,19394,27933,16020,30531,269106,269107,269103,269104,0,0,0,0
1790616797.294195,1,0,2,-5,19377,27952,16034,30516,269166,269167,269163,269164,0,0,0,0
1790616797.354021,-4,-1,4,-3,19337,27985,16069,30481,269196,269197,269193,269194,0,0,0,0
1790616797.414175,-2,-7,12,-3,19302,28016,16106,30450,269226,269227,269223,269224,0,0,0,0
1790616797.454182,-4,-1,3,2,19277,28037,16129,30428,269256,269257,269253,269254,0,0,0,0
1790616797.513977,3,4,1,-3,19262,28047,16142,30415,269286,269287,269283,269284,0,0,0,0
1790616797.554341,-6,-1,-4,0,19262,28048,16144,30413,269316,269317,269313,269314,0,0,0,0
1790616797.614244,-5,3,-6,-9,19269,28043,16139,30418,269346,269347,269343,269344,0,0,0,0
1790616797.6739762,-1,-2,1,-13,19273,28038,16134,30423,269376,269377,269373,269374,0,0,0,0
1790616797.714302,2,-2,-3,2,19273,28039,16134,30422,269406,269407,269403,269404,0,0,0,0
1790616797.774524,3,2,10,-3,19271,28042,16137,30421,269436,269437,269433,269434,0,0,0,0
1790616797.833998,-1,-2,-6,0,19269,28044,16140,30420,269466,269467,269463,269464,0,0,0,0
1790616797.8744478,-2,0,-6,0,19268,28045,16141,30417,269496,269497,269493,269494,0,0,0,0
1790616797.9339368,-1,-4,-1,1,19269,28043,16139,30419,269526,269527,269523,269524,0,0,0,0
1790616797.974646,3,-5,-4,0,19270,28043,16139,30420,269556,269557,269553,269554,0,0,0,0
1790616798.0344388,-4,1,3,-3,19269,28044,16139,30419,269586,269587,269583,269584,0,0,0,0
1790616798.074344,-3,-3,2,4,19269,28045,16141,30417,269616,269617,269613,269614,0,0,0,0
1790616798.134523,2,0,-5,-4,19270,28044,16141,30420,269646,269647,269643,269644,0,0,0,0
1790616798.174613,-2,0,-6,0,19270,28044,16141,30419,269676,269677,269673,269674,0,0,0,0
1790616798.2343712,-1,1,-1,4,19271,28044,16140,30420,269706,269707,269703,269704,0,0,0,0
1790616798.2938728,4,5,7,-2,19272,28043,16140,30420,269736,269737,269733,269734,0,0,0,0
1790616798.3348732,0,-2,-8,-1,19274,28043,16139,30422,269766,269767,269763,269764,0,0,0,0
1790616798.3948128,1,-2,4,-3,19277,28042,16139,30424,269826,269827,269823,269824,0,0,0,0
1790616798.434187,1,-2,4,-3,19277,28042,16139,30424,269826,269827,269823,269824,0,0,0,0
1790616798.494344,-1,2,0,-4,19287,28038,16132,30431,269886,269887,269883,269884,0,0,0,0
1790616798.557965,1,0,-1,-1,19290,28036,16131,30434,269916,269917,269913,269914,0,0,0,0
1790616798.594122,-3,2,0,1,19294,28035,16130,30437,269946,269947,269943,269944,0,0,0,0
1790616798.657398,8,-12,-9,11,19424,27868,16071,30506,269976,269977,269973,269974,0,0,0,0
1790616798.713939,8,-12,-9,11,19424,27868,16071,30506,269976,269977,269973,269974,0,0,0,0
1790616798.764731,71,-95,-67,59,21911,24917,14450,32589,270036,270037,270033,270034,0,0,0,0
1790616798.814228,62,-72,-59,75,23595,22976,12690,1952,270066,270067,270063,270064,0,0,0,0
1790616798.874516,62,-79,-78,91,25527,20978,10752,3960,270096,270097,270093,270094,0,0,0,0
1790616798.914212,73,-74,-81,90,27565,18809,8575,6194,270126,270127,270123,270124,0,0,0,0
1790616798.974147,60,-77,-71,79,29427,16822,6620,8243,270156,270157,270153,270154,0,0,0,0
1790616799.014379,54,-55,-58,57,30978,14987,4939,10200,270186,270187,270183,270184,0,0,0,0
1790616799.0739682,42,-59,-41,51,32388,13357,3448,11739,270216,270217,270213,270214,0,0,0,0
1790616799.1339111,24,-61,-30,60,673,11797,2310,13107,270246,270247,270243,270244,0,0,0,0
1790616799.174098,15,-71,-26,67,1085,10125,1430,14913,270276,270277,270273,270274,0,0,0,0
1790616799.2339919,20,-73,-18,68,1657,7953,778,17482,270306,270307,270303,270304,0,0,0,0
1790616799.295983,14,-99,-15,103,2613,2759,32656,22582,270366,270367,270363,270364,0,0,0,0
1790616799.360522,28,-97,-20,111,3342,34,32040,25324,270396,270397,270393,270394,0,0,0,0
1790616799.396252,40,-86,-30,79,4188,30238,31205,27894,270426,270427,270423,270424,0,0,0,0
1790616799.456605,49,-70,-37,76,5185,27885,30204,30409,270456,270457,270453,270454,0,0,0,0
1790616799.496883,54,-57,-50,58,6575,25952,28850,32477,270486,270487,270483,270484,0,0,0,0
1790616799.55652,49,-46,-66,54,8144,24274,27222,1323,270516,270517,270513,270514,0,0,0,0
1790616799.614414,68,-50,-67,44,9788,22993,25611,2615,270546,270547,270543,270544,0,0,0,0
1790616799.658853,50,-40,-59,52,11481,21760,23975,3828,270576,270577,270573,270574,0,0,0,0
1790616799.714126,61,-56,-59,51,13046,20433,22338,5139,270606,270607,270603,270604,0,0,0,0
1790616799.774475,56,-60,-46,58,14592,18945,20811,6625,270636,270637,270633,270634,0,0,0,0
1790616799.814194,54,-58,-56,54,16187,17280,19252,8103,270666,270667,270663,270664,0,0,0,0
1790616799.873942,71,-73,-61,67,17792,15673,17673,9812,270696,270697,270693,270694,0,0,0,0
1790616799.93398,56,-55,-53,52,19455,14011,16107,11549,270726,270727,270723,270724,0,0,0,0
1790616799.974159,52,-64,-66,73,21057,12371,14381,13178,270756,270757,270753,270754,0,0,0,0
1790616800.033857,62,-63,-56,46,22602,10703,12880,14931,270786,270787,270783,270784,0,0,0,0
1790616800.074212,47,-53,-50,73,24082,8990,11395,16521,270816,270817,270813,270814,0,0,0,0
1790616800.134058,34,-70,-41,65,25271,7193,10192,18347,270846,270847,270843,270844,0,0,0,0
1790616800.174182,30,-85,-27,100,26023,5175,9137,20510,270876,270877,270873,270874,0,0,0,0
1790616800.2339258,24,-77,-11,89,26701,2906,8524,22770,270906,270907,270903,270904,0,0,0,0
1790616800.294115,17,-77,-15,86,27705,31031,7867,27484,270966,270967,270963,270964,0,0,0,0
1790616800.357281,17,-60,-26,68,28080,28998,7313,29400,270996,270997,270993,270994,0,0,0,0
1790616800.394855,17,-64,-21,44,28586,27351,6712,31090,271026,271027,271023,271024,0,0,0,0
1790616800.45525,23,-31,-19,23,29214,26197,6120,32242,271056,271057,271053,271054,0,0,0,0
1790616800.494356,17,-15,-22,5,29815,25574,5605,32683,271086,271087,271083,271084,0,0,0,0
1790616800.554236,7,-10,-13,8,30185,25213,5104,195,271116,271117,271113,271114,0,0,0,0
1790616800.6146061,5,-11,-11,3,30343,25018,4826,303,271146,271147,271143,271144,0,0,0,0
1790616800.6545641,7,-8,-8,2,30452,24890,4714,407,271176,271177,271173,271174,0,0,0,0
1790616800.713883,9,-17,-9,7,30638,24675,4535,586,271206,271207,271203,271204,0,0,0,0
1790616800.755821,12,-11,-20,13,31022,24366,4218,918,271236,271237,271233,271234,0,0,0,0
1790616800.814025,18,-27,-20,18,31541,23909,3726,1372,271266,271267,271263,271264,0,0,0,0
1790616800.874336,28,-20,-18,23,32118,23335,3214,2002,271296,271297,271293,271294,0,0,0,0
1790616800.9210958,24,-20,-18,18,32665,22730,2647,2570,271326,271327,271323,271324,0,0,0,0
1790616800.994443,14,-15,-16,12,891,21753,1635,3573,271386,271387,271383,271384,0,0,0,0
1790616801.0583098,6,-7,-10,9,1219,21402,1280,3967,271416,271417,271413,271414,0,0,0,0
1790616801.095506,13,-10,-12,7,1522,21080,1012,4280,271446,271447,271443,271444,0,0,0,0
1790616801.154002,9,-8,-11,10,1856,20772,738,4546,271476,271477,271473,271474,0,0,0,0
1790616801.195746,13,-13,-15,10,2173,20315,433,4915,271506,271507,271503,271504,0,0,0,0
1790616801.270645,14,-16,-17,14,2535,19863,43,5388,271536,271537,271533,271534,0,0,0,0
1790616801.3147001,19,-19,-23,16,3090,19436,32326,5830,271566,271567,271563,271564,0,0,0,0
1790616801.373908,19,-11,-15,21,3566,18949,31778,6340,271596,271597,271593,271594,0,0,0,0
1790616801.414043,5,-9,-13,8,3870,18712,31447,6662,271626,271627,271623,271624,0,0,0,0
1790616801.474101,3,-3,2,2,4038,18592,31300,6800,271656,271657,271653,271654,0,0,0,0
1790616801.533956,-1,-3,-1,0,4134,18526,31228,6880,271686,271687,271683,271684,0,0,0,0
1790616801.574178,2,-8,0,1,4183,18489,31185,6921,271716,271717,271713,271714,0,0,0,0
1790616801.6339421,4,4,-2,5,4198,18473,31164,6934,271746,271747,271743,271744,0,0,0,0
1790616801.6938822,1,-2,0,4,4193,18480,31170,6929,271776,271777,271773,271774,0,0,0,0
1790616801.73395,0,0,1,4,4176,18498,31187,6912,271806,271807,271803,271804,0,0,0,0
1790616801.793822,-3,-18,-5,1,4136,18534,31224,6877,271866,271867,271863,271864,0,0,0,0
1790616801.8540401,1,-1,-4,2,4122,18544,31237,6865,271896,271897,271893,271894,0,0,0,0
1790616801.89411,0,-3,2,-1,4115,18550,31245,6859,271926,271927,271923,271924,0,0,0,0
1790616801.9569862,-4,-2,-1,-1,4114,18552,31246,6857,271956,271957,271953,271954,0,0,0,0
1790616802.0141098,2,4,-1,-2,4116,18551,31245,6858,271986,271987,271983,271984,0,0,0,0
1790616802.054642,0,-1,-1,-1,4118,18550,31244,6859,272016,272017,272013,272014,0,0,0,0
1790616802.113983,1,4,-4,3,4118,18549,31244,6858,272046,272047,272043,272044,0,0,0,0
1790616802.154451,5,-1,2,-1,4118,18549,31244,6858,272076,272077,272073,272074,0,0,0,0
1790616802.2138948,-1,4,-7,-2,4118,18551,31244,6858,272106,272107,272103,272104,0,0,0,0
1790616802.274165,-4,-1,5,0,4117,18549,31244,6857,272136,272137,272133,272134,0,0,0,0
1790616802.334027,0,1,2,1,4117,18549,31243,6858,272166,272167,272163,272164,0,0,0,0
1790616802.397853,2,7,-6,-10,4120,18548,31243,6860,272196,272197,272193,272194,0,0,0,0
1790616802.4342139,-7,2,-3,-5,4121,18550,31243,6860,272226,272227,272223,272224,0,0,0,0
1790616802.493976,-33,-35,-25,-28,3959,18305,31147,6776,272256,272257,272253,272254,0,0,0,0
1790616802.534967,-34,-25,-38,-37,2714,17281,30121,5642,272286,272287,272283,272284,0,0,0,0
1790616802.593867,-29,-24,-31,-36,1954,16493,29214,4761,272316,272317,272313,272314,0,0,0,0
1790616802.634181,-34,-33,-36,-33,966,15605,28378,3896,272346,272347,272343,272344,0,0,0,0
1790616802.69724,-28,-33,-46,-35,58,14723,27322,2930,272376,272377,272373,272374,0,0,0,0
1790616802.754934,-39,-29,-50,-34,31077,12727,25253,1004,272436,272437,272433,272434,0,0,0,0
1790616802.79424,-34,-38,-38,-37,30164,11640,24137,32689,272466,272467,272463,272464,0,0,0,0
1790616802.853984,-40,-41,-43,-40,29112,10560,23134,31620,272496,272497,272493,272494,0,0,0,0
1790616802.8942878,-34,-42,-33,-31,27965,9455,22061,30730,272526,272527,272523,272524,0,0,0,0
1790616802.956436,-42,-38,-35,-48,26868,8401,21166,29653,272556,272557,272553,272554,0,0,0,0
1790616803.0169542,-35,-38,-44,-31,25681,7402,20182,28654,272586,272587,272583,272584,0,0,0,0
1790616803.0543501,-42,-49,-38,-48,24561,6333,19095,27536,272616,272617,272613,272614,0,0,0,0
1790616803.118429,-34,-36,-43,-34,23589,5277,18032,26472,272646,272647,272643,272644,0,0,0,0
1790616803.1545758,-46,-39,-46,-43,22545,4276,16893,25449,272676,272677,272673,272674,0,0,0,0
1790616803.233858,-37,-35,-41,-35,21590,3137,15757,24234,272706,272707,272703,272704,0,0,0,0
1790616803.274345,-46,-38,-43,-37,20570,2174,14591,23165,272736,272737,272733,272734,0,0,0,0
1790616803.333913,-36,-43,-47,-41,19479,981,13417,22057,272766,272767,272763,272764,0,0,0,0
1790616803.393984,-40,-36,-32,-39,18447,32660,12446,20997,272796,272797,272793,272794,0,0,0,0
1790616803.4340858,-42,-42,-39,-37,17244,31580,11370,19945,272826,272827,272823,272824,0,0,0,0
1790616803.493922,-39,-38,-29,-35,16149,30521,10382,18830,272856,272857,272853,272854,0,0,0,0
1790616803.5340319,-38,-40,-42,-36,14977,29413,9304,17755,272886,272887,272883,272884,0,0,0,0
1790616803.594112,-39,-41,-39,-36,13044,27411,7274,15738,272946,272947,272943,272944,0,0,0,0
1790616803.6543329,-33,-26,-43,-30,12137,26542,6254,14914,272976,272977,272973,272974,0,0,0,0
1790616803.694388,-28,-32,-26,-36,11343,25709,5379,14024,273006,273007,273003,273004,0,0,0,0
1790616803.757901,-19,-27,-27,-29,10620,24979,4588,13148,273036,273037,273033,273034,0,0,0,0
1790616803.815774,-31,-20,-30,-21,9984,24305,3871,12498,273066,273067,273063,273064,0,0,0,0
1790616803.85686,-27,-25,-16,-30,9294,23660,3243,11909,273096,273097,273093,273094,0,0,0,0
1790616803.916787,-21,-12,-16,-19,8702,23099,2699,11403,273126,273127,273123,273124,0,0,0,0
1790616803.973919,-18,-20,-8,-21,8134,22582,2253,10767,273156,273157,273153,273154,0,0,0,0
1790616804.020134,-22,-14,-14,-12,7682,22124,1901,10347,273186,273187,273183,273184,0,0,0,0
1790616804.075098,-17,-15,-10,-10,7209,21719,1479,10031,273216,273217,273213,273214,0,0,0,0
1790616804.122219,-12,-16,-18,-12,6866,21278,1021,9702,273246,273247,273243,273244,0,0,0,0
1790616804.173902,-11,-12,-10,-8,6628,20942,640,9419,273276,273277,273273,273274,0,0,0,0
1790616804.219111,-12,-15,-14,-13,6394,20639,260,9165,273306,273307,273303,273304,0,0,0,0
1790616804.2738008,-8,-3,-13,-14,6108,20342,32686,8806,273336,273337,273333,273334,0,0,0,0
1790616804.31654,-6,-3,-9,-20,5899,20213,32448,8381,273366,273367,273363,273364,0,0,0,0
1790616804.374038,-5,-5,-5,-7,5704,20131,32247,8019,273396,273397,273393,273394,0,0,0,0
1790616804.4342191,-12,-12,-7,3,5480,19930,32067,7807,273426,273427,273423,273424,0,0,0,0
1790616804.474169,-7,-12,-6,-2,5219,19636,31851,7689,273456,273457,273453,273454,0,0,0,0
1790616804.5339031,-13,-13,-4,-1,4999,19304,31665,7674,273486,273487,273483,273484,0,0,0,0
1790616804.593971,-10,-11,-11,0,4818,18950,31481,7658,273516,273517,273513,273514,0,0,0,0
1790616804.6378691,-11,-10,-2,-6,4613,18686,31315,7567,273546,273547,273543,273544,0,0,0,0
1790616804.693842,-5,0,-9,-11,4432,18521,31161,7387,273576,273577,273573,273574,0,0,0,0
1790616804.7355058,-4,-8,-6,-16,4262,18456,30997,7105,273606,273607,273603,273604,0,0,0,0
1790616804.7939079,1,1,2,-1,3959,18481,30697,6565,273666,273667,273663,273664,0,0,0,0
1790616804.8538702,-7,-1,0,-3,3917,18515,30744,6527,273696,273697,273693,273694,0,0,0,0
1790616804.893978,-4,-1,-4,-6,3910,18524,30756,6517,273726,273727,273723,273724,0,0,0,0
1790616804.953807,-1,-2,-3,2,3913,18523,30753,6521,273756,273757,273753,273754,0,0,0,0
1790616805.014996,-2,-3,-4,-3,3927,18515,30745,6533,273786,273787,273783,273784,0,0,0,0
1790616805.054038,-4,-1,-1,1,3943,18506,30733,6546,273816,273817,273813,273814,0,0,0,0
1790616805.114002,0,0,1,-6,3957,18496,30720,6561,273846,273847,273843,273844,0,0,0,0
1790616805.159863,-4,4,2,-1,3977,18494,30714,6578,273876,273877,273873,273874,0,0,0,0
1790616805.2192261,5,-5,-2,2,3985,18479,30695,6587,273906,273907,273903,273904,0,0,0,0
1790616805.261098,4,-2,-1,0,4001,18470,30684,6601,273936,273937,273933,273934,0,0,0,0
1790616805.313935,-1,4,1,-2,4010,18463,30676,6610,273966,273967,273963,273964,0,0,0,0
1790616805.354622,1,-1,-3,0,4017,18457,30669,6617,273996,273997,273993,273994,0,0,0,0
1790616805.4140868,-1,-1,4,0,4023,18456,30666,6621,274026,274027,274023,274024,0,0,0,0
1790616805.474167,3,2,-3,2,4026,18456,30665,6623,274056,274057,274053,274054,0,0,0,0
1790616805.533893,-3,2,3,4,4028,18457,30666,6625,274086,274087,274083,274084,0,0,0,0
1790616805.574351,-2,-4,6,12,4026,18458,30668,6624,274116,274117,274113,274114,0,0,0,0
1790616805.633874,-3,4,0,-6,4007,18467,30672,6604,274146,274147,274143,274144,0,0,0,0
1790616805.6748512,1,8,3,0,3993,18500,30715,6588,274176,274177,274173,274174,0,0,0,0
1790616805.7350998,-2,0,7,1,3993,18486,30700,6588,274206,274207,274203,274204,0,0,0,0
1790616805.781037,9,-7,-7,11,4118,18324,30625,6680,274236,274237,274233,274234,0,0,0,0
1790616805.8380969,50,-47,-31,31,4848,17363,30147,7198,274266,274267,274263,274264,0,0,0,0
1790616805.897589,61,-69,-49,62,6646,15283,28905,8530,274296,274297,274293,274294,0,0,0,0
1790616805.937883,75,-64,-55,63,8435,13550,26623,10253,274326,274327,274323,274324,0,0,0,0
1790616805.998455,76,-73,-95,84,12568,9464,22391,14572,274386,274387,274383,274384,0,0,0,0
1790616806.0377789,76,-73,-95,84,12568,9464,22391,14572,274386,274387,274383,274384,0,0,0,0
1790616806.095945,53,-53,-53,53,16317,5817,18662,18402,274446,274447,274443,274444,0,0,0,0
1790616806.136389,53,-53,-53,53,16317,5817,18662,18402,274446,274447,274443,274444,0,0,0,0
1790616806.195879,58,-38,-45,48,17757,4504,17189,19764,274476,274477,274473,274474,0,0,0,0
1790616806.237718,37,-41,-44,40,19044,3168,15980,21043,274506,274507,274503,274504,0,0,0,0
1790616806.297108,44,-53,-56,43,21485,661,13464,23504,274566,274567,274563,274564,0,0,0,0
1790616806.356652,65,-58,-66,72,22972,31937,12006,24942,274596,274597,274593,274594,0,0,0,0
1790616806.3962681,55,-60,-53,57,24556,30385,10412,26687,274626,274627,274623,274624,0,0,0,0
1790616806.4578922,77,-68,-64,78,26309,28643,8631,28445,274656,274657,274653,274654,0,0,0,0
1790616806.516145,60,-58,-72,62,28147,26827,6763,30300,274686,274687,274683,274684,0,0,0,0
1790616806.5560708,59,-81,-65,74,29904,25161,5044,32095,274716,274717,274713,274714,0,0,0,0
1790616806.616016,55,-52,-47,57,31568,23438,3350,1026,274746,274747,274743,274744,0,0,0,0
1790616806.656215,57,-47,-55,58,286,21936,1878,2577,274776,274777,274773,274774,0,0,0,0
1790616806.719157,55,-63,-53,57,1817,20542,421,4119,274806,274807,274803,274804,0,0,0,0
1790616806.7808452,59,-58,-50,50,3215,19113,31674,5508,274836,274837,274833,274834,0,0,0,0
1790616806.8176599,44,-60,-53,45,4658,17616,30265,6967,274866,274867,274863,274864,0,0,0,0
1790616806.880448,61,-51,-54,69,6189,16111,28763,8481,274896,274897,274893,274894,0,0,0,0
1790616806.9361541,59,-64,-60,48,7817,14530,27134,10139,274926,274927,274923,274924,0,0,0,0
1790616806.981298,53,-50,-65,58,9450,12836,25489,11826,274956,274957,274953,274954,0,0,0,0
1790616807.035912,67,-62,-67,70,11194,11224,23782,13522,274986,274987,274983,274984,0,0,0,0
1790616807.081627,63,-29,-52,52,12759,9556,22074,15192,275016,275017,275013,275014,0,0,0,0
1790616807.135892,58,-52,-62,56,14389,7988,20609,16775,275046,275047,275043,275044,0,0,0,0
1790616807.197761,58,-57,-51,54,15942,6596,19051,18358,275076,275077,275073,275074,0,0,0,0
1790616807.236317,51,-48,-52,53,17375,5056,17566,19766,275106,275107,275103,275104,0,0,0,0
1790616807.295866,54,-61,-45,52,18914,3545,16148,21319,275136,275137,275133,275134,0,0,0,0
1790616807.336166,60,-46,-55,56,20335,2202,14656,22818,275166,275167,275163,275164,0,0,0,0
1790616807.3979478,46,-43,-54,44,23059,32291,11908,25585,275226,275227,275223,275224,0,0,0,0
1790616807.455883,34,-26,-43,31,24097,31223,10866,26676,275256,275257,275253,275254,0,0,0,0
1790616807.497854,29,-24,-27,30,24937,30426,10052,27524,275286,275287,275283,275284,0,0,0,0
1790616807.557674,16,-20,-14,17,25543,29766,9330,28125,275316,275317,275313,275314,0,0,0,0
1790616807.595988,18,-14,-14,17,26030,29201,8821,28679,275346,275347,275343,275344,0,0,0,0
1790616807.657792,18,-20,-19,14,26558,28759,8342,29140,275376,275377,275373,275374,0,0,0,0
1790616807.71776,18,-14,-13,21,27023,28227,7922,29613,275406,275407,275403,275404,0,0,0,0
1790616807.776788,19,-21,-27,12,27562,27766,7421,30170,275436,275437,275433,275434,0,0,0,0
1790616807.8170738,19,-22,-25,22,28084,27155,6794,30673,275466,275467,275463,275464,0,0,0,0
1790616807.8796868,33,-22,-23,14,28716,26638,6171,31266,275496,275497,275493,275494,0,0,0,0
1790616807.916049,19,-22,-14,25,29283,26055,5615,31850,275526,275527,275523,275524,0,0,0,0
1790616807.979867,15,-20,-14,13,29769,25568,5140,32445,275556,275557,275553,275554,0,0,0,0
1790616808.036486,16,-17,-12,12,30146,25147,4704,27,275586,275587,275583,275584,0,0,0,0
1790616808.0816152,11,-10,-15,9,30418,24785,4374,342,275616,275617,275613,275614,0,0,0,0
1790616808.1358862,10,-6,-14,9,30707,24479,4059,654,275646,275647,275643,275644,0,0,0,0
1790616808.19602,13,-16,-11,14,31089,24183,3713,984,275676,275677,275673,275674,0,0,0,0
1790616808.2418492,7,-15,-19,17,31490,23813,3366,1351,275706,275707,275703,275704,0,0,0,0
1790616808.2984672,21,-25,-21,15,32411,22895,2490,2291,275766,275767,275763,275764,0,0,0,0
1790616808.357568,18,-18,-16,18,85,22357,2013,2795,275796,275797,275793,275794,0,0,0,0
1790616808.398307,14,-16,-16,17,627,21904,1496,3270,275826,275827,275823,275824,0,0,0,0
1790616808.455895,12,-15,-10,16,1055,21555,1051,3691,275856,275857,275853,275854,0,0,0,0
1790616808.515924,10,-7,-9,10,1403,21194,691,4111,275886,275887,275883,275884,0,0,0,0
1790616808.556067,9,-6,-6,6,1654,20968,448,4354,275916,275917,275913,275914,0,0,0,0
1790616808.6165278,6,-1,-10,9,1799,20874,332,4459,275946,275947,275943,275944,0,0,0,0
1790616808.656201,-3,1,-1,1,1850,20836,286,4496,275976,275977,275973,275974,0,0,0,0
1790616808.715946,-2,10,0,-2,1845,20843,288,4491,276006,276007,276003,276004,0,0,0,0
1790616808.7760189,-2,3,1,2,1805,20876,323,4459,276036,276037,276033,276034,0,0,0,0
1790616808.8361092,2,-2,-3,-7,1754,20918,370,4418,276066,276067,276063,276064,0,0,0,0
1790616808.880296,0,-5,-2,-2,1704,20961,418,4379,276096,276097,276093,276094,0,0,0,0
1790616808.941194,0,-7,2,0,1661,20996,458,4345,276126,276127,276123,276124,0,0,0,0
1790616808.995785,1,2,-4,-2,1631,21021,487,4318,276156,276157,276153,276154,0,0,0,0
1790616809.036215,-5,-1,1,-5,1612,21033,503,4303,276186,276187,276183,276184,0,0,0,0
1790616809.0958772,3,4,2,1,1610,21034,506,4300,276246,276247,276243,276244,0,0,0,0
1790616809.13621,-1,-4,-3,1,1617,21027,499,4306,276276,276277,276273,276274,0,0,0,0
1790616809.196029,-3,1,2,-5,1623,21024,496,4310,276306,276307,276303,276304,0,0,0,0
1790616809.257966,-2,1,-5,-4,1626,21024,494,4312,276336,276337,276333,276334,0,0,0,0
1790616809.298027,4,0,0,0,1625,21024,494,4310,276366,276367,276363,276364,0,0,0,0
1790616809.358762,-2,4,2,-4,1622,21025,496,4309,276396,276397,276393,276394,0,0,0,0
1790616809.416002,4,-9,-2,2,1621,21027,498,4308,276426,276427,276423,276424,0,0,0,0
1790616809.456208,-2,3,-1,1,1618,21028,499,4306,276456,276457,276453,276454,0,0,0,0
1790616809.515857,4,-2,-1,2,1620,21027,499,4306,276486,276487,276483,276484,0,0,0,0
1790616809.578453,1,-4,-3,2,1623,21025,497,4309,276516,276517,276513,276514,0,0,0,0
1790616809.618081,4,1,0,0,1625,21024,495,4310,276546,276547,276543,276544,0,0,0,0
1790616809.679659,-1,2,4,-1,1626,21024,495,4311,276576,276577,276573,276574,0,0,0,0
1790616809.716157,-4,1,0,-5,1628,21024,494,4312,276606,276607,276603,276604,0,0,0,0
1790616809.776284,-1,0,0,3,1628,21024,496,4312,276636,276637,276633,276634,0,0,0,0
1790616809.836141,-2,-5,-6,-3,1629,21025,498,4312,276666,276667,276663,276664,0,0,0,0
1790616809.8764129,-5,6,-1,0,1628,21031,503,4311,276696,276697,276693,276694,0,0,0,0
1790616809.9576802,-4,-3,-3,-3,1621,21041,513,4305,276756,276757,276753,276754,0,0,0,0
1790616810.015878,0,-2,3,1,1626,21066,530,4305,276786,276787,276783,276784,0,0,0,0
1790616810.057924,3,0,3,-1,1633,21066,525,4308,276816,276817,276813,276814,0,0,0,0
1790616810.117719,0,4,-3,2,1636,21070,528,4308,276846,276847,276843,276844,0,0,0,0
1790616810.1561768,5,-1,1,8,1639,21069,528,4308,276876,276877,276873,276874,0,0,0,0
1790616810.2159061,-2,4,-3,-2,1645,21065,527,4308,276906,276907,276903,276904,0,0,0,0
1790616810.277478,14,-15,-5,0,1794,20914,462,4393,276936,276937,276933,276934,0,0,0,0
1790616810.3168519,66,-62,-27,25,2674,19845,10,4827,276966,276967,276963,276964,0,0,0,0
1790616810.3772302,53,-75,-60,82,4526,17852,31439,6224,276996,276997,276993,276994,0,0,0,0
1790616810.417929,86,-59,-85,72,6327,16244,29530,8097,277026,277027,277023,277024,0,0,0,0
1790616810.479711,76,-85,-86,66,8285,14269,27540,10204,277056,277057,277053,277054,0,0,0,0
1790616810.516356,67,-81,-79,75,10393,12102,25423,12343,277086,277087,277083,277084,0,0,0,0
1790616810.5790741,69,-74,-69,71,12376,10153,23351,14453,277116,277117,277113,277114,0,0,0,0
1790616810.616287,56,-69,-56,42,14170,8458,21450,16208,277146,277147,277143,277144,0,0,0,0
1790616810.67603,61,-42,-50,49,15642,7020,19887,17673,277176,277177,277173,277174,0,0,0,0
1790616810.739599,48,-42,-41,41,16924,5719,18657,18926,277206,277207,277203,277204,0,0,0,0
1790616810.77761,49,-31,-46,55,18145,4539,17430,20093,277236,277237,277233,277234,0,0,0,0
1790616810.840222,50,-45,-50,50,19416,3117,16129,21409,277266,277267,277263,277264,0,0,0,0
1790616810.895953,54,-66,-48,58,20869,1781,14683,22906,277296,277297,277293,277294,0,0,0,0
1790616810.9389162,88,-54,-78,45,22627,238,12864,24394,277326,277327,277323,277324,0,0,0,0
1790616810.9976761,103,-26,-83,36,27365,30924,7780,26948,277386,277387,277383,277384,0,0,0,0
1790616811.041046,103,-26,-83,36,27365,30924,7780,26948,277386,277387,277383,277384,0,0,0,0
1790616811.097687,77,-25,-91,20,32517,29557,2396,28359,277446,277447,277443,277444,0,0,0,0
1790616811.142393,65,-21,-90,18,2225,29018,32640,28893,277476,277477,277473,277474,0,0,0,0
1790616811.1977751,65,-27,-77,21,4593,28498,30314,29401,277506,277507,277503,277504,0,0,0,0
1790616811.257966,73,-28,-74,27,6708,27740,28108,30187,277536,277537,277533,277534,0,0,0,0
1790616811.2983081,80,-39,-62,42,8617,26655,26292,31177,277566,277567,277563,277564,0,0,0,0
1790616811.35775,54,-62,-57,50,10282,25301,24512,32535,277596,277597,277593,277594,0,0,0,0
1790616811.398151,59,-50,-72,55,11913,23754,22922,1237,277626,277627,277623,277624,0,0,0,0
1790616811.4579961,58,-55,-66,58,13753,22136,21092,2881,277656,277657,277653,277654,0,0,0,0
1790616811.4981189,73,-60,-66,50,15433,20666,19276,4472,277686,277687,277683,277684,0,0,0,0
1790616811.5581162,64,-55,-61,49,17351,19155,17431,5841,277716,277717,277713,277714,0,0,0,0
1790616811.617789,72,-49,-71,52,19317,17783,15596,7226,277746,277747,277743,277744,0,0,0,0
1790616811.658452,55,-51,-59,56,21125,16526,13798,8510,277776,277777,277773,277774,0,0,0,0
1790616811.717794,73,-43,-70,52,22856,15241,11960,9805,277806,277807,277803,277804,0,0,0,0
1790616811.765883,54,-42,-49,59,24446,13917,10392,11127,277836,277837,277833,277834,0,0,0,0
1790616811.8179982,61,-43,-55,44,25914,12516,8869,12549,277866,277867,277863,277864,0,0,0,0
1790616811.8777852,45,-50,-50,40,27377,11268,7587,13874,277896,277897,277893,277894,0,0,0,0
1790616811.91798,37,-41,-44,31,28505,10158,6209,15047,277926,277927,277923,277924,0,0,0,0
1790616811.97806,33,-33,-34,33,29539,9155,5268,16045,277956,277957,277953,277954,0,0,0,0
1790616812.040172,23,-34,-27,27,30295,8338,4431,16847,277986,277987,277983,277984,0,0,0,0
1790616812.079482,24,-21,-17,21,30923,7759,3760,17465,278016,278017,278013,278014,0,0,0,0
1790616812.1620128,8,-12,-15,15,31419,7263,3298,17958,278046,278047,278043,278044,0,0,0,0
1790616812.218017,22,-17,-13,17,32278,6403,2489,18798,278106,278107,278103,278104,0,0,0,0
1790616812.278031,19,-18,-20,20,32762,5828,1998,19347,278136,278137,278133,278134,0,0,0,0
1790616812.318325,19,-27,-25,27,637,5241,1406,19938,278166,278167,278163,278164,0,0,0,0
1790616812.377692,18,-24,-15,24,1146,4559,810,20737,278196,278197,278193,278194,0,0,0,0
1790616812.43939,7,-28,-16,25,1636,3873,358,21344,278226,278227,278223,278224,0,0,0,0
1790616812.477719,9,-20,-10,17,1972,3299,46,21951,278256,278257,278253,278254,0,0,0,0
1790616812.5414348,8,-20,-11,14,2168,2883,32612,22384,278286,278287,278283,278284,0,0,0,0
1790616812.577939,6,-14,-5,18,2316,2512,32365,22740,278316,278317,278313,278314,0,0,0,0
1790616812.640411,8,-13,-12,6,2531,2182,32069,23068,278346,278347,278343,278344,0,0,0,0
1790616812.67792,12,-19,-17,19,2872,1759,31724,23430,278376,278377,278373,278374,0,0,0,0
1790616812.7389262,13,-20,-14,21,3290,1115,31394,23967,278406,278407,278403,278404,0,0,0,0
1790616812.7981162,9,-12,-16,25,3996,32668,30681,25215,278466,278467,278463,278464,0,0,0,0
1790616812.858027,9,-29,-11,19,4284,32088,30410,25833,278496,278497,278493,278494,0,0,0,0
1790616812.897963,11,-19,-10,19,4567,31485,30176,26470,278526,278527,278523,278524,0,0,0,0
1790616812.9400089,13,-17,-19,17,4862,31024,29856,26928,278556,278557,278553,278554,0,0,0,0
1790616812.997828,11,-11,-15,13,5239,30611,29412,27363,278586,278587,278583,278584,0,0,0,0
1790616813.05809,11,-3,-11,15,5563,30362,29106,27659,278616,278617,278613,278614,0,0,0,0
1790616813.09837,3,-10,2,5,5729,30203,28925,27825,278646,278647,278643,278644,0,0,0,0
1790616813.157813,2,1,-3,3,5806,30129,28830,27892,278676,278677,278673,278674,0,0,0,0
1790616813.200913,-4,0,4,-5,5806,30131,28817,27894,278706,278707,278703,278704,0,0,0,0
1790616813.239588,-4,0,4,-5,5806,30131,28817,27894,278706,278707,278703,278704,0,0,0,0
1790616813.2985501,-2,-2,1,-2,5698,30253,28928,27790,278766,278767,278763,278764,0,0,0,0
1790616813.3578088,0,5,1,-2,5641,30314,28989,27731,278796,278797,278793,278794,0,0,0,0
1790616813.3988428,-4,1,2,-3,5597,30356,29034,27686,278826,278827,278823,278824,0,0,0,0
1790616813.457849,0,2,-13,1,5568,30383,29062,27656,278856,278857,278853,278854,0,0,0,0
1790616813.5178041,-3,1,1,0,5552,30395,29078,27640,278886,278887,278883,278884,0,0,0,0
1790616813.5579689,-2,8,-3,6,5546,30400,29084,27633,278916,278917,278913,278914,0,0,0,0
1790616813.6180239,2,-1,-5,-2,5547,30398,29083,27634,278946,278947,278943,278944,0,0,0,0
1790616813.658041,0,5,6,2,5552,30395,29080,27639,278976,278977,278973,278974,0,0,0,0
1790616813.717911,1,3,0,1,5555,30391,29075,27643,279006,279007,279003,279004,0,0,0,0
1790616813.779818,4,4,-3,-1,5558,30389,29072,27645,279036,279037,279033,279034,0,0,0,0
1790616813.818898,3,-2,-3,3,5558,30388,29071,27646,279066,279067,279063,279064,0,0,0,0
1790616813.877866,0,-3,-3,-6,5560,30387,29071,27646,279096,279097,279093,279094,0,0,0,0
1790616813.939637,-2,3,3,-4,5559,30387,29071,27647,279126,279127,279123,279124,0,0,0,0
1790616813.9785411,3,-1,-2,-2,5559,30389,29072,27646,279156,279157,279153,279154,0,0,0,0
1790616814.0384939,-18,0,2,-2,5560,30390,29073,27646,279186,279187,279183,279184,0,0,0,0
1790616814.078526,0,0,0,-2,5560,30390,29073,27647,279216,279217,279213,279214,0,0,0,0
1790616814.1381629,1,0,1,-2,5561,30390,29073,27647,279246,279247,279243,279244,0,0,0,0
1790616814.200093,12,3,-1,4,5561,30391,29073,27648,279276,279277,279273,279274,0,0,0,0
1790616814.23887,0,-2,2,-2,5561,30390,29073,27647,279306,279307,279303,279304,0,0,0,0
1790616814.299816,3,-3,-2,2,5563,30393,29074,27649,279366,279367,279363,279364,0,0,0,0
1790616814.358036,1,1,1,-1,5563,30394,29076,27649,279396,279397,279393,279394,0,0,0,0
1790616814.401664,-1,-3,-3,-1,5566,30396,29076,27651,279426,279427,279423,279424,0,0,0,0
1790616814.4578612,-3,1,-5,-4,5569,30397,29074,27653,279456,279457,279453,279454,0,0,0,0
1790616814.5179021,2,0,2,0,5569,30397,29074,27654,279486,279487,279483,279484,0,0,0,0
1790616814.558,4,3,-7,2,5572,30396,29072,27655,279516,279517,279513,279514,0,0,0,0
1790616814.617731,-6,1,-5,1,5575,30395,29071,27659,279546,279547,279543,279544,0,0,0,0
1790616814.65801,9,-5,-2,4,5642,30314,29042,27715,279576,279577,279573,279574,0,0,0,0
1790616814.717708,48,-54,-22,16,6208,29676,28757,28034,279606,279607,279603,279604,0,0,0,0
1790616814.7778702,68,-60,-45,74,8144,27981,27837,29290,279636,279637,279633,279634,0,0,0,0
1790616814.818169,73,-65,-55,65,9824,26161,26330,31486,279666,279667,279663,279664,0,0,0,0
1790616814.877793,67,-60,-64,83,11832,24154,24246,794,279696,279697,279693,279694,0,0,0,0
1790616814.939549,62,-69,-76,84,13983,22085,22106,2972,279726,279727,279723,279724,0,0,0,0
1790616814.97876,75,-82,-70,84,15950,20028,19989,5178,279756,279757,279753,279754,0,0,0,0
1790616815.03955,60,-69,-59,65,17654,18228,18291,7127,279786,279787,279783,279784,0,0,0,0
1790616815.07794,45,-53,-56,62,19192,16522,16761,8827,279816,279817,279813,279814,0,0,0,0
1790616815.1377559,52,-42,-44,39,20322,15111,15478,10181,279846,279847,279843,279844,0,0,0,0
1790616815.177891,39,-50,-40,48,21443,13810,14301,11472,279876,279877,279873,279874,0,0,0,0
1790616815.2388911,31,-65,-38,88,22392,12193,13310,13027,279906,279907,279903,279904,0,0,0,0
1790616815.3012722,21,-87,-22,84,23767,7637,11722,18477,279966,279967,279963,279964,0,0,0,0
1790616815.338828,20,-105,-21,80,24404,5123,11141,20975,279996,279997,279993,279994,0,0,0,0
1790616815.400625,24,-87,-22,102,25046,2519,10540,23526,280026,280027,280023,280024,0,0,0,0
1790616815.438727,28,-67,-34,91,25681,32704,9911,26240,280056,280057,280053,280054,0,0,0,0
1790616815.501236,49,-68,-48,87,26901,30501,8964,28674,280086,280087,280083,280084,0,0,0,0
1790616815.54031,50,-61,-59,59,28247,28463,7668,30616,280116,280117,280113,280114,0,0,0,0
1790616815.601556,69,-48,-60,61,29938,26927,5830,32213,280146,280147,280143,280144,0,0,0,0
1790616815.6579359,59,-43,-71,44,31665,25649,4099,727,280176,280177,280173,280174,0,0,0,0
1790616815.7005608,72,-26,-59,45,550,24310,2490,2043,280206,280207,280203,280204,0,0,0,0
1790616815.758382,45,-53,-49,47,2173,22980,940,3329,280236,280237,280233,280234,0,0,0,0
1790616815.818156,52,-63,-63,51,3647,21475,32174,4812,280266,280267,280263,280264,0,0,0,0
1790616815.8777149,57,-54,-52,68,5126,19730,30704,6464,280296,280297,280293,280294,0,0,0,0
1790616815.917758,57,-69,-53,55,6698,18148,29138,8095,280326,280327,280323,280324,0,0,0,0
1790616815.978134,55,-59,-63,59,8207,16420,27656,9854,280356,280357,280353,280354,0,0,0,0
1790616816.0179431,47,-78,-51,68,9646,14608,26132,11623,280386,280387,280383,280384,0,0,0,0
1790616816.0780401,36,-71,-48,80,10749,12464,24890,13699,280416,280417,280413,280414,0,0,0,0
1790616816.117915,4,-93,-21,85,11537,10079,24005,16031,280446,280447,280443,280444,0,0,0,0
1790616816.177786,15,-98,-18,88,11950,7518,23465,18567,280476,280477,280473,280474,0,0,0,0
1790616816.237891,15,-96,-20,99,12481,4914,23045,21239,280506,280507,280503,280504,0,0,0,0
1790616816.298791,22,-76,-16,90,12967,2451,22460,23877,280536,280537,280533,280534,0,0,0,0
1790616816.3379588,21,-78,-25,81,13594,203,21945,26182,280566,280567,280563,280564,0,0,0,0
1790616816.4083562,12,-55,-14,56,14116,31065,21421,28016,280596,280597,280593,280594,0,0,0,0
1790616816.438424,15,-25,-22,32,15166,28775,20384,30487,280656,280657,280653,280654,0,0,0,0
1790616816.5001202,13,-11,-13,9,15737,28309,19830,30986,280686,280687,280683,280684,0,0,0,0
1790616816.538033,13,-5,-13,0,16178,28146,19432,31154,280716,280717,280713,280714,0,0,0,0
1790616816.600669,24,-5,-15,-2,16584,28138,19054,31164,280746,280747,280743,280744,0,0,0,0
1790616816.6622488,24,0,-29,2,17289,28057,18498,31220,280776,280777,280773,280774,0,0,0,0
1790616816.71786,51,-11,-45,8,18293,27912,17564,31361,280806,280807,280803,280804,0,0,0,0
1790616816.777961,44,-19,-45,12,19454,27663,16421,31607,280836,280837,280833,280834,0,0,0,0
1790616816.8179252,39,-18,-41,16,20558,27193,15191,32002,280866,280867,280863,280864,0,0,0,0
1790616816.877867,27,-15,-29,18,21393,26732,14224,32440,280896,280897,280893,280894,0,0,0,0
1790616816.9186912,19,-18,-15,11,21904,26354,13715,107,280926,280927,280923,280924,0,0,0,0
1790616816.9779358,10,-12,-10,14,22166,26055,13488,481,280956,280957,280953,280954,0,0,0,0
1790616817.037715,5,-3,-6,4,22317,25849,13311,694,280986,280987,280983,280984,0,0,0,0
1790616817.0778098,3,-11,-8,2,22459,25672,13162,843,281016,281017,281013,281014,0,0,0,0
1790616817.118523,13,-15,-14,9,22677,25372,12920,1042,281046,281047,281043,281044,0,0,0,0
1790616817.17797,18,-23,-18,18,23073,24880,12564,1420,281076,281077,281073,281074,0,0,0,0
1790616817.218407,18,-16,-28,20,23565,24330,12005,2021,281106,281107,281103,281104,0,0,0,0
1790616817.277725,17,-24,-19,23,24204,23749,11392,2642,281136,281137,281133,281134,0,0,0,0
1790616817.338284,19,-23,-18,19,24781,23166,10813,3280,281166,281167,281163,281164,0,0,0,0
1790616817.3977332,12,-12,-10,13,25192,22723,10373,3708,281196,281197,281193,281194,0,0,0,0
1790616817.4379141,2,-9,-3,5,25416,22550,10177,3941,281226,281227,281223,281224,0,0,0,0
1790616817.4980638,5,3,1,4,25475,22480,10115,4016,281256,281257,281253,281254,0,0,0,0
1790616817.5378811,2,1,4,-2,25471,22475,10108,4016,281286,281287,281283,281284,0,0,0,0
1790616817.5980852,-2,3,5,-1,25434,22513,10143,3971,281316,281317,281313,281314,0,0,0,0
1790616817.638505,-6,-1,4,-5,25376,22589,10202,3896,281346,281347,281343,281344,0,0,0,0
1790616817.697796,-4,0,-1,-4,25293,22679,10274,3803,281376,281377,281373,281374,0,0,0,0
1790616817.7380831,-4,4,-1,-4,25060,22915,10458,3565,281436,281437,281433,281434,0,0,0,0
1790616817.798561,-7,3,0,-6,24920,23037,10559,3445,281466,281467,281463,281464,0,0,0,0
1790616817.8579001,-4,10,6,-3,24793,23139,10657,3340,281496,281497,281493,281494,0,0,0,0
1790616817.918427,-3,1,7,-3,24699,23219,10747,3259,281526,281527,281523,281524,0,0,0,0
1790616817.960429,0,4,0,-1,24630,23281,10824,3198,281556,281557,281553,281554,0,0,0,0
1790616818.018205,-8,4,2,-2,24581,23330,10887,3155,281586,281587,281583,281584,0,0,0,0
1790616818.061482,-1,0,0,-2,24542,23367,10932,3119,281616,281617,281613,281614,0,0,0,0
1790616818.11796,-2,6,1,-2,24509,23397,10969,3088,281646,281647,281643,281644,0,0,0,0
1790616818.177939,-11,4,5,2,24482,23422,11003,3062,281676,281677,281673,281674,0,0,0,0
1790616818.218975,-1,0,2,-1,24457,23449,11035,3037,281706,281707,281703,281704,0,0,0,0
1790616818.298605,3,-3,-1,-5,24430,23475,11066,3007,281736,281737,281733,281734,0,0,0,0
1790616818.337861,0,3,1,2,24402,23506,11100,2978,281766,281767,281763,281764,0,0,0,0
1790616818.398002,-1,-1,-2,-2,24345,23565,11166,2919,281826,281827,281823,281824,0,0,0,0
1790616818.442722,3,3,2,-5,24322,23590,11192,2894,281856,281857,281853,281854,0,0,0,0
1790616818.497945,2,3,4,-9,24301,23620,11214,2872,281886,281887,281883,281884,0,0,0,0
1790616818.5593212,0,1,-3,-1,24288,23637,11231,2855,281916,281917,281913,281914,0,0,0,0
1790616818.598166,-1,1,3,-3,24280,23648,11242,2845,281946,281947,281943,281944,0,0,0,0
1790616818.659893,2,-2,2,-3,24274,23652,11246,2841,281976,281977,281973,281974,0,0,0,0
1790616818.70161,0,-3,3,-4,24273,23653,11248,2840,282006,282007,282003,282004,0,0,0,0
1790616818.759943,1,-5,1,1,24277,23653,11248,2843,282036,282037,282033,282034,0,0,0,0
1790616818.817659,-7,-1,3,0,24281,23653,11247,2848,282066,282067,282063,282064,0,0,0,0
1790616818.8598661,0,-2,7,0,24284,23651,11247,2850,282096,282097,282093,282094,0,0,0,0
1790616818.9377122,0,0,-4,1,24285,23650,11246,2852,282126,282127,282123,282124,0,0,0,0
1790616818.9985018,2,0,-2,2,24287,23654,11246,2853,282156,282157,282153,282154,0,0,0,0
1790616819.038056,-6,-4,-1,2,24285,23658,11251,2852,282186,282187,282183,282184,0,0,0,0
1790616819.0986161,7,2,0,4,24298,23659,11268,2859,282216,282217,282213,282214,0,0,0,0
1790616819.138824,-2,2,2,-1,24296,23687,11281,2861,282276,282277,282273,282274,0,0,0,0
1790616819.1980941,5,1,-1,-1,24285,23695,11291,2850,282306,282307,282303,282304,0,0,0,0
1790616819.259167,4,2,-2,0,24278,23703,11303,2844,282336,282337,282333,282334,0,0,0,0
1790616819.318134,-2,2,4,-3,24278,23708,11303,2842,282366,282367,282363,282364,0,0,0,0
1790616819.359665,3,5,-3,6,24276,23709,11305,2841,282396,282397,282393,282394,0,0,0,0
1790616819.4177809,-5,-2,1,-1,24277,23709,11305,2842,282426,282427,282423,282424,0,0,0,0
1790616819.4626272,-3,4,5,-1,24280,23705,11301,2845,282456,282457,282453,282454,0,0,0,0
1790616819.518164,-4,2,3,-2,24283,23699,11297,2848,282486,282487,282483,282484,0,0,0,0
1790616819.5777018,2,-5,1,-4,24285,23699,11302,2853,282516,282517,282513,282514,0,0,0,0
1790616819.61855,1,4,2,4,24285,23702,11302,2853,282546,282547,282543,282544,0,0,0,0
1790616819.677851,0,1,-7,-4,24285,23703,11306,2855,282576,282577,282573,282574,0,0,0,0
1790616819.718102,1,1,-2,-1,24285,23704,11308,2857,282606,282607,282603,282604,0,0,0,0
1790616819.777708,-1,-1,1,-1,24284,23707,11313,2858,282636,282637,282633,282634,0,0,0,0
1790616819.817836,-2,-1,-2,-4,24285,23709,11316,2858,282666,282667,282663,282664,0,0,0,0
1790616819.877763,-3,-3,-1,-1,24287,23711,11319,2861,282696,282697,282693,282694,0,0,0,0
1790616819.917994,-1,-7,-1,-5,24286,23714,11322,2861,282726,282727,282723,282724,0,0,0,0
1790616819.9778602,2,-1,6,-4,24286,23719,11328,2862,282756,282757,282753,282754,0,0,0,0
1790616820.038166,1,-3,-14,-3,24286,23722,11331,2863,282786,282787,282783,282784,0,0,0,0
1790616820.0780008,-1,-5,3,1,24287,23721,11332,2865,282816,282817,282813,282814,0,0,0,0
1790616820.137982,1,-6,-7,-4,24289,23721,11333,2867,282846,282847,282843,282844,0,0,0,0
1790616820.178665,4,-2,-4,-3,24291,23724,11336,2872,282876,282877,282873,282874,0,0,0,0
1790616820.237865,0,1,-1,6,24291,23730,11341,2874,282906,282907,282903,282904,0,0,0,0
1790616820.2977128,-4,3,-5,-1,24292,23732,11347,2877,282936,282937,282933,282934,0,0,0,0
1790616820.33804,1,5,11,0,24296,23734,11352,2884,282996,282997,282993,282994,0,0,0,0
1790616820.3976269,0,2,0,2,24296,23736,11354,2885,283026,283027,283023,283024,0,0,0,0
1790616820.439281,1,-3,12,-2,24297,23738,11357,2887,283056,283057,283053,283054,0,0,0,0
1790616820.4983099,0,-3,3,6,24298,23740,11359,2889,283086,283087,283083,283084,0,0,0,0
1790616820.557939,-1,-1,0,2,24299,23740,11363,2894,283116,283117,283113,283114,0,0,0,0
1790616820.599345,1,-3,-7,-2,24300,23739,11365,2897,283146,283147,283143,283144,0,0,0,0
1790616820.660715,2,-6,0,-1,24303,23740,11367,2901,283176,283177,283173,283174,0,0,0,0
1790616820.699147,-1,2,1,-1,24304,23742,11370,2902,283206,283207,283203,283204,0,0,0,0
1790616820.760736,-3,1,-5,3,24302,23744,11376,2905,283236,283237,283233,283234,0,0,0,0
1790616820.817918,0,3,2,-1,24303,23744,11378,2907,283266,283267,283263,283264,0,0,0,0
1790616820.859314,2,-6,1,2,24307,23745,11381,2910,283296,283297,283293,283294,0,0,0,0
1790616820.917803,1,-3,0,-2,24303,23746,11383,2910,283326,283327,283323,283324,0,0,0,0
1790616820.977979,-3,6,2,-4,24302,23747,11392,2913,283356,283357,283353,283354,0,0,0,0
1790616821.018295,0,-1,0,2,24302,23750,11396,2914,283386,283387,283383,283384,0,0,0,0
1790616821.078414,0,1,3,0,24303,23752,11401,2918,283416,283417,283413,283414,0,0,0,0
1790616821.117882,3,0,0,1,24302,23753,11407,2921,283446,283447,283443,283444,0,0,0,0
1790616821.178177,-3,-3,-3,-2,24303,23759,11415,2925,283476,283477,283473,283474,0,0,0,0
1790616821.2377942,3,1,-3,-2,24303,23761,11421,2929,283506,283507,283503,283504,0,0,0,0
1790616821.298252,-1,0,-1,-3,24305,23765,11427,2934,283536,283537,283533,283534,0,0,0,0
1790616821.338031,-11,3,2,5,24307,23766,11432,2942,283566,283567,283563,283564,0,0,0,0
1790616821.39792,0,-4,-2,-2,24310,23768,11435,2945,283596,283597,283593,283594,0,0,0,0
1790616821.4379861,-3,2,-5,0,24310,23770,11441,2950,283626,283627,283623,283624,0,0,0,0
1790616821.497814,-2,3,0,-4,24312,23774,11448,2953,283656,283657,283653,283654,0,0,0,0
1790616821.538028,-5,-2,-1,-1,24318,23772,11454,2964,283716,283717,283713,283714,0,0,0,0
1790616821.5979578,-6,-1,-1,3,24326,23769,11451,2974,283746,283747,283743,283744,0,0,0,0
1790616821.640152,-2,-4,-5,1,24331,23770,11454,2983,283776,283777,283773,283774,0,0,0,0
1790616821.697953,-2,2,-2,-2,24331,23772,11459,2985,283806,283807,283803,283804,0,0,0,0
1790616821.758975,2,-4,-5,1,24334,23773,11466,2992,283836,283837,283833,283834,0,0,0,0
1790616821.797794,-1,-3,3,0,24338,23773,11467,3001,283866,283867,283863,283864,0,0,0,0
1790616821.857685,3,-2,-3,-2,24344,23775,11472,3007,283896,283897,283893,283894,0,0,0,0
1790616821.898259,-2,-1,3,1,24347,23776,11474,3013,283926,283927,283923,283924,0,0,0,0
1790616821.958287,5,2,4,2,24347,23778,11479,3016,283956,283957,283953,283954,0,0,0,0
1790616822.0176342,-2,-7,-1,1,24346,23784,11487,3016,283986,283987,283983,283984,0,0,0,0
1790616822.077824,1,-4,0,3,24346,23789,11493,3018,284016,284017,284013,284014,0,0,0,0
1790616822.117727,-2,0,6,-4,24347,23791,11496,3021,284046,284047,284043,284044,0,0,0,0
1790616822.177631,-2,-3,-5,4,24349,23791,11498,3025,284076,284077,284073,284074,0,0,0,0
1790616822.21781,-2,5,2,2,24350,23792,11501,3028,284106,284107,284103,284104,0,0,0,0
1790616822.277926,-2,5,2,0,24351,23797,11505,3030,284136,284137,284133,284134,0,0,0,0
1790616822.318246,1,-1,4,3,24351,23801,11512,3031,284166,284167,284163,284164,0,0,0,0
1790616822.37761,-4,-4,6,0,24352,23803,11515,3034,284196,284197,284193,284194,0,0,0,0
1790616822.4376802,-2,0,0,3,24355,23804,11518,3039,284226,284227,284223,284224,0,0,0,0
1790616822.477835,1,-3,4,-1,24357,23805,11521,3043,284256,284257,284253,284254,0,0,0,0
1790616822.5378811,0,3,-3,1,24358,23808,11525,3044,284286,284287,284283,284284,0,0,0,0
1790616822.577869,0,-2,-1,5,24359,23814,11531,3050,284316,284317,284313,284314,0,0,0,0
1790616822.6379058,-2,2,1,2,24362,23817,11536,3052,284346,284347,284343,284344,0,0,0,0
1790616822.678056,0,0,0,-5,24367,23817,11539,3058,284376,284377,284373,284374,0,0,0,0
1790616822.737812,1,4,5,4,24370,23816,11541,3063,284406,284407,284403,284404,0,0,0,0
1790616822.7982311,2,-5,-1,3,24372,23819,11545,3066,284436,284437,284433,284434,0,0,0,0
1790616822.837829,-1,-4,4,-2,24376,23823,11552,3074,284496,284497,284493,284494,0,0,0,0
1790616822.897608,2,0,2,0,24381,23825,11555,3079,284526,284527,284523,284524,0,0,0,0
1790616822.937862,-1,2,-4,-2,24382,23827,11560,3084,284556,284557,284553,284554,0,0,0,0
1790616822.998046,2,-2,3,4,24384,23830,11565,3087,284586,284587,284583,284584,0,0,0,0
1790616823.059814,-1,3,-3,0,24388,23835,11571,3091,284616,284617,284613,284614,0,0,0,0
1790616823.098171,4,3,-2,3,24390,23838,11576,3093,284646,284647,284643,284644,0,0,0,0
1790616823.158869,3,-2,2,1,24392,23839,11579,3097,284676,284677,284673,284674,0,0,0,0
1790616823.220103,0,-4,1,-2,24395,23844,11585,3102,284706,284707,284703,284704,0,0,0,0
1790616823.277788,0,6,-2,-4,24394,23848,11589,3102,284736,284737,284733,284734,0,0,0,0
1790616823.320435,0,0,2,-3,24393,23854,11595,3101,284766,284767,284763,284764,0,0,0,0
1790616823.37805,-3,1,-2,-5,24394,23861,11602,3103,284796,284797,284793,284794,0,0,0,0
1790616823.437711,2,-4,-1,-3,24394,23871,11610,3103,284826,284827,284823,284824,0,0,0,0
1790616823.477896,3,0,0,-4,24397,23875,11615,3104,284856,284857,284853,284854,0,0,0,0
1790616823.537801,0,-1,1,1,24402,23880,11617,3108,284886,284887,284883,284884,0,0,0,0
1790616823.578069,0,1,-3,-1,24404,23882,11620,3110,284916,284917,284913,284914,0,0,0,0
1790616823.6377652,6,1,-1,-4,24404,23884,11622,3110,284946,284947,284943,284944,0,0,0,0
1790616823.697609,2,-3,-4,6,24406,23884,11623,3111,284976,284977,284973,284974,0,0,0,0
1790616823.73804,-3,-2,0,3,24409,23886,11623,3115,285006,285007,285003,285004,0,0,0,0
1790616823.7977622,-4,1,0,-1,24413,23899,11632,3117,285066,285067,285063,285064,0,0,0,0
1790616823.858675,-2,2,-2,-7,24412,23906,11638,3115,285096,285097,285093,285094,0,0,0,0
1790616823.897957,-1,-4,2,-2,24414,23916,11644,3115,285126,285127,285123,285124,0,0,0,0
1790616823.959934,-5,4,2,3,24415,23924,11651,3117,285156,285157,285153,285154,0,0,0,0
1790616823.9979048,0,4,-6,-5,24414,23933,11659,3114,285186,285187,285183,285184,0,0,0,0
1790616824.0602949,0,-4,0,2,24414,23941,11667,3114,285216,285217,285213,285214,0,0,0,0
1790616824.120113,1,-1,-8,4,24418,23945,11671,3117,285246,285247,285243,285244,0,0,0,0
1790616824.158069,-2,2,-5,-6,24417,23947,11672,3116,285276,285277,285273,285274,0,0,0,0
1790616824.221069,-1,3,-3,1,24418,23952,11675,3117,285306,285307,285303,285304,0,0,0,0
1790616824.2778728,-1,-1,-2,2,24418,23956,11677,3114,285336,285337,285333,285334,0,0,0,0
1790616824.337638,2,0,0,2,24423,23962,11682,3120,285366,285367,285363,285364,0,0,0,0
1790616824.3777869,-1,-5,0,1,24425,23973,11690,3122,285396,285397,285393,285394,0,0,0,0
1790616824.437629,-4,2,-3,2,24423,23983,11697,3119,285426,285427,285423,285424,0,0,0,0
1790616824.497795,1,1,6,-3,24422,23993,11706,3114,285456,285457,285453,285454,0,0,0,0
1790616824.5386019,-3,0,1,1,24422,23998,11712,3113,285486,285487,285483,285484,0,0,0,0
1790616824.5982919,1,-3,1,3,24429,24008,11717,3120,285546,285547,285543,285544,0,0,0,0
1790616824.63804,-5,-3,1,-3,24432,24013,11722,3121,285576,285577,285573,285574,0,0,0,0
1790616824.697765,1,0,3,0,24434,24020,11726,3121,285606,285607,285603,285604,0,0,0,0
1790616824.757775,0,-2,-1,1,24434,24030,11735,3121,285636,285637,285633,285634,0,0,0,0
1790616824.7979891,-3,-4,7,0,24433,24042,11742,3119,285666,285667,285663,285664,0,0,0,0
1790616824.8592799,0,-3,-9,-3,24431,24051,11752,3115,285696,285697,285693,285694,0,0,0,0
1790616824.8977978,-4,-2,-2,1,24430,24061,11759,3115,285726,285727,285723,285724,0,0,0,0
1790616824.9579258,2,-3,13,-4,24429,24067,11766,3114,285756,285757,285753,285754,0,0,0,0
1790616825.020593,-1,-1,-6,0,24431,24072,11771,3116,285786,285787,285783,285784,0,0,0,0
1790616825.057856,-1,0,-2,5,24435,24080,11779,3120,285816,285817,285813,285814,0,0,0,0
1790616825.122039,-2,4,0,-3,24435,24087,11787,3120,285846,285847,285843,285844,0,0,0,0
1790616825.157847,-1,1,0,-4,24434,24096,11796,3119,285876,285877,285873,285874,0,0,0,0
1790616825.220562,-1,0,1,2,24435,24104,11806,3120,285906,285907,285903,285904,0,0,0,0
1790616825.2781692,-5,2,0,6,24436,24114,11817,3121,285936,285937,285933,285934,0,0,0,0
1790616825.338227,3,2,0,0,24436,24126,11829,3121,285966,285967,285963,285964,0,0,0,0
1790616825.3778749,3,4,-6,2,24434,24135,11841,3120,285996,285997,285993,285994,0,0,0,0
1790616825.4377081,-2,3,1,-7,24432,24143,11852,3118,286026,286027,286023,286024,0,0,0,0
1790616825.478275,-2,-3,-1,-3,24429,24150,11859,3118,286056,286057,286053,286054,0,0,0,0
1790616825.537737,-16,1,-1,-3,24431,24156,11869,3119,286086,286087,286083,286084,0,0,0,0
1790616825.597591,1,1,-2,0,24434,24159,11872,3123,286116,286117,286113,286114,0,0,0,0
1790616825.6778271,1,3,-4,-4,24438,24168,11882,3126,286176,286177,286173,286174,0,0,0,0
1790616825.719903,4,1,1,-1,24437,24176,11893,3126,286206,286207,286203,286204,0,0,0,0
1790616825.778035,-3,1,-3,-6,24433,24185,11903,3122,286236,286237,286233,286234,0,0,0,0
1790616825.8376288,2,-2,3,-4,24432,24192,11914,3122,286266,286267,286263,286264,0,0,0,0
1790616825.897624,-1,-1,-5,0,24430,24197,11922,3122,286296,286297,286293,286294,0,0,0,0
1790616825.93771,-3,-4,-5,-3,24431,24202,11931,3124,286326,286327,286323,286324,0,0,0,0
1790616825.997761,0,1,-3,-2,24428,24216,11952,3126,286386,286387,286383,286384,0,0,0,0
1790616826.0379689,-1,2,-1,-1,24426,24221,11961,3124,286416,286417,286413,286414,0,0,0,0
1790616826.097781,3,0,-4,4,24425,24224,11966,3124,286446,286447,286443,286444,0,0,0,0
1790616826.157642,1,0,-1,1,24424,24228,11971,3125,286476,286477,286473,286474,0,0,0,0
1790616826.197969,4,3,-1,2,24424,24231,11979,3126,286506,286507,286503,286504,0,0,0,0
1790616826.2604501,1,-3,-4,0,24423,24236,11985,3127,286536,286537,286533,286534,0,0,0,0
1790616826.31999,-2,1,-5,2,24422,24240,11991,3128,286566,286567,286563,286564,0,0,0,0
1790616826.358855,1,-3,2,0,24420,24246,11999,3127,286596,286597,286593,286594,0,0,0,0
1790616826.41953,1,0,-1,2,24418,24253,12012,3127,286626,286627,286623,286624,0,0,0,0
1790616826.459818,1,5,1,-1,24417,24261,12024,3126,286656,286657,286653,286654,0,0,0,0
1790616826.5202088,-4,-3,-5,0,24417,24266,12029,3128,286686,286687,286683,286684,0,0,0,0
1790616826.5823429,0,-2,1,-5,24421,24272,12037,3131,286716,286717,286713,286714,0,0,0,0
1790616826.623415,-5,-1,0,-11,24423,24275,12040,3135,286746,286747,286743,286744,0,0,0,0
1790616826.683007,4,-2,-2,1,24426,24275,12042,3138,286776,286777,286773,286774,0,0,0,0
1790616826.7397592,2,1,2,4,24428,24277,12043,3139,286806,286807,286803,286804,0,0,0,0
1790616826.799707,1,8,1,-4,24428,24279,12044,3139,286836,286837,286833,286834,0,0,0,0
1790616826.839904,-2,-6,-5,6,24428,24290,12057,3139,286896,286897,286893,286894,0,0,0,0
1790616826.8995352,2,-4,3,-3,24426,24294,12063,3139,286926,286927,286923,286924,0,0,0,0
1790616826.939971,5,-1,1,1,24427,24296,12065,3139,286956,286957,286953,286954,0,0,0,0
1790616827.00056,-1,1,-1,0,24430,24300,12070,3142,286986,286987,286983,286984,0,0,0,0
1790616827.05968,-4,-1,-4,1,24429,24304,12074,3141,287016,287017,287013,287014,0,0,0,0
1790616827.100221,2,3,5,1,24428,24310,12078,3139,287046,287047,287043,287044,0,0,0,0
1790616827.159586,3,0,2,1,24428,24319,12090,3138,287076,287077,287073,287074,0,0,0,0
1790616827.199955,1,-4,0,-3,24425,24327,12102,3135,287106,287107,287103,287104,0,0,0,0
1790616827.2597692,5,-4,-3,0,24426,24335,12109,3136,287136,287137,287133,287134,0,0,0,0
1790616827.3210292,-2,-3,-4,1,24430,24338,12112,3139,287166,287167,287163,287164,0,0,0,0
1790616827.359735,-1,0,0,1,24434,24340,12113,3144,287196,287197,287193,287194,0,0,0,0
1790616827.4200919,-3,2,5,2,24437,24340,12114,3148,287226,287227,287223,287224,0,0,0,0
1790616827.48109,3,3,-2,-3,24436,24343,12119,3147,287256,287257,287253,287254,0,0,0,0
1790616827.51985,2,1,-1,-4,24434,24346,12124,3147,287286,287287,287283,287284,0,0,0,0
1790616827.5803132,3,0,4,3,24435,24350,12126,3146,287316,287317,287313,287314,0,0,0,0
1790616827.619894,-1,0,1,1,24438,24351,12129,3148,287346,287347,287343,287344,0,0,0,0
1790616827.6817548,0,0,3,1,24440,24354,12131,3149,287376,287377,287373,287374,0,0,0,0
1790616827.7399318,0,-3,0,-1,24439,24359,12137,3148,287406,287407,287403,287404,0,0,0,0
1790616827.800239,-5,-3,-1,-5,24436,24366,12148,3145,287436,287437,287433,287434,0,0,0,0
1790616827.840653,-4,1,-1,5,24435,24379,12165,3146,287496,287497,287493,287494,0,0,0,0
1790616827.9195478,2,-9,1,-1,24435,24385,12174,3149,287526,287527,287523,287524,0,0,0,0
1790616827.9597561,-2,3,2,2,24434,24393,12182,3147,287556,287557,287553,287554,0,0,0,0
1790616828.020632,-1,0,1,2,24431,24399,12192,3147,287586,287587,287583,287584,0,0,0,0
1790616828.0809631,1,-7,-4,1,24431,24406,12202,3149,287616,287617,287613,287614,0,0,0,0
1790616828.1198962,2,1,-1,3,24430,24411,12209,3151,287646,287647,287643,287644,0,0,0,0
1790616828.180581,-3,1,-5,0,24427,24416,12218,3151,287676,287677,287673,287674,0,0,0,0
1790616828.2199512,-1,1,-1,1,24426,24422,12226,3150,287706,287707,287703,287704,0,0,0,0
1790616828.281964,2,-1,-1,-2,24427,24424,12233,3154,287736,287737,287733,287734,0,0,0,0
1790616828.339983,-2,-7,0,-5,24427,24426,12238,3156,287766,287767,287763,287764,0,0,0,0
1790616828.38114,-6,0,-3,1,24424,24431,12243,3156,287796,287797,287793,287794,0,0,0,0
1790616828.4396899,3,0,3,-3,24422,24437,12251,3156,287826,287827,287823,287824,0,0,0,0
1790616828.499517,2,0,-2,-2,24416,24449,12270,3154,287886,287887,287883,287884,0,0,0,0
1790616828.5400581,0,3,5,3,24417,24448,12273,3157,287916,287917,287913,287914,0,0,0,0
1790616828.599776,-2,0,1,-2,24420,24447,12273,3162,287946,287947,287943,287944,0,0,0,0
1790616828.6399949,-3,-1,-2,-4,24422,24449,12276,3165,287976,287977,287973,287974,0,0,0,0
1790616828.6998248,-3,0,-5,-2,24419,24452,12282,3163,288006,288007,288003,288004,0,0,0,0
1790616828.759686,-3,-4,7,-4,24416,24456,12287,3160,288036,288037,288033,288034,0,0,0,0
1790616828.819593,-3,6,-5,0,24412,24458,12291,3160,288066,288067,288063,288064,0,0,0,0
1790616828.859797,-4,-11,-4,-2,24412,24458,12292,3157,288096,288097,288093,288094,0,0,0,0
1790616828.9196632,0,1,-4,-6,24412,24459,12293,3158,288126,288127,288123,288124,0,0,0,0
1790616828.98129,1,-6,-2,-3,24417,24463,12295,3160,288156,288157,288153,288154,0,0,0,0
1790616829.039867,0,-3,2,0,24416,24465,12298,3160,288186,288187,288183,288184,0,0,0,0
1790616829.0817869,-1,-6,-3,-4,24416,24468,12300,3159,288216,288217,288213,288214,0,0,0,0
1790616829.139827,-3,-4,-4,-2,24416,24473,12305,3158,288246,288247,288243,288244,0,0,0,0
1790616829.181153,0,-2,-3,-1,24417,24475,12308,3159,288276,288277,288273,288274,0,0,0,0
1790616829.239948,-2,1,-1,-1,24417,24478,12311,3159,288306,288307,288303,288304,0,0,0,0
1790616829.300844,0,3,1,1,24418,24489,12321,3159,288366,288367,288363,288364,0,0,0,0
1790616829.3596501,7,-3,-3,-1,24419,24490,12325,3162,288396,288397,288393,288394,0,0,0,0
1790616829.4196448,-2,-4,2,-8,24422,24496,12329,3163,288426,288427,288423,288424,0,0,0,0
1790616829.459714,-2,-2,3,3,24420,24500,12334,3162,288456,288457,288453,288454,0,0,0,0
1790616829.519519,-3,-1,-3,-1,24417,24505,12338,3160,288486,288487,288483,288484,0,0,0,0
1790616829.583272,-1,1,-4,3,24417,24512,12343,3158,288516,288517,288513,288514,0,0,0,0
1790616829.6195898,-5,0,1,-3,24416,24516,12349,3158,288546,288547,288543,288544,0,0,0,0
1790616829.681082,0,3,2,-3,24417,24517,12351,3159,288576,288577,288573,288574,0,0,0,0
1790616829.7199109,-3,0,-2,1,24418,24526,12356,3158,288606,288607,288603,288604,0,0,0,0
1790616829.799668,4,-6,4,-3,24415,24532,12364,3156,288636,288637,288633,288634,0,0,0,0
1790616829.842554,1,-1,-1,1,24414,24542,12374,3156,288666,288667,288663,288664,0,0,0,0
1790616829.8997278,0,2,-1,-2,24416,24553,12389,3159,288726,288727,288723,288724,0,0,0,0
1790616829.939908,2,2,0,-2,24416,24554,12394,3161,288756,288757,288753,288754,0,0,0,0
1790616829.999809,5,-2,-2,-1,24418,24555,12397,3162,288786,288787,288783,288784,0,0,0,0
1790616830.059694,5,-2,0,5,24419,24560,12400,3163,288816,288817,288813,288814,0,0,0,0
1790616830.0997639,4,7,-3,-6,24421,24565,12403,3166,288846,288847,288843,288844,0,0,0,0
1790616830.1596968,0,4,0,-2,24424,24568,12405,3167,288876,288877,288873,288874,0,0,0,0
1790616830.219588,3,-1,2,-1,24424,24571,12408,3168,288906,288907,288903,288904,0,0,0,0
1790616830.2795641,-1,0,-4,3,24427,24574,12411,3170,288936,288937,288933,288934,0,0,0,0
1790616830.319757,-3,0,-1,3,24427,24575,12411,3172,288966,288967,288963,288964,0,0,0,0
1790616830.3800802,-2,-3,1,2,24430,24578,12411,3174,288996,288997,288993,288994,0,0,0,0
1790616830.441078,0,2,1,2,24432,24581,12415,3175,289026,289027,289023,289024,0,0,0,0
1790616830.480118,0,1,4,-1,24433,24587,12420,3173,289056,289057,289053,289054,0,0,0,0
1790616830.541877,-2,-2,-2,-2,24435,24591,12423,3174,289086,289087,289083,289084,0,0,0,0
1790616830.5996218,-1,-6,-3,1,24435,24598,12435,3179,289146,289147,289143,289144,0,0,0,0
1790616830.641748,-1,0,2,-1,24435,24604,12442,3178,289176,289177,289173,289174,0,0,0,0
1790616830.6995258,2,-1,2,1,24435,24607,12447,3179,289206,289207,289203,289204,0,0,0,0
1790616830.741163,-2,0,-3,1,24436,24609,12448,3179,289236,289237,289233,289234,0,0,0,0
1790616830.79977,-1,-3,4,0,24437,24608,12450,3180,289266,289267,289263,289264,0,0,0,0
1790616830.859645,-1,-3,5,-2,24433,24605,12450,3178,289296,289297,289293,289294,0,0,0,0
1790616830.8997262,0,-1,2,-1,24430,24606,12451,3175,289326,289327,289323,289324,0,0,0,0
1790616830.960319,-4,-7,1,-5,24426,24604,12454,3172,289356,289357,289353,289354,0,0,0,0
1790616830.999934,-5,-4,-1,3,24427,24604,12455,3173,289386,289387,289383,289384,0,0,0,0
1790616831.05985,-5,0,5,-3,24432,24604,12456,3180,289416,289417,289413,289414,0,0,0,0
1790616831.11969,3,1,1,2,24458,24639,12477,3201,289446,289447,289443,289444,0,0,0,0
1790616831.159762,-4,2,1,2,24482,24686,12526,3225,289476,289477,289473,289474,0,0,0,0
1790616831.221465,-2,1,0,1,24463,24696,12537,3207,289506,289507,289503,289504,0,0,0,0
1790616831.2597802,0,1,0,-1,24454,24702,12544,3199,289536,289537,289533,289534,0,0,0,0
1790616831.3197389,-7,-4,2,0,24459,24702,12544,3201,289566,289567,289563,289564,0,0,0,0
1790616831.3793752,-4,1,1,-8,24465,24696,12540,3207,289596,289597,289593,289594,0,0,0,0
1790616831.419714,-3,-9,-5,-2,24468,24689,12535,3210,289626,289627,289623,289624,0,0,0,0
1790616831.481354,-3,-2,-1,-2,24467,24688,12534,3210,289656,289657,289653,289654,0,0,0,0
1790616831.519747,-5,0,0,0,24462,24686,12533,3206,289686,289687,289683,289684,0,0,0,0
1790616831.579453,-4,-3,1,4,24461,24688,12536,3206,289716,289717,289713,289714,0,0,0,0
1790616831.619788,-4,-7,-4,-2,24461,24690,12538,3206,289746,289747,289743,289744,0,0,0,0
1790616831.679648,1,1,1,2,24460,24692,12540,3202,289776,289777,289773,289774,0,0,0,0
1790616831.74135,-1,0,-4,-2,24459,24690,12539,3203,289806,289807,289803,289804,0,0,0,0
1790616831.779836,2,3,-2,0,24464,24687,12537,3205,289836,289837,289833,289834,0,0,0,0
1790616831.842358,4,1,-2,6,24497,24723,12546,3225,289866,289867,289863,289864,0,0,0,0
1790616831.899591,0,-2,0,4,24539,24800,12580,3230,289926,289927,289923,289924,0,0,0,0
1790616831.9595442,-1,2,4,-2,24526,24810,12587,3217,289956,289957,289953,289954,0,0,0,0
1790616831.999767,-2,1,2,0,24526,24822,12594,3216,289986,289987,289983,289984,0,0,0,0
1790616832.059541,1,0,-3,2,24527,24819,12596,3218,290016,290017,290013,290014,0,0,0,0
1790616832.1000168,0,0,-2,-1,24527,24816,12592,3220,290046,290047,290043,290044,0,0,0,0
1790616832.1597319,-3,3,-4,-2,24528,24814,12590,3221,290076,290077,290073,290074,0,0,0,0
1790616832.219559,-4,-6,6,-1,24529,24814,12590,3221,290106,290107,290103,290104,0,0,0,0
1790616832.2625122,-1,-2,6,3,24527,24813,12590,3219,290136,290137,290133,290134,0,0,0,0
1790616832.3197172,-3,-3,-1,-5,24522,24812,12592,3216,290166,290167,290163,290164,0,0,0,0
1790616832.391505,0,2,2,-4,24526,24816,12595,3217,290196,290197,290193,290194,0,0,0,0
1790616832.440765,-7,-6,0,-3,24528,24815,12594,3218,290226,290227,290223,290224,0,0,0,0
1790616832.479785,-3,-7,2,2,24525,24813,12592,3217,290256,290257,290253,290254,0,0,0,0
1790616832.541785,0,-2,3,-2,24526,24816,12594,3217,290286,290287,290283,290284,0,0,0,0
1790616832.579943,-3,-5,3,1,24521,24813,12593,3213,290316,290317,290313,290314,0,0,0,0
1790616832.64047,-2,-2,-10,-1,24524,24814,12594,3213,290376,290377,290373,290374,0,0,0,0
1790616832.7002509,-2,0,-2,-3,24521,24813,12595,3212,290406,290407,290403,290404,0,0,0,0
1790616832.7658591,-2,3,2,-2,24522,24814,12594,3212,290436,290437,290433,290434,0,0,0,0
1790616832.8000362,2,-1,-2,-2,24525,24818,12596,3214,290466,290467,290463,290464,0,0,0,0
1790616832.8594592,-4,-3,0,0,24527,24820,12598,3214,290496,290497,290493,290494,0,0,0,0
1790616832.8997052,-7,1,3,-5,24528,24818,12596,3214,290526,290527,290523,290524,0,0,0,0
1790616832.960032,-1,-1,2,-5,24566,24865,12609,3234,290556,290557,290553,290554,0,0,0,0
1790616833.0002089,3,0,2,2,24634,24962,12638,3246,290586,290587,290583,290584,0,0,0,0
1790616833.059691,-1,5,0,2,24624,25004,12665,3233,290616,290617,290613,290614,0,0,0,0
1790616833.1195579,-1,-4,1,0,24640,25073,12692,3228,290646,290647,290643,290644,0,0,0,0
1790616833.1604302,-1,-4,1,2,24625,25093,12707,3212,290676,290677,290673,290674,0,0,0,0
1790616833.219705,-3,-3,3,-4,24611,25103,12719,3200,290706,290707,290703,290704,0,0,0,0
1790616833.279785,-2,-3,-2,-2,24616,25125,12730,3200,290736,290737,290733,290734,0,0,0,0
1790616833.320731,-2,2,1,-1,24651,25179,12750,3212,290766,290767,290763,290764,0,0,0,0
1790616833.379565,2,4,0,2,24640,25195,12760,3201,290796,290797,290793,290794,0,0,0,0
1790616833.439728,-1,5,0,0,24628,25209,12770,3190,290826,290827,290823,290824,0,0,0,0
1790616833.4799318,2,8,-7,-1,24625,25220,12778,3186,290856,290857,290853,290854,0,0,0,0
1790616833.5403159,-2,1,-2,4,24623,25226,12783,3185,290886,290887,290883,290884,0,0,0,0
1790616833.581231,1,-5,-2,3,24621,25230,12784,3181,290916,290917,290913,290914,0,0,0,0
1790616833.640831,-2,0,0,-2,24624,25236,12787,3181,290946,290947,290943,290944,0,0,0,0
1790616833.699788,-1,1,-3,-4,24625,25249,12791,3181,291006,291007,291003,291004,0,0,0,0
1790616833.762481,2,2,0,-6,24623,25253,12796,3179,291036,291037,291033,291034,0,0,0,0
1790616833.799667,1,-4,0,-3,24624,25261,12799,3177,291066,291067,291063,291064,0,0,0,0
1790616833.8606038,-1,-5,-1,-2,24621,25259,12802,3175,291096,291097,291093,291094,0,0,0,0
1790616833.900702,-1,-4,1,2,24625,25262,12802,3177,291126,291127,291123,291124,0,0,0,0
1790616833.960716,7,-3,-5,4,24634,25271,12806,3183,291156,291157,291153,291154,0,0,0,0
1790616834.020802,1,-3,4,2,24633,25273,12809,3185,291186,291187,291183,291184,0,0,0,0
1790616834.0608928,-3,-3,5,1,24631,25279,12811,3181,291216,291217,291213,291214,0,0,0,0
1790616834.1205199,-1,-2,4,-6,24631,25286,12815,3178,291246,291247,291243,291244,0,0,0,0
1790616834.1808698,8,0,-2,-2,24636,25306,12824,3181,291276,291277,291273,291274,0,0,0,0
1790616834.220633,2,3,0,0,24671,25359,12854,3199,291306,291307,291303,291304,0,0,0,0
1790616834.282123,0,-2,0,1,24655,25380,12868,3186,291336,291337,291333,291334,0,0,0,0
1790616834.340788,2,-1,-3,-2,24640,25399,12884,3172,291366,291367,291363,291364,0,0,0,0
1790616834.381154,0,3,-1,-3,24636,25412,12897,3165,291396,291397,291393,291394,0,0,0,0
1790616834.4406989,1,-1,-4,-2,24636,25419,12901,3166,291426,291427,291423,291424,0,0,0,0
1790616834.5024178,-1,0,2,-3,24639,25418,12902,3168,291486,291487,291483,291484,0,0,0,0
1790616834.540601,0,-7,-4,-1,24641,25420,12901,3169,291516,291517,291513,291514,0,0,0,0
1790616834.602263,-2,-4,1,-6,24639,25425,12906,3168,291546,291547,291543,291544,0,0,0,0
1790616834.6615648,-2,-1,1,-1,24638,25430,12909,3165,291576,291577,291573,291574,0,0,0,0
1790616834.721542,-3,-3,1,-1,24635,25428,12910,3162,291606,291607,291603,291604,0,0,0,0
1790616834.761699,-2,-4,-1,1,24634,25426,12909,3162,291636,291637,291633,291634,0,0,0,0
1790616834.82162,2,2,-1,-2,24636,25426,12908,3162,291666,291667,291663,291664,0,0,0,0
1790616834.881452,4,-4,-1,0,24663,25459,12924,3179,291696,291697,291693,291694,0,0,0,0
1790616834.921785,-1,8,3,-2,24686,25507,12961,3189,291726,291727,291723,291724,0,0,0,0
1790616834.981344,-8,-2,-1,0,24656,25524,12984,3168,291756,291757,291753,291754,0,0,0,0
1790616835.022261,-1,4,3,0,24642,25537,12996,3156,291786,291787,291783,291784,0,0,0,0
1790616835.0818298,2,2,-3,-1,24640,25540,13002,3154,291816,291817,291813,291814,0,0,0,0
1790616835.1428401,-5,-1,3,-4,24642,25538,13001,3158,291846,291847,291843,291844,0,0,0,0
1790616835.181845,-2,0,0,-2,24645,25531,12997,3160,291876,291877,291873,291874,0,0,0,0
1790616835.242784,-5,-3,1,-1,24649,25531,12995,3163,291906,291907,291903,291904,0,0,0,0
1790616835.3035488,1,-1,-1,-2,24650,25533,12993,3163,291966,291967,291963,291964,0,0,0,0
1790616835.361716,-2,4,1,-3,24647,25538,12999,3161,291996,291997,291993,291994,0,0,0,0
1790616835.403491,-3,-1,-1,1,24647,25545,13003,3161,292026,292027,292023,292024,0,0,0,0
1790616835.4615629,1,3,3,-1,24648,25546,13006,3160,292056,292057,292053,292054,0,0,0,0
1790616835.503674,2,5,1,-1,24650,25552,13010,3161,292086,292087,292083,292084,0,0,0,0
1790616835.5617568,1,-2,-2,-4,24652,25559,13015,3162,292116,292117,292113,292114,0,0,0,0
1790616835.603261,2,-2,-2,-2,24653,25563,13020,3162,292146,292147,292143,292144,0,0,0,0
1790616835.661709,1,5,1,3,24652,25570,13025,3160,292176,292177,292173,292174,0,0,0,0
1790616835.722296,2,1,4,-1,24651,25580,13036,3160,292206,292207,292203,292204,0,0,0,0
1790616835.781594,-3,2,1,1,24652,25589,13045,3160,292236,292237,292233,292234,0,0,0,0
1790616835.822666,-2,2,1,0,24651,25598,13057,3157,292266,292267,292263,292264,0,0,0,0
1790616835.882557,3,3,-4,-2,24651,25609,13069,3157,292296,292297,292293,292294,0,0,0,0
1790616835.922795,-1,2,6,-6,24686,25649,13124,3185,292326,292327,292323,292324,0,0,0,0
1790616835.982574,-3,1,1,0,24671,25665,13162,3179,292356,292357,292353,292354,0,0,0,0
1790616836.044786,0,-3,3,-4,24646,25686,13186,3161,292386,292387,292383,292384,0,0,0,0
1790616836.0829499,1,-1,0,-5,24627,25703,13209,3148,292416,292417,292413,292414,0,0,0,0
1790616836.142715,-1,0,1,-1,24622,25712,13221,3142,292446,292447,292443,292444,0,0,0,0
1790616836.184054,2,1,1,2,24625,25714,13222,3144,292476,292477,292473,292474,0,0,0,0
1790616836.242917,0,5,0,-6,24628,25712,13218,3149,292506,292507,292503,292504,0,0,0,0
1790616836.3032808,5,-2,-3,2,24639,25713,13217,3154,292566,292567,292563,292564,0,0,0,0
1790616836.362599,2,3,2,2,24637,25717,13223,3151,292596,292597,292593,292594,0,0,0,0
1790616836.404533,-1,-1,4,2,24636,25722,13227,3150,292626,292627,292623,292624,0,0,0,0
1790616836.4625869,3,2,3,5,24635,25724,13230,3151,292656,292657,292653,292654,0,0,0,0
1790616836.522488,-5,-1,-2,-4,24638,25726,13233,3153,292686,292687,292683,292684,0,0,0,0
1790616836.566237,1,-7,1,1,24644,25728,13233,3157,292716,292717,292713,292714,0,0,0,0
1790616836.623192,1,0,0,4,24646,25730,13236,3160,292746,292747,292743,292744,0,0,0,0
1790616836.662505,1,0,-3,3,24646,25734,13241,3159,292776,292777,292773,292774,0,0,0,0
1790616836.72415,3,-3,2,-2,24644,25739,13248,3158,292806,292807,292803,292804,0,0,0,0
1790616836.782579,-4,0,-4,0,24642,25742,13255,3157,292836,292837,292833,292834,0,0,0,0
1790616836.842456,2,-2,0,-2,24643,25747,13260,3159,292866,292867,292863,292864,0,0,0,0
1790616836.9033542,0,-4,-1,0,24642,25758,13274,3159,292926,292927,292923,292924,0,0,0,0
1790616836.9625542,-1,-2,-6,0,24640,25760,13278,3158,292956,292957,292953,292954,0,0,0,0
1790616837.003034,0,-3,-2,-1,24640,25765,13285,3159,292986,292987,292983,292984,0,0,0,0
1790616837.0641532,3,-1,-2,-1,24641,25772,13292,3160,293016,293017,293013,293014,0,0,0,0
1790616837.103157,0,-3,1,0,24637,25775,13299,3159,293046,293047,293043,293044,0,0,0,0
1790616837.164212,2,-7,0,0,24635,25779,13305,3159,293076,293077,293073,293074,0,0,0,0
1790616837.2224178,-5,-4,-2,2,24632,25782,13315,3159,293106,293107,293103,293104,0,0,0,0
1790616837.269063,-1,-3,4,-3,24631,25788,13320,3159,293136,293137,293133,293134,0,0,0,0
1790616837.322693,7,-1,0,-4,24630,25793,13327,3158,293166,293167,293163,293164,0,0,0,0
1790616837.38248,-5,2,-2,-3,24629,25799,13336,3159,293196,293197,293193,293194,0,0,0,0
1790616837.422545,-3,0,1,-7,24628,25804,13343,3158,293226,293227,293223,293224,0,0,0,0
1790616837.482578,1,0,-2,-5,24627,25804,13347,3160,293256,293257,293253,293254,0,0,0,0
1790616837.522718,-2,-2,-3,-4,24628,25809,13353,3162,293286,293287,293283,293284,0,0,0,0
1790616837.58251,0,1,-4,-3,24629,25817,13362,3162,293316,293317,293313,293314,0,0,0,0
1790616837.622706,-3,-3,-3,5,24627,25828,13373,3159,293346,293347,293343,293344,0,0,0,0
1790616837.682952,-2,3,-6,0,24622,25835,13382,3154,293376,293377,293373,293374,0,0,0,0
1790616837.7426848,-3,-4,-1,-4,24622,25845,13391,3152,293406,293407,293403,293404,0,0,0,0
1790616837.8054988,0,0,3,1,24623,25859,13405,3153,293466,293467,293463,293464,0,0,0,0
1790616837.8426518,-6,7,-5,2,24623,25869,13418,3156,293496,293497,293493,293494,0,0,0,0
1790616837.9047601,-1,0,0,0,24621,25879,13431,3155,293526,293527,293523,293524,0,0,0,0
1790616837.964739,-2,-5,-1,-1,24618,25888,13442,3153,293556,293557,293553,293554,0,0,0,0
1790616838.0031161,-5,-1,-3,-2,24618,25898,13453,3154,293586,293587,293583,293584,0,0,0,0
1790616838.066327,-5,-3,0,-2,24616,25905,13465,3154,293616,293617,293613,293614,0,0,0,0
1790616838.12256,2,0,2,-1,24612,25917,13480,3154,293646,293647,293643,293644,0,0,0,0
1790616838.182534,2,6,3,-2,24606,25931,13502,3153,293676,293677,293673,293674,0,0,0,0
1790616838.222881,-7,0,-3,0,24597,25950,13526,3150,293706,293707,293703,293704,0,0,0,0
1790616838.282827,-2,-1,4,-4,24589,25971,13558,3147,293736,293737,293733,293734,0,0,0,0
1790616838.342463,1,2,1,-2,24578,25990,13585,3144,293766,293767,293763,293764,0,0,0,0
1790616838.4029791,-1,-5,3,1,24559,26022,13637,3144,293826,293827,293823,293824,0,0,0,0
1790616838.442647,-3,-3,1,-2,24549,26040,13661,3140,293856,293857,293853,293854,0,0,0,0
1790616838.502496,-3,6,2,-5,24540,26059,13686,3138,293886,293887,293883,293884,0,0,0,0
1790616838.5428338,5,-1,-1,3,24533,26075,13705,3134,293916,293917,293913,293914,0,0,0,0
1790616838.60497,-3,-2,3,-7,24527,26088,13722,3133,293946,293947,293943,293944,0,0,0,0
1790616838.662803,-1,1,-3,3,24522,26099,13740,3136,293976,293977,293973,293974,0,0,0,0
1790616838.702765,1,-2,0,-3,24519,26109,13753,3136,294006,294007,294003,294004,0,0,0,0
1790616838.770159,1,3,2,3,24519,26114,13763,3138,294036,294037,294033,294034,0,0,0,0
1790616838.8224561,-3,1,8,0,24522,26122,13771,3143,294066,294067,294063,294064,0,0,0,0
1790616838.8824792,7,2,5,-1,24518,26130,13779,3142,294096,294097,294093,294094,0,0,0,0
1790616838.922627,0,4,2,-3,24514,26141,13793,3141,294126,294127,294123,294124,0,0,0,0
1790616838.98252,1,-1,4,-2,24509,26155,13808,3139,294156,294157,294153,294154,0,0,0,0
1790616839.042458,1,4,4,1,24506,26171,13826,3138,294186,294187,294183,294184,0,0,0,0
1790616839.082895,1,2,3,5,24499,26188,13844,3137,294216,294217,294213,294214,0,0,0,0
1790616839.142575,-1,-1,-2,-1,24486,26219,13881,3130,294276,294277,294273,294274,0,0,0,0
1790616839.2055502,5,-2,-2,3,24478,26232,13897,3131,294306,294307,294303,294304,0,0,0,0
1790616839.2656372,-4,-4,4,-2,24474,26243,13911,3131,294336,294337,294333,294334,0,0,0,0
1790616839.3225138,-2,2,-1,-2,24473,26255,13923,3132,294366,294367,294363,294364,0,0,0,0
1790616839.363513,2,-2,-4,7,24468,26263,13935,3131,294396,294397,294393,294394,0,0,0,0
1790616839.422574,0,-1,0,-1,24466,26273,13946,3132,294426,294427,294423,294424,0,0,0,0
1790616839.4636202,0,-3,-3,3,24465,26277,13954,3134,294456,294457,294453,294454,0,0,0,0
1790616839.522751,-3,1,2,0,24464,26282,13961,3133,294486,294487,294483,294484,0,0,0,0
1790616839.582583,-2,-1,-1,2,24464,26291,13969,3132,294516,294517,294513,294514,0,0,0,0
1790616839.6231391,-1,0,3,-7,24462,26297,13976,3132,294546,294547,294543,294544,0,0,0,0
1790616839.6824708,1,-3,-1,0,24461,26303,13981,3130,294576,294577,294573,294574,0,0,0,0
1790616839.7227101,3,-2,-2,-4,24458,26309,13988,3130,294606,294607,294603,294604,0,0,0,0
1790616839.7825449,3,2,-4,-7,24455,26319,13997,3129,294636,294637,294633,294634,0,0,0,0
1790616839.8429928,-3,-1,2,-2,24451,26337,14014,3125,294696,294697,294693,294694,0,0,0,0
1790616839.904386,0,-1,-6,0,24449,26341,14017,3123,294726,294727,294723,294724,0,0,0,0
1790616839.942791,-7,-2,2,-4,24450,26344,14022,3124,294756,294757,294753,294754,0,0,0,0
1790616840.003377,-1,-1,-7,1,24451,26350,14024,3124,294786,294787,294783,294784,0,0,0,0
1790616840.062915,1,-1,-1,-2,24451,26355,14029,3123,294816,294817,294813,294814,0,0,0,0
1790616840.122889,-7,-3,1,-2,24449,26364,14035,3120,294846,294847,294843,294844,0,0,0,0
1790616840.1826031,2,-2,1,-1,24448,26373,14045,3121,294876,294877,294873,294874,0,0,0,0
1790616840.222744,-5,0,1,-2,24447,26378,14049,3121,294906,294907,294903,294904,0,0,0,0
1790616840.282631,-3,-1,-3,-2,24451,26388,14056,3123,294936,294937,294933,294934,0,0,0,0
1790616840.3425002,6,1,1,-1,24450,26401,14068,3122,294966,294967,294963,294964,0,0,0,0
1790616840.404124,-1,-1,-1,2,24446,26423,14087,3116,295026,295027,295023,295024,0,0,0,0
1790616840.442681,-1,0,0,-3,24450,26435,14098,3119,295056,295057,295053,295054,0,0,0,0
1790616840.502492,-6,4,-2,7,24449,26446,14106,3119,295086,295087,295083,295084,0,0,0,0
1790616840.562557,2,2,1,2,24448,26458,14118,3117,295116,295117,295113,295114,0,0,0,0
1790616840.622611,3,1,0,1,24447,26468,14128,3117,295146,295147,295143,295144,0,0,0,0
1790616840.6641312,-1,2,-1,-4,24449,26476,14136,3120,295176,295177,295173,295174,0,0,0,0
1790616840.7225,3,-4,-3,-1,24453,26483,14145,3123,295206,295207,295203,295204,0,0,0,0
1790616840.783199,-2,0,2,-1,24455,26492,14154,3124,295236,295237,295233,295234,0,0,0,0
1790616840.842668,-5,-2,1,2,24452,26502,14163,3125,295266,295267,295263,295264,0,0,0,0
1790616840.8833349,3,0,1,-1,24450,26512,14178,3126,295296,295297,295293,295294,0,0,0,0
1790616840.9424808,-4,1,4,-1,24448,26523,14193,3127,295326,295327,295323,295324,0,0,0,0
1790616841.0024111,-4,2,3,-1,24440,26546,14226,3125,295386,295387,295383,295384,0,0,0,0
1790616841.0426528,37,-2,-1,5,24437,26556,14242,3129,295416,295417,295413,295414,0,0,0,0
1790616841.1024818,0,-5,4,-5,24432,26566,14262,3131,295446,295447,295443,295444,0,0,0,0
1790616841.16281,-3,1,0,-2,24426,26578,14286,3133,295476,295477,295473,295474,0,0,0,0
1790616841.203789,-3,2,-3,1,24423,26588,14308,3136,295506,295507,295503,295504,0,0,0,0
1790616841.264747,-4,-4,0,3,24417,26600,14328,3141,295536,295537,295533,295534,0,0,0,0
1790616841.3249211,1,1,3,-3,24409,26612,14352,3140,295566,295567,295563,295564,0,0,0,0
1790616841.387011,4,-3,3,2,24402,26626,14376,3138,295596,295597,295593,295594,0,0,0,0
1790616841.442385,-3,-3,6,2,24391,26640,14401,3135,295626,295627,295623,295624,0,0,0,0
1790616841.48718,1,1,7,-3,24385,26651,14423,3136,295656,295657,295653,295654,0,0,0,0
1790616841.542476,5,1,-8,-4,24384,26661,14445,3142,295686,295687,295683,295684,0,0,0,0
1790616841.5828679,5,1,-8,-4,24384,26661,14445,3142,295686,295687,295683,295684,0,0,0,0
1790616841.642451,-7,1,3,-3,24376,26676,14478,3147,295746,295747,295743,295744,0,0,0,0
1790616841.682925,-3,6,5,-2,24373,26683,14494,3148,295776,295777,295773,295774,0,0,0,0
1790616841.7425349,-1,5,0,-31,24369,26694,14518,3153,295836,295837,295833,295834,0,0,0,0
1790616841.802891,-3,1,-3,5,24371,26700,14529,3159,295866,295867,295863,295864,0,0,0,0
1790616841.864866,1,-1,3,0,24369,26704,14538,3162,295896,295897,295893,295894,0,0,0,0
1790616841.9037051,2,3,-4,-1,24367,26709,14549,3163,295926,295927,295923,295924,0,0,0,0
1790616841.962584,-2,3,5,-1,24364,26715,14563,3164,295956,295957,295953,295954,0,0,0,0
1790616842.0242429,0,-2,5,-2,24358,26722,14576,3163,295986,295987,295983,295984,0,0,0,0
1790616842.062672,3,-8,3,-2,24355,26728,14587,3163,296016,296017,296013,296014,0,0,0,0
1790616842.12395,-2,-2,-1,0,24355,26733,14596,3166,296046,296047,296043,296044,0,0,0,0
1790616842.182575,-3,-3,1,-2,24353,26734,14605,3169,296076,296077,296073,296074,0,0,0,0
1790616842.2427578,-4,-1,-1,0,24353,26735,14610,3170,296106,296107,296103,296104,0,0,0,0
1790616842.302506,0,3,2,-2,24348,26743,14626,3172,296166,296167,296163,296164,0,0,0,0
1790616842.342582,-9,-3,1,-3,24347,26746,14634,3174,296196,296197,296193,296194,0,0,0,0
1790616842.402466,-1,-3,-1,-6,24345,26752,14643,3173,296226,296227,296223,296224,0,0,0,0
1790616842.462506,-10,-1,2,-4,24344,26758,14653,3177,296256,296257,296253,296254,0,0,0,0
1790616842.503293,-6,1,0,1,24343,26763,14662,3179,296286,296287,296283,296284,0,0,0,0
1790616842.562677,-1,0,1,1,24342,26765,14669,3181,296316,296317,296313,296314,0,0,0,0
1790616842.624863,-3,2,-1,-1,24340,26771,14677,3181,296346,296347,296343,296344,0,0,0,0
1790616842.662796,0,-3,0,-2,24335,26774,14685,3179,296376,296377,296373,296374,0,0,0,0
1790616842.725041,-1,-2,0,1,24330,26779,14694,3178,296406,296407,296403,296404,0,0,0,0
1790616842.78246,3,-2,-1,1,24328,26782,14701,3177,296436,296437,296433,296434,0,0,0,0
1790616842.842544,-1,0,-1,-4,24326,26784,14705,3178,296466,296467,296463,296464,0,0,0,0
1790616842.884067,-2,1,-1,-1,24323,26789,14713,3176,296496,296497,296493,296494,0,0,0,0
1790616842.9423518,-3,-1,-6,-8,24318,26795,14725,3177,296526,296527,296523,296524,0,0,0,0
1790616843.002419,-3,-1,-5,0,24316,26804,14742,3183,296586,296587,296583,296584,0,0,0,0
1790616843.062282,1,0,-3,-3,24316,26808,14752,3185,296616,296617,296613,296614,0,0,0,0
1790616843.102815,-2,3,1,-1,24316,26811,14758,3190,296646,296647,296643,296644,0,0,0,0
1790616843.162545,3,0,-8,-2,24317,26815,14767,3192,296676,296677,296673,296674,0,0,0,0
1790616843.224191,-1,0,-1,-3,24312,26821,14774,3191,296706,296707,296703,296704,0,0,0,0
1790616843.2845418,14,-3,-2,-1,24308,26826,14779,3189,296736,296737,296733,296734,0,0,0,0
1790616843.325378,-7,-4,0,-4,24306,26831,14787,3188,296766,296767,296763,296764,0,0,0,0
1790616843.384586,-3,2,1,1,24304,26835,14792,3186,296796,296797,296793,296794,0,0,0,0
1790616843.4253361,-3,-1,-3,-1,24302,26838,14796,3185,296826,296827,296823,296824,0,0,0,0
1790616843.484616,-1,-1,4,6,24302,26843,14800,3187,296856,296857,296853,296854,0,0,0,0
1790616843.544703,0,1,3,1,24304,26849,14807,3188,296886,296887,296883,296884,0,0,0,0
1790616843.584747,-1,6,4,0,24302,26854,14813,3188,296916,296917,296913,296914,0,0,0,0
1790616843.664642,0,-2,-1,-5,24302,26860,14823,3193,296976,296977,296973,296974,0,0,0,0
1790616843.725384,5,2,0,-3,24305,26861,14826,3195,297006,297007,297003,297004,0,0,0,0
1790616843.784502,-4,5,2,-1,24307,26864,14827,3198,297036,297037,297033,297034,0,0,0,0
1790616843.824851,-1,-1,1,-3,24310,26867,14832,3200,297066,297067,297063,297064,0,0,0,0
1790616843.8845398,4,-1,-1,12,24309,26870,14833,3200,297096,297097,297093,297094,0,0,0,0
1790616843.9456482,3,1,6,-1,24309,26875,14840,3201,297126,297127,297123,297124,0,0,0,0
1790616843.988204,0,0,0,4,24308,26880,14846,3200,297156,297157,297153,297154,0,0,0,0
1790616844.0489972,-3,2,1,-2,24308,26885,14851,3201,297186,297187,297183,297184,0,0,0,0
1790616844.087839,-1,-2,0,0,24310,26888,14855,3203,297216,297217,297213,297214,0,0,0,0
1790616844.146167,-6,-3,-5,1,24310,26888,14859,3203,297246,297247,297243,297244,0,0,0,0
1790616844.187775,1,-5,-1,2,24311,26887,14859,3205,297306,297307,297303,297304,0,0,0,0
1790616844.246363,-2,-3,-2,-4,24311,26890,14861,3204,297336,297337,297333,297334,0,0,0,0
1790616844.306476,-3,0,2,-1,24313,26893,14863,3203,297366,297367,297363,297364,0,0,0,0
1790616844.346442,-7,-1,0,0,24311,26893,14864,3202,297396,297397,297393,297394,0,0,0,0
1790616844.406508,3,-10,1,-3,24311,26893,14863,3201,297426,297427,297423,297424,0,0,0,0
1790616844.466583,0,3,-3,-3,24312,26896,14867,3201,297456,297457,297453,297454,0,0,0,0
1790616844.506551,-1,6,-2,-7,24310,26899,14869,3199,297486,297487,297483,297484,0,0,0,0
1790616844.5669508,2,0,0,-3,24309,26905,14874,3198,297516,297517,297513,297514,0,0,0,0
1790616844.628445,4,-1,-6,-2,24308,26911,14877,3197,297546,297547,297543,297544,0,0,0,0
1790616844.688936,-4,2,-3,1,24312,26917,14882,3197,297576,297577,297573,297574,0,0,0,0
1790616844.7268732,1,2,-5,1,24313,26921,14884,3198,297606,297607,297603,297604,0,0,0,0
1790616844.790077,0,1,0,-1,24316,26924,14885,3200,297636,297637,297633,297634,0,0,0,0
1790616844.8273,3,4,-1,0,24319,26927,14888,3201,297666,297667,297663,297664,0,0,0,0
1790616844.888821,4,1,3,-3,24322,26931,14889,3203,297696,297697,297693,297694,0,0,0,0
1790616844.94691,-2,3,0,3,24326,26936,14893,3206,297726,297727,297723,297724,0,0,0,0
1790616844.989394,1,-1,4,-2,24326,26950,14907,3207,297786,297787,297783,297784,0,0,0,0
1790616845.046499,1,-1,4,-2,24326,26950,14907,3207,297786,297787,297783,297784,0,0,0,0
1790616845.08747,2,-4,1,4,24326,26959,14914,3208,297816,297817,297813,297814,0,0,0,0
1790616845.147296,1,0,6,-2,24328,26965,14920,3209,297846,297847,297843,297844,0,0,0,0
1790616845.189953,0,-3,-2,-2,24335,26968,14924,3215,297906,297907,297903,297904,0,0,0,0
1790616845.246411,0,-1,-2,-3,24339,26973,14925,3218,297936,297937,297933,297934,0,0,0,0
1790616845.3065019,-2,2,-1,-2,24340,26974,14927,3219,297966,297967,297963,297964,0,0,0,0
1790616845.3469481,0,2,0,2,24339,26979,14932,3216,297996,297997,297993,297994,0,0,0,0
1790616845.406535,-3,-1,-4,3,24337,26981,14934,3216,298026,298027,298023,298024,0,0,0,0
1790616845.4474812,0,-1,0,1,24340,26981,14935,3216,298056,298057,298053,298054,0,0,0,0
1790616845.506544,0,0,2,-4,24341,26979,14935,3218,298086,298087,298083,298084,0,0,0,0
1790616845.566296,-6,0,-3,0,24341,26980,14934,3217,298116,298117,298113,298114,0,0,0,0
1790616845.606712,-6,-3,-2,-1,24344,26981,14935,3218,298146,298147,298143,298144,0,0,0,0
1790616845.666384,-3,0,-1,-5,24346,26981,14935,3219,298176,298177,298173,298174,0,0,0,0
1790616845.707006,1,-2,1,2,24350,26989,14940,3219,298206,298207,298203,298204,0,0,0,0
1790616845.766422,-1,0,-2,2,24345,26997,14947,3215,298236,298237,298233,298234,0,0,0,0
1790616845.806655,-1,7,-5,-7,24342,27002,14952,3210,298266,298267,298263,298264,0,0,0,0
1790616845.868441,-4,-2,0,1,24345,27007,14956,3209,298296,298297,298293,298294,0,0,0,0
1790616845.927043,1,-5,-7,0,24349,27009,14954,3213,298326,298327,298323,298324,0,0,0,0
1790616845.9670222,0,4,0,-6,24354,27013,14955,3216,298356,298357,298353,298354,0,0,0,0
1790616846.026538,1,2,0,-3,24360,27016,14955,3219,298386,298387,298383,298384,0,0,0,0
1790616846.087893,-3,-2,-5,-2,24363,27022,14956,3220,298416,298417,298413,298414,0,0,0,0
1790616846.127288,-3,-2,0,1,24364,27024,14960,3220,298446,298447,298443,298444,0,0,0,0
1790616846.187813,-9,7,-2,0,24365,27030,14962,3220,298476,298477,298473,298474,0,0,0,0
1790616846.2463958,2,-2,1,-3,24372,27037,14965,3222,298506,298507,298503,298504,0,0,0,0
1790616846.2880661,0,3,2,-3,24376,27052,14971,3224,298566,298567,298563,298564,0,0,0,0
1790616846.346585,-2,6,-1,2,24378,27057,14974,3224,298596,298597,298593,298594,0,0,0,0
1790616846.4064908,-1,3,4,-4,24383,27064,14979,3225,298626,298627,298623,298624,0,0,0,0
1790616846.446663,5,5,3,2,24387,27073,14983,3226,298656,298657,298653,298654,0,0,0,0
1790616846.506293,3,-2,0,0,24391,27081,14988,3227,298686,298687,298683,298684,0,0,0,0
1790616846.546714,3,0,1,-2,24397,27085,14991,3231,298716,298717,298713,298714,0,0,0,0
1790616846.606465,1,-1,0,0,24403,27088,14991,3234,298746,298747,298743,298744,0,0,0,0
1790616846.666542,-5,0,3,3,24410,27088,14992,3238,298776,298777,298773,298774,0,0,0,0
1790616846.7067719,-2,-2,3,-4,24415,27097,14992,3241,298806,298807,298803,298804,0,0,0,0
1790616846.7667131,1,2,1,-3,24419,27104,14996,3242,298836,298837,298833,298834,0,0,0,0
1790616846.826895,5,-5,-1,0,24420,27111,15000,3241,298866,298867,298863,298864,0,0,0,0
1790616846.8867252,0,1,2,-1,24422,27122,15006,3240,298896,298897,298893,298894,0,0,0,0
1790616846.94667,-3,-7,-5,2,24429,27141,15016,3239,298956,298957,298953,298954,0,0,0,0
1790616847.006497,-1,1,-2,-1,24434,27147,15019,3241,298986,298987,298983,298984,0,0,0,0
1790616847.0663848,4,2,-1,3,24439,27158,15021,3242,299016,299017,299013,299014,0,0,0,0
1790616847.1064708,5,1,-1,6,24444,27168,15028,3242,299046,299047,299043,299044,0,0,0,0
1790616847.166502,-4,2,-2,0,24444,27173,15031,3241,299076,299077,299073,299074,0,0,0,0
1790616847.2277,-10,2,0,-9,24444,27179,15034,3241,299106,299107,299103,299104,0,0,0,0
1790616847.266954,1,-1,-1,-4,24445,27182,15038,3241,299136,299137,299133,299134,0,0,0,0
1790616847.326387,-1,2,-4,-5,24448,27189,15041,3241,299166,299167,299163,299164,0,0,0,0
1790616847.386675,0,1,-1,6,24453,27197,15044,3244,299196,299197,299193,299194,0,0,0,0
1790616847.4267268,3,-4,-1,-1,24453,27203,15048,3242,299226,299227,299223,299224,0,0,0,0
1790616847.486466,-2,0,1,-3,24457,27209,15051,3242,299256,299257,299253,299254,0,0,0,0
1790616847.526409,-7,-5,4,0,24462,27217,15052,3244,299286,299287,299283,299284,0,0,0,0
1790616847.586821,-5,-3,-4,-2,24464,27221,15055,3245,299316,299317,299313,299314,0,0,0,0
1790616847.646592,-1,-7,-1,-4,24465,27227,15060,3244,299376,299377,299373,299374,0,0,0,0
1790616847.7065768,-1,0,-3,-2,24471,27228,15060,3248,299406,299407,299403,299404,0,0,0,0
1790616847.746598,-1,-1,3,1,24474,27234,15063,3250,299436,299437,299433,299434,0,0,0,0
1790616847.806611,3,3,1,0,24475,27246,15071,3247,299466,299467,299463,299464,0,0,0,0
1790616847.86673,-6,2,-1,2,24474,27258,15079,3247,299496,299497,299493,299494,0,0,0,0
1790616847.906802,1,-2,0,-1,24473,27268,15085,3244,299526,299527,299523,299524,0,0,0,0
1790616847.96641,-6,2,-6,-4,24475,27271,15088,3246,299556,299557,299553,299554,0,0,0,0
1790616848.006743,-4,-4,-3,1,24475,27279,15091,3247,299586,299587,299583,299584,0,0,0,0
1790616848.066398,-5,-1,2,-4,24476,27286,15096,3248,299616,299617,299613,299614,0,0,0,0
1790616848.126975,-9,0,-1,0,24475,27295,15102,3246,299646,299647,299643,299644,0,0,0,0
1790616848.1865249,-5,-1,-2,1,24470,27302,15106,3240,299676,299677,299673,299674,0,0,0,0
1790616848.2476192,1,-2,-6,-1,24468,27312,15115,3237,299706,299707,299703,299704,0,0,0,0
1790616848.287761,-2,-5,-9,-6,24466,27316,15118,3234,299736,299737,299733,299734,0,0,0,0
1790616848.347741,-5,2,-5,-9,24471,27319,15122,3238,299766,299767,299763,299764,0,0,0,0
1790616848.388309,-5,-3,-1,-1,24472,27323,15125,3240,299826,299827,299823,299824,0,0,0,0
1790616848.447973,-1,-1,-2,-2,24474,27332,15130,3240,299856,299857,299853,299854,0,0,0,0
1790616848.4876359,-1,-7,-4,-1,24472,27337,15135,3240,299886,299887,299883,299884,0,0,0,0
1790616848.5481348,1,0,1,0,24472,27344,15141,3240,299916,299917,299913,299914,0,0,0,0
1790616848.58753,-4,-3,-3,1,24471,27350,15144,3238,299946,299947,299943,299944,0,0,0,0
1790616848.64799,0,-3,-3,-1,24474,27358,15151,3240,299976,299977,299973,299974,0,0,0,0
1790616848.706271,-3,-4,1,-3,24476,27369,15157,3240,300006,300007,300003,300004,0,0,0,0
1790616848.750318,2,-2,-1,-5,24474,27380,15165,3238,300036,300037,300033,300034,0,0,0,0
1790616848.806496,2,-1,0,-9,24474,27388,15169,3237,300066,300067,300063,300064,0,0,0,0
1790616848.849329,-1,0,-5,0,24477,27390,15170,3239,300096,300097,300093,300094,0,0,0,0
1790616848.906469,2,1,3,3,24479,27388,15169,3242,300126,300127,300123,300124,0,0,0,0
1790616848.966254,4,1,-4,0,24485,27388,15168,3247,300156,300157,300153,300154,0,0,0,0
1790616849.006666,5,2,-5,0,24490,27390,15168,3249,300186,300187,300183,300184,0,0,0,0
1790616849.0663822,5,0,1,-4,24489,27396,15169,3247,300216,300217,300213,300214,0,0,0,0
1790616849.107022,0,0,-1,-1,24492,27409,15179,3247,300246,300247,300243,300244,0,0,0,0
1790616849.16875,0,-3,12,2,24493,27420,15187,3247,300276,300277,300273,300274,0,0,0,0
1790616849.206618,-3,-2,0,3,24494,27428,15191,3244,300306,300307,300303,300304,0,0,0,0
1790616849.2664661,-4,0,-1,-7,24496,27437,15197,3246,300336,300337,300333,300334,0,0,0,0
1790616849.327074,1,2,-2,2,24498,27441,15199,3245,300366,300367,300363,300364,0,0,0,0
1790616849.386498,1,-2,-3,-5,24499,27450,15203,3243,300396,300397,300393,300394,0,0,0,0
1790616849.448004,-3,2,-2,-5,24501,27464,15208,3242,300426,300427,300423,300424,0,0,0,0
1790616849.486785,1,2,3,2,24506,27477,15214,3242,300486,300487,300483,300484,0,0,0,0
1790616849.549265,-2,3,-13,-2,24509,27485,15217,3243,300516,300517,300513,300514,0,0,0,0
1790616849.606302,-5,2,-2,-2,24512,27497,15223,3243,300546,300547,300543,300544,0,0,0,0
1790616849.650931,2,4,3,-4,24515,27510,15231,3242,300576,300577,300573,300574,0,0,0,0
1790616849.706269,0,-2,-3,0,24517,27522,15238,3241,300606,300607,300603,300604,0,0,0,0
1790616849.748681,24,-2,-7,1,24520,27530,15242,3239,300636,300637,300633,300634,0,0,0,0
1790616849.826356,-1,4,0,0,24528,27543,15247,3242,300666,300667,300663,300664,0,0,0,0
1790616849.8667269,-2,5,-1,7,24533,27554,15251,3243,300696,300697,300693,300694,0,0,0,0
1790616849.9264052,1,1,2,0,24538,27565,15257,3242,300726,300727,300723,300724,0,0,0,0
1790616849.9880772,-4,2,-1,-5,24541,27576,15263,3241,300756,300757,300753,300754,0,0,0,0
1790616850.026724,0,7,-4,2,24548,27590,15268,3243,300786,300787,300783,300784,0,0,0,0
1790616850.089192,2,1,-3,-6,24558,27617,15282,3241,300846,300847,300843,300844,0,0,0,0
1790616850.148648,-3,-3,-3,-1,24560,27634,15290,3239,300876,300877,300873,300874,0,0,0,0
1790616850.206364,-1,-1,-3,-3,24562,27649,15299,3236,300906,300907,300903,300904,0,0,0,0
1790616850.266793,-8,2,-4,1,24566,27665,15308,3233,300936,300937,300933,300934,0,0,0,0
1790616850.306468,1,4,-2,-4,24571,27679,15317,3232,300966,300967,300963,300964,0,0,0,0
1790616850.3875468,-4,1,-3,2,24578,27687,15321,3233,300996,300997,300993,300994,0,0,0,0
1790616850.4264598,0,-2,3,1,24585,27700,15327,3235,301026,301027,301023,301024,0,0,0,0
1790616850.488066,-2,3,-7,-2,24593,27717,15336,3236,301056,301057,301053,301054,0,0,0,0
1790616850.526664,-3,2,2,-3,24596,27733,15349,3234,301086,301087,301083,301084,0,0,0,0
1790616850.587382,-3,-4,-1,-3,24598,27748,15357,3233,301116,301117,301113,301114,0,0,0,0
1790616850.626625,-1,-3,-2,-2,24602,27760,15363,3232,301146,301147,301143,301144,0,0,0,0
1790616850.686242,-2,-1,-11,1,24609,27769,15368,3232,301176,301177,301173,301174,0,0,0,0
1790616850.7473989,-5,-2,-2,-1,24615,27791,15384,3231,301236,301237,301233,301234,0,0,0,0
1790616850.806474,-2,-1,-1,-1,24619,27799,15390,3231,301266,301267,301263,301264,0,0,0,0
1790616850.866889,-1,-3,-2,-5,24626,27808,15397,3231,301296,301297,301293,301294,0,0,0,0
1790616850.906719,2,-3,3,-5,24632,27822,15404,3232,301326,301327,301323,301324,0,0,0,0
1790616850.9674969,-4,0,-1,-2,24635,27836,15415,3230,301356,301357,301353,301354,0,0,0,0
1790616851.0077178,-3,-2,-6,2,24631,27850,15424,3225,301386,301387,301383,301384,0,0,0,0
1790616851.0673192,1,-4,-3,4,24631,27857,15433,3220,301416,301417,301413,301414,0,0,0,0
1790616851.127408,-2,-4,-3,-2,24634,27869,15441,3219,301446,301447,301443,301444,0,0,0,0
1790616851.167536,-2,-2,-2,-4,24633,27880,15449,3217,301476,301477,301473,301474,0,0,0,0
1790616851.228599,-1,0,-4,-3,24632,27892,15460,3212,301506,301507,301503,301504,0,0,0,0
1790616851.288697,1,1,-2,-3,24632,27902,15470,3210,301536,301537,301533,301534,0,0,0,0
1790616851.327657,-3,6,-2,2,24634,27916,15480,3207,301566,301567,301563,301564,0,0,0,0
1790616851.387268,-4,2,-4,-8,24638,27935,15498,3208,301596,301597,301593,301594,0,0,0,0
1790616851.4502962,0,1,-2,1,24639,27949,15511,3205,301626,301627,301623,301624,0,0,0,0
1790616851.487653,-1,1,-1,-3,24649,27977,15538,3208,301686,301687,301683,301684,0,0,0,0
1790616851.5500832,-2,2,1,5,24651,27986,15549,3208,301716,301717,301713,301714,0,0,0,0
1790616851.609164,2,-2,-1,-4,24651,28003,15566,3206,301746,301747,301743,301744,0,0,0,0
1790616851.6684,0,-6,3,-4,24654,28021,15586,3204,301776,301777,301773,301774,0,0,0,0
1790616851.728401,-2,-14,-2,2,24653,28038,15605,3202,301806,301807,301803,301804,0,0,0,0
1790616851.788309,-6,-2,0,-3,24647,28056,15623,3195,301836,301837,301833,301834,0,0,0,0
1790616851.848127,-4,1,3,1,24644,28096,15666,3190,301896,301897,301893,301894,0,0,0,0
1790616851.91012,0,1,4,1,24642,28118,15691,3188,301926,301927,301923,301924,0,0,0,0
1790616851.9511511,0,3,1,-4,24635,28138,15715,3182,301956,301957,301953,301954,0,0,0,0
1790616852.009671,0,-2,3,-3,24628,28161,15741,3176,301986,301987,301983,301984,0,0,0,0
1790616852.0487192,0,3,2,-5,24621,28185,15768,3170,302016,302017,302013,302014,0,0,0,0
1790616852.110749,2,-1,18,0,24614,28207,15800,3163,302046,302047,302043,302044,0,0,0,0
1790616852.168361,3,5,-2,0,24604,28236,15832,3154,302076,302077,302073,302074,0,0,0,0
1790616852.228446,-3,3,3,-8,24594,28261,15862,3145,302106,302107,302103,302104,0,0,0,0
1790616852.288624,4,3,2,0,24571,28314,15929,3131,302166,302167,302163,302164,0,0,0,0
1790616852.350535,-2,-2,0,-2,24559,28341,15962,3123,302196,302197,302193,302194,0,0,0,0
1790616852.410805,-3,1,-2,-3,24553,28363,15991,3121,302226,302227,302223,302224,0,0,0,0
1790616852.468346,4,1,-2,0,24555,28376,16007,3123,302256,302257,302253,302254,0,0,0,0
1790616852.528289,-1,1,-2,0,24558,28387,16022,3127,302286,302287,302283,302284,0,0,0,0
1790616852.590229,2,-5,0,1,24560,28394,16029,3130,302316,302317,302313,302314,0,0,0,0
1790616852.648535,-4,-4,-4,3,24565,28407,16044,3137,302376,302377,302373,302374,0,0,0,0
1790616852.6885152,-1,-3,-11,-1,24566,28415,16053,3139,302406,302407,302403,302404,0,0,0,0
1790616852.749181,-7,-7,1,-2,24566,28420,16058,3139,302436,302437,302433,302434,0,0,0,0
1790616852.78847,1,-3,1,-6,24569,28425,16063,3140,302466,302467,302463,302464,0,0,0,0
1790616852.8484218,1,-4,-1,-4,24570,28430,16066,3141,302496,302497,302493,302494,0,0,0,0
1790616852.9103029,1,-5,1,-1,24569,28434,16073,3141,302526,302527,302523,302524,0,0,0,0
1790616852.948462,-2,-3,2,-1,24571,28442,16080,3144,302556,302557,302553,302554,0,0,0,0
1790616853.009086,-2,1,4,-3,24572,28446,16086,3145,302586,302587,302583,302584,0,0,0,0
1790616853.049552,-9,2,-4,-3,24572,28452,16094,3146,302616,302617,302613,302614,0,0,0,0
1790616853.109597,-1,-1,4,-5,24574,28461,16101,3148,302646,302647,302643,302644,0,0,0,0
1790616853.1684191,-3,-4,1,0,24573,28467,16109,3150,302676,302677,302673,302674,0,0,0,0
1790616853.209881,-4,-2,-1,-3,24571,28472,16114,3150,302706,302707,302703,302704,0,0,0,0
1790616853.2687092,-2,-5,-2,1,24571,28474,16118,3150,302736,302737,302733,302734,0,0,0,0
1790616853.3283699,-3,-1,3,2,24571,28479,16124,3149,302766,302767,302763,302764,0,0,0,0
1790616853.368457,-2,-3,-3,2,24572,28480,16126,3151,302796,302797,302793,302794,0,0,0,0
1790616853.4283662,0,-5,-1,1,24577,28484,16129,3155,302826,302827,302823,302824,0,0,0,0
1790616853.488349,0,0,-6,-3,24577,28486,16133,3157,302856,302857,302853,302854,0,0,0,0
1790616853.5283499,-1,0,-1,-3,24578,28493,16137,3158,302886,302887,302883,302884,0,0,0,0
1790616853.5887308,-5,1,2,-1,24576,28494,16142,3158,302916,302917,302913,302914,0,0,0,0
1790616853.648291,-4,1,2,5,24578,28496,16144,3161,302946,302947,302943,302944,0,0,0,0
1790616853.6884968,-1,1,0,1,24579,28507,16152,3162,303006,303007,303003,303004,0,0,0,0
1790616853.74913,-1,1,0,1,24579,28507,16152,3162,303006,303007,303003,303004,0,0,0,0
1790616853.788682,7,-6,1,2,24578,28518,16165,3163,303066,303067,303063,303064,0,0,0,0
1790616853.8483222,-4,-4,3,0,24582,28521,16169,3165,303096,303097,303093,303094,0,0,0,0
1790616853.88866,2,-4,0,0,24583,28525,16172,3168,303126,303127,303123,303124,0,0,0,0
1790616853.949043,-2,0,0,5,24584,28532,16177,3169,303156,303157,303153,303154,0,0,0,0
1790616853.988584,-4,-4,-2,-3,24583,28539,16184,3168,303186,303187,303183,303184,0,0,0,0
1790616854.04867,-1,-8,-27,-3,24581,28541,16186,3169,303216,303217,303213,303214,0,0,0,0
1790616854.1093178,0,-3,1,0,24583,28544,16191,3170,303246,303247,303243,303244,0,0,0,0
1790616854.148496,1,-4,6,1,24585,28552,16194,3172,303276,303277,303273,303274,0,0,0,0
1790616854.208641,3,0,-7,2,24585,28559,16201,3172,303306,303307,303303,303304,0,0,0,0
1790616854.2490299,-10,-2,0,-1,24587,28562,16208,3174,303336,303337,303333,303334,0,0,0,0
1790616854.30907,-18,-3,0,3,24589,28567,16212,3179,303366,303367,303363,303364,0,0,0,0
1790616854.34868,2,7,-3,1,24590,28571,16217,3181,303396,303397,303393,303394,0,0,0,0
1790616854.408413,0,1,4,0,24585,28575,16224,3181,303426,303427,303423,303424,0,0,0,0
1790616854.449434,-2,-4,4,3,24586,28580,16229,3179,303456,303457,303453,303454,0,0,0,0
1790616854.5086012,0,1,8,2,24587,28585,16232,3179,303486,303487,303483,303484,0,0,0,0
1790616854.5683048,-2,6,-2,1,24589,28593,16238,3182,303516,303517,303513,303514,0,0,0,0
1790616854.60868,-3,0,6,4,24589,28594,16241,3183,303546,303547,303543,303544,0,0,0,0
1790616854.668362,2,-1,1,-2,24590,28597,16243,3184,303576,303577,303573,303574,0,0,0,0
1790616854.711023,-1,-1,-1,5,24587,28604,16249,3183,303606,303607,303603,303604,0,0,0,0
1790616854.76848,-3,-2,-4,1,24588,28611,16257,3184,303636,303637,303633,303634,0,0,0,0
1790616854.830049,3,4,-3,1,24589,28612,16259,3187,303666,303667,303663,303664,0,0,0,0
1790616854.888305,-3,3,-2,1,24590,28614,16263,3189,303696,303697,303693,303694,0,0,0,0
1790616854.928374,-2,1,2,1,24588,28619,16268,3189,303726,303727,303723,303724,0,0,0,0
1790616854.9883971,5,1,0,-2,24586,28627,16275,3189,303756,303757,303753,303754,0,0,0,0
1790616855.0490382,-6,0,2,-1,24583,28633,16283,3187,303786,303787,303783,303784,0,0,0,0
1790616855.088494,0,3,0,-2,24579,28646,16294,3184,303846,303847,303843,303844,0,0,0,0
1790616855.148405,1,0,1,3,24581,28651,16300,3184,303876,303877,303873,303874,0,0,0,0
1790616855.208519,-1,4,7,2,24585,28652,16301,3186,303906,303907,303903,303904,0,0,0,0
1790616855.248289,3,-1,1,1,24586,28655,16304,3190,303936,303937,303933,303934,0,0,0,0
1790616855.3081548,0,-1,-1,0,24583,28659,16308,3187,303966,303967,303963,303964,0,0,0,0
1790616855.36841,0,-4,1,5,24581,28671,16314,3185,303996,303997,303993,303994,0,0,0,0
1790616855.425552,0,0,5,-2,24581,28677,16319,3183,304026,304027,304023,304024,0,0,0,0
1790616855.4699771,1,8,6,2,24585,28681,16322,3185,304056,304057,304053,304054,0,0,0,0
1790616855.52998,-2,-2,2,-1,24589,28684,16324,3189,304086,304087,304083,304084,0,0,0,0
1790616855.588332,1,-1,-2,1,24592,28689,16327,3190,304116,304117,304113,304114,0,0,0,0
1790616855.63009,0,-1,1,-5,24593,28696,16329,3191,304146,304147,304143,304144,0,0,0,0
1790616855.688441,4,4,5,4,24595,28700,16334,3193,304176,304177,304173,304174,0,0,0,0
1790616855.7299619,-6,5,1,0,24595,28703,16337,3193,304206,304207,304203,304204,0,0,0,0
1790616855.788336,1,3,1,4,24595,28709,16345,3194,304236,304237,304233,304234,0,0,0,0
1790616855.848981,40,4,0,-1,24595,28712,16349,3193,304266,304267,304263,304264,0,0,0,0
1790616855.888302,-3,1,2,-2,24596,28726,16357,3194,304326,304327,304323,304324,0,0,0,0
1790616855.948868,-3,1,2,-2,24596,28726,16357,3194,304326,304327,304323,304324,0,0,0,0
1790616855.98832,3,4,0,1,24593,28739,16370,3194,304386,304387,304383,304384,0,0,0,0
1790616856.0484328,-2,2,-2,1,24593,28745,16377,3194,304416,304417,304413,304414,0,0,0,0
1790616856.109057,-1,0,2,0,24592,28753,16384,3194,304446,304447,304443,304444,0,0,0,0
1790616856.169452,-3,2,-2,-3,24595,28760,16391,3194,304476,304477,304473,304474,0,0,0,0
1790616856.2283368,-3,-2,5,4,24597,28767,16395,3196,304506,304507,304503,304504,0,0,0,0
1790616856.2704089,1,-1,2,0,24600,28771,16399,3199,304536,304537,304533,304534,0,0,0,0
1790616856.328406,0,-2,-1,3,24601,28777,16405,3200,304566,304567,304563,304564,0,0,0,0
1790616856.388217,2,3,1,-2,24601,28789,16415,3200,304596,304597,304593,304594,0,0,0,0
1790616856.428415,1,3,5,0,24600,28798,16422,3198,304626,304627,304623,304624,0,0,0,0
1790616856.488359,0,5,1,1,24596,28808,16433,3196,304656,304657,304653,304654,0,0,0,0
1790616856.529813,0,2,0,1,24593,28818,16443,3194,304686,304687,304683,304684,0,0,0,0
1790616856.588481,1,2,1,5,24594,28838,16461,3193,304746,304747,304743,304744,0,0,0,0
1790616856.648364,0,2,0,0,24597,28845,16467,3197,304776,304777,304773,304774,0,0,0,0
1790616856.7097971,1,-3,-3,-1,24600,28850,16472,3198,304806,304807,304803,304804,0,0,0,0
1790616856.7484071,-5,-22,-3,-3,24601,28858,16479,3198,304836,304837,304833,304834,0,0,0,0
1790616856.808872,-3,0,3,1,24598,28867,16488,3197,304866,304867,304863,304864,0,0,0,0
1790616856.872212,-2,1,-1,4,24594,28879,16501,3194,304896,304897,304893,304894,0,0,0,0
1790616856.928392,2,2,-1,-6,24592,28889,16514,3192,304926,304927,304923,304924,0,0,0,0
1790616856.9707031,3,-3,0,1,24596,28896,16522,3194,304956,304957,304953,304954,0,0,0,0
1790616857.028468,1,-3,0,-3,24601,28900,16527,3200,304986,304987,304983,304984,0,0,0,0
1790616857.088247,-1,3,-6,-4,24606,28904,16531,3205,305016,305017,305013,305014,0,0,0,0
1790616857.1284292,-5,-4,-1,2,24603,28910,16539,3203,305046,305047,305043,305044,0,0,0,0
1790616857.1886988,0,4,7,1,24599,28916,16549,3201,305076,305077,305073,305074,0,0,0,0
1790616857.248158,-3,2,10,-1,24600,28922,16556,3202,305106,305107,305103,305104,0,0,0,0
1790616857.2884889,0,-8,4,-1,24601,28938,16576,3205,305166,305167,305163,305164,0,0,0,0
1790616857.349466,-4,1,3,-2,24602,28946,16588,3207,305196,305197,305193,305194,0,0,0,0
1790616857.4092128,-7,1,3,0,24600,28957,16601,3207,305226,305227,305223,305224,0,0,0,0
1790616857.448653,-1,3,1,0,24596,28967,16614,3205,305256,305257,305253,305254,0,0,0,0
1790616857.508896,-4,-2,-2,-1,24594,28975,16627,3206,305286,305287,305283,305284,0,0,0,0
1790616857.5693388,-10,-5,-1,0,24594,28978,16636,3208,305316,305317,305313,305314,0,0,0,0
1790616857.6083682,0,0,4,-1,24597,28978,16641,3213,305346,305347,305343,305344,0,0,0,0
1790616857.669496,-1,-1,-1,-1,24599,28978,16643,3216,305376,305377,305373,305374,0,0,0,0
1790616857.708364,-3,-2,1,-2,24601,28979,16644,3218,305406,305407,305403,305404,0,0,0,0
1790616857.76998,-7,1,-5,-5,24599,28980,16646,3219,305436,305437,305433,305434,0,0,0,0
1790616857.829103,-2,-2,0,-3,24595,28983,16651,3216,305466,305467,305463,305464,0,0,0,0
1790616857.8882911,-3,-4,-1,2,24595,28989,16661,3218,305496,305497,305493,305494,0,0,0,0
1790616857.928577,2,-1,-1,-2,24596,28995,16667,3220,305526,305527,305523,305524,0,0,0,0
1790616857.988482,-3,2,-2,-1,24596,28999,16676,3222,305556,305557,305553,305554,0,0,0,0
1790616858.028548,-2,-4,-6,4,24596,29005,16682,3224,305586,305587,305583,305584,0,0,0,0
1790616858.088707,-4,-5,-5,-2,24599,29010,16693,3228,305616,305617,305613,305614,0,0,0,0
1790616858.128782,-1,-2,-2,-6,24598,29011,16701,3233,305646,305647,305643,305644,0,0,0,0
1790616858.1887722,1,1,1,-2,24598,29017,16708,3231,305676,305677,305673,305674,0,0,0,0
1790616858.2483342,-4,-2,-1,-1,24593,29030,16725,3230,305736,305737,305733,305734,0,0,0,0
1790616858.311779,-1,-1,-2,-4,24589,29041,16737,3228,305766,305767,305763,305764,0,0,0,0
1790616858.369855,0,0,5,0,24588,29044,16743,3226,305796,305797,305793,305794,0,0,0,0
1790616858.408395,-1,0,-3,1,24592,29049,16750,3232,305826,305827,305823,305824,0,0,0,0
1790616858.4682,-1,-1,-4,-5,24595,29056,16757,3236,305856,305857,305853,305854,0,0,0,0
1790616858.528425,3,-4,-2,0,24595,29059,16762,3235,305886,305887,305883,305884,0,0,0,0
1790616858.569806,-1,3,-4,3,24596,29062,16766,3237,305916,305917,305913,305914,0,0,0,0
1790616858.628342,-2,-3,-5,-6,24597,29067,16776,3242,305946,305947,305943,305944,0,0,0,0
1790616858.6687381,-3,-3,0,1,24594,29075,16784,3239,305976,305977,305973,305974,0,0,0,0
1790616858.728253,-6,-2,1,-4,24591,29080,16790,3235,306006,306007,306003,306004,0,0,0,0
1790616858.788296,1,2,1,-2,24592,29083,16795,3239,306036,306037,306033,306034,0,0,0,0
1790616858.828459,1,5,0,5,24597,29084,16796,3241,306066,306067,306063,306064,0,0,0,0
1790616858.8882391,-2,2,-5,0,24597,29086,16797,3244,306096,306097,306093,306094,0,0,0,0
1790616858.9286149,-3,-5,-2,-1,24599,29095,16808,3245,306126,306127,306123,306124,0,0,0,0
1790616858.98841,1,-4,-4,-1,24594,29101,16817,3241,306156,306157,306153,306154,0,0,0,0
1790616859.0481222,0,0,2,1,24594,29107,16825,3244,306186,306187,306183,306184,0,0,0,0
1790616859.108224,0,0,-1,-1,24599,29115,16836,3248,306246,306247,306243,306244,0,0,0,0
1790616859.148492,-2,0,0,-4,24597,29122,16844,3248,306276,306277,306273,306274,0,0,0,0
1790616859.208181,6,4,-7,2,24592,29128,16852,3245,306306,306307,306303,306304,0,0,0,0
1790616859.269008,3,-1,1,1,24587,29135,16863,3243,306336,306337,306333,306334,0,0,0,0
1790616859.331303,3,4,0,7,24584,29141,16867,3241,306366,306367,306363,306364,0,0,0,0
1790616859.389753,0,-3,-3,2,24587,29148,16876,3246,306426,306427,306423,306424,0,0,0,0
1790616859.448352,0,1,-1,-1,24592,29148,16876,3250,306456,306457,306453,306454,0,0,0,0
1790616859.509055,2,2,-1,-6,24596,29149,16882,3255,306486,306487,306483,306484,0,0,0,0
1790616859.5484521,1,-3,-1,-1,24595,29154,16890,3257,306516,306517,306513,306514,0,0,0,0
1790616859.6088939,-1,-1,-1,1,24593,29161,16899,3257,306546,306547,306543,306544,0,0,0,0
1790616859.669066,6,0,0,0,24590,29166,16906,3255,306576,306577,306573,306574,0,0,0,0
1790616859.709697,-4,2,2,1,24587,29173,16916,3254,306606,306607,306603,306604,0,0,0,0
1790616859.772769,2,-1,0,-2,24587,29177,16923,3255,306636,306637,306633,306634,0,0,0,0
1790616859.831676,-4,-7,-3,0,24589,29177,16925,3258,306666,306667,306663,306664,0,0,0,0
1790616859.8884742,-2,2,-3,-1,24594,29180,16930,3265,306726,306727,306723,306724,0,0,0,0
1790616859.9482722,-1,4,-3,1,24593,29185,16934,3264,306756,306757,306753,306754,0,0,0,0
1790616859.9884422,-9,-2,-3,0,24590,29189,16942,3263,306786,306787,306783,306784,0,0,0,0
1790616860.048404,-7,-2,3,-1,24589,29193,16947,3263,306816,306817,306813,306814,0,0,0,0
1790616860.108906,0,4,-7,-2,24592,29194,16951,3268,306846,306847,306843,306844,0,0,0,0
1790616860.168131,3,1,0,-2,24595,29197,16956,3273,306876,306877,306873,306874,0,0,0,0
1790616860.229481,1,2,0,-3,24596,29201,16964,3274,306906,306907,306903,306904,0,0,0,0
1790616860.288387,-2,-3,-3,-1,24594,29204,16971,3275,306936,306937,306933,306934,0,0,0,0
1790616860.329705,-3,1,-4,-6,24597,29210,16980,3278,306966,306967,306963,306964,0,0,0,0
1790616860.3883169,3,-4,1,-3,24595,29213,16984,3279,306996,306997,306993,306994,0,0,0,0
1790616860.448164,-3,1,0,-3,24595,29218,16992,3281,307026,307027,307023,307024,0,0,0,0
1790616860.4885702,1,1,-5,-4,24596,29221,16998,3283,307086,307087,307083,307084,0,0,0,0
1790616860.548138,1,2,-3,0,24599,29220,16998,3287,307116,307117,307113,307114,0,0,0,0
1790616860.608393,-2,-1,-1,-3,24601,29223,17001,3290,307146,307147,307143,307144,0,0,0,0
1790616860.648302,-7,3,-4,-4,24597,29229,17009,3288,307176,307177,307173,307174,0,0,0,0
1790616860.708205,-6,1,3,0,24594,29237,17019,3286,307206,307207,307203,307204,0,0,0,0
1790616860.749038,-4,-4,-5,-2,24591,29243,17026,3284,307236,307237,307233,307234,0,0,0,0
1790616860.830837,-6,2,-6,-1,24592,29248,17033,3287,307266,307267,307263,307264,0,0,0,0
1790616860.869279,-2,-1,-4,-1,24594,29251,17038,3290,307296,307297,307293,307294,0,0,0,0
1790616860.9304378,4,-1,2,-1,24595,29253,17045,3294,307326,307327,307323,307324,0,0,0,0
1790616860.98809,-1,-2,-1,-3,24597,29259,17054,3299,307356,307357,307353,307354,0,0,0,0
1790616861.028482,-5,-3,-4,2,24595,29267,17060,3297,307386,307387,307383,307384,0,0,0,0
1790616861.088387,0,0,-1,-2,24594,29281,17081,3303,307446,307447,307443,307444,0,0,0,0
1790616861.1482098,-3,0,-3,-2,24595,29287,17090,3305,307476,307477,307473,307474,0,0,0,0
1790616861.188434,1,2,-3,-2,24594,29291,17097,3308,307506,307507,307503,307504,0,0,0,0
1790616861.248422,-1,-2,-1,-1,24594,29298,17105,3310,307536,307537,307533,307534,0,0,0,0
1790616861.3087978,-1,-1,-1,-7,24594,29301,17110,3311,307566,307567,307563,307564,0,0,0,0
1790616861.3705442,3,-1,-1,0,24595,29303,17115,3315,307596,307597,307593,307594,0,0,0,0
1790616861.40832,-4,-2,2,-6,24600,29306,17118,3319,307626,307627,307623,307624,0,0,0,0
1790616861.468999,-4,-4,-1,0,24601,29309,17120,3320,307656,307657,307653,307654,0,0,0,0
1790616861.529103,-1,-2,-1,-11,24601,29312,17126,3320,307686,307687,307683,307684,0,0,0,0
1790616861.588484,1,1,0,-6,24602,29319,17130,3322,307716,307717,307713,307714,0,0,0,0
1790616861.629963,-6,2,-5,-4,24600,29323,17134,3321,307746,307747,307743,307744,0,0,0,0
1790616861.6882958,-2,2,0,0,24604,29333,17142,3323,307776,307777,307773,307774,0,0,0,0
1790616861.729853,-1,-6,-1,-6,24603,29336,17145,3322,307806,307807,307803,307804,0,0,0,0
1790616861.78827,-1,-2,-1,-3,24603,29337,17147,3323,307836,307837,307833,307834,0,0,0,0
1790616861.8484359,-3,-2,0,-2,24603,29344,17155,3322,307896,307897,307893,307894,0,0,0,0
1790616861.890007,2,1,-1,-1,24602,29350,17161,3321,307926,307927,307923,307924,0,0,0,0
1790616861.9491541,-4,-1,-2,-6,24602,29353,17164,3323,307956,307957,307953,307954,0,0,0,0
1790616862.0083299,-1,-1,-3,-1,24605,29357,17169,3326,307986,307987,307983,307984,0,0,0,0
1790616862.0689359,-2,-2,2,1,24607,29360,17173,3327,308016,308017,308013,308014,0,0,0,0
1790616862.111168,0,-4,0,0,24604,29364,17179,3328,308046,308047,308043,308044,0,0,0,0
1790616862.168467,-3,2,0,-1,24600,29371,17187,3326,308076,308077,308073,308074,0,0,0,0
1790616862.20849,0,21,-2,3,24599,29378,17194,3326,308106,308107,308103,308104,0,0,0,0
1790616862.288716,-5,6,-3,-2,24600,29386,17200,3326,308136,308137,308133,308134,0,0,0,0
1790616862.329345,-1,-5,0,5,24598,29394,17209,3326,308166,308167,308163,308164,0,0,0,0
1790616862.3882492,1,3,2,-3,24601,29401,17213,3327,308196,308197,308193,308194,0,0,0,0
1790616862.429527,-4,5,6,-1,24608,29404,17217,3334,308226,308227,308223,308224,0,0,0,0
1790616862.488441,-4,-4,-5,-2,24612,29407,17220,3336,308256,308257,308253,308254,0,0,0,0
1790616862.548469,0,-2,-1,-1,24611,29414,17224,3335,308286,308287,308283,308284,0,0,0,0
1790616862.5882292,-6,-1,2,0,24613,29424,17234,3336,308346,308347,308343,308344,0,0,0,0
1790616862.6487072,-1,-4,2,-2,24619,29434,17239,3339,308376,308377,308373,308374,0,0,0,0
1790616862.708139,-1,-1,-5,-4,24620,29445,17249,3342,308406,308407,308403,308404,0,0,0,0
1790616862.748363,-3,-1,-1,-1,24616,29451,17255,3338,308436,308437,308433,308434,0,0,0,0
1790616862.80849,-1,0,-4,0,24621,29460,17262,3340,308466,308467,308463,308464,0,0,0,0
1790616862.869557,-4,-7,0,-3,24624,29464,17265,3344,308496,308497,308493,308494,0,0,0,0
1790616862.928423,-5,-2,-1,0,24628,29479,17273,3347,308526,308527,308523,308524,0,0,0,0
1790616862.968315,-1,7,3,-1,24650,29519,17296,3360,308556,308557,308553,308554,0,0,0,0
1790616863.029242,1,2,-2,4,24698,29583,17344,3395,308586,308587,308583,308584,0,0,0,0
1790616863.0692759,3,-3,5,0,24683,29596,17355,3383,308616,308617,308613,308614,0,0,0,0
1790616863.130079,0,-5,-2,-4,24667,29614,17368,3367,308646,308647,308643,308644,0,0,0,0
1790616863.1882591,0,0,4,-4,24662,29633,17381,3358,308676,308677,308673,308674,0,0,0,0
1790616863.229655,5,-4,5,-4,24653,29643,17390,3354,308706,308707,308703,308704,0,0,0,0
1790616863.289553,-2,3,0,-2,24648,29658,17402,3349,308766,308767,308763,308764,0,0,0,0
1790616863.349157,-1,2,3,-2,24647,29656,17403,3350,308796,308797,308793,308794,0,0,0,0
1790616863.409172,1,1,0,-7,24650,29650,17401,3353,308826,308827,308823,308824,0,0,0,0
1790616863.449522,-5,-6,-2,0,24655,29651,17400,3356,308856,308857,308853,308854,0,0,0,0
1790616863.5095391,-4,-8,-4,0,24655,29654,17402,3354,308886,308887,308883,308884,0,0,0,0
1790616863.5499892,4,-3,-2,3,24651,29659,17405,3350,308916,308917,308913,308914,0,0,0,0
1790616863.6096041,-3,1,3,0,24651,29666,17410,3350,308946,308947,308943,308944,0,0,0,0
1790616863.649377,-1,-1,-3,-1,24649,29669,17414,3350,308976,308977,308973,308974,0,0,0,0
1790616863.709263,1,0,-5,-1,24649,29670,17418,3353,309006,309007,309003,309004,0,0,0,0
1790616863.749574,-2,-5,2,-1,24652,29678,17422,3355,309036,309037,309033,309034,0,0,0,0
1790616863.829261,-2,2,-1,-1,24655,29681,17425,3356,309066,309067,309063,309064,0,0,0,0
1790616863.8695538,-2,-4,-5,2,24656,29684,17428,3356,309096,309097,309093,309094,0,0,0,0
1790616863.929394,1,0,-3,-5,24654,29692,17431,3354,309126,309127,309123,309124,0,0,0,0
1790616863.969524,-4,1,4,-4,24651,29698,17438,3352,309156,309157,309153,309154,0,0,0,0
1790616864.029871,-3,1,-2,2,24653,29708,17443,3351,309186,309187,309183,309184,0,0,0,0
1790616864.071606,-5,-6,-3,2,24652,29711,17448,3354,309216,309217,309213,309214,0,0,0,0
1790616864.131247,-6,-5,1,-2,24660,29721,17452,3358,309246,309247,309243,309244,0,0,0,0
1790616864.190273,-3,-5,2,-1,24658,29728,17458,3358,309276,309277,309273,309274,0,0,0,0
1790616864.2493818,-1,-2,-11,1,24657,29738,17466,3355,309306,309307,309303,309304,0,0,0,0
1790616864.2908301,-1,-10,1,1,24652,29756,17480,3350,309366,309367,309363,309364,0,0,0,0
1790616864.3493068,-6,-8,0,1,24654,29769,17485,3348,309396,309397,309393,309394,0,0,0,0
1790616864.409312,-11,1,-1,2,24659,29778,17492,3353,309426,309427,309423,309424,0,0,0,0
1790616864.449499,4,-3,-7,-8,24665,29783,17495,3354,309456,309457,309453,309454,0,0,0,0
1790616864.5092962,3,-9,-1,1,24662,29784,17497,3354,309486,309487,309483,309484,0,0,0,0
1790616864.549561,-1,-5,-2,-6,24660,29791,17501,3352,309516,309517,309513,309514,0,0,0,0
1790616864.609146,-4,-8,-5,0,24662,29797,17507,3352,309546,309547,309543,309544,0,0,0,0
1790616864.669041,-3,-6,-1,3,24661,29805,17510,3352,309576,309577,309573,309574,0,0,0,0
1790616864.730222,-1,0,-1,5,24659,29810,17514,3350,309606,309607,309603,309604,0,0,0,0
1790616864.792869,-5,-2,4,1,24662,29822,17520,3351,309636,309637,309633,309634,0,0,0,0
1790616864.849271,-1,-5,0,-1,24657,29834,17529,3343,309666,309667,309663,309664,0,0,0,0
1790616864.8935308,1,1,0,0,24654,29862,17545,3335,309726,309727,309723,309724,0,0,0,0
1790616864.949207,-4,-2,1,-6,24661,29870,17549,3339,309756,309757,309753,309754,0,0,0,0
1790616865.009181,-3,-3,5,-3,24666,29876,17552,3342,309786,309787,309783,309784,0,0,0,0
1790616865.049409,1,-4,-1,-6,24667,29884,17556,3339,309816,309817,309813,309814,0,0,0,0
1790616865.109396,1,5,-2,-3,24671,29896,17563,3337,309846,309847,309843,309844,0,0,0,0
1790616865.149698,-1,4,-1,2,24706,29946,17585,3357,309876,309877,309873,309874,0,0,0,0
1790616865.209483,-1,0,0,-1,24777,30028,17619,3371,309906,309907,309903,309904,0,0,0,0
1790616865.269217,3,-2,1,0,24762,30044,17632,3357,309936,309937,309933,309934,0,0,0,0
1790616865.329462,1,-1,1,-2,24749,30062,17645,3341,309966,309967,309963,309964,0,0,0,0
1790616865.3693812,-2,-3,0,0,24743,30074,17657,3338,309996,309997,309993,309994,0,0,0,0
